scenario,planner,seed,steps,duration_s,planning_safety_margin_m,mean_snr_db,min_snr_db,mean_outage_probability,mean_ber_model,mean_goodput_bps_model,path_length_m,progress_m,min_target_distance_m,min_realized_ttc_s,min_static_obstacle_clearance_m,static_clearance_violation_steps,static_clearance_violation_indicator,collision_indicator,collision_steps,first_collision_step,first_collision_time_s,no_candidate_steps,first_no_candidate_step,zero_candidate_after_static_steps,zero_candidate_after_dynamic_steps,candidate_evaluations,candidate_road_rejections,candidate_speed_rejections,candidate_static_rejections,candidate_dynamic_rejections,candidate_feasible,prediction_ade_m,prediction_fde_m,measured_optical_link
following_lateral_offset,P0,9000,40,4.0,3.0,17.05491526701855,13.142446225650026,0.016390964435796858,1.9338670195953448e-11,999999999.9806614,35.415000000000006,35.415000000000006,4.793977993274473,1.7267281154049283,inf,0,0,0,0,-1,inf,1,1,0,1,6080,0,0,0,2060,4020,1.8225331140428995,4.157889384919348,False
following_lateral_offset,P1,9000,40,4.0,3.0,17.076900250428487,13.234315560096524,0.016063594381570817,1.3187657989799031e-11,999999999.9868124,35.390000000000015,35.390000000000015,4.817893730666946,1.7747465529972328,inf,0,0,0,0,-1,inf,1,1,0,1,6080,0,0,0,2018,4062,1.8225331140428995,4.157889384919348,False
following_lateral_offset,P2,9000,40,4.0,3.0,19.039179777920094,16.137508032910766,0.0053356456052565835,2.0668687540366234e-20,1000000000.0,35.235000000000014,35.22507785953614,4.874026980551563,1.7267281154049283,inf,0,0,0,0,-1,inf,1,1,0,1,6080,425,0,0,1669,3986,1.8225331140428995,4.157889384919348,False
following_lateral_offset,P3,9000,40,4.0,3.0,17.598236684016957,14.648186489237158,0.010226067519843689,2.9590834205748723e-15,999999999.9999969,35.29500000000001,35.292969149634025,4.884319357679332,1.7267281154049283,inf,0,0,0,0,-1,inf,1,1,0,1,6080,95,0,0,1943,4042,1.8225331140428995,4.157889384919348,False
following_lateral_offset,P4,9000,40,4.0,3.0,19.16066294136106,16.137508032910766,0.005316345661469671,2.0668687540366234e-20,1000000000.0,35.18600000000001,35.17086295064481,4.917153780754019,1.7267281154049283,inf,0,0,0,0,-1,inf,1,1,0,1,6080,469,0,0,1636,3975,1.8225331140428995,4.157889384919348,False
following_lateral_offset,P0,9001,40,4.0,3.0,15.848130291503395,3.882074890278872,0.11287246985265771,0.002373225681098197,997626774.3189018,35.69166666666667,35.68758811423476,4.583894216642044,1.4409523909794497,inf,0,0,0,0,-1,inf,2,1,0,2,6080,136,0,0,2114,3830,1.8669593561435256,4.219168712727196,False
following_lateral_offset,P1,9001,40,4.0,3.0,16.58258683734237,8.682927593269905,0.03852907346322505,7.883019874223402e-06,999992116.9801258,35.665,35.66392342609584,4.570778019964928,1.4385221773418717,inf,0,0,0,0,-1,inf,1,1,0,1,6080,53,0,0,2133,3894,1.8669593561435256,4.219168712727196,False
following_lateral_offset,P2,9001,40,4.0,3.0,17.167633084585916,12.832022831792367,0.016693291232033468,9.437147716269271e-11,999999999.9056286,35.685,35.683565664913516,4.5184045946883655,1.4361048756233235,inf,0,0,0,0,-1,inf,3,1,0,3,6080,81,0,0,2239,3760,1.8669593561435256,4.219168712727196,False
following_lateral_offset,P3,9001,40,4.0,3.0,17.167633084585916,12.832022831792367,0.016693291232033468,9.437147716269271e-11,999999999.9056286,35.685,35.683565664913516,4.5184045946883655,1.4361048756233235,inf,0,0,0,0,-1,inf,3,1,0,3,6080,81,0,0,2239,3760,1.8669593561435256,4.219168712727196,False
following_lateral_offset,P4,9001,40,4.0,3.0,15.980915659896038,4.2978496639443975,0.1071239749896566,0.0018258473241037447,998174152.6758963,35.69166666666667,35.6868491111048,4.577584544498134,1.4361048756233235,inf,0,0,0,0,-1,inf,2,1,0,2,6080,163,0,0,2116,3801,1.8669593561435256,4.219168712727196,False
following_lateral_offset,P0,9002,40,4.0,3.0,17.1562341213534,13.676923174495897,0.014483210221729515,1.1556258080305747e-12,999999999.9988445,35.26200000000002,35.26200000000002,4.9405104999382194,1.8314285824197778,inf,0,0,0,0,-1,inf,1,1,0,1,6080,0,0,0,1858,4222,1.8277397465175511,4.094309413166095,False
following_lateral_offset,P1,9002,40,4.0,3.0,18.027665813833405,15.604481543367335,0.007897835430386888,2.2488541715703695e-18,1000000000.0,35.26200000000002,35.25801332911779,4.8922889975168475,1.8314285824197778,inf,0,0,0,0,-1,inf,1,1,0,1,6080,173,0,0,1771,4136,1.8277397465175511,4.094309413166095,False
following_lateral_offset,P2,9002,40,4.0,3.0,19.198467464730395,16.137508032910766,0.004913297532410231,2.0668687316801003e-20,1000000000.0,35.152,35.144264092232916,4.95355185390972,1.7419625341596097,inf,0,0,0,0,-1,inf,1,1,0,1,6080,439,0,0,1538,4103,1.8277397465175511,4.094309413166095,False
following_lateral_offset,P3,9002,40,4.0,3.0,18.381259998339157,16.137508032910766,0.006561942853492065,2.077987626130699e-20,1000000000.0,35.152,35.147799383777205,4.996862093005504,1.7419625341596097,inf,0,0,0,0,-1,inf,1,1,0,1,6080,245,0,0,1625,4210,1.8277397465175511,4.094309413166095,False
following_lateral_offset,P4,9002,40,4.0,3.0,18.318533999522494,16.137508032910766,0.006669547864497279,2.1290025315931792e-20,1000000000.0,35.26200000000001,35.25762456486967,4.87962190394002,1.8314285824197778,inf,0,0,0,0,-1,inf,1,1,0,1,6080,236,0,0,1707,4137,1.8277397465175511,4.094309413166095,False
following_lateral_offset,P0,9003,40,4.0,3.0,16.880286579444753,12.668035309730229,0.020542377692302514,3.17115360412139e-10,999999999.6828846,35.51666666666667,35.51666666666667,4.67774993393666,1.7303018229400355,inf,0,0,0,0,-1,inf,3,1,0,3,6080,0,0,0,2300,3780,1.9068996853727835,4.167308936891915,False
following_lateral_offset,P1,9003,40,4.0,3.0,16.80199381989589,12.137168173072691,0.023357817759413205,2.6063263316394253e-09,999999997.3936737,35.65000000000002,35.65000000000002,4.560219292972643,1.6246857257165663,inf,0,0,0,0,-1,inf,5,1,0,5,6080,0,0,0,2439,3641,1.9068996853727835,4.167308936891915,False
following_lateral_offset,P2,9003,40,4.0,3.0,17.919585229431075,15.098553483063576,0.008453405258142506,1.1744063224840605e-16,1000000000.0,35.44666666666669,35.443270835840565,4.701242899282679,1.6525660803671864,inf,0,0,0,0,-1,inf,3,1,0,3,6080,165,0,0,2088,3827,1.9068996853727835,4.167308936891915,False
following_lateral_offset,P3,9003,40,4.0,3.0,17.522707703862228,14.496120171168744,0.011500765009905545,1.827301772304463e-14,999999999.9999816,35.44666666666669,35.44476021362305,4.715090802444738,1.6525660803671864,inf,0,0,0,0,-1,inf,3,1,0,3,6080,99,0,0,2143,3838,1.9068996853727835,4.167308936891915,False
following_lateral_offset,P4,9003,40,4.0,3.0,19.40771551813453,16.137508032910766,0.00555833963667444,2.0688018581783702e-20,1000000000.0,35.42333333333335,35.39864448714418,4.651635785853468,1.6525660803671864,inf,0,0,0,0,-1,inf,3,1,0,3,6080,602,0,0,1710,3768,1.9068996853727835,4.167308936891915,False
following_lateral_offset,P0,9004,40,4.0,3.0,17.00348400418018,13.086433664917957,0.017363751189717676,2.6031809437612636e-11,999999999.9739681,35.43,35.43,4.77963387719185,1.752685725716569,inf,0,0,0,0,-1,inf,1,1,0,1,6080,0,0,0,1982,4098,1.8217073995019,4.047051677859335,False
following_lateral_offset,P1,9004,40,4.0,3.0,17.662307114596132,14.583977780099062,0.009927444870528851,4.654059674756769e-15,999999999.9999955,35.42333333333333,35.42042287481354,4.749834588564945,1.752685725716569,inf,0,0,0,0,-1,inf,1,1,0,1,6080,119,0,0,1892,4069,1.8217073995019,4.047051677859335,False
following_lateral_offset,P2,9004,40,4.0,3.0,17.126402636213097,8.777967238023638,0.03758309962530569,7.870667153308612e-06,999992129.3328466,35.330000000000005,35.32331912752552,4.883047347252159,1.6777202137355025,inf,0,0,0,0,-1,inf,1,1,0,1,6080,264,0,0,1709,4107,1.8217073995019,4.047051677859335,False
following_lateral_offset,P3,9004,40,4.0,3.0,17.01887501166475,8.582800769853126,0.04052331896193549,1.1219101013359976e-05,999988780.8989866,35.33,35.324060718196804,4.887868407970226,1.6777202137355025,inf,0,0,0,0,-1,inf,1,1,0,1,6080,234,0,0,1737,4109,1.8217073995019,4.047051677859335,False
following_lateral_offset,P4,9004,40,4.0,3.0,19.097822681033314,16.137508032910766,0.005485012263678722,2.0670827881472694e-20,1000000000.0,35.303333333333335,35.29035156704065,4.802068373961757,1.6777202137355025,inf,0,0,0,0,-1,inf,1,1,0,1,6080,449,0,0,1600,4031,1.8217073995019,4.047051677859335,False
following_lateral_offset,P0,9005,40,4.0,3.0,16.92982698732331,12.86863405777289,0.01932147008521614,1.3053698297729913e-10,999999999.869463,35.470000000000006,35.470000000000006,4.725481750867079,1.7446857257165702,inf,0,0,0,0,-1,inf,3,1,0,3,6080,0,0,0,2265,3815,1.7680371504148742,4.082494654630341,False
following_lateral_offset,P1,9005,40,4.0,3.0,17.351615775133578,13.561488796217404,0.012698633967487976,1.869109363184045e-12,999999999.9981308,35.47,35.468299150553186,4.710640231246366,1.7446857257165702,inf,0,0,0,0,-1,inf,3,1,0,3,6080,68,0,0,2210,3802,1.7680371504148742,4.082494654630341,False
following_lateral_offset,P2,9005,40,4.0,3.0,18.473435270725027,16.137508032910766,0.006339559086407059,2.0845275875543124e-20,1000000000.0,35.226000000000006,35.2214154565386,4.888706667584319,1.7445941528470545,inf,0,0,0,0,-1,inf,2,1,0,2,6080,275,0,0,1907,3898,1.7680371504148742,4.082494654630341,False
following_lateral_offset,P3,9005,40,4.0,3.0,18.24420029854523,13.550062850351996,0.008052040590402156,1.8261752446819758e-12,999999999.998174,35.32333333333336,35.31831673426929,4.802791693024534,1.7163118146075897,inf,0,0,0,0,-1,inf,2,1,0,2,6080,280,0,0,1935,3865,1.7680371504148742,4.082494654630341,False
following_lateral_offset,P4,9005,40,4.0,3.0,18.846172745552145,16.012208766936062,0.00651132994364893,8.072632180541936e-20,1000000000.0,35.260000000000005,35.245402010198426,4.816143374881036,1.7446857257165702,inf,0,0,0,0,-1,inf,2,1,0,2,6080,398,0,0,1791,3891,1.7680371504148742,4.082494654630341,False
following_lateral_offset,P0,9006,40,4.0,3.0,16.689928376048723,11.207677551375642,0.028784719140527742,5.341010497280233e-08,999999946.589895,35.85000000000001,35.85000000000001,4.379783099652302,1.6103401496625813,inf,0,0,0,0,-1,inf,4,1,0,4,6080,0,0,0,2407,3673,1.9421800103479252,4.437562231660171,False
following_lateral_offset,P1,9006,40,4.0,3.0,16.689928376048723,11.207677551375642,0.028784719140527742,5.341010497280233e-08,999999946.589895,35.85000000000001,35.85000000000001,4.379783099652302,1.6103401496625813,inf,0,0,0,0,-1,inf,4,1,0,4,6080,0,0,0,2407,3673,1.9421800103479252,4.437562231660171,False
following_lateral_offset,P2,9006,40,4.0,3.0,16.93047287121532,11.852974520599812,0.021549897839796637,5.438154964804762e-09,999999994.5618451,35.850000000000016,35.84895524860366,4.3657854103795755,1.6103401496625813,inf,0,0,0,0,-1,inf,4,1,0,4,6080,52,0,0,2355,3673,1.9421800103479252,4.437562231660171,False
following_lateral_offset,P3,9006,40,4.0,3.0,16.812039363408893,11.531489131710021,0.02497171745795803,1.7718197771619182e-08,999999982.2818024,35.850000000000016,35.84946697926617,4.372879365852673,1.6103401496625813,inf,0,0,0,0,-1,inf,4,1,0,4,6080,26,0,0,2381,3673,1.9421800103479252,4.437562231660171,False
following_lateral_offset,P4,9006,40,4.0,3.0,17.96933871028633,15.465069202317366,0.008296298432181336,1.0471130328758111e-17,1000000000.0,35.683333333333344,35.67966614152689,4.483682996409378,1.7227120430220424,inf,0,0,0,0,-1,inf,2,1,0,2,6080,201,0,0,2085,3794,1.9421800103479252,4.437562231660171,False
following_lateral_offset,P0,9007,40,4.0,3.0,16.785095708373255,11.85906503242591,0.023667629268084966,4.536062444797228e-09,999999995.4639375,35.72000000000001,35.72000000000001,4.5031544499383855,1.6846857257165668,inf,0,0,0,0,-1,inf,3,1,0,3,6080,0,0,0,2331,3749,1.9396017326342752,4.366869286070957,False
following_lateral_offset,P1,9007,40,4.0,3.0,16.785095708373255,11.85906503242591,0.023667629268084966,4.536062444797228e-09,999999995.4639375,35.72000000000001,35.72000000000001,4.5031544499383855,1.6846857257165668,inf,0,0,0,0,-1,inf,3,1,0,3,6080,0,0,0,2331,3749,1.9396017326342752,4.366869286070957,False
following_lateral_offset,P2,9007,40,4.0,3.0,18.366108089228405,16.137508032910766,0.006865864021460918,2.2429733895780224e-20,1000000000.0,35.56666666666668,35.55892373207331,4.586142838197295,1.6806600421929934,inf,0,0,0,0,-1,inf,2,1,0,2,6080,293,0,0,1962,3825,1.9396017326342752,4.366869286070957,False
following_lateral_offset,P3,9007,40,4.0,3.0,17.61004348143578,14.257666045413968,0.011120271256364726,4.6429807946089915e-14,999999999.9999536,35.56999999999999,35.56768176625558,4.615780099589682,1.6806600421929934,inf,0,0,0,0,-1,inf,2,1,0,2,6080,123,0,0,2105,3852,1.9396017326342752,4.366869286070957,False
following_lateral_offset,P4,9007,40,4.0,3.0,18.584849079333246,16.137508032910766,0.005864470244129415,2.067451348754089e-20,1000000000.0,35.6,35.594664171246116,4.53491495141787,1.6806600421929934,inf,0,0,0,0,-1,inf,2,1,0,2,6080,310,0,0,1939,3831,1.9396017326342752,4.366869286070957,False
following_lateral_offset,P0,9008,40,4.0,3.0,16.81856897093649,11.698588261348817,0.023701806901898735,8.351168025424745e-09,999999991.648832,35.75333333333333,35.75333333333333,4.4714849633849605,1.6247409827334334,inf,0,0,0,0,-1,inf,3,1,0,3,6080,0,0,0,2252,3828,1.7831738194278899,4.136500871474583,False
following_lateral_offset,P1,9008,40,4.0,3.0,16.498354093622744,6.44839531306156,0.057469297504082084,0.00022914040973753504,999770859.5902624,35.690000000000005,35.6888396886156,4.5500412909282675,1.6505714380971395,inf,0,0,0,0,-1,inf,2,1,0,2,6080,46,0,0,2139,3895,1.7831738194278899,4.136500871474583,False
following_lateral_offset,P2,9008,40,4.0,3.0,17.650437827696226,14.736525728816797,0.010013986525974256,2.3958496459767452e-15,999999999.9999977,35.51333333333335,35.51049540618186,4.661809198177981,1.6247409827334334,inf,0,0,0,0,-1,inf,2,1,0,2,6080,145,0,0,1958,3977,1.7831738194278899,4.136500871474583,False
following_lateral_offset,P3,9008,40,4.0,3.0,17.226758491266384,13.233427004609236,0.015003902651761764,1.686112307572765e-11,999999999.9831388,35.57333333333335,35.571816721014315,4.624829831712975,1.6247409827334334,inf,0,0,0,0,-1,inf,2,1,0,2,6080,80,0,0,2006,3994,1.7831738194278899,4.136500871474583,False
following_lateral_offset,P4,9008,40,4.0,3.0,18.562591201401546,16.137508032910766,0.00642365337721249,2.0790315000783973e-20,1000000000.0,35.393333333333324,35.382540575635545,4.726150628223656,1.6247409827334334,inf,0,0,0,0,-1,inf,1,1,0,1,6080,357,0,0,1730,3993,1.7831738194278899,4.136500871474583,False
following_lateral_offset,P0,9009,40,4.0,3.0,17.044618318195095,13.14862832605835,0.016521712117749235,1.7163230080625345e-11,999999999.982837,35.413333333333355,35.413333333333355,4.795572031688286,1.8363265408183636,inf,0,0,0,0,-1,inf,1,1,0,1,6080,0,0,0,2003,4077,1.7224418192182853,3.9984919015509846,False
following_lateral_offset,P1,9009,40,4.0,3.0,17.826660612791336,15.057321261631778,0.008889860530623132,1.630323016265488e-16,999999999.9999998,35.379999999999995,35.3765382992109,4.784675958190266,1.8363265408183636,inf,0,0,0,0,-1,inf,1,1,0,1,6080,145,0,0,1908,4027,1.7224418192182853,3.9984919015509846,False
following_lateral_offset,P2,9009,40,4.0,3.0,18.76308378325397,16.137508032910766,0.005577291124163997,2.0668738524077398e-20,1000000000.0,35.28433333333334,35.278531008310004,4.8409504771311545,1.833389296319358,inf,0,0,0,0,-1,inf,1,1,0,1,6080,322,0,0,1755,4003,1.7224418192182853,3.9984919015509846,False
following_lateral_offset,P3,9009,40,4.0,3.0,17.96829947053071,15.477534806256262,0.00829649325202883,6.492245460323899e-18,1000000000.0,35.30833333333334,35.305539913287866,4.86153122145511,1.833389296319358,inf,0,0,0,0,-1,inf,1,1,0,1,6080,148,0,0,1873,4059,1.7224418192182853,3.9984919015509846,False
following_lateral_offset,P4,9009,40,4.0,3.0,18.622866426065777,16.137508032910766,0.0059043927468247145,2.0672674135521368e-20,1000000000.0,35.29100000000002,35.28554892937484,4.839330815568975,1.833389296319358,inf,0,0,0,0,-1,inf,1,1,0,1,6080,294,0,0,1784,4002,1.7224418192182853,3.9984919015509846,False
following_lateral_offset,P0,9010,40,4.0,3.0,16.93923661066986,12.894775529202034,0.018817762479475177,7.269696100895056e-11,999999999.927303,35.48000000000002,35.48000000000002,4.73184953268802,1.7246857257165655,inf,0,0,0,0,-1,inf,1,1,0,1,6080,0,0,0,2033,4047,1.766760224737339,4.090673845711061,False
following_lateral_offset,P1,9010,40,4.0,3.0,16.93923661066986,12.894775529202034,0.018817762479475177,7.269696100895056e-11,999999999.927303,35.48000000000002,35.48000000000002,4.73184953268802,1.7246857257165655,inf,0,0,0,0,-1,inf,1,1,0,1,6080,0,0,0,2033,4047,1.766760224737339,4.090673845711061,False
following_lateral_offset,P2,9010,40,4.0,3.0,18.80690102828835,16.137508032910766,0.005501207958864781,2.0668687539525695e-20,1000000000.0,35.18333333333332,35.17790796074633,4.946465424564249,1.8540033031307723,inf,0,0,0,0,-1,inf,1,1,0,1,6080,366,0,0,1644,4070,1.766760224737339,4.090673845711061,False
following_lateral_offset,P3,9010,40,4.0,3.0,18.49709921982657,16.137508032910766,0.006288479983865329,2.067916552317143e-20,1000000000.0,35.31000000000002,35.305748153309175,4.837643631441086,1.8540033031307723,inf,0,0,0,0,-1,inf,1,1,0,1,6080,297,0,0,1778,4005,1.766760224737339,4.090673845711061,False
following_lateral_offset,P4,9010,40,4.0,3.0,18.833539184605677,15.940440066825227,0.006555305262979104,1.357182376086086e-19,1000000000.0,35.300000000000026,35.28542815777524,4.815882111983591,1.7246857257165655,inf,0,0,0,0,-1,inf,1,1,0,1,6080,397,0,0,1697,3986,1.766760224737339,4.090673845711061,False
following_lateral_offset,P0,9011,40,4.0,3.0,17.02711809418785,12.654372449948713,0.017317300860943404,1.44870103480103e-10,999999999.85513,35.540000000000006,35.540000000000006,4.674569498895052,1.7898630223132848,inf,0,0,0,0,-1,inf,1,1,0,1,6080,0,0,0,2111,3969,1.670234023426736,3.8544424832234063,False
following_lateral_offset,P1,9011,40,4.0,3.0,17.117288444075434,13.086433664917957,0.015490370299970658,2.0565832829822648e-11,999999999.9794343,35.540000000000006,35.540000000000006,4.674569498895052,1.7898630223132848,inf,0,0,0,0,-1,inf,1,1,0,1,6080,0,0,0,2111,3969,1.670234023426736,3.8544424832234063,False
following_lateral_offset,P2,9011,40,4.0,3.0,19.063281105344803,16.137508032910766,0.005035521708360731,2.066868731680099e-20,1000000000.0,35.236,35.229784253287406,4.876073693397579,1.7898630223132848,inf,0,0,0,0,-1,inf,1,1,0,1,6080,394,0,0,1677,4009,1.670234023426736,3.8544424832234063,False
following_lateral_offset,P3,9011,40,4.0,3.0,18.05613389555322,15.494185710448269,0.00800854366257137,5.524479576908687e-18,1000000000.0,35.29166666666668,35.288550233363665,4.875812492573385,1.7898630223132848,inf,0,0,0,0,-1,inf,1,1,0,1,6080,184,0,0,1859,4037,1.670234023426736,3.8544424832234063,False
following_lateral_offset,P4,9011,40,4.0,3.0,18.846763424894274,16.137508032910766,0.005391091761850156,2.0668687617223102e-20,1000000000.0,35.28500000000001,35.27905529084524,4.835719753708978,1.7898630223132848,inf,0,0,0,0,-1,inf,1,1,0,1,6080,341,0,0,1738,4001,1.670234023426736,3.8544424832234063,False
following_lateral_offset,P0,9012,40,4.0,3.0,17.13059707560621,13.634009541053818,0.01447917353331082,1.5626654690415697e-12,999999999.9984375,35.275000000000006,35.275000000000006,4.928044744115048,1.8777944962426074,inf,0,0,0,0,-1,inf,1,1,0,1,6080,0,0,0,2080,4000,1.7752639000756976,4.070058892455026,False
following_lateral_offset,P1,9012,40,4.0,3.0,18.205136290418796,16.137508032910766,0.007062383652551759,2.749019001653836e-20,1000000000.0,35.26666666666668,35.26201893169673,4.876788306017375,1.726359456223041,inf,0,0,0,0,-1,inf,1,1,0,1,6080,216,0,0,1877,3987,1.7752639000756976,4.070058892455026,False
following_lateral_offset,P2,9012,40,4.0,3.0,17.983902771616478,15.715680282147014,0.00812549813268969,9.597477595388134e-19,1000000000.0,35.255,35.252252172921374,4.912343192445414,1.7386808497887927,inf,0,0,0,0,-1,inf,1,1,0,1,6080,177,0,0,1943,3960,1.7752639000756976,4.070058892455026,False
following_lateral_offset,P3,9012,40,4.0,3.0,17.980641758752984,15.690552408870339,0.008153426396704138,1.2078979515886749e-18,1000000000.0,35.265,35.26225210234896,4.9026886603164135,1.7386808497887927,inf,0,0,0,0,-1,inf,1,1,0,1,6080,177,0,0,1948,3955,1.7752639000756976,4.070058892455026,False
following_lateral_offset,P4,9012,40,4.0,3.0,18.222557522386456,16.137508032910766,0.006903842381297706,2.073870613578127e-20,1000000000.0,35.22166666666667,35.217660427757735,4.926246759251,1.8777944962426074,inf,0,0,0,0,-1,inf,1,1,0,1,6080,219,0,0,1878,3983,1.7752639000756976,4.070058892455026,False
following_lateral_offset,P0,9013,40,4.0,3.0,16.600538343539917,10.484685077695174,0.03045968428635436,1.8262471014543115e-07,999999817.3752899,35.72666666666669,35.726096019025704,4.503467870161139,1.4474107232160698,inf,0,0,0,0,-1,inf,4,1,0,4,6080,30,0,0,2190,3860,1.981701932017885,4.444373793152747,False
following_lateral_offset,P1,9013,40,4.0,3.0,16.600538343539917,10.484685077695174,0.03045968428635436,1.8262471014543115e-07,999999817.3752899,35.72666666666669,35.726096019025704,4.503467870161139,1.4474107232160698,inf,0,0,0,0,-1,inf,4,1,0,4,6080,30,0,0,2190,3860,1.981701932017885,4.444373793152747,False
following_lateral_offset,P2,9013,40,4.0,3.0,17.23165302255253,12.684253383350026,0.01614794898236941,1.2698138281334991e-10,999999999.8730186,35.733333333333334,35.731476681693465,4.469729677515013,1.4316045161939213,inf,0,0,0,0,-1,inf,4,1,0,4,6080,111,0,0,2120,3849,1.981701932017885,4.444373793152747,False
following_lateral_offset,P3,9013,40,4.0,3.0,17.23165302255253,12.684253383350026,0.01614794898236941,1.2698138281334991e-10,999999999.8730186,35.733333333333334,35.731476681693465,4.469729677515013,1.4316045161939213,inf,0,0,0,0,-1,inf,4,1,0,4,6080,111,0,0,2120,3849,1.981701932017885,4.444373793152747,False
following_lateral_offset,P4,9013,40,4.0,3.0,19.158486068752296,16.137508032910766,0.005807524630513095,2.2993039043185547e-20,1000000000.0,35.67333333333334,35.65700387308423,4.434433597379026,1.4316045161939213,inf,0,0,0,0,-1,inf,5,1,0,5,6080,514,0,0,1832,3734,1.981701932017885,4.444373793152747,False
following_lateral_offset,P0,9014,40,4.0,3.0,16.866061876018136,11.906363642813762,0.021884377224037712,3.2961410381521404e-09,999999996.703859,35.71000000000002,35.71000000000002,4.512659969463666,1.7839806693721065,inf,0,0,0,0,-1,inf,1,1,0,1,6080,0,0,0,2128,3952,1.756685556084228,4.128074026068781,False
following_lateral_offset,P1,9014,40,4.0,3.0,17.06736497877326,12.613162722661508,0.01690090353824298,1.7238595583443696e-10,999999999.8276141,35.71000000000002,35.709393970319205,4.504544809024701,1.7839806693721065,inf,0,0,0,0,-1,inf,1,1,0,1,6080,23,0,0,2125,3932,1.756685556084228,4.128074026068781,False
following_lateral_offset,P2,9014,40,4.0,3.0,18.136506708575588,15.49253365510554,0.007770183281826987,5.914573463227361e-18,1000000000.0,35.56666666666668,35.56315915281687,4.600733199713101,1.7839806693721065,inf,0,0,0,0,-1,inf,1,1,0,1,6080,203,0,0,1928,3949,1.756685556084228,4.128074026068781,False
following_lateral_offset,P3,9014,40,4.0,3.0,18.384760388845883,16.137508032910766,0.006667759054148037,2.5821150504902345e-20,1000000000.0,35.590000000000025,35.5856922293102,4.565113327184131,1.7839806693721065,inf,0,0,0,0,-1,inf,1,1,0,1,6080,257,0,0,1882,3941,1.756685556084228,4.128074026068781,False
following_lateral_offset,P4,9014,40,4.0,3.0,19.346663752650908,16.137508032910766,0.004987284784935899,2.0668687316847827e-20,1000000000.0,35.48666666666668,35.472994026931104,4.6117234037890205,1.7839806693721065,inf,0,0,0,0,-1,inf,1,1,0,1,6080,521,0,0,1627,3932,1.756685556084228,4.128074026068781,False
following_lateral_offset,P0,9015,40,4.0,3.0,16.020584633877622,5.463508261987879,0.09559346281647012,0.0007605025657548027,999239497.4342453,35.628666666666675,35.62616813969732,4.63309699486425,1.5472116233789166,inf,0,0,0,0,-1,inf,5,1,0,5,6080,113,0,0,2533,3434,1.8995312191166895,4.306306944201667,False
following_lateral_offset,P1,9015,40,4.0,3.0,17.0322500128456,12.226896509102035,0.018638773383247535,9.956179979895052e-10,999999999.0043819,35.64000000000001,35.63932115223607,4.560219292972649,1.4968131978043921,inf,0,0,0,0,-1,inf,6,1,0,6,6080,23,0,0,2636,3421,1.8995312191166895,4.306306944201667,False
following_lateral_offset,P2,9015,40,4.0,3.0,17.712775180987446,15.134769127579913,0.009047673411194695,8.691617825098731e-17,1000000000.0,35.588666666666654,35.58565686178768,4.557988603501712,1.5472116233789166,inf,0,0,0,0,-1,inf,6,1,0,6,6080,152,0,0,2540,3388,1.8995312191166895,4.306306944201667,False
following_lateral_offset,P3,9015,40,4.0,3.0,16.149579110729842,5.779176992063384,0.0889248611903766,0.000552447475488055,999447552.524512,35.62866666666667,35.625433460569084,4.626743168272004,1.5472116233789166,inf,0,0,0,0,-1,inf,5,1,0,5,6080,137,0,0,2509,3434,1.8995312191166895,4.306306944201667,False
following_lateral_offset,P4,9015,40,4.0,3.0,18.32974355675171,15.134769127579913,0.007852509222709027,8.691617770272837e-17,1000000000.0,35.588666666666654,35.57764407613549,4.531338250957842,1.5472116233789166,inf,0,0,0,0,-1,inf,7,1,0,7,6080,294,0,0,2466,3320,1.8995312191166895,4.306306944201667,False
following_lateral_offset,P0,9016,40,4.0,3.0,16.716240006422424,11.437709810111876,0.024712423731012907,1.1358199490072166e-08,999999988.6418006,35.33833333333334,35.33779990741594,4.809941676292415,1.4175616094590464,inf,0,0,0,0,-1,inf,3,1,0,3,6080,31,0,0,2089,3960,1.869212881245237,4.183759337828542,False
following_lateral_offset,P1,9016,40,4.0,3.0,16.640886450750624,8.612395374817027,0.03653728906679122,1.0965580907197734e-05,999989034.4190928,35.36000000000001,35.35875702426886,4.84518198958759,1.4762770649367953,inf,0,0,0,0,-1,inf,2,1,0,2,6080,50,0,0,1930,4100,1.869212881245237,4.183759337828542,False
following_lateral_offset,P2,9016,40,4.0,3.0,17.332224646989193,14.148940772652493,0.013769378493298989,2.1327311333616114e-13,999999999.9997867,35.33833333333334,35.33554869102821,4.781768327651374,1.395472238735516,inf,0,0,0,0,-1,inf,3,1,0,3,6080,125,0,0,2063,3892,1.869212881245237,4.183759337828542,False
following_lateral_offset,P3,9016,40,4.0,3.0,17.218463355573135,13.906134776101492,0.014941718152599228,8.839116473775198e-13,999999999.9991162,35.338333333333345,35.33695397746221,4.78623471614959,1.395472238735516,inf,0,0,0,0,-1,inf,3,1,0,3,6080,90,0,0,2089,3901,1.869212881245237,4.183759337828542,False
following_lateral_offset,P4,9016,40,4.0,3.0,18.596770406528535,16.137508032910766,0.006162604872538243,2.1406619331597792e-20,1000000000.0,35.24833333333335,35.23991711382791,4.739398827467736,1.395472238735516,inf,0,0,0,0,-1,inf,5,1,0,5,6080,340,0,0,1955,3785,1.869212881245237,4.183759337828542,False
following_lateral_offset,P0,9017,40,4.0,3.0,17.05110508015033,12.907793782601509,0.01671530361101823,5.142340546152401e-11,999999999.9485766,35.47666666666667,35.47666666666667,4.735033732133748,1.8228571534412654,inf,0,0,0,0,-1,inf,1,1,0,1,6080,0,0,0,2076,4004,1.8228974527554247,4.255027039391308,False
following_lateral_offset,P1,9017,40,4.0,3.0,18.08147300726456,15.819240593164594,0.0075770442915489705,3.745543987769169e-19,1000000000.0,35.39666666666668,35.39246846628588,4.756659558590912,1.8228571534412654,inf,0,0,0,0,-1,inf,1,1,0,1,6080,191,0,0,1910,3979,1.8228974527554247,4.255027039391308,False
following_lateral_offset,P2,9017,40,4.0,3.0,17.7004627216306,14.775196417777773,0.009615065527241019,1.219734938637967e-15,999999999.9999988,35.471666666666685,35.469258246303774,4.709073265144775,1.8228571534412654,inf,0,0,0,0,-1,inf,1,1,0,1,6080,124,0,0,1960,3996,1.8228974527554247,4.255027039391308,False
following_lateral_offset,P3,9017,40,4.0,3.0,17.61432208260097,14.484382512832871,0.010382038802213436,9.177030242251204e-15,999999999.9999908,35.471666666666685,35.469258246303774,4.709073265144775,1.8228571534412654,inf,0,0,0,0,-1,inf,1,1,0,1,6080,124,0,0,1960,3996,1.8228974527554247,4.255027039391308,False
following_lateral_offset,P4,9017,40,4.0,3.0,18.16295541728906,16.137508032910766,0.007172941866369598,2.2176233584368808e-20,1000000000.0,35.39666666666668,35.392621453340084,4.755628015512277,1.8228571534412654,inf,0,0,0,0,-1,inf,1,1,0,1,6080,218,0,0,1876,3986,1.8228974527554247,4.255027039391308,False
following_lateral_offset,P0,9018,40,4.0,3.0,16.946332679135743,12.444955505186709,0.01792561840561872,3.6212820233395867e-10,999999999.637872,35.58999999999999,35.58999999999999,4.626888803505018,1.7369914947984906,inf,0,0,0,0,-1,inf,1,1,0,1,6080,0,0,0,1943,4137,1.91662785355989,4.3680535268931,False
following_lateral_offset,P1,9018,40,4.0,3.0,17.075255065611763,13.048715496298769,0.015168478492858161,2.399276526015418e-11,999999999.9760071,35.52999999999998,35.52999999999998,4.684111441885236,1.7605714380971453,inf,0,0,0,0,-1,inf,1,1,0,1,6080,0,0,0,1921,4159,1.91662785355989,4.3680535268931,False
following_lateral_offset,P2,9018,40,4.0,3.0,19.624625889397926,16.137508032910766,0.004803294109227391,3.088286664502027e-20,1000000000.0,35.196666666666665,35.18167942167085,4.896393151238645,1.89666695315869,inf,0,0,0,0,-1,inf,1,1,0,1,6080,1229,0,0,1488,3363,1.91662785355989,4.3680535268931,False
following_lateral_offset,P3,9018,40,4.0,3.0,17.195163254713002,13.361379338988879,0.013778460682865668,5.2235912862102185e-12,999999999.9947764,35.52999999999999,35.52951417728624,4.679560193581588,1.7369914947984906,inf,0,0,0,0,-1,inf,1,1,0,1,6080,23,0,0,1906,4151,1.91662785355989,4.3680535268931,False
following_lateral_offset,P4,9018,40,4.0,3.0,18.879861008124468,16.137508032910766,0.006072120533854259,2.0787103731781593e-20,1000000000.0,35.33333333333332,35.319012111051066,4.773803447647261,1.7369914947984906,inf,0,0,0,0,-1,inf,1,1,0,1,6080,462,0,0,1518,4100,1.91662785355989,4.3680535268931,False
following_lateral_offset,P0,9019,40,4.0,3.0,16.821885380810812,12.045970822740943,0.02186562344452398,1.755885320255692e-09,999999998.2441146,35.68,35.68,4.541189271545506,1.608654111444954,inf,0,0,0,0,-1,inf,1,1,0,1,6080,0,0,0,2009,4071,1.9201337927204647,4.433619742590105,False
following_lateral_offset,P1,9019,40,4.0,3.0,17.653552695756723,14.479899815674141,0.009987159978652812,8.881611419009548e-15,999999999.9999912,35.6466666666667,35.64328418621906,4.527873786376459,1.608654111444954,inf,0,0,0,0,-1,inf,1,1,0,1,6080,144,0,0,1897,4039,1.9201337927204647,4.433619742590105,False
following_lateral_offset,P2,9019,40,4.0,3.0,17.91839701492554,14.882880347222507,0.008811644982712225,5.766014217247962e-16,999999999.9999994,35.59,35.58690794926003,4.58820751020067,1.608654111444954,inf,0,0,0,0,-1,inf,1,1,0,1,6080,184,0,0,1819,4077,1.9201337927204647,4.433619742590105,False
following_lateral_offset,P3,9019,40,4.0,3.0,17.58609991808953,13.967657572678817,0.011410182141089523,2.0717473598460024e-13,999999999.9997928,35.65,35.64763946425251,4.538998608271007,1.608654111444954,inf,0,0,0,0,-1,inf,1,1,0,1,6080,124,0,0,1886,4070,1.9201337927204647,4.433619742590105,False
following_lateral_offset,P4,9019,40,4.0,3.0,18.694828776535353,16.137508032910766,0.005594625807935983,2.066868774403535e-20,1000000000.0,35.55833333333334,35.55294136232657,4.5721389473894005,1.608654111444954,inf,0,0,0,0,-1,inf,1,1,0,1,6080,338,0,0,1697,4045,1.9201337927204647,4.433619742590105,False
lane_choice,P0,9000,40,4.0,3.0,-1.4841772517946126,-13.800125353527465,0.7112488585418857,0.27149979741639463,728500202.5836054,12.99999999999999,12.882786325056207,16.782438462261936,inf,1.5013499953110632,0,0,0,0,-1,inf,0,-1,0,0,6080,1879,0,1762,0,2439,2.029125558473347,4.66962881291847,False
lane_choice,P1,9000,40,4.0,3.0,11.415283391778743,7.917465961148334,0.1974985300149305,9.757018575009285e-05,999902429.81425,12.999999999999991,12.91210617836171,16.755131274768452,6.1060366622275195,1.5001885304115121,0,0,0,0,-1,inf,0,-1,0,0,6080,1784,0,1780,0,2516,2.029125558473347,4.66962881291847,False
lane_choice,P2,9000,40,4.0,3.0,12.07815978933448,8.783780876789407,0.14867584991876967,1.6790858746630924e-05,999983209.1412532,12.99999999999999,12.905382024182275,16.74847084715829,6.1060366622275195,1.502980198132632,0,0,0,0,-1,inf,0,-1,0,0,6080,1651,0,1763,0,2666,2.029125558473347,4.66962881291847,False
lane_choice,P3,9000,40,4.0,3.0,12.076728932495755,9.263228055490746,0.13843144961890505,8.189156185971114e-06,999991810.8438139,12.99999999999999,12.911716648644994,16.757163456939804,6.1060366622275195,1.5028868179940864,0,0,0,0,-1,inf,0,-1,0,0,6080,1729,0,1751,0,2600,2.029125558473347,4.66962881291847,False
lane_choice,P4,9000,40,4.0,3.0,12.011930681626641,8.339167020023577,0.15681014940403565,3.197086409443261e-05,999968029.1359055,12.99999999999999,12.903358507552323,16.74847084715829,6.1060366622275195,1.508038196389593,0,0,0,0,-1,inf,0,-1,0,0,6080,1616,0,1788,0,2676,2.029125558473347,4.66962881291847,False
lane_choice,P0,9001,40,4.0,3.0,-1.4841772517946126,-13.800125353527465,0.7112488585418857,0.27149979741639463,728500202.5836054,12.99999999999999,12.882786325056207,16.782438462261936,inf,1.5013499953110632,0,0,0,0,-1,inf,0,-1,0,0,6080,1879,0,1762,0,2439,1.9577667412643556,4.5736679661701585,False
lane_choice,P1,9001,40,4.0,3.0,11.435182525296545,8.012373056845629,0.19517708609454484,8.383575704004449e-05,999916164.24296,12.99999999999999,12.910819574708963,16.753017151880435,6.1060366622275195,1.501167547298801,0,0,0,0,-1,inf,0,-1,0,0,6080,1768,0,1784,0,2528,1.9577667412643556,4.5736679661701585,False
lane_choice,P2,9001,40,4.0,3.0,12.008701804632036,8.229738049872287,0.15881413145339823,3.7394747089857576e-05,999962605.2529103,12.999999999999991,12.904499009576284,16.74847084715829,6.1060366622275195,1.5001177930900464,0,0,0,0,-1,inf,0,-1,0,0,6080,1612,0,1861,0,2607,1.9577667412643556,4.5736679661701585,False
lane_choice,P3,9001,40,4.0,3.0,11.435182525296545,8.012373056845629,0.19517708609454484,8.383575704004449e-05,999916164.24296,12.99999999999999,12.910819574708963,16.753017151880435,6.1060366622275195,1.501167547298801,0,0,0,0,-1,inf,0,-1,0,0,6080,1768,0,1784,0,2528,1.9577667412643556,4.5736679661701585,False
lane_choice,P4,9001,40,4.0,3.0,12.011930681626641,8.339167020023577,0.15681014940403565,3.197086409443261e-05,999968029.1359055,12.99999999999999,12.903358507552323,16.74847084715829,6.1060366622275195,1.508038196389593,0,0,0,0,-1,inf,0,-1,0,0,6080,1616,0,1788,0,2676,1.9577667412643556,4.5736679661701585,False
lane_choice,P0,9002,40,4.0,3.0,-1.4841772517946126,-13.800125353527465,0.7112488585418857,0.27149979741639463,728500202.5836054,12.99999999999999,12.882786325056207,16.782438462261936,inf,1.5013499953110632,0,0,0,0,-1,inf,0,-1,0,0,6080,1879,0,1762,0,2439,1.8498662915709285,4.259405347310816,False
lane_choice,P1,9002,40,4.0,3.0,11.415283391778743,7.917465961148334,0.1974985300149305,9.757018575009285e-05,999902429.81425,12.999999999999991,12.91210617836171,16.755131274768452,6.1060366622275195,1.5001885304115121,0,0,0,0,-1,inf,0,-1,0,0,6080,1784,0,1780,0,2516,1.8498662915709285,4.259405347310816,False
lane_choice,P2,9002,40,4.0,3.0,11.028111337726806,7.23980144955763,0.24191058486635467,0.00019969995777805268,999800300.0422218,12.99999999999999,12.897486192459832,16.743070553705927,6.1060366622275195,1.504848049346676,0,0,0,0,-1,inf,0,-1,0,0,6080,1594,0,1882,0,2604,1.8498662915709285,4.259405347310816,False
lane_choice,P3,9002,40,4.0,3.0,11.957187492873938,8.479828962353654,0.15821367999825334,2.6711618496039258e-05,999973288.381504,12.999999999999991,12.900504861170035,16.746449236149434,6.1060366622275195,1.5099068651872138,0,0,0,0,-1,inf,0,-1,0,0,6080,1576,0,1824,0,2680,1.8498662915709285,4.259405347310816,False
lane_choice,P4,9002,40,4.0,3.0,12.011930681626641,8.339167020023577,0.15681014940403565,3.197086409443261e-05,999968029.1359055,12.99999999999999,12.903358507552323,16.74847084715829,6.1060366622275195,1.508038196389593,0,0,0,0,-1,inf,0,-1,0,0,6080,1616,0,1788,0,2676,1.8498662915709285,4.259405347310816,False
lane_choice,P0,9003,40,4.0,3.0,-1.4841772517946126,-13.800125353527465,0.7112488585418857,0.27149979741639463,728500202.5836054,12.99999999999999,12.882786325056207,16.782438462261936,inf,1.5013499953110632,0,0,0,0,-1,inf,0,-1,0,0,6080,1879,0,1762,0,2439,1.9381424965602363,4.4720647876721955,False
lane_choice,P1,9003,40,4.0,3.0,11.415283391778743,7.917465961148334,0.1974985300149305,9.757018575009285e-05,999902429.81425,12.999999999999991,12.91210617836171,16.755131274768452,6.1060366622275195,1.5001885304115121,0,0,0,0,-1,inf,0,-1,0,0,6080,1784,0,1780,0,2516,1.9381424965602363,4.4720647876721955,False
lane_choice,P2,9003,40,4.0,3.0,10.770105304555937,7.155063173351711,0.2733025459464627,0.0004579120371930109,999542087.962807,12.999999999999988,12.911372753138188,16.753017151880435,6.1060366622275195,1.5017602450667762,0,0,0,0,-1,inf,0,-1,0,0,6080,1835,0,1728,0,2517,1.9381424965602363,4.4720647876721955,False
lane_choice,P3,9003,40,4.0,3.0,11.761369247674176,8.763759785661756,0.16494697501400696,2.2891689134287736e-05,999977108.3108658,12.99999999999999,12.909748525722138,16.7508040885184,6.1060366622275195,1.500368498496405,0,0,0,0,-1,inf,0,-1,0,0,6080,1706,0,1817,0,2557,1.9381424965602363,4.4720647876721955,False
lane_choice,P4,9003,40,4.0,3.0,12.011930681626641,8.339167020023577,0.15681014940403565,3.197086409443261e-05,999968029.1359055,12.99999999999999,12.903358507552323,16.74847084715829,6.1060366622275195,1.508038196389593,0,0,0,0,-1,inf,0,-1,0,0,6080,1616,0,1788,0,2676,1.9381424965602363,4.4720647876721955,False
lane_choice,P0,9004,40,4.0,3.0,-1.4841772517946126,-13.800125353527465,0.7112488585418857,0.27149979741639463,728500202.5836054,12.99999999999999,12.882786325056207,16.782438462261936,inf,1.5013499953110632,0,0,0,0,-1,inf,0,-1,0,0,6080,1879,0,1762,0,2439,1.9527272637700872,4.528901061361135,False
lane_choice,P1,9004,40,4.0,3.0,11.415283391778743,7.917465961148334,0.1974985300149305,9.757018575009285e-05,999902429.81425,12.999999999999991,12.91210617836171,16.755131274768452,6.1060366622275195,1.5001885304115121,0,0,0,0,-1,inf,0,-1,0,0,6080,1784,0,1780,0,2516,1.9527272637700872,4.528901061361135,False
lane_choice,P2,9004,40,4.0,3.0,11.272316043486196,7.844264988462617,0.21469494542599654,0.00012119080085557692,999878809.1991444,12.99999999999999,12.911082833631983,16.753017151880435,6.1060366622275195,1.5010204144252062,0,0,0,0,-1,inf,0,-1,0,0,6080,1786,0,1785,0,2509,1.9527272637700872,4.528901061361135,False
lane_choice,P3,9004,40,4.0,3.0,11.946263706406146,9.238320755861485,0.15402062385469292,1.3564703045248826e-05,999986435.2969548,12.99999999999999,12.906029403435662,16.747476673586238,6.1060366622275195,1.5003194677257392,0,0,0,0,-1,inf,0,-1,0,0,6080,1653,0,1877,0,2550,1.9527272637700872,4.528901061361135,False
lane_choice,P4,9004,40,4.0,3.0,12.011930681626641,8.339167020023577,0.15681014940403565,3.197086409443261e-05,999968029.1359055,12.99999999999999,12.903358507552323,16.74847084715829,6.1060366622275195,1.508038196389593,0,0,0,0,-1,inf,0,-1,0,0,6080,1616,0,1788,0,2676,1.9527272637700872,4.528901061361135,False
lane_choice,P0,9005,40,4.0,3.0,-1.4841772517946126,-13.800125353527465,0.7112488585418857,0.27149979741639463,728500202.5836054,12.99999999999999,12.882786325056207,16.782438462261936,inf,1.5013499953110632,0,0,0,0,-1,inf,0,-1,0,0,6080,1879,0,1762,0,2439,1.758726241371972,4.242788529118885,False
lane_choice,P1,9005,40,4.0,3.0,11.415283391778743,7.917465961148334,0.1974985300149305,9.757018575009285e-05,999902429.81425,12.999999999999991,12.91210617836171,16.755131274768452,6.1060366622275195,1.5001885304115121,0,0,0,0,-1,inf,0,-1,0,0,6080,1784,0,1780,0,2516,1.758726241371972,4.242788529118885,False
lane_choice,P2,9005,40,4.0,3.0,12.008701804632036,8.229738049872287,0.15881413145339823,3.7394747089857576e-05,999962605.2529103,12.999999999999991,12.904499009576284,16.74847084715829,6.1060366622275195,1.5001177930900464,0,0,0,0,-1,inf,0,-1,0,0,6080,1612,0,1861,0,2607,1.758726241371972,4.242788529118885,False
lane_choice,P3,9005,40,4.0,3.0,11.415283391778743,7.917465961148334,0.1974985300149305,9.757018575009285e-05,999902429.81425,12.999999999999991,12.91210617836171,16.755131274768452,6.1060366622275195,1.5001885304115121,0,0,0,0,-1,inf,0,-1,0,0,6080,1784,0,1780,0,2516,1.758726241371972,4.242788529118885,False
lane_choice,P4,9005,40,4.0,3.0,12.011930681626641,8.339167020023577,0.15681014940403565,3.197086409443261e-05,999968029.1359055,12.99999999999999,12.903358507552323,16.74847084715829,6.1060366622275195,1.508038196389593,0,0,0,0,-1,inf,0,-1,0,0,6080,1616,0,1788,0,2676,1.758726241371972,4.242788529118885,False
lane_choice,P0,9006,40,4.0,3.0,-1.4841772517946126,-13.800125353527465,0.7112488585418857,0.27149979741639463,728500202.5836054,12.99999999999999,12.882786325056207,16.782438462261936,inf,1.5013499953110632,0,0,0,0,-1,inf,0,-1,0,0,6080,1879,0,1762,0,2439,1.9412977003763452,4.5573602831183795,False
lane_choice,P1,9006,40,4.0,3.0,11.43164033473314,7.97072833400294,0.19631392238432374,8.974218320885683e-05,999910257.8167912,12.99999999999999,12.911978679206724,16.755131274768452,6.1060366622275195,1.5002839596935633,0,0,0,0,-1,inf,0,-1,0,0,6080,1777,0,1784,0,2519,1.9412977003763452,4.5573602831183795,False
lane_choice,P2,9006,40,4.0,3.0,3.6528413593923803,-9.323983547960253,0.6022828479467119,0.18828540351882672,811714596.4811733,12.999999999999991,12.8907238293399,16.747476673586238,6.1060366622275195,1.5033409140563228,0,0,0,0,-1,inf,0,-1,0,0,6080,2002,0,1697,0,2381,1.9412977003763452,4.5573602831183795,False
lane_choice,P3,9006,40,4.0,3.0,11.745317892373032,8.685339274074892,0.16510820070869775,2.5949230389124718e-05,999974050.769611,12.999999999999996,12.910190221619104,16.75414086214862,6.1060366622275195,1.5000540543503091,0,0,0,0,-1,inf,0,-1,0,0,6080,1704,0,1816,0,2560,1.9412977003763452,4.5573602831183795,False
lane_choice,P4,9006,40,4.0,3.0,12.011930681626641,8.339167020023577,0.15681014940403565,3.197086409443261e-05,999968029.1359055,12.99999999999999,12.903358507552323,16.74847084715829,6.1060366622275195,1.508038196389593,0,0,0,0,-1,inf,0,-1,0,0,6080,1616,0,1788,0,2676,1.9412977003763452,4.5573602831183795,False
lane_choice,P0,9007,40,4.0,3.0,-1.4841772517946126,-13.800125353527465,0.7112488585418857,0.27149979741639463,728500202.5836054,12.99999999999999,12.882786325056207,16.782438462261936,inf,1.5013499953110632,0,0,0,0,-1,inf,0,-1,0,0,6080,1879,0,1762,0,2439,1.919373541678981,4.460609253518941,False
lane_choice,P1,9007,40,4.0,3.0,11.761369247674176,8.763759785661756,0.16494697501400696,2.2891689134287736e-05,999977108.3108658,12.99999999999999,12.909748525722138,16.7508040885184,6.1060366622275195,1.500368498496405,0,0,0,0,-1,inf,0,-1,0,0,6080,1706,0,1817,0,2557,1.919373541678981,4.460609253518941,False
lane_choice,P2,9007,40,4.0,3.0,12.003801535674015,8.30317609867053,0.15770970069748805,3.362030996009834e-05,999966379.6900399,12.999999999999993,12.90378423508218,16.747476673586238,6.1060366622275195,1.5006896560409806,0,0,0,0,-1,inf,0,-1,0,0,6080,1603,0,1869,0,2608,1.919373541678981,4.460609253518941,False
lane_choice,P3,9007,40,4.0,3.0,11.967059743362135,8.4329418123197,0.1586427196786054,2.8490085230152824e-05,999971509.9147699,12.999999999999993,12.90133401449049,16.747476673586238,6.1060366622275195,1.5092503614896562,0,0,0,0,-1,inf,0,-1,0,0,6080,1585,0,1817,0,2678,1.919373541678981,4.460609253518941,False
lane_choice,P4,9007,40,4.0,3.0,12.011930681626641,8.339167020023577,0.15681014940403565,3.197086409443261e-05,999968029.1359055,12.99999999999999,12.903358507552323,16.74847084715829,6.1060366622275195,1.508038196389593,0,0,0,0,-1,inf,0,-1,0,0,6080,1616,0,1788,0,2676,1.919373541678981,4.460609253518941,False
lane_choice,P0,9008,40,4.0,3.0,-1.4841772517946126,-13.800125353527465,0.7112488585418857,0.27149979741639463,728500202.5836054,12.99999999999999,12.882786325056207,16.782438462261936,inf,1.5013499953110632,0,0,0,0,-1,inf,0,-1,0,0,6080,1879,0,1762,0,2439,1.9017855362211904,4.534932778662671,False
lane_choice,P1,9008,40,4.0,3.0,11.415283391778743,7.917465961148334,0.1974985300149305,9.757018575009285e-05,999902429.81425,12.999999999999991,12.91210617836171,16.755131274768452,6.1060366622275195,1.5001885304115121,0,0,0,0,-1,inf,0,-1,0,0,6080,1784,0,1780,0,2516,1.9017855362211904,4.534932778662671,False
lane_choice,P2,9008,40,4.0,3.0,12.003801535674015,8.30317609867053,0.15770970069748805,3.362030996009834e-05,999966379.6900399,12.999999999999993,12.90378423508218,16.747476673586238,6.1060366622275195,1.5006896560409806,0,0,0,0,-1,inf,0,-1,0,0,6080,1603,0,1869,0,2608,1.9017855362211904,4.534932778662671,False
lane_choice,P3,9008,40,4.0,3.0,12.023936119321124,9.136985536205104,0.14269111116874683,1.0637499126205956e-05,999989362.5008739,12.99999999999999,12.911716648644994,16.757163456939804,6.1060366622275195,1.5028868179940864,0,0,0,0,-1,inf,0,-1,0,0,6080,1729,0,1751,0,2600,1.9017855362211904,4.534932778662671,False
lane_choice,P4,9008,40,4.0,3.0,12.011930681626641,8.339167020023577,0.15681014940403565,3.197086409443261e-05,999968029.1359055,12.99999999999999,12.903358507552323,16.74847084715829,6.1060366622275195,1.508038196389593,0,0,0,0,-1,inf,0,-1,0,0,6080,1616,0,1788,0,2676,1.9017855362211904,4.534932778662671,False
lane_choice,P0,9009,40,4.0,3.0,-1.4841772517946126,-13.800125353527465,0.7112488585418857,0.27149979741639463,728500202.5836054,12.99999999999999,12.882786325056207,16.782438462261936,inf,1.5013499953110632,0,0,0,0,-1,inf,0,-1,0,0,6080,1879,0,1762,0,2439,1.7500594111147367,4.220654627067576,False
lane_choice,P1,9009,40,4.0,3.0,11.415283391778743,7.917465961148334,0.1974985300149305,9.757018575009285e-05,999902429.81425,12.999999999999991,12.91210617836171,16.755131274768452,6.1060366622275195,1.5001885304115121,0,0,0,0,-1,inf,0,-1,0,0,6080,1784,0,1780,0,2516,1.7500594111147367,4.220654627067576,False
lane_choice,P2,9009,40,4.0,3.0,11.716477214786526,7.746483206623606,0.18069851313027172,7.952567790053056e-05,999920474.3220994,12.999999999999993,12.901956790544096,16.746449236149434,6.1060366622275195,1.51015467471698,0,0,0,0,-1,inf,0,-1,0,0,6080,1634,0,1817,0,2629,1.7500594111147367,4.220654627067576,False
lane_choice,P3,9009,40,4.0,3.0,11.745317892373032,8.685339274074892,0.16510820070869775,2.5949230389124718e-05,999974050.769611,12.999999999999996,12.910190221619104,16.75414086214862,6.1060366622275195,1.5000540543503091,0,0,0,0,-1,inf,0,-1,0,0,6080,1704,0,1816,0,2560,1.7500594111147367,4.220654627067576,False
lane_choice,P4,9009,40,4.0,3.0,12.011930681626641,8.339167020023577,0.15681014940403565,3.197086409443261e-05,999968029.1359055,12.99999999999999,12.903358507552323,16.74847084715829,6.1060366622275195,1.508038196389593,0,0,0,0,-1,inf,0,-1,0,0,6080,1616,0,1788,0,2676,1.7500594111147367,4.220654627067576,False
lane_choice,P0,9010,40,4.0,3.0,-1.4841772517946126,-13.800125353527465,0.7112488585418857,0.27149979741639463,728500202.5836054,12.99999999999999,12.882786325056207,16.782438462261936,inf,1.5013499953110632,0,0,0,0,-1,inf,0,-1,0,0,6080,1879,0,1762,0,2439,1.7713305110539124,4.268821640627037,False
lane_choice,P1,9010,40,4.0,3.0,11.415283391778743,7.917465961148334,0.1974985300149305,9.757018575009285e-05,999902429.81425,12.999999999999991,12.91210617836171,16.755131274768452,6.1060366622275195,1.5001885304115121,0,0,0,0,-1,inf,0,-1,0,0,6080,1784,0,1780,0,2516,1.7713305110539124,4.268821640627037,False
lane_choice,P2,9010,40,4.0,3.0,12.014251034487225,8.229738049872287,0.1584477921853936,3.731306736108154e-05,999962686.9326389,12.999999999999991,12.904499009576284,16.74847084715829,6.1060366622275195,1.5001177930900464,0,0,0,0,-1,inf,0,-1,0,0,6080,1597,0,1876,0,2607,1.7713305110539124,4.268821640627037,False
lane_choice,P3,9010,40,4.0,3.0,11.415283391778743,7.917465961148334,0.1974985300149305,9.757018575009285e-05,999902429.81425,12.999999999999991,12.91210617836171,16.755131274768452,6.1060366622275195,1.5001885304115121,0,0,0,0,-1,inf,0,-1,0,0,6080,1784,0,1780,0,2516,1.7713305110539124,4.268821640627037,False
lane_choice,P4,9010,40,4.0,3.0,12.011930681626641,8.339167020023577,0.15681014940403565,3.197086409443261e-05,999968029.1359055,12.99999999999999,12.903358507552323,16.74847084715829,6.1060366622275195,1.508038196389593,0,0,0,0,-1,inf,0,-1,0,0,6080,1616,0,1788,0,2676,1.7713305110539124,4.268821640627037,False
lane_choice,P0,9011,40,4.0,3.0,-1.4841772517946126,-13.800125353527465,0.7112488585418857,0.27149979741639463,728500202.5836054,12.99999999999999,12.882786325056207,16.782438462261936,inf,1.5013499953110632,0,0,0,0,-1,inf,0,-1,0,0,6080,1879,0,1762,0,2439,1.7436137995682202,4.189080685436053,False
lane_choice,P1,9011,40,4.0,3.0,11.415283391778743,7.917465961148334,0.1974985300149305,9.757018575009285e-05,999902429.81425,12.999999999999991,12.91210617836171,16.755131274768452,6.1060366622275195,1.5001885304115121,0,0,0,0,-1,inf,0,-1,0,0,6080,1784,0,1780,0,2516,1.7436137995682202,4.189080685436053,False
lane_choice,P2,9011,40,4.0,3.0,12.011930681626641,8.339167020023577,0.15681014940403565,3.197086409443261e-05,999968029.1359055,12.99999999999999,12.903358507552323,16.74847084715829,6.1060366622275195,1.508038196389593,0,0,0,0,-1,inf,0,-1,0,0,6080,1616,0,1788,0,2676,1.7436137995682202,4.189080685436053,False
lane_choice,P3,9011,40,4.0,3.0,11.745317892373032,8.685339274074892,0.16510820070869775,2.5949230389124718e-05,999974050.769611,12.999999999999996,12.910190221619104,16.75414086214862,6.1060366622275195,1.5000540543503091,0,0,0,0,-1,inf,0,-1,0,0,6080,1704,0,1816,0,2560,1.7436137995682202,4.189080685436053,False
lane_choice,P4,9011,40,4.0,3.0,12.011930681626641,8.339167020023577,0.15681014940403565,3.197086409443261e-05,999968029.1359055,12.99999999999999,12.903358507552323,16.74847084715829,6.1060366622275195,1.508038196389593,0,0,0,0,-1,inf,0,-1,0,0,6080,1616,0,1788,0,2676,1.7436137995682202,4.189080685436053,False
lane_choice,P0,9012,40,4.0,3.0,-1.4841772517946126,-13.800125353527465,0.7112488585418857,0.27149979741639463,728500202.5836054,12.99999999999999,12.882786325056207,16.782438462261936,inf,1.5013499953110632,0,0,0,0,-1,inf,0,-1,0,0,6080,1879,0,1762,0,2439,1.9271662141782415,4.464680301858925,False
lane_choice,P1,9012,40,4.0,3.0,11.415283391778743,7.917465961148334,0.1974985300149305,9.757018575009285e-05,999902429.81425,12.999999999999991,12.91210617836171,16.755131274768452,6.1060366622275195,1.5001885304115121,0,0,0,0,-1,inf,0,-1,0,0,6080,1784,0,1780,0,2516,1.9271662141782415,4.464680301858925,False
lane_choice,P2,9012,40,4.0,3.0,12.003801535674015,8.30317609867053,0.15770970069748805,3.362030996009834e-05,999966379.6900399,12.999999999999993,12.90378423508218,16.747476673586238,6.1060366622275195,1.5006896560409806,0,0,0,0,-1,inf,0,-1,0,0,6080,1603,0,1869,0,2608,1.9271662141782415,4.464680301858925,False
lane_choice,P3,9012,40,4.0,3.0,12.09113893437139,9.006803560801242,0.14705775191847859,1.3226576274694849e-05,999986773.4237254,12.999999999999991,12.902048996397474,16.74847084715829,6.1060366622275195,1.502900537386866,0,0,0,0,-1,inf,0,-1,0,0,6080,1599,0,1824,0,2657,1.9271662141782415,4.464680301858925,False
lane_choice,P4,9012,40,4.0,3.0,12.011930681626641,8.339167020023577,0.15681014940403565,3.197086409443261e-05,999968029.1359055,12.99999999999999,12.903358507552323,16.74847084715829,6.1060366622275195,1.508038196389593,0,0,0,0,-1,inf,0,-1,0,0,6080,1616,0,1788,0,2676,1.9271662141782415,4.464680301858925,False
lane_choice,P0,9013,40,4.0,3.0,-1.4841772517946126,-13.800125353527465,0.7112488585418857,0.27149979741639463,728500202.5836054,12.99999999999999,12.882786325056207,16.782438462261936,inf,1.5013499953110632,0,0,0,0,-1,inf,0,-1,0,0,6080,1879,0,1762,0,2439,2.0373201874958418,4.768205476191905,False
lane_choice,P1,9013,40,4.0,3.0,11.745317892373032,8.685339274074892,0.16510820070869775,2.5949230389124718e-05,999974050.769611,12.999999999999996,12.910190221619104,16.75414086214862,6.1060366622275195,1.5000540543503091,0,0,0,0,-1,inf,0,-1,0,0,6080,1704,0,1816,0,2560,2.0373201874958418,4.768205476191905,False
lane_choice,P2,9013,40,4.0,3.0,12.004846002929833,8.39448333904421,0.15610001630200873,2.9520593791208435e-05,999970479.4062088,12.999999999999993,12.902589135019047,16.747476673586238,6.1060366622275195,1.5086487573915592,0,0,0,0,-1,inf,0,-1,0,0,6080,1608,0,1796,0,2676,2.0373201874958418,4.768205476191905,False
lane_choice,P3,9013,40,4.0,3.0,12.148535119881036,9.396533745662039,0.13270908330728692,6.12299878901973e-06,999993877.0012109,12.999999999999988,12.909309920487678,16.75414086214862,6.1060366622275195,1.5000811382163608,0,0,0,0,-1,inf,0,-1,0,0,6080,1697,0,1792,0,2591,2.0373201874958418,4.768205476191905,False
lane_choice,P4,9013,40,4.0,3.0,12.011930681626641,8.339167020023577,0.15681014940403565,3.197086409443261e-05,999968029.1359055,12.99999999999999,12.903358507552323,16.74847084715829,6.1060366622275195,1.508038196389593,0,0,0,0,-1,inf,0,-1,0,0,6080,1616,0,1788,0,2676,2.0373201874958418,4.768205476191905,False
lane_choice,P0,9014,40,4.0,3.0,-1.4841772517946126,-13.800125353527465,0.7112488585418857,0.27149979741639463,728500202.5836054,12.99999999999999,12.882786325056207,16.782438462261936,inf,1.5013499953110632,0,0,0,0,-1,inf,0,-1,0,0,6080,1879,0,1762,0,2439,1.7642691193038558,4.258177711704969,False
lane_choice,P1,9014,40,4.0,3.0,11.43164033473314,7.97072833400294,0.19631392238432374,8.974218320885683e-05,999910257.8167912,12.99999999999999,12.911978679206724,16.755131274768452,6.1060366622275195,1.5002839596935633,0,0,0,0,-1,inf,0,-1,0,0,6080,1777,0,1784,0,2519,1.7642691193038558,4.258177711704969,False
lane_choice,P2,9014,40,4.0,3.0,11.01269869819661,6.852514500971516,0.2512075756008333,0.00031252468418453667,999687475.3158153,12.99999999999999,12.902811185911144,16.74847084715829,6.1060366622275195,1.508949992395216,0,0,0,0,-1,inf,0,-1,0,0,6080,1698,0,1785,0,2597,1.7642691193038558,4.258177711704969,False
lane_choice,P3,9014,40,4.0,3.0,11.415283391778743,7.917465961148334,0.1974985300149305,9.757018575009285e-05,999902429.81425,12.999999999999991,12.91210617836171,16.755131274768452,6.1060366622275195,1.5001885304115121,0,0,0,0,-1,inf,0,-1,0,0,6080,1784,0,1780,0,2516,1.7642691193038558,4.258177711704969,False
lane_choice,P4,9014,40,4.0,3.0,12.011930681626641,8.339167020023577,0.15681014940403565,3.197086409443261e-05,999968029.1359055,12.99999999999999,12.903358507552323,16.74847084715829,6.1060366622275195,1.508038196389593,0,0,0,0,-1,inf,0,-1,0,0,6080,1616,0,1788,0,2676,1.7642691193038558,4.258177711704969,False
lane_choice,P0,9015,40,4.0,3.0,-1.4841772517946126,-13.800125353527465,0.7112488585418857,0.27149979741639463,728500202.5836054,12.99999999999999,12.882786325056207,16.782438462261936,inf,1.5013499953110632,0,0,0,0,-1,inf,0,-1,0,0,6080,1879,0,1762,0,2439,1.9980412422365326,4.660037518418148,False
lane_choice,P1,9015,40,4.0,3.0,11.415283391778743,7.917465961148334,0.1974985300149305,9.757018575009285e-05,999902429.81425,12.999999999999991,12.91210617836171,16.755131274768452,6.1060366622275195,1.5001885304115121,0,0,0,0,-1,inf,0,-1,0,0,6080,1784,0,1780,0,2516,1.9980412422365326,4.660037518418148,False
lane_choice,P2,9015,40,4.0,3.0,11.507890071768447,7.586935738170933,0.193672601716863,0.00011453171076863226,999885468.2892313,12.999999999999995,12.911064964602275,16.757163456939804,6.1060366622275195,1.509690408012185,0,0,0,0,-1,inf,0,-1,0,0,6080,1763,0,1741,0,2576,1.9980412422365326,4.660037518418148,False
lane_choice,P3,9015,40,4.0,3.0,11.774323011411733,8.879290723098984,0.16411768005911043,1.9645857822031818e-05,999980354.1421779,12.999999999999986,12.907490514004136,16.74981122510734,6.1060366622275195,1.5021093107878127,0,0,0,0,-1,inf,0,-1,0,0,6080,1685,0,1833,0,2562,1.9980412422365326,4.660037518418148,False
lane_choice,P4,9015,40,4.0,3.0,12.011930681626641,8.339167020023577,0.15681014940403565,3.197086409443261e-05,999968029.1359055,12.99999999999999,12.903358507552323,16.74847084715829,6.1060366622275195,1.508038196389593,0,0,0,0,-1,inf,0,-1,0,0,6080,1616,0,1788,0,2676,1.9980412422365326,4.660037518418148,False
lane_choice,P0,9016,40,4.0,3.0,-1.4841772517946126,-13.800125353527465,0.7112488585418857,0.27149979741639463,728500202.5836054,12.99999999999999,12.882786325056207,16.782438462261936,inf,1.5013499953110632,0,0,0,0,-1,inf,0,-1,0,0,6080,1879,0,1762,0,2439,1.9299018766507394,4.486875731446117,False
lane_choice,P1,9016,40,4.0,3.0,11.435182525296545,8.012373056845629,0.19517708609454484,8.383575704004449e-05,999916164.24296,12.99999999999999,12.910819574708963,16.753017151880435,6.1060366622275195,1.501167547298801,0,0,0,0,-1,inf,0,-1,0,0,6080,1768,0,1784,0,2528,1.9299018766507394,4.486875731446117,False
lane_choice,P2,9016,40,4.0,3.0,10.377378381691624,6.359241483953542,0.32074078480850243,0.0010118365022896841,998988163.4977102,12.999999999999993,12.908228620119699,16.74847084715829,6.1060366622275195,1.5054522843923368,0,0,0,0,-1,inf,0,-1,0,0,6080,1834,0,1711,0,2535,1.9299018766507394,4.486875731446117,False
lane_choice,P3,9016,40,4.0,3.0,12.217394029583092,9.563958712468255,0.13327248817366621,5.690294279877467e-06,999994309.7057202,12.999999999999991,12.906959667058455,16.7508040885184,6.1060366622275195,1.5003354388882966,0,0,0,0,-1,inf,0,-1,0,0,6080,1668,0,1821,0,2591,1.9299018766507394,4.486875731446117,False
lane_choice,P4,9016,40,4.0,3.0,12.011930681626641,8.339167020023577,0.15681014940403565,3.197086409443261e-05,999968029.1359055,12.99999999999999,12.903358507552323,16.74847084715829,6.1060366622275195,1.508038196389593,0,0,0,0,-1,inf,0,-1,0,0,6080,1616,0,1788,0,2676,1.9299018766507394,4.486875731446117,False
lane_choice,P0,9017,40,4.0,3.0,-1.4841772517946126,-13.800125353527465,0.7112488585418857,0.27149979741639463,728500202.5836054,12.99999999999999,12.882786325056207,16.782438462261936,inf,1.5013499953110632,0,0,0,0,-1,inf,0,-1,0,0,6080,1879,0,1762,0,2439,1.8993400315457243,4.5334260532590545,False
lane_choice,P1,9017,40,4.0,3.0,11.415283391778743,7.917465961148334,0.1974985300149305,9.757018575009285e-05,999902429.81425,12.999999999999991,12.91210617836171,16.755131274768452,6.1060366622275195,1.5001885304115121,0,0,0,0,-1,inf,0,-1,0,0,6080,1784,0,1780,0,2516,1.8993400315457243,4.5334260532590545,False
lane_choice,P2,9017,40,4.0,3.0,11.710265089585121,7.57851716733349,0.18461764915124,9.98620855735829e-05,999900137.9144264,12.999999999999995,12.903315582714269,16.74847084715829,6.1060366622275195,1.5090698357111858,0,0,0,0,-1,inf,0,-1,0,0,6080,1649,0,1801,0,2630,1.8993400315457243,4.5334260532590545,False
lane_choice,P3,9017,40,4.0,3.0,12.06103769144737,8.820796964255665,0.149943528783212,1.6485141721720045e-05,999983514.8582783,12.999999999999988,12.905142032963575,16.74847084715829,6.1060366622275195,1.5011711343190912,0,0,0,0,-1,inf,0,-1,0,0,6080,1641,0,1855,0,2584,1.8993400315457243,4.5334260532590545,False
lane_choice,P4,9017,40,4.0,3.0,12.011930681626641,8.339167020023577,0.15681014940403565,3.197086409443261e-05,999968029.1359055,12.99999999999999,12.903358507552323,16.74847084715829,6.1060366622275195,1.508038196389593,0,0,0,0,-1,inf,0,-1,0,0,6080,1616,0,1788,0,2676,1.8993400315457243,4.5334260532590545,False
lane_choice,P0,9018,40,4.0,3.0,-1.4841772517946126,-13.800125353527465,0.7112488585418857,0.27149979741639463,728500202.5836054,12.99999999999999,12.882786325056207,16.782438462261936,inf,1.5013499953110632,0,0,0,0,-1,inf,0,-1,0,0,6080,1879,0,1762,0,2439,1.9219556957696475,4.52666371183305,False
lane_choice,P1,9018,40,4.0,3.0,11.435182525296545,8.012373056845629,0.19517708609454484,8.383575704004449e-05,999916164.24296,12.99999999999999,12.910819574708963,16.753017151880435,6.1060366622275195,1.501167547298801,0,0,0,0,-1,inf,0,-1,0,0,6080,1768,0,1784,0,2528,1.9219556957696475,4.52666371183305,False
lane_choice,P2,9018,40,4.0,3.0,11.781337647654865,8.844884109477269,0.16482138816439776,2.1245657122117595e-05,999978754.342878,12.999999999999993,12.909531264591376,16.7508040885184,6.1060366622275195,1.5005320806178246,0,0,0,0,-1,inf,0,-1,0,0,6080,1709,0,1822,0,2549,1.9219556957696475,4.52666371183305,False
lane_choice,P3,9018,40,4.0,3.0,11.435182525296545,8.012373056845629,0.19517708609454484,8.383575704004449e-05,999916164.24296,12.99999999999999,12.910819574708963,16.753017151880435,6.1060366622275195,1.501167547298801,0,0,0,0,-1,inf,0,-1,0,0,6080,1768,0,1784,0,2528,1.9219556957696475,4.52666371183305,False
lane_choice,P4,9018,40,4.0,3.0,12.011930681626641,8.339167020023577,0.15681014940403565,3.197086409443261e-05,999968029.1359055,12.99999999999999,12.903358507552323,16.74847084715829,6.1060366622275195,1.508038196389593,0,0,0,0,-1,inf,0,-1,0,0,6080,1616,0,1788,0,2676,1.9219556957696475,4.52666371183305,False
lane_choice,P0,9019,40,4.0,3.0,-1.4841772517946126,-13.800125353527465,0.7112488585418857,0.27149979741639463,728500202.5836054,12.99999999999999,12.882786325056207,16.782438462261936,inf,1.5013499953110632,0,0,0,0,-1,inf,0,-1,0,0,6080,1879,0,1762,0,2439,1.9161500471131703,4.4972553711419705,False
lane_choice,P1,9019,40,4.0,3.0,11.43164033473314,7.97072833400294,0.19631392238432374,8.974218320885683e-05,999910257.8167912,12.99999999999999,12.911978679206724,16.755131274768452,6.1060366622275195,1.5002839596935633,0,0,0,0,-1,inf,0,-1,0,0,6080,1777,0,1784,0,2519,1.9161500471131703,4.4972553711419705,False
lane_choice,P2,9019,40,4.0,3.0,6.22114497142759,-1.1398083544380668,0.5961647634082897,0.09343108099395504,906568919.006045,12.999999999999991,12.89533766925217,16.74847084715829,6.1060366622275195,1.5013019280306392,0,0,0,0,-1,inf,0,-1,0,0,6080,1996,0,1651,0,2433,1.9161500471131703,4.4972553711419705,False
lane_choice,P3,9019,40,4.0,3.0,4.6257594699021665,-4.70667090739293,0.6005005259340285,0.15813931424911634,841860685.7508837,12.999999999999991,12.894723046559127,16.74847084715829,6.1060366622275195,1.5013550789311432,0,0,0,0,-1,inf,0,-1,0,0,6080,2014,0,1684,0,2382,1.9161500471131703,4.4972553711419705,False
lane_choice,P4,9019,40,4.0,3.0,12.011930681626641,8.339167020023577,0.15681014940403565,3.197086409443261e-05,999968029.1359055,12.99999999999999,12.903358507552323,16.74847084715829,6.1060366622275195,1.508038196389593,0,0,0,0,-1,inf,0,-1,0,0,6080,1616,0,1788,0,2676,1.9161500471131703,4.4972553711419705,False
overtake,P0,9000,50,5.0,3.0,21.338720532306958,17.202168997219456,0.0028416084092311267,2.198531920033225e-25,1000000000.0,44.4626666666666,44.4626666666666,4.542165724510585,2.3163800958621303,inf,0,0,0,0,-1,inf,1,1,0,1,7600,0,0,0,1898,5702,1.8026145351021226,4.0529100391618895,False
overtake,P1,9000,50,5.0,3.0,21.903905833189196,17.202168997219456,0.002487549684967716,2.1851098415832586e-25,1000000000.0,44.563666666666634,44.563666666666634,4.44127562031283,2.0692136837516153,inf,0,0,0,0,-1,inf,1,1,0,1,7600,0,0,0,2222,5378,1.8026145351021226,4.0529100391618895,False
overtake,P2,9000,50,5.0,3.0,21.3380835020035,17.202168997219456,0.0028411620327004855,2.198531920033225e-25,1000000000.0,44.46966666666662,44.46966666666662,4.5351731832700635,2.3423812175446983,inf,0,0,0,0,-1,inf,1,1,0,1,7600,0,0,0,1890,5710,1.8026145351021226,4.0529100391618895,False
overtake,P3,9000,50,5.0,3.0,21.338720532306958,17.202168997219456,0.0028416084092311267,2.198531920033225e-25,1000000000.0,44.4626666666666,44.4626666666666,4.542165724510585,2.3163800958621303,inf,0,0,0,0,-1,inf,1,1,0,1,7600,0,0,0,1898,5702,1.8026145351021226,4.0529100391618895,False
overtake,P4,9000,50,5.0,3.0,21.338720532306958,17.202168997219456,0.0028416084092311267,2.198531920033225e-25,1000000000.0,44.4626666666666,44.4626666666666,4.542165724510585,2.3163800958621303,inf,0,0,0,0,-1,inf,1,1,0,1,7600,0,0,0,1898,5702,1.8026145351021226,4.0529100391618895,False
overtake,P0,9001,50,5.0,3.0,21.261623894460705,17.202168997219456,0.0028492623304254084,2.198531920033225e-25,1000000000.0,44.182666666666606,44.182666666666606,4.821885122603546,2.1459267733129823,inf,0,0,0,0,-1,inf,1,1,0,1,7600,0,0,0,1837,5763,1.6787658847738165,3.8153876236167967,False
overtake,P1,9001,50,5.0,3.0,21.862871262113,17.202168997219456,0.002494456702631554,2.1851098415832407e-25,1000000000.0,44.385,44.385,4.619751150347862,2.207305812887478,inf,0,0,0,0,-1,inf,1,1,0,1,7600,0,0,0,2280,5320,1.6787658847738165,3.8153876236167967,False
overtake,P2,9001,50,5.0,3.0,21.261623894460705,17.202168997219456,0.0028492623304254084,2.198531920033225e-25,1000000000.0,44.182666666666606,44.182666666666606,4.821885122603546,2.1459267733129823,inf,0,0,0,0,-1,inf,1,1,0,1,7600,0,0,0,1837,5763,1.6787658847738165,3.8153876236167967,False
overtake,P3,9001,50,5.0,3.0,21.261623894460705,17.202168997219456,0.0028492623304254084,2.198531920033225e-25,1000000000.0,44.182666666666606,44.182666666666606,4.821885122603546,2.1459267733129823,inf,0,0,0,0,-1,inf,1,1,0,1,7600,0,0,0,1837,5763,1.6787658847738165,3.8153876236167967,False
overtake,P4,9001,50,5.0,3.0,21.261623894460705,17.202168997219456,0.0028492623304254084,2.198531920033225e-25,1000000000.0,44.182666666666606,44.182666666666606,4.821885122603546,2.1459267733129823,inf,0,0,0,0,-1,inf,1,1,0,1,7600,0,0,0,1837,5763,1.6787658847738165,3.8153876236167967,False
overtake,P0,9002,50,5.0,3.0,21.17849948318977,17.202168997219456,0.0028711186001366064,2.198531920033225e-25,1000000000.0,44.23633333333328,44.23633333333328,4.76826968640114,2.3783430678564477,inf,0,0,0,0,-1,inf,1,1,0,1,7600,0,0,0,1749,5851,1.6481510573939013,3.7795771014469737,False
overtake,P1,9002,50,5.0,3.0,21.784969522666078,17.202168997219456,0.0025045746215698206,2.1851098415832407e-25,1000000000.0,44.45099999999997,44.45099999999997,4.553820010841517,2.4406460436527633,inf,0,0,0,0,-1,inf,1,1,0,1,7600,0,0,0,2157,5443,1.6481510573939013,3.7795771014469737,False
overtake,P2,9002,50,5.0,3.0,21.17849948318977,17.202168997219456,0.0028711186001366064,2.198531920033225e-25,1000000000.0,44.23633333333328,44.23633333333328,4.76826968640114,2.3783430678564477,inf,0,0,0,0,-1,inf,1,1,0,1,7600,0,0,0,1749,5851,1.6481510573939013,3.7795771014469737,False
overtake,P3,9002,50,5.0,3.0,21.17849948318977,17.202168997219456,0.0028711186001366064,2.198531920033225e-25,1000000000.0,44.23633333333328,44.23633333333328,4.76826968640114,2.3783430678564477,inf,0,0,0,0,-1,inf,1,1,0,1,7600,0,0,0,1749,5851,1.6481510573939013,3.7795771014469737,False
overtake,P4,9002,50,5.0,3.0,21.17849948318977,17.202168997219456,0.0028711186001366064,2.198531920033225e-25,1000000000.0,44.23633333333328,44.23633333333328,4.76826968640114,2.3783430678564477,inf,0,0,0,0,-1,inf,1,1,0,1,7600,0,0,0,1749,5851,1.6481510573939013,3.7795771014469737,False
overtake,P0,9003,50,5.0,3.0,21.24302892511386,17.202168997219456,0.002856492593564346,2.198531920033225e-25,1000000000.0,44.262333333333274,44.262333333333274,4.742294922881261,2.2895495732691975,inf,0,0,0,0,-1,inf,1,1,0,1,7600,0,0,0,1855,5745,1.7406826412036944,3.951445728676361,False
overtake,P1,9003,50,5.0,3.0,21.796769593295313,17.202168997219456,0.0025004958213242813,2.185109841583251e-25,1000000000.0,44.17666666666664,44.17666666666664,4.827879465726653,2.1248088425130236,inf,0,0,0,0,-1,inf,1,1,0,1,7600,0,0,0,1966,5634,1.7406826412036944,3.951445728676361,False
overtake,P2,9003,50,5.0,3.0,21.270399274889574,17.202168997219456,0.0028346641170101106,2.198254193701115e-25,1000000000.0,44.26399999999994,44.26399999999994,4.74062988337425,2.2978038376581686,inf,0,0,0,0,-1,inf,1,1,0,1,7600,0,0,0,1860,5740,1.7406826412036944,3.951445728676361,False
overtake,P3,9003,50,5.0,3.0,21.24302892511386,17.202168997219456,0.002856492593564346,2.198531920033225e-25,1000000000.0,44.262333333333274,44.262333333333274,4.742294922881261,2.2895495732691975,inf,0,0,0,0,-1,inf,1,1,0,1,7600,0,0,0,1855,5745,1.7406826412036944,3.951445728676361,False
overtake,P4,9003,50,5.0,3.0,21.240637003524654,17.202168997219456,0.0028566693882438095,2.198531920033225e-25,1000000000.0,44.24733333333328,44.24733333333328,4.757280329724677,2.2895495732691975,inf,0,0,0,0,-1,inf,1,1,0,1,7600,0,0,0,1851,5749,1.7406826412036944,3.951445728676361,False
overtake,P0,9004,50,5.0,3.0,21.290752089313585,17.202168997219456,0.002851384855409055,2.198531920033225e-25,1000000000.0,44.40333333333327,44.40333333333327,4.601436746885192,2.448208749723246,inf,0,0,0,0,-1,inf,1,1,0,1,7600,0,0,0,2004,5596,1.725855587385584,3.9416641517277653,False
overtake,P1,9004,50,5.0,3.0,21.825334454143036,17.202168997219456,0.002495976229532084,2.1851098415832503e-25,1000000000.0,44.47833333333332,44.47833333333332,4.526515783202901,2.337191042853851,inf,0,0,0,0,-1,inf,1,1,0,1,7600,0,0,0,2251,5349,1.725855587385584,3.9416641517277653,False
overtake,P2,9004,50,5.0,3.0,21.397172914873785,17.202168997219456,0.002787241010573002,2.197319403053107e-25,1000000000.0,44.45133333333332,44.45133333333332,4.55348703035212,2.477220192018365,inf,0,0,0,0,-1,inf,1,1,0,1,7600,0,0,0,2080,5520,1.725855587385584,3.9416641517277653,False
overtake,P3,9004,50,5.0,3.0,21.290752089313585,17.202168997219456,0.002851384855409055,2.198531920033225e-25,1000000000.0,44.40333333333327,44.40333333333327,4.601436746885192,2.448208749723246,inf,0,0,0,0,-1,inf,1,1,0,1,7600,0,0,0,2004,5596,1.725855587385584,3.9416641517277653,False
overtake,P4,9004,50,5.0,3.0,21.2845565381905,17.202168997219456,0.002851881320632368,2.198531920033225e-25,1000000000.0,44.377666666666585,44.377666666666585,4.62707695371339,2.485729190332033,inf,0,0,0,0,-1,inf,1,1,0,1,7600,0,0,0,1985,5615,1.725855587385584,3.9416641517277653,False
overtake,P0,9005,50,5.0,3.0,21.26388001810447,17.202168997219456,0.0028483451626623336,2.198531920033225e-25,1000000000.0,44.12333333333327,44.12333333333327,4.8811631266449975,2.179685067199086,inf,0,0,0,0,-1,inf,1,1,0,1,7600,0,0,0,1866,5734,1.5318607094345342,3.558985847465987,False
overtake,P1,9005,50,5.0,3.0,21.82295782663276,17.202168997219456,0.002494079931710107,2.185109841583251e-25,1000000000.0,44.019999999999996,44.019999999999996,4.984403243231873,2.106480383557576,inf,0,0,0,0,-1,inf,1,1,0,1,7600,0,0,0,2084,5516,1.5318607094345342,3.558985847465987,False
overtake,P2,9005,50,5.0,3.0,21.26388001810447,17.202168997219456,0.0028483451626623336,2.198531920033225e-25,1000000000.0,44.12333333333327,44.12333333333327,4.8811631266449975,2.179685067199086,inf,0,0,0,0,-1,inf,1,1,0,1,7600,0,0,0,1866,5734,1.5318607094345342,3.558985847465987,False
overtake,P3,9005,50,5.0,3.0,21.26388001810447,17.202168997219456,0.0028483451626623336,2.198531920033225e-25,1000000000.0,44.12333333333327,44.12333333333327,4.8811631266449975,2.179685067199086,inf,0,0,0,0,-1,inf,1,1,0,1,7600,0,0,0,1866,5734,1.5318607094345342,3.558985847465987,False
overtake,P4,9005,50,5.0,3.0,21.26388001810447,17.202168997219456,0.0028483451626623336,2.198531920033225e-25,1000000000.0,44.12333333333327,44.12333333333327,4.8811631266449975,2.179685067199086,inf,0,0,0,0,-1,inf,1,1,0,1,7600,0,0,0,1866,5734,1.5318607094345342,3.558985847465987,False
overtake,P0,9006,50,5.0,3.0,21.325687384039792,17.202168997219456,0.002842114891346042,2.198531920033225e-25,1000000000.0,44.11399999999992,44.11399999999992,4.890487878641677,2.030381849922717,inf,0,0,0,0,-1,inf,1,1,0,1,7600,0,0,0,1788,5812,1.6017793428370208,3.6880865781645213,False
overtake,P1,9006,50,5.0,3.0,21.94428604728789,17.202168997219456,0.002479729202657651,2.1851098415832407e-25,1000000000.0,44.176999999999985,44.176999999999985,4.779891064283617,2.011895190477771,inf,0,0,0,0,-1,inf,2,1,0,2,7600,0,0,0,2246,5354,1.6017793428370208,3.6880865781645213,False
overtake,P2,9006,50,5.0,3.0,21.325687384039792,17.202168997219456,0.002842114891346042,2.198531920033225e-25,1000000000.0,44.11399999999992,44.11399999999992,4.890487878641677,2.030381849922717,inf,0,0,0,0,-1,inf,1,1,0,1,7600,0,0,0,1788,5812,1.6017793428370208,3.6880865781645213,False
overtake,P3,9006,50,5.0,3.0,21.325687384039792,17.202168997219456,0.002842114891346042,2.198531920033225e-25,1000000000.0,44.11399999999992,44.11399999999992,4.890487878641677,2.030381849922717,inf,0,0,0,0,-1,inf,1,1,0,1,7600,0,0,0,1788,5812,1.6017793428370208,3.6880865781645213,False
overtake,P4,9006,50,5.0,3.0,21.325687384039792,17.202168997219456,0.002842114891346042,2.198531920033225e-25,1000000000.0,44.11399999999992,44.11399999999992,4.890487878641677,2.030381849922717,inf,0,0,0,0,-1,inf,1,1,0,1,7600,0,0,0,1788,5812,1.6017793428370208,3.6880865781645213,False
overtake,P0,9007,50,5.0,3.0,21.25400828700836,17.202168997219456,0.0028510924092651196,2.198531920033225e-25,1000000000.0,44.10799999999994,44.10799999999994,4.896482379335288,2.3218914520020917,inf,0,0,0,0,-1,inf,1,1,0,1,7600,0,0,0,1725,5875,1.6729096877533374,3.855863466851665,False
overtake,P1,9007,50,5.0,3.0,21.7615240584246,17.202168997219456,0.0024977234652148626,2.1851098415832503e-25,1000000000.0,44.12333333333332,44.12333333333332,4.881163126644948,2.182237188510233,inf,0,0,0,0,-1,inf,1,1,0,1,7600,0,0,0,1926,5674,1.6729096877533374,3.855863466851665,False
overtake,P2,9007,50,5.0,3.0,21.25400828700836,17.202168997219456,0.0028510924092651196,2.198531920033225e-25,1000000000.0,44.10799999999994,44.10799999999994,4.896482379335288,2.3218914520020917,inf,0,0,0,0,-1,inf,1,1,0,1,7600,0,0,0,1725,5875,1.6729096877533374,3.855863466851665,False
overtake,P3,9007,50,5.0,3.0,21.25400828700836,17.202168997219456,0.0028510924092651196,2.198531920033225e-25,1000000000.0,44.10799999999994,44.10799999999994,4.896482379335288,2.3218914520020917,inf,0,0,0,0,-1,inf,1,1,0,1,7600,0,0,0,1725,5875,1.6729096877533374,3.855863466851665,False
overtake,P4,9007,50,5.0,3.0,21.25400828700836,17.202168997219456,0.0028510924092651196,2.198531920033225e-25,1000000000.0,44.10799999999994,44.10799999999994,4.896482379335288,2.3218914520020917,inf,0,0,0,0,-1,inf,1,1,0,1,7600,0,0,0,1725,5875,1.6729096877533374,3.855863466851665,False
overtake,P0,9008,50,5.0,3.0,21.329999241655997,17.202168997219456,0.002839846152843566,2.198531920033225e-25,1000000000.0,44.276333333333255,44.276333333333255,4.728308626656988,2.1182637856303828,inf,0,0,0,0,-1,inf,1,1,0,1,7600,0,0,0,1749,5851,1.6221160007640243,3.758897473583504,False
overtake,P1,9008,50,5.0,3.0,21.973233574853598,17.202168997219456,0.0024841333349963895,2.1851098415832407e-25,1000000000.0,44.43666666666665,44.43666666666665,4.568138220572098,2.0349324085635976,inf,0,0,0,0,-1,inf,1,1,0,1,7600,0,0,0,2202,5398,1.6221160007640243,3.758897473583504,False
overtake,P2,9008,50,5.0,3.0,21.329999241655997,17.202168997219456,0.002839846152843566,2.198531920033225e-25,1000000000.0,44.276333333333255,44.276333333333255,4.728308626656988,2.1182637856303828,inf,0,0,0,0,-1,inf,1,1,0,1,7600,0,0,0,1749,5851,1.6221160007640243,3.758897473583504,False
overtake,P3,9008,50,5.0,3.0,21.329999241655997,17.202168997219456,0.002839846152843566,2.198531920033225e-25,1000000000.0,44.276333333333255,44.276333333333255,4.728308626656988,2.1182637856303828,inf,0,0,0,0,-1,inf,1,1,0,1,7600,0,0,0,1749,5851,1.6221160007640243,3.758897473583504,False
overtake,P4,9008,50,5.0,3.0,21.32982935135136,17.202168997219456,0.0028398558007436607,2.198531920033225e-25,1000000000.0,44.272999999999925,44.272999999999925,4.731638689834748,2.1182637856303828,inf,0,0,0,0,-1,inf,1,1,0,1,7600,0,0,0,1748,5852,1.6221160007640243,3.758897473583504,False
overtake,P0,9009,50,5.0,3.0,21.19133315638321,17.202168997219456,0.0028610296962760908,2.198531920033225e-25,1000000000.0,44.04433333333326,44.04433333333326,4.960091511479621,2.5348573459592996,inf,0,0,0,0,-1,inf,1,1,0,1,7600,0,0,0,1743,5857,1.4965532936838892,3.531104416482918,False
overtake,P1,9009,50,5.0,3.0,21.765092366737473,17.202168997219456,0.0025031249921905947,2.1851098415832407e-25,1000000000.0,44.181999999999995,44.181999999999995,4.8225511600334965,2.3481788323926707,inf,0,0,0,0,-1,inf,1,1,0,1,7600,0,0,0,2055,5545,1.4965532936838892,3.531104416482918,False
overtake,P2,9009,50,5.0,3.0,21.222661002555117,17.202168997219456,0.002836613598817822,2.197331358113668e-25,1000000000.0,44.05799999999993,44.05799999999993,4.946437070371065,2.5406012704677523,inf,0,0,0,0,-1,inf,1,1,0,1,7600,0,0,0,1750,5850,1.4965532936838892,3.531104416482918,False
overtake,P3,9009,50,5.0,3.0,21.19673174744808,17.202168997219456,0.002852968109405774,2.1980766220599543e-25,1000000000.0,44.038666666666586,44.038666666666586,4.965753128739449,2.5463725546429083,inf,0,0,0,0,-1,inf,1,1,0,1,7600,0,0,0,1733,5867,1.4965532936838892,3.531104416482918,False
overtake,P4,9009,50,5.0,3.0,21.19133315638321,17.202168997219456,0.0028610296962760908,2.198531920033225e-25,1000000000.0,44.04433333333326,44.04433333333326,4.960091511479621,2.5348573459592996,inf,0,0,0,0,-1,inf,1,1,0,1,7600,0,0,0,1743,5857,1.4965532936838892,3.531104416482918,False
overtake,P0,9010,50,5.0,3.0,21.279676087139265,17.202168997219456,0.002854304502656488,2.198531920033225e-25,1000000000.0,44.3906666666666,44.3906666666666,4.614090318678081,2.404725584758776,inf,0,0,0,0,-1,inf,3,1,0,3,7600,0,0,0,2058,5542,1.5339110196654433,3.583314711264141,False
overtake,P1,9010,50,5.0,3.0,21.90753347300171,17.202168997219456,0.0024889762236191466,2.1851098415832407e-25,1000000000.0,44.623333333333335,44.623333333333335,4.3816762548426,2.2621052560256487,inf,0,0,0,0,-1,inf,3,1,0,3,7600,0,0,0,2475,5125,1.5339110196654433,3.583314711264141,False
overtake,P2,9010,50,5.0,3.0,21.279676087139265,17.202168997219456,0.002854304502656488,2.198531920033225e-25,1000000000.0,44.3906666666666,44.3906666666666,4.614090318678081,2.404725584758776,inf,0,0,0,0,-1,inf,3,1,0,3,7600,0,0,0,2058,5542,1.5339110196654433,3.583314711264141,False
overtake,P3,9010,50,5.0,3.0,21.279676087139265,17.202168997219456,0.002854304502656488,2.198531920033225e-25,1000000000.0,44.3906666666666,44.3906666666666,4.614090318678081,2.404725584758776,inf,0,0,0,0,-1,inf,3,1,0,3,7600,0,0,0,2058,5542,1.5339110196654433,3.583314711264141,False
overtake,P4,9010,50,5.0,3.0,21.279676087139265,17.202168997219456,0.002854304502656488,2.198531920033225e-25,1000000000.0,44.3906666666666,44.3906666666666,4.614090318678081,2.404725584758776,inf,0,0,0,0,-1,inf,3,1,0,3,7600,0,0,0,2058,5542,1.5339110196654433,3.583314711264141,False
overtake,P0,9011,50,5.0,3.0,21.232053389456222,17.202168997219456,0.002859168144762358,2.198531920033225e-25,1000000000.0,44.189333333333266,44.189333333333266,4.8152247578819,2.4264184275437954,inf,0,0,0,0,-1,inf,2,1,0,2,7600,0,0,0,2013,5587,1.5113356402439646,3.585860869439825,False
overtake,P1,9011,50,5.0,3.0,21.795493983722917,17.202168997219456,0.0024925381313303883,2.1851098415832407e-25,1000000000.0,44.283333333333296,44.283333333333296,4.713288673248569,2.191749812882785,inf,0,0,0,0,-1,inf,2,1,0,2,7600,0,0,0,2227,5373,1.5113356402439646,3.585860869439825,False
overtake,P2,9011,50,5.0,3.0,21.288993593921155,17.202168997219456,0.0028308952878858228,2.197331358113668e-25,1000000000.0,44.25133333333325,44.25133333333325,4.753284212231821,2.4084095031582877,inf,0,0,0,0,-1,inf,2,1,0,2,7600,0,0,0,2061,5539,1.5113356402439646,3.585860869439825,False
overtake,P3,9011,50,5.0,3.0,21.232053389456222,17.202168997219456,0.002859168144762358,2.198531920033225e-25,1000000000.0,44.189333333333266,44.189333333333266,4.8152247578819,2.4264184275437954,inf,0,0,0,0,-1,inf,2,1,0,2,7600,0,0,0,2013,5587,1.5113356402439646,3.585860869439825,False
overtake,P4,9011,50,5.0,3.0,21.232053389456222,17.202168997219456,0.002859168144762358,2.198531920033225e-25,1000000000.0,44.189333333333266,44.189333333333266,4.8152247578819,2.4264184275437954,inf,0,0,0,0,-1,inf,2,1,0,2,7600,0,0,0,2013,5587,1.5113356402439646,3.585860869439825,False
overtake,P0,9012,50,5.0,3.0,21.29264579175594,17.202168997219456,0.002852217622971763,2.198531920033225e-25,1000000000.0,44.333666666666616,44.333666666666616,4.671032270164554,2.315475267989798,inf,0,0,0,0,-1,inf,1,1,0,1,7600,0,0,0,1967,5633,1.6696234808616635,3.8839542123264392,False
overtake,P1,9012,50,5.0,3.0,21.75925751634452,17.202168997219456,0.0025511108395470643,2.196631872558634e-25,1000000000.0,44.33533333333333,44.33533333333333,4.6693672807192526,2.327366857567097,inf,0,0,0,0,-1,inf,1,1,0,1,7600,0,0,0,2221,5379,1.6696234808616635,3.8839542123264392,False
overtake,P2,9012,50,5.0,3.0,21.29264579175594,17.202168997219456,0.002852217622971763,2.198531920033225e-25,1000000000.0,44.333666666666616,44.333666666666616,4.671032270164554,2.315475267989798,inf,0,0,0,0,-1,inf,1,1,0,1,7600,0,0,0,1967,5633,1.6696234808616635,3.8839542123264392,False
overtake,P3,9012,50,5.0,3.0,21.29264579175594,17.202168997219456,0.002852217622971763,2.198531920033225e-25,1000000000.0,44.333666666666616,44.333666666666616,4.671032270164554,2.315475267989798,inf,0,0,0,0,-1,inf,1,1,0,1,7600,0,0,0,1967,5633,1.6696234808616635,3.8839542123264392,False
overtake,P4,9012,50,5.0,3.0,21.29264579175594,17.202168997219456,0.002852217622971763,2.198531920033225e-25,1000000000.0,44.333666666666616,44.333666666666616,4.671032270164554,2.315475267989798,inf,0,0,0,0,-1,inf,1,1,0,1,7600,0,0,0,1967,5633,1.6696234808616635,3.8839542123264392,False
overtake,P0,9013,50,5.0,3.0,21.20670746987729,17.202168997219456,0.002855199476459174,2.198531920033225e-25,1000000000.0,44.116333333333266,44.116333333333266,4.888156687571722,2.30016201256623,inf,0,0,0,0,-1,inf,1,1,0,1,7600,0,0,0,1738,5862,1.7397502475244335,3.9757968498745773,False
overtake,P1,9013,50,5.0,3.0,21.760519655113676,17.202168997219456,0.0024923236957477197,2.1851098415832407e-25,1000000000.0,44.09866666666665,44.09866666666665,4.905807184917173,1.9827674507958954,inf,0,0,0,0,-1,inf,1,1,0,1,7600,0,0,0,1993,5607,1.7397502475244335,3.9757968498745773,False
overtake,P2,9013,50,5.0,3.0,21.20670746987729,17.202168997219456,0.002855199476459174,2.198531920033225e-25,1000000000.0,44.116333333333266,44.116333333333266,4.888156687571722,2.30016201256623,inf,0,0,0,0,-1,inf,1,1,0,1,7600,0,0,0,1738,5862,1.7397502475244335,3.9757968498745773,False
overtake,P3,9013,50,5.0,3.0,21.20670746987729,17.202168997219456,0.002855199476459174,2.198531920033225e-25,1000000000.0,44.116333333333266,44.116333333333266,4.888156687571722,2.30016201256623,inf,0,0,0,0,-1,inf,1,1,0,1,7600,0,0,0,1738,5862,1.7397502475244335,3.9757968498745773,False
overtake,P4,9013,50,5.0,3.0,21.20670746987729,17.202168997219456,0.002855199476459174,2.198531920033225e-25,1000000000.0,44.116333333333266,44.116333333333266,4.888156687571722,2.30016201256623,inf,0,0,0,0,-1,inf,1,1,0,1,7600,0,0,0,1738,5862,1.7397502475244335,3.9757968498745773,False
overtake,P0,9014,50,5.0,3.0,21.310748185280183,17.202168997219456,0.002846998228496757,2.198531920033225e-25,1000000000.0,44.302666666666596,44.302666666666596,4.702001290470419,2.2800310538595414,inf,0,0,0,0,-1,inf,1,1,0,1,7600,0,0,0,1865,5735,1.4756193938599602,3.537789174473412,False
overtake,P1,9014,50,5.0,3.0,21.890649164309508,17.202168997219456,0.0024864434147553985,2.1851098415832407e-25,1000000000.0,44.34866666666665,44.34866666666665,4.656047408362407,2.3541346088413273,inf,0,0,0,0,-1,inf,1,1,0,1,7600,0,0,0,2198,5402,1.4756193938599602,3.537789174473412,False
overtake,P2,9014,50,5.0,3.0,21.320530644970344,17.202168997219456,0.0028409190844412196,2.1985319200328954e-25,1000000000.0,44.29866666666662,44.29866666666662,4.705997322805436,2.2853889293777074,inf,0,0,0,0,-1,inf,1,1,0,1,7600,0,0,0,1863,5737,1.4756193938599602,3.537789174473412,False
overtake,P3,9014,50,5.0,3.0,21.310748185280183,17.202168997219456,0.002846998228496757,2.198531920033225e-25,1000000000.0,44.302666666666596,44.302666666666596,4.702001290470419,2.2800310538595414,inf,0,0,0,0,-1,inf,1,1,0,1,7600,0,0,0,1865,5735,1.4756193938599602,3.537789174473412,False
overtake,P4,9014,50,5.0,3.0,21.310748185280183,17.202168997219456,0.002846998228496757,2.198531920033225e-25,1000000000.0,44.302666666666596,44.302666666666596,4.702001290470419,2.2800310538595414,inf,0,0,0,0,-1,inf,1,1,0,1,7600,0,0,0,1865,5735,1.4756193938599602,3.537789174473412,False
overtake,P0,9015,50,5.0,3.0,21.256784218166526,17.202168997219456,0.002851317822126359,2.198531920033225e-25,1000000000.0,44.12199999999995,44.12199999999995,4.882495232065349,2.0922346758846118,inf,0,0,0,0,-1,inf,1,1,0,1,7600,0,0,0,1771,5829,1.7054485788917324,3.8853451910131684,False
overtake,P1,9015,50,5.0,3.0,21.77372401906741,17.202168997219456,0.002515639495300703,2.185109841583679e-25,1000000000.0,44.215999999999994,44.215999999999994,4.788583474383676,2.1155378294614855,inf,0,0,0,0,-1,inf,1,1,0,1,7600,0,0,0,2143,5457,1.7054485788917324,3.8853451910131684,False
overtake,P2,9015,50,5.0,3.0,21.276995534759926,17.202168997219456,0.0028302363727736703,2.197331358113668e-25,1000000000.0,44.12499999999996,44.12499999999996,4.879497995812765,2.1029689614123006,inf,0,0,0,0,-1,inf,1,1,0,1,7600,0,0,0,1792,5808,1.7054485788917324,3.8853451910131684,False
overtake,P3,9015,50,5.0,3.0,21.256784218166526,17.202168997219456,0.002851317822126359,2.198531920033225e-25,1000000000.0,44.12199999999995,44.12199999999995,4.882495232065349,2.0922346758846118,inf,0,0,0,0,-1,inf,1,1,0,1,7600,0,0,0,1771,5829,1.7054485788917324,3.8853451910131684,False
overtake,P4,9015,50,5.0,3.0,21.252653732753938,17.202168997219456,0.0028516904767074774,2.198531920033225e-25,1000000000.0,44.109333333333254,44.109333333333254,4.895150266905563,2.0922346758846118,inf,0,0,0,0,-1,inf,1,1,0,1,7600,0,0,0,1769,5831,1.7054485788917324,3.8853451910131684,False
overtake,P0,9016,50,5.0,3.0,21.192140694169346,17.202168997219456,0.0028578605931769818,2.198531920033225e-25,1000000000.0,43.93366666666659,43.93366666666659,5.070661607284163,2.306538382217994,inf,0,0,0,0,-1,inf,1,1,0,1,7600,0,0,0,1568,6032,1.7295659107402748,3.857901806231145,False
overtake,P1,9016,50,5.0,3.0,21.83431390813673,17.202168997219456,0.002496161090749212,2.1851098415832554e-25,1000000000.0,44.21166666666666,44.21166666666666,4.7929126637412836,1.9261646047672603,inf,0,0,0,0,-1,inf,2,1,0,2,7600,0,0,0,2097,5503,1.7295659107402748,3.857901806231145,False
overtake,P2,9016,50,5.0,3.0,21.239391386527778,17.202168997219456,0.002834630210115531,2.1984727898461514e-25,1000000000.0,43.986999999999924,43.986999999999924,5.01737428254472,2.28557527154284,inf,0,0,0,0,-1,inf,1,1,0,1,7600,0,0,0,1613,5987,1.7295659107402748,3.857901806231145,False
overtake,P3,9016,50,5.0,3.0,21.192140694169346,17.202168997219456,0.0028578605931769818,2.198531920033225e-25,1000000000.0,43.93366666666659,43.93366666666659,5.070661607284163,2.306538382217994,inf,0,0,0,0,-1,inf,1,1,0,1,7600,0,0,0,1568,6032,1.7295659107402748,3.857901806231145,False
overtake,P4,9016,50,5.0,3.0,21.186145990736005,17.202168997219456,0.0028584552164749484,2.198531920033225e-25,1000000000.0,43.9106666666666,43.9106666666666,5.09364206329016,2.306538382217994,inf,0,0,0,0,-1,inf,1,1,0,1,7600,0,0,0,1551,6049,1.7295659107402748,3.857901806231145,False
overtake,P0,9017,50,5.0,3.0,21.36365684177374,17.202168997219456,0.0028377431518467173,2.198531920033225e-25,1000000000.0,44.38566666666662,44.38566666666662,4.616066857020643,2.3061592598406584,inf,0,0,0,0,-1,inf,2,1,0,2,7600,0,0,0,1996,5604,1.6019623543179136,3.7139958725942073,False
overtake,P1,9017,50,5.0,3.0,21.866488117593768,17.202168997219456,0.0024904649013805014,2.1851098415832407e-25,1000000000.0,44.44666666666667,44.44666666666667,4.550478119645548,2.263219743163089,inf,0,0,0,0,-1,inf,2,1,0,2,7600,0,0,0,2285,5315,1.6019623543179136,3.7139958725942073,False
overtake,P2,9017,50,5.0,3.0,21.36365684177374,17.202168997219456,0.0028377431518467173,2.198531920033225e-25,1000000000.0,44.38566666666662,44.38566666666662,4.616066857020643,2.3061592598406584,inf,0,0,0,0,-1,inf,2,1,0,2,7600,0,0,0,1996,5604,1.6019623543179136,3.7139958725942073,False
overtake,P3,9017,50,5.0,3.0,21.36365684177374,17.202168997219456,0.0028377431518467173,2.198531920033225e-25,1000000000.0,44.38566666666662,44.38566666666662,4.616066857020643,2.3061592598406584,inf,0,0,0,0,-1,inf,2,1,0,2,7600,0,0,0,1996,5604,1.6019623543179136,3.7139958725942073,False
overtake,P4,9017,50,5.0,3.0,21.36365684177374,17.202168997219456,0.0028377431518467173,2.198531920033225e-25,1000000000.0,44.38566666666662,44.38566666666662,4.616066857020643,2.3061592598406584,inf,0,0,0,0,-1,inf,2,1,0,2,7600,0,0,0,1996,5604,1.6019623543179136,3.7139958725942073,False
overtake,P0,9018,50,5.0,3.0,21.067010798785322,17.202168997219456,0.003003083236521605,2.2268926064971396e-25,1000000000.0,44.091999999999935,44.091999999999935,4.912467780163145,2.2425593989173773,inf,0,0,0,0,-1,inf,1,1,0,1,7600,0,0,0,1793,5807,1.6244253770872066,3.7901867091228025,False
overtake,P1,9018,50,5.0,3.0,21.686749397764174,17.202168997219456,0.0026455296477285533,2.2241362405796366e-25,1000000000.0,44.341666666666654,44.341666666666654,4.663040331756196,2.3307650655359824,inf,0,0,0,0,-1,inf,1,1,0,1,7600,0,0,0,2187,5413,1.6244253770872066,3.7901867091228025,False
overtake,P2,9018,50,5.0,3.0,21.051017501119514,17.202168997219456,0.003004741746254125,2.2268926064971396e-25,1000000000.0,44.03499999999995,44.03499999999995,4.969416534276525,2.2889394945220234,inf,0,0,0,0,-1,inf,1,1,0,1,7600,0,0,0,1756,5844,1.6244253770872066,3.7901867091228025,False
overtake,P3,9018,50,5.0,3.0,21.067010798785322,17.202168997219456,0.003003083236521605,2.2268926064971396e-25,1000000000.0,44.091999999999935,44.091999999999935,4.912467780163145,2.2425593989173773,inf,0,0,0,0,-1,inf,1,1,0,1,7600,0,0,0,1793,5807,1.6244253770872066,3.7901867091228025,False
overtake,P4,9018,50,5.0,3.0,21.067010798785322,17.202168997219456,0.003003083236521605,2.2268926064971396e-25,1000000000.0,44.091999999999935,44.091999999999935,4.912467780163145,2.2425593989173773,inf,0,0,0,0,-1,inf,1,1,0,1,7600,0,0,0,1793,5807,1.6244253770872066,3.7901867091228025,False
overtake,P0,9019,50,5.0,3.0,21.30370120883777,17.202168997219456,0.002841368330932478,2.198531920033225e-25,1000000000.0,44.06033333333327,44.06033333333327,4.944105831079954,2.2130064271360883,inf,0,0,0,0,-1,inf,1,1,0,1,7600,0,0,0,1651,5949,1.6346609010236943,3.77174078988068,False
overtake,P1,9019,50,5.0,3.0,21.952724646801997,17.202168997219456,0.0024751963801516513,2.1851098415832407e-25,1000000000.0,44.210999999999984,44.210999999999984,4.761019108267675,2.005003298112062,inf,0,0,0,0,-1,inf,1,1,0,1,7600,0,0,0,2138,5462,1.6346609010236943,3.77174078988068,False
overtake,P2,9019,50,5.0,3.0,21.38235564004451,17.202168997219456,0.002825430165318055,2.198531920033225e-25,1000000000.0,44.189333333333266,44.189333333333266,4.8152247578819,2.1178023003163173,inf,0,0,0,0,-1,inf,1,1,0,1,7600,0,0,0,1738,5862,1.6346609010236943,3.77174078988068,False
overtake,P3,9019,50,5.0,3.0,21.30370120883777,17.202168997219456,0.002841368330932478,2.198531920033225e-25,1000000000.0,44.06033333333327,44.06033333333327,4.944105831079954,2.2130064271360883,inf,0,0,0,0,-1,inf,1,1,0,1,7600,0,0,0,1651,5949,1.6346609010236943,3.77174078988068,False
overtake,P4,9019,50,5.0,3.0,21.29903244262778,17.202168997219456,0.002841763670059654,2.198531920033225e-25,1000000000.0,44.03866666666659,44.03866666666659,4.965753128739442,2.2347452093460136,inf,0,0,0,0,-1,inf,1,1,0,1,7600,0,0,0,1646,5954,1.6346609010236943,3.77174078988068,False
intersection_turn,P0,9000,50,5.0,3.0,18.45016413902354,14.72403780401211,0.009583601361218046,2.2614855272116717e-15,999999999.9999979,42.47666666666666,42.47666666666666,5.5809686534786405,3.9550147740798045,inf,0,0,0,0,-1,inf,0,-1,0,0,7600,0,0,0,1177,6423,1.7750604023869527,3.977239932993864,False
intersection_turn,P1,9000,50,5.0,3.0,18.44936885212539,14.72403780401211,0.009584004251749127,2.2614855272116717e-15,999999999.9999979,42.45,42.45,5.60736123323618,3.9550147740798045,inf,0,0,0,0,-1,inf,0,-1,0,0,7600,0,0,0,1165,6435,1.7750604023869527,3.977239932993864,False
intersection_turn,P2,9000,50,5.0,3.0,18.45016413902354,14.72403780401211,0.009583601361218046,2.2614855272116717e-15,999999999.9999979,42.47666666666666,42.47666666666666,5.5809686534786405,3.9550147740798045,inf,0,0,0,0,-1,inf,0,-1,0,0,7600,0,0,0,1177,6423,1.7750604023869527,3.977239932993864,False
intersection_turn,P3,9000,50,5.0,3.0,18.45016413902354,14.72403780401211,0.009583601361218046,2.2614855272116717e-15,999999999.9999979,42.47666666666666,42.47666666666666,5.5809686534786405,3.9550147740798045,inf,0,0,0,0,-1,inf,0,-1,0,0,7600,0,0,0,1177,6423,1.7750604023869527,3.977239932993864,False
intersection_turn,P4,9000,50,5.0,3.0,18.45016413902354,14.72403780401211,0.009583601361218046,2.2614855272116717e-15,999999999.9999979,42.47666666666666,42.47666666666666,5.5809686534786405,3.9550147740798045,inf,0,0,0,0,-1,inf,0,-1,0,0,7600,0,0,0,1177,6423,1.7750604023869527,3.977239932993864,False
intersection_turn,P0,9001,50,5.0,3.0,18.45376702223107,14.72403780401211,0.009580544509124515,2.2614855272116717e-15,999999999.9999979,42.403333333333315,42.403333333333315,5.653554437500181,3.9550147740798045,inf,0,0,0,0,-1,inf,0,-1,0,0,7600,0,0,0,1072,6528,1.682506057521995,3.6673418076132815,False
intersection_turn,P1,9001,50,5.0,3.0,18.453737045843482,14.72403780401211,0.009580558757145892,2.2614855272116717e-15,999999999.9999979,42.399999999999984,42.399999999999984,5.656854249492396,3.9550147740798045,inf,0,0,0,0,-1,inf,0,-1,0,0,7600,0,0,0,1071,6529,1.682506057521995,3.6673418076132815,False
intersection_turn,P2,9001,50,5.0,3.0,18.45376702223107,14.72403780401211,0.009580544509124515,2.2614855272116717e-15,999999999.9999979,42.403333333333315,42.403333333333315,5.653554437500181,3.9550147740798045,inf,0,0,0,0,-1,inf,0,-1,0,0,7600,0,0,0,1072,6528,1.682506057521995,3.6673418076132815,False
intersection_turn,P3,9001,50,5.0,3.0,18.45376702223107,14.72403780401211,0.009580544509124515,2.2614855272116717e-15,999999999.9999979,42.403333333333315,42.403333333333315,5.653554437500181,3.9550147740798045,inf,0,0,0,0,-1,inf,0,-1,0,0,7600,0,0,0,1072,6528,1.682506057521995,3.6673418076132815,False
intersection_turn,P4,9001,50,5.0,3.0,18.45376702223107,14.72403780401211,0.009580544509124515,2.2614855272116717e-15,999999999.9999979,42.403333333333315,42.403333333333315,5.653554437500181,3.9550147740798045,inf,0,0,0,0,-1,inf,0,-1,0,0,7600,0,0,0,1072,6528,1.682506057521995,3.6673418076132815,False
intersection_turn,P0,9002,50,5.0,3.0,18.459317928893164,14.72403780401211,0.00957785369382095,2.2614855272116717e-15,999999999.9999979,42.51,42.51,5.547981614965935,3.9550147740798045,inf,0,0,0,0,-1,inf,0,-1,0,0,7600,0,0,0,1182,6418,1.6613156227064898,3.6929355065140435,False
intersection_turn,P1,9002,50,5.0,3.0,18.519215725209605,14.72403780401211,0.009558485046925018,2.2614855272116717e-15,999999999.9999979,42.45999999999999,42.45943207572928,5.594038895980966,3.9550147740798045,inf,0,0,0,0,-1,inf,0,-1,0,0,7600,24,0,0,1144,6432,1.6613156227064898,3.6929355065140435,False
intersection_turn,P2,9002,50,5.0,3.0,18.459317928893164,14.72403780401211,0.00957785369382095,2.2614855272116717e-15,999999999.9999979,42.51,42.51,5.547981614965935,3.9550147740798045,inf,0,0,0,0,-1,inf,0,-1,0,0,7600,0,0,0,1182,6418,1.6613156227064898,3.6929355065140435,False
intersection_turn,P3,9002,50,5.0,3.0,18.459317928893164,14.72403780401211,0.00957785369382095,2.2614855272116717e-15,999999999.9999979,42.51,42.51,5.547981614965935,3.9550147740798045,inf,0,0,0,0,-1,inf,0,-1,0,0,7600,0,0,0,1182,6418,1.6613156227064898,3.6929355065140435,False
intersection_turn,P4,9002,50,5.0,3.0,18.459317928893164,14.72403780401211,0.00957785369382095,2.2614855272116717e-15,999999999.9999979,42.51,42.51,5.547981614965935,3.9550147740798045,inf,0,0,0,0,-1,inf,0,-1,0,0,7600,0,0,0,1182,6418,1.6613156227064898,3.6929355065140435,False
intersection_turn,P0,9003,50,5.0,3.0,18.435147623825358,14.72403780401211,0.009592408909624183,2.2614855272116717e-15,999999999.9999979,42.246,42.246,5.809347295522964,3.9550147740798045,inf,0,0,0,0,-1,inf,0,-1,0,0,7600,0,0,0,1049,6551,1.7389684518276498,3.7694450536013955,False
intersection_turn,P1,9003,50,5.0,3.0,18.433766615926785,14.72403780401211,0.009593145693098642,2.2614855272116717e-15,999999999.9999979,42.21,42.21,5.845006415736427,3.9550147740798045,inf,0,0,0,0,-1,inf,0,-1,0,0,7600,0,0,0,1039,6561,1.7389684518276498,3.7694450536013955,False
intersection_turn,P2,9003,50,5.0,3.0,18.435147623825358,14.72403780401211,0.009592408909624183,2.2614855272116717e-15,999999999.9999979,42.246,42.246,5.809347295522964,3.9550147740798045,inf,0,0,0,0,-1,inf,0,-1,0,0,7600,0,0,0,1049,6551,1.7389684518276498,3.7694450536013955,False
intersection_turn,P3,9003,50,5.0,3.0,18.435147623825358,14.72403780401211,0.009592408909624183,2.2614855272116717e-15,999999999.9999979,42.246,42.246,5.809347295522964,3.9550147740798045,inf,0,0,0,0,-1,inf,0,-1,0,0,7600,0,0,0,1049,6551,1.7389684518276498,3.7694450536013955,False
intersection_turn,P4,9003,50,5.0,3.0,18.556824224857227,14.72403780401211,0.009548177839161745,2.2614855272116717e-15,999999999.9999979,42.246,42.24437004813125,5.799821598656115,3.9550147740798045,inf,0,0,0,0,-1,inf,0,-1,0,0,7600,71,0,0,1001,6528,1.7389684518276498,3.7694450536013955,False
intersection_turn,P0,9004,50,5.0,3.0,18.461211981662764,14.72403780401211,0.009576571765092525,2.2614855272116717e-15,999999999.9999979,42.47499999999999,42.47499999999999,5.58261811339448,3.9550147740798045,inf,0,0,0,0,-1,inf,0,-1,0,0,7600,0,0,0,1081,6519,1.7685627662764722,3.863197801095528,False
intersection_turn,P1,9004,50,5.0,3.0,18.554747737163666,14.72403780401211,0.009545738345429442,2.2614855272116717e-15,999999999.9999979,42.43999999999998,42.43888605185702,5.610604304201388,3.9550147740798045,inf,0,0,0,0,-1,inf,0,-1,0,0,7600,48,0,0,1042,6510,1.7685627662764722,3.863197801095528,False
intersection_turn,P2,9004,50,5.0,3.0,18.461211981662764,14.72403780401211,0.009576571765092525,2.2614855272116717e-15,999999999.9999979,42.47499999999999,42.47499999999999,5.58261811339448,3.9550147740798045,inf,0,0,0,0,-1,inf,0,-1,0,0,7600,0,0,0,1081,6519,1.7685627662764722,3.863197801095528,False
intersection_turn,P3,9004,50,5.0,3.0,18.461211981662764,14.72403780401211,0.009576571765092525,2.2614855272116717e-15,999999999.9999979,42.47499999999999,42.47499999999999,5.58261811339448,3.9550147740798045,inf,0,0,0,0,-1,inf,0,-1,0,0,7600,0,0,0,1081,6519,1.7685627662764722,3.863197801095528,False
intersection_turn,P4,9004,50,5.0,3.0,18.587757355516803,14.72403780401211,0.009534063189164645,2.2614855272116717e-15,999999999.9999979,42.47499999999998,42.4734626276749,5.57294108708219,3.9550147740798045,inf,0,0,0,0,-1,inf,0,-1,0,0,7600,70,0,0,1028,6502,1.7685627662764722,3.863197801095528,False
intersection_turn,P0,9005,50,5.0,3.0,18.430527462120953,14.72403780401211,0.009595346238431234,2.2614855272116717e-15,999999999.9999979,42.24833333333333,42.24833333333333,5.807036201406403,3.9550147740798045,inf,0,0,0,0,-1,inf,0,-1,0,0,7600,0,0,0,1096,6504,1.6097246868287052,3.587151959502908,False
intersection_turn,P1,9005,50,5.0,3.0,18.455755111724702,14.72403780401211,0.009586912071202143,2.2614855272116717e-15,999999999.9999979,42.18999999999998,42.18999999999998,5.864818837781794,3.9550147740798045,inf,0,0,0,0,-1,inf,0,-1,0,0,7600,0,0,0,1084,6516,1.6097246868287052,3.587151959502908,False
intersection_turn,P2,9005,50,5.0,3.0,18.430527462120953,14.72403780401211,0.009595346238431234,2.2614855272116717e-15,999999999.9999979,42.24833333333333,42.24833333333333,5.807036201406403,3.9550147740798045,inf,0,0,0,0,-1,inf,0,-1,0,0,7600,0,0,0,1096,6504,1.6097246868287052,3.587151959502908,False
intersection_turn,P3,9005,50,5.0,3.0,18.430527462120953,14.72403780401211,0.009595346238431234,2.2614855272116717e-15,999999999.9999979,42.24833333333333,42.24833333333333,5.807036201406403,3.9550147740798045,inf,0,0,0,0,-1,inf,0,-1,0,0,7600,0,0,0,1096,6504,1.6097246868287052,3.587151959502908,False
intersection_turn,P4,9005,50,5.0,3.0,18.45608537989639,14.72403780401211,0.009586765539813146,2.2614855272116717e-15,999999999.9999979,42.20333333333331,42.20333333333331,5.851610414616193,3.9550147740798045,inf,0,0,0,0,-1,inf,0,-1,0,0,7600,0,0,0,1085,6515,1.6097246868287052,3.587151959502908,False
intersection_turn,P0,9006,50,5.0,3.0,18.434341726040692,14.72403780401211,0.009591598663477606,2.2614855272116717e-15,999999999.9999979,42.116666666666646,42.116666666666646,5.9374751461468325,3.9550147740798045,inf,0,0,0,0,-1,inf,0,-1,0,0,7600,0,0,0,1028,6572,1.621137218101975,3.5977236448731134,False
intersection_turn,P1,9006,50,5.0,3.0,18.433780769762812,14.72403780401211,0.009591901290734237,2.2614855272116717e-15,999999999.9999979,42.09999999999999,42.09999999999999,5.953990258641691,3.9550147740798045,inf,0,0,0,0,-1,inf,0,-1,0,0,7600,0,0,0,1025,6575,1.621137218101975,3.5977236448731134,False
intersection_turn,P2,9006,50,5.0,3.0,18.434341726040692,14.72403780401211,0.009591598663477606,2.2614855272116717e-15,999999999.9999979,42.116666666666646,42.116666666666646,5.9374751461468325,3.9550147740798045,inf,0,0,0,0,-1,inf,0,-1,0,0,7600,0,0,0,1028,6572,1.621137218101975,3.5977236448731134,False
intersection_turn,P3,9006,50,5.0,3.0,18.434341726040692,14.72403780401211,0.009591598663477606,2.2614855272116717e-15,999999999.9999979,42.116666666666646,42.116666666666646,5.9374751461468325,3.9550147740798045,inf,0,0,0,0,-1,inf,0,-1,0,0,7600,0,0,0,1028,6572,1.621137218101975,3.5977236448731134,False
intersection_turn,P4,9006,50,5.0,3.0,18.434341726040692,14.72403780401211,0.009591598663477606,2.2614855272116717e-15,999999999.9999979,42.116666666666646,42.116666666666646,5.9374751461468325,3.9550147740798045,inf,0,0,0,0,-1,inf,0,-1,0,0,7600,0,0,0,1028,6572,1.621137218101975,3.5977236448731134,False
intersection_turn,P0,9007,50,5.0,3.0,18.439272335170696,14.72403780401211,0.009588719371332185,2.2614855272116717e-15,999999999.9999979,42.205999999999975,42.205999999999975,5.848968798001943,3.9550147740798045,inf,0,0,0,0,-1,inf,0,-1,0,0,7600,0,0,0,958,6642,1.7660825452214206,3.846577997886988,False
intersection_turn,P1,9007,50,5.0,3.0,18.439379516287545,14.72403780401211,0.009588663578791498,2.2614855272116717e-15,999999999.9999979,42.209999999999994,42.209999999999994,5.845006415736434,3.9550147740798045,inf,0,0,0,0,-1,inf,0,-1,0,0,7600,0,0,0,959,6641,1.7660825452214206,3.846577997886988,False
intersection_turn,P2,9007,50,5.0,3.0,18.439272335170696,14.72403780401211,0.009588719371332185,2.2614855272116717e-15,999999999.9999979,42.205999999999975,42.205999999999975,5.848968798001943,3.9550147740798045,inf,0,0,0,0,-1,inf,0,-1,0,0,7600,0,0,0,958,6642,1.7660825452214206,3.846577997886988,False
intersection_turn,P3,9007,50,5.0,3.0,18.439272335170696,14.72403780401211,0.009588719371332185,2.2614855272116717e-15,999999999.9999979,42.205999999999975,42.205999999999975,5.848968798001943,3.9550147740798045,inf,0,0,0,0,-1,inf,0,-1,0,0,7600,0,0,0,958,6642,1.7660825452214206,3.846577997886988,False
intersection_turn,P4,9007,50,5.0,3.0,18.439272335170696,14.72403780401211,0.009588719371332185,2.2614855272116717e-15,999999999.9999979,42.205999999999975,42.205999999999975,5.848968798001943,3.9550147740798045,inf,0,0,0,0,-1,inf,0,-1,0,0,7600,0,0,0,958,6642,1.7660825452214206,3.846577997886988,False
intersection_turn,P0,9008,50,5.0,3.0,18.46218050702059,14.72403780401211,0.009576071913361833,2.2614855272116717e-15,999999999.9999979,42.50666666666665,42.50666666666665,5.551280132646096,3.9550147740798045,inf,0,0,0,0,-1,inf,0,-1,0,0,7600,0,0,0,1158,6442,1.612874512419017,3.614449253108861,False
intersection_turn,P1,9008,50,5.0,3.0,18.534769295448164,14.72403780401211,0.009545009417156762,2.2614855272116717e-15,999999999.9999979,42.47999999999999,42.47898040573728,5.571492358041006,3.9550147740798045,inf,0,0,0,0,-1,inf,0,-1,0,0,7600,47,0,0,1104,6449,1.612874512419017,3.614449253108861,False
intersection_turn,P2,9008,50,5.0,3.0,18.460960240844148,14.72403780401211,0.009576706198526908,2.2614855272116717e-15,999999999.9999979,42.47999999999999,42.47999999999999,5.5776697643370845,3.9550147740798045,inf,0,0,0,0,-1,inf,0,-1,0,0,7600,0,0,0,1150,6450,1.612874512419017,3.614449253108861,False
intersection_turn,P3,9008,50,5.0,3.0,18.46218050702059,14.72403780401211,0.009576071913361833,2.2614855272116717e-15,999999999.9999979,42.50666666666665,42.50666666666665,5.551280132646096,3.9550147740798045,inf,0,0,0,0,-1,inf,0,-1,0,0,7600,0,0,0,1158,6442,1.612874512419017,3.614449253108861,False
intersection_turn,P4,9008,50,5.0,3.0,18.72694953294855,14.72403780401211,0.009497841289196321,2.2614855272116717e-15,999999999.9999979,42.506666666666646,42.499654013350245,5.530810377356743,3.9550147740798045,inf,0,0,0,0,-1,inf,0,-1,0,0,7600,204,0,0,975,6421,1.612874512419017,3.614449253108861,False
intersection_turn,P0,9009,50,5.0,3.0,18.451577150990126,14.72403780401211,0.009581834936161786,2.2614855272116717e-15,999999999.9999979,42.39999999999999,42.39999999999999,5.656854249492389,3.9550147740798045,inf,0,0,0,0,-1,inf,0,-1,0,0,7600,0,0,0,1108,6492,1.578875368870595,3.5968439904691327,False
intersection_turn,P1,9009,50,5.0,3.0,18.451577150990126,14.72403780401211,0.009581834936161786,2.2614855272116717e-15,999999999.9999979,42.39999999999999,42.39999999999999,5.656854249492389,3.9550147740798045,inf,0,0,0,0,-1,inf,0,-1,0,0,7600,0,0,0,1108,6492,1.578875368870595,3.5968439904691327,False
intersection_turn,P2,9009,50,5.0,3.0,18.451577150990126,14.72403780401211,0.009581834936161786,2.2614855272116717e-15,999999999.9999979,42.39999999999999,42.39999999999999,5.656854249492389,3.9550147740798045,inf,0,0,0,0,-1,inf,0,-1,0,0,7600,0,0,0,1108,6492,1.578875368870595,3.5968439904691327,False
intersection_turn,P3,9009,50,5.0,3.0,18.451577150990126,14.72403780401211,0.009581834936161786,2.2614855272116717e-15,999999999.9999979,42.39999999999999,42.39999999999999,5.656854249492389,3.9550147740798045,inf,0,0,0,0,-1,inf,0,-1,0,0,7600,0,0,0,1108,6492,1.578875368870595,3.5968439904691327,False
intersection_turn,P4,9009,50,5.0,3.0,18.451577150990126,14.72403780401211,0.009581834936161786,2.2614855272116717e-15,999999999.9999979,42.39999999999999,42.39999999999999,5.656854249492389,3.9550147740798045,inf,0,0,0,0,-1,inf,0,-1,0,0,7600,0,0,0,1108,6492,1.578875368870595,3.5968439904691327,False
intersection_turn,P0,9010,50,5.0,3.0,18.462528272904393,14.72403780401211,0.009576549527495863,2.2614855272116717e-15,999999999.9999979,42.66,42.66,5.399592577222844,3.9550147740798045,inf,0,0,0,0,-1,inf,0,-1,0,0,7600,0,0,0,1236,6364,1.5752701426179627,3.613638173581725,False
intersection_turn,P1,9010,50,5.0,3.0,18.462528272904393,14.72403780401211,0.009576549527495863,2.2614855272116717e-15,999999999.9999979,42.66,42.66,5.399592577222844,3.9550147740798045,inf,0,0,0,0,-1,inf,0,-1,0,0,7600,0,0,0,1236,6364,1.5752701426179627,3.613638173581725,False
intersection_turn,P2,9010,50,5.0,3.0,18.462528272904393,14.72403780401211,0.009576549527495863,2.2614855272116717e-15,999999999.9999979,42.66,42.66,5.399592577222844,3.9550147740798045,inf,0,0,0,0,-1,inf,0,-1,0,0,7600,0,0,0,1236,6364,1.5752701426179627,3.613638173581725,False
intersection_turn,P3,9010,50,5.0,3.0,18.462528272904393,14.72403780401211,0.009576549527495863,2.2614855272116717e-15,999999999.9999979,42.66,42.66,5.399592577222844,3.9550147740798045,inf,0,0,0,0,-1,inf,0,-1,0,0,7600,0,0,0,1236,6364,1.5752701426179627,3.613638173581725,False
intersection_turn,P4,9010,50,5.0,3.0,18.493970479137854,14.72403780401211,0.009565768346840614,2.2614855272116717e-15,999999999.9999979,42.66,42.65946568761913,5.395973433755502,3.9550147740798045,inf,0,0,0,0,-1,inf,0,-1,0,0,7600,23,0,0,1213,6364,1.5752701426179627,3.613638173581725,False
intersection_turn,P0,9011,50,5.0,3.0,18.464007389778818,14.72403780401211,0.009575175562071768,2.2614855272116717e-15,999999999.9999979,42.52666666666665,42.52666666666665,5.531489652686513,3.9550147740798045,inf,0,0,0,0,-1,inf,0,-1,0,0,7600,0,0,0,1226,6374,1.5627160130129893,3.6435845367889272,False
intersection_turn,P1,9011,50,5.0,3.0,18.58844781983784,14.72403780401211,0.009533882667792615,2.2614855272116717e-15,999999999.9999979,42.480000000000004,42.47849811408195,5.568106587639773,3.9550147740798045,inf,0,0,0,0,-1,inf,0,-1,0,0,7600,69,0,0,1152,6379,1.5627160130129893,3.6435845367889272,False
intersection_turn,P2,9011,50,5.0,3.0,18.464007389778818,14.72403780401211,0.009575175562071768,2.2614855272116717e-15,999999999.9999979,42.52666666666665,42.52666666666665,5.531489652686513,3.9550147740798045,inf,0,0,0,0,-1,inf,0,-1,0,0,7600,0,0,0,1226,6374,1.5627160130129893,3.6435845367889272,False
intersection_turn,P3,9011,50,5.0,3.0,18.464007389778818,14.72403780401211,0.009575175562071768,2.2614855272116717e-15,999999999.9999979,42.52666666666665,42.52666666666665,5.531489652686513,3.9550147740798045,inf,0,0,0,0,-1,inf,0,-1,0,0,7600,0,0,0,1226,6374,1.5627160130129893,3.6435845367889272,False
intersection_turn,P4,9011,50,5.0,3.0,18.464007389778818,14.72403780401211,0.009575175562071768,2.2614855272116717e-15,999999999.9999979,42.52666666666665,42.52666666666665,5.531489652686513,3.9550147740798045,inf,0,0,0,0,-1,inf,0,-1,0,0,7600,0,0,0,1226,6374,1.5627160130129893,3.6435845367889272,False
intersection_turn,P0,9012,50,5.0,3.0,18.450362250901414,14.72403780401211,0.009582945550344415,2.2614855272116717e-15,999999999.9999979,42.43333333333333,42.43333333333333,5.623857908747145,3.9550147740798045,inf,0,0,0,0,-1,inf,0,-1,0,0,7600,0,0,0,1182,6418,1.7126610683333732,3.81788998531909,False
intersection_turn,P1,9012,50,5.0,3.0,18.448783746215636,14.72403780401211,0.009583745632653162,2.2614855272116717e-15,999999999.9999979,42.37999999999999,42.37999999999999,5.676653944006111,3.9550147740798045,inf,0,0,0,0,-1,inf,0,-1,0,0,7600,0,0,0,1161,6439,1.7126610683333732,3.81788998531909,False
intersection_turn,P2,9012,50,5.0,3.0,18.45005329619396,14.72403780401211,0.009583098587701417,2.2614855272116717e-15,999999999.9999979,42.42166666666666,42.42166666666666,5.6354061768232695,3.9550147740798045,inf,0,0,0,0,-1,inf,0,-1,0,0,7600,0,0,0,1178,6422,1.7126610683333732,3.81788998531909,False
intersection_turn,P3,9012,50,5.0,3.0,18.450362250901414,14.72403780401211,0.009582945550344415,2.2614855272116717e-15,999999999.9999979,42.43333333333333,42.43333333333333,5.623857908747145,3.9550147740798045,inf,0,0,0,0,-1,inf,0,-1,0,0,7600,0,0,0,1182,6418,1.7126610683333732,3.81788998531909,False
intersection_turn,P4,9012,50,5.0,3.0,18.450362250901414,14.72403780401211,0.009582945550344415,2.2614855272116717e-15,999999999.9999979,42.43333333333333,42.43333333333333,5.623857908747145,3.9550147740798045,inf,0,0,0,0,-1,inf,0,-1,0,0,7600,0,0,0,1182,6418,1.7126610683333732,3.81788998531909,False
intersection_turn,P0,9013,50,5.0,3.0,18.446514922732103,14.72403780401211,0.009584750537443159,2.2614855272116717e-15,999999999.9999979,42.336666666666645,42.336666666666645,5.719558063735755,3.9550147740798045,inf,0,0,0,0,-1,inf,0,-1,0,0,7600,0,0,0,1173,6427,1.7837190472773954,3.9643585836287603,False
intersection_turn,P1,9013,50,5.0,3.0,18.445396567595267,14.72403780401211,0.009585329571606398,2.2614855272116717e-15,999999999.9999979,42.29999999999998,42.29999999999998,5.7558665724632805,3.9550147740798045,inf,0,0,0,0,-1,inf,0,-1,0,0,7600,0,0,0,1166,6434,1.7837190472773954,3.9643585836287603,False
intersection_turn,P2,9013,50,5.0,3.0,18.4461754016226,14.72403780401211,0.009584922157068477,2.2614855272116717e-15,999999999.9999979,42.32333333333332,42.32333333333332,5.732760630311068,3.9550147740798045,inf,0,0,0,0,-1,inf,0,-1,0,0,7600,0,0,0,1170,6430,1.7837190472773954,3.9643585836287603,False
intersection_turn,P3,9013,50,5.0,3.0,18.446514922732103,14.72403780401211,0.009584750537443159,2.2614855272116717e-15,999999999.9999979,42.336666666666645,42.336666666666645,5.719558063735755,3.9550147740798045,inf,0,0,0,0,-1,inf,0,-1,0,0,7600,0,0,0,1173,6427,1.7837190472773954,3.9643585836287603,False
intersection_turn,P4,9013,50,5.0,3.0,18.446514922732103,14.72403780401211,0.009584750537443159,2.2614855272116717e-15,999999999.9999979,42.336666666666645,42.336666666666645,5.719558063735755,3.9550147740798045,inf,0,0,0,0,-1,inf,0,-1,0,0,7600,0,0,0,1173,6427,1.7837190472773954,3.9643585836287603,False
intersection_turn,P0,9014,50,5.0,3.0,18.458081562884804,14.72403780401211,0.009578573754980306,2.2614855272116717e-15,999999999.9999979,42.569999999999986,42.569999999999986,5.488615490267118,3.9550147740798045,inf,0,0,0,0,-1,inf,0,-1,0,0,7600,0,0,0,1159,6441,1.5667190559384374,3.5372148251850284,False
intersection_turn,P1,9014,50,5.0,3.0,18.458081562884804,14.72403780401211,0.009578573754980306,2.2614855272116717e-15,999999999.9999979,42.569999999999986,42.569999999999986,5.488615490267118,3.9550147740798045,inf,0,0,0,0,-1,inf,0,-1,0,0,7600,0,0,0,1159,6441,1.5667190559384374,3.5372148251850284,False
intersection_turn,P2,9014,50,5.0,3.0,18.458081562884804,14.72403780401211,0.009578573754980306,2.2614855272116717e-15,999999999.9999979,42.569999999999986,42.569999999999986,5.488615490267118,3.9550147740798045,inf,0,0,0,0,-1,inf,0,-1,0,0,7600,0,0,0,1159,6441,1.5667190559384374,3.5372148251850284,False
intersection_turn,P3,9014,50,5.0,3.0,18.458081562884804,14.72403780401211,0.009578573754980306,2.2614855272116717e-15,999999999.9999979,42.569999999999986,42.569999999999986,5.488615490267118,3.9550147740798045,inf,0,0,0,0,-1,inf,0,-1,0,0,7600,0,0,0,1159,6441,1.5667190559384374,3.5372148251850284,False
intersection_turn,P4,9014,50,5.0,3.0,18.458081562884804,14.72403780401211,0.009578573754980306,2.2614855272116717e-15,999999999.9999979,42.569999999999986,42.569999999999986,5.488615490267118,3.9550147740798045,inf,0,0,0,0,-1,inf,0,-1,0,0,7600,0,0,0,1159,6441,1.5667190559384374,3.5372148251850284,False
intersection_turn,P0,9015,50,5.0,3.0,18.45156213237302,14.72403780401211,0.009582225879265414,2.2614855272116717e-15,999999999.9999979,42.401333333333326,42.401333333333326,5.655534319977602,3.9550147740798045,inf,0,0,0,0,-1,inf,0,-1,0,0,7600,0,0,0,1195,6405,1.7507140148664397,3.833633017140656,False
intersection_turn,P1,9015,50,5.0,3.0,18.449217316149415,14.72403780401211,0.009583479019380649,2.2614855272116717e-15,999999999.9999979,42.34999999999999,42.34999999999999,5.706356105256676,3.9550147740798045,inf,0,0,0,0,-1,inf,0,-1,0,0,7600,0,0,0,1182,6418,1.7507140148664397,3.833633017140656,False
intersection_turn,P2,9015,50,5.0,3.0,18.45156213237302,14.72403780401211,0.009582225879265414,2.2614855272116717e-15,999999999.9999979,42.401333333333326,42.401333333333326,5.655534319977602,3.9550147740798045,inf,0,0,0,0,-1,inf,0,-1,0,0,7600,0,0,0,1195,6405,1.7507140148664397,3.833633017140656,False
intersection_turn,P3,9015,50,5.0,3.0,18.45156213237302,14.72403780401211,0.009582225879265414,2.2614855272116717e-15,999999999.9999979,42.401333333333326,42.401333333333326,5.655534319977602,3.9550147740798045,inf,0,0,0,0,-1,inf,0,-1,0,0,7600,0,0,0,1195,6405,1.7507140148664397,3.833633017140656,False
intersection_turn,P4,9015,50,5.0,3.0,18.576456822099463,14.72403780401211,0.009539053115083341,2.2614855272116717e-15,999999999.9999979,42.40133333333333,42.39974170588159,5.645786161201976,3.9550147740798045,inf,0,0,0,0,-1,inf,0,-1,0,0,7600,71,0,0,1132,6397,1.7507140148664397,3.833633017140656,False
intersection_turn,P0,9016,50,5.0,3.0,18.454828100999656,14.72403780401211,0.00957967388844805,2.2614855272116717e-15,999999999.9999979,42.29066666666665,42.29066666666665,5.765109462196817,3.9550147740798045,inf,0,0,0,0,-1,inf,0,-1,0,0,7600,0,0,0,1023,6577,1.8224816788831766,3.8649352115622553,False
intersection_turn,P1,9016,50,5.0,3.0,18.615540640856672,14.72403780401211,0.009522997168560882,2.2614855272116717e-15,999999999.9999979,42.26666666666665,42.26444136699644,5.776587881930089,3.9550147740798045,inf,0,0,0,0,-1,inf,0,-1,0,0,7600,96,0,0,956,6548,1.8224816788831766,3.8649352115622553,False
intersection_turn,P2,9016,50,5.0,3.0,18.454828100999656,14.72403780401211,0.00957967388844805,2.2614855272116717e-15,999999999.9999979,42.29066666666665,42.29066666666665,5.765109462196817,3.9550147740798045,inf,0,0,0,0,-1,inf,0,-1,0,0,7600,0,0,0,1023,6577,1.8224816788831766,3.8649352115622553,False
intersection_turn,P3,9016,50,5.0,3.0,18.454828100999656,14.72403780401211,0.00957967388844805,2.2614855272116717e-15,999999999.9999979,42.29066666666665,42.29066666666665,5.765109462196817,3.9550147740798045,inf,0,0,0,0,-1,inf,0,-1,0,0,7600,0,0,0,1023,6577,1.8224816788831766,3.8649352115622553,False
intersection_turn,P4,9016,50,5.0,3.0,18.677365938537232,14.72403780401211,0.009498174086856624,2.2614855272116717e-15,999999999.9999979,42.29166666666665,42.28886083374582,5.747139879940352,3.9550147740798045,inf,0,0,0,0,-1,inf,0,-1,0,0,7600,141,0,0,927,6532,1.8224816788831766,3.8649352115622553,False
intersection_turn,P0,9017,50,5.0,3.0,18.45652087310763,14.72403780401211,0.009579683091694317,2.2614855272116717e-15,999999999.9999979,42.499999999999986,42.499999999999986,5.557877292636116,3.9550147740798045,inf,0,0,0,0,-1,inf,0,-1,0,0,7600,0,0,0,1156,6444,1.6013145330173364,3.6399410007587303,False
intersection_turn,P1,9017,50,5.0,3.0,18.51372581039746,14.72403780401211,0.009561552961193577,2.2614855272116717e-15,999999999.9999979,42.41999999999999,42.41943207572928,5.633659255199022,3.9550147740798045,inf,0,0,0,0,-1,inf,0,-1,0,0,7600,24,0,0,1118,6458,1.6013145330173364,3.6399410007587303,False
intersection_turn,P2,9017,50,5.0,3.0,18.453639924474782,14.72403780401211,0.009581376668686473,2.2614855272116717e-15,999999999.9999979,42.45999999999999,42.45999999999999,5.597463711360722,3.9550147740798045,inf,0,0,0,0,-1,inf,0,-1,0,0,7600,0,0,0,1147,6453,1.6013145330173364,3.6399410007587303,False
intersection_turn,P3,9017,50,5.0,3.0,18.45652087310763,14.72403780401211,0.009579683091694317,2.2614855272116717e-15,999999999.9999979,42.499999999999986,42.499999999999986,5.557877292636116,3.9550147740798045,inf,0,0,0,0,-1,inf,0,-1,0,0,7600,0,0,0,1156,6444,1.6013145330173364,3.6399410007587303,False
intersection_turn,P4,9017,50,5.0,3.0,18.455221420582667,14.72403780401211,0.009580520982915772,2.2614855272116717e-15,999999999.9999979,42.489999999999995,42.489999999999995,5.567773343087886,3.9550147740798045,inf,0,0,0,0,-1,inf,0,-1,0,0,7600,0,0,0,1151,6449,1.6013145330173364,3.6399410007587303,False
intersection_turn,P0,9018,50,5.0,3.0,18.448521737960828,14.72403780401211,0.009583637534176653,2.2614855272116717e-15,999999999.9999979,42.32499999999999,42.32499999999999,5.73111027637753,3.9550147740798045,inf,0,0,0,0,-1,inf,0,-1,0,0,7600,0,0,0,1111,6489,1.7093776381043788,3.8440636066910634,False
intersection_turn,P1,9018,50,5.0,3.0,18.448291311424835,14.72403780401211,0.009583807435847655,2.2614855272116717e-15,999999999.9999979,42.359999999999985,42.359999999999985,5.696455038003913,3.9550147740798045,inf,0,0,0,0,-1,inf,0,-1,0,0,7600,0,0,0,1114,6486,1.7093776381043788,3.8440636066910634,False
intersection_turn,P2,9018,50,5.0,3.0,18.448521737960828,14.72403780401211,0.009583637534176653,2.2614855272116717e-15,999999999.9999979,42.32499999999999,42.32499999999999,5.73111027637753,3.9550147740798045,inf,0,0,0,0,-1,inf,0,-1,0,0,7600,0,0,0,1111,6489,1.7093776381043788,3.8440636066910634,False
intersection_turn,P3,9018,50,5.0,3.0,18.448521737960828,14.72403780401211,0.009583637534176653,2.2614855272116717e-15,999999999.9999979,42.32499999999999,42.32499999999999,5.73111027637753,3.9550147740798045,inf,0,0,0,0,-1,inf,0,-1,0,0,7600,0,0,0,1111,6489,1.7093776381043788,3.8440636066910634,False
intersection_turn,P4,9018,50,5.0,3.0,18.5721512014556,14.72403780401211,0.00954002340494213,2.2614855272116717e-15,999999999.9999979,42.324999999999996,42.32339948733713,5.721542050531654,3.9550147740798045,inf,0,0,0,0,-1,inf,0,-1,0,0,7600,71,0,0,1047,6482,1.7093776381043788,3.8440636066910634,False
intersection_turn,P0,9019,50,5.0,3.0,18.446980989633765,14.72403780401211,0.009584601630537473,2.2614855272116717e-15,999999999.9999979,42.364999999999974,42.364999999999974,5.691504634101627,3.9550147740798045,inf,0,0,0,0,-1,inf,0,-1,0,0,7600,0,0,0,1027,6573,1.7344524602526286,3.79068039860401,False
intersection_turn,P1,9019,50,5.0,3.0,18.44343493281547,14.72403780401211,0.009586692576855379,2.2614855272116717e-15,999999999.9999979,42.322,42.322,5.73408092025217,3.9550147740798045,inf,0,0,0,0,-1,inf,0,-1,0,0,7600,0,0,0,1012,6588,1.7344524602526286,3.79068039860401,False
intersection_turn,P2,9019,50,5.0,3.0,18.446980989633765,14.72403780401211,0.009584601630537473,2.2614855272116717e-15,999999999.9999979,42.364999999999974,42.364999999999974,5.691504634101627,3.9550147740798045,inf,0,0,0,0,-1,inf,0,-1,0,0,7600,0,0,0,1027,6573,1.7344524602526286,3.79068039860401,False
intersection_turn,P3,9019,50,5.0,3.0,18.446980989633765,14.72403780401211,0.009584601630537473,2.2614855272116717e-15,999999999.9999979,42.364999999999974,42.364999999999974,5.691504634101627,3.9550147740798045,inf,0,0,0,0,-1,inf,0,-1,0,0,7600,0,0,0,1027,6573,1.7344524602526286,3.79068039860401,False
intersection_turn,P4,9019,50,5.0,3.0,18.44346642365137,14.72403780401211,0.00958667733789876,2.2614855272116717e-15,999999999.9999979,42.32533333333333,42.32533333333333,5.730780206723844,3.9550147740798045,inf,0,0,0,0,-1,inf,0,-1,0,0,7600,0,0,0,1012,6588,1.7344524602526286,3.79068039860401,False
occluding_cut_in,P0,9000,50,5.0,3.0,11.267888282720728,7.327224075401506,0.2107706627715266,0.00021432353040528026,999785676.4695947,17.087302883832308,17.087302883832308,19.431160541768985,11.331044181969368,1.912697116167692,0,0,0,0,-1,inf,0,-1,0,0,7600,182,0,3814,0,3604,2.236508710247554,5.049424401377409,False
occluding_cut_in,P1,9000,50,5.0,3.0,11.332110574919035,7.317204022519822,0.2083959278339579,0.00021492416088724126,999785075.8391128,17.12178035333541,17.115394505041873,19.430094201262467,11.331044181969368,1.884920524226191,0,0,0,0,-1,inf,0,-1,0,0,7600,321,0,3697,0,3582,2.236508710247554,5.049424401377409,False
occluding_cut_in,P2,9000,50,5.0,3.0,11.18816933512213,7.346569653191002,0.21586657007766732,0.0002080808762265537,999791919.1237735,17.151780353335415,17.141282313467723,19.429070033382242,11.331044181969368,1.8631485915805577,0,0,0,0,-1,inf,0,-1,0,0,7600,355,0,3670,0,3575,2.236508710247554,5.049424401377409,False
occluding_cut_in,P3,9000,50,5.0,3.0,11.110482535262593,7.326894548691421,0.2222887307412461,0.00021561099413591555,999784389.0058641,17.15178035333542,17.14141999371464,19.430094201262467,11.331044181969368,1.871072585264871,0,0,0,0,-1,inf,0,-1,0,0,7600,330,0,3695,0,3575,2.236508710247554,5.049424401377409,False
occluding_cut_in,P4,9000,50,5.0,3.0,11.267888282720728,7.327224075401506,0.2107706627715266,0.00021432353040528026,999785676.4695947,17.087302883832308,17.087302883832308,19.431160541768985,11.331044181969368,1.912697116167692,0,0,0,0,-1,inf,0,-1,0,0,7600,182,0,3814,0,3604,2.236508710247554,5.049424401377409,False
occluding_cut_in,P0,9001,50,5.0,3.0,11.267888282720728,7.327224075401506,0.2107706627715266,0.00021432353040528026,999785676.4695947,17.087302883832308,17.087302883832308,19.431160541768985,11.331044181969368,1.912697116167692,0,0,0,0,-1,inf,0,-1,0,0,7600,182,0,3814,0,3604,2.0694366379210174,4.7190311108022716,False
occluding_cut_in,P1,9001,50,5.0,3.0,11.328220731869775,7.326331172501157,0.2081802931586817,0.0002123833658676743,999787616.6341324,17.121780353335406,17.11591623790376,19.43013353196599,11.331044181969368,1.884317558638751,0,0,0,0,-1,inf,0,-1,0,0,7600,296,0,3726,0,3578,2.0694366379210174,4.7190311108022716,False
occluding_cut_in,P2,9001,50,5.0,3.0,11.18503284799463,7.339654199503235,0.21578966851087075,0.0002091103767101219,999790889.62329,17.15178035333542,17.141898185769094,19.430094201262467,11.331044181969368,1.863837459608201,0,0,0,0,-1,inf,0,-1,0,0,7600,329,0,3696,0,3575,2.0694366379210174,4.7190311108022716,False
occluding_cut_in,P3,9001,50,5.0,3.0,11.188730860473086,7.323169320534642,0.21491378570597813,0.0002136283809497396,999786371.6190503,17.15178035333541,17.145196624852222,19.431160541768985,11.331044181969368,1.862832600337549,0,0,0,0,-1,inf,0,-1,0,0,7600,282,0,3743,0,3575,2.0694366379210174,4.7190311108022716,False
occluding_cut_in,P4,9001,50,5.0,3.0,11.267888282720728,7.327224075401506,0.2107706627715266,0.00021432353040528026,999785676.4695947,17.087302883832308,17.087302883832308,19.431160541768985,11.331044181969368,1.912697116167692,0,0,0,0,-1,inf,0,-1,0,0,7600,182,0,3814,0,3604,2.0694366379210174,4.7190311108022716,False
occluding_cut_in,P0,9002,50,5.0,3.0,11.267888282720728,7.327224075401506,0.2107706627715266,0.00021432353040528026,999785676.4695947,17.087302883832308,17.087302883832308,19.431160541768985,11.331044181969368,1.912697116167692,0,0,0,0,-1,inf,0,-1,0,0,7600,182,0,3814,0,3604,2.045198073203585,4.605688830064313,False
occluding_cut_in,P1,9002,50,5.0,3.0,11.32259098532521,7.330849635099795,0.20818126146480598,0.00021115231607467784,999788847.6839255,17.121780353335417,17.116341439325343,19.431160541768985,11.331044181969368,1.8837879858002218,0,0,0,0,-1,inf,0,-1,0,0,7600,270,0,3750,0,3580,2.045198073203585,4.605688830064313,False
occluding_cut_in,P2,9002,50,5.0,3.0,11.196766385412548,7.328414488419855,0.2174767325720963,0.0002145978516012744,999785402.1483989,17.139263734065537,17.128619776554984,19.433133628587235,11.331044181969368,1.8730956592448713,0,0,0,0,-1,inf,0,-1,0,0,7600,328,0,3696,0,3576,2.045198073203585,4.605688830064313,False
occluding_cut_in,P3,9002,50,5.0,3.0,11.188730860473086,7.323169320534642,0.21491378570597813,0.0002136283809497396,999786371.6190503,17.15178035333541,17.145196624852222,19.431160541768985,11.331044181969368,1.862832600337549,0,0,0,0,-1,inf,0,-1,0,0,7600,282,0,3743,0,3575,2.045198073203585,4.605688830064313,False
occluding_cut_in,P4,9002,50,5.0,3.0,11.267888282720728,7.327224075401506,0.2107706627715266,0.00021432353040528026,999785676.4695947,17.087302883832308,17.087302883832308,19.431160541768985,11.331044181969368,1.912697116167692,0,0,0,0,-1,inf,0,-1,0,0,7600,182,0,3814,0,3604,2.045198073203585,4.605688830064313,False
occluding_cut_in,P0,9003,50,5.0,3.0,11.267888282720728,7.327224075401506,0.2107706627715266,0.00021432353040528026,999785676.4695947,17.087302883832308,17.087302883832308,19.431160541768985,11.331044181969368,1.912697116167692,0,0,0,0,-1,inf,0,-1,0,0,7600,182,0,3814,0,3604,2.020775338962199,4.67894251683254,False
occluding_cut_in,P1,9003,50,5.0,3.0,11.276963380877083,7.330914167477342,0.21037900968694642,0.00021314547187283376,999786854.5281272,17.087302883832308,17.08684058791738,19.43013353196599,11.331044181969368,1.913174713293892,0,0,0,0,-1,inf,0,-1,0,0,7600,211,0,3789,0,3600,2.020775338962199,4.67894251683254,False
occluding_cut_in,P2,9003,50,5.0,3.0,11.196786944937497,7.337191093635807,0.2154759439718455,0.00021095573300218003,999789044.2669979,17.151780353335425,17.142163523128445,19.428020504095343,11.331044181969368,1.8616610242549663,0,0,0,0,-1,inf,0,-1,0,0,7600,368,0,3657,0,3575,2.020775338962199,4.67894251683254,False
occluding_cut_in,P3,9003,50,5.0,3.0,11.199130816814181,7.356061034498325,0.21413805358081653,0.000205079719788151,999794920.2802118,17.151780353335415,17.14460914194521,19.43013353196599,11.331044181969368,1.8618445850186753,0,0,0,0,-1,inf,0,-1,0,0,7600,308,0,3721,0,3571,2.020775338962199,4.67894251683254,False
occluding_cut_in,P4,9003,50,5.0,3.0,11.267888282720728,7.327224075401506,0.2107706627715266,0.00021432353040528026,999785676.4695947,17.087302883832308,17.087302883832308,19.431160541768985,11.331044181969368,1.912697116167692,0,0,0,0,-1,inf,0,-1,0,0,7600,182,0,3814,0,3604,2.020775338962199,4.67894251683254,False
occluding_cut_in,P0,9004,50,5.0,3.0,11.267888282720728,7.327224075401506,0.2107706627715266,0.00021432353040528026,999785676.4695947,17.087302883832308,17.087302883832308,19.431160541768985,11.331044181969368,1.912697116167692,0,0,0,0,-1,inf,0,-1,0,0,7600,182,0,3814,0,3604,2.122312493233909,4.859681844703765,False
occluding_cut_in,P1,9004,50,5.0,3.0,11.323529922543887,7.344714577229324,0.20783637704025407,0.00020744801661319413,999792551.9833866,17.121780353335428,17.116769463525344,19.431160541768985,11.331044181969368,1.8835758807025362,0,0,0,0,-1,inf,0,-1,0,0,7600,299,0,3720,0,3581,2.122312493233909,4.859681844703765,False
occluding_cut_in,P2,9004,50,5.0,3.0,11.201647634344402,7.358379049554543,0.2151735306038816,0.00020446212536482774,999795537.8746353,17.15178035333541,17.141062881760497,19.42810077019037,11.331044181969368,1.8635751868897756,0,0,0,0,-1,inf,0,-1,0,0,7600,395,0,3638,0,3567,2.122312493233909,4.859681844703765,False
occluding_cut_in,P3,9004,50,5.0,3.0,11.202189795197482,7.357528109595406,0.21421375202681323,0.000204669026887397,999795330.9731126,17.151780353335415,17.143840049942327,19.42906718105352,11.331044181969368,1.8620315890357273,0,0,0,0,-1,inf,0,-1,0,0,7600,338,0,3695,0,3567,2.122312493233909,4.859681844703765,False
occluding_cut_in,P4,9004,50,5.0,3.0,11.267888282720728,7.327224075401506,0.2107706627715266,0.00021432353040528026,999785676.4695947,17.087302883832308,17.087302883832308,19.431160541768985,11.331044181969368,1.912697116167692,0,0,0,0,-1,inf,0,-1,0,0,7600,182,0,3814,0,3604,2.122312493233909,4.859681844703765,False
occluding_cut_in,P0,9005,50,5.0,3.0,11.267888282720728,7.327224075401506,0.2107706627715266,0.00021432353040528026,999785676.4695947,17.087302883832308,17.087302883832308,19.431160541768985,11.331044181969368,1.912697116167692,0,0,0,0,-1,inf,0,-1,0,0,7600,182,0,3814,0,3604,1.9231246571925498,4.458599560991289,False
occluding_cut_in,P1,9005,50,5.0,3.0,11.3001277500668,7.353114950902221,0.208425261639691,0.00020585546103420025,999794144.5389657,17.121780353335414,17.118624309963533,19.43013353196599,11.331044181969368,1.8816690398021683,0,0,0,0,-1,inf,0,-1,0,0,7600,250,0,3773,0,3577,1.9231246571925498,4.458599560991289,False
occluding_cut_in,P2,9005,50,5.0,3.0,11.241532334536684,7.348806511430331,0.2134431764884724,0.0002080407196453287,999791959.2803547,17.096720715219124,17.092105632699788,19.42902108482531,11.331044181969368,1.9098528538218829,0,0,0,0,-1,inf,0,-1,0,0,7600,273,0,3731,0,3596,1.9231246571925498,4.458599560991289,False
occluding_cut_in,P3,9005,50,5.0,3.0,11.199130816814181,7.356061034498325,0.21413805358081653,0.000205079719788151,999794920.2802118,17.151780353335415,17.14460914194521,19.43013353196599,11.331044181969368,1.8618445850186753,0,0,0,0,-1,inf,0,-1,0,0,7600,308,0,3721,0,3571,1.9231246571925498,4.458599560991289,False
occluding_cut_in,P4,9005,50,5.0,3.0,11.267888282720728,7.327224075401506,0.2107706627715266,0.00021432353040528026,999785676.4695947,17.087302883832308,17.087302883832308,19.431160541768985,11.331044181969368,1.912697116167692,0,0,0,0,-1,inf,0,-1,0,0,7600,182,0,3814,0,3604,1.9231246571925498,4.458599560991289,False
occluding_cut_in,P0,9006,50,5.0,3.0,11.267888282720728,7.327224075401506,0.2107706627715266,0.00021432353040528026,999785676.4695947,17.087302883832308,17.087302883832308,19.431160541768985,11.331044181969368,1.912697116167692,0,0,0,0,-1,inf,0,-1,0,0,7600,182,0,3814,0,3604,1.9990717305850219,4.5711068011340314,False
occluding_cut_in,P1,9006,50,5.0,3.0,11.302438581173565,7.353591518223721,0.208176956459349,0.00020539113233300558,999794608.8676671,17.121780353335414,17.11831932101108,19.431160541768985,11.331044181969368,1.8818062231194883,0,0,0,0,-1,inf,0,-1,0,0,7600,232,0,3787,0,3581,1.9990717305850219,4.5711068011340314,False
occluding_cut_in,P2,9006,50,5.0,3.0,11.107775349567344,7.325385328508848,0.22251478459329055,0.00021610844700436602,999783891.5529958,17.151780353335425,17.141289758271174,19.430073758811165,11.331044181969368,1.8713197526690561,0,0,0,0,-1,inf,0,-1,0,0,7600,333,0,3692,0,3575,1.9990717305850219,4.5711068011340314,False
occluding_cut_in,P3,9006,50,5.0,3.0,11.111649839346782,7.332463616707964,0.22175011372850684,0.00021383137110448101,999786168.6288955,17.15178035333541,17.14231219455394,19.431160541768985,11.331044181969368,1.8710232551863193,0,0,0,0,-1,inf,0,-1,0,0,7600,304,0,3721,0,3575,1.9990717305850219,4.5711068011340314,False
occluding_cut_in,P4,9006,50,5.0,3.0,11.267888282720728,7.327224075401506,0.2107706627715266,0.00021432353040528026,999785676.4695947,17.087302883832308,17.087302883832308,19.431160541768985,11.331044181969368,1.912697116167692,0,0,0,0,-1,inf,0,-1,0,0,7600,182,0,3814,0,3604,1.9990717305850219,4.5711068011340314,False
occluding_cut_in,P0,9007,50,5.0,3.0,11.267888282720728,7.327224075401506,0.2107706627715266,0.00021432353040528026,999785676.4695947,17.087302883832308,17.087302883832308,19.431160541768985,11.331044181969368,1.912697116167692,0,0,0,0,-1,inf,0,-1,0,0,7600,182,0,3814,0,3604,2.0271637120754717,4.624597932615985,False
occluding_cut_in,P1,9007,50,5.0,3.0,11.311378602159753,7.349014587157961,0.2079716628434389,0.00020637574603807674,999793624.2539618,17.121780353335414,17.117622715201758,19.431160541768985,11.331044181969368,1.8824849619202388,0,0,0,0,-1,inf,0,-1,0,0,7600,237,0,3784,0,3579,2.0271637120754717,4.624597932615985,False
occluding_cut_in,P2,9007,50,5.0,3.0,11.230696940318678,7.351286970130206,0.21341323529873268,0.00020714780381925966,999792852.1961806,17.109263734065536,17.103890552950787,19.433133628587235,11.331044181969368,1.898345575441665,0,0,0,0,-1,inf,0,-1,0,0,7600,258,0,3751,0,3591,2.0271637120754717,4.624597932615985,False
occluding_cut_in,P3,9007,50,5.0,3.0,11.171875733710857,7.333605833077077,0.21495380087290047,0.00021066228407198067,999789337.7159281,17.15178035333541,17.14487247370373,19.435032721914393,11.331044181969368,1.864576446601228,0,0,0,0,-1,inf,0,-1,0,0,7600,342,0,3691,0,3567,2.0271637120754717,4.624597932615985,False
occluding_cut_in,P4,9007,50,5.0,3.0,11.267888282720728,7.327224075401506,0.2107706627715266,0.00021432353040528026,999785676.4695947,17.087302883832308,17.087302883832308,19.431160541768985,11.331044181969368,1.912697116167692,0,0,0,0,-1,inf,0,-1,0,0,7600,182,0,3814,0,3604,2.0271637120754717,4.624597932615985,False
occluding_cut_in,P0,9008,50,5.0,3.0,11.267888282720728,7.327224075401506,0.2107706627715266,0.00021432353040528026,999785676.4695947,17.087302883832308,17.087302883832308,19.431160541768985,11.331044181969368,1.912697116167692,0,0,0,0,-1,inf,0,-1,0,0,7600,182,0,3814,0,3604,2.0446041312115977,4.708559449648159,False
occluding_cut_in,P1,9008,50,5.0,3.0,11.32641752979756,7.319765403233969,0.20844227475307264,0.00021422358668181642,999785776.4133182,17.12178035333541,17.115760141865753,19.431160541768985,11.331044181969368,1.8844060385324797,0,0,0,0,-1,inf,0,-1,0,0,7600,295,0,3725,0,3580,2.0446041312115977,4.708559449648159,False
occluding_cut_in,P2,9008,50,5.0,3.0,11.175019714200964,7.36219329629697,0.21644261492479372,0.00020343671155943966,999796563.2884406,17.17353720412902,17.15966099532262,19.431160541768985,11.331044181969368,1.8432977905978762,0,0,0,0,-1,inf,0,-1,0,0,7600,371,0,3669,0,3560,2.0446041312115977,4.708559449648159,False
occluding_cut_in,P3,9008,50,5.0,3.0,11.111649839346782,7.332463616707964,0.22175011372850684,0.00021383137110448101,999786168.6288955,17.15178035333541,17.14231219455394,19.431160541768985,11.331044181969368,1.8710232551863193,0,0,0,0,-1,inf,0,-1,0,0,7600,304,0,3721,0,3575,2.0446041312115977,4.708559449648159,False
occluding_cut_in,P4,9008,50,5.0,3.0,11.267888282720728,7.327224075401506,0.2107706627715266,0.00021432353040528026,999785676.4695947,17.087302883832308,17.087302883832308,19.431160541768985,11.331044181969368,1.912697116167692,0,0,0,0,-1,inf,0,-1,0,0,7600,182,0,3814,0,3604,2.0446041312115977,4.708559449648159,False
occluding_cut_in,P0,9009,50,5.0,3.0,11.267888282720728,7.327224075401506,0.2107706627715266,0.00021432353040528026,999785676.4695947,17.087302883832308,17.087302883832308,19.431160541768985,11.331044181969368,1.912697116167692,0,0,0,0,-1,inf,0,-1,0,0,7600,182,0,3814,0,3604,1.9841330657377356,4.574813734233022,False
occluding_cut_in,P1,9009,50,5.0,3.0,11.318117202915344,7.346777872757504,0.2078571064664496,0.0002069281249115017,999793071.8750887,17.121780353335417,17.117194242825846,19.43013353196599,11.331044181969368,1.8830099866060035,0,0,0,0,-1,inf,0,-1,0,0,7600,266,0,3757,0,3577,1.9841330657377356,4.574813734233022,False
occluding_cut_in,P2,9009,50,5.0,3.0,11.184655886519955,7.344973534918988,0.2154781521159735,0.00020687544511968677,999793124.5548804,17.135545583644515,17.123580622550783,19.43013353196599,11.331044181969368,1.8788502045275304,0,0,0,0,-1,inf,0,-1,0,0,7600,344,0,3649,0,3607,1.9841330657377356,4.574813734233022,False
occluding_cut_in,P3,9009,50,5.0,3.0,11.197714630725336,7.356509060113466,0.21426811040009994,0.00020471969377836862,999795280.3062217,17.151780353335422,17.144674857593426,19.43013353196599,11.331044181969368,1.861175591180816,0,0,0,0,-1,inf,0,-1,0,0,7600,303,0,3726,0,3571,1.9841330657377356,4.574813734233022,False
occluding_cut_in,P4,9009,50,5.0,3.0,11.267888282720728,7.327224075401506,0.2107706627715266,0.00021432353040528026,999785676.4695947,17.087302883832308,17.087302883832308,19.431160541768985,11.331044181969368,1.912697116167692,0,0,0,0,-1,inf,0,-1,0,0,7600,182,0,3814,0,3604,1.9841330657377356,4.574813734233022,False
occluding_cut_in,P0,9010,50,5.0,3.0,11.267888282720728,7.327224075401506,0.2107706627715266,0.00021432353040528026,999785676.4695947,17.087302883832308,17.087302883832308,19.431160541768985,11.331044181969368,1.912697116167692,0,0,0,0,-1,inf,0,-1,0,0,7600,182,0,3814,0,3604,1.9371861556321617,4.495257527242439,False
occluding_cut_in,P1,9010,50,5.0,3.0,11.289445943630772,7.342689165104604,0.2094229478708295,0.00020923845846061495,999790761.5415394,17.087302883832304,17.085957907423442,19.43013353196599,11.331044181969368,1.914046008693127,0,0,0,0,-1,inf,0,-1,0,0,7600,220,0,3780,0,3600,1.9371861556321617,4.495257527242439,False
occluding_cut_in,P2,9010,50,5.0,3.0,11.237984396402712,7.348411669860199,0.2133351507000627,0.00020808773445762894,999791912.2655423,17.096720715219103,17.092765427591445,19.430094201262467,11.331044181969368,1.9095319180822474,0,0,0,0,-1,inf,0,-1,0,0,7600,241,0,3759,0,3600,1.9371861556321617,4.495257527242439,False
occluding_cut_in,P3,9010,50,5.0,3.0,11.234115978422913,7.347532739074193,0.2132565692115898,0.00020827732696175155,999791722.6730384,17.09672071521911,17.09343247158598,19.431160541768985,11.331044181969368,1.9092338673411526,0,0,0,0,-1,inf,0,-1,0,0,7600,216,0,3784,0,3600,1.9371861556321617,4.495257527242439,False
occluding_cut_in,P4,9010,50,5.0,3.0,11.267888282720728,7.327224075401506,0.2107706627715266,0.00021432353040528026,999785676.4695947,17.087302883832308,17.087302883832308,19.431160541768985,11.331044181969368,1.912697116167692,0,0,0,0,-1,inf,0,-1,0,0,7600,182,0,3814,0,3604,1.9371861556321617,4.495257527242439,False
occluding_cut_in,P0,9011,50,5.0,3.0,11.267888282720728,7.327224075401506,0.2107706627715266,0.00021432353040528026,999785676.4695947,17.087302883832308,17.087302883832308,19.431160541768985,11.331044181969368,1.912697116167692,0,0,0,0,-1,inf,0,-1,0,0,7600,182,0,3814,0,3604,1.993312493236331,4.662031427717469,False
occluding_cut_in,P1,9011,50,5.0,3.0,11.32259098532521,7.330849635099795,0.20818126146480598,0.00021115231607467784,999788847.6839255,17.121780353335417,17.116341439325343,19.431160541768985,11.331044181969368,1.8837879858002218,0,0,0,0,-1,inf,0,-1,0,0,7600,270,0,3750,0,3580,1.993312493236331,4.662031427717469,False
occluding_cut_in,P2,9011,50,5.0,3.0,11.186075618820407,7.330539289814475,0.21570086009281156,0.00021294527912640434,999787054.7208736,17.151780353335415,17.143391869241814,19.430094201262467,11.331044181969368,1.8615756950911542,0,0,0,0,-1,inf,0,-1,0,0,7600,316,0,3709,0,3575,1.993312493236331,4.662031427717469,False
occluding_cut_in,P3,9011,50,5.0,3.0,11.110193745786946,7.321493843175827,0.22275828606353712,0.00021733650592131214,999782663.4940786,17.151780353335415,17.14059414129135,19.42906718105352,11.331044181969368,1.8710372311344217,0,0,0,0,-1,inf,0,-1,0,0,7600,366,0,3667,0,3567,1.993312493236331,4.662031427717469,False
occluding_cut_in,P4,9011,50,5.0,3.0,11.267888282720728,7.327224075401506,0.2107706627715266,0.00021432353040528026,999785676.4695947,17.087302883832308,17.087302883832308,19.431160541768985,11.331044181969368,1.912697116167692,0,0,0,0,-1,inf,0,-1,0,0,7600,182,0,3814,0,3604,1.993312493236331,4.662031427717469,False
occluding_cut_in,P0,9012,50,5.0,3.0,11.267888282720728,7.327224075401506,0.2107706627715266,0.00021432353040528026,999785676.4695947,17.087302883832308,17.087302883832308,19.431160541768985,11.331044181969368,1.912697116167692,0,0,0,0,-1,inf,0,-1,0,0,7600,182,0,3814,0,3604,2.039523884466683,4.783729763623461,False
occluding_cut_in,P1,9012,50,5.0,3.0,11.32641752979756,7.319765403233969,0.20844227475307264,0.00021422358668181642,999785776.4133182,17.12178035333541,17.115760141865753,19.431160541768985,11.331044181969368,1.8844060385324797,0,0,0,0,-1,inf,0,-1,0,0,7600,295,0,3725,0,3580,2.039523884466683,4.783729763623461,False
occluding_cut_in,P2,9012,50,5.0,3.0,11.247849540917121,7.340815012458834,0.21461636854754762,0.00021060421127506,999789395.788725,17.10926373406554,17.101305601602693,19.42902108482531,11.331044181969368,1.8996968893496033,0,0,0,0,-1,inf,0,-1,0,0,7600,326,0,3687,0,3587,2.039523884466683,4.783729763623461,False
occluding_cut_in,P3,9012,50,5.0,3.0,11.234115978422913,7.347532739074193,0.2132565692115898,0.00020827732696175155,999791722.6730384,17.09672071521911,17.09343247158598,19.431160541768985,11.331044181969368,1.9092338673411526,0,0,0,0,-1,inf,0,-1,0,0,7600,216,0,3784,0,3600,2.039523884466683,4.783729763623461,False
occluding_cut_in,P4,9012,50,5.0,3.0,11.267888282720728,7.327224075401506,0.2107706627715266,0.00021432353040528026,999785676.4695947,17.087302883832308,17.087302883832308,19.431160541768985,11.331044181969368,1.912697116167692,0,0,0,0,-1,inf,0,-1,0,0,7600,182,0,3814,0,3604,2.039523884466683,4.783729763623461,False
occluding_cut_in,P0,9013,50,5.0,3.0,11.267888282720728,7.327224075401506,0.2107706627715266,0.00021432353040528026,999785676.4695947,17.087302883832308,17.087302883832308,19.431160541768985,11.331044181969368,1.912697116167692,0,0,0,0,-1,inf,0,-1,0,0,7600,182,0,3814,0,3604,2.066445214034944,4.802323028794282,False
occluding_cut_in,P1,9013,50,5.0,3.0,11.27959823775745,7.3462779110606355,0.2100196495923135,0.00020811949895195854,999791880.501048,17.087302883832304,17.08643884012282,19.430094201262467,11.331044181969368,1.9136055059923018,0,0,0,0,-1,inf,0,-1,0,0,7600,216,0,3780,0,3604,2.066445214034944,4.802323028794282,False
occluding_cut_in,P2,9013,50,5.0,3.0,11.239816059035615,7.348858456009843,0.21357968894979265,0.0002080533438758597,999791946.6561241,17.096720715219128,17.09198709612105,19.429027819371885,11.331044181969368,1.910035992509385,0,0,0,0,-1,inf,0,-1,0,0,7600,270,0,3730,0,3600,2.066445214034944,4.802323028794282,False
occluding_cut_in,P3,9013,50,5.0,3.0,11.195220078189754,7.354345850186862,0.21412403749681036,0.00020556110229852885,999794438.8977014,17.151780353335408,17.145345201145346,19.431160541768985,11.331044181969368,1.8617540578986738,0,0,0,0,-1,inf,0,-1,0,0,7600,279,0,3746,0,3575,2.066445214034944,4.802323028794282,False
occluding_cut_in,P4,9013,50,5.0,3.0,11.267888282720728,7.327224075401506,0.2107706627715266,0.00021432353040528026,999785676.4695947,17.087302883832308,17.087302883832308,19.431160541768985,11.331044181969368,1.912697116167692,0,0,0,0,-1,inf,0,-1,0,0,7600,182,0,3814,0,3604,2.066445214034944,4.802323028794282,False
occluding_cut_in,P0,9014,50,5.0,3.0,11.267888282720728,7.327224075401506,0.2107706627715266,0.00021432353040528026,999785676.4695947,17.087302883832308,17.087302883832308,19.431160541768985,11.331044181969368,1.912697116167692,0,0,0,0,-1,inf,0,-1,0,0,7600,182,0,3814,0,3604,1.8754138311910105,4.451606663516725,False
occluding_cut_in,P1,9014,50,5.0,3.0,11.311378602159753,7.349014587157961,0.2079716628434389,0.00020637574603807674,999793624.2539618,17.121780353335414,17.117622715201758,19.431160541768985,11.331044181969368,1.8824849619202388,0,0,0,0,-1,inf,0,-1,0,0,7600,237,0,3784,0,3579,1.8754138311910105,4.451606663516725,False
occluding_cut_in,P2,9014,50,5.0,3.0,11.222601870957808,7.344685878004649,0.21524704515085424,0.00020936202785666778,999790637.9721433,17.139263734065544,17.130520724208843,19.430094201262467,11.331044181969368,1.870638421737648,0,0,0,0,-1,inf,0,-1,0,0,7600,296,0,3728,0,3576,1.8754138311910105,4.451606663516725,False
occluding_cut_in,P3,9014,50,5.0,3.0,11.195220078189754,7.354345850186862,0.21412403749681036,0.00020556110229852885,999794438.8977014,17.151780353335408,17.145345201145346,19.431160541768985,11.331044181969368,1.8617540578986738,0,0,0,0,-1,inf,0,-1,0,0,7600,279,0,3746,0,3575,1.8754138311910105,4.451606663516725,False
occluding_cut_in,P4,9014,50,5.0,3.0,11.267888282720728,7.327224075401506,0.2107706627715266,0.00021432353040528026,999785676.4695947,17.087302883832308,17.087302883832308,19.431160541768985,11.331044181969368,1.912697116167692,0,0,0,0,-1,inf,0,-1,0,0,7600,182,0,3814,0,3604,1.8754138311910105,4.451606663516725,False
occluding_cut_in,P0,9015,50,5.0,3.0,11.267888282720728,7.327224075401506,0.2107706627715266,0.00021432353040528026,999785676.4695947,17.087302883832308,17.087302883832308,19.431160541768985,11.331044181969368,1.912697116167692,0,0,0,0,-1,inf,0,-1,0,0,7600,182,0,3814,0,3604,2.055938133199836,4.7406857387731645,False
occluding_cut_in,P1,9015,50,5.0,3.0,11.295418314240075,7.339360492320376,0.20953016730312896,0.00021039180284611168,999789608.1971539,17.087302883832308,17.085812480747336,19.42902108482531,11.331044181969368,1.9142924455010761,0,0,0,0,-1,inf,0,-1,0,0,7600,263,0,3737,0,3600,2.055938133199836,4.7406857387731645,False
occluding_cut_in,P2,9015,50,5.0,3.0,11.243941675404542,7.347368074154136,0.2140636836089802,0.00020866313146191432,999791336.8685383,17.096720715219117,17.090576267391267,19.428020504095343,11.331044181969368,1.9108983617464803,0,0,0,0,-1,inf,0,-1,0,0,7600,314,0,3686,0,3600,2.055938133199836,4.7406857387731645,False
occluding_cut_in,P3,9015,50,5.0,3.0,11.196457491852643,7.356078480514971,0.21434967398794555,0.00020482149822213837,999795178.501778,17.15178035333541,17.14458172147624,19.430048105437574,11.331044181969368,1.8613389248502736,0,0,0,0,-1,inf,0,-1,0,0,7600,300,0,3725,0,3575,2.055938133199836,4.7406857387731645,False
occluding_cut_in,P4,9015,50,5.0,3.0,11.267888282720728,7.327224075401506,0.2107706627715266,0.00021432353040528026,999785676.4695947,17.087302883832308,17.087302883832308,19.431160541768985,11.331044181969368,1.912697116167692,0,0,0,0,-1,inf,0,-1,0,0,7600,182,0,3814,0,3604,2.055938133199836,4.7406857387731645,False
occluding_cut_in,P0,9016,50,5.0,3.0,11.267888282720728,7.327224075401506,0.2107706627715266,0.00021432353040528026,999785676.4695947,17.087302883832308,17.087302883832308,19.431160541768985,11.331044181969368,1.912697116167692,0,0,0,0,-1,inf,0,-1,0,0,7600,182,0,3814,0,3604,1.9453876142750834,4.462424339071997,False
occluding_cut_in,P1,9016,50,5.0,3.0,11.297869342228044,7.343466673689892,0.20923779931311032,0.00020898105217346914,999791018.9478265,17.087302883832308,17.08552342188271,19.430073758811165,11.331044181969368,1.9145226843294183,0,0,0,0,-1,inf,0,-1,0,0,7600,248,0,3748,0,3604,1.9453876142750834,4.462424339071997,False
occluding_cut_in,P2,9016,50,5.0,3.0,11.241042283227243,7.34834648612017,0.21388584832584492,0.00020830622371436619,999791693.7762855,17.096720715219117,17.09120928887516,19.429027819371885,11.331044181969368,1.9105636526441665,0,0,0,0,-1,inf,0,-1,0,0,7600,292,0,3708,0,3600,1.9453876142750834,4.462424339071997,False
occluding_cut_in,P3,9016,50,5.0,3.0,11.188730860473086,7.323169320534642,0.21491378570597813,0.0002136283809497396,999786371.6190503,17.15178035333541,17.145196624852222,19.431160541768985,11.331044181969368,1.862832600337549,0,0,0,0,-1,inf,0,-1,0,0,7600,282,0,3743,0,3575,1.9453876142750834,4.462424339071997,False
occluding_cut_in,P4,9016,50,5.0,3.0,11.267888282720728,7.327224075401506,0.2107706627715266,0.00021432353040528026,999785676.4695947,17.087302883832308,17.087302883832308,19.431160541768985,11.331044181969368,1.912697116167692,0,0,0,0,-1,inf,0,-1,0,0,7600,182,0,3814,0,3604,1.9453876142750834,4.462424339071997,False
occluding_cut_in,P0,9017,50,5.0,3.0,11.267888282720728,7.327224075401506,0.2107706627715266,0.00021432353040528026,999785676.4695947,17.087302883832308,17.087302883832308,19.431160541768985,11.331044181969368,1.912697116167692,0,0,0,0,-1,inf,0,-1,0,0,7600,182,0,3814,0,3604,2.004324368321974,4.612497842378737,False
occluding_cut_in,P1,9017,50,5.0,3.0,11.317783592570613,7.340924320324938,0.20800412073676305,0.00020844263878270098,999791557.3612175,17.121780353335406,17.116962367430588,19.431160541768985,11.331044181969368,1.88314773956537,0,0,0,0,-1,inf,0,-1,0,0,7600,257,0,3763,0,3580,2.004324368321974,4.612497842378737,False
occluding_cut_in,P2,9017,50,5.0,3.0,11.175127974755581,7.332945383751173,0.2159798629118412,0.00021217371145124502,999787826.2885487,17.151780353335404,17.143658201067584,19.431160541768985,11.331044181969368,1.8622859975209516,0,0,0,0,-1,inf,0,-1,0,0,7600,283,0,3742,0,3575,2.004324368321974,4.612497842378737,False
occluding_cut_in,P3,9017,50,5.0,3.0,11.17982647253661,7.309945239514288,0.21592928226700317,0.00021928228020077524,999780717.7197994,17.15178035333542,17.145397845880034,19.431160541768985,11.331044181969368,1.8602356327073468,0,0,0,0,-1,inf,0,-1,0,0,7600,271,0,3754,0,3575,2.004324368321974,4.612497842378737,False
occluding_cut_in,P4,9017,50,5.0,3.0,11.267888282720728,7.327224075401506,0.2107706627715266,0.00021432353040528026,999785676.4695947,17.087302883832308,17.087302883832308,19.431160541768985,11.331044181969368,1.912697116167692,0,0,0,0,-1,inf,0,-1,0,0,7600,182,0,3814,0,3604,2.004324368321974,4.612497842378737,False
occluding_cut_in,P0,9018,50,5.0,3.0,11.267888282720728,7.327224075401506,0.2107706627715266,0.00021432353040528026,999785676.4695947,17.087302883832308,17.087302883832308,19.431160541768985,11.331044181969368,1.912697116167692,0,0,0,0,-1,inf,0,-1,0,0,7600,182,0,3814,0,3604,1.976186555234266,4.603608206986899,False
occluding_cut_in,P1,9018,50,5.0,3.0,11.321771043070433,7.3391346447995085,0.20825445283837796,0.00021042990867270784,999789570.0913273,17.121780353335417,17.116548502169948,19.431160541768985,11.331044181969368,1.8837522492727996,0,0,0,0,-1,inf,0,-1,0,0,7600,272,0,3748,0,3580,1.976186555234266,4.603608206986899,False
occluding_cut_in,P2,9018,50,5.0,3.0,11.238473942199763,7.348331817929137,0.213296932476458,0.00020810353427264775,999791896.4657272,17.096720715219107,17.09280097618688,19.43013353196599,11.331044181969368,1.9094763375039747,0,0,0,0,-1,inf,0,-1,0,0,7600,245,0,3759,0,3596,1.976186555234266,4.603608206986899,False
occluding_cut_in,P3,9018,50,5.0,3.0,11.111649839346782,7.332463616707964,0.22175011372850684,0.00021383137110448101,999786168.6288955,17.15178035333541,17.14231219455394,19.431160541768985,11.331044181969368,1.8710232551863193,0,0,0,0,-1,inf,0,-1,0,0,7600,304,0,3721,0,3575,1.976186555234266,4.603608206986899,False
occluding_cut_in,P4,9018,50,5.0,3.0,11.267888282720728,7.327224075401506,0.2107706627715266,0.00021432353040528026,999785676.4695947,17.087302883832308,17.087302883832308,19.431160541768985,11.331044181969368,1.912697116167692,0,0,0,0,-1,inf,0,-1,0,0,7600,182,0,3814,0,3604,1.976186555234266,4.603608206986899,False
occluding_cut_in,P0,9019,50,5.0,3.0,11.267888282720728,7.327224075401506,0.2107706627715266,0.00021432353040528026,999785676.4695947,17.087302883832308,17.087302883832308,19.431160541768985,11.331044181969368,1.912697116167692,0,0,0,0,-1,inf,0,-1,0,0,7600,182,0,3814,0,3604,1.8593987034300925,4.278714910622801,False
occluding_cut_in,P1,9019,50,5.0,3.0,11.302438581173565,7.353591518223721,0.208176956459349,0.00020539113233300558,999794608.8676671,17.121780353335414,17.11831932101108,19.431160541768985,11.331044181969368,1.8818062231194883,0,0,0,0,-1,inf,0,-1,0,0,7600,232,0,3787,0,3581,1.8593987034300925,4.278714910622801,False
occluding_cut_in,P2,9019,50,5.0,3.0,11.238473942199763,7.348331817929137,0.213296932476458,0.00020810353427264775,999791896.4657272,17.096720715219107,17.09280097618688,19.43013353196599,11.331044181969368,1.9094763375039747,0,0,0,0,-1,inf,0,-1,0,0,7600,245,0,3759,0,3596,1.8593987034300925,4.278714910622801,False
occluding_cut_in,P3,9019,50,5.0,3.0,11.234115978422913,7.347532739074193,0.2132565692115898,0.00020827732696175155,999791722.6730384,17.09672071521911,17.09343247158598,19.431160541768985,11.331044181969368,1.9092338673411526,0,0,0,0,-1,inf,0,-1,0,0,7600,216,0,3784,0,3600,1.8593987034300925,4.278714910622801,False
occluding_cut_in,P4,9019,50,5.0,3.0,11.267888282720728,7.327224075401506,0.2107706627715266,0.00021432353040528026,999785676.4695947,17.087302883832308,17.087302883832308,19.431160541768985,11.331044181969368,1.912697116167692,0,0,0,0,-1,inf,0,-1,0,0,7600,182,0,3814,0,3604,1.8593987034300925,4.278714910622801,False
