scenario,planner,seed,steps,duration_s,planning_safety_margin_m,mean_snr_db,min_snr_db,mean_outage_probability,mean_ber_model,mean_goodput_bps_model,path_length_m,progress_m,min_target_distance_m,min_realized_ttc_s,min_static_obstacle_clearance_m,static_clearance_violation_steps,static_clearance_violation_indicator,collision_indicator,collision_steps,first_collision_step,first_collision_time_s,no_candidate_steps,first_no_candidate_step,margin_relaxation_steps,margin_relaxation_indicator,first_margin_relaxation_step,zero_candidate_after_static_steps,zero_candidate_after_dynamic_steps,candidate_evaluations,candidate_road_rejections,candidate_speed_rejections,candidate_static_rejections,candidate_dynamic_rejections,candidate_feasible,prediction_ade_m,prediction_fde_m,measured_optical_link
following_lateral_offset,P0,15000,40,4.0,3.0,17.554327997253793,16.137508032910766,0.008993125497247473,2.1446366156120417e-20,1000000000.0,33.78,33.78,6.375609774758803,2.897116275101866,inf,0,0,0,0,-1,inf,0,-1,1,1,1,0,0,6080,0,0,0,2708,3372,1.6048957577899443,3.7007883893794515,False
following_lateral_offset,P1,15000,40,4.0,3.0,18.06739483152581,16.137508032910766,0.007340489280791468,2.0778766620602664e-20,1000000000.0,33.62000000000001,33.61672826419548,6.501502899115234,2.947079304269835,inf,0,0,0,0,-1,inf,0,-1,1,1,1,0,0,6080,144,0,0,2551,3385,1.6048957577899443,3.7007883893794515,False
following_lateral_offset,P2,15000,40,4.0,3.0,18.327742831495524,16.137508032910766,0.006397887849588753,2.0777256271697965e-20,1000000000.0,33.748333333333335,33.744281896955414,6.368107199162087,2.897116275101866,inf,0,0,0,0,-1,inf,0,-1,1,1,1,0,0,6080,224,0,0,2517,3339,1.6048957577899443,3.7007883893794515,False
following_lateral_offset,P3,15000,40,4.0,3.0,17.554327997253793,16.137508032910766,0.008993125497247473,2.1446366156120417e-20,1000000000.0,33.78,33.78,6.375609774758803,2.897116275101866,inf,0,0,0,0,-1,inf,0,-1,1,1,1,0,0,6080,0,0,0,2708,3372,1.6048957577899443,3.7007883893794515,False
following_lateral_offset,P4,15000,40,4.0,3.0,18.06769329620882,16.137508032910766,0.00734244018772121,2.07791427227264e-20,1000000000.0,33.75333333333334,33.75004377375671,6.370345650074842,2.897116275101866,inf,0,0,0,0,-1,inf,0,-1,1,1,1,0,0,6080,145,0,0,2591,3344,1.6048957577899443,3.7007883893794515,False
following_lateral_offset,P0,15001,40,4.0,3.0,17.494096731070627,16.026207213295088,0.009367971228222857,8.318488655822734e-20,1000000000.0,34.2,34.2,5.966573556070516,2.8178372483059713,inf,0,0,0,0,-1,inf,0,-1,1,1,1,0,0,6080,0,0,0,2801,3279,1.7747964430522565,3.958504685998777,False
following_lateral_offset,P1,15001,40,4.0,3.0,17.525835083809717,16.137508032910766,0.009135125560407699,2.5341996021076533e-20,1000000000.0,33.976666666666674,33.976666666666674,6.183893954818789,2.7900460155668205,inf,0,0,0,0,-1,inf,0,-1,1,1,1,0,0,6080,0,0,0,2725,3355,1.7747964430522565,3.958504685998777,False
following_lateral_offset,P2,15001,40,4.0,3.0,17.494096731070627,16.026207213295088,0.009367971228222857,8.318488655822734e-20,1000000000.0,34.2,34.2,5.966573556070516,2.8178372483059713,inf,0,0,0,0,-1,inf,0,-1,1,1,1,0,0,6080,0,0,0,2801,3279,1.7747964430522565,3.958504685998777,False
following_lateral_offset,P3,15001,40,4.0,3.0,17.494096731070627,16.026207213295088,0.009367971228222857,8.318488655822734e-20,1000000000.0,34.2,34.2,5.966573556070516,2.8178372483059713,inf,0,0,0,0,-1,inf,0,-1,1,1,1,0,0,6080,0,0,0,2801,3279,1.7747964430522565,3.958504685998777,False
following_lateral_offset,P4,15001,40,4.0,3.0,17.49680614501144,16.044690785830667,0.00934921275308188,7.353925808298228e-20,1000000000.0,34.186666666666675,34.186666666666675,5.979535470623479,2.8178372483059713,inf,0,0,0,0,-1,inf,0,-1,1,1,1,0,0,6080,0,0,0,2797,3283,1.7747964430522565,3.958504685998777,False
following_lateral_offset,P0,15002,40,4.0,3.0,17.418273997593705,16.137508032910766,0.00955874173123759,3.650356925419555e-20,1000000000.0,33.80833333333335,33.80785560345926,6.351378094998646,2.8943744656275565,inf,0,0,0,0,-1,inf,0,-1,1,1,1,0,0,6080,32,0,0,2635,3413,1.9265213423358187,4.295468048218329,False
following_lateral_offset,P1,15002,40,4.0,3.0,17.43841523187419,16.137508032910766,0.009422501193135615,3.028153149880199e-20,1000000000.0,33.63,33.62952243473237,6.525308503856541,3.0710057908073485,inf,0,0,0,0,-1,inf,0,-1,1,1,1,0,0,6080,33,0,0,2574,3473,1.9265213423358187,4.295468048218329,False
following_lateral_offset,P2,15002,40,4.0,3.0,18.083133218028983,16.137508032910766,0.007345861634111661,2.8809187918580035e-20,1000000000.0,33.620000000000005,33.61586842544141,6.495951019452973,2.8943744656275565,inf,0,0,0,0,-1,inf,0,-1,1,1,1,0,0,6080,215,0,0,2442,3423,1.9265213423358187,4.295468048218329,False
following_lateral_offset,P3,15002,40,4.0,3.0,17.418273997593705,16.137508032910766,0.00955874173123759,3.650356925419555e-20,1000000000.0,33.80833333333335,33.80785560345926,6.351378094998646,2.8943744656275565,inf,0,0,0,0,-1,inf,0,-1,1,1,1,0,0,6080,32,0,0,2635,3413,1.9265213423358187,4.295468048218329,False
following_lateral_offset,P4,15002,40,4.0,3.0,18.085074913980215,16.137508032910766,0.00734283502343287,2.880917626882962e-20,1000000000.0,33.60000000000002,33.595843395411855,6.515533912155805,2.9406214834703386,inf,0,0,0,0,-1,inf,0,-1,1,1,1,0,0,6080,215,0,0,2440,3425,1.9265213423358187,4.295468048218329,False
following_lateral_offset,P0,15003,40,4.0,3.0,17.492400420484028,15.923260643860353,0.009528915871828412,1.919534987272063e-19,1000000000.0,34.27166666666666,34.27166666666666,5.8969316409280035,2.7650870347334466,inf,0,0,0,0,-1,inf,0,-1,1,1,1,0,0,6080,0,0,0,2779,3301,1.6701978024952804,3.841872605197352,False
following_lateral_offset,P1,15003,40,4.0,3.0,17.49067052457396,15.82964896339551,0.009541722770910352,3.884321089529591e-19,1000000000.0,34.33333333333334,34.33333333333334,5.837046437292666,2.8024768906749262,inf,0,0,0,0,-1,inf,0,-1,1,1,1,0,0,6080,0,0,0,2798,3282,1.6701978024952804,3.841872605197352,False
following_lateral_offset,P2,15003,40,4.0,3.0,17.478567865305592,15.733888803307371,0.009649572915568498,8.5844257701976045e-19,1000000000.0,34.39333333333334,34.39333333333334,5.778815718736068,2.7650870347334466,inf,0,0,0,0,-1,inf,0,-1,1,1,1,0,0,6080,0,0,0,2821,3259,1.6701978024952804,3.841872605197352,False
following_lateral_offset,P3,15003,40,4.0,3.0,17.492400420484028,15.923260643860353,0.009528915871828412,1.919534987272063e-19,1000000000.0,34.27166666666666,34.27166666666666,5.8969316409280035,2.7650870347334466,inf,0,0,0,0,-1,inf,0,-1,1,1,1,0,0,6080,0,0,0,2779,3301,1.6701978024952804,3.841872605197352,False
following_lateral_offset,P4,15003,40,4.0,3.0,18.051325293409334,16.137508032910766,0.00740229296916268,2.079430524926193e-20,1000000000.0,34.27166666666667,34.268440585465555,5.862679983390083,2.7650870347334466,inf,0,0,0,0,-1,inf,0,-1,1,1,1,0,0,6080,143,0,0,2668,3269,1.6701978024952804,3.841872605197352,False
following_lateral_offset,P0,15004,40,4.0,3.0,17.5488278058983,15.77169033790965,0.009545499167029351,6.799987798428139e-19,1000000000.0,34.37000000000001,34.37000000000001,5.801456713619422,2.6758102240082584,inf,0,0,0,0,-1,inf,0,-1,1,1,1,0,0,6080,0,0,0,2768,3312,1.71174035314294,3.920100192830295,False
following_lateral_offset,P1,15004,40,4.0,3.0,18.27005649454238,16.137508032910766,0.006797521051628818,2.0676697282893543e-20,1000000000.0,34.30666666666668,34.30235113907203,5.8182522420699305,2.6758102240082584,inf,0,0,0,0,-1,inf,0,-1,1,1,1,0,0,6080,196,0,0,2600,3284,1.71174035314294,3.920100192830295,False
following_lateral_offset,P2,15004,40,4.0,3.0,18.265438243359345,16.137508032910766,0.006806910996841095,2.067729193629521e-20,1000000000.0,34.33800000000001,34.333710555810185,5.787624843139007,2.6758102240082584,inf,0,0,0,0,-1,inf,0,-1,1,1,1,0,0,6080,196,0,0,2604,3280,1.71174035314294,3.920100192830295,False
following_lateral_offset,P3,15004,40,4.0,3.0,17.5488278058983,15.77169033790965,0.009545499167029351,6.799987798428139e-19,1000000000.0,34.37000000000001,34.37000000000001,5.801456713619422,2.6758102240082584,inf,0,0,0,0,-1,inf,0,-1,1,1,1,0,0,6080,0,0,0,2768,3312,1.71174035314294,3.920100192830295,False
following_lateral_offset,P4,15004,40,4.0,3.0,18.265507154399334,16.137508032910766,0.006806692181297315,2.0677291936261196e-20,1000000000.0,34.34133333333333,34.33704138128326,5.784337540851963,2.6758102240082584,inf,0,0,0,0,-1,inf,0,-1,1,1,1,0,0,6080,196,0,0,2605,3279,1.71174035314294,3.920100192830295,False
following_lateral_offset,P0,15005,40,4.0,3.0,17.582819040843294,15.930643607435783,0.009208862112100794,1.683322389055577e-19,1000000000.0,34.26666666666668,34.26666666666668,5.901788806041009,2.9578615038327074,inf,0,0,0,0,-1,inf,0,-1,1,1,1,0,0,6080,0,0,0,2645,3435,1.8553560057015481,4.150623988874752,False
following_lateral_offset,P1,15005,40,4.0,3.0,17.596376862828492,16.044690785830667,0.00909860180592535,7.330802947391374e-20,1000000000.0,34.186666666666675,34.186666666666675,5.979535470623479,2.9648059482771503,inf,0,0,0,0,-1,inf,0,-1,1,1,1,0,0,6080,0,0,0,2623,3457,1.8553560057015481,4.150623988874752,False
following_lateral_offset,P2,15005,40,4.0,3.0,17.59135925382536,15.986239686292459,0.009147663662090546,1.1012748997849046e-19,1000000000.0,34.228333333333346,34.228333333333346,5.939034947793368,2.9578615038327074,inf,0,0,0,0,-1,inf,0,-1,1,1,1,0,0,6080,0,0,0,2634,3446,1.8553560057015481,4.150623988874752,False
following_lateral_offset,P3,15005,40,4.0,3.0,17.582819040843294,15.930643607435783,0.009208862112100794,1.683322389055577e-19,1000000000.0,34.26666666666668,34.26666666666668,5.901788806041009,2.9578615038327074,inf,0,0,0,0,-1,inf,0,-1,1,1,1,0,0,6080,0,0,0,2645,3435,1.8553560057015481,4.150623988874752,False
following_lateral_offset,P4,15005,40,4.0,3.0,17.582819040843294,15.930643607435783,0.009208862112100794,1.683322389055577e-19,1000000000.0,34.26666666666668,34.26666666666668,5.901788806041009,2.9578615038327074,inf,0,0,0,0,-1,inf,0,-1,1,1,1,0,0,6080,0,0,0,2645,3435,1.8553560057015481,4.150623988874752,False
following_lateral_offset,P0,15006,40,4.0,3.0,17.5692118719119,16.056138750258967,0.009206758238320862,7.292344022904659e-20,1000000000.0,34.17833333333334,34.17833333333334,5.987637495521726,2.859379035494119,inf,0,0,0,0,-1,inf,0,-1,1,1,1,0,0,6080,0,0,0,2810,3270,1.5734816876710525,3.625523759184394,False
following_lateral_offset,P1,15006,40,4.0,3.0,17.588728674216817,16.137508032910766,0.009029135426419305,3.0372402239018286e-20,1000000000.0,34.0366666666667,34.0366666666667,6.125466875630305,2.9689624764406237,inf,0,0,0,0,-1,inf,0,-1,1,1,1,0,0,6080,0,0,0,2763,3317,1.5734816876710525,3.625523759184394,False
following_lateral_offset,P2,15006,40,4.0,3.0,17.5692118719119,16.056138750258967,0.009206758238320862,7.292344022904659e-20,1000000000.0,34.17833333333334,34.17833333333334,5.987637495521726,2.859379035494119,inf,0,0,0,0,-1,inf,0,-1,1,1,1,0,0,6080,0,0,0,2810,3270,1.5734816876710525,3.625523759184394,False
following_lateral_offset,P3,15006,40,4.0,3.0,17.5692118719119,16.056138750258967,0.009206758238320862,7.292344022904659e-20,1000000000.0,34.17833333333334,34.17833333333334,5.987637495521726,2.859379035494119,inf,0,0,0,0,-1,inf,0,-1,1,1,1,0,0,6080,0,0,0,2810,3270,1.5734816876710525,3.625523759184394,False
following_lateral_offset,P4,15006,40,4.0,3.0,17.57715376385512,16.125356771657493,0.00914883168177656,4.884479201011362e-20,1000000000.0,34.12666666666667,34.12666666666667,6.037884103263691,2.859379035494119,inf,0,0,0,0,-1,inf,0,-1,1,1,1,0,0,6080,0,0,0,2793,3287,1.5734816876710525,3.625523759184394,False
following_lateral_offset,P0,15007,40,4.0,3.0,17.55668431268571,15.934078531319592,0.009425408560265785,1.9222826085857941e-19,1000000000.0,34.26433333333335,34.26433333333335,5.904055564703889,2.7384067913671895,inf,0,0,0,0,-1,inf,0,-1,1,1,1,0,0,6080,0,0,0,2771,3309,1.756316361906536,4.004216182476933,False
following_lateral_offset,P1,15007,40,4.0,3.0,18.51542117224865,16.137508032910766,0.006237435508440079,2.0669816471216998e-20,1000000000.0,34.130000000000024,34.12489556629815,5.982800141237701,2.7755002001601596,inf,0,0,0,0,-1,inf,0,-1,1,1,1,0,0,6080,244,0,0,2528,3308,1.756316361906536,4.004216182476933,False
following_lateral_offset,P2,15007,40,4.0,3.0,18.51340982842367,16.137508032910766,0.006241902846454597,2.0670042258066612e-20,1000000000.0,34.244333333333344,34.23924009059996,5.870449694910645,2.7384067913671895,inf,0,0,0,0,-1,inf,0,-1,1,1,1,0,0,6080,244,0,0,2564,3272,1.756316361906536,4.004216182476933,False
following_lateral_offset,P3,15007,40,4.0,3.0,17.55751519454982,15.94629198748711,0.009418357708387611,1.7611486196862238e-19,1000000000.0,34.256000000000014,34.256000000000014,5.912151554214407,2.7384067913671895,inf,0,0,0,0,-1,inf,0,-1,1,1,1,0,0,6080,0,0,0,2768,3312,1.756316361906536,4.004216182476933,False
following_lateral_offset,P4,15007,40,4.0,3.0,18.513714566505655,16.137508032910766,0.006241632670294421,2.0670042258066612e-20,1000000000.0,34.26433333333335,34.25922591185157,5.8506932590559995,2.7384067913671895,inf,0,0,0,0,-1,inf,0,-1,1,1,1,0,0,6080,245,0,0,2567,3268,1.756316361906536,4.004216182476933,False
following_lateral_offset,P0,15008,40,4.0,3.0,17.5663305323375,15.983859130996333,0.009260169634516289,1.2653102826399096e-19,1000000000.0,34.23000000000002,34.23000000000002,5.937415262553209,2.947264098322205,inf,0,0,0,0,-1,inf,0,-1,1,1,1,0,0,6080,0,0,0,2821,3259,1.5849980772153656,3.7399322959350663,False
following_lateral_offset,P1,15008,40,4.0,3.0,17.71131694761802,16.137508032910766,0.008576333229010646,2.582207740219013e-20,1000000000.0,34.19666666666669,34.19607903403192,5.963804929865694,2.916939525723132,inf,0,0,0,0,-1,inf,0,-1,1,1,1,0,0,6080,23,0,0,2791,3266,1.5849980772153656,3.7399322959350663,False
following_lateral_offset,P2,15008,40,4.0,3.0,17.574292252705742,16.04927955823998,0.009201584725679387,8.027225541836877e-20,1000000000.0,34.18333333333335,34.18333333333335,5.982776204331139,2.947264098322205,inf,0,0,0,0,-1,inf,0,-1,1,1,1,0,0,6080,0,0,0,2808,3272,1.5849980772153656,3.7399322959350663,False
following_lateral_offset,P3,15008,40,4.0,3.0,17.5663305323375,15.983859130996333,0.009260169634516289,1.2653102826399096e-19,1000000000.0,34.23000000000002,34.23000000000002,5.937415262553209,2.947264098322205,inf,0,0,0,0,-1,inf,0,-1,1,1,1,0,0,6080,0,0,0,2821,3259,1.5849980772153656,3.7399322959350663,False
following_lateral_offset,P4,15008,40,4.0,3.0,17.707674788643015,16.137508032910766,0.008596885191748843,2.754814623902176e-20,1000000000.0,34.23000000000002,34.229414905094856,5.931365940908976,2.947264098322205,inf,0,0,0,0,-1,inf,0,-1,1,1,1,0,0,6080,23,0,0,2799,3258,1.5849980772153656,3.7399322959350663,False
following_lateral_offset,P0,15009,40,4.0,3.0,17.55651786215938,15.950182487907403,0.009289450655218611,1.499312251669805e-19,1000000000.0,34.253333333333345,34.253333333333345,5.914742410095105,2.8870805544702125,inf,0,0,0,0,-1,inf,0,-1,1,1,1,0,0,6080,0,0,0,2785,3295,1.6380891975114757,3.8831112232401495,False
following_lateral_offset,P1,15009,40,4.0,3.0,17.56702589177204,16.026207213295045,0.009204711981066864,8.551212859323641e-20,1000000000.0,34.20000000000003,34.20000000000003,5.966573556070489,2.9224844844745217,inf,0,0,0,0,-1,inf,0,-1,1,1,1,0,0,6080,0,0,0,2766,3314,1.6380891975114757,3.8831112232401495,False
following_lateral_offset,P2,15009,40,4.0,3.0,17.55657854196249,15.952609680031726,0.009288902073391767,1.477322527732494e-19,1000000000.0,34.25166666666668,34.25166666666668,5.916361729231147,2.8870805544702125,inf,0,0,0,0,-1,inf,0,-1,1,1,1,0,0,6080,0,0,0,2785,3295,1.6380891975114757,3.8831112232401495,False
following_lateral_offset,P3,15009,40,4.0,3.0,17.55651786215938,15.950182487907403,0.009289450655218611,1.499312251669805e-19,1000000000.0,34.253333333333345,34.253333333333345,5.914742410095105,2.8870805544702125,inf,0,0,0,0,-1,inf,0,-1,1,1,1,0,0,6080,0,0,0,2785,3295,1.6380891975114757,3.8831112232401495,False
following_lateral_offset,P4,15009,40,4.0,3.0,17.55651786215938,15.950182487907403,0.009289450655218611,1.499312251669805e-19,1000000000.0,34.253333333333345,34.253333333333345,5.914742410095105,2.8870805544702125,inf,0,0,0,0,-1,inf,0,-1,1,1,1,0,0,6080,0,0,0,2785,3295,1.6380891975114757,3.8831112232401495,False
following_lateral_offset,P0,15010,40,4.0,3.0,17.54723001672985,15.93309780257228,0.009349876940775988,1.7726580930730821e-19,1000000000.0,34.265000000000015,34.265000000000015,5.90340791407809,2.759859498831839,inf,0,0,0,0,-1,inf,0,-1,2,1,1,0,0,6080,0,0,0,2834,3246,1.7875495615945423,4.117033358825643,False
following_lateral_offset,P1,15010,40,4.0,3.0,18.19015910546427,16.137508032910766,0.006999268005521088,2.067569486234132e-20,1000000000.0,34.213333333333345,34.20969922437193,5.914931074374224,2.7729742529302,inf,0,0,0,0,-1,inf,0,-1,2,1,1,0,0,6080,167,0,0,2683,3230,1.7875495615945423,4.117033358825643,False
following_lateral_offset,P2,15010,40,4.0,3.0,17.554193536317065,15.988616940185961,0.009297650197652043,1.1705455864118192e-19,1000000000.0,34.22666666666669,34.22666666666669,5.940654659023493,2.81252382381237,inf,0,0,0,0,-1,inf,0,-1,2,1,1,0,0,6080,0,0,0,2823,3257,1.7875495615945423,4.117033358825643,False
following_lateral_offset,P3,15010,40,4.0,3.0,17.54723001672985,15.93309780257228,0.009349876940775988,1.7726580930730821e-19,1000000000.0,34.265000000000015,34.265000000000015,5.90340791407809,2.759859498831839,inf,0,0,0,0,-1,inf,0,-1,2,1,1,0,0,6080,0,0,0,2834,3246,1.7875495615945423,4.117033358825643,False
following_lateral_offset,P4,15010,40,4.0,3.0,18.195778411403072,16.137508032910766,0.0069900177113754874,2.0675946963721923e-20,1000000000.0,34.230000000000004,34.22632795292965,5.898410114360389,2.81252382381237,inf,0,0,0,0,-1,inf,0,-1,2,1,1,0,0,6080,168,0,0,2688,3224,1.7875495615945423,4.117033358825643,False
following_lateral_offset,P0,15011,40,4.0,3.0,17.56174112032183,15.832242141950838,0.009347853818245919,3.745841825938084e-19,1000000000.0,34.33166666666668,34.33166666666668,5.838664468675834,2.873210825420509,inf,0,0,0,0,-1,inf,0,-1,1,1,1,0,0,6080,0,0,0,2738,3342,1.7477541353048978,3.9755441400417553,False
following_lateral_offset,P1,15011,40,4.0,3.0,17.580814849152674,15.969506248215493,0.009202493118966773,1.27063864018717e-19,1000000000.0,34.240000000000016,34.240000000000016,5.92769769809492,2.9097966685802747,inf,0,0,0,0,-1,inf,0,-1,1,1,1,0,0,6080,0,0,0,2706,3374,1.7477541353048978,3.9755441400417553,False
following_lateral_offset,P2,15011,40,4.0,3.0,17.56174112032183,15.832242141950838,0.009347853818245919,3.745841825938084e-19,1000000000.0,34.33166666666668,34.33166666666668,5.838664468675834,2.873210825420509,inf,0,0,0,0,-1,inf,0,-1,1,1,1,0,0,6080,0,0,0,2738,3342,1.7477541353048978,3.9755441400417553,False
following_lateral_offset,P3,15011,40,4.0,3.0,17.56174112032183,15.832242141950838,0.009347853818245919,3.745841825938084e-19,1000000000.0,34.33166666666668,34.33166666666668,5.838664468675834,2.873210825420509,inf,0,0,0,0,-1,inf,0,-1,1,1,1,0,0,6080,0,0,0,2738,3342,1.7477541353048978,3.9755441400417553,False
following_lateral_offset,P4,15011,40,4.0,3.0,17.560860046228182,15.819240593164588,0.009355971801218017,4.1654875119040463e-19,1000000000.0,34.34000000000001,34.34000000000001,5.830574585750523,2.873210825420509,inf,0,0,0,0,-1,inf,0,-1,1,1,1,0,0,6080,0,0,0,2736,3344,1.7477541353048978,3.9755441400417553,False
following_lateral_offset,P0,15012,40,4.0,3.0,17.51291536840149,15.711961318347154,0.009619902487199536,1.0761207830690074e-18,1000000000.0,34.40666666666667,34.40666666666667,5.765880485908263,2.7586415001566755,inf,0,0,0,0,-1,inf,0,-1,1,1,1,0,0,6080,0,0,0,2857,3223,1.5993688219279754,3.784450434735193,False
following_lateral_offset,P1,15012,40,4.0,3.0,17.52857424525782,15.845154765975899,0.009487179748748797,3.6164313806166907e-19,1000000000.0,34.32333333333335,34.32333333333335,5.846755035440106,2.7291435573415894,inf,0,0,0,0,-1,inf,0,-1,1,1,1,0,0,6080,0,0,0,2825,3255,1.5993688219279754,3.784450434735193,False
following_lateral_offset,P2,15012,40,4.0,3.0,17.523887061122792,15.827052223555059,0.009527224415883245,4.285563135016487e-19,1000000000.0,34.33500000000002,34.33500000000002,5.835428433285747,2.7586415001566755,inf,0,0,0,0,-1,inf,0,-1,1,1,1,0,0,6080,0,0,0,2834,3246,1.5993688219279754,3.784450434735193,False
following_lateral_offset,P3,15012,40,4.0,3.0,17.51416999263422,15.733888803307364,0.009608105104246813,9.080313840628898e-19,1000000000.0,34.393333333333345,34.393333333333345,5.778815718736062,2.7586415001566755,inf,0,0,0,0,-1,inf,0,-1,1,1,1,0,0,6080,0,0,0,2852,3228,1.5993688219279754,3.784450434735193,False
following_lateral_offset,P4,15012,40,4.0,3.0,17.520355068787588,15.777031749802289,0.00955851658845527,6.347161230479832e-19,1000000000.0,34.36666666666668,34.36666666666668,5.804691589089319,2.7586415001566755,inf,0,0,0,0,-1,inf,0,-1,1,1,1,0,0,6080,0,0,0,2844,3236,1.5993688219279754,3.784450434735193,False
following_lateral_offset,P0,15013,40,4.0,3.0,17.548143140081095,15.827052223555086,0.009409594137988635,4.0011793876907464e-19,1000000000.0,34.33500000000001,34.33500000000001,5.83542843328576,2.6094773108444658,inf,0,0,0,0,-1,inf,0,-1,1,1,1,0,0,6080,0,0,0,2702,3378,1.766201502272724,3.9559436272319433,False
following_lateral_offset,P1,15013,40,4.0,3.0,17.562624579046854,15.955033514959926,0.00926647940973287,1.4221655771958415e-19,1000000000.0,34.25,34.25,5.917981074657133,2.655563256946132,inf,0,0,0,0,-1,inf,0,-1,1,1,1,0,0,6080,0,0,0,2672,3408,1.766201502272724,3.9559436272319433,False
following_lateral_offset,P2,15013,40,4.0,3.0,19.159404504764353,16.137508032910766,0.005040734126452314,2.0668944057226987e-20,1000000000.0,34.25133333333334,34.24364952802983,5.8346518219284915,2.6094773108444658,inf,0,0,0,0,-1,inf,0,-1,1,1,1,0,0,6080,456,0,0,2301,3323,1.766201502272724,3.9559436272319433,False
following_lateral_offset,P3,15013,40,4.0,3.0,17.548208058577103,15.82964896339551,0.009408971450668217,3.9324972630379538e-19,1000000000.0,34.33333333333334,34.33333333333334,5.837046437292666,2.6094773108444658,inf,0,0,0,0,-1,inf,0,-1,1,1,1,0,0,6080,0,0,0,2702,3378,1.766201502272724,3.9559436272319433,False
following_lateral_offset,P4,15013,40,4.0,3.0,17.55086311461276,15.852859879672087,0.009387904114933041,3.254392168521679e-19,1000000000.0,34.31833333333335,34.31833333333335,5.851609702561419,2.6094773108444658,inf,0,0,0,0,-1,inf,0,-1,1,1,1,0,0,6080,0,0,0,2697,3383,1.766201502272724,3.9559436272319433,False
following_lateral_offset,P0,15014,40,4.0,3.0,17.586507304407284,16.012208766936048,0.009204561495967642,9.920939395641881e-20,1000000000.0,34.210000000000015,34.210000000000015,5.956853196109488,2.7743890890490484,inf,0,0,0,0,-1,inf,0,-1,1,1,1,0,0,6080,0,0,0,2786,3294,1.622721170450821,3.8131753024748223,False
following_lateral_offset,P1,15014,40,4.0,3.0,19.226474867332893,16.137508032910766,0.0049446049666958215,2.0692768415300743e-20,1000000000.0,33.84000000000001,33.83156765739113,6.2369897782002575,2.8824294122527405,inf,0,0,0,0,-1,inf,0,-1,1,1,1,0,0,6080,490,0,0,2262,3328,1.622721170450821,3.8131753024748223,False
following_lateral_offset,P2,15014,40,4.0,3.0,17.588611113793256,16.040089195715595,0.009187805964295692,8.262925028795505e-20,1000000000.0,34.19000000000001,34.19000000000001,5.976294838777607,2.7743890890490484,inf,0,0,0,0,-1,inf,0,-1,1,1,1,0,0,6080,0,0,0,2780,3300,1.622721170450821,3.8131753024748223,False
following_lateral_offset,P3,15014,40,4.0,3.0,17.586507304407284,16.012208766936048,0.009204561495967642,9.920939395641881e-20,1000000000.0,34.210000000000015,34.210000000000015,5.956853196109488,2.7743890890490484,inf,0,0,0,0,-1,inf,0,-1,1,1,1,0,0,6080,0,0,0,2786,3294,1.622721170450821,3.8131753024748223,False
following_lateral_offset,P4,15014,40,4.0,3.0,17.586507304407284,16.012208766936048,0.009204561495967642,9.920939395641881e-20,1000000000.0,34.210000000000015,34.210000000000015,5.956853196109488,2.7743890890490484,inf,0,0,0,0,-1,inf,0,-1,1,1,1,0,0,6080,0,0,0,2786,3294,1.622721170450821,3.8131753024748223,False
following_lateral_offset,P0,15015,40,4.0,3.0,17.529317737079612,15.865631337566517,0.009405357121382513,2.949732058750381e-19,1000000000.0,34.31000000000001,34.31000000000001,5.859701357577867,2.840342477315195,inf,0,0,0,0,-1,inf,0,-1,1,1,1,0,0,6080,0,0,0,2821,3259,1.7795284872409556,3.9652182086586967,False
following_lateral_offset,P1,15015,40,4.0,3.0,17.541050304663617,15.950182487907403,0.00931136679907865,1.507120522876921e-19,1000000000.0,34.253333333333345,34.253333333333345,5.914742410095105,2.858617765808295,inf,0,0,0,0,-1,inf,0,-1,1,1,1,0,0,6080,0,0,0,2801,3279,1.7795284872409556,3.9652182086586967,False
following_lateral_offset,P2,15015,40,4.0,3.0,17.529317737079612,15.865631337566517,0.009405357121382513,2.949732058750381e-19,1000000000.0,34.31000000000001,34.31000000000001,5.859701357577867,2.840342477315195,inf,0,0,0,0,-1,inf,0,-1,1,1,1,0,0,6080,0,0,0,2821,3259,1.7795284872409556,3.9652182086586967,False
following_lateral_offset,P3,15015,40,4.0,3.0,17.529317737079612,15.865631337566517,0.009405357121382513,2.949732058750381e-19,1000000000.0,34.31000000000001,34.31000000000001,5.859701357577867,2.840342477315195,inf,0,0,0,0,-1,inf,0,-1,1,1,1,0,0,6080,0,0,0,2821,3259,1.7795284872409556,3.9652182086586967,False
following_lateral_offset,P4,15015,40,4.0,3.0,17.529317737079612,15.865631337566517,0.009405357121382513,2.949732058750381e-19,1000000000.0,34.31000000000001,34.31000000000001,5.859701357577867,2.840342477315195,inf,0,0,0,0,-1,inf,0,-1,1,1,1,0,0,6080,0,0,0,2821,3259,1.7795284872409556,3.9652182086586967,False
following_lateral_offset,P0,15016,40,4.0,3.0,17.615731242592215,15.950182487907414,0.009175731301222106,1.504289611187039e-19,1000000000.0,34.25333333333334,34.25333333333334,5.914742410095112,2.6116593533950487,inf,0,0,0,0,-1,inf,0,-1,1,1,1,0,0,6080,0,0,0,2628,3452,1.810979878040476,4.017271525294527,False
following_lateral_offset,P1,15016,40,4.0,3.0,17.656071856082548,16.137508032910766,0.008857016232708358,2.5910162527145058e-20,1000000000.0,33.98000000000001,33.98000000000001,6.180647215300342,2.647130659995002,inf,0,0,0,0,-1,inf,0,-1,1,1,1,0,0,6080,0,0,0,2536,3544,1.810979878040476,4.017271525294527,False
following_lateral_offset,P2,15016,40,4.0,3.0,17.615731242592215,15.950182487907414,0.009175731301222106,1.504289611187039e-19,1000000000.0,34.25333333333334,34.25333333333334,5.914742410095112,2.6116593533950487,inf,0,0,0,0,-1,inf,0,-1,1,1,1,0,0,6080,0,0,0,2628,3452,1.810979878040476,4.017271525294527,False
following_lateral_offset,P3,15016,40,4.0,3.0,17.615731242592215,15.950182487907414,0.009175731301222106,1.504289611187039e-19,1000000000.0,34.25333333333334,34.25333333333334,5.914742410095112,2.6116593533950487,inf,0,0,0,0,-1,inf,0,-1,1,1,1,0,0,6080,0,0,0,2628,3452,1.810979878040476,4.017271525294527,False
following_lateral_offset,P4,15016,40,4.0,3.0,17.615731242592215,15.950182487907414,0.009175731301222106,1.504289611187039e-19,1000000000.0,34.25333333333334,34.25333333333334,5.914742410095112,2.6116593533950487,inf,0,0,0,0,-1,inf,0,-1,1,1,1,0,0,6080,0,0,0,2628,3452,1.810979878040476,4.017271525294527,False
following_lateral_offset,P0,15017,40,4.0,3.0,17.49689252430342,15.829648963395519,0.009521961233631887,3.823819663719786e-19,1000000000.0,34.333333333333336,34.333333333333336,5.837046437292673,2.847397630774861,inf,0,0,0,0,-1,inf,0,-1,1,1,1,0,0,6080,0,0,0,2801,3279,1.64973244503529,3.8604211648494973,False
following_lateral_offset,P1,15017,40,4.0,3.0,17.531803299425484,16.103356049263525,0.009263035855255527,5.270758438285182e-20,1000000000.0,34.143333333333345,34.143333333333345,6.0216728941751985,2.888769197249922,inf,0,0,0,0,-1,inf,0,-1,1,1,1,0,0,6080,0,0,0,2743,3337,1.64973244503529,3.8604211648494973,False
following_lateral_offset,P2,15017,40,4.0,3.0,17.49689252430342,15.829648963395519,0.009521961233631887,3.823819663719786e-19,1000000000.0,34.333333333333336,34.333333333333336,5.837046437292673,2.847397630774861,inf,0,0,0,0,-1,inf,0,-1,1,1,1,0,0,6080,0,0,0,2801,3279,1.64973244503529,3.8604211648494973,False
following_lateral_offset,P3,15017,40,4.0,3.0,17.49689252430342,15.829648963395519,0.009521961233631887,3.823819663719786e-19,1000000000.0,34.333333333333336,34.333333333333336,5.837046437292673,2.847397630774861,inf,0,0,0,0,-1,inf,0,-1,1,1,1,0,0,6080,0,0,0,2801,3279,1.64973244503529,3.8604211648494973,False
following_lateral_offset,P4,15017,40,4.0,3.0,17.503259923059204,15.883364431564024,0.009472639746350093,2.479705533000357e-19,1000000000.0,34.29833333333333,34.29833333333333,5.871030810494678,2.847397630774861,inf,0,0,0,0,-1,inf,0,-1,1,1,1,0,0,6080,0,0,0,2794,3286,1.64973244503529,3.8604211648494973,False
following_lateral_offset,P0,15018,40,4.0,3.0,17.51760962101442,16.137508032910766,0.00927772527382568,3.394002557702485e-20,1000000000.0,34.061666666666675,34.061666666666675,6.101131270328289,2.851941438811077,inf,0,0,0,0,-1,inf,0,-1,1,1,1,0,0,6080,0,0,0,2794,3286,1.749862748262735,3.944465057930691,False
following_lateral_offset,P1,15018,40,4.0,3.0,18.053263116365002,16.137508032910766,0.007399282741904859,2.078908231863225e-20,1000000000.0,34.08000000000002,34.07675197102491,6.0502784081646945,2.8214593533075023,inf,0,0,0,0,-1,inf,0,-1,1,1,1,0,0,6080,143,0,0,2689,3248,1.749862748262735,3.944465057930691,False
following_lateral_offset,P2,15018,40,4.0,3.0,18.056588702247005,16.137508032910766,0.007388426488649858,2.0787852892619028e-20,1000000000.0,34.039666666666676,34.036423949888494,6.089820483087562,2.851941438811077,inf,0,0,0,0,-1,inf,0,-1,1,1,1,0,0,6080,143,0,0,2671,3266,1.749862748262735,3.944465057930691,False
following_lateral_offset,P3,15018,40,4.0,3.0,17.51760962101442,16.137508032910766,0.00927772527382568,3.394002557702485e-20,1000000000.0,34.061666666666675,34.061666666666675,6.101131270328289,2.851941438811077,inf,0,0,0,0,-1,inf,0,-1,1,1,1,0,0,6080,0,0,0,2794,3286,1.749862748262735,3.944465057930691,False
following_lateral_offset,P4,15018,40,4.0,3.0,18.056638162039455,16.137508032910766,0.007388366807735265,2.0787852892619028e-20,1000000000.0,34.05633333333335,34.05307796846726,6.073380826077642,2.851941438811077,inf,0,0,0,0,-1,inf,0,-1,1,1,1,0,0,6080,143,0,0,2679,3258,1.749862748262735,3.944465057930691,False
following_lateral_offset,P0,15019,40,4.0,3.0,17.58537906895905,16.09446896789528,0.00914987504900536,5.779076525139164e-20,1000000000.0,34.15000000000001,34.15000000000001,6.01518910758422,2.847333374744607,inf,0,0,0,0,-1,inf,0,-1,1,1,1,0,0,6080,0,0,0,2743,3337,1.7486208977068436,4.0104055979938265,False
following_lateral_offset,P1,15019,40,4.0,3.0,17.596177424697856,16.137508032910766,0.009041451558153928,3.2614064868382955e-20,1000000000.0,34.053333333333356,34.053333333333356,6.109242542610677,2.867086461164359,inf,0,0,0,0,-1,inf,0,-1,1,1,1,0,0,6080,0,0,0,2708,3372,1.7486208977068436,4.0104055979938265,False
following_lateral_offset,P2,15019,40,4.0,3.0,17.586857324929657,16.11659353291011,0.009138316464285237,5.143987960016208e-20,1000000000.0,34.13333333333334,34.13333333333334,6.031399321697885,2.847333374744607,inf,0,0,0,0,-1,inf,0,-1,1,1,1,0,0,6080,0,0,0,2738,3342,1.7486208977068436,4.0104055979938265,False
following_lateral_offset,P3,15019,40,4.0,3.0,17.58537906895905,16.09446896789528,0.00914987504900536,5.779076525139164e-20,1000000000.0,34.15000000000001,34.15000000000001,6.01518910758422,2.847333374744607,inf,0,0,0,0,-1,inf,0,-1,1,1,1,0,0,6080,0,0,0,2743,3337,1.7486208977068436,4.0104055979938265,False
following_lateral_offset,P4,15019,40,4.0,3.0,17.58537906895905,16.09446896789528,0.00914987504900536,5.779076525139164e-20,1000000000.0,34.15000000000001,34.15000000000001,6.01518910758422,2.847333374744607,inf,0,0,0,0,-1,inf,0,-1,1,1,1,0,0,6080,0,0,0,2743,3337,1.7486208977068436,4.0104055979938265,False
lane_choice,P0,15000,40,4.0,3.0,-1.4841772517946126,-13.800125353527465,0.7112488585418857,0.27149979741639463,728500202.5836054,12.99999999999999,12.882786325056207,16.782438462261936,inf,1.5013499953110632,0,0,0,0,-1,inf,0,-1,0,0,-1,0,0,6080,1879,0,1762,0,2439,1.649674481586056,3.980724900701573,False
lane_choice,P1,15000,40,4.0,3.0,11.415283391778743,7.917465961148334,0.1974985300149305,9.757018575009285e-05,999902429.81425,12.999999999999991,12.91210617836171,16.755131274768452,6.1060366622275195,1.5001885304115121,0,0,0,0,-1,inf,0,-1,0,0,-1,0,0,6080,1784,0,1780,0,2516,1.649674481586056,3.980724900701573,False
lane_choice,P2,15000,40,4.0,3.0,12.008701804632036,8.229738049872287,0.15881413145339823,3.7394747089857576e-05,999962605.2529103,12.999999999999991,12.904499009576284,16.74847084715829,6.1060366622275195,1.5001177930900464,0,0,0,0,-1,inf,0,-1,0,0,-1,0,0,6080,1612,0,1861,0,2607,1.649674481586056,3.980724900701573,False
lane_choice,P3,15000,40,4.0,3.0,11.415283391778743,7.917465961148334,0.1974985300149305,9.757018575009285e-05,999902429.81425,12.999999999999991,12.91210617836171,16.755131274768452,6.1060366622275195,1.5001885304115121,0,0,0,0,-1,inf,0,-1,0,0,-1,0,0,6080,1784,0,1780,0,2516,1.649674481586056,3.980724900701573,False
lane_choice,P4,15000,40,4.0,3.0,12.011930681626641,8.339167020023577,0.15681014940403565,3.197086409443261e-05,999968029.1359055,12.99999999999999,12.903358507552323,16.74847084715829,6.1060366622275195,1.508038196389593,0,0,0,0,-1,inf,0,-1,0,0,-1,0,0,6080,1616,0,1788,0,2676,1.649674481586056,3.980724900701573,False
lane_choice,P0,15001,40,4.0,3.0,-1.4841772517946126,-13.800125353527465,0.7112488585418857,0.27149979741639463,728500202.5836054,12.99999999999999,12.882786325056207,16.782438462261936,inf,1.5013499953110632,0,0,0,0,-1,inf,0,-1,0,0,-1,0,0,6080,1879,0,1762,0,2439,1.8292554926996771,4.262830557993311,False
lane_choice,P1,15001,40,4.0,3.0,11.415283391778743,7.917465961148334,0.1974985300149305,9.757018575009285e-05,999902429.81425,12.999999999999991,12.91210617836171,16.755131274768452,6.1060366622275195,1.5001885304115121,0,0,0,0,-1,inf,0,-1,0,0,-1,0,0,6080,1784,0,1780,0,2516,1.8292554926996771,4.262830557993311,False
lane_choice,P2,15001,40,4.0,3.0,12.011930681626641,8.339167020023577,0.15681014940403565,3.197086409443261e-05,999968029.1359055,12.99999999999999,12.903358507552323,16.74847084715829,6.1060366622275195,1.508038196389593,0,0,0,0,-1,inf,0,-1,0,0,-1,0,0,6080,1616,0,1788,0,2676,1.8292554926996771,4.262830557993311,False
lane_choice,P3,15001,40,4.0,3.0,12.076728932495755,9.263228055490746,0.13843144961890505,8.189156185971114e-06,999991810.8438139,12.99999999999999,12.911716648644994,16.757163456939804,6.1060366622275195,1.5028868179940864,0,0,0,0,-1,inf,0,-1,0,0,-1,0,0,6080,1729,0,1751,0,2600,1.8292554926996771,4.262830557993311,False
lane_choice,P4,15001,40,4.0,3.0,12.011930681626641,8.339167020023577,0.15681014940403565,3.197086409443261e-05,999968029.1359055,12.99999999999999,12.903358507552323,16.74847084715829,6.1060366622275195,1.508038196389593,0,0,0,0,-1,inf,0,-1,0,0,-1,0,0,6080,1616,0,1788,0,2676,1.8292554926996771,4.262830557993311,False
lane_choice,P0,15002,40,4.0,3.0,-1.4841772517946126,-13.800125353527465,0.7112488585418857,0.27149979741639463,728500202.5836054,12.99999999999999,12.882786325056207,16.782438462261936,inf,1.5013499953110632,0,0,0,0,-1,inf,0,-1,0,0,-1,0,0,6080,1879,0,1762,0,2439,2.008957958564017,4.630339818696664,False
lane_choice,P1,15002,40,4.0,3.0,11.415283391778743,7.917465961148334,0.1974985300149305,9.757018575009285e-05,999902429.81425,12.999999999999991,12.91210617836171,16.755131274768452,6.1060366622275195,1.5001885304115121,0,0,0,0,-1,inf,0,-1,0,0,-1,0,0,6080,1784,0,1780,0,2516,2.008957958564017,4.630339818696664,False
lane_choice,P2,15002,40,4.0,3.0,12.011930681626641,8.339167020023577,0.15681014940403565,3.197086409443261e-05,999968029.1359055,12.99999999999999,12.903358507552323,16.74847084715829,6.1060366622275195,1.508038196389593,0,0,0,0,-1,inf,0,-1,0,0,-1,0,0,6080,1616,0,1788,0,2676,2.008957958564017,4.630339818696664,False
lane_choice,P3,15002,40,4.0,3.0,11.745317892373032,8.685339274074892,0.16510820070869775,2.5949230389124718e-05,999974050.769611,12.999999999999996,12.910190221619104,16.75414086214862,6.1060366622275195,1.5000540543503091,0,0,0,0,-1,inf,0,-1,0,0,-1,0,0,6080,1704,0,1816,0,2560,2.008957958564017,4.630339818696664,False
lane_choice,P4,15002,40,4.0,3.0,12.011930681626641,8.339167020023577,0.15681014940403565,3.197086409443261e-05,999968029.1359055,12.99999999999999,12.903358507552323,16.74847084715829,6.1060366622275195,1.508038196389593,0,0,0,0,-1,inf,0,-1,0,0,-1,0,0,6080,1616,0,1788,0,2676,2.008957958564017,4.630339818696664,False
lane_choice,P0,15003,40,4.0,3.0,-1.4841772517946126,-13.800125353527465,0.7112488585418857,0.27149979741639463,728500202.5836054,12.99999999999999,12.882786325056207,16.782438462261936,inf,1.5013499953110632,0,0,0,0,-1,inf,0,-1,0,0,-1,0,0,6080,1879,0,1762,0,2439,1.7289471021370602,4.1328849475134355,False
lane_choice,P1,15003,40,4.0,3.0,11.415283391778743,7.917465961148334,0.1974985300149305,9.757018575009285e-05,999902429.81425,12.999999999999991,12.91210617836171,16.755131274768452,6.1060366622275195,1.5001885304115121,0,0,0,0,-1,inf,0,-1,0,0,-1,0,0,6080,1784,0,1780,0,2516,1.7289471021370602,4.1328849475134355,False
lane_choice,P2,15003,40,4.0,3.0,12.011930681626641,8.339167020023577,0.15681014940403565,3.197086409443261e-05,999968029.1359055,12.99999999999999,12.903358507552323,16.74847084715829,6.1060366622275195,1.508038196389593,0,0,0,0,-1,inf,0,-1,0,0,-1,0,0,6080,1616,0,1788,0,2676,1.7289471021370602,4.1328849475134355,False
lane_choice,P3,15003,40,4.0,3.0,11.745317892373032,8.685339274074892,0.16510820070869775,2.5949230389124718e-05,999974050.769611,12.999999999999996,12.910190221619104,16.75414086214862,6.1060366622275195,1.5000540543503091,0,0,0,0,-1,inf,0,-1,0,0,-1,0,0,6080,1704,0,1816,0,2560,1.7289471021370602,4.1328849475134355,False
lane_choice,P4,15003,40,4.0,3.0,12.011930681626641,8.339167020023577,0.15681014940403565,3.197086409443261e-05,999968029.1359055,12.99999999999999,12.903358507552323,16.74847084715829,6.1060366622275195,1.508038196389593,0,0,0,0,-1,inf,0,-1,0,0,-1,0,0,6080,1616,0,1788,0,2676,1.7289471021370602,4.1328849475134355,False
lane_choice,P0,15004,40,4.0,3.0,-1.4841772517946126,-13.800125353527465,0.7112488585418857,0.27149979741639463,728500202.5836054,12.99999999999999,12.882786325056207,16.782438462261936,inf,1.5013499953110632,0,0,0,0,-1,inf,0,-1,0,0,-1,0,0,6080,1879,0,1762,0,2439,1.7703965073196166,4.21300876498587,False
lane_choice,P1,15004,40,4.0,3.0,11.415283391778743,7.917465961148334,0.1974985300149305,9.757018575009285e-05,999902429.81425,12.999999999999991,12.91210617836171,16.755131274768452,6.1060366622275195,1.5001885304115121,0,0,0,0,-1,inf,0,-1,0,0,-1,0,0,6080,1784,0,1780,0,2516,1.7703965073196166,4.21300876498587,False
lane_choice,P2,15004,40,4.0,3.0,11.692534694579816,7.737611167851465,0.18323134530947308,8.03396674241568e-05,999919660.332576,12.99999999999999,12.90094040479751,16.74537999526075,6.1060366622275195,1.5026651257413706,0,0,0,0,-1,inf,0,-1,0,0,-1,0,0,6080,1577,0,1866,0,2637,1.7703965073196166,4.21300876498587,False
lane_choice,P3,15004,40,4.0,3.0,11.967059743362135,8.4329418123197,0.1586427196786054,2.8490085230152824e-05,999971509.9147699,12.999999999999993,12.90133401449049,16.747476673586238,6.1060366622275195,1.5092503614896562,0,0,0,0,-1,inf,0,-1,0,0,-1,0,0,6080,1585,0,1817,0,2678,1.7703965073196166,4.21300876498587,False
lane_choice,P4,15004,40,4.0,3.0,12.011930681626641,8.339167020023577,0.15681014940403565,3.197086409443261e-05,999968029.1359055,12.99999999999999,12.903358507552323,16.74847084715829,6.1060366622275195,1.508038196389593,0,0,0,0,-1,inf,0,-1,0,0,-1,0,0,6080,1616,0,1788,0,2676,1.7703965073196166,4.21300876498587,False
lane_choice,P0,15005,40,4.0,3.0,-1.4841772517946126,-13.800125353527465,0.7112488585418857,0.27149979741639463,728500202.5836054,12.99999999999999,12.882786325056207,16.782438462261936,inf,1.5013499953110632,0,0,0,0,-1,inf,0,-1,0,0,-1,0,0,6080,1879,0,1762,4,2435,1.855094187939347,4.367070372152405,False
lane_choice,P1,15005,40,4.0,3.0,-10.422210069976442,-31.11953976056099,0.710930347298369,0.30368465293853253,696315347.0614674,12.99999999999999,12.870751932456818,16.782438462261936,inf,1.500139937414525,0,0,0,0,-1,inf,0,-1,0,0,-1,0,0,6080,1846,0,1964,4,2266,1.855094187939347,4.367070372152405,False
lane_choice,P2,15005,40,4.0,3.0,-10.422210069976442,-31.11953976056099,0.710930347298369,0.30368465293853253,696315347.0614674,12.99999999999999,12.870751932456818,16.782438462261936,inf,1.500139937414525,0,0,0,0,-1,inf,0,-1,0,0,-1,0,0,6080,1846,0,1964,4,2266,1.855094187939347,4.367070372152405,False
lane_choice,P3,15005,40,4.0,3.0,-0.5578658691462455,-11.654776114368747,0.7160025670836112,0.2504402443868708,749559755.6131293,12.999999999999991,12.89533766925217,16.803310766509945,inf,1.5013019280306392,0,0,0,0,-1,inf,0,-1,0,0,-1,0,0,6080,1996,0,1651,4,2429,1.855094187939347,4.367070372152405,False
lane_choice,P4,15005,40,4.0,3.0,-10.422210069976442,-31.11953976056099,0.710930347298369,0.30368465293853253,696315347.0614674,12.99999999999999,12.870751932456818,16.782438462261936,inf,1.500139937414525,0,0,0,0,-1,inf,0,-1,0,0,-1,0,0,6080,1846,0,1964,4,2266,1.855094187939347,4.367070372152405,False
lane_choice,P0,15006,40,4.0,3.0,-1.4841772517946126,-13.800125353527465,0.7112488585418857,0.27149979741639463,728500202.5836054,12.99999999999999,12.882786325056207,16.782438462261936,inf,1.5013499953110632,0,0,0,0,-1,inf,0,-1,0,0,-1,0,0,6080,1879,0,1762,0,2439,1.674015596477006,3.9817003595050027,False
lane_choice,P1,15006,40,4.0,3.0,11.415283391778743,7.917465961148334,0.1974985300149305,9.757018575009285e-05,999902429.81425,12.999999999999991,12.91210617836171,16.755131274768452,6.1060366622275195,1.5001885304115121,0,0,0,0,-1,inf,0,-1,0,0,-1,0,0,6080,1784,0,1780,0,2516,1.674015596477006,3.9817003595050027,False
lane_choice,P2,15006,40,4.0,3.0,12.030364578987355,8.274701614065629,0.15568613803943815,3.504439662125876e-05,999964955.6033787,12.999999999999991,12.904611142055042,16.74847084715829,6.1060366622275195,1.5070833792626344,0,0,0,0,-1,inf,0,-1,0,0,-1,0,0,6080,1621,0,1786,0,2673,1.674015596477006,3.9817003595050027,False
lane_choice,P3,15006,40,4.0,3.0,11.415283391778743,7.917465961148334,0.1974985300149305,9.757018575009285e-05,999902429.81425,12.999999999999991,12.91210617836171,16.755131274768452,6.1060366622275195,1.5001885304115121,0,0,0,0,-1,inf,0,-1,0,0,-1,0,0,6080,1784,0,1780,0,2516,1.674015596477006,3.9817003595050027,False
lane_choice,P4,15006,40,4.0,3.0,12.011930681626641,8.339167020023577,0.15681014940403565,3.197086409443261e-05,999968029.1359055,12.99999999999999,12.903358507552323,16.74847084715829,6.1060366622275195,1.508038196389593,0,0,0,0,-1,inf,0,-1,0,0,-1,0,0,6080,1616,0,1788,0,2676,1.674015596477006,3.9817003595050027,False
lane_choice,P0,15007,40,4.0,3.0,-1.4841772517946126,-13.800125353527465,0.7112488585418857,0.27149979741639463,728500202.5836054,12.99999999999999,12.882786325056207,16.782438462261936,inf,1.5013499953110632,0,0,0,0,-1,inf,0,-1,0,0,-1,0,0,6080,1879,0,1762,4,2435,1.815551637675488,4.306373864150537,False
lane_choice,P1,15007,40,4.0,3.0,-10.422210069976442,-31.11953976056099,0.710930347298369,0.30368465293853253,696315347.0614674,12.99999999999999,12.870751932456818,16.782438462261936,inf,1.500139937414525,0,0,0,0,-1,inf,0,-1,0,0,-1,0,0,6080,1846,0,1964,4,2266,1.815551637675488,4.306373864150537,False
lane_choice,P2,15007,40,4.0,3.0,-10.422210069976442,-31.11953976056099,0.710930347298369,0.30368465293853253,696315347.0614674,12.99999999999999,12.870751932456818,16.782438462261936,inf,1.500139937414525,0,0,0,0,-1,inf,0,-1,0,0,-1,0,0,6080,1846,0,1964,4,2266,1.815551637675488,4.306373864150537,False
lane_choice,P3,15007,40,4.0,3.0,-10.422210069976442,-31.11953976056099,0.710930347298369,0.30368465293853253,696315347.0614674,12.99999999999999,12.870751932456818,16.782438462261936,inf,1.500139937414525,0,0,0,0,-1,inf,0,-1,0,0,-1,0,0,6080,1846,0,1964,4,2266,1.815551637675488,4.306373864150537,False
lane_choice,P4,15007,40,4.0,3.0,-10.422210069976442,-31.11953976056099,0.710930347298369,0.30368465293853253,696315347.0614674,12.99999999999999,12.870751932456818,16.782438462261936,inf,1.500139937414525,0,0,0,0,-1,inf,0,-1,0,0,-1,0,0,6080,1846,0,1964,4,2266,1.815551637675488,4.306373864150537,False
lane_choice,P0,15008,40,4.0,3.0,-1.4841772517946126,-13.800125353527465,0.7112488585418857,0.27149979741639463,728500202.5836054,12.99999999999999,12.882786325056207,16.782438462261936,inf,1.5013499953110632,0,0,0,0,-1,inf,0,-1,0,0,-1,0,0,6080,1879,0,1762,4,2435,1.6389142043786613,4.035794492444493,False
lane_choice,P1,15008,40,4.0,3.0,-10.422210069976442,-31.11953976056099,0.710930347298369,0.30368465293853253,696315347.0614674,12.99999999999999,12.870751932456818,16.782438462261936,inf,1.500139937414525,0,0,0,0,-1,inf,0,-1,0,0,-1,0,0,6080,1846,0,1964,4,2266,1.6389142043786613,4.035794492444493,False
lane_choice,P2,15008,40,4.0,3.0,-10.422210069976442,-31.11953976056099,0.710930347298369,0.30368465293853253,696315347.0614674,12.99999999999999,12.870751932456818,16.782438462261936,inf,1.500139937414525,0,0,0,0,-1,inf,0,-1,0,0,-1,0,0,6080,1846,0,1964,4,2266,1.6389142043786613,4.035794492444493,False
lane_choice,P3,15008,40,4.0,3.0,-10.422210069976442,-31.11953976056099,0.710930347298369,0.30368465293853253,696315347.0614674,12.99999999999999,12.870751932456818,16.782438462261936,inf,1.500139937414525,0,0,0,0,-1,inf,0,-1,0,0,-1,0,0,6080,1846,0,1964,4,2266,1.6389142043786613,4.035794492444493,False
lane_choice,P4,15008,40,4.0,3.0,-10.422210069976442,-31.11953976056099,0.710930347298369,0.30368465293853253,696315347.0614674,12.99999999999999,12.870751932456818,16.782438462261936,inf,1.500139937414525,0,0,0,0,-1,inf,0,-1,0,0,-1,0,0,6080,1846,0,1964,4,2266,1.6389142043786613,4.035794492444493,False
lane_choice,P0,15009,40,4.0,3.0,-1.4841772517946126,-13.800125353527465,0.7112488585418857,0.27149979741639463,728500202.5836054,12.99999999999999,12.882786325056207,16.782438462261936,inf,1.5013499953110632,0,0,0,0,-1,inf,0,-1,0,0,-1,0,0,6080,1879,0,1762,0,2439,1.7216598038848183,4.200261905416713,False
lane_choice,P1,15009,40,4.0,3.0,11.415283391778743,7.917465961148334,0.1974985300149305,9.757018575009285e-05,999902429.81425,12.999999999999991,12.91210617836171,16.755131274768452,6.1060366622275195,1.5001885304115121,0,0,0,0,-1,inf,0,-1,0,0,-1,0,0,6080,1784,0,1780,0,2516,1.7216598038848183,4.200261905416713,False
lane_choice,P2,15009,40,4.0,3.0,12.10846277555633,8.783780876789407,0.1467584698392844,1.6328797180109004e-05,999983671.2028201,12.99999999999999,12.905349679254607,16.74847084715829,6.1060366622275195,1.5010597912286787,0,0,0,0,-1,inf,0,-1,0,0,-1,0,0,6080,1617,0,1797,0,2666,1.7216598038848183,4.200261905416713,False
lane_choice,P3,15009,40,4.0,3.0,11.415283391778743,7.917465961148334,0.1974985300149305,9.757018575009285e-05,999902429.81425,12.999999999999991,12.91210617836171,16.755131274768452,6.1060366622275195,1.5001885304115121,0,0,0,0,-1,inf,0,-1,0,0,-1,0,0,6080,1784,0,1780,0,2516,1.7216598038848183,4.200261905416713,False
lane_choice,P4,15009,40,4.0,3.0,12.011930681626641,8.339167020023577,0.15681014940403565,3.197086409443261e-05,999968029.1359055,12.99999999999999,12.903358507552323,16.74847084715829,6.1060366622275195,1.508038196389593,0,0,0,0,-1,inf,0,-1,0,0,-1,0,0,6080,1616,0,1788,0,2676,1.7216598038848183,4.200261905416713,False
lane_choice,P0,15010,40,4.0,3.0,-1.4841772517946126,-13.800125353527465,0.7112488585418857,0.27149979741639463,728500202.5836054,12.99999999999999,12.882786325056207,16.782438462261936,inf,1.5013499953110632,0,0,0,0,-1,inf,0,-1,0,0,-1,0,0,6080,1879,0,1762,0,2439,1.8414214584696835,4.42399105204294,False
lane_choice,P1,15010,40,4.0,3.0,11.415283391778743,7.917465961148334,0.1974985300149305,9.757018575009285e-05,999902429.81425,12.999999999999991,12.91210617836171,16.755131274768452,6.1060366622275195,1.5001885304115121,0,0,0,0,-1,inf,0,-1,0,0,-1,0,0,6080,1784,0,1780,0,2516,1.8414214584696835,4.42399105204294,False
lane_choice,P2,15010,40,4.0,3.0,12.006669292576891,8.339167020023577,0.15719914595329887,3.211108957552374e-05,999967888.9104245,12.99999999999999,12.903343972408566,16.74847084715829,6.1060366622275195,1.5076951843659407,0,0,0,0,-1,inf,0,-1,0,0,-1,0,0,6080,1600,0,1804,0,2676,1.8414214584696835,4.42399105204294,False
lane_choice,P3,15010,40,4.0,3.0,12.076728932495755,9.263228055490746,0.13843144961890505,8.189156185971114e-06,999991810.8438139,12.99999999999999,12.911716648644994,16.757163456939804,6.1060366622275195,1.5028868179940864,0,0,0,0,-1,inf,0,-1,0,0,-1,0,0,6080,1729,0,1751,0,2600,1.8414214584696835,4.42399105204294,False
lane_choice,P4,15010,40,4.0,3.0,12.011930681626641,8.339167020023577,0.15681014940403565,3.197086409443261e-05,999968029.1359055,12.99999999999999,12.903358507552323,16.74847084715829,6.1060366622275195,1.508038196389593,0,0,0,0,-1,inf,0,-1,0,0,-1,0,0,6080,1616,0,1788,0,2676,1.8414214584696835,4.42399105204294,False
lane_choice,P0,15011,40,4.0,3.0,-1.4841772517946126,-13.800125353527465,0.7112488585418857,0.27149979741639463,728500202.5836054,12.99999999999999,12.882786325056207,16.782438462261936,inf,1.5013499953110632,0,0,0,0,-1,inf,0,-1,0,0,-1,0,0,6080,1879,0,1762,0,2439,1.889114587459774,4.394991433133541,False
lane_choice,P1,15011,40,4.0,3.0,11.415283391778743,7.917465961148334,0.1974985300149305,9.757018575009285e-05,999902429.81425,12.999999999999991,12.91210617836171,16.755131274768452,6.1060366622275195,1.5001885304115121,0,0,0,0,-1,inf,0,-1,0,0,-1,0,0,6080,1784,0,1780,0,2516,1.889114587459774,4.394991433133541,False
lane_choice,P2,15011,40,4.0,3.0,11.994151129574023,8.339167020023577,0.15814240210197242,3.244000943071595e-05,999967559.9905694,12.99999999999999,12.903343972408566,16.74847084715829,6.1060366622275195,1.5076951843659407,0,0,0,0,-1,inf,0,-1,0,0,-1,0,0,6080,1600,0,1804,0,2676,1.889114587459774,4.394991433133541,False
lane_choice,P3,15011,40,4.0,3.0,11.745317892373032,8.685339274074892,0.16510820070869775,2.5949230389124718e-05,999974050.769611,12.999999999999996,12.910190221619104,16.75414086214862,6.1060366622275195,1.5000540543503091,0,0,0,0,-1,inf,0,-1,0,0,-1,0,0,6080,1704,0,1816,0,2560,1.889114587459774,4.394991433133541,False
lane_choice,P4,15011,40,4.0,3.0,12.011930681626641,8.339167020023577,0.15681014940403565,3.197086409443261e-05,999968029.1359055,12.99999999999999,12.903358507552323,16.74847084715829,6.1060366622275195,1.508038196389593,0,0,0,0,-1,inf,0,-1,0,0,-1,0,0,6080,1616,0,1788,0,2676,1.889114587459774,4.394991433133541,False
lane_choice,P0,15012,40,4.0,3.0,-1.4841772517946126,-13.800125353527465,0.7112488585418857,0.27149979741639463,728500202.5836054,12.99999999999999,12.882786325056207,16.782438462261936,inf,1.5013499953110632,0,0,0,0,-1,inf,0,-1,0,0,-1,0,0,6080,1879,0,1762,0,2439,1.7215546000258424,4.132036440735194,False
lane_choice,P1,15012,40,4.0,3.0,11.415283391778743,7.917465961148334,0.1974985300149305,9.757018575009285e-05,999902429.81425,12.999999999999991,12.91210617836171,16.755131274768452,6.1060366622275195,1.5001885304115121,0,0,0,0,-1,inf,0,-1,0,0,-1,0,0,6080,1784,0,1780,0,2516,1.7215546000258424,4.132036440735194,False
lane_choice,P2,15012,40,4.0,3.0,12.004846002929833,8.39448333904421,0.15610001630200873,2.9520593791208435e-05,999970479.4062088,12.999999999999993,12.902589135019047,16.747476673586238,6.1060366622275195,1.5086487573915592,0,0,0,0,-1,inf,0,-1,0,0,-1,0,0,6080,1608,0,1796,0,2676,1.7215546000258424,4.132036440735194,False
lane_choice,P3,15012,40,4.0,3.0,12.076728932495755,9.263228055490746,0.13843144961890505,8.189156185971114e-06,999991810.8438139,12.99999999999999,12.911716648644994,16.757163456939804,6.1060366622275195,1.5028868179940864,0,0,0,0,-1,inf,0,-1,0,0,-1,0,0,6080,1729,0,1751,0,2600,1.7215546000258424,4.132036440735194,False
lane_choice,P4,15012,40,4.0,3.0,12.011930681626641,8.339167020023577,0.15681014940403565,3.197086409443261e-05,999968029.1359055,12.99999999999999,12.903358507552323,16.74847084715829,6.1060366622275195,1.508038196389593,0,0,0,0,-1,inf,0,-1,0,0,-1,0,0,6080,1616,0,1788,0,2676,1.7215546000258424,4.132036440735194,False
lane_choice,P0,15013,40,4.0,3.0,-1.4841772517946126,-13.800125353527465,0.7112488585418857,0.27149979741639463,728500202.5836054,12.99999999999999,12.882786325056207,16.782438462261936,inf,1.5013499953110632,0,0,0,0,-1,inf,0,-1,0,0,-1,0,0,6080,1879,0,1762,0,2439,1.8750042090334138,4.295805285838288,False
lane_choice,P1,15013,40,4.0,3.0,11.415283391778743,7.917465961148334,0.1974985300149305,9.757018575009285e-05,999902429.81425,12.999999999999991,12.91210617836171,16.755131274768452,6.1060366622275195,1.5001885304115121,0,0,0,0,-1,inf,0,-1,0,0,-1,0,0,6080,1784,0,1780,0,2516,1.8750042090334138,4.295805285838288,False
lane_choice,P2,15013,40,4.0,3.0,12.101132847578397,8.783780876789407,0.14732170842461895,1.652940373108823e-05,999983470.5962689,12.99999999999999,12.905349679254607,16.74847084715829,6.1060366622275195,1.5010597912286787,0,0,0,0,-1,inf,0,-1,0,0,-1,0,0,6080,1602,0,1812,0,2666,1.8750042090334138,4.295805285838288,False
lane_choice,P3,15013,40,4.0,3.0,11.415283391778743,7.917465961148334,0.1974985300149305,9.757018575009285e-05,999902429.81425,12.999999999999991,12.91210617836171,16.755131274768452,6.1060366622275195,1.5001885304115121,0,0,0,0,-1,inf,0,-1,0,0,-1,0,0,6080,1784,0,1780,0,2516,1.8750042090334138,4.295805285838288,False
lane_choice,P4,15013,40,4.0,3.0,12.011930681626641,8.339167020023577,0.15681014940403565,3.197086409443261e-05,999968029.1359055,12.99999999999999,12.903358507552323,16.74847084715829,6.1060366622275195,1.508038196389593,0,0,0,0,-1,inf,0,-1,0,0,-1,0,0,6080,1616,0,1788,0,2676,1.8750042090334138,4.295805285838288,False
lane_choice,P0,15014,40,4.0,3.0,-1.4841772517946126,-13.800125353527465,0.7112488585418857,0.27149979741639463,728500202.5836054,12.99999999999999,12.882786325056207,16.782438462261936,inf,1.5013499953110632,0,0,0,0,-1,inf,0,-1,0,0,-1,0,0,6080,1879,0,1762,0,2439,1.665855052862541,4.040942121384385,False
lane_choice,P1,15014,40,4.0,3.0,11.415283391778743,7.917465961148334,0.1974985300149305,9.757018575009285e-05,999902429.81425,12.999999999999991,12.91210617836171,16.755131274768452,6.1060366622275195,1.5001885304115121,0,0,0,0,-1,inf,0,-1,0,0,-1,0,0,6080,1784,0,1780,0,2516,1.665855052862541,4.040942121384385,False
lane_choice,P2,15014,40,4.0,3.0,12.003633799522168,8.350570069085126,0.15675953905088255,3.1349235258126525e-05,999968650.7647419,12.999999999999991,12.902939065224487,16.746449236149434,6.1060366622275195,1.5001257136001795,0,0,0,0,-1,inf,0,-1,0,0,-1,0,0,6080,1578,0,1891,0,2611,1.665855052862541,4.040942121384385,False
lane_choice,P3,15014,40,4.0,3.0,11.415283391778743,7.917465961148334,0.1974985300149305,9.757018575009285e-05,999902429.81425,12.999999999999991,12.91210617836171,16.755131274768452,6.1060366622275195,1.5001885304115121,0,0,0,0,-1,inf,0,-1,0,0,-1,0,0,6080,1784,0,1780,0,2516,1.665855052862541,4.040942121384385,False
lane_choice,P4,15014,40,4.0,3.0,12.011930681626641,8.339167020023577,0.15681014940403565,3.197086409443261e-05,999968029.1359055,12.99999999999999,12.903358507552323,16.74847084715829,6.1060366622275195,1.508038196389593,0,0,0,0,-1,inf,0,-1,0,0,-1,0,0,6080,1616,0,1788,0,2676,1.665855052862541,4.040942121384385,False
lane_choice,P0,15015,40,4.0,3.0,-1.4841772517946126,-13.800125353527465,0.7112488585418857,0.27149979741639463,728500202.5836054,12.99999999999999,12.882786325056207,16.782438462261936,inf,1.5013499953110632,0,0,0,0,-1,inf,0,-1,0,0,-1,0,0,6080,1879,0,1762,0,2439,1.8910398438856024,4.359036561409911,False
lane_choice,P1,15015,40,4.0,3.0,11.745317892373032,8.685339274074892,0.16510820070869775,2.5949230389124718e-05,999974050.769611,12.999999999999996,12.910190221619104,16.75414086214862,6.1060366622275195,1.5000540543503091,0,0,0,0,-1,inf,0,-1,0,0,-1,0,0,6080,1704,0,1816,0,2560,1.8910398438856024,4.359036561409911,False
lane_choice,P2,15015,40,4.0,3.0,10.377378381691624,6.359241483953542,0.32074078480850243,0.0010118365022896841,998988163.4977102,12.999999999999993,12.908228620119699,16.74847084715829,6.1060366622275195,1.5054522843923368,0,0,0,0,-1,inf,0,-1,0,0,-1,0,0,6080,1834,0,1711,0,2535,1.8910398438856024,4.359036561409911,False
lane_choice,P3,15015,40,4.0,3.0,11.724101155926135,8.71113664209406,0.16877881955397006,2.629946675616683e-05,999973700.5332439,12.999999999999995,12.906925786351799,16.751005614868024,6.1060366622275195,1.5002385066918666,0,0,0,0,-1,inf,0,-1,0,0,-1,0,0,6080,1670,0,1885,0,2525,1.8910398438856024,4.359036561409911,False
lane_choice,P4,15015,40,4.0,3.0,12.011930681626641,8.339167020023577,0.15681014940403565,3.197086409443261e-05,999968029.1359055,12.99999999999999,12.903358507552323,16.74847084715829,6.1060366622275195,1.508038196389593,0,0,0,0,-1,inf,0,-1,0,0,-1,0,0,6080,1616,0,1788,0,2676,1.8910398438856024,4.359036561409911,False
lane_choice,P0,15016,40,4.0,3.0,-1.4841772517946126,-13.800125353527465,0.7112488585418857,0.27149979741639463,728500202.5836054,12.99999999999999,12.882786325056207,16.782438462261936,inf,1.5013499953110632,0,0,0,0,-1,inf,0,-1,0,0,-1,0,0,6080,1879,0,1762,4,2435,1.8750020780479115,4.293093220845309,False
lane_choice,P1,15016,40,4.0,3.0,-10.422210069976442,-31.11953976056099,0.710930347298369,0.30368465293853253,696315347.0614674,12.99999999999999,12.870751932456818,16.782438462261936,inf,1.500139937414525,0,0,0,0,-1,inf,0,-1,0,0,-1,0,0,6080,1846,0,1964,4,2266,1.8750020780479115,4.293093220845309,False
lane_choice,P2,15016,40,4.0,3.0,-10.422210069976442,-31.11953976056099,0.710930347298369,0.30368465293853253,696315347.0614674,12.99999999999999,12.870751932456818,16.782438462261936,inf,1.500139937414525,0,0,0,0,-1,inf,0,-1,0,0,-1,0,0,6080,1846,0,1964,4,2266,1.8750020780479115,4.293093220845309,False
lane_choice,P3,15016,40,4.0,3.0,-10.422210069976442,-31.11953976056099,0.710930347298369,0.30368465293853253,696315347.0614674,12.99999999999999,12.870751932456818,16.782438462261936,inf,1.500139937414525,0,0,0,0,-1,inf,0,-1,0,0,-1,0,0,6080,1846,0,1964,4,2266,1.8750020780479115,4.293093220845309,False
lane_choice,P4,15016,40,4.0,3.0,-10.422210069976442,-31.11953976056099,0.710930347298369,0.30368465293853253,696315347.0614674,12.99999999999999,12.870751932456818,16.782438462261936,inf,1.500139937414525,0,0,0,0,-1,inf,0,-1,0,0,-1,0,0,6080,1846,0,1964,4,2266,1.8750020780479115,4.293093220845309,False
lane_choice,P0,15017,40,4.0,3.0,-1.4841772517946126,-13.800125353527465,0.7112488585418857,0.27149979741639463,728500202.5836054,12.99999999999999,12.882786325056207,16.782438462261936,inf,1.5013499953110632,0,0,0,0,-1,inf,0,-1,0,0,-1,0,0,6080,1879,0,1762,0,2439,1.7722121899714303,4.209550871875832,False
lane_choice,P1,15017,40,4.0,3.0,11.415283391778743,7.917465961148334,0.1974985300149305,9.757018575009285e-05,999902429.81425,12.999999999999991,12.91210617836171,16.755131274768452,6.1060366622275195,1.5001885304115121,0,0,0,0,-1,inf,0,-1,0,0,-1,0,0,6080,1784,0,1780,0,2516,1.7722121899714303,4.209550871875832,False
lane_choice,P2,15017,40,4.0,3.0,12.008701804632036,8.229738049872287,0.15881413145339823,3.7394747089857576e-05,999962605.2529103,12.999999999999991,12.904499009576284,16.74847084715829,6.1060366622275195,1.5001177930900464,0,0,0,0,-1,inf,0,-1,0,0,-1,0,0,6080,1612,0,1861,0,2607,1.7722121899714303,4.209550871875832,False
lane_choice,P3,15017,40,4.0,3.0,12.076728932495755,9.263228055490746,0.13843144961890505,8.189156185971114e-06,999991810.8438139,12.99999999999999,12.911716648644994,16.757163456939804,6.1060366622275195,1.5028868179940864,0,0,0,0,-1,inf,0,-1,0,0,-1,0,0,6080,1729,0,1751,0,2600,1.7722121899714303,4.209550871875832,False
lane_choice,P4,15017,40,4.0,3.0,12.011930681626641,8.339167020023577,0.15681014940403565,3.197086409443261e-05,999968029.1359055,12.99999999999999,12.903358507552323,16.74847084715829,6.1060366622275195,1.508038196389593,0,0,0,0,-1,inf,0,-1,0,0,-1,0,0,6080,1616,0,1788,0,2676,1.7722121899714303,4.209550871875832,False
lane_choice,P0,15018,40,4.0,3.0,-1.4841772517946126,-13.800125353527465,0.7112488585418857,0.27149979741639463,728500202.5836054,12.99999999999999,12.882786325056207,16.782438462261936,inf,1.5013499953110632,0,0,0,0,-1,inf,0,-1,0,0,-1,0,0,6080,1879,0,1762,0,2439,1.8185272637695724,4.236232875452553,False
lane_choice,P1,15018,40,4.0,3.0,11.415283391778743,7.917465961148334,0.1974985300149305,9.757018575009285e-05,999902429.81425,12.999999999999991,12.91210617836171,16.755131274768452,6.1060366622275195,1.5001885304115121,0,0,0,0,-1,inf,0,-1,0,0,-1,0,0,6080,1784,0,1780,0,2516,1.8185272637695724,4.236232875452553,False
lane_choice,P2,15018,40,4.0,3.0,12.003801535674015,8.30317609867053,0.15770970069748805,3.362030996009834e-05,999966379.6900399,12.999999999999993,12.90378423508218,16.747476673586238,6.1060366622275195,1.5006896560409806,0,0,0,0,-1,inf,0,-1,0,0,-1,0,0,6080,1603,0,1869,0,2608,1.8185272637695724,4.236232875452553,False
lane_choice,P3,15018,40,4.0,3.0,11.745317892373032,8.685339274074892,0.16510820070869775,2.5949230389124718e-05,999974050.769611,12.999999999999996,12.910190221619104,16.75414086214862,6.1060366622275195,1.5000540543503091,0,0,0,0,-1,inf,0,-1,0,0,-1,0,0,6080,1704,0,1816,0,2560,1.8185272637695724,4.236232875452553,False
lane_choice,P4,15018,40,4.0,3.0,12.011930681626641,8.339167020023577,0.15681014940403565,3.197086409443261e-05,999968029.1359055,12.99999999999999,12.903358507552323,16.74847084715829,6.1060366622275195,1.508038196389593,0,0,0,0,-1,inf,0,-1,0,0,-1,0,0,6080,1616,0,1788,0,2676,1.8185272637695724,4.236232875452553,False
lane_choice,P0,15019,40,4.0,3.0,-1.4841772517946126,-13.800125353527465,0.7112488585418857,0.27149979741639463,728500202.5836054,12.99999999999999,12.882786325056207,16.782438462261936,inf,1.5013499953110632,0,0,0,0,-1,inf,0,-1,0,0,-1,0,0,6080,1879,0,1762,0,2439,1.8203285523707333,4.281639014270601,False
lane_choice,P1,15019,40,4.0,3.0,11.758934634062106,8.774627668072812,0.16437011258981962,2.2394814054187187e-05,999977605.1859459,12.999999999999993,12.90887192507583,16.752025539288738,6.1060366622275195,1.501057888153312,0,0,0,0,-1,inf,0,-1,0,0,-1,0,0,6080,1698,0,1823,0,2559,1.8203285523707333,4.281639014270601,False
lane_choice,P2,15019,40,4.0,3.0,11.832741258051616,8.335939670729472,0.16651268150172335,3.279417761282451e-05,999967205.8223871,12.999999999999995,12.900148708289226,16.74537999526075,6.1060366622275195,1.5096519956738716,0,0,0,0,-1,inf,0,-1,0,0,-1,0,0,6080,1593,0,1842,0,2645,1.8203285523707333,4.281639014270601,False
lane_choice,P3,15019,40,4.0,3.0,11.758934634062106,8.774627668072812,0.16437011258981962,2.2394814054187187e-05,999977605.1859459,12.999999999999993,12.90887192507583,16.752025539288738,6.1060366622275195,1.501057888153312,0,0,0,0,-1,inf,0,-1,0,0,-1,0,0,6080,1698,0,1823,0,2559,1.8203285523707333,4.281639014270601,False
lane_choice,P4,15019,40,4.0,3.0,12.011930681626641,8.339167020023577,0.15681014940403565,3.197086409443261e-05,999968029.1359055,12.99999999999999,12.903358507552323,16.74847084715829,6.1060366622275195,1.508038196389593,0,0,0,0,-1,inf,0,-1,0,0,-1,0,0,6080,1616,0,1788,0,2676,1.8203285523707333,4.281639014270601,False
overtake,P0,15000,50,5.0,3.0,20.603691149591846,17.202168997219456,0.0030814601955159427,2.222544052121088e-25,1000000000.0,43.120666666666665,43.120666666666665,5.883063499197068,3.626239572036796,inf,0,0,0,0,-1,inf,0,-1,1,1,1,0,0,7600,0,0,0,2729,4871,1.4657649397857957,3.4119738841445426,False
overtake,P1,15000,50,5.0,3.0,20.51873834642825,17.202168997219456,0.0031024398720657796,2.222544052121088e-25,1000000000.0,42.78000000000001,42.78000000000001,6.223525985415364,3.758391587948512,inf,0,0,0,0,-1,inf,0,-1,1,1,1,0,0,7600,0,0,0,2616,4984,1.4657649397857957,3.4119738841445426,False
overtake,P2,15000,50,5.0,3.0,20.603691149591846,17.202168997219456,0.0030814601955159427,2.222544052121088e-25,1000000000.0,43.120666666666665,43.120666666666665,5.883063499197068,3.626239572036796,inf,0,0,0,0,-1,inf,0,-1,1,1,1,0,0,7600,0,0,0,2729,4871,1.4657649397857957,3.4119738841445426,False
overtake,P3,15000,50,5.0,3.0,20.603691149591846,17.202168997219456,0.0030814601955159427,2.222544052121088e-25,1000000000.0,43.120666666666665,43.120666666666665,5.883063499197068,3.626239572036796,inf,0,0,0,0,-1,inf,0,-1,1,1,1,0,0,7600,0,0,0,2729,4871,1.4657649397857957,3.4119738841445426,False
overtake,P4,15000,50,5.0,3.0,20.596144315340997,17.202168997219456,0.0030828101364496025,2.222544052121088e-25,1000000000.0,43.079666666666654,43.079666666666654,5.924037682942126,3.626239572036796,inf,0,0,0,0,-1,inf,0,-1,1,1,1,0,0,7600,0,0,0,2713,4887,1.4657649397857957,3.4119738841445426,False
overtake,P0,15001,50,5.0,3.0,20.580878478473984,17.202168997219456,0.003211297908522674,2.3086842456759737e-25,1000000000.0,43.228,43.228,5.775799485018534,3.4406235572448125,inf,0,0,0,0,-1,inf,0,-1,1,1,1,0,0,7600,0,0,0,2706,4894,1.5777884826685755,3.7168434310554432,False
overtake,P1,15001,50,5.0,3.0,20.549428958038593,17.202168997219456,0.0032113698511174703,2.3052853629571423e-25,1000000000.0,43.07000000000001,43.07000000000001,5.933698314806735,3.4370363266786916,inf,0,0,0,0,-1,inf,0,-1,1,1,1,0,0,7600,0,0,0,2633,4967,1.5777884826685755,3.7168434310554432,False
overtake,P2,15001,50,5.0,3.0,20.580878478473984,17.202168997219456,0.003211297908522674,2.3086842456759737e-25,1000000000.0,43.228,43.228,5.775799485018534,3.4406235572448125,inf,0,0,0,0,-1,inf,0,-1,1,1,1,0,0,7600,0,0,0,2706,4894,1.5777884826685755,3.7168434310554432,False
overtake,P3,15001,50,5.0,3.0,20.580878478473984,17.202168997219456,0.003211297908522674,2.3086842456759737e-25,1000000000.0,43.228,43.228,5.775799485018534,3.4406235572448125,inf,0,0,0,0,-1,inf,0,-1,1,1,1,0,0,7600,0,0,0,2706,4894,1.5777884826685755,3.7168434310554432,False
overtake,P4,15001,50,5.0,3.0,20.574078518878995,17.202168997219456,0.003212385868421886,2.3086842456759737e-25,1000000000.0,43.181999999999995,43.181999999999995,5.821769463929368,3.4406235572448125,inf,0,0,0,0,-1,inf,0,-1,1,1,1,0,0,7600,0,0,0,2687,4913,1.5777884826685755,3.7168434310554432,False
overtake,P0,15002,50,5.0,3.0,20.335837735147425,17.202168997219456,0.003397968779431195,2.317991076905336e-25,1000000000.0,42.94233333333331,42.94233333333331,6.061287085725698,3.5476815412693656,inf,0,0,0,0,-1,inf,0,-1,1,1,1,0,0,7600,0,0,0,2568,5032,1.717681773053612,3.8018688815184594,False
overtake,P1,15002,50,5.0,3.0,20.352163562126947,17.202168997219456,0.0033486235475492193,2.3179788865583905e-25,1000000000.0,42.75,42.75,6.253509070205334,3.547740788267407,inf,0,0,0,0,-1,inf,0,-1,1,1,1,0,0,7600,0,0,0,2502,5098,1.717681773053612,3.8018688815184594,False
overtake,P2,15002,50,5.0,3.0,15.945554324818493,11.032777379394012,0.03166536206620344,5.0507707244671734e-08,999999949.4922928,42.75500000000001,42.7300596547319,6.480681907661254,7.3750478126139045,inf,0,0,0,0,-1,inf,0,-1,1,1,1,0,0,7600,2717,0,0,1186,3697,1.717681773053612,3.8018688815184594,False
overtake,P3,15002,50,5.0,3.0,20.335837735147425,17.202168997219456,0.003397968779431195,2.317991076905336e-25,1000000000.0,42.94233333333331,42.94233333333331,6.061287085725698,3.5476815412693656,inf,0,0,0,0,-1,inf,0,-1,1,1,1,0,0,7600,0,0,0,2568,5032,1.717681773053612,3.8018688815184594,False
overtake,P4,15002,50,5.0,3.0,20.335837735147425,17.202168997219456,0.003397968779431195,2.317991076905336e-25,1000000000.0,42.94233333333331,42.94233333333331,6.061287085725698,3.5476815412693656,inf,0,0,0,0,-1,inf,0,-1,1,1,1,0,0,7600,0,0,0,2568,5032,1.717681773053612,3.8018688815184594,False
overtake,P0,15003,50,5.0,3.0,20.73121761810768,17.202168997219456,0.0029869786584508116,2.2227454922518907e-25,1000000000.0,43.132,43.132,5.871737365647445,3.524766805467699,inf,0,0,0,0,-1,inf,0,-1,1,1,1,0,0,7600,0,0,0,2764,4836,1.4269922556253034,3.3585772683325574,False
overtake,P1,15003,50,5.0,3.0,20.679037909113376,17.202168997219456,0.0029865215528879284,2.2223067751323406e-25,1000000000.0,42.910000000000004,42.910000000000004,6.093601208738584,3.6768867633576896,inf,0,0,0,0,-1,inf,0,-1,1,1,1,0,0,7600,0,0,0,2682,4918,1.4269922556253034,3.3585772683325574,False
overtake,P2,15003,50,5.0,3.0,20.73121761810768,17.202168997219456,0.0029869786584508116,2.2227454922518907e-25,1000000000.0,43.132,43.132,5.871737365647445,3.524766805467699,inf,0,0,0,0,-1,inf,0,-1,1,1,1,0,0,7600,0,0,0,2764,4836,1.4269922556253034,3.3585772683325574,False
overtake,P3,15003,50,5.0,3.0,20.73121761810768,17.202168997219456,0.0029869786584508116,2.2227454922518907e-25,1000000000.0,43.132,43.132,5.871737365647445,3.524766805467699,inf,0,0,0,0,-1,inf,0,-1,1,1,1,0,0,7600,0,0,0,2764,4836,1.4269922556253034,3.3585772683325574,False
overtake,P4,15003,50,5.0,3.0,20.72554933840071,17.202168997219456,0.002987951643753906,2.2227454922518907e-25,1000000000.0,43.10366666666666,43.10366666666666,5.900052751367416,3.524766805467699,inf,0,0,0,0,-1,inf,0,-1,1,1,1,0,0,7600,0,0,0,2753,4847,1.4269922556253034,3.3585772683325574,False
overtake,P0,15004,50,5.0,3.0,20.95345823859199,17.202168997219456,0.002831729307385342,2.1966874665913344e-25,1000000000.0,43.37533333333336,43.37533333333336,5.6285656078837,3.375544639881293,inf,0,0,0,0,-1,inf,0,-1,1,1,1,0,0,7600,0,0,0,2760,4840,1.5563016276200887,3.547720022365956,False
overtake,P1,15004,50,5.0,3.0,20.809521158852405,17.202168997219456,0.002838264658930592,2.185110063943824e-25,1000000000.0,42.95000000000002,42.95000000000002,6.053625004172307,3.422523303327078,inf,0,0,0,0,-1,inf,0,-1,1,1,1,0,0,7600,0,0,0,2559,5041,1.5563016276200887,3.547720022365956,False
overtake,P2,15004,50,5.0,3.0,20.95345823859199,17.202168997219456,0.002831729307385342,2.1966874665913344e-25,1000000000.0,43.37533333333336,43.37533333333336,5.6285656078837,3.375544639881293,inf,0,0,0,0,-1,inf,0,-1,1,1,1,0,0,7600,0,0,0,2760,4840,1.5563016276200887,3.547720022365956,False
overtake,P3,15004,50,5.0,3.0,20.95345823859199,17.202168997219456,0.002831729307385342,2.1966874665913344e-25,1000000000.0,43.37533333333336,43.37533333333336,5.6285656078837,3.375544639881293,inf,0,0,0,0,-1,inf,0,-1,1,1,1,0,0,7600,0,0,0,2760,4840,1.5563016276200887,3.547720022365956,False
overtake,P4,15004,50,5.0,3.0,20.953284217797663,17.202168997219456,0.0028317499423069475,2.1966874665913344e-25,1000000000.0,43.372333333333366,43.372333333333366,5.631563530872321,3.375544639881293,inf,0,0,0,0,-1,inf,0,-1,1,1,1,0,0,7600,0,0,0,2760,4840,1.5563016276200887,3.547720022365956,False
overtake,P0,15005,50,5.0,3.0,20.81570738826614,17.202168997219456,0.0029377318714225885,2.198048202129239e-25,1000000000.0,43.35133333333332,43.35133333333332,5.652549053502465,3.3417206256777394,inf,0,0,0,0,-1,inf,0,-1,1,1,1,0,0,7600,0,0,0,2709,4891,1.5217040099815238,3.542619457219441,False
overtake,P1,15005,50,5.0,3.0,20.784874232587807,17.202168997219456,0.00288527127101737,2.1851121987535508e-25,1000000000.0,43.079999999999984,43.079999999999984,5.923704558056603,3.608391587948513,inf,0,0,0,0,-1,inf,0,-1,1,1,1,0,0,7600,0,0,0,2574,5026,1.5217040099815238,3.542619457219441,False
overtake,P2,15005,50,5.0,3.0,20.81570738826614,17.202168997219456,0.0029377318714225885,2.198048202129239e-25,1000000000.0,43.35133333333332,43.35133333333332,5.652549053502465,3.3417206256777394,inf,0,0,0,0,-1,inf,0,-1,1,1,1,0,0,7600,0,0,0,2709,4891,1.5217040099815238,3.542619457219441,False
overtake,P3,15005,50,5.0,3.0,20.81570738826614,17.202168997219456,0.0029377318714225885,2.198048202129239e-25,1000000000.0,43.35133333333332,43.35133333333332,5.652549053502465,3.3417206256777394,inf,0,0,0,0,-1,inf,0,-1,1,1,1,0,0,7600,0,0,0,2709,4891,1.5217040099815238,3.542619457219441,False
overtake,P4,15005,50,5.0,3.0,20.81570738826614,17.202168997219456,0.0029377318714225885,2.198048202129239e-25,1000000000.0,43.35133333333332,43.35133333333332,5.652549053502465,3.3417206256777394,inf,0,0,0,0,-1,inf,0,-1,1,1,1,0,0,7600,0,0,0,2709,4891,1.5217040099815238,3.542619457219441,False
overtake,P0,15006,50,5.0,3.0,20.96107720237541,17.202168997219456,0.002832865789559438,2.185130352621235e-25,1000000000.0,43.49099999999999,43.49099999999999,5.512980744673471,3.346779252272302,inf,0,0,0,0,-1,inf,0,-1,1,1,1,0,0,7600,0,0,0,2808,4792,1.4848390639047313,3.4367703701239423,False
overtake,P1,15006,50,5.0,3.0,20.862884942963134,17.202168997219456,0.002855167605183934,2.185130352621235e-25,1000000000.0,43.20999999999999,43.20999999999999,5.793787680882044,3.4020334833673367,inf,0,0,0,0,-1,inf,0,-1,1,1,1,0,0,7600,0,0,0,2694,4906,1.4848390639047313,3.4367703701239423,False
overtake,P2,15006,50,5.0,3.0,20.96107720237541,17.202168997219456,0.002832865789559438,2.185130352621235e-25,1000000000.0,43.49099999999999,43.49099999999999,5.512980744673471,3.346779252272302,inf,0,0,0,0,-1,inf,0,-1,1,1,1,0,0,7600,0,0,0,2808,4792,1.4848390639047313,3.4367703701239423,False
overtake,P3,15006,50,5.0,3.0,20.96107720237541,17.202168997219456,0.002832865789559438,2.185130352621235e-25,1000000000.0,43.49099999999999,43.49099999999999,5.512980744673471,3.346779252272302,inf,0,0,0,0,-1,inf,0,-1,1,1,1,0,0,7600,0,0,0,2808,4792,1.4848390639047313,3.4367703701239423,False
overtake,P4,15006,50,5.0,3.0,20.96107720237541,17.202168997219456,0.002832865789559438,2.185130352621235e-25,1000000000.0,43.49099999999999,43.49099999999999,5.512980744673471,3.346779252272302,inf,0,0,0,0,-1,inf,0,-1,1,1,1,0,0,7600,0,0,0,2808,4792,1.4848390639047313,3.4367703701239423,False
overtake,P0,15007,50,5.0,3.0,20.934125988684244,17.202168997219456,0.002839118901913446,2.1977860456660933e-25,1000000000.0,43.43766666666666,43.43766666666666,5.566275936589165,3.272746690256067,inf,0,0,0,0,-1,inf,0,-1,1,1,1,0,0,7600,0,0,0,2715,4885,1.655053232859164,3.768433429183621,False
overtake,P1,15007,50,5.0,3.0,20.85460084966322,17.202168997219456,0.002826309002699199,2.185110063786852e-25,1000000000.0,43.149999999999984,43.149999999999984,5.853748857880782,3.4207219894949166,inf,0,0,0,0,-1,inf,0,-1,1,1,1,0,0,7600,0,0,0,2568,5032,1.655053232859164,3.768433429183621,False
overtake,P2,15007,50,5.0,3.0,20.934125988684244,17.202168997219456,0.002839118901913446,2.1977860456660933e-25,1000000000.0,43.43766666666666,43.43766666666666,5.566275936589165,3.272746690256067,inf,0,0,0,0,-1,inf,0,-1,1,1,1,0,0,7600,0,0,0,2715,4885,1.655053232859164,3.768433429183621,False
overtake,P3,15007,50,5.0,3.0,20.934125988684244,17.202168997219456,0.002839118901913446,2.1977860456660933e-25,1000000000.0,43.43766666666666,43.43766666666666,5.566275936589165,3.272746690256067,inf,0,0,0,0,-1,inf,0,-1,1,1,1,0,0,7600,0,0,0,2715,4885,1.655053232859164,3.768433429183621,False
overtake,P4,15007,50,5.0,3.0,20.934125988684244,17.202168997219456,0.002839118901913446,2.1977860456660933e-25,1000000000.0,43.43766666666666,43.43766666666666,5.566275936589165,3.272746690256067,inf,0,0,0,0,-1,inf,0,-1,1,1,1,0,0,7600,0,0,0,2715,4885,1.655053232859164,3.768433429183621,False
overtake,P0,15008,50,5.0,3.0,21.032700276463338,17.202168997219456,0.002799948764681494,2.202836696349767e-25,1000000000.0,43.51699999999999,43.51699999999999,5.486999607357422,3.3151149977729557,inf,0,0,0,0,-1,inf,0,-1,1,1,1,0,0,7600,0,0,0,2887,4713,1.3973449727883531,3.3392896167853308,False
overtake,P1,15008,50,5.0,3.0,20.925856371968884,17.202168997219456,0.0028268060748250045,2.2024578146146023e-25,1000000000.0,43.28000000000001,43.28000000000001,5.723834002759014,3.488651469240045,inf,0,0,0,0,-1,inf,0,-1,1,1,1,0,0,7600,0,0,0,2747,4853,1.3973449727883531,3.3392896167853308,False
overtake,P2,15008,50,5.0,3.0,21.032700276463338,17.202168997219456,0.002799948764681494,2.202836696349767e-25,1000000000.0,43.51699999999999,43.51699999999999,5.486999607357422,3.3151149977729557,inf,0,0,0,0,-1,inf,0,-1,1,1,1,0,0,7600,0,0,0,2887,4713,1.3973449727883531,3.3392896167853308,False
overtake,P3,15008,50,5.0,3.0,21.032700276463338,17.202168997219456,0.002799948764681494,2.202836696349767e-25,1000000000.0,43.51699999999999,43.51699999999999,5.486999607357422,3.3151149977729557,inf,0,0,0,0,-1,inf,0,-1,1,1,1,0,0,7600,0,0,0,2887,4713,1.3973449727883531,3.3392896167853308,False
overtake,P4,15008,50,5.0,3.0,21.031663424741975,17.202168997219456,0.0028000729097883187,2.202836696349767e-25,1000000000.0,43.508999999999986,43.508999999999986,5.494993784449672,3.3151149977729557,inf,0,0,0,0,-1,inf,0,-1,1,1,1,0,0,7600,0,0,0,2887,4713,1.3973449727883531,3.3392896167853308,False
overtake,P0,15009,50,5.0,3.0,20.82151414858132,17.202168997219456,0.002926306649810806,2.1961362649544717e-25,1000000000.0,43.36033333333331,43.36033333333331,5.643555244901194,3.4119446916730913,inf,0,0,0,0,-1,inf,0,-1,1,1,1,0,0,7600,0,0,0,2757,4843,1.4617118443510342,3.4759650553814874,False
overtake,P1,15009,50,5.0,3.0,20.720192034016044,17.202168997219456,0.0029387965124377463,2.18585312672339e-25,1000000000.0,43.03000000000002,43.03000000000002,5.973673550767577,3.5523009368633343,inf,0,0,0,0,-1,inf,0,-1,1,1,1,0,0,7600,0,0,0,2605,4995,1.4617118443510342,3.4759650553814874,False
overtake,P2,15009,50,5.0,3.0,20.82151414858132,17.202168997219456,0.002926306649810806,2.1961362649544717e-25,1000000000.0,43.36033333333331,43.36033333333331,5.643555244901194,3.4119446916730913,inf,0,0,0,0,-1,inf,0,-1,1,1,1,0,0,7600,0,0,0,2757,4843,1.4617118443510342,3.4759650553814874,False
overtake,P3,15009,50,5.0,3.0,20.82151414858132,17.202168997219456,0.002926306649810806,2.1961362649544717e-25,1000000000.0,43.36033333333331,43.36033333333331,5.643555244901194,3.4119446916730913,inf,0,0,0,0,-1,inf,0,-1,1,1,1,0,0,7600,0,0,0,2757,4843,1.4617118443510342,3.4759650553814874,False
overtake,P4,15009,50,5.0,3.0,20.812397240299116,17.202168997219456,0.0029276456166813926,2.1961362649544717e-25,1000000000.0,43.2993333333333,43.2993333333333,5.704513663370892,3.4119446916730913,inf,0,0,0,0,-1,inf,0,-1,1,1,1,0,0,7600,0,0,0,2740,4860,1.4617118443510342,3.4759650553814874,False
overtake,P0,15010,50,5.0,3.0,20.51193206361493,17.202168997219456,0.003278792824800352,2.313648453393953e-25,1000000000.0,43.24099999999997,43.24099999999997,5.762808056073073,3.259566928484504,inf,0,0,0,0,-1,inf,0,-1,1,1,1,0,0,7600,0,0,0,2684,4916,1.5149537950086214,3.5520794648134046,False
overtake,P1,15010,50,5.0,3.0,20.514348757660184,17.202168997219456,0.003252968696849936,2.313542289603991e-25,1000000000.0,43.03999999999997,43.03999999999997,5.963679710643482,3.180424841359782,inf,0,0,0,0,-1,inf,0,-1,1,1,1,0,0,7600,0,0,0,2620,4980,1.5149537950086214,3.5520794648134046,False
overtake,P2,15010,50,5.0,3.0,20.51193206361493,17.202168997219456,0.003278792824800352,2.313648453393953e-25,1000000000.0,43.24099999999997,43.24099999999997,5.762808056073073,3.259566928484504,inf,0,0,0,0,-1,inf,0,-1,1,1,1,0,0,7600,0,0,0,2684,4916,1.5149537950086214,3.5520794648134046,False
overtake,P3,15010,50,5.0,3.0,20.51193206361493,17.202168997219456,0.003278792824800352,2.313648453393953e-25,1000000000.0,43.24099999999997,43.24099999999997,5.762808056073073,3.259566928484504,inf,0,0,0,0,-1,inf,0,-1,1,1,1,0,0,7600,0,0,0,2684,4916,1.5149537950086214,3.5520794648134046,False
overtake,P4,15010,50,5.0,3.0,20.51193206361493,17.202168997219456,0.003278792824800352,2.313648453393953e-25,1000000000.0,43.24099999999997,43.24099999999997,5.762808056073073,3.259566928484504,inf,0,0,0,0,-1,inf,0,-1,1,1,1,0,0,7600,0,0,0,2684,4916,1.5149537950086214,3.5520794648134046,False
overtake,P0,15011,50,5.0,3.0,20.93303163374284,17.202168997219456,0.002880780608758477,2.202871034177103e-25,1000000000.0,43.609666666666676,43.609666666666676,5.39440164759584,3.223313713127275,inf,0,0,0,0,-1,inf,0,-1,1,1,1,0,0,7600,0,0,0,2799,4801,1.5688961144413422,3.625192643987373,False
overtake,P1,15011,50,5.0,3.0,20.903388101189204,17.202168997219456,0.0028339871356864916,2.202453936642714e-25,1000000000.0,43.28,43.28,5.7238340027590215,3.4357939310114975,inf,0,0,0,0,-1,inf,0,-1,1,1,1,0,0,7600,0,0,0,2688,4912,1.5688961144413422,3.625192643987373,False
overtake,P2,15011,50,5.0,3.0,20.93303163374284,17.202168997219456,0.002880780608758477,2.202871034177103e-25,1000000000.0,43.609666666666676,43.609666666666676,5.39440164759584,3.223313713127275,inf,0,0,0,0,-1,inf,0,-1,1,1,1,0,0,7600,0,0,0,2799,4801,1.5688961144413422,3.625192643987373,False
overtake,P3,15011,50,5.0,3.0,20.93303163374284,17.202168997219456,0.002880780608758477,2.202871034177103e-25,1000000000.0,43.609666666666676,43.609666666666676,5.39440164759584,3.223313713127275,inf,0,0,0,0,-1,inf,0,-1,1,1,1,0,0,7600,0,0,0,2799,4801,1.5688961144413422,3.625192643987373,False
overtake,P4,15011,50,5.0,3.0,20.92628773194937,17.202168997219456,0.002881716615819639,2.202871034177103e-25,1000000000.0,43.587,43.587,5.41705129116758,3.2754720459553055,inf,0,0,0,0,-1,inf,0,-1,1,1,1,0,0,7600,0,0,0,2788,4812,1.5688961144413422,3.625192643987373,False
overtake,P0,15012,50,5.0,3.0,20.806094690019513,17.202168997219456,0.002967223065017468,2.207934253551731e-25,1000000000.0,43.40266666666665,43.40266666666665,5.601251300877782,3.4368235532471885,inf,0,0,0,0,-1,inf,0,-1,1,1,1,0,0,7600,0,0,0,2781,4819,1.483106158910416,3.4407602585657187,False
overtake,P1,15012,50,5.0,3.0,20.77378692824483,17.202168997219456,0.002959279252942139,2.2072024244540715e-25,1000000000.0,43.18,43.18,5.8237681694192105,3.422615276504489,inf,0,0,0,0,-1,inf,0,-1,1,1,1,0,0,7600,0,0,0,2692,4908,1.483106158910416,3.4407602585657187,False
overtake,P2,15012,50,5.0,3.0,20.806094690019513,17.202168997219456,0.002967223065017468,2.207934253551731e-25,1000000000.0,43.40266666666665,43.40266666666665,5.601251300877782,3.4368235532471885,inf,0,0,0,0,-1,inf,0,-1,1,1,1,0,0,7600,0,0,0,2781,4819,1.483106158910416,3.4407602585657187,False
overtake,P3,15012,50,5.0,3.0,20.806094690019513,17.202168997219456,0.002967223065017468,2.207934253551731e-25,1000000000.0,43.40266666666665,43.40266666666665,5.601251300877782,3.4368235532471885,inf,0,0,0,0,-1,inf,0,-1,1,1,1,0,0,7600,0,0,0,2781,4819,1.483106158910416,3.4407602585657187,False
overtake,P4,15012,50,5.0,3.0,20.80427544428876,17.202168997219456,0.002967489638494271,2.207934253551731e-25,1000000000.0,43.391666666666666,43.391666666666666,5.612243621664883,3.4368235532471885,inf,0,0,0,0,-1,inf,0,-1,1,1,1,0,0,7600,0,0,0,2775,4825,1.483106158910416,3.4407602585657187,False
overtake,P0,15013,50,5.0,3.0,21.01646668453338,17.202168997219456,0.0028457395353417314,2.19673798088016e-25,1000000000.0,43.58566666666668,43.58566666666668,5.418383627576092,3.2414833460135024,inf,0,0,0,0,-1,inf,0,-1,1,1,1,0,0,7600,0,0,0,2938,4662,1.5358843170613996,3.6269636664524167,False
overtake,P1,15013,50,5.0,3.0,20.893422852838558,17.202168997219456,0.002853152311561594,2.186032999741836e-25,1000000000.0,43.15000000000001,43.15000000000001,5.8537488578807535,3.29241816568845,inf,0,0,0,0,-1,inf,0,-1,1,1,1,0,0,7600,0,0,0,2692,4908,1.5358843170613996,3.6269636664524167,False
overtake,P2,15013,50,5.0,3.0,21.01646668453338,17.202168997219456,0.0028457395353417314,2.19673798088016e-25,1000000000.0,43.58566666666668,43.58566666666668,5.418383627576092,3.2414833460135024,inf,0,0,0,0,-1,inf,0,-1,1,1,1,0,0,7600,0,0,0,2938,4662,1.5358843170613996,3.6269636664524167,False
overtake,P3,15013,50,5.0,3.0,21.01646668453338,17.202168997219456,0.0028457395353417314,2.19673798088016e-25,1000000000.0,43.58566666666668,43.58566666666668,5.418383627576092,3.2414833460135024,inf,0,0,0,0,-1,inf,0,-1,1,1,1,0,0,7600,0,0,0,2938,4662,1.5358843170613996,3.6269636664524167,False
overtake,P4,15013,50,5.0,3.0,21.014580902525072,17.202168997219456,0.0028459718341163347,2.19673798088016e-25,1000000000.0,43.57466666666666,43.57466666666666,5.429375421622477,3.2414833460135024,inf,0,0,0,0,-1,inf,0,-1,1,1,1,0,0,7600,0,0,0,2931,4669,1.5358843170613996,3.6269636664524167,False
overtake,P0,15014,50,5.0,3.0,20.88113871637617,17.202168997219456,0.0028836165155730147,2.202774025866929e-25,1000000000.0,43.352999999999994,43.352999999999994,5.650883531903701,3.439329912263813,inf,0,0,0,0,-1,inf,0,-1,1,1,1,0,0,7600,0,0,0,2769,4831,1.412382804675377,3.359674518043241,False
overtake,P1,15014,50,5.0,3.0,20.80441668611969,17.202168997219456,0.0028963693749787054,2.202454416961125e-25,1000000000.0,43.109999999999985,43.109999999999985,5.893723414883036,3.389281943171158,inf,0,0,0,0,-1,inf,0,-1,1,1,1,0,0,7600,0,0,0,2657,4943,1.412382804675377,3.359674518043241,False
overtake,P2,15014,50,5.0,3.0,20.88113871637617,17.202168997219456,0.0028836165155730147,2.202774025866929e-25,1000000000.0,43.352999999999994,43.352999999999994,5.650883531903701,3.439329912263813,inf,0,0,0,0,-1,inf,0,-1,1,1,1,0,0,7600,0,0,0,2769,4831,1.412382804675377,3.359674518043241,False
overtake,P3,15014,50,5.0,3.0,20.88113871637617,17.202168997219456,0.0028836165155730147,2.202774025866929e-25,1000000000.0,43.352999999999994,43.352999999999994,5.650883531903701,3.439329912263813,inf,0,0,0,0,-1,inf,0,-1,1,1,1,0,0,7600,0,0,0,2769,4831,1.412382804675377,3.359674518043241,False
overtake,P4,15014,50,5.0,3.0,20.87397869949108,17.202168997219456,0.0028846336770277947,2.202774025866929e-25,1000000000.0,43.30966666666666,43.30966666666666,5.6941873112486325,3.439329912263813,inf,0,0,0,0,-1,inf,0,-1,1,1,1,0,0,7600,0,0,0,2751,4849,1.412382804675377,3.359674518043241,False
overtake,P0,15015,50,5.0,3.0,20.841019215506563,17.202168997219456,0.0029277741579127703,2.2006969180947507e-25,1000000000.0,43.388999999999996,43.388999999999996,5.614908431233801,3.472747529671579,inf,0,0,0,0,-1,inf,0,-1,1,1,1,0,0,7600,0,0,0,2785,4815,1.615679451618591,3.7056495780477974,False
overtake,P1,15015,50,5.0,3.0,20.863193366710686,17.202168997219456,0.0028736166867397144,2.189855210930075e-25,1000000000.0,43.19999999999998,43.19999999999998,5.80378115465604,3.3207635061350853,inf,0,0,0,0,-1,inf,0,-1,1,1,1,0,0,7600,0,0,0,2722,4878,1.615679451618591,3.7056495780477974,False
overtake,P2,15015,50,5.0,3.0,20.841019215506563,17.202168997219456,0.0029277741579127703,2.2006969180947507e-25,1000000000.0,43.388999999999996,43.388999999999996,5.614908431233801,3.472747529671579,inf,0,0,0,0,-1,inf,0,-1,1,1,1,0,0,7600,0,0,0,2785,4815,1.615679451618591,3.7056495780477974,False
overtake,P3,15015,50,5.0,3.0,20.841019215506563,17.202168997219456,0.0029277741579127703,2.2006969180947507e-25,1000000000.0,43.388999999999996,43.388999999999996,5.614908431233801,3.472747529671579,inf,0,0,0,0,-1,inf,0,-1,1,1,1,0,0,7600,0,0,0,2785,4815,1.615679451618591,3.7056495780477974,False
overtake,P4,15015,50,5.0,3.0,20.83744946886408,17.202168997219456,0.0029282878969390962,2.2006969180947507e-25,1000000000.0,43.36366666666667,43.36366666666667,5.6402242096910316,3.472747529671579,inf,0,0,0,0,-1,inf,0,-1,1,1,1,0,0,7600,0,0,0,2781,4819,1.615679451618591,3.7056495780477974,False
overtake,P0,15016,50,5.0,3.0,20.971003210318287,17.202168997219456,0.002782598060172793,2.197785998246032e-25,1000000000.0,43.34133333333333,43.34133333333333,5.662542197245407,3.3311041269456294,inf,0,0,0,0,-1,inf,0,-1,1,1,1,0,0,7600,0,0,0,2691,4909,1.5716009617353328,3.621176113177221,False
overtake,P1,15016,50,5.0,3.0,20.918280782234028,17.202168997219456,0.0027644328798238347,2.1851273459745987e-25,1000000000.0,43.12000000000002,43.12000000000002,5.883729743210522,3.421898509040907,inf,0,0,0,0,-1,inf,0,-1,1,1,1,0,0,7600,0,0,0,2632,4968,1.5716009617353328,3.621176113177221,False
overtake,P2,15016,50,5.0,3.0,20.971003210318287,17.202168997219456,0.002782598060172793,2.197785998246032e-25,1000000000.0,43.34133333333333,43.34133333333333,5.662542197245407,3.3311041269456294,inf,0,0,0,0,-1,inf,0,-1,1,1,1,0,0,7600,0,0,0,2691,4909,1.5716009617353328,3.621176113177221,False
overtake,P3,15016,50,5.0,3.0,20.971003210318287,17.202168997219456,0.002782598060172793,2.197785998246032e-25,1000000000.0,43.34133333333333,43.34133333333333,5.662542197245407,3.3311041269456294,inf,0,0,0,0,-1,inf,0,-1,1,1,1,0,0,7600,0,0,0,2691,4909,1.5716009617353328,3.621176113177221,False
overtake,P4,15016,50,5.0,3.0,20.96724766977362,17.202168997219456,0.0027831517798430415,2.197785998246032e-25,1000000000.0,43.31966666666665,43.31966666666665,5.684194091418621,3.3311041269456294,inf,0,0,0,0,-1,inf,0,-1,1,1,1,0,0,7600,0,0,0,2685,4915,1.5716009617353328,3.621176113177221,False
overtake,P0,15017,50,5.0,3.0,20.90538847704644,17.202168997219456,0.0029023119569130534,2.2222656995678573e-25,1000000000.0,43.49433333333334,43.49433333333334,5.509649819687707,3.2967495442044084,inf,0,0,0,0,-1,inf,0,-1,1,1,1,0,0,7600,0,0,0,2862,4738,1.4642838654022652,3.4671220449163083,False
overtake,P1,15017,50,5.0,3.0,20.766865306137106,17.202168997219456,0.0029342458651706867,2.2222656995678573e-25,1000000000.0,43.110000000000014,43.110000000000014,5.8937234148830075,3.542353296469071,inf,0,0,0,0,-1,inf,0,-1,1,1,1,0,0,7600,0,0,0,2685,4915,1.4642838654022652,3.4671220449163083,False
overtake,P2,15017,50,5.0,3.0,20.90538847704644,17.202168997219456,0.0029023119569130534,2.2222656995678573e-25,1000000000.0,43.49433333333334,43.49433333333334,5.509649819687707,3.2967495442044084,inf,0,0,0,0,-1,inf,0,-1,1,1,1,0,0,7600,0,0,0,2862,4738,1.4642838654022652,3.4671220449163083,False
overtake,P3,15017,50,5.0,3.0,20.90538847704644,17.202168997219456,0.0029023119569130534,2.2222656995678573e-25,1000000000.0,43.49433333333334,43.49433333333334,5.509649819687707,3.2967495442044084,inf,0,0,0,0,-1,inf,0,-1,1,1,1,0,0,7600,0,0,0,2862,4738,1.4642838654022652,3.4671220449163083,False
overtake,P4,15017,50,5.0,3.0,20.899449640161635,17.202168997219456,0.0029031016714052686,2.2222656995678573e-25,1000000000.0,43.455,43.455,5.54895491882394,3.2967495442044084,inf,0,0,0,0,-1,inf,0,-1,1,1,1,0,0,7600,0,0,0,2853,4747,1.4642838654022652,3.4671220449163083,False
overtake,P0,15018,50,5.0,3.0,20.693437941491776,17.202168997219456,0.00313104636184945,2.3135422331194145e-25,1000000000.0,43.32266666666666,43.32266666666666,5.681196130122441,3.419713430535735,inf,0,0,0,0,-1,inf,0,-1,1,1,1,0,0,7600,0,0,0,2802,4798,1.5729259062166343,3.626472585213825,False
overtake,P1,15018,50,5.0,3.0,20.617511148948555,17.202168997219456,0.003149232118809454,2.3135422331194145e-25,1000000000.0,43.069999999999986,43.069999999999986,5.933698314806756,3.505729240100854,inf,0,0,0,0,-1,inf,0,-1,1,1,1,0,0,7600,0,0,0,2690,4910,1.5729259062166343,3.626472585213825,False
overtake,P2,15018,50,5.0,3.0,20.693437941491776,17.202168997219456,0.00313104636184945,2.3135422331194145e-25,1000000000.0,43.32266666666666,43.32266666666666,5.681196130122441,3.419713430535735,inf,0,0,0,0,-1,inf,0,-1,1,1,1,0,0,7600,0,0,0,2802,4798,1.5729259062166343,3.626472585213825,False
overtake,P3,15018,50,5.0,3.0,20.693437941491776,17.202168997219456,0.00313104636184945,2.3135422331194145e-25,1000000000.0,43.32266666666666,43.32266666666666,5.681196130122441,3.419713430535735,inf,0,0,0,0,-1,inf,0,-1,1,1,1,0,0,7600,0,0,0,2802,4798,1.5729259062166343,3.626472585213825,False
overtake,P4,15018,50,5.0,3.0,20.68770972379516,17.202168997219456,0.003131926407505678,2.3135422331194145e-25,1000000000.0,43.28833333333332,43.28833333333332,5.715506259488449,3.419713430535735,inf,0,0,0,0,-1,inf,0,-1,1,1,1,0,0,7600,0,0,0,2785,4815,1.5729259062166343,3.626472585213825,False
overtake,P0,15019,50,5.0,3.0,20.909583138482013,17.202168997219456,0.002858682132021445,2.1966323156430124e-25,1000000000.0,43.43033333333332,43.43033333333332,5.573604082541051,3.4113928988254463,inf,0,0,0,0,-1,inf,0,-1,1,1,1,0,0,7600,0,0,0,2724,4876,1.5877012024587795,3.6292173010297035,False
overtake,P1,15019,50,5.0,3.0,20.849179671265926,17.202168997219456,0.0028469208833139022,2.185112198753546e-25,1000000000.0,43.15999999999998,43.15999999999998,5.843755273036388,3.4065789379127933,inf,0,0,0,0,-1,inf,0,-1,1,1,1,0,0,7600,0,0,0,2584,5016,1.5877012024587795,3.6292173010297035,False
overtake,P2,15019,50,5.0,3.0,20.909583138482013,17.202168997219456,0.002858682132021445,2.1966323156430124e-25,1000000000.0,43.43033333333332,43.43033333333332,5.573604082541051,3.4113928988254463,inf,0,0,0,0,-1,inf,0,-1,1,1,1,0,0,7600,0,0,0,2724,4876,1.5877012024587795,3.6292173010297035,False
overtake,P3,15019,50,5.0,3.0,20.909583138482013,17.202168997219456,0.002858682132021445,2.1966323156430124e-25,1000000000.0,43.43033333333332,43.43033333333332,5.573604082541051,3.4113928988254463,inf,0,0,0,0,-1,inf,0,-1,1,1,1,0,0,7600,0,0,0,2724,4876,1.5877012024587795,3.6292173010297035,False
overtake,P4,15019,50,5.0,3.0,20.903518446577067,17.202168997219456,0.0028595495150605887,2.1966323156430124e-25,1000000000.0,43.39333333333331,43.39333333333331,5.610578116580479,3.4113928988254463,inf,0,0,0,0,-1,inf,0,-1,1,1,1,0,0,7600,0,0,0,2708,4892,1.5877012024587795,3.6292173010297035,False
intersection_turn,P0,15000,50,5.0,3.0,18.314117870561898,14.72403780401211,0.009697843742668065,2.2614855272116717e-15,999999999.9999979,41.555,41.555,6.4944611015849505,3.9550147740798045,inf,0,0,0,0,-1,inf,0,-1,0,0,-1,0,0,7600,0,0,0,2803,4797,1.4697618352780868,3.3191295440929114,False
intersection_turn,P1,15000,50,5.0,3.0,18.30112609894879,14.72403780401211,0.00970780069102291,2.2614855272116717e-15,999999999.9999979,41.42,41.42,6.628453816690585,3.9550147740798045,inf,0,0,0,0,-1,inf,0,-1,0,0,-1,0,0,7600,0,0,0,2742,4858,1.4697618352780868,3.3191295440929114,False
intersection_turn,P2,15000,50,5.0,3.0,18.314117870561898,14.72403780401211,0.009697843742668065,2.2614855272116717e-15,999999999.9999979,41.555,41.555,6.4944611015849505,3.9550147740798045,inf,0,0,0,0,-1,inf,0,-1,0,0,-1,0,0,7600,0,0,0,2803,4797,1.4697618352780868,3.3191295440929114,False
intersection_turn,P3,15000,50,5.0,3.0,18.314117870561898,14.72403780401211,0.009697843742668065,2.2614855272116717e-15,999999999.9999979,41.555,41.555,6.4944611015849505,3.9550147740798045,inf,0,0,0,0,-1,inf,0,-1,0,0,-1,0,0,7600,0,0,0,2803,4797,1.4697618352780868,3.3191295440929114,False
intersection_turn,P4,15000,50,5.0,3.0,18.311541072449792,14.72403780401211,0.009699730354694435,2.2614855272116717e-15,999999999.9999979,41.530666666666654,41.530666666666654,6.518609804074634,3.9550147740798045,inf,0,0,0,0,-1,inf,0,-1,0,0,-1,0,0,7600,0,0,0,2790,4810,1.4697618352780868,3.3191295440929114,False
intersection_turn,P0,15001,50,5.0,3.0,18.013157668358087,14.72403780401211,0.01051718547918012,2.3624000614037743e-15,999999999.9999976,41.120000000000005,41.120000000000005,6.926355463012271,4.627442179426978,inf,0,0,0,0,-1,inf,0,-1,0,0,-1,0,0,7600,0,0,0,2517,5083,1.5579067593991518,3.581992437511774,False
intersection_turn,P1,15001,50,5.0,3.0,17.919131222860482,14.72403780401211,0.010753868216216983,2.3724918240518642e-15,999999999.9999976,40.86999999999998,40.86999999999998,7.174740413422652,4.789682321088468,inf,0,0,0,0,-1,inf,0,-1,0,0,-1,0,0,7600,0,0,0,2422,5178,1.5579067593991518,3.581992437511774,False
intersection_turn,P2,15001,50,5.0,3.0,18.013157668358087,14.72403780401211,0.01051718547918012,2.3624000614037743e-15,999999999.9999976,41.120000000000005,41.120000000000005,6.926355463012271,4.627442179426978,inf,0,0,0,0,-1,inf,0,-1,0,0,-1,0,0,7600,0,0,0,2517,5083,1.5579067593991518,3.581992437511774,False
intersection_turn,P3,15001,50,5.0,3.0,18.013157668358087,14.72403780401211,0.01051718547918012,2.3624000614037743e-15,999999999.9999976,41.120000000000005,41.120000000000005,6.926355463012271,4.627442179426978,inf,0,0,0,0,-1,inf,0,-1,0,0,-1,0,0,7600,0,0,0,2517,5083,1.5579067593991518,3.581992437511774,False
intersection_turn,P4,15001,50,5.0,3.0,18.013157668358087,14.72403780401211,0.01051718547918012,2.3624000614037743e-15,999999999.9999976,41.120000000000005,41.120000000000005,6.926355463012271,4.627442179426978,inf,0,0,0,0,-1,inf,0,-1,0,0,-1,0,0,7600,0,0,0,2517,5083,1.5579067593991518,3.581992437511774,False
intersection_turn,P0,15002,50,5.0,3.0,17.99068388082319,14.72403780401211,0.01055987310173487,2.3696045217938875e-15,999999999.9999976,40.959999999999994,40.959999999999994,7.085308744155055,4.594171091348221,inf,0,0,0,0,-1,inf,0,-1,0,0,-1,0,0,7600,0,0,0,2519,5081,1.719112770316732,3.6820174704778252,False
intersection_turn,P1,15002,50,5.0,3.0,17.903224441936956,14.72403780401211,0.010757927239208325,2.372171529204751e-15,999999999.9999976,40.68999999999997,40.68999999999997,7.353645354516388,4.785121783422708,inf,0,0,0,0,-1,inf,0,-1,0,0,-1,0,0,7600,0,0,0,2435,5165,1.719112770316732,3.6820174704778252,False
intersection_turn,P2,15002,50,5.0,3.0,17.99068388082319,14.72403780401211,0.01055987310173487,2.3696045217938875e-15,999999999.9999976,40.959999999999994,40.959999999999994,7.085308744155055,4.594171091348221,inf,0,0,0,0,-1,inf,0,-1,0,0,-1,0,0,7600,0,0,0,2519,5081,1.719112770316732,3.6820174704778252,False
intersection_turn,P3,15002,50,5.0,3.0,17.99068388082319,14.72403780401211,0.01055987310173487,2.3696045217938875e-15,999999999.9999976,40.959999999999994,40.959999999999994,7.085308744155055,4.594171091348221,inf,0,0,0,0,-1,inf,0,-1,0,0,-1,0,0,7600,0,0,0,2519,5081,1.719112770316732,3.6820174704778252,False
intersection_turn,P4,15002,50,5.0,3.0,17.989031739048976,14.72403780401211,0.0105612386269011,2.3696045217938875e-15,999999999.9999976,40.93333333333331,40.93333333333331,7.111805521650471,4.594171091348221,inf,0,0,0,0,-1,inf,0,-1,0,0,-1,0,0,7600,0,0,0,2515,5085,1.719112770316732,3.6820174704778252,False
intersection_turn,P0,15003,50,5.0,3.0,18.216672109273947,14.72403780401211,0.009959509731465994,2.2857810681714177e-15,999999999.9999976,41.30833333333336,41.30833333333336,6.739317678947732,4.200509536258781,inf,0,0,0,0,-1,inf,0,-1,0,0,-1,0,0,7600,0,0,0,2695,4905,1.430272227290811,3.263213443061156,False
intersection_turn,P1,15003,50,5.0,3.0,18.2129118822929,14.72403780401211,0.009962208045587735,2.2857810681714177e-15,999999999.9999976,41.23000000000001,41.23000000000001,6.817103490486253,4.200509536258781,inf,0,0,0,0,-1,inf,0,-1,0,0,-1,0,0,7600,0,0,0,2673,4927,1.430272227290811,3.263213443061156,False
intersection_turn,P2,15003,50,5.0,3.0,18.216672109273947,14.72403780401211,0.009959509731465994,2.2857810681714177e-15,999999999.9999976,41.30833333333336,41.30833333333336,6.739317678947732,4.200509536258781,inf,0,0,0,0,-1,inf,0,-1,0,0,-1,0,0,7600,0,0,0,2695,4905,1.430272227290811,3.263213443061156,False
intersection_turn,P3,15003,50,5.0,3.0,18.216672109273947,14.72403780401211,0.009959509731465994,2.2857810681714177e-15,999999999.9999976,41.30833333333336,41.30833333333336,6.739317678947732,4.200509536258781,inf,0,0,0,0,-1,inf,0,-1,0,0,-1,0,0,7600,0,0,0,2695,4905,1.430272227290811,3.263213443061156,False
intersection_turn,P4,15003,50,5.0,3.0,18.21513188398377,14.72403780401211,0.00996062612559493,2.2857810681714177e-15,999999999.9999976,41.28500000000002,41.28500000000002,6.762486598877647,4.200509536258781,inf,0,0,0,0,-1,inf,0,-1,0,0,-1,0,0,7600,0,0,0,2691,4909,1.430272227290811,3.263213443061156,False
intersection_turn,P0,15004,50,5.0,3.0,18.32969269979088,14.72403780401211,0.009677852182985973,2.2614855272116717e-15,999999999.9999979,41.54499999999999,41.54499999999999,6.504385059327297,3.9550147740798045,inf,0,0,0,0,-1,inf,0,-1,0,0,-1,0,0,7600,0,0,0,2643,4957,1.5313278720669161,3.3832182284544956,False
intersection_turn,P1,15004,50,5.0,3.0,18.30154849755244,14.72403780401211,0.009701705512894135,2.2614855272116717e-15,999999999.9999979,41.31,41.31,6.7376627995173495,3.9550147740798045,inf,0,0,0,0,-1,inf,0,-1,0,0,-1,0,0,7600,0,0,0,2569,5031,1.5313278720669161,3.3832182284544956,False
intersection_turn,P2,15004,50,5.0,3.0,18.32969269979088,14.72403780401211,0.009677852182985973,2.2614855272116717e-15,999999999.9999979,41.54499999999999,41.54499999999999,6.504385059327297,3.9550147740798045,inf,0,0,0,0,-1,inf,0,-1,0,0,-1,0,0,7600,0,0,0,2643,4957,1.5313278720669161,3.3832182284544956,False
intersection_turn,P3,15004,50,5.0,3.0,18.32969269979088,14.72403780401211,0.009677852182985973,2.2614855272116717e-15,999999999.9999979,41.54499999999999,41.54499999999999,6.504385059327297,3.9550147740798045,inf,0,0,0,0,-1,inf,0,-1,0,0,-1,0,0,7600,0,0,0,2643,4957,1.5313278720669161,3.3832182284544956,False
intersection_turn,P4,15004,50,5.0,3.0,18.32969269979088,14.72403780401211,0.009677852182985973,2.2614855272116717e-15,999999999.9999979,41.54499999999999,41.54499999999999,6.504385059327297,3.9550147740798045,inf,0,0,0,0,-1,inf,0,-1,0,0,-1,0,0,7600,0,0,0,2643,4957,1.5313278720669161,3.3832182284544956,False
intersection_turn,P0,15005,50,5.0,3.0,18.361299517935112,14.72403780401211,0.009653394763392999,2.2614855272116717e-15,999999999.9999979,41.74666666666666,41.74666666666666,6.304298357293842,3.9550147740798045,inf,0,0,0,0,-1,inf,0,-1,0,0,-1,0,0,7600,0,0,0,2730,4870,1.5085951243976294,3.3672102026875343,False
intersection_turn,P1,15005,50,5.0,3.0,18.347980834790647,14.72403780401211,0.0096669584523615,2.2614855272116717e-15,999999999.9999979,41.7,41.7,6.3505905237229685,3.9550147740798045,inf,0,0,0,0,-1,inf,0,-1,0,0,-1,0,0,7600,0,0,0,2701,4899,1.5085951243976294,3.3672102026875343,False
intersection_turn,P2,15005,50,5.0,3.0,18.361299517935112,14.72403780401211,0.009653394763392999,2.2614855272116717e-15,999999999.9999979,41.74666666666666,41.74666666666666,6.304298357293842,3.9550147740798045,inf,0,0,0,0,-1,inf,0,-1,0,0,-1,0,0,7600,0,0,0,2730,4870,1.5085951243976294,3.3672102026875343,False
intersection_turn,P3,15005,50,5.0,3.0,18.361299517935112,14.72403780401211,0.009653394763392999,2.2614855272116717e-15,999999999.9999979,41.74666666666666,41.74666666666666,6.304298357293842,3.9550147740798045,inf,0,0,0,0,-1,inf,0,-1,0,0,-1,0,0,7600,0,0,0,2730,4870,1.5085951243976294,3.3672102026875343,False
intersection_turn,P4,15005,50,5.0,3.0,18.361299517935112,14.72403780401211,0.009653394763392999,2.2614855272116717e-15,999999999.9999979,41.74666666666666,41.74666666666666,6.304298357293842,3.9550147740798045,inf,0,0,0,0,-1,inf,0,-1,0,0,-1,0,0,7600,0,0,0,2730,4870,1.5085951243976294,3.3672102026875343,False
intersection_turn,P0,15006,50,5.0,3.0,18.32435583861371,14.72403780401211,0.009690484417949686,2.2614855272116717e-15,999999999.9999979,41.67333333333334,41.67333333333334,6.377045641291196,3.9550147740798045,inf,0,0,0,0,-1,inf,0,-1,0,0,-1,0,0,7600,0,0,0,2704,4896,1.4998085948057593,3.3545243609270017,False
intersection_turn,P1,15006,50,5.0,3.0,18.306494507703647,14.72403780401211,0.009707604347103384,2.2614855272116717e-15,999999999.9999979,41.54999999999999,41.54999999999999,6.499423051317719,3.9550147740798045,inf,0,0,0,0,-1,inf,0,-1,0,0,-1,0,0,7600,0,0,0,2649,4951,1.4998085948057593,3.3545243609270017,False
intersection_turn,P2,15006,50,5.0,3.0,18.32435583861371,14.72403780401211,0.009690484417949686,2.2614855272116717e-15,999999999.9999979,41.67333333333334,41.67333333333334,6.377045641291196,3.9550147740798045,inf,0,0,0,0,-1,inf,0,-1,0,0,-1,0,0,7600,0,0,0,2704,4896,1.4998085948057593,3.3545243609270017,False
intersection_turn,P3,15006,50,5.0,3.0,18.32435583861371,14.72403780401211,0.009690484417949686,2.2614855272116717e-15,999999999.9999979,41.67333333333334,41.67333333333334,6.377045641291196,3.9550147740798045,inf,0,0,0,0,-1,inf,0,-1,0,0,-1,0,0,7600,0,0,0,2704,4896,1.4998085948057593,3.3545243609270017,False
intersection_turn,P4,15006,50,5.0,3.0,18.32435583861371,14.72403780401211,0.009690484417949686,2.2614855272116717e-15,999999999.9999979,41.67333333333334,41.67333333333334,6.377045641291196,3.9550147740798045,inf,0,0,0,0,-1,inf,0,-1,0,0,-1,0,0,7600,0,0,0,2704,4896,1.4998085948057593,3.3545243609270017,False
intersection_turn,P0,15007,50,5.0,3.0,18.32169023178198,14.72403780401211,0.009690130304636025,2.2614855272116717e-15,999999999.9999979,41.631666666666675,41.631666666666675,6.418385267685662,3.9550147740798045,inf,0,0,0,0,-1,inf,0,-1,0,0,-1,0,0,7600,0,0,0,2633,4967,1.6461129230859866,3.6511212159178434,False
intersection_turn,P1,15007,50,5.0,3.0,18.31326718220275,14.72403780401211,0.009697908916322004,2.2614855272116717e-15,999999999.9999979,41.62,41.62,6.42996111963362,3.9550147740798045,inf,0,0,0,0,-1,inf,0,-1,0,0,-1,0,0,7600,0,0,0,2619,4981,1.6461129230859866,3.6511212159178434,False
intersection_turn,P2,15007,50,5.0,3.0,18.32169023178198,14.72403780401211,0.009690130304636025,2.2614855272116717e-15,999999999.9999979,41.631666666666675,41.631666666666675,6.418385267685662,3.9550147740798045,inf,0,0,0,0,-1,inf,0,-1,0,0,-1,0,0,7600,0,0,0,2633,4967,1.6461129230859866,3.6511212159178434,False
intersection_turn,P3,15007,50,5.0,3.0,18.32169023178198,14.72403780401211,0.009690130304636025,2.2614855272116717e-15,999999999.9999979,41.631666666666675,41.631666666666675,6.418385267685662,3.9550147740798045,inf,0,0,0,0,-1,inf,0,-1,0,0,-1,0,0,7600,0,0,0,2633,4967,1.6461129230859866,3.6511212159178434,False
intersection_turn,P4,15007,50,5.0,3.0,18.429748935594834,14.72403780401211,0.009647862493153442,2.2614855272116717e-15,999999999.9999979,41.63166666666669,41.628952444965094,6.4111836639427136,3.9550147740798045,inf,0,0,0,0,-1,inf,0,-1,0,0,-1,0,0,7600,70,0,0,2571,4959,1.6461129230859866,3.6511212159178434,False
intersection_turn,P0,15008,50,5.0,3.0,18.373022747515186,14.72403780401211,0.009640218555721176,2.2614855272116717e-15,999999999.9999979,41.79533333333333,41.79533333333333,6.256028168450368,3.9550147740798045,inf,0,0,0,0,-1,inf,0,-1,0,0,-1,0,0,7600,0,0,0,2760,4840,1.4549191145271911,3.2770623293832415,False
intersection_turn,P1,15008,50,5.0,3.0,18.362813814739155,14.72403780401211,0.009649888780262017,2.2614855272116717e-15,999999999.9999979,41.739999999999995,41.739999999999995,6.310911186191743,3.9550147740798045,inf,0,0,0,0,-1,inf,0,-1,0,0,-1,0,0,7600,0,0,0,2741,4859,1.4549191145271911,3.2770623293832415,False
intersection_turn,P2,15008,50,5.0,3.0,18.373022747515186,14.72403780401211,0.009640218555721176,2.2614855272116717e-15,999999999.9999979,41.79533333333333,41.79533333333333,6.256028168450368,3.9550147740798045,inf,0,0,0,0,-1,inf,0,-1,0,0,-1,0,0,7600,0,0,0,2760,4840,1.4549191145271911,3.2770623293832415,False
intersection_turn,P3,15008,50,5.0,3.0,18.373022747515186,14.72403780401211,0.009640218555721176,2.2614855272116717e-15,999999999.9999979,41.79533333333333,41.79533333333333,6.256028168450368,3.9550147740798045,inf,0,0,0,0,-1,inf,0,-1,0,0,-1,0,0,7600,0,0,0,2760,4840,1.4549191145271911,3.2770623293832415,False
intersection_turn,P4,15008,50,5.0,3.0,18.373022747515186,14.72403780401211,0.009640218555721176,2.2614855272116717e-15,999999999.9999979,41.79533333333333,41.79533333333333,6.256028168450368,3.9550147740798045,inf,0,0,0,0,-1,inf,0,-1,0,0,-1,0,0,7600,0,0,0,2760,4840,1.4549191145271911,3.2770623293832415,False
intersection_turn,P0,15009,50,5.0,3.0,18.345445178910673,14.72403780401211,0.00966489250290102,2.2614855272116717e-15,999999999.9999979,41.65499999999998,41.65499999999998,6.395234553947201,3.9550147740798045,inf,0,0,0,0,-1,inf,0,-1,0,0,-1,0,0,7600,0,0,0,2761,4839,1.4879110174261079,3.421476610707756,False
intersection_turn,P1,15009,50,5.0,3.0,18.33896513660628,14.72403780401211,0.009671232460882143,2.2614855272116717e-15,999999999.9999979,41.61,41.61,6.439883539319636,3.9550147740798045,inf,0,0,0,0,-1,inf,0,-1,0,0,-1,0,0,7600,0,0,0,2751,4849,1.4879110174261079,3.421476610707756,False
intersection_turn,P2,15009,50,5.0,3.0,18.345445178910673,14.72403780401211,0.00966489250290102,2.2614855272116717e-15,999999999.9999979,41.65499999999998,41.65499999999998,6.395234553947201,3.9550147740798045,inf,0,0,0,0,-1,inf,0,-1,0,0,-1,0,0,7600,0,0,0,2761,4839,1.4879110174261079,3.421476610707756,False
intersection_turn,P3,15009,50,5.0,3.0,18.345445178910673,14.72403780401211,0.00966489250290102,2.2614855272116717e-15,999999999.9999979,41.65499999999998,41.65499999999998,6.395234553947201,3.9550147740798045,inf,0,0,0,0,-1,inf,0,-1,0,0,-1,0,0,7600,0,0,0,2761,4839,1.4879110174261079,3.421476610707756,False
intersection_turn,P4,15009,50,5.0,3.0,18.343060265022412,14.72403780401211,0.009666515885906425,2.2614855272116717e-15,999999999.9999979,41.621666666666655,41.621666666666655,6.428307406394879,3.9550147740798045,inf,0,0,0,0,-1,inf,0,-1,0,0,-1,0,0,7600,0,0,0,2752,4848,1.4879110174261079,3.421476610707756,False
intersection_turn,P0,15010,50,5.0,3.0,18.03681612481089,14.72403780401211,0.010478466289315551,2.3652399985463236e-15,999999999.9999976,41.21999999999998,41.21999999999998,6.827034495298841,4.583887536194982,inf,0,0,0,0,-1,inf,0,-1,0,0,-1,0,0,7600,0,0,0,2581,5019,1.5456970052763614,3.4980015524828207,False
intersection_turn,P1,15010,50,5.0,3.0,17.94858495917999,14.72403780401211,0.010678690217421278,2.369723505635325e-15,999999999.9999976,40.96999999999998,40.96999999999998,7.075372781698524,4.776002108960667,inf,0,0,0,0,-1,inf,0,-1,0,0,-1,0,0,7600,0,0,0,2458,5142,1.5456970052763614,3.4980015524828207,False
intersection_turn,P2,15010,50,5.0,3.0,14.365821471538759,5.493279103466659,0.11220794672777636,0.0005533568612223665,999446643.1387776,41.09333333333335,41.069403905015776,7.262915502450575,4.923058371782277,inf,0,0,0,0,-1,inf,0,-1,0,0,-1,0,0,7600,2535,0,0,1219,3846,1.5456970052763614,3.4980015524828207,False
intersection_turn,P3,15010,50,5.0,3.0,18.03681612481089,14.72403780401211,0.010478466289315551,2.3652399985463236e-15,999999999.9999976,41.21999999999998,41.21999999999998,6.827034495298841,4.583887536194982,inf,0,0,0,0,-1,inf,0,-1,0,0,-1,0,0,7600,0,0,0,2581,5019,1.5456970052763614,3.4980015524828207,False
intersection_turn,P4,15010,50,5.0,3.0,18.03511355356313,14.72403780401211,0.010479820147627706,2.3652399985463236e-15,999999999.9999976,41.19833333333332,41.19833333333332,6.848552361225296,4.583887536194982,inf,0,0,0,0,-1,inf,0,-1,0,0,-1,0,0,7600,0,0,0,2567,5033,1.5456970052763614,3.4980015524828207,False
intersection_turn,P0,15011,50,5.0,3.0,18.367718066293847,14.72403780401211,0.00964688362805122,2.2614855272116717e-15,999999999.9999979,41.83333333333332,41.83333333333332,6.2183420441286374,3.9550147740798045,inf,0,0,0,0,-1,inf,0,-1,0,0,-1,0,0,7600,0,0,0,2736,4864,1.563610618699179,3.515793623321695,False
intersection_turn,P1,15011,50,5.0,3.0,18.355449278926727,14.72403780401211,0.009658218658300737,2.2614855272116717e-15,999999999.9999979,41.750000000000014,41.750000000000014,6.300991985394032,3.9550147740798045,inf,0,0,0,0,-1,inf,0,-1,0,0,-1,0,0,7600,0,0,0,2703,4897,1.563610618699179,3.515793623321695,False
intersection_turn,P2,15011,50,5.0,3.0,18.367718066293847,14.72403780401211,0.00964688362805122,2.2614855272116717e-15,999999999.9999979,41.83333333333332,41.83333333333332,6.2183420441286374,3.9550147740798045,inf,0,0,0,0,-1,inf,0,-1,0,0,-1,0,0,7600,0,0,0,2736,4864,1.563610618699179,3.515793623321695,False
intersection_turn,P3,15011,50,5.0,3.0,18.367718066293847,14.72403780401211,0.00964688362805122,2.2614855272116717e-15,999999999.9999979,41.83333333333332,41.83333333333332,6.2183420441286374,3.9550147740798045,inf,0,0,0,0,-1,inf,0,-1,0,0,-1,0,0,7600,0,0,0,2736,4864,1.563610618699179,3.515793623321695,False
intersection_turn,P4,15011,50,5.0,3.0,18.367718066293847,14.72403780401211,0.00964688362805122,2.2614855272116717e-15,999999999.9999979,41.83333333333332,41.83333333333332,6.2183420441286374,3.9550147740798045,inf,0,0,0,0,-1,inf,0,-1,0,0,-1,0,0,7600,0,0,0,2736,4864,1.563610618699179,3.515793623321695,False
intersection_turn,P0,15012,50,5.0,3.0,18.359866092761987,14.72403780401211,0.009650731807326706,2.2614855272116717e-15,999999999.9999979,41.726666666666645,41.726666666666645,6.324137183135054,3.9550147740798045,inf,0,0,0,0,-1,inf,0,-1,0,0,-1,0,0,7600,0,0,0,2779,4821,1.483248962352931,3.3783972890491096,False
intersection_turn,P1,15012,50,5.0,3.0,18.34287636734021,14.72403780401211,0.009664170144526887,2.2614855272116717e-15,999999999.9999979,41.58,41.58,6.469652231766405,3.9550147740798045,inf,0,0,0,0,-1,inf,0,-1,0,0,-1,0,0,7600,0,0,0,2726,4874,1.483248962352931,3.3783972890491096,False
intersection_turn,P2,15012,50,5.0,3.0,18.359866092761987,14.72403780401211,0.009650731807326706,2.2614855272116717e-15,999999999.9999979,41.726666666666645,41.726666666666645,6.324137183135054,3.9550147740798045,inf,0,0,0,0,-1,inf,0,-1,0,0,-1,0,0,7600,0,0,0,2779,4821,1.483248962352931,3.3783972890491096,False
intersection_turn,P3,15012,50,5.0,3.0,18.359866092761987,14.72403780401211,0.009650731807326706,2.2614855272116717e-15,999999999.9999979,41.726666666666645,41.726666666666645,6.324137183135054,3.9550147740798045,inf,0,0,0,0,-1,inf,0,-1,0,0,-1,0,0,7600,0,0,0,2779,4821,1.483248962352931,3.3783972890491096,False
intersection_turn,P4,15012,50,5.0,3.0,18.359866092761987,14.72403780401211,0.009650731807326706,2.2614855272116717e-15,999999999.9999979,41.726666666666645,41.726666666666645,6.324137183135054,3.9550147740798045,inf,0,0,0,0,-1,inf,0,-1,0,0,-1,0,0,7600,0,0,0,2779,4821,1.483248962352931,3.3783972890491096,False
intersection_turn,P0,15013,50,5.0,3.0,18.338341667718144,14.72403780401211,0.009679747970567115,2.2614855272116717e-15,999999999.9999979,41.69666666666667,41.69666666666667,6.3538973166955595,3.9550147740798045,inf,0,0,0,0,-1,inf,0,-1,0,0,-1,0,0,7600,0,0,0,2782,4818,1.4959453308662733,3.4654469670167134,False
intersection_turn,P1,15013,50,5.0,3.0,18.32478141048188,14.72403780401211,0.009692624965110508,2.2614855272116717e-15,999999999.9999979,41.620000000000005,41.620000000000005,6.429961119633613,3.9550147740798045,inf,0,0,0,0,-1,inf,0,-1,0,0,-1,0,0,7600,0,0,0,2747,4853,1.4959453308662733,3.4654469670167134,False
intersection_turn,P2,15013,50,5.0,3.0,18.338341667718144,14.72403780401211,0.009679747970567115,2.2614855272116717e-15,999999999.9999979,41.69666666666667,41.69666666666667,6.3538973166955595,3.9550147740798045,inf,0,0,0,0,-1,inf,0,-1,0,0,-1,0,0,7600,0,0,0,2782,4818,1.4959453308662733,3.4654469670167134,False
intersection_turn,P3,15013,50,5.0,3.0,18.338341667718144,14.72403780401211,0.009679747970567115,2.2614855272116717e-15,999999999.9999979,41.69666666666667,41.69666666666667,6.3538973166955595,3.9550147740798045,inf,0,0,0,0,-1,inf,0,-1,0,0,-1,0,0,7600,0,0,0,2782,4818,1.4959453308662733,3.4654469670167134,False
intersection_turn,P4,15013,50,5.0,3.0,18.338341667718144,14.72403780401211,0.009679747970567115,2.2614855272116717e-15,999999999.9999979,41.69666666666667,41.69666666666667,6.3538973166955595,3.9550147740798045,inf,0,0,0,0,-1,inf,0,-1,0,0,-1,0,0,7600,0,0,0,2782,4818,1.4959453308662733,3.4654469670167134,False
intersection_turn,P0,15014,50,5.0,3.0,18.33789258902284,14.72403780401211,0.00967747685075269,2.2614855272116717e-15,999999999.9999979,41.605000000000004,41.605000000000004,6.444844839094262,4.037505576037035,inf,0,0,0,0,-1,inf,0,-1,0,0,-1,0,0,7600,0,0,0,2715,4885,1.3930366724141954,3.266126014522249,False
intersection_turn,P1,15014,50,5.0,3.0,18.321716833463782,14.72403780401211,0.009690427360645683,2.2614855272116717e-15,999999999.9999979,41.520000000000024,41.520000000000024,6.529195968877001,4.037505576037035,inf,0,0,0,0,-1,inf,0,-1,0,0,-1,0,0,7600,0,0,0,2689,4911,1.3930366724141954,3.266126014522249,False
intersection_turn,P2,15014,50,5.0,3.0,18.33789258902284,14.72403780401211,0.00967747685075269,2.2614855272116717e-15,999999999.9999979,41.605000000000004,41.605000000000004,6.444844839094262,4.037505576037035,inf,0,0,0,0,-1,inf,0,-1,0,0,-1,0,0,7600,0,0,0,2715,4885,1.3930366724141954,3.266126014522249,False
intersection_turn,P3,15014,50,5.0,3.0,18.33789258902284,14.72403780401211,0.00967747685075269,2.2614855272116717e-15,999999999.9999979,41.605000000000004,41.605000000000004,6.444844839094262,4.037505576037035,inf,0,0,0,0,-1,inf,0,-1,0,0,-1,0,0,7600,0,0,0,2715,4885,1.3930366724141954,3.266126014522249,False
intersection_turn,P4,15014,50,5.0,3.0,18.444529927685974,14.72403780401211,0.009629753210849945,2.2614855272116717e-15,999999999.9999979,41.57166666666667,41.570001432829365,6.469720689419343,4.037505576037035,inf,0,0,0,0,-1,inf,0,-1,0,0,-1,0,0,7600,72,0,0,2640,4888,1.3930366724141954,3.266126014522249,False
intersection_turn,P0,15015,50,5.0,3.0,18.32739762609207,14.72403780401211,0.009687437267607447,2.2614855272116717e-15,999999999.9999979,41.655,41.655,6.39523455394718,3.9550147740798045,inf,0,0,0,0,-1,inf,0,-1,0,0,-1,0,0,7600,0,0,0,2769,4831,1.630422532071215,3.613458964822831,False
intersection_turn,P1,15015,50,5.0,3.0,18.300078731851,14.72403780401211,0.009712061956785603,2.2614855272116717e-15,999999999.9999979,41.46000000000001,41.46000000000001,6.588747984253146,3.9550147740798045,inf,0,0,0,0,-1,inf,0,-1,0,0,-1,0,0,7600,0,0,0,2683,4917,1.630422532071215,3.613458964822831,False
intersection_turn,P2,15015,50,5.0,3.0,18.32739762609207,14.72403780401211,0.009687437267607447,2.2614855272116717e-15,999999999.9999979,41.655,41.655,6.39523455394718,3.9550147740798045,inf,0,0,0,0,-1,inf,0,-1,0,0,-1,0,0,7600,0,0,0,2769,4831,1.630422532071215,3.613458964822831,False
intersection_turn,P3,15015,50,5.0,3.0,18.32739762609207,14.72403780401211,0.009687437267607447,2.2614855272116717e-15,999999999.9999979,41.655,41.655,6.39523455394718,3.9550147740798045,inf,0,0,0,0,-1,inf,0,-1,0,0,-1,0,0,7600,0,0,0,2769,4831,1.630422532071215,3.613458964822831,False
intersection_turn,P4,15015,50,5.0,3.0,18.325771354390213,14.72403780401211,0.0096885419294886,2.2614855272116717e-15,999999999.9999979,41.63333333333334,41.63333333333334,6.416731601403035,3.9550147740798045,inf,0,0,0,0,-1,inf,0,-1,0,0,-1,0,0,7600,0,0,0,2755,4845,1.630422532071215,3.613458964822831,False
intersection_turn,P0,15016,50,5.0,3.0,18.319219254860162,14.72403780401211,0.009694547751179151,2.2614855272116717e-15,999999999.9999979,41.55166666666667,41.55166666666667,6.497769061591659,3.9550147740798045,inf,0,0,0,0,-1,inf,0,-1,0,0,-1,0,0,7600,0,0,0,2644,4956,1.571859122863137,3.489412540494336,False
intersection_turn,P1,15016,50,5.0,3.0,18.297971703156787,14.72403780401211,0.009713974208810318,2.2614855272116717e-15,999999999.9999979,41.36999999999999,41.36999999999999,6.6780910446025015,3.9550147740798045,inf,0,0,0,0,-1,inf,0,-1,0,0,-1,0,0,7600,0,0,0,2567,5033,1.571859122863137,3.489412540494336,False
intersection_turn,P2,15016,50,5.0,3.0,18.319219254860162,14.72403780401211,0.009694547751179151,2.2614855272116717e-15,999999999.9999979,41.55166666666667,41.55166666666667,6.497769061591659,3.9550147740798045,inf,0,0,0,0,-1,inf,0,-1,0,0,-1,0,0,7600,0,0,0,2644,4956,1.571859122863137,3.489412540494336,False
intersection_turn,P3,15016,50,5.0,3.0,18.319219254860162,14.72403780401211,0.009694547751179151,2.2614855272116717e-15,999999999.9999979,41.55166666666667,41.55166666666667,6.497769061591659,3.9550147740798045,inf,0,0,0,0,-1,inf,0,-1,0,0,-1,0,0,7600,0,0,0,2644,4956,1.571859122863137,3.489412540494336,False
intersection_turn,P4,15016,50,5.0,3.0,18.317483482402878,14.72403780401211,0.009695765570438995,2.2614855272116717e-15,999999999.9999979,41.53000000000001,41.53000000000001,6.519271431686205,3.9550147740798045,inf,0,0,0,0,-1,inf,0,-1,0,0,-1,0,0,7600,0,0,0,2637,4963,1.571859122863137,3.489412540494336,False
intersection_turn,P0,15017,50,5.0,3.0,18.23799492950085,14.72403780401211,0.009942866155963766,2.2857810681714177e-15,999999999.9999976,41.55000000000002,41.55000000000002,6.499423051317691,4.200509536258781,inf,0,0,0,0,-1,inf,0,-1,0,0,-1,0,0,7600,0,0,0,2688,4912,1.522692133253757,3.442698487908393,False
intersection_turn,P1,15017,50,5.0,3.0,18.215118394104646,14.72403780401211,0.009962154648357426,2.2857810681714177e-15,999999999.9999976,41.35000000000001,41.35000000000001,6.697947446792927,4.200509536258781,inf,0,0,0,0,-1,inf,0,-1,0,0,-1,0,0,7600,0,0,0,2612,4988,1.522692133253757,3.442698487908393,False
intersection_turn,P2,15017,50,5.0,3.0,18.23799492950085,14.72403780401211,0.009942866155963766,2.2857810681714177e-15,999999999.9999976,41.55000000000002,41.55000000000002,6.499423051317691,4.200509536258781,inf,0,0,0,0,-1,inf,0,-1,0,0,-1,0,0,7600,0,0,0,2688,4912,1.522692133253757,3.442698487908393,False
intersection_turn,P3,15017,50,5.0,3.0,18.23799492950085,14.72403780401211,0.009942866155963766,2.2857810681714177e-15,999999999.9999976,41.55000000000002,41.55000000000002,6.499423051317691,4.200509536258781,inf,0,0,0,0,-1,inf,0,-1,0,0,-1,0,0,7600,0,0,0,2688,4912,1.522692133253757,3.442698487908393,False
intersection_turn,P4,15017,50,5.0,3.0,18.261241810274296,14.72403780401211,0.009932901120496131,2.2857810681714177e-15,999999999.9999976,41.52000000000002,41.52000000000002,6.5291959688770085,4.200509536258781,inf,0,0,0,0,-1,inf,0,-1,0,0,-1,0,0,7600,0,0,0,2684,4916,1.522692133253757,3.442698487908393,False
intersection_turn,P0,15018,50,5.0,3.0,17.967123160783775,14.72403780401211,0.010644631994968477,2.365974878884402e-15,999999999.9999976,41.15166666666664,41.15166666666664,6.894901699404044,4.771442971096385,inf,0,0,0,0,-1,inf,0,-1,0,0,-1,0,0,7600,0,0,0,2577,5023,1.5615475926063231,3.495139700347236,False
intersection_turn,P1,15018,50,5.0,3.0,17.938704117387807,14.72403780401211,0.010733122589812181,2.3724918240518642e-15,999999999.9999976,41.02999999999999,41.02999999999999,7.01576082830652,4.789682321088468,inf,0,0,0,0,-1,inf,0,-1,0,0,-1,0,0,7600,0,0,0,2523,5077,1.5615475926063231,3.495139700347236,False
intersection_turn,P2,15018,50,5.0,3.0,17.967123160783775,14.72403780401211,0.010644631994968477,2.365974878884402e-15,999999999.9999976,41.15166666666664,41.15166666666664,6.894901699404044,4.771442971096385,inf,0,0,0,0,-1,inf,0,-1,0,0,-1,0,0,7600,0,0,0,2577,5023,1.5615475926063231,3.495139700347236,False
intersection_turn,P3,15018,50,5.0,3.0,17.967123160783775,14.72403780401211,0.010644631994968477,2.365974878884402e-15,999999999.9999976,41.15166666666664,41.15166666666664,6.894901699404044,4.771442971096385,inf,0,0,0,0,-1,inf,0,-1,0,0,-1,0,0,7600,0,0,0,2577,5023,1.5615475926063231,3.495139700347236,False
intersection_turn,P4,15018,50,5.0,3.0,17.967123160783775,14.72403780401211,0.010644631994968477,2.365974878884402e-15,999999999.9999976,41.15166666666664,41.15166666666664,6.894901699404044,4.771442971096385,inf,0,0,0,0,-1,inf,0,-1,0,0,-1,0,0,7600,0,0,0,2577,5023,1.5615475926063231,3.495139700347236,False
intersection_turn,P0,15019,50,5.0,3.0,18.33216631647783,14.72403780401211,0.009680066719402166,2.2614855272116717e-15,999999999.9999979,41.64833333333333,41.64833333333333,6.401848908279892,3.9550147740798045,inf,0,0,0,0,-1,inf,0,-1,0,0,-1,0,0,7600,0,0,0,2686,4914,1.5743522403351384,3.479451081466779,False
intersection_turn,P1,15019,50,5.0,3.0,18.29181234621634,14.72403780401211,0.00971730131889103,2.2614855272116717e-15,999999999.9999979,41.40999999999999,41.40999999999999,6.638380826677552,3.9550147740798045,inf,0,0,0,0,-1,inf,0,-1,0,0,-1,0,0,7600,0,0,0,2587,5013,1.5743522403351384,3.479451081466779,False
intersection_turn,P2,15019,50,5.0,3.0,18.33216631647783,14.72403780401211,0.009680066719402166,2.2614855272116717e-15,999999999.9999979,41.64833333333333,41.64833333333333,6.401848908279892,3.9550147740798045,inf,0,0,0,0,-1,inf,0,-1,0,0,-1,0,0,7600,0,0,0,2686,4914,1.5743522403351384,3.479451081466779,False
intersection_turn,P3,15019,50,5.0,3.0,18.33216631647783,14.72403780401211,0.009680066719402166,2.2614855272116717e-15,999999999.9999979,41.64833333333333,41.64833333333333,6.401848908279892,3.9550147740798045,inf,0,0,0,0,-1,inf,0,-1,0,0,-1,0,0,7600,0,0,0,2686,4914,1.5743522403351384,3.479451081466779,False
intersection_turn,P4,15019,50,5.0,3.0,18.3306677853426,14.72403780401211,0.009681142169362847,2.2614855272116717e-15,999999999.9999979,41.635,41.635,6.415077941849189,3.9550147740798045,inf,0,0,0,0,-1,inf,0,-1,0,0,-1,0,0,7600,0,0,0,2679,4921,1.5743522403351384,3.479451081466779,False
occluding_cut_in,P0,15000,50,5.0,3.0,11.267888282720728,7.327224075401506,0.2107706627715266,0.00021432353040528026,999785676.4695947,17.087302883832308,17.087302883832308,19.431160541768985,11.331044181969368,1.912697116167692,0,0,0,0,-1,inf,0,-1,0,0,-1,0,0,7600,182,0,3814,0,3604,1.8029692480110335,4.14092559792095,False
occluding_cut_in,P1,15000,50,5.0,3.0,11.317783592570613,7.340924320324938,0.20800412073676305,0.00020844263878270098,999791557.3612175,17.121780353335406,17.116962367430588,19.431160541768985,11.331044181969368,1.88314773956537,0,0,0,0,-1,inf,0,-1,0,0,-1,0,0,7600,257,0,3763,0,3580,1.8029692480110335,4.14092559792095,False
occluding_cut_in,P2,15000,50,5.0,3.0,11.281172157870188,7.340688870815291,0.2097296356476733,0.00020990463374568325,999790095.3662541,17.08730288383231,17.086426541833706,19.431160541768985,11.331044181969368,1.9135771939595783,0,0,0,0,-1,inf,0,-1,0,0,-1,0,0,7600,192,0,3804,0,3604,1.8029692480110335,4.14092559792095,False
occluding_cut_in,P3,15000,50,5.0,3.0,11.234115978422913,7.347532739074193,0.2132565692115898,0.00020827732696175155,999791722.6730384,17.09672071521911,17.09343247158598,19.431160541768985,11.331044181969368,1.9092338673411526,0,0,0,0,-1,inf,0,-1,0,0,-1,0,0,7600,216,0,3784,0,3600,1.8029692480110335,4.14092559792095,False
occluding_cut_in,P4,15000,50,5.0,3.0,11.267888282720728,7.327224075401506,0.2107706627715266,0.00021432353040528026,999785676.4695947,17.087302883832308,17.087302883832308,19.431160541768985,11.331044181969368,1.912697116167692,0,0,0,0,-1,inf,0,-1,0,0,-1,0,0,7600,182,0,3814,0,3604,1.8029692480110335,4.14092559792095,False
occluding_cut_in,P0,15001,50,5.0,3.0,11.267888282720728,7.327224075401506,0.2107706627715266,0.00021432353040528026,999785676.4695947,17.087302883832308,17.087302883832308,19.431160541768985,11.331044181969368,1.912697116167692,0,0,0,0,-1,inf,0,-1,0,0,-1,0,0,7600,182,0,3814,0,3604,1.8770559585775741,4.391566502196131,False
occluding_cut_in,P1,15001,50,5.0,3.0,11.308998829511795,7.347120509100741,0.20861593368995265,0.0002074917490520799,999792508.2509481,17.087302883832308,17.0846002770323,19.430094201262467,11.331044181969368,1.9154212449517773,0,0,0,0,-1,inf,0,-1,0,0,-1,0,0,7600,254,0,3742,0,3604,1.8770559585775741,4.391566502196131,False
occluding_cut_in,P2,15001,50,5.0,3.0,11.277123624067267,7.331337482424192,0.21035847978845165,0.00021300644759230845,999786993.5524075,17.087302883832304,17.08682042164354,19.430094201262467,11.331044181969368,1.913193285685995,0,0,0,0,-1,inf,0,-1,0,0,-1,0,0,7600,207,0,3789,0,3604,1.8770559585775741,4.391566502196131,False
occluding_cut_in,P3,15001,50,5.0,3.0,11.272727078473354,7.347277451802598,0.21016357905894723,0.00020785407926597087,999792145.920734,17.087302883832304,17.086958375649086,19.431160541768985,11.331044181969368,1.913149005085399,0,0,0,0,-1,inf,0,-1,0,0,-1,0,0,7600,191,0,3805,0,3604,1.8770559585775741,4.391566502196131,False
occluding_cut_in,P4,15001,50,5.0,3.0,11.267888282720728,7.327224075401506,0.2107706627715266,0.00021432353040528026,999785676.4695947,17.087302883832308,17.087302883832308,19.431160541768985,11.331044181969368,1.912697116167692,0,0,0,0,-1,inf,0,-1,0,0,-1,0,0,7600,182,0,3814,0,3604,1.8770559585775741,4.391566502196131,False
occluding_cut_in,P0,15002,50,5.0,3.0,11.267888282720728,7.327224075401506,0.2107706627715266,0.00021432353040528026,999785676.4695947,17.087302883832308,17.087302883832308,19.431160541768985,11.331044181969368,1.912697116167692,0,0,0,0,-1,inf,0,-1,0,0,-1,0,0,7600,182,0,3814,0,3604,1.9844408763674903,4.409632679218493,False
occluding_cut_in,P1,15002,50,5.0,3.0,11.317319119307221,7.34927735771918,0.20786128060150882,0.00020631348633499952,999793686.5136652,17.121780353335414,17.11729961532519,19.430094201262467,11.331044181969368,1.8829699810294924,0,0,0,0,-1,inf,0,-1,0,0,-1,0,0,7600,274,0,3745,0,3581,1.9844408763674903,4.409632679218493,False
occluding_cut_in,P2,15002,50,5.0,3.0,11.279361912896213,7.332113693679981,0.21008848347125705,0.0002113748523771999,999788625.147623,17.087302883832304,17.08669665353498,19.430094201262467,11.331044181969368,1.9133038564810327,0,0,0,0,-1,inf,0,-1,0,0,-1,0,0,7600,207,0,3789,0,3604,1.9844408763674903,4.409632679218493,False
occluding_cut_in,P3,15002,50,5.0,3.0,11.271959506513124,7.335881601140441,0.21027690254954082,0.00021045185835408037,999789548.1416459,17.087302883832308,17.087194917016916,19.431160541768985,11.331044181969368,1.9128245916561997,0,0,0,0,-1,inf,0,-1,0,0,-1,0,0,7600,182,0,3814,0,3604,1.9844408763674903,4.409632679218493,False
occluding_cut_in,P4,15002,50,5.0,3.0,11.267888282720728,7.327224075401506,0.2107706627715266,0.00021432353040528026,999785676.4695947,17.087302883832308,17.087302883832308,19.431160541768985,11.331044181969368,1.912697116167692,0,0,0,0,-1,inf,0,-1,0,0,-1,0,0,7600,182,0,3814,0,3604,1.9844408763674903,4.409632679218493,False
occluding_cut_in,P0,15003,50,5.0,3.0,11.267888282720728,7.327224075401506,0.2107706627715266,0.00021432353040528026,999785676.4695947,17.087302883832308,17.087302883832308,19.431160541768985,11.331044181969368,1.912697116167692,0,0,0,0,-1,inf,0,-1,0,0,-1,0,0,7600,182,0,3814,0,3604,1.7815224882299427,4.111772128384116,False
occluding_cut_in,P1,15003,50,5.0,3.0,11.317737018469149,7.347697923399429,0.20786527404869443,0.0002066987070679961,999793301.292932,17.1217803533354,17.11722384637169,19.430094201262467,11.331044181969368,1.8830018139341327,0,0,0,0,-1,inf,0,-1,0,0,-1,0,0,7600,265,0,3754,0,3581,1.7815224882299427,4.111772128384116,False
occluding_cut_in,P2,15003,50,5.0,3.0,11.237984396402712,7.348411669860199,0.2133351507000627,0.00020808773445762894,999791912.2655423,17.096720715219103,17.092765427591445,19.430094201262467,11.331044181969368,1.9095319180822474,0,0,0,0,-1,inf,0,-1,0,0,-1,0,0,7600,241,0,3759,0,3600,1.7815224882299427,4.111772128384116,False
occluding_cut_in,P3,15003,50,5.0,3.0,11.234115978422913,7.347532739074193,0.2132565692115898,0.00020827732696175155,999791722.6730384,17.09672071521911,17.09343247158598,19.431160541768985,11.331044181969368,1.9092338673411526,0,0,0,0,-1,inf,0,-1,0,0,-1,0,0,7600,216,0,3784,0,3600,1.7815224882299427,4.111772128384116,False
occluding_cut_in,P4,15003,50,5.0,3.0,11.267888282720728,7.327224075401506,0.2107706627715266,0.00021432353040528026,999785676.4695947,17.087302883832308,17.087302883832308,19.431160541768985,11.331044181969368,1.912697116167692,0,0,0,0,-1,inf,0,-1,0,0,-1,0,0,7600,182,0,3814,0,3604,1.7815224882299427,4.111772128384116,False
occluding_cut_in,P0,15004,50,5.0,3.0,11.267888282720728,7.327224075401506,0.2107706627715266,0.00021432353040528026,999785676.4695947,17.087302883832308,17.087302883832308,19.431160541768985,11.331044181969368,1.912697116167692,0,0,0,0,-1,inf,0,-1,0,0,-1,0,0,7600,182,0,3814,0,3604,1.852897994533796,4.179216941300657,False
occluding_cut_in,P1,15004,50,5.0,3.0,11.317783592570613,7.340924320324938,0.20800412073676305,0.00020844263878270098,999791557.3612175,17.121780353335406,17.116962367430588,19.431160541768985,11.331044181969368,1.88314773956537,0,0,0,0,-1,inf,0,-1,0,0,-1,0,0,7600,257,0,3763,0,3580,1.852897994533796,4.179216941300657,False
occluding_cut_in,P2,15004,50,5.0,3.0,11.311378602159753,7.349014587157961,0.2079716628434389,0.00020637574603807674,999793624.2539618,17.121780353335414,17.117622715201758,19.431160541768985,11.331044181969368,1.8824849619202388,0,0,0,0,-1,inf,0,-1,0,0,-1,0,0,7600,237,0,3784,0,3579,1.852897994533796,4.179216941300657,False
occluding_cut_in,P3,15004,50,5.0,3.0,11.271959506513124,7.335881601140441,0.21027690254954082,0.00021045185835408037,999789548.1416459,17.087302883832308,17.087194917016916,19.431160541768985,11.331044181969368,1.9128245916561997,0,0,0,0,-1,inf,0,-1,0,0,-1,0,0,7600,182,0,3814,0,3604,1.852897994533796,4.179216941300657,False
occluding_cut_in,P4,15004,50,5.0,3.0,11.267888282720728,7.327224075401506,0.2107706627715266,0.00021432353040528026,999785676.4695947,17.087302883832308,17.087302883832308,19.431160541768985,11.331044181969368,1.912697116167692,0,0,0,0,-1,inf,0,-1,0,0,-1,0,0,7600,182,0,3814,0,3604,1.852897994533796,4.179216941300657,False
occluding_cut_in,P0,15005,50,5.0,3.0,11.267888282720728,7.327224075401506,0.2107706627715266,0.00021432353040528026,999785676.4695947,17.087302883832308,17.087302883832308,19.431160541768985,11.331044181969368,1.912697116167692,0,0,0,0,-1,inf,0,-1,0,0,-1,0,0,7600,182,0,3814,0,3604,1.7461476271457028,4.082076243483491,False
occluding_cut_in,P1,15005,50,5.0,3.0,11.281172157870188,7.340688870815291,0.2097296356476733,0.00020990463374568325,999790095.3662541,17.08730288383231,17.086426541833706,19.431160541768985,11.331044181969368,1.9135771939595783,0,0,0,0,-1,inf,0,-1,0,0,-1,0,0,7600,192,0,3804,0,3604,1.7461476271457028,4.082076243483491,False
occluding_cut_in,P2,15005,50,5.0,3.0,11.267888282720728,7.327224075401506,0.2107706627715266,0.00021432353040528026,999785676.4695947,17.087302883832308,17.087302883832308,19.431160541768985,11.331044181969368,1.912697116167692,0,0,0,0,-1,inf,0,-1,0,0,-1,0,0,7600,182,0,3814,0,3604,1.7461476271457028,4.082076243483491,False
occluding_cut_in,P3,15005,50,5.0,3.0,11.271959506513124,7.335881601140441,0.21027690254954082,0.00021045185835408037,999789548.1416459,17.087302883832308,17.087194917016916,19.431160541768985,11.331044181969368,1.9128245916561997,0,0,0,0,-1,inf,0,-1,0,0,-1,0,0,7600,182,0,3814,0,3604,1.7461476271457028,4.082076243483491,False
occluding_cut_in,P4,15005,50,5.0,3.0,11.267888282720728,7.327224075401506,0.2107706627715266,0.00021432353040528026,999785676.4695947,17.087302883832308,17.087302883832308,19.431160541768985,11.331044181969368,1.912697116167692,0,0,0,0,-1,inf,0,-1,0,0,-1,0,0,7600,182,0,3814,0,3604,1.7461476271457028,4.082076243483491,False
occluding_cut_in,P0,15006,50,5.0,3.0,11.267888282720728,7.327224075401506,0.2107706627715266,0.00021432353040528026,999785676.4695947,17.087302883832308,17.087302883832308,19.431160541768985,11.331044181969368,1.912697116167692,0,0,0,0,-1,inf,0,-1,0,0,-1,0,0,7600,182,0,3814,0,3604,1.8288023278894945,4.204243865628655,False
occluding_cut_in,P1,15006,50,5.0,3.0,11.30815976414788,7.346969508872786,0.20870055795720902,0.00020762557142257537,999792374.4285775,17.087302883832322,17.08472641182488,19.430048105437574,11.331044181969368,1.91531324796778,0,0,0,0,-1,inf,0,-1,0,0,-1,0,0,7600,260,0,3736,0,3604,1.8288023278894945,4.204243865628655,False
occluding_cut_in,P2,15006,50,5.0,3.0,11.237443136743446,7.348496364291064,0.21337678219934827,0.0002080716804135019,999791928.3195865,17.096720715219117,17.092725783096938,19.430048105437574,11.331044181969368,1.9095945638237422,0,0,0,0,-1,inf,0,-1,0,0,-1,0,0,7600,242,0,3758,0,3600,1.8288023278894945,4.204243865628655,False
occluding_cut_in,P3,15006,50,5.0,3.0,11.234115978422913,7.347532739074193,0.2132565692115898,0.00020827732696175155,999791722.6730384,17.09672071521911,17.09343247158598,19.431160541768985,11.331044181969368,1.9092338673411526,0,0,0,0,-1,inf,0,-1,0,0,-1,0,0,7600,216,0,3784,0,3600,1.8288023278894945,4.204243865628655,False
occluding_cut_in,P4,15006,50,5.0,3.0,11.267888282720728,7.327224075401506,0.2107706627715266,0.00021432353040528026,999785676.4695947,17.087302883832308,17.087302883832308,19.431160541768985,11.331044181969368,1.912697116167692,0,0,0,0,-1,inf,0,-1,0,0,-1,0,0,7600,182,0,3814,0,3604,1.8288023278894945,4.204243865628655,False
occluding_cut_in,P0,15007,50,5.0,3.0,11.267888282720728,7.327224075401506,0.2107706627715266,0.00021432353040528026,999785676.4695947,17.087302883832308,17.087302883832308,19.431160541768985,11.331044181969368,1.912697116167692,0,0,0,0,-1,inf,0,-1,0,0,-1,0,0,7600,182,0,3814,0,3604,1.9923192698093373,4.504491166825617,False
occluding_cut_in,P1,15007,50,5.0,3.0,11.317783592570613,7.340924320324938,0.20800412073676305,0.00020844263878270098,999791557.3612175,17.121780353335406,17.116962367430588,19.431160541768985,11.331044181969368,1.88314773956537,0,0,0,0,-1,inf,0,-1,0,0,-1,0,0,7600,257,0,3763,0,3580,1.9923192698093373,4.504491166825617,False
occluding_cut_in,P2,15007,50,5.0,3.0,11.271959506513124,7.335881601140441,0.21027690254954082,0.00021045185835408037,999789548.1416459,17.087302883832308,17.087194917016916,19.431160541768985,11.331044181969368,1.9128245916561997,0,0,0,0,-1,inf,0,-1,0,0,-1,0,0,7600,182,0,3814,0,3604,1.9923192698093373,4.504491166825617,False
occluding_cut_in,P3,15007,50,5.0,3.0,11.271959506513124,7.335881601140441,0.21027690254954082,0.00021045185835408037,999789548.1416459,17.087302883832308,17.087194917016916,19.431160541768985,11.331044181969368,1.9128245916561997,0,0,0,0,-1,inf,0,-1,0,0,-1,0,0,7600,182,0,3814,0,3604,1.9923192698093373,4.504491166825617,False
occluding_cut_in,P4,15007,50,5.0,3.0,11.267888282720728,7.327224075401506,0.2107706627715266,0.00021432353040528026,999785676.4695947,17.087302883832308,17.087302883832308,19.431160541768985,11.331044181969368,1.912697116167692,0,0,0,0,-1,inf,0,-1,0,0,-1,0,0,7600,182,0,3814,0,3604,1.9923192698093373,4.504491166825617,False
occluding_cut_in,P0,15008,50,5.0,3.0,11.267888282720728,7.327224075401506,0.2107706627715266,0.00021432353040528026,999785676.4695947,17.087302883832308,17.087302883832308,19.431160541768985,11.331044181969368,1.912697116167692,0,0,0,0,-1,inf,0,-1,0,0,-1,0,0,7600,182,0,3814,0,3604,1.747808993139489,4.076344253157213,False
occluding_cut_in,P1,15008,50,5.0,3.0,11.30374712546382,7.351436410970007,0.2084816638955532,0.0002060536343597253,999793946.3656402,17.109263734065532,17.10706766941568,19.430094201262467,11.331044181969368,1.8929331610133158,0,0,0,0,-1,inf,0,-1,0,0,-1,0,0,7600,229,0,3780,0,3591,1.747808993139489,4.076344253157213,False
occluding_cut_in,P2,15008,50,5.0,3.0,11.242095386263324,7.3487750725582055,0.21339878044954438,0.00020804090547800493,999791959.094522,17.096720715219114,17.092146062856212,19.42906718105352,11.331044181969368,1.9097912970261546,0,0,0,0,-1,inf,0,-1,0,0,-1,0,0,7600,276,0,3732,0,3592,1.747808993139489,4.076344253157213,False
occluding_cut_in,P3,15008,50,5.0,3.0,11.234115978422913,7.347532739074193,0.2132565692115898,0.00020827732696175155,999791722.6730384,17.09672071521911,17.09343247158598,19.431160541768985,11.331044181969368,1.9092338673411526,0,0,0,0,-1,inf,0,-1,0,0,-1,0,0,7600,216,0,3784,0,3600,1.747808993139489,4.076344253157213,False
occluding_cut_in,P4,15008,50,5.0,3.0,11.267888282720728,7.327224075401506,0.2107706627715266,0.00021432353040528026,999785676.4695947,17.087302883832308,17.087302883832308,19.431160541768985,11.331044181969368,1.912697116167692,0,0,0,0,-1,inf,0,-1,0,0,-1,0,0,7600,182,0,3814,0,3604,1.747808993139489,4.076344253157213,False
occluding_cut_in,P0,15009,50,5.0,3.0,11.267888282720728,7.327224075401506,0.2107706627715266,0.00021432353040528026,999785676.4695947,17.087302883832308,17.087302883832308,19.431160541768985,11.331044181969368,1.912697116167692,0,0,0,0,-1,inf,0,-1,0,0,-1,0,0,7600,182,0,3814,0,3604,1.8202191051472034,4.255274162271365,False
occluding_cut_in,P1,15009,50,5.0,3.0,11.30800178977677,7.346872248129354,0.20871911225034864,0.00020767788750188996,999792322.112498,17.087302883832308,17.084761037695827,19.430048105437574,11.331044181969368,1.9152843159252089,0,0,0,0,-1,inf,0,-1,0,0,-1,0,0,7600,264,0,3732,0,3604,1.8202191051472034,4.255274162271365,False
occluding_cut_in,P2,15009,50,5.0,3.0,11.277324979066798,7.331814707253029,0.21033295076224431,0.00021284964618616586,999787150.3538138,17.087302883832315,17.086798357056182,19.430048105437574,11.331044181969368,1.9132136360357044,0,0,0,0,-1,inf,0,-1,0,0,-1,0,0,7600,208,0,3788,0,3604,1.8202191051472034,4.255274162271365,False
occluding_cut_in,P3,15009,50,5.0,3.0,11.271959506513124,7.335881601140441,0.21027690254954082,0.00021045185835408037,999789548.1416459,17.087302883832308,17.087194917016916,19.431160541768985,11.331044181969368,1.9128245916561997,0,0,0,0,-1,inf,0,-1,0,0,-1,0,0,7600,182,0,3814,0,3604,1.8202191051472034,4.255274162271365,False
occluding_cut_in,P4,15009,50,5.0,3.0,11.267888282720728,7.327224075401506,0.2107706627715266,0.00021432353040528026,999785676.4695947,17.087302883832308,17.087302883832308,19.431160541768985,11.331044181969368,1.912697116167692,0,0,0,0,-1,inf,0,-1,0,0,-1,0,0,7600,182,0,3814,0,3604,1.8202191051472034,4.255274162271365,False
occluding_cut_in,P0,15010,50,5.0,3.0,11.267888282720728,7.327224075401506,0.2107706627715266,0.00021432353040528026,999785676.4695947,17.087302883832308,17.087302883832308,19.431160541768985,11.331044181969368,1.912697116167692,0,0,0,0,-1,inf,0,-1,0,0,-1,0,0,7600,182,0,3814,0,3604,1.841566720491328,4.27993590252107,False
occluding_cut_in,P1,15010,50,5.0,3.0,11.323796424738557,7.340551811305513,0.20790138614253995,0.00020853186552129718,999791468.1344788,17.121780353335424,17.116618173303245,19.430073758811165,11.331044181969368,1.883639107197916,0,0,0,0,-1,inf,0,-1,0,0,-1,0,0,7600,290,0,3728,0,3582,1.841566720491328,4.27993590252107,False
occluding_cut_in,P2,15010,50,5.0,3.0,11.286079728009017,7.344531283409557,0.20991135773334615,0.00020859818563513267,999791401.8143649,17.087302883832315,17.085899104253002,19.429105969747095,11.331044181969368,1.914111531967686,0,0,0,0,-1,inf,0,-1,0,0,-1,0,0,7600,247,0,3753,0,3600,1.841566720491328,4.27993590252107,False
occluding_cut_in,P3,15010,50,5.0,3.0,11.272727078473354,7.347277451802598,0.21016357905894723,0.00020785407926597087,999792145.920734,17.087302883832304,17.086958375649086,19.431160541768985,11.331044181969368,1.913149005085399,0,0,0,0,-1,inf,0,-1,0,0,-1,0,0,7600,191,0,3805,0,3604,1.841566720491328,4.27993590252107,False
occluding_cut_in,P4,15010,50,5.0,3.0,11.267888282720728,7.327224075401506,0.2107706627715266,0.00021432353040528026,999785676.4695947,17.087302883832308,17.087302883832308,19.431160541768985,11.331044181969368,1.912697116167692,0,0,0,0,-1,inf,0,-1,0,0,-1,0,0,7600,182,0,3814,0,3604,1.841566720491328,4.27993590252107,False
occluding_cut_in,P0,15011,50,5.0,3.0,11.267888282720728,7.327224075401506,0.2107706627715266,0.00021432353040528026,999785676.4695947,17.087302883832308,17.087302883832308,19.431160541768985,11.331044181969368,1.912697116167692,0,0,0,0,-1,inf,0,-1,0,0,-1,0,0,7600,182,0,3814,0,3604,1.9324673733405815,4.387028370198077,False
occluding_cut_in,P1,15011,50,5.0,3.0,11.329320433898081,7.332106253957798,0.20798887156564894,0.0002107913386870916,999789208.661313,17.12178035333542,17.116065878104273,19.428979746309775,11.331044181969368,1.8842458135346978,0,0,0,0,-1,inf,0,-1,0,0,-1,0,0,7600,307,0,3711,0,3582,1.9324673733405815,4.387028370198077,False
occluding_cut_in,P2,15011,50,5.0,3.0,11.237081283433438,7.347109052039309,0.21466150889918048,0.00020886447096597608,999791135.5290341,17.11453108664462,17.10789203763665,19.42795271742619,11.331044181969368,1.893914251183964,0,0,0,0,-1,inf,0,-1,0,0,-1,0,0,7600,315,0,3697,0,3588,1.9324673733405815,4.387028370198077,False
occluding_cut_in,P3,15011,50,5.0,3.0,11.225860703385898,7.306477124987944,0.21426607060065175,0.00021907488638274697,999780925.1136171,17.096720715219107,17.093275839460258,19.431160541768985,11.331044181969368,1.9098437800511956,0,0,0,0,-1,inf,0,-1,0,0,-1,0,0,7600,221,0,3779,0,3600,1.9324673733405815,4.387028370198077,False
occluding_cut_in,P4,15011,50,5.0,3.0,11.267888282720728,7.327224075401506,0.2107706627715266,0.00021432353040528026,999785676.4695947,17.087302883832308,17.087302883832308,19.431160541768985,11.331044181969368,1.912697116167692,0,0,0,0,-1,inf,0,-1,0,0,-1,0,0,7600,182,0,3814,0,3604,1.9324673733405815,4.387028370198077,False
occluding_cut_in,P0,15012,50,5.0,3.0,11.267888282720728,7.327224075401506,0.2107706627715266,0.00021432353040528026,999785676.4695947,17.087302883832308,17.087302883832308,19.431160541768985,11.331044181969368,1.912697116167692,0,0,0,0,-1,inf,0,-1,0,0,-1,0,0,7600,182,0,3814,0,3604,1.8752629389254718,4.233491208306433,False
occluding_cut_in,P1,15012,50,5.0,3.0,11.323245775203262,7.336103709242501,0.2080294794994496,0.00020972031113156248,999790279.6888683,17.12178035333542,17.11647470765533,19.431160541768985,11.331044181969368,1.8837141271706073,0,0,0,0,-1,inf,0,-1,0,0,-1,0,0,7600,281,0,3737,0,3582,1.8752629389254718,4.233491208306433,False
occluding_cut_in,P2,15012,50,5.0,3.0,11.234115978422913,7.347532739074193,0.2132565692115898,0.00020827732696175155,999791722.6730384,17.09672071521911,17.09343247158598,19.431160541768985,11.331044181969368,1.9092338673411526,0,0,0,0,-1,inf,0,-1,0,0,-1,0,0,7600,216,0,3784,0,3600,1.8752629389254718,4.233491208306433,False
occluding_cut_in,P3,15012,50,5.0,3.0,11.225860703385898,7.306477124987944,0.21426607060065175,0.00021907488638274697,999780925.1136171,17.096720715219107,17.093275839460258,19.431160541768985,11.331044181969368,1.9098437800511956,0,0,0,0,-1,inf,0,-1,0,0,-1,0,0,7600,221,0,3779,0,3600,1.8752629389254718,4.233491208306433,False
occluding_cut_in,P4,15012,50,5.0,3.0,11.267888282720728,7.327224075401506,0.2107706627715266,0.00021432353040528026,999785676.4695947,17.087302883832308,17.087302883832308,19.431160541768985,11.331044181969368,1.912697116167692,0,0,0,0,-1,inf,0,-1,0,0,-1,0,0,7600,182,0,3814,0,3604,1.8752629389254718,4.233491208306433,False
occluding_cut_in,P0,15013,50,5.0,3.0,11.267888282720728,7.327224075401506,0.2107706627715266,0.00021432353040528026,999785676.4695947,17.087302883832308,17.087302883832308,19.431160541768985,11.331044181969368,1.912697116167692,0,0,0,0,-1,inf,0,-1,0,0,-1,0,0,7600,182,0,3814,0,3604,1.8886144181933056,4.385670153201461,False
occluding_cut_in,P1,15013,50,5.0,3.0,11.323221865888478,7.336492199135528,0.2080234515618103,0.00020961554147513526,999790384.4585248,17.12178035333542,17.11648585854022,19.431160541768985,11.331044181969368,1.8837081838576055,0,0,0,0,-1,inf,0,-1,0,0,-1,0,0,7600,282,0,3736,0,3582,1.8886144181933056,4.385670153201461,False
occluding_cut_in,P2,15013,50,5.0,3.0,11.237443136743446,7.348496364291064,0.21337678219934827,0.0002080716804135019,999791928.3195865,17.096720715219117,17.092725783096938,19.430048105437574,11.331044181969368,1.9095945638237422,0,0,0,0,-1,inf,0,-1,0,0,-1,0,0,7600,242,0,3758,0,3600,1.8886144181933056,4.385670153201461,False
occluding_cut_in,P3,15013,50,5.0,3.0,11.234115978422913,7.347532739074193,0.2132565692115898,0.00020827732696175155,999791722.6730384,17.09672071521911,17.09343247158598,19.431160541768985,11.331044181969368,1.9092338673411526,0,0,0,0,-1,inf,0,-1,0,0,-1,0,0,7600,216,0,3784,0,3600,1.8886144181933056,4.385670153201461,False
occluding_cut_in,P4,15013,50,5.0,3.0,11.267888282720728,7.327224075401506,0.2107706627715266,0.00021432353040528026,999785676.4695947,17.087302883832308,17.087302883832308,19.431160541768985,11.331044181969368,1.912697116167692,0,0,0,0,-1,inf,0,-1,0,0,-1,0,0,7600,182,0,3814,0,3604,1.8886144181933056,4.385670153201461,False
occluding_cut_in,P0,15014,50,5.0,3.0,11.267888282720728,7.327224075401506,0.2107706627715266,0.00021432353040528026,999785676.4695947,17.087302883832308,17.087302883832308,19.431160541768985,11.331044181969368,1.912697116167692,0,0,0,0,-1,inf,0,-1,0,0,-1,0,0,7600,182,0,3814,0,3604,1.7619648705144448,4.103057296883112,False
occluding_cut_in,P1,15014,50,5.0,3.0,11.312940923933725,7.351209970811721,0.20821294100049745,0.0002059015937840497,999794098.4062161,17.10926373406553,17.106377819944512,19.431160541768985,11.331044181969368,1.893627307145357,0,0,0,0,-1,inf,0,-1,0,0,-1,0,0,7600,248,0,3761,0,3591,1.7619648705144448,4.103057296883112,False
occluding_cut_in,P2,15014,50,5.0,3.0,11.234115978422913,7.347532739074193,0.2132565692115898,0.00020827732696175155,999791722.6730384,17.09672071521911,17.09343247158598,19.431160541768985,11.331044181969368,1.9092338673411526,0,0,0,0,-1,inf,0,-1,0,0,-1,0,0,7600,216,0,3784,0,3600,1.7619648705144448,4.103057296883112,False
occluding_cut_in,P3,15014,50,5.0,3.0,11.234073069656134,7.347335823045719,0.2132618538943181,0.00020833406800779844,999791665.9319923,17.095747563781476,17.092459334514142,19.431160541768985,11.331044181969368,1.910205886567364,0,0,0,0,-1,inf,0,-1,0,0,-1,0,0,7600,216,0,3777,0,3607,1.7619648705144448,4.103057296883112,False
occluding_cut_in,P4,15014,50,5.0,3.0,11.267888282720728,7.327224075401506,0.2107706627715266,0.00021432353040528026,999785676.4695947,17.087302883832308,17.087302883832308,19.431160541768985,11.331044181969368,1.912697116167692,0,0,0,0,-1,inf,0,-1,0,0,-1,0,0,7600,182,0,3814,0,3604,1.7619648705144448,4.103057296883112,False
occluding_cut_in,P0,15015,50,5.0,3.0,11.267888282720728,7.327224075401506,0.2107706627715266,0.00021432353040528026,999785676.4695947,17.087302883832308,17.087302883832308,19.431160541768985,11.331044181969368,1.912697116167692,0,0,0,0,-1,inf,0,-1,0,0,-1,0,0,7600,182,0,3814,0,3604,1.9582336797398259,4.46758514076677,False
occluding_cut_in,P1,15015,50,5.0,3.0,11.294827747378518,7.3381468969637,0.20960413055526295,0.00021080039267392807,999789199.6073259,17.0873028838323,17.085889491422154,19.42795271742619,11.331044181969368,1.9142331884842547,0,0,0,0,-1,inf,0,-1,0,0,-1,0,0,7600,269,0,3735,0,3596,1.9582336797398259,4.46758514076677,False
occluding_cut_in,P2,15015,50,5.0,3.0,11.294827747378518,7.3381468969637,0.20960413055526295,0.00021080039267392807,999789199.6073259,17.0873028838323,17.085889491422154,19.42795271742619,11.331044181969368,1.9142331884842547,0,0,0,0,-1,inf,0,-1,0,0,-1,0,0,7600,269,0,3735,0,3596,1.9582336797398259,4.46758514076677,False
occluding_cut_in,P3,15015,50,5.0,3.0,11.27959823775745,7.3462779110606355,0.2100196495923135,0.00020811949895195854,999791880.501048,17.087302883832304,17.08643884012282,19.430094201262467,11.331044181969368,1.9136055059923018,0,0,0,0,-1,inf,0,-1,0,0,-1,0,0,7600,216,0,3780,0,3604,1.9582336797398259,4.46758514076677,False
occluding_cut_in,P4,15015,50,5.0,3.0,11.267888282720728,7.327224075401506,0.2107706627715266,0.00021432353040528026,999785676.4695947,17.087302883832308,17.087302883832308,19.431160541768985,11.331044181969368,1.912697116167692,0,0,0,0,-1,inf,0,-1,0,0,-1,0,0,7600,182,0,3814,0,3604,1.9582336797398259,4.46758514076677,False
occluding_cut_in,P0,15016,50,5.0,3.0,11.267888282720728,7.327224075401506,0.2107706627715266,0.00021432353040528026,999785676.4695947,17.087302883832308,17.087302883832308,19.431160541768985,11.331044181969368,1.912697116167692,0,0,0,0,-1,inf,0,-1,0,0,-1,0,0,7600,182,0,3814,0,3604,1.87513399886103,4.2551322381243075,False
occluding_cut_in,P1,15016,50,5.0,3.0,11.215314815311201,7.3562125437276515,0.2142774355330835,0.00020576808737174726,999794231.9126282,17.143537204129025,17.132519779316038,19.431160541768985,11.331044181969368,1.869272256776083,0,0,0,0,-1,inf,0,-1,0,0,-1,0,0,7600,369,0,3650,0,3581,1.87513399886103,4.2551322381243075,False
occluding_cut_in,P2,15016,50,5.0,3.0,11.234115978422913,7.347532739074193,0.2132565692115898,0.00020827732696175155,999791722.6730384,17.09672071521911,17.09343247158598,19.431160541768985,11.331044181969368,1.9092338673411526,0,0,0,0,-1,inf,0,-1,0,0,-1,0,0,7600,216,0,3784,0,3600,1.87513399886103,4.2551322381243075,False
occluding_cut_in,P3,15016,50,5.0,3.0,11.234115978422913,7.347532739074193,0.2132565692115898,0.00020827732696175155,999791722.6730384,17.09672071521911,17.09343247158598,19.431160541768985,11.331044181969368,1.9092338673411526,0,0,0,0,-1,inf,0,-1,0,0,-1,0,0,7600,216,0,3784,0,3600,1.87513399886103,4.2551322381243075,False
occluding_cut_in,P4,15016,50,5.0,3.0,11.267888282720728,7.327224075401506,0.2107706627715266,0.00021432353040528026,999785676.4695947,17.087302883832308,17.087302883832308,19.431160541768985,11.331044181969368,1.912697116167692,0,0,0,0,-1,inf,0,-1,0,0,-1,0,0,7600,182,0,3814,0,3604,1.87513399886103,4.2551322381243075,False
occluding_cut_in,P0,15017,50,5.0,3.0,11.267888282720728,7.327224075401506,0.2107706627715266,0.00021432353040528026,999785676.4695947,17.087302883832308,17.087302883832308,19.431160541768985,11.331044181969368,1.912697116167692,0,0,0,0,-1,inf,0,-1,0,0,-1,0,0,7600,182,0,3814,0,3604,1.8516435953845685,4.255737904041797,False
occluding_cut_in,P1,15017,50,5.0,3.0,11.317783592570613,7.340924320324938,0.20800412073676305,0.00020844263878270098,999791557.3612175,17.121780353335406,17.116962367430588,19.431160541768985,11.331044181969368,1.88314773956537,0,0,0,0,-1,inf,0,-1,0,0,-1,0,0,7600,257,0,3763,0,3580,1.8516435953845685,4.255737904041797,False
occluding_cut_in,P2,15017,50,5.0,3.0,11.309863290282232,7.352787589935944,0.20799125701341545,0.00020553158235295848,999794468.4176469,17.121780353335403,17.117893544408044,19.43013353196599,11.331044181969368,1.8823350330169113,0,0,0,0,-1,inf,0,-1,0,0,-1,0,0,7600,259,0,3764,0,3577,1.8516435953845685,4.255737904041797,False
occluding_cut_in,P3,15017,50,5.0,3.0,11.271959506513124,7.335881601140441,0.21027690254954082,0.00021045185835408037,999789548.1416459,17.087302883832308,17.087194917016916,19.431160541768985,11.331044181969368,1.9128245916561997,0,0,0,0,-1,inf,0,-1,0,0,-1,0,0,7600,182,0,3814,0,3604,1.8516435953845685,4.255737904041797,False
occluding_cut_in,P4,15017,50,5.0,3.0,11.267888282720728,7.327224075401506,0.2107706627715266,0.00021432353040528026,999785676.4695947,17.087302883832308,17.087302883832308,19.431160541768985,11.331044181969368,1.912697116167692,0,0,0,0,-1,inf,0,-1,0,0,-1,0,0,7600,182,0,3814,0,3604,1.8516435953845685,4.255737904041797,False
occluding_cut_in,P0,15018,50,5.0,3.0,11.267888282720728,7.327224075401506,0.2107706627715266,0.00021432353040528026,999785676.4695947,17.087302883832308,17.087302883832308,19.431160541768985,11.331044181969368,1.912697116167692,0,0,0,0,-1,inf,0,-1,0,0,-1,0,0,7600,182,0,3814,0,3604,1.877675754500745,4.28056704722803,False
occluding_cut_in,P1,15018,50,5.0,3.0,11.322943974651087,7.33403554722125,0.20809220417928995,0.0002102807855881643,999789719.214412,17.1217803533354,17.116418816813685,19.431160541768985,11.331044181969368,1.8837443416425894,0,0,0,0,-1,inf,0,-1,0,0,-1,0,0,7600,275,0,3745,0,3580,1.877675754500745,4.28056704722803,False
occluding_cut_in,P2,15018,50,5.0,3.0,11.311378602159753,7.349014587157961,0.2079716628434389,0.00020637574603807674,999793624.2539618,17.121780353335414,17.117622715201758,19.431160541768985,11.331044181969368,1.8824849619202388,0,0,0,0,-1,inf,0,-1,0,0,-1,0,0,7600,237,0,3784,0,3579,1.877675754500745,4.28056704722803,False
occluding_cut_in,P3,15018,50,5.0,3.0,11.271959506513124,7.335881601140441,0.21027690254954082,0.00021045185835408037,999789548.1416459,17.087302883832308,17.087194917016916,19.431160541768985,11.331044181969368,1.9128245916561997,0,0,0,0,-1,inf,0,-1,0,0,-1,0,0,7600,182,0,3814,0,3604,1.877675754500745,4.28056704722803,False
occluding_cut_in,P4,15018,50,5.0,3.0,11.267888282720728,7.327224075401506,0.2107706627715266,0.00021432353040528026,999785676.4695947,17.087302883832308,17.087302883832308,19.431160541768985,11.331044181969368,1.912697116167692,0,0,0,0,-1,inf,0,-1,0,0,-1,0,0,7600,182,0,3814,0,3604,1.877675754500745,4.28056704722803,False
occluding_cut_in,P0,15019,50,5.0,3.0,11.267888282720728,7.327224075401506,0.2107706627715266,0.00021432353040528026,999785676.4695947,17.087302883832308,17.087302883832308,19.431160541768985,11.331044181969368,1.912697116167692,0,0,0,0,-1,inf,0,-1,0,0,-1,0,0,7600,182,0,3814,0,3604,1.881506844231492,4.269814646692088,False
occluding_cut_in,P1,15019,50,5.0,3.0,11.331835967133403,7.3149064797177,0.20845588473934676,0.00021557699030110445,999784423.009699,17.121780353335417,17.11535503612542,19.43016726865015,15.062367217268713,1.8849336652263151,0,0,0,0,-1,inf,0,-1,0,0,-1,0,0,7600,322,0,3700,0,3578,1.881506844231492,4.269814646692088,False
occluding_cut_in,P2,15019,50,5.0,3.0,11.29041419912351,7.342145767198837,0.20946651499948335,0.00020942562468207745,999790574.3753178,17.08730288383231,17.085952953616665,19.431160541768985,11.331044181969368,1.9140530995723863,0,0,0,0,-1,inf,0,-1,0,0,-1,0,0,7600,221,0,3775,0,3604,1.881506844231492,4.269814646692088,False
occluding_cut_in,P3,15019,50,5.0,3.0,11.225860703385898,7.306477124987944,0.21426607060065175,0.00021907488638274697,999780925.1136171,17.096720715219107,17.093275839460258,19.431160541768985,11.331044181969368,1.9098437800511956,0,0,0,0,-1,inf,0,-1,0,0,-1,0,0,7600,221,0,3779,0,3600,1.881506844231492,4.269814646692088,False
occluding_cut_in,P4,15019,50,5.0,3.0,11.267888282720728,7.327224075401506,0.2107706627715266,0.00021432353040528026,999785676.4695947,17.087302883832308,17.087302883832308,19.431160541768985,11.331044181969368,1.912697116167692,0,0,0,0,-1,inf,0,-1,0,0,-1,0,0,7600,182,0,3814,0,3604,1.881506844231492,4.269814646692088,False
