scenario,planner,seed,steps,duration_s,planning_safety_margin_m,mean_snr_db,min_snr_db,mean_outage_probability,mean_ber_model,mean_goodput_bps_model,path_length_m,progress_m,min_target_distance_m,min_realized_ttc_s,min_static_obstacle_clearance_m,static_clearance_violation_steps,static_clearance_violation_indicator,collision_indicator,collision_steps,first_collision_step,first_collision_time_s,no_candidate_steps,first_no_candidate_step,margin_relaxation_steps,margin_relaxation_indicator,first_margin_relaxation_step,zero_candidate_after_static_steps,zero_candidate_after_dynamic_steps,candidate_evaluations,candidate_road_rejections,candidate_speed_rejections,candidate_static_rejections,candidate_dynamic_rejections,candidate_feasible,prediction_ade_m,prediction_fde_m,measured_optical_link
following_lateral_offset,P0,18000,40,4.0,1.0,15.974772407135145,4.451098190770395,0.08869354283895206,0.001104315713102804,998895684.2868973,36.71666666666667,36.71666666666667,3.56935257123442,1.0984839737626828,inf,0,0,0,0,-1,inf,0,-1,0,0,-1,0,0,6080,0,0,0,2863,3217,1.7187924260751664,3.937371055251462,False
following_lateral_offset,P1,18000,40,4.0,1.0,15.974772407135145,4.451098190770395,0.08869354283895206,0.001104315713102804,998895684.2868973,36.71666666666667,36.71666666666667,3.56935257123442,1.0984839737626828,inf,0,0,0,0,-1,inf,0,-1,0,0,-1,0,0,6080,0,0,0,2863,3217,1.7187924260751664,3.937371055251462,False
following_lateral_offset,P2,18000,40,4.0,1.0,16.51283836748987,7.408531821113407,0.052101418518571876,6.327636895766356e-05,999936723.6310422,36.576666666666675,36.575301778251124,3.6745692571562785,1.0544781232985452,inf,0,0,0,0,-1,inf,0,-1,0,0,-1,0,0,6080,80,0,0,2766,3234,1.7187924260751664,3.937371055251462,False
following_lateral_offset,P3,18000,40,4.0,1.0,16.51283836748987,7.408531821113407,0.052101418518571876,6.327636895766356e-05,999936723.6310422,36.576666666666675,36.575301778251124,3.6745692571562785,1.0544781232985452,inf,0,0,0,0,-1,inf,0,-1,0,0,-1,0,0,6080,80,0,0,2766,3234,1.7187924260751664,3.937371055251462,False
following_lateral_offset,P4,18000,40,4.0,1.0,18.427775970498892,11.789575626036388,0.011688906131152116,3.470552067045232e-09,999999996.5294479,36.27666666666668,36.26586201483363,3.902683657649251,1.2253476198342808,inf,0,0,0,0,-1,inf,0,-1,0,0,-1,0,0,6080,951,0,0,2169,2960,1.7187924260751664,3.937371055251462,False
following_lateral_offset,P0,18001,40,4.0,1.0,16.402777653175036,5.480516601412205,0.05797918330803129,0.00041315310716903263,999586846.8928311,36.620000000000005,36.620000000000005,3.6584696254034923,0.917431791334192,inf,0,0,0,0,-1,inf,0,-1,0,0,-1,0,0,6080,0,0,0,2775,3305,1.7950080648050257,3.9719190337957833,False
following_lateral_offset,P1,18001,40,4.0,1.0,16.402777653175036,5.480516601412205,0.05797918330803129,0.00041315310716903263,999586846.8928311,36.620000000000005,36.620000000000005,3.6584696254034923,0.917431791334192,inf,0,0,0,0,-1,inf,0,-1,0,0,-1,0,0,6080,0,0,0,2775,3305,1.7950080648050257,3.9719190337957833,False
following_lateral_offset,P2,18001,40,4.0,1.0,16.513184628876623,6.161202008946528,0.046448318656125996,0.0002026936988235366,999797306.3011764,36.62,36.6194992865906,3.6480873344722733,0.904122737403891,inf,0,0,0,0,-1,inf,0,-1,0,0,-1,0,0,6080,23,0,0,2772,3285,1.7950080648050257,3.9719190337957833,False
following_lateral_offset,P3,18001,40,4.0,1.0,16.513184628876623,6.161202008946528,0.046448318656125996,0.0002026936988235366,999797306.3011764,36.62,36.6194992865906,3.6480873344722733,0.904122737403891,inf,0,0,0,0,-1,inf,0,-1,0,0,-1,0,0,6080,23,0,0,2772,3285,1.7950080648050257,3.9719190337957833,False
following_lateral_offset,P4,18001,40,4.0,1.0,16.402777653175036,5.480516601412205,0.05797918330803129,0.00041315310716903263,999586846.8928311,36.620000000000005,36.620000000000005,3.6584696254034923,0.917431791334192,inf,0,0,0,0,-1,inf,0,-1,0,0,-1,0,0,6080,0,0,0,2775,3305,1.7950080648050257,3.9719190337957833,False
following_lateral_offset,P0,18002,40,4.0,1.0,16.336606979451634,6.267739547298181,0.06191279875184006,0.00022134934093927646,999778650.6590607,36.540000000000006,36.540000000000006,3.732505860678581,1.2127360920125876,inf,0,0,0,0,-1,inf,0,-1,0,0,-1,0,0,6080,0,0,0,2860,3220,1.5633013085080756,3.657517112430628,False
following_lateral_offset,P1,18002,40,4.0,1.0,16.372099072110224,6.73221126601273,0.058178620505856225,0.00013689215204592316,999863107.8479542,36.49,36.49,3.778901956918171,1.2577551122469366,inf,0,0,0,0,-1,inf,0,-1,0,0,-1,0,0,6080,0,0,0,2860,3220,1.5633013085080756,3.657517112430628,False
following_lateral_offset,P2,18002,40,4.0,1.0,17.973394900359743,16.09000671112419,0.007658190890812558,4.924682460145311e-20,1000000000.0,36.073333333333345,36.06852290415893,4.0971835480579415,1.3274111611159327,inf,0,0,0,0,-1,inf,0,-1,0,0,-1,0,0,6080,245,0,0,2593,3242,1.5633013085080756,3.657517112430628,False
following_lateral_offset,P3,18002,40,4.0,1.0,16.937329734677206,9.282643519557684,0.030062911487497672,2.8089754805968077e-06,999997191.0245193,36.360000000000014,36.35862477123205,3.8777670313228296,1.2872587606839396,inf,0,0,0,0,-1,inf,0,-1,0,0,-1,0,0,6080,77,0,0,2780,3223,1.5633013085080756,3.657517112430628,False
following_lateral_offset,P4,18002,40,4.0,1.0,19.236074564671462,16.09000671112419,0.006354109387602856,4.9246824502861755e-20,1000000000.0,35.920000000000016,35.8913244440804,4.185286865727476,1.3274111611159327,inf,0,0,0,0,-1,inf,0,-1,0,0,-1,0,0,6080,624,0,0,2308,3148,1.5633013085080756,3.657517112430628,False
following_lateral_offset,P0,18003,40,4.0,1.0,16.377752906717184,7.349191934186749,0.05444332953551887,7.05331017007511e-05,999929466.8982995,36.42,36.42,3.844008324652795,1.3158571571457116,inf,0,0,0,0,-1,inf,0,-1,0,0,-1,0,0,6080,0,0,0,2786,3294,1.6394513936587685,3.82054074762055,False
following_lateral_offset,P1,18003,40,4.0,1.0,16.377752906717184,7.349191934186749,0.05444332953551887,7.05331017007511e-05,999929466.8982995,36.42,36.42,3.844008324652795,1.3158571571457116,inf,0,0,0,0,-1,inf,0,-1,0,0,-1,0,0,6080,0,0,0,2786,3294,1.6394513936587685,3.82054074762055,False
following_lateral_offset,P2,18003,40,4.0,1.0,18.409158904567594,16.137508032910766,0.006388435008896684,2.0768705711163603e-20,1000000000.0,35.89333333333334,35.88673964514398,4.254631261864225,1.495940741589686,inf,0,0,0,0,-1,inf,0,-1,0,0,-1,0,0,6080,321,0,0,2412,3347,1.6394513936587685,3.82054074762055,False
following_lateral_offset,P3,18003,40,4.0,1.0,16.55976954264336,8.501719551442104,0.041483350849074674,1.19125606991741e-05,999988087.4393009,36.47,36.46952090996333,3.790502951361388,1.2721365250828844,inf,0,0,0,0,-1,inf,0,-1,0,0,-1,0,0,6080,23,0,0,2764,3293,1.6394513936587685,3.82054074762055,False
following_lateral_offset,P4,18003,40,4.0,1.0,16.126381549827254,4.816411086725335,0.07469808508910894,0.0007868571604561338,999213142.8395439,36.62666666666668,36.62620761573589,3.6583318319065823,1.0809628727147902,inf,0,0,0,0,-1,inf,0,-1,0,0,-1,0,0,6080,27,0,0,2783,3270,1.6394513936587685,3.82054074762055,False
following_lateral_offset,P0,18004,40,4.0,1.0,16.00738306675401,3.368042521476415,0.08798236469963668,0.0018960775906456278,998103922.4093544,36.81000000000001,36.81000000000001,3.4836905717930717,0.927218060153379,inf,0,0,0,0,-1,inf,0,-1,0,0,-1,0,0,6080,0,0,0,2898,3182,1.6302262383253179,3.749241349543735,False
following_lateral_offset,P1,18004,40,4.0,1.0,16.00738306675401,3.368042521476415,0.08798236469963668,0.0018960775906456278,998103922.4093544,36.81000000000001,36.81000000000001,3.4836905717930717,0.927218060153379,inf,0,0,0,0,-1,inf,0,-1,0,0,-1,0,0,6080,0,0,0,2898,3182,1.6302262383253179,3.749241349543735,False
following_lateral_offset,P2,18004,40,4.0,1.0,18.945978131680395,16.137508032910766,0.0055663477657261744,2.068512327233764e-20,1000000000.0,36.06666666666668,36.05529609491326,4.06165897674009,1.4793730605977746,inf,0,0,0,0,-1,inf,0,-1,0,0,-1,0,0,6080,467,0,0,2414,3199,1.6302262383253179,3.749241349543735,False
following_lateral_offset,P3,18004,40,4.0,1.0,16.023765390197575,3.4885420489303627,0.08687212362878773,0.0017726989682675756,998227301.0317323,36.80000000000001,36.80000000000001,3.4928498393145855,0.9324812180481147,inf,0,0,0,0,-1,inf,0,-1,0,0,-1,0,0,6080,0,0,0,2896,3184,1.6302262383253179,3.749241349543735,False
following_lateral_offset,P4,18004,40,4.0,1.0,17.47478362757922,11.471497968114058,0.01605866047538943,1.025453958684318e-08,999999989.7454605,36.33666666666668,36.33397786377367,3.8744993201200066,1.165707465964891,inf,0,0,0,0,-1,inf,0,-1,0,0,-1,0,0,6080,146,0,0,2707,3227,1.6302262383253179,3.749241349543735,False
following_lateral_offset,P0,18005,40,4.0,1.0,7.402857989378345,-24.547584725243503,0.38157907363046595,0.11278551426636878,887214485.7336314,36.892,36.878842151310884,3.849614494465372,1.271432128871913,inf,0,0,0,0,-1,inf,0,-1,0,0,-1,0,0,6080,1571,0,0,1706,2803,1.8715484522323007,4.205238039903442,False
following_lateral_offset,P1,18005,40,4.0,1.0,7.402857989378345,-24.547584725243503,0.38157907363046595,0.11278551426636878,887214485.7336314,36.892,36.878842151310884,3.849614494465372,1.271432128871913,inf,0,0,0,0,-1,inf,0,-1,0,0,-1,0,0,6080,1571,0,0,1706,2803,1.8715484522323007,4.205238039903442,False
following_lateral_offset,P2,18005,40,4.0,1.0,7.402857989378345,-24.547584725243503,0.38157907363046595,0.11278551426636878,887214485.7336314,36.892,36.878842151310884,3.849614494465372,1.271432128871913,inf,0,0,0,0,-1,inf,0,-1,0,0,-1,0,0,6080,1571,0,0,1706,2803,1.8715484522323007,4.205238039903442,False
following_lateral_offset,P3,18005,40,4.0,1.0,7.402857989378345,-24.547584725243503,0.38157907363046595,0.11278551426636878,887214485.7336314,36.892,36.878842151310884,3.849614494465372,1.271432128871913,inf,0,0,0,0,-1,inf,0,-1,0,0,-1,0,0,6080,1571,0,0,1706,2803,1.8715484522323007,4.205238039903442,False
following_lateral_offset,P4,18005,40,4.0,1.0,20.9026933143035,16.001791007316,0.004124938571120311,7.636400952429443e-20,1000000000.0,35.440000000000005,35.42450316231514,4.59018815125183,1.683422858055126,inf,0,0,0,0,-1,inf,0,-1,0,0,-1,0,0,6080,1755,0,0,1531,2794,1.8715484522323007,4.205238039903442,False
following_lateral_offset,P0,18006,40,4.0,1.0,15.993020856643364,3.1237036959651263,0.08660717255768283,0.002060197085343029,997939802.914657,36.83,36.83,3.465385981387933,0.9708571571457171,inf,0,0,0,0,-1,inf,0,-1,0,0,-1,0,0,6080,0,0,0,2951,3129,1.7441667739184243,3.943109176937367,False
following_lateral_offset,P1,18006,40,4.0,1.0,15.993020856643364,3.1237036959651263,0.08660717255768283,0.002060197085343029,997939802.914657,36.83,36.83,3.465385981387933,0.9708571571457171,inf,0,0,0,0,-1,inf,0,-1,0,0,-1,0,0,6080,0,0,0,2951,3129,1.7441667739184243,3.943109176937367,False
following_lateral_offset,P2,18006,40,4.0,1.0,17.34460708997642,11.496775282759444,0.013671933400649039,9.265966945509673e-09,999999990.734033,36.532,36.5286072240923,3.670321593486444,1.190731530351179,inf,0,0,0,0,-1,inf,0,-1,0,0,-1,0,0,6080,189,0,0,2708,3183,1.7441667739184243,3.943109176937367,False
following_lateral_offset,P3,18006,40,4.0,1.0,16.955065543585775,9.394158192780399,0.022365542958360907,2.086642097508455e-06,999997913.3579025,36.66666666666666,36.66390285894149,3.5583524289061894,1.0604908680628715,inf,0,0,0,0,-1,inf,0,-1,0,0,-1,0,0,6080,142,0,0,2770,3168,1.7441667739184243,3.943109176937367,False
following_lateral_offset,P4,18006,40,4.0,1.0,15.993020856643364,3.1237036959651263,0.08660717255768283,0.002060197085343029,997939802.914657,36.83,36.83,3.465385981387933,0.9708571571457171,inf,0,0,0,0,-1,inf,0,-1,0,0,-1,0,0,6080,0,0,0,2951,3129,1.7441667739184243,3.943109176937367,False
following_lateral_offset,P0,18007,40,4.0,1.0,16.250683556183503,5.979059656048165,0.06546461180565738,0.0002904918209192922,999709508.1790807,36.57000000000001,36.57000000000001,3.7047132142717807,1.1061958362780095,inf,0,0,0,0,-1,inf,0,-1,0,0,-1,0,0,6080,0,0,0,2726,3354,1.7963349386421847,4.00328893613902,False
following_lateral_offset,P1,18007,40,4.0,1.0,16.339051499282654,6.640944184350346,0.05772037094909752,0.00014632674290892877,999853673.2570912,36.50000000000001,36.50000000000001,3.769615364994146,1.1239047714304793,inf,0,0,0,0,-1,inf,0,-1,0,0,-1,0,0,6080,0,0,0,2698,3382,1.7963349386421847,4.00328893613902,False
following_lateral_offset,P2,18007,40,4.0,1.0,17.12920896410161,13.583936767522056,0.014302302779241372,1.6275953941664954e-12,999999999.9983724,36.49999999999999,36.49647825558531,3.7179473599736808,1.0690751826275637,inf,0,0,0,0,-1,inf,0,-1,0,0,-1,0,0,6080,143,0,0,2573,3364,1.7963349386421847,4.00328893613902,False
following_lateral_offset,P3,18007,40,4.0,1.0,16.519507441370642,7.055898424982516,0.04904580207460351,8.870160815232554e-05,999911298.3918478,36.570000000000014,36.56905112655123,3.6875767727504147,1.0690751826275637,inf,0,0,0,0,-1,inf,0,-1,0,0,-1,0,0,6080,49,0,0,2677,3354,1.7963349386421847,4.00328893613902,False
following_lateral_offset,P4,18007,40,4.0,1.0,17.01236925978164,13.583936767522056,0.015813311442539925,2.923091721759879e-12,999999999.997077,36.505,36.502807137859456,3.720287043035952,1.0690751826275637,inf,0,0,0,0,-1,inf,0,-1,0,0,-1,0,0,6080,116,0,0,2599,3365,1.7963349386421847,4.00328893613902,False
following_lateral_offset,P0,18008,40,4.0,1.0,16.39648887597562,7.434297105083253,0.052566028858615686,5.877296162088112e-05,999941227.0383791,36.41000000000001,36.41000000000001,3.853323241047904,1.311746042330156,inf,0,0,0,0,-1,inf,0,-1,0,0,-1,0,0,6080,0,0,0,2797,3283,1.70513806995512,3.8889282049975096,False
following_lateral_offset,P1,18008,40,4.0,1.0,16.39648887597562,7.434297105083253,0.052566028858615686,5.877296162088112e-05,999941227.0383791,36.41000000000001,36.41000000000001,3.853323241047904,1.311746042330156,inf,0,0,0,0,-1,inf,0,-1,0,0,-1,0,0,6080,0,0,0,2797,3283,1.70513806995512,3.8889282049975096,False
following_lateral_offset,P2,18008,40,4.0,1.0,16.745814751038736,8.99139216398082,0.03412200091980992,4.9995211368359315e-06,999995000.4788631,36.36,36.35901235810768,3.8830494064373915,1.2733140265652962,inf,0,0,0,0,-1,inf,0,-1,0,0,-1,0,0,6080,47,0,0,2745,3288,1.70513806995512,3.8889282049975096,False
following_lateral_offset,P3,18008,40,4.0,1.0,16.42133648249261,7.349191934186688,0.05221952122721245,6.560858995943619e-05,999934391.4100406,36.42000000000001,36.42000000000001,3.8440083246527883,1.330264560848673,inf,0,0,0,0,-1,inf,0,-1,0,0,-1,0,0,6080,0,0,0,2791,3289,1.70513806995512,3.8889282049975096,False
following_lateral_offset,P4,18008,40,4.0,1.0,20.730970842403377,16.001791007316,0.0042409649544671805,7.638494802658933e-20,1000000000.0,35.30666666666666,35.29122982448193,4.723359367307938,1.8745102116140424,inf,0,0,0,0,-1,inf,0,-1,0,0,-1,0,0,6080,1730,0,0,1543,2807,1.70513806995512,3.8889282049975096,False
following_lateral_offset,P0,18009,40,4.0,1.0,6.772773596827524,-28.73083026895683,0.38680934518050264,0.11654373462651428,883456265.3734856,37.079333333333345,37.06651303629897,3.687423566393411,1.239458894886254,inf,0,0,0,0,-1,inf,0,-1,0,0,-1,0,0,6080,1554,0,0,1729,2797,1.7661287016394014,4.037521148308119,False
following_lateral_offset,P1,18009,40,4.0,1.0,16.342154198451592,5.793415148329736,0.057913100910972105,0.00031106732580576913,999688932.6741941,36.529999999999994,36.52954102459005,3.7476206329241593,0.9981903276490363,inf,0,0,0,0,-1,inf,0,-1,0,0,-1,0,0,6080,27,0,0,2681,3372,1.7661287016394014,4.037521148308119,False
following_lateral_offset,P2,18009,40,4.0,1.0,17.441532110433336,15.408335418738002,0.01026954384833744,1.7340898256258452e-17,1000000000.0,36.45333333333333,36.449607263448385,3.7479337634977723,1.115332375169974,inf,0,0,0,0,-1,inf,0,-1,0,0,-1,0,0,6080,215,0,0,2520,3345,1.7661287016394014,4.037521148308119,False
following_lateral_offset,P3,18009,40,4.0,1.0,20.63711874398962,16.001791007316,0.004391197307851831,7.697400243058143e-20,1000000000.0,35.259999999999984,35.244584156240315,4.769971432810747,1.7080513294200765,inf,0,0,0,0,-1,inf,0,-1,0,0,-1,0,0,6080,1727,0,0,1478,2875,1.7661287016394014,4.037521148308119,False
following_lateral_offset,P4,18009,40,4.0,1.0,17.59707596713547,15.408335418738002,0.009374041200302273,1.0376470404847043e-17,1000000000.0,36.33833333333333,36.333501174401974,3.852800746983802,1.243235377397646,inf,0,0,0,0,-1,inf,0,-1,0,0,-1,0,0,6080,240,0,0,2468,3372,1.7661287016394014,4.037521148308119,False
following_lateral_offset,P0,18010,40,4.0,1.0,7.55973114606486,-25.851140050943105,0.37751900425617196,0.11288178779179411,887118212.2082058,36.65999999999999,36.64612300270659,4.066563080226197,2.800270993742334,inf,0,0,0,0,-1,inf,0,-1,0,0,-1,0,0,6080,1628,0,0,1622,2830,1.6929589479885316,3.886272232120418,False
following_lateral_offset,P1,18010,40,4.0,1.0,7.55973114606486,-25.851140050943105,0.37751900425617196,0.11288178779179411,887118212.2082058,36.65999999999999,36.64612300270659,4.066563080226197,2.800270993742334,inf,0,0,0,0,-1,inf,0,-1,0,0,-1,0,0,6080,1628,0,0,1622,2830,1.6929589479885316,3.886272232120418,False
following_lateral_offset,P2,18010,40,4.0,1.0,7.55973114606486,-25.851140050943105,0.37751900425617196,0.11288178779179411,887118212.2082058,36.65999999999999,36.64612300270659,4.066563080226197,2.800270993742334,inf,0,0,0,0,-1,inf,0,-1,0,0,-1,0,0,6080,1628,0,0,1622,2830,1.6929589479885316,3.886272232120418,False
following_lateral_offset,P3,18010,40,4.0,1.0,7.55973114606486,-25.851140050943105,0.37751900425617196,0.11288178779179411,887118212.2082058,36.65999999999999,36.64612300270659,4.066563080226197,2.800270993742334,inf,0,0,0,0,-1,inf,0,-1,0,0,-1,0,0,6080,1628,0,0,1622,2830,1.6929589479885316,3.886272232120418,False
following_lateral_offset,P4,18010,40,4.0,1.0,7.55973114606486,-25.851140050943105,0.37751900425617196,0.11288178779179411,887118212.2082058,36.65999999999999,36.64612300270659,4.066563080226197,2.800270993742334,inf,0,0,0,0,-1,inf,0,-1,0,0,-1,0,0,6080,1628,0,0,1622,2830,1.6929589479885316,3.886272232120418,False
following_lateral_offset,P0,18011,40,4.0,1.0,16.12483423732721,5.170546225360656,0.07534232375237462,0.0005832678494594936,999416732.1505406,36.65000000000002,36.65000000000002,3.630771267926398,1.130420184877299,inf,0,0,0,0,-1,inf,0,-1,0,0,-1,0,0,6080,0,0,0,2883,3197,1.6086084023042246,3.7924547522507637,False
following_lateral_offset,P1,18011,40,4.0,1.0,16.12483423732721,5.170546225360656,0.07534232375237462,0.0005832678494594936,999416732.1505406,36.65000000000002,36.65000000000002,3.630771267926398,1.130420184877299,inf,0,0,0,0,-1,inf,0,-1,0,0,-1,0,0,6080,0,0,0,2883,3197,1.6086084023042246,3.7924547522507637,False
following_lateral_offset,P2,18011,40,4.0,1.0,17.484049544891757,15.143237228220674,0.010308630356266033,8.075449743976868e-17,1000000000.0,36.38600000000001,36.382649621171446,3.8101789028117197,1.2163987731958585,inf,0,0,0,0,-1,inf,0,-1,0,0,-1,0,0,6080,188,0,0,2654,3238,1.6086084023042246,3.7924547522507637,False
following_lateral_offset,P3,18011,40,4.0,1.0,17.48076952711723,15.143237228220674,0.010336926463651409,8.08160683309985e-17,1000000000.0,36.39933333333336,36.39597570965923,3.7973910621307665,1.2163987731958585,inf,0,0,0,0,-1,inf,0,-1,0,0,-1,0,0,6080,188,0,0,2656,3236,1.6086084023042246,3.7924547522507637,False
following_lateral_offset,P4,18011,40,4.0,1.0,16.99078140328394,12.735801444273775,0.0172267876792861,8.969842965857767e-11,999999999.9103016,36.55333333333335,36.55078156562869,3.6723311083370924,1.2183601484354352,inf,0,0,0,0,-1,inf,0,-1,0,0,-1,0,0,6080,119,0,0,2760,3201,1.6086084023042246,3.7924547522507637,False
following_lateral_offset,P0,18012,40,4.0,1.0,16.638335334412993,8.774075584462544,0.03604037554598449,7.161687133005202e-06,999992838.3128669,36.239999999999995,36.239999999999995,4.012181451529833,1.327218060153388,inf,0,0,0,0,-1,inf,0,-1,0,0,-1,0,0,6080,0,0,0,2799,3281,1.688848557208718,3.950056534720045,False
following_lateral_offset,P1,18012,40,4.0,1.0,16.676391792006523,9.038341298216803,0.03369244721860072,4.424881280976948e-06,999995575.1187191,36.20333333333334,36.20333333333334,4.046563699953051,1.3250246453231536,inf,0,0,0,0,-1,inf,0,-1,0,0,-1,0,0,6080,0,0,0,2793,3287,1.688848557208718,3.950056534720045,False
following_lateral_offset,P2,18012,40,4.0,1.0,16.710229115778994,9.74039836750378,0.030076191319310174,1.0675011567907657e-06,999998932.4988432,36.3,36.3,3.956008088970499,1.2358571571457166,inf,0,0,0,0,-1,inf,0,-1,0,0,-1,0,0,6080,0,0,0,2797,3283,1.688848557208718,3.950056534720045,False
following_lateral_offset,P3,18012,40,4.0,1.0,16.710229115778994,9.74039836750378,0.030076191319310174,1.0675011567907657e-06,999998932.4988432,36.3,36.3,3.956008088970499,1.2358571571457166,inf,0,0,0,0,-1,inf,0,-1,0,0,-1,0,0,6080,0,0,0,2797,3283,1.688848557208718,3.950056534720045,False
following_lateral_offset,P4,18012,40,4.0,1.0,17.656734009768865,15.479063169813841,0.008948307710882562,5.8733021781884405e-18,1000000000.0,36.07,36.06675418608867,4.11567593945134,1.4005530046101378,inf,0,0,0,0,-1,inf,0,-1,0,0,-1,0,0,6080,167,0,0,2615,3298,1.688848557208718,3.950056534720045,False
following_lateral_offset,P0,18013,40,4.0,1.0,20.878616979001514,16.001791007316,0.004145340095476482,7.636400952429443e-20,1000000000.0,35.44333333333334,35.427834995760975,4.586858991535181,1.8871088354598486,inf,0,0,0,0,-1,inf,0,-1,0,0,-1,0,0,6080,1741,0,0,1528,2811,1.7722941884308643,4.044125750884917,False
following_lateral_offset,P1,18013,40,4.0,1.0,20.818032050331094,16.001791007316,0.0041543626814851825,7.636400952429443e-20,1000000000.0,35.240000000000016,35.224593155565344,4.789948357810373,2.090797438630701,inf,0,0,0,0,-1,inf,0,-1,0,0,-1,0,0,6080,1734,0,0,1511,2835,1.7722941884308643,4.044125750884917,False
following_lateral_offset,P2,18013,40,4.0,1.0,20.86034065488847,16.001791007316,0.004147298867006242,7.636400952429443e-20,1000000000.0,35.380000000000024,35.364530160290215,4.650114048695134,1.9688466500695359,inf,0,0,0,0,-1,inf,0,-1,0,0,-1,0,0,6080,1739,0,0,1522,2819,1.7722941884308643,4.044125750884917,False
following_lateral_offset,P3,18013,40,4.0,1.0,20.878616979001514,16.001791007316,0.004145340095476482,7.636400952429443e-20,1000000000.0,35.44333333333334,35.427834995760975,4.586858991535181,1.8871088354598486,inf,0,0,0,0,-1,inf,0,-1,0,0,-1,0,0,6080,1741,0,0,1528,2811,1.7722941884308643,4.044125750884917,False
following_lateral_offset,P4,18013,40,4.0,1.0,20.86113034706517,16.001791007316,0.004147476306536216,7.636400952429443e-20,1000000000.0,35.38666666666669,35.37119382718188,4.643455521135421,1.964581418880188,inf,0,0,0,0,-1,inf,0,-1,0,0,-1,0,0,6080,1739,0,0,1523,2818,1.7722941884308643,4.044125750884917,False
following_lateral_offset,P0,18014,40,4.0,1.0,16.333113263931203,7.2633430628427575,0.05793714372070822,7.990708633102689e-05,999920092.9136689,36.43000000000001,36.43000000000001,3.834696858944648,1.3198639591863937,inf,0,0,0,0,-1,inf,0,-1,0,0,-1,0,0,6080,0,0,0,2838,3242,1.6901874674652102,3.8886162470904795,False
following_lateral_offset,P1,18014,40,4.0,1.0,16.333113263931203,7.2633430628427575,0.05793714372070822,7.990708633102689e-05,999920092.9136689,36.43000000000001,36.43000000000001,3.834696858944648,1.3198639591863937,inf,0,0,0,0,-1,inf,0,-1,0,0,-1,0,0,6080,0,0,0,2838,3242,1.6901874674652102,3.8886162470904795,False
following_lateral_offset,P2,18014,40,4.0,1.0,16.46841382546564,7.573654654171932,0.05275233657817892,5.2213217480501554e-05,999947786.7825196,36.430000000000014,36.42952336776743,3.8290386149516005,1.3175487419552612,inf,0,0,0,0,-1,inf,0,-1,0,0,-1,0,0,6080,23,0,0,2815,3242,1.6901874674652102,3.8886162470904795,False
following_lateral_offset,P3,18014,40,4.0,1.0,16.333113263931203,7.2633430628427575,0.05793714372070822,7.990708633102689e-05,999920092.9136689,36.43000000000001,36.43000000000001,3.834696858944648,1.3198639591863937,inf,0,0,0,0,-1,inf,0,-1,0,0,-1,0,0,6080,0,0,0,2838,3242,1.6901874674652102,3.8886162470904795,False
following_lateral_offset,P4,18014,40,4.0,1.0,18.84074684843003,16.137508032910766,0.005960103398028886,2.1257536782077935e-20,1000000000.0,36.01,35.997390416568614,4.117696061512546,1.4755644839899849,inf,0,0,0,0,-1,inf,0,-1,0,0,-1,0,0,6080,449,0,0,2392,3239,1.6901874674652102,3.8886162470904795,False
following_lateral_offset,P0,18015,40,4.0,1.0,15.798039703183315,-2.1346416632725607,0.09428601610524519,0.0074898698642894505,992510130.1357105,36.830000000000005,36.830000000000005,3.465385981387927,1.005093180126706,inf,0,0,0,0,-1,inf,0,-1,0,0,-1,0,0,6080,0,0,0,2901,3179,1.6066682290361445,3.7829359359709116,False
following_lateral_offset,P1,18015,40,4.0,1.0,15.798039703183315,-2.1346416632725607,0.09428601610524519,0.0074898698642894505,992510130.1357105,36.830000000000005,36.830000000000005,3.465385981387927,1.005093180126706,inf,0,0,0,0,-1,inf,0,-1,0,0,-1,0,0,6080,0,0,0,2901,3179,1.6066682290361445,3.7829359359709116,False
following_lateral_offset,P2,18015,40,4.0,1.0,17.096925826339923,10.204702662544143,0.02027744347524869,3.503622245355251e-07,999999649.6377754,36.65000000000001,36.6434307868589,3.5603751315709626,1.071981414749028,inf,0,0,0,0,-1,inf,0,-1,0,0,-1,0,0,6080,200,0,0,2667,3213,1.6066682290361445,3.7829359359709116,False
following_lateral_offset,P3,18015,40,4.0,1.0,16.71296708054379,8.004487570222754,0.031415362241965415,2.258753597244153e-05,999977412.4640274,36.71000000000001,36.70768156149192,3.5271747959206228,1.0941404309027314,inf,0,0,0,0,-1,inf,0,-1,0,0,-1,0,0,6080,118,0,0,2735,3227,1.6066682290361445,3.7829359359709116,False
following_lateral_offset,P4,18015,40,4.0,1.0,20.921023640183122,16.001791007316,0.004127589415635572,7.636400952429443e-20,1000000000.0,35.58666666666666,35.57110383393165,4.443711043354676,1.6994658879466324,inf,0,0,0,0,-1,inf,0,-1,0,0,-1,0,0,6080,1754,0,0,1560,2766,1.6066682290361445,3.7829359359709116,False
following_lateral_offset,P0,18016,40,4.0,1.0,15.989424144298528,4.525003666286128,0.0867028750144431,0.0010847049851721914,998915295.0148277,36.71000000000001,36.71000000000001,3.57548598095419,1.1708571571457085,inf,0,0,0,0,-1,inf,0,-1,0,0,-1,0,0,6080,0,0,0,2902,3178,1.541029237150796,3.648485067676026,False
following_lateral_offset,P1,18016,40,4.0,1.0,15.989424144298528,4.525003666286128,0.0867028750144431,0.0010847049851721914,998915295.0148277,36.71000000000001,36.71000000000001,3.57548598095419,1.1708571571457085,inf,0,0,0,0,-1,inf,0,-1,0,0,-1,0,0,6080,0,0,0,2902,3178,1.541029237150796,3.648485067676026,False
following_lateral_offset,P2,18016,40,4.0,1.0,17.798497387178827,13.476301118820047,0.009676278082142498,2.7324165047889656e-12,999999999.9972675,36.37000000000001,36.36588252874294,3.8114883258779617,1.3535704103438226,inf,0,0,0,0,-1,inf,0,-1,0,0,-1,0,0,6080,243,0,0,2631,3206,1.541029237150796,3.648485067676026,False
following_lateral_offset,P3,18016,40,4.0,1.0,15.989424144298528,4.525003666286128,0.0867028750144431,0.0010847049851721914,998915295.0148277,36.71000000000001,36.71000000000001,3.57548598095419,1.1708571571457085,inf,0,0,0,0,-1,inf,0,-1,0,0,-1,0,0,6080,0,0,0,2902,3178,1.541029237150796,3.648485067676026,False
following_lateral_offset,P4,18016,40,4.0,1.0,18.933632277709773,16.137508032910766,0.005876184642470969,2.1879543378921573e-20,1000000000.0,36.34000000000002,36.3254693712927,3.7874145998026605,1.3215937942906215,inf,0,0,0,0,-1,inf,0,-1,0,0,-1,0,0,6080,531,0,0,2417,3132,1.541029237150796,3.648485067676026,False
following_lateral_offset,P0,18017,40,4.0,1.0,15.753305999243725,3.1237036959648705,0.10752241304589391,0.0027887479647595854,997211252.0352404,36.83000000000002,36.83000000000002,3.465385981387914,1.0970408265326481,inf,0,0,0,0,-1,inf,0,-1,0,0,-1,0,0,6080,0,0,0,2954,3126,1.72629686149357,3.956490985636614,False
following_lateral_offset,P1,18017,40,4.0,1.0,15.753305999243725,3.1237036959648705,0.10752241304589391,0.0027887479647595854,997211252.0352404,36.83000000000002,36.83000000000002,3.465385981387914,1.0970408265326481,inf,0,0,0,0,-1,inf,0,-1,0,0,-1,0,0,6080,0,0,0,2954,3126,1.72629686149357,3.956490985636614,False
following_lateral_offset,P2,18017,40,4.0,1.0,16.01360019350674,5.7822984005136675,0.08228900286595649,0.0003484310902602288,999651568.9097397,36.83000000000002,36.829424841381396,3.454549758246281,1.0970408265326481,inf,0,0,0,0,-1,inf,0,-1,0,0,-1,0,0,6080,24,0,0,2933,3123,1.72629686149357,3.956490985636614,False
following_lateral_offset,P3,18017,40,4.0,1.0,16.01360019350674,5.7822984005136675,0.08228900286595649,0.0003484310902602288,999651568.9097397,36.83000000000002,36.829424841381396,3.454549758246281,1.0970408265326481,inf,0,0,0,0,-1,inf,0,-1,0,0,-1,0,0,6080,24,0,0,2933,3123,1.72629686149357,3.956490985636614,False
following_lateral_offset,P4,18017,40,4.0,1.0,16.825750429667572,12.68370533585577,0.021642685024338682,2.78281806615821e-10,999999999.7217182,36.74000000000001,36.73735046323194,3.4919694062933133,1.0633117778992789,inf,0,0,0,0,-1,inf,0,-1,0,0,-1,0,0,6080,141,0,0,2815,3124,1.72629686149357,3.956490985636614,False
following_lateral_offset,P0,18018,40,4.0,1.0,16.15555101039472,5.682598846488222,0.07184111681650245,0.00038049440392697275,999619505.5960732,36.60000000000001,36.60000000000001,3.676955262170039,1.2323214464321386,inf,0,0,0,0,-1,inf,0,-1,0,0,-1,0,0,6080,0,0,0,2806,3274,1.6269585273732772,3.7341475400959467,False
following_lateral_offset,P1,18018,40,4.0,1.0,16.15555101039472,5.682598846488222,0.07184111681650245,0.00038049440392697275,999619505.5960732,36.60000000000001,36.60000000000001,3.676955262170039,1.2323214464321386,inf,0,0,0,0,-1,inf,0,-1,0,0,-1,0,0,6080,0,0,0,2806,3274,1.6269585273732772,3.7341475400959467,False
following_lateral_offset,P2,18018,40,4.0,1.0,17.617757945339736,15.639024137098499,0.009364720090528444,1.5805416521100082e-18,1000000000.0,36.41999999999999,36.41633746641728,3.770733551871333,1.2152230777625534,inf,0,0,0,0,-1,inf,0,-1,0,0,-1,0,0,6080,215,0,0,2587,3278,1.6269585273732772,3.7341475400959467,False
following_lateral_offset,P3,18018,40,4.0,1.0,16.475024141006873,6.725009220481731,0.05599465905830715,0.00013018079433774855,999869819.2056621,36.580000000000005,36.57906951527368,3.6815452302819387,1.2217324566612662,inf,0,0,0,0,-1,inf,0,-1,0,0,-1,0,0,6080,56,0,0,2751,3273,1.6269585273732772,3.7341475400959467,False
following_lateral_offset,P4,18018,40,4.0,1.0,20.410238390872884,16.001791007316,0.004290350657052984,7.636400952429443e-20,1000000000.0,35.85333333333335,35.841171916896165,4.205904948284855,1.4881624097167387,inf,0,0,0,0,-1,inf,0,-1,0,0,-1,0,0,6080,1330,0,0,1866,2884,1.6269585273732772,3.7341475400959467,False
following_lateral_offset,P0,18019,40,4.0,1.0,20.62825218355142,16.001791007316,0.0041680324957515695,7.636400952429443e-20,1000000000.0,35.533333333333346,35.52008667910444,4.514618011042896,1.7251973598757977,inf,0,0,0,0,-1,inf,0,-1,0,0,-1,0,0,6080,1527,0,0,1625,2928,1.8007594421513446,4.0141621608413045,False
following_lateral_offset,P1,18019,40,4.0,1.0,20.560735396428814,16.001791007316,0.004185605201104711,7.636400952429443e-20,1000000000.0,35.35333333333334,35.34012625197688,4.694071143714411,1.8913205766317809,inf,0,0,0,0,-1,inf,0,-1,0,0,-1,0,0,6080,1514,0,0,1601,2965,1.8007594421513446,4.0141621608413045,False
following_lateral_offset,P2,18019,40,4.0,1.0,20.622265906023262,16.001791007316,0.004169021243460424,7.636400952429443e-20,1000000000.0,35.491666666666674,35.47841862102015,4.556061991736381,1.7527497774589302,inf,0,0,0,0,-1,inf,0,-1,0,0,-1,0,0,6080,1526,0,0,1616,2938,1.8007594421513446,4.0141621608413045,False
following_lateral_offset,P3,18019,40,4.0,1.0,20.62825218355142,16.001791007316,0.0041680324957515695,7.636400952429443e-20,1000000000.0,35.533333333333346,35.52008667910444,4.514618011042896,1.7251973598757977,inf,0,0,0,0,-1,inf,0,-1,0,0,-1,0,0,6080,1527,0,0,1625,2928,1.8007594421513446,4.0141621608413045,False
following_lateral_offset,P4,18019,40,4.0,1.0,20.924459730802035,16.001791007316,0.0041333107633397415,7.636400952429443e-20,1000000000.0,35.48666666666668,35.471148830556764,4.543580472138428,1.7251973598757977,inf,0,0,0,0,-1,inf,0,-1,0,0,-1,0,0,6080,1743,0,0,1476,2861,1.8007594421513446,4.0141621608413045,False
lane_choice,P0,18000,40,4.0,1.0,-1.4841772517946121,-13.800125353527465,0.7112488585418857,0.27149979741639463,728500202.5836054,12.99999999999999,12.882786325056207,16.782438462261936,inf,1.5013499953110632,0,0,0,0,-1,inf,0,-1,0,0,-1,0,0,6080,1879,0,1762,0,2439,1.792503413322958,4.25236303270003,False
lane_choice,P1,18000,40,4.0,1.0,11.415283391778742,7.917465961148334,0.19749853001493048,9.757018575009277e-05,999902429.81425,12.999999999999991,12.91210617836171,16.755131274768452,6.1060366622275195,1.5001885304115121,0,0,0,0,-1,inf,0,-1,0,0,-1,0,0,6080,1784,0,1780,0,2516,1.792503413322958,4.25236303270003,False
lane_choice,P2,18000,40,4.0,1.0,12.101132847578397,8.783780876789407,0.14732170842461895,1.6529403731088244e-05,999983470.5962689,12.99999999999999,12.905349679254607,16.74847084715829,6.1060366622275195,1.5010597912286787,0,0,0,0,-1,inf,0,-1,0,0,-1,0,0,6080,1602,0,1812,0,2666,1.792503413322958,4.25236303270003,False
lane_choice,P3,18000,40,4.0,1.0,12.063550375071316,9.25160767216483,0.1418579390129871,8.954170154910065e-06,999991045.8298451,12.99999999999999,12.909750412021806,16.753017151880435,6.1060366622275195,1.5000801085241666,0,0,0,0,-1,inf,0,-1,0,0,-1,0,0,6080,1691,0,1829,0,2560,1.792503413322958,4.25236303270003,False
lane_choice,P4,18000,40,4.0,1.0,12.011930681626641,8.339167020023577,0.15681014940403565,3.197086409443261e-05,999968029.1359055,12.99999999999999,12.903358507552323,16.74847084715829,6.1060366622275195,1.508038196389593,0,0,0,0,-1,inf,0,-1,0,0,-1,0,0,6080,1616,0,1788,0,2676,1.792503413322958,4.25236303270003,False
lane_choice,P0,18001,40,4.0,1.0,-1.4841772517946121,-13.800125353527465,0.7112488585418857,0.27149979741639463,728500202.5836054,12.99999999999999,12.882786325056207,16.782438462261936,inf,1.5013499953110632,0,0,0,0,-1,inf,0,-1,0,0,-1,0,0,6080,1879,0,1762,0,2439,1.8521235497987014,4.274180255105955,False
lane_choice,P1,18001,40,4.0,1.0,11.458875709100306,8.09063390606506,0.19363949050527535,7.430131831917062e-05,999925698.6816809,12.999999999999988,12.910651675838745,16.753017151880435,6.1060366622275195,1.5012933668405384,0,0,0,0,-1,inf,0,-1,0,0,-1,0,0,6080,1766,0,1786,0,2528,1.8521235497987014,4.274180255105955,False
lane_choice,P2,18001,40,4.0,1.0,11.703198529149143,7.538257214268723,0.1857368298048921,0.00010507956624698466,999894920.433753,12.999999999999993,12.903734334916027,16.747476673586238,6.1060366622275195,1.5004848028643027,0,0,0,0,-1,inf,0,-1,0,0,-1,0,0,6080,1621,0,1836,0,2623,1.8521235497987014,4.274180255105955,False
lane_choice,P3,18001,40,4.0,1.0,11.761369247674178,8.763759785661756,0.16494697501400693,2.2891689134287736e-05,999977108.3108658,12.99999999999999,12.909748525722138,16.7508040885184,6.1060366622275195,1.500368498496405,0,0,0,0,-1,inf,0,-1,0,0,-1,0,0,6080,1706,0,1817,0,2557,1.8521235497987014,4.274180255105955,False
lane_choice,P4,18001,40,4.0,1.0,12.011930681626641,8.339167020023577,0.15681014940403565,3.197086409443261e-05,999968029.1359055,12.99999999999999,12.903358507552323,16.74847084715829,6.1060366622275195,1.508038196389593,0,0,0,0,-1,inf,0,-1,0,0,-1,0,0,6080,1616,0,1788,0,2676,1.8521235497987014,4.274180255105955,False
lane_choice,P0,18002,40,4.0,1.0,-1.4841772517946121,-13.800125353527465,0.7112488585418857,0.27149979741639463,728500202.5836054,12.99999999999999,12.882786325056207,16.782438462261936,inf,1.5013499953110632,0,0,0,0,-1,inf,0,-1,0,0,-1,0,0,6080,1879,0,1762,0,2439,1.6552555805066376,4.000772518940951,False
lane_choice,P1,18002,40,4.0,1.0,11.435182525296545,8.012373056845629,0.19517708609454484,8.383575704004454e-05,999916164.24296,12.99999999999999,12.910819574708963,16.753017151880435,6.1060366622275195,1.501167547298801,0,0,0,0,-1,inf,0,-1,0,0,-1,0,0,6080,1768,0,1784,0,2528,1.6552555805066376,4.000772518940951,False
lane_choice,P2,18002,40,4.0,1.0,12.008621702981113,8.339167020023577,0.15701360302838382,3.2002794464293644e-05,999967997.2055357,12.99999999999999,12.903358507552323,16.74847084715829,6.1060366622275195,1.508038196389593,0,0,0,0,-1,inf,0,-1,0,0,-1,0,0,6080,1631,0,1773,0,2676,1.6552555805066376,4.000772518940951,False
lane_choice,P3,18002,40,4.0,1.0,11.415283391778742,7.917465961148334,0.19749853001493048,9.757018575009277e-05,999902429.81425,12.999999999999991,12.91210617836171,16.755131274768452,6.1060366622275195,1.5001885304115121,0,0,0,0,-1,inf,0,-1,0,0,-1,0,0,6080,1784,0,1780,0,2516,1.6552555805066376,4.000772518940951,False
lane_choice,P4,18002,40,4.0,1.0,12.011930681626641,8.339167020023577,0.15681014940403565,3.197086409443261e-05,999968029.1359055,12.99999999999999,12.903358507552323,16.74847084715829,6.1060366622275195,1.508038196389593,0,0,0,0,-1,inf,0,-1,0,0,-1,0,0,6080,1616,0,1788,0,2676,1.6552555805066376,4.000772518940951,False
lane_choice,P0,18003,40,4.0,1.0,-1.4841772517946121,-13.800125353527465,0.7112488585418857,0.27149979741639463,728500202.5836054,12.99999999999999,12.882786325056207,16.782438462261936,inf,1.5013499953110632,0,0,0,0,-1,inf,0,-1,0,0,-1,0,0,6080,1879,0,1762,0,2439,1.7271513095104551,4.159376159865881,False
lane_choice,P1,18003,40,4.0,1.0,11.415283391778742,7.917465961148334,0.19749853001493048,9.757018575009277e-05,999902429.81425,12.999999999999991,12.91210617836171,16.755131274768452,6.1060366622275195,1.5001885304115121,0,0,0,0,-1,inf,0,-1,0,0,-1,0,0,6080,1784,0,1780,0,2516,1.7271513095104551,4.159376159865881,False
lane_choice,P2,18003,40,4.0,1.0,12.006669292576891,8.339167020023577,0.15719914595329887,3.211108957552374e-05,999967888.9104245,12.99999999999999,12.903343972408566,16.74847084715829,6.1060366622275195,1.5076951843659407,0,0,0,0,-1,inf,0,-1,0,0,-1,0,0,6080,1600,0,1804,0,2676,1.7271513095104551,4.159376159865881,False
lane_choice,P3,18003,40,4.0,1.0,12.076728932495755,9.263228055490746,0.13843144961890505,8.18915618597111e-06,999991810.8438139,12.99999999999999,12.911716648644994,16.757163456939804,6.1060366622275195,1.5028868179940864,0,0,0,0,-1,inf,0,-1,0,0,-1,0,0,6080,1729,0,1751,0,2600,1.7271513095104551,4.159376159865881,False
lane_choice,P4,18003,40,4.0,1.0,12.011930681626641,8.339167020023577,0.15681014940403565,3.197086409443261e-05,999968029.1359055,12.99999999999999,12.903358507552323,16.74847084715829,6.1060366622275195,1.508038196389593,0,0,0,0,-1,inf,0,-1,0,0,-1,0,0,6080,1616,0,1788,0,2676,1.7271513095104551,4.159376159865881,False
lane_choice,P0,18004,40,4.0,1.0,-1.4841772517946121,-13.800125353527465,0.7112488585418857,0.27149979741639463,728500202.5836054,12.99999999999999,12.882786325056207,16.782438462261936,inf,1.5013499953110632,0,0,0,0,-1,inf,0,-1,0,0,-1,0,0,6080,1879,0,1762,0,2439,1.7305505086940485,4.099957038617391,False
lane_choice,P1,18004,40,4.0,1.0,11.761369247674178,8.763759785661756,0.16494697501400693,2.2891689134287736e-05,999977108.3108658,12.99999999999999,12.909748525722138,16.7508040885184,6.1060366622275195,1.500368498496405,0,0,0,0,-1,inf,0,-1,0,0,-1,0,0,6080,1706,0,1817,0,2557,1.7305505086940485,4.099957038617391,False
lane_choice,P2,18004,40,4.0,1.0,12.011930681626641,8.339167020023577,0.15681014940403565,3.197086409443261e-05,999968029.1359055,12.99999999999999,12.903358507552323,16.74847084715829,6.1060366622275195,1.508038196389593,0,0,0,0,-1,inf,0,-1,0,0,-1,0,0,6080,1616,0,1788,0,2676,1.7305505086940485,4.099957038617391,False
lane_choice,P3,18004,40,4.0,1.0,11.761369247674178,8.763759785661756,0.16494697501400693,2.2891689134287736e-05,999977108.3108658,12.99999999999999,12.909748525722138,16.7508040885184,6.1060366622275195,1.500368498496405,0,0,0,0,-1,inf,0,-1,0,0,-1,0,0,6080,1706,0,1817,0,2557,1.7305505086940485,4.099957038617391,False
lane_choice,P4,18004,40,4.0,1.0,12.011930681626641,8.339167020023577,0.15681014940403565,3.197086409443261e-05,999968029.1359055,12.99999999999999,12.903358507552323,16.74847084715829,6.1060366622275195,1.508038196389593,0,0,0,0,-1,inf,0,-1,0,0,-1,0,0,6080,1616,0,1788,0,2676,1.7305505086940485,4.099957038617391,False
lane_choice,P0,18005,40,4.0,1.0,-1.4841772517946121,-13.800125353527465,0.7112488585418857,0.27149979741639463,728500202.5836054,12.99999999999999,12.882786325056207,16.782438462261936,inf,1.5013499953110632,0,0,0,0,-1,inf,0,-1,0,0,-1,0,0,6080,1879,0,1762,0,2439,1.958440991589272,4.5312965438169766,False
lane_choice,P1,18005,40,4.0,1.0,11.415283391778742,7.917465961148334,0.19749853001493048,9.757018575009277e-05,999902429.81425,12.999999999999991,12.91210617836171,16.755131274768452,6.1060366622275195,1.5001885304115121,0,0,0,0,-1,inf,0,-1,0,0,-1,0,0,6080,1784,0,1780,0,2516,1.958440991589272,4.5312965438169766,False
lane_choice,P2,18005,40,4.0,1.0,12.107906813712834,8.783780876789407,0.14677245839597974,1.6327819195592232e-05,999983672.1808045,12.99999999999999,12.905381218567516,16.74847084715829,6.1060366622275195,1.5022722459258522,0,0,0,0,-1,inf,0,-1,0,0,-1,0,0,6080,1619,0,1795,0,2666,1.958440991589272,4.5312965438169766,False
lane_choice,P3,18005,40,4.0,1.0,12.076728932495755,9.263228055490746,0.13843144961890505,8.18915618597111e-06,999991810.8438139,12.99999999999999,12.911716648644994,16.757163456939804,6.1060366622275195,1.5028868179940864,0,0,0,0,-1,inf,0,-1,0,0,-1,0,0,6080,1729,0,1751,0,2600,1.958440991589272,4.5312965438169766,False
lane_choice,P4,18005,40,4.0,1.0,12.011930681626641,8.339167020023577,0.15681014940403565,3.197086409443261e-05,999968029.1359055,12.99999999999999,12.903358507552323,16.74847084715829,6.1060366622275195,1.508038196389593,0,0,0,0,-1,inf,0,-1,0,0,-1,0,0,6080,1616,0,1788,0,2676,1.958440991589272,4.5312965438169766,False
lane_choice,P0,18006,40,4.0,1.0,-1.4841772517946121,-13.800125353527465,0.7112488585418857,0.27149979741639463,728500202.5836054,12.99999999999999,12.882786325056207,16.782438462261936,inf,1.5013499953110632,0,0,0,0,-1,inf,0,-1,0,0,-1,0,0,6080,1879,0,1762,0,2439,1.8069535065752604,4.2201411707509635,False
lane_choice,P1,18006,40,4.0,1.0,11.415283391778742,7.917465961148334,0.19749853001493048,9.757018575009277e-05,999902429.81425,12.999999999999991,12.91210617836171,16.755131274768452,6.1060366622275195,1.5001885304115121,0,0,0,0,-1,inf,0,-1,0,0,-1,0,0,6080,1784,0,1780,0,2516,1.8069535065752604,4.2201411707509635,False
lane_choice,P2,18006,40,4.0,1.0,11.868170159526652,8.07166943679648,0.1680641636899664,4.788813246915062e-05,999952111.8675308,12.999999999999991,12.905021738394877,16.74847084715829,6.1060366622275195,1.5058740108766693,0,0,0,0,-1,inf,0,-1,0,0,-1,0,0,6080,1638,0,1814,0,2628,1.8069535065752604,4.2201411707509635,False
lane_choice,P3,18006,40,4.0,1.0,11.415283391778742,7.917465961148334,0.19749853001493048,9.757018575009277e-05,999902429.81425,12.999999999999991,12.91210617836171,16.755131274768452,6.1060366622275195,1.5001885304115121,0,0,0,0,-1,inf,0,-1,0,0,-1,0,0,6080,1784,0,1780,0,2516,1.8069535065752604,4.2201411707509635,False
lane_choice,P4,18006,40,4.0,1.0,12.011930681626641,8.339167020023577,0.15681014940403565,3.197086409443261e-05,999968029.1359055,12.99999999999999,12.903358507552323,16.74847084715829,6.1060366622275195,1.508038196389593,0,0,0,0,-1,inf,0,-1,0,0,-1,0,0,6080,1616,0,1788,0,2676,1.8069535065752604,4.2201411707509635,False
lane_choice,P0,18007,40,4.0,1.0,-1.4841772517946121,-13.800125353527465,0.7112488585418857,0.27149979741639463,728500202.5836054,12.99999999999999,12.882786325056207,16.782438462261936,inf,1.5013499953110632,0,0,0,0,-1,inf,0,-1,0,0,-1,0,0,6080,1879,0,1762,0,2439,1.895786511288668,4.340263316585813,False
lane_choice,P1,18007,40,4.0,1.0,11.435182525296545,8.012373056845629,0.19517708609454484,8.383575704004454e-05,999916164.24296,12.99999999999999,12.910819574708963,16.753017151880435,6.1060366622275195,1.501167547298801,0,0,0,0,-1,inf,0,-1,0,0,-1,0,0,6080,1768,0,1784,0,2528,1.895786511288668,4.340263316585813,False
lane_choice,P2,18007,40,4.0,1.0,12.006669292576891,8.339167020023577,0.15719914595329887,3.211108957552374e-05,999967888.9104245,12.99999999999999,12.903343972408566,16.74847084715829,6.1060366622275195,1.5076951843659407,0,0,0,0,-1,inf,0,-1,0,0,-1,0,0,6080,1600,0,1804,0,2676,1.895786511288668,4.340263316585813,False
lane_choice,P3,18007,40,4.0,1.0,11.758934634062106,8.774627668072814,0.1643701125898196,2.2394814054187174e-05,999977605.1859459,12.999999999999993,12.90887192507583,16.752025539288738,6.1060366622275195,1.501057888153312,0,0,0,0,-1,inf,0,-1,0,0,-1,0,0,6080,1698,0,1823,0,2559,1.895786511288668,4.340263316585813,False
lane_choice,P4,18007,40,4.0,1.0,12.011930681626641,8.339167020023577,0.15681014940403565,3.197086409443261e-05,999968029.1359055,12.99999999999999,12.903358507552323,16.74847084715829,6.1060366622275195,1.508038196389593,0,0,0,0,-1,inf,0,-1,0,0,-1,0,0,6080,1616,0,1788,0,2676,1.895786511288668,4.340263316585813,False
lane_choice,P0,18008,40,4.0,1.0,-1.4841772517946121,-13.800125353527465,0.7112488585418857,0.27149979741639463,728500202.5836054,12.99999999999999,12.882786325056207,16.782438462261936,inf,1.5013499953110632,0,0,0,0,-1,inf,0,-1,0,0,-1,0,0,6080,1879,0,1762,0,2439,1.8094819808217124,4.266318936995073,False
lane_choice,P1,18008,40,4.0,1.0,11.435182525296545,8.012373056845629,0.19517708609454484,8.383575704004454e-05,999916164.24296,12.99999999999999,12.910819574708963,16.753017151880435,6.1060366622275195,1.501167547298801,0,0,0,0,-1,inf,0,-1,0,0,-1,0,0,6080,1768,0,1784,0,2528,1.8094819808217124,4.266318936995073,False
lane_choice,P2,18008,40,4.0,1.0,12.011280179544938,8.182492001612772,0.15796085111997002,3.999137683902111e-05,999960008.623161,12.99999999999999,12.905688536841826,16.74847084715829,6.1060366622275195,1.5018721618864839,0,0,0,0,-1,inf,0,-1,0,0,-1,0,0,6080,1625,0,1848,0,2607,1.8094819808217124,4.266318936995073,False
lane_choice,P3,18008,40,4.0,1.0,12.076728932495755,9.263228055490746,0.13843144961890505,8.18915618597111e-06,999991810.8438139,12.99999999999999,12.911716648644994,16.757163456939804,6.1060366622275195,1.5028868179940864,0,0,0,0,-1,inf,0,-1,0,0,-1,0,0,6080,1729,0,1751,0,2600,1.8094819808217124,4.266318936995073,False
lane_choice,P4,18008,40,4.0,1.0,12.011930681626641,8.339167020023577,0.15681014940403565,3.197086409443261e-05,999968029.1359055,12.99999999999999,12.903358507552323,16.74847084715829,6.1060366622275195,1.508038196389593,0,0,0,0,-1,inf,0,-1,0,0,-1,0,0,6080,1616,0,1788,0,2676,1.8094819808217124,4.266318936995073,False
lane_choice,P0,18009,40,4.0,1.0,-1.4841772517946121,-13.800125353527465,0.7112488585418857,0.27149979741639463,728500202.5836054,12.99999999999999,12.882786325056207,16.782438462261936,inf,1.5013499953110632,0,0,0,0,-1,inf,0,-1,0,0,-1,0,0,6080,1879,0,1762,0,2439,1.8071294872752506,4.305955848640527,False
lane_choice,P1,18009,40,4.0,1.0,11.435182525296545,8.012373056845629,0.19517708609454484,8.383575704004454e-05,999916164.24296,12.99999999999999,12.910819574708963,16.753017151880435,6.1060366622275195,1.501167547298801,0,0,0,0,-1,inf,0,-1,0,0,-1,0,0,6080,1768,0,1784,0,2528,1.8071294872752506,4.305955848640527,False
lane_choice,P2,18009,40,4.0,1.0,12.107883195357731,8.783780876789407,0.14676623799851551,1.630308050043053e-05,999983696.9194996,12.999999999999991,12.905360561870957,16.74847084715829,6.1060366622275195,1.5014044797033903,0,0,0,0,-1,inf,0,-1,0,0,-1,0,0,6080,1618,0,1796,0,2666,1.8071294872752506,4.305955848640527,False
lane_choice,P3,18009,40,4.0,1.0,11.435182525296545,8.012373056845629,0.19517708609454484,8.383575704004454e-05,999916164.24296,12.99999999999999,12.910819574708963,16.753017151880435,6.1060366622275195,1.501167547298801,0,0,0,0,-1,inf,0,-1,0,0,-1,0,0,6080,1768,0,1784,0,2528,1.8071294872752506,4.305955848640527,False
lane_choice,P4,18009,40,4.0,1.0,12.011930681626641,8.339167020023577,0.15681014940403565,3.197086409443261e-05,999968029.1359055,12.99999999999999,12.903358507552323,16.74847084715829,6.1060366622275195,1.508038196389593,0,0,0,0,-1,inf,0,-1,0,0,-1,0,0,6080,1616,0,1788,0,2676,1.8071294872752506,4.305955848640527,False
lane_choice,P0,18010,40,4.0,1.0,-1.4841772517946121,-13.800125353527465,0.7112488585418857,0.27149979741639463,728500202.5836054,12.99999999999999,12.882786325056207,16.782438462261936,inf,1.5013499953110632,0,0,0,0,-1,inf,0,-1,0,0,-1,0,0,6080,1879,0,1762,0,2439,1.7723982214286529,4.214845747712275,False
lane_choice,P1,18010,40,4.0,1.0,11.415283391778742,7.917465961148334,0.19749853001493048,9.757018575009277e-05,999902429.81425,12.999999999999991,12.91210617836171,16.755131274768452,6.1060366622275195,1.5001885304115121,0,0,0,0,-1,inf,0,-1,0,0,-1,0,0,6080,1784,0,1780,0,2516,1.7723982214286529,4.214845747712275,False
lane_choice,P2,18010,40,4.0,1.0,12.011280179544938,8.182492001612772,0.15796085111997002,3.999137683902111e-05,999960008.623161,12.99999999999999,12.905688536841826,16.74847084715829,6.1060366622275195,1.5018721618864839,0,0,0,0,-1,inf,0,-1,0,0,-1,0,0,6080,1625,0,1848,0,2607,1.7723982214286529,4.214845747712275,False
lane_choice,P3,18010,40,4.0,1.0,11.415283391778742,7.917465961148334,0.19749853001493048,9.757018575009277e-05,999902429.81425,12.999999999999991,12.91210617836171,16.755131274768452,6.1060366622275195,1.5001885304115121,0,0,0,0,-1,inf,0,-1,0,0,-1,0,0,6080,1784,0,1780,0,2516,1.7723982214286529,4.214845747712275,False
lane_choice,P4,18010,40,4.0,1.0,12.011930681626641,8.339167020023577,0.15681014940403565,3.197086409443261e-05,999968029.1359055,12.99999999999999,12.903358507552323,16.74847084715829,6.1060366622275195,1.508038196389593,0,0,0,0,-1,inf,0,-1,0,0,-1,0,0,6080,1616,0,1788,0,2676,1.7723982214286529,4.214845747712275,False
lane_choice,P0,18011,40,4.0,1.0,-1.4841772517946121,-13.800125353527465,0.7112488585418857,0.27149979741639463,728500202.5836054,12.99999999999999,12.882786325056207,16.782438462261936,inf,1.5013499953110632,0,0,0,0,-1,inf,0,-1,0,0,-1,0,0,6080,1879,0,1762,0,2439,1.734536987199553,4.185007055224703,False
lane_choice,P1,18011,40,4.0,1.0,11.415283391778742,7.917465961148334,0.19749853001493048,9.757018575009277e-05,999902429.81425,12.999999999999991,12.91210617836171,16.755131274768452,6.1060366622275195,1.5001885304115121,0,0,0,0,-1,inf,0,-1,0,0,-1,0,0,6080,1784,0,1780,0,2516,1.734536987199553,4.185007055224703,False
lane_choice,P2,18011,40,4.0,1.0,12.011930681626641,8.339167020023577,0.15681014940403565,3.197086409443261e-05,999968029.1359055,12.99999999999999,12.903358507552323,16.74847084715829,6.1060366622275195,1.508038196389593,0,0,0,0,-1,inf,0,-1,0,0,-1,0,0,6080,1616,0,1788,0,2676,1.734536987199553,4.185007055224703,False
lane_choice,P3,18011,40,4.0,1.0,12.076728932495755,9.263228055490746,0.13843144961890505,8.18915618597111e-06,999991810.8438139,12.99999999999999,12.911716648644994,16.757163456939804,6.1060366622275195,1.5028868179940864,0,0,0,0,-1,inf,0,-1,0,0,-1,0,0,6080,1729,0,1751,0,2600,1.734536987199553,4.185007055224703,False
lane_choice,P4,18011,40,4.0,1.0,12.011930681626641,8.339167020023577,0.15681014940403565,3.197086409443261e-05,999968029.1359055,12.99999999999999,12.903358507552323,16.74847084715829,6.1060366622275195,1.508038196389593,0,0,0,0,-1,inf,0,-1,0,0,-1,0,0,6080,1616,0,1788,0,2676,1.734536987199553,4.185007055224703,False
lane_choice,P0,18012,40,4.0,1.0,-1.4841772517946121,-13.800125353527465,0.7112488585418857,0.27149979741639463,728500202.5836054,12.99999999999999,12.882786325056207,16.782438462261936,inf,1.5013499953110632,0,0,0,0,-1,inf,0,-1,0,0,-1,0,0,6080,1879,0,1762,0,2439,1.725639908270903,4.194775049100109,False
lane_choice,P1,18012,40,4.0,1.0,11.415283391778742,7.917465961148334,0.19749853001493048,9.757018575009277e-05,999902429.81425,12.999999999999991,12.91210617836171,16.755131274768452,6.1060366622275195,1.5001885304115121,0,0,0,0,-1,inf,0,-1,0,0,-1,0,0,6080,1784,0,1780,0,2516,1.725639908270903,4.194775049100109,False
lane_choice,P2,18012,40,4.0,1.0,12.008701804632036,8.229738049872287,0.15881413145339823,3.739474708985757e-05,999962605.2529103,12.999999999999991,12.904499009576284,16.74847084715829,6.1060366622275195,1.5001177930900464,0,0,0,0,-1,inf,0,-1,0,0,-1,0,0,6080,1612,0,1861,0,2607,1.725639908270903,4.194775049100109,False
lane_choice,P3,18012,40,4.0,1.0,11.415283391778742,7.917465961148334,0.19749853001493048,9.757018575009277e-05,999902429.81425,12.999999999999991,12.91210617836171,16.755131274768452,6.1060366622275195,1.5001885304115121,0,0,0,0,-1,inf,0,-1,0,0,-1,0,0,6080,1784,0,1780,0,2516,1.725639908270903,4.194775049100109,False
lane_choice,P4,18012,40,4.0,1.0,12.011930681626641,8.339167020023577,0.15681014940403565,3.197086409443261e-05,999968029.1359055,12.99999999999999,12.903358507552323,16.74847084715829,6.1060366622275195,1.508038196389593,0,0,0,0,-1,inf,0,-1,0,0,-1,0,0,6080,1616,0,1788,0,2676,1.725639908270903,4.194775049100109,False
lane_choice,P0,18013,40,4.0,1.0,-1.4841772517946121,-13.800125353527465,0.7112488585418857,0.27149979741639463,728500202.5836054,12.99999999999999,12.882786325056207,16.782438462261936,inf,1.5013499953110632,0,0,0,0,-1,inf,0,-1,0,0,-1,0,0,6080,1879,0,1762,0,2439,1.8676996881791808,4.3912250337228755,False
lane_choice,P1,18013,40,4.0,1.0,11.415283391778742,7.917465961148334,0.19749853001493048,9.757018575009277e-05,999902429.81425,12.999999999999991,12.91210617836171,16.755131274768452,6.1060366622275195,1.5001885304115121,0,0,0,0,-1,inf,0,-1,0,0,-1,0,0,6080,1784,0,1780,0,2516,1.8676996881791808,4.3912250337228755,False
lane_choice,P2,18013,40,4.0,1.0,12.10846277555633,8.783780876789407,0.1467584698392844,1.6328797180109017e-05,999983671.2028201,12.99999999999999,12.905349679254607,16.74847084715829,6.1060366622275195,1.5010597912286787,0,0,0,0,-1,inf,0,-1,0,0,-1,0,0,6080,1617,0,1797,0,2666,1.8676996881791808,4.3912250337228755,False
lane_choice,P3,18013,40,4.0,1.0,12.023936119321126,9.136985536205104,0.14269111116874683,1.0637499126205947e-05,999989362.5008739,12.99999999999999,12.911716648644994,16.757163456939804,6.1060366622275195,1.5028868179940864,0,0,0,0,-1,inf,0,-1,0,0,-1,0,0,6080,1729,0,1751,0,2600,1.8676996881791808,4.3912250337228755,False
lane_choice,P4,18013,40,4.0,1.0,12.011930681626641,8.339167020023577,0.15681014940403565,3.197086409443261e-05,999968029.1359055,12.99999999999999,12.903358507552323,16.74847084715829,6.1060366622275195,1.508038196389593,0,0,0,0,-1,inf,0,-1,0,0,-1,0,0,6080,1616,0,1788,0,2676,1.8676996881791808,4.3912250337228755,False
lane_choice,P0,18014,40,4.0,1.0,-1.4841772517946121,-13.800125353527465,0.7112488585418857,0.27149979741639463,728500202.5836054,12.99999999999999,12.882786325056207,16.782438462261936,inf,1.5013499953110632,0,0,0,0,-1,inf,0,-1,0,0,-1,0,0,6080,1879,0,1762,0,2439,1.776744860005725,4.2060050810629015,False
lane_choice,P1,18014,40,4.0,1.0,11.745317892373032,8.685339274074892,0.16510820070869772,2.59492303891247e-05,999974050.769611,12.999999999999996,12.910190221619104,16.75414086214862,6.1060366622275195,1.5000540543503091,0,0,0,0,-1,inf,0,-1,0,0,-1,0,0,6080,1704,0,1816,0,2560,1.776744860005725,4.2060050810629015,False
lane_choice,P2,18014,40,4.0,1.0,12.10846277555633,8.783780876789407,0.1467584698392844,1.6328797180109017e-05,999983671.2028201,12.99999999999999,12.905349679254607,16.74847084715829,6.1060366622275195,1.5010597912286787,0,0,0,0,-1,inf,0,-1,0,0,-1,0,0,6080,1617,0,1797,0,2666,1.776744860005725,4.2060050810629015,False
lane_choice,P3,18014,40,4.0,1.0,11.745317892373032,8.685339274074892,0.16510820070869772,2.59492303891247e-05,999974050.769611,12.999999999999996,12.910190221619104,16.75414086214862,6.1060366622275195,1.5000540543503091,0,0,0,0,-1,inf,0,-1,0,0,-1,0,0,6080,1704,0,1816,0,2560,1.776744860005725,4.2060050810629015,False
lane_choice,P4,18014,40,4.0,1.0,12.011930681626641,8.339167020023577,0.15681014940403565,3.197086409443261e-05,999968029.1359055,12.99999999999999,12.903358507552323,16.74847084715829,6.1060366622275195,1.508038196389593,0,0,0,0,-1,inf,0,-1,0,0,-1,0,0,6080,1616,0,1788,0,2676,1.776744860005725,4.2060050810629015,False
lane_choice,P0,18015,40,4.0,1.0,-1.4841772517946121,-13.800125353527465,0.7112488585418857,0.27149979741639463,728500202.5836054,12.99999999999999,12.882786325056207,16.782438462261936,inf,1.5013499953110632,0,0,0,0,-1,inf,0,-1,0,0,-1,0,0,6080,1879,0,1762,0,2439,1.6780082145444806,4.071873157107122,False
lane_choice,P1,18015,40,4.0,1.0,11.415283391778742,7.917465961148334,0.19749853001493048,9.757018575009277e-05,999902429.81425,12.999999999999991,12.91210617836171,16.755131274768452,6.1060366622275195,1.5001885304115121,0,0,0,0,-1,inf,0,-1,0,0,-1,0,0,6080,1784,0,1780,0,2516,1.6780082145444806,4.071873157107122,False
lane_choice,P2,18015,40,4.0,1.0,12.008701804632036,8.229738049872287,0.15881413145339823,3.739474708985757e-05,999962605.2529103,12.999999999999991,12.904499009576284,16.74847084715829,6.1060366622275195,1.5001177930900464,0,0,0,0,-1,inf,0,-1,0,0,-1,0,0,6080,1612,0,1861,0,2607,1.6780082145444806,4.071873157107122,False
lane_choice,P3,18015,40,4.0,1.0,12.076728932495755,9.263228055490746,0.13843144961890505,8.18915618597111e-06,999991810.8438139,12.99999999999999,12.911716648644994,16.757163456939804,6.1060366622275195,1.5028868179940864,0,0,0,0,-1,inf,0,-1,0,0,-1,0,0,6080,1729,0,1751,0,2600,1.6780082145444806,4.071873157107122,False
lane_choice,P4,18015,40,4.0,1.0,12.011930681626641,8.339167020023577,0.15681014940403565,3.197086409443261e-05,999968029.1359055,12.99999999999999,12.903358507552323,16.74847084715829,6.1060366622275195,1.508038196389593,0,0,0,0,-1,inf,0,-1,0,0,-1,0,0,6080,1616,0,1788,0,2676,1.6780082145444806,4.071873157107122,False
lane_choice,P0,18016,40,4.0,1.0,-1.4841772517946121,-13.800125353527465,0.7112488585418857,0.27149979741639463,728500202.5836054,12.99999999999999,12.882786325056207,16.782438462261936,inf,1.5013499953110632,0,0,0,0,-1,inf,0,-1,0,0,-1,0,0,6080,1879,0,1762,0,2439,1.6347053692629792,3.9701763576992137,False
lane_choice,P1,18016,40,4.0,1.0,11.435182525296545,8.012373056845629,0.19517708609454484,8.383575704004454e-05,999916164.24296,12.99999999999999,12.910819574708963,16.753017151880435,6.1060366622275195,1.501167547298801,0,0,0,0,-1,inf,0,-1,0,0,-1,0,0,6080,1768,0,1784,0,2528,1.6347053692629792,3.9701763576992137,False
lane_choice,P2,18016,40,4.0,1.0,12.011930681626641,8.339167020023577,0.15681014940403565,3.197086409443261e-05,999968029.1359055,12.99999999999999,12.903358507552323,16.74847084715829,6.1060366622275195,1.508038196389593,0,0,0,0,-1,inf,0,-1,0,0,-1,0,0,6080,1616,0,1788,0,2676,1.6347053692629792,3.9701763576992137,False
lane_choice,P3,18016,40,4.0,1.0,12.076728932495755,9.263228055490746,0.13843144961890505,8.18915618597111e-06,999991810.8438139,12.99999999999999,12.911716648644994,16.757163456939804,6.1060366622275195,1.5028868179940864,0,0,0,0,-1,inf,0,-1,0,0,-1,0,0,6080,1729,0,1751,0,2600,1.6347053692629792,3.9701763576992137,False
lane_choice,P4,18016,40,4.0,1.0,12.011930681626641,8.339167020023577,0.15681014940403565,3.197086409443261e-05,999968029.1359055,12.99999999999999,12.903358507552323,16.74847084715829,6.1060366622275195,1.508038196389593,0,0,0,0,-1,inf,0,-1,0,0,-1,0,0,6080,1616,0,1788,0,2676,1.6347053692629792,3.9701763576992137,False
lane_choice,P0,18017,40,4.0,1.0,-1.4841772517946121,-13.800125353527465,0.7112488585418857,0.27149979741639463,728500202.5836054,12.99999999999999,12.882786325056207,16.782438462261936,inf,1.5013499953110632,0,0,0,0,-1,inf,0,-1,0,0,-1,0,0,6080,1879,0,1762,0,2439,1.7955626007843393,4.278622001865969,False
lane_choice,P1,18017,40,4.0,1.0,11.415283391778742,7.917465961148334,0.19749853001493048,9.757018575009277e-05,999902429.81425,12.999999999999991,12.91210617836171,16.755131274768452,6.1060366622275195,1.5001885304115121,0,0,0,0,-1,inf,0,-1,0,0,-1,0,0,6080,1784,0,1780,0,2516,1.7955626007843393,4.278622001865969,False
lane_choice,P2,18017,40,4.0,1.0,12.011280179544938,8.182492001612772,0.15796085111997002,3.999137683902111e-05,999960008.623161,12.99999999999999,12.905688536841826,16.74847084715829,6.1060366622275195,1.5018721618864839,0,0,0,0,-1,inf,0,-1,0,0,-1,0,0,6080,1625,0,1848,0,2607,1.7955626007843393,4.278622001865969,False
lane_choice,P3,18017,40,4.0,1.0,11.415283391778742,7.917465961148334,0.19749853001493048,9.757018575009277e-05,999902429.81425,12.999999999999991,12.91210617836171,16.755131274768452,6.1060366622275195,1.5001885304115121,0,0,0,0,-1,inf,0,-1,0,0,-1,0,0,6080,1784,0,1780,0,2516,1.7955626007843393,4.278622001865969,False
lane_choice,P4,18017,40,4.0,1.0,12.011930681626641,8.339167020023577,0.15681014940403565,3.197086409443261e-05,999968029.1359055,12.99999999999999,12.903358507552323,16.74847084715829,6.1060366622275195,1.508038196389593,0,0,0,0,-1,inf,0,-1,0,0,-1,0,0,6080,1616,0,1788,0,2676,1.7955626007843393,4.278622001865969,False
lane_choice,P0,18018,40,4.0,1.0,-1.4841772517946121,-13.800125353527465,0.7112488585418857,0.27149979741639463,728500202.5836054,12.99999999999999,12.882786325056207,16.782438462261936,inf,1.5013499953110632,0,0,0,0,-1,inf,0,-1,0,0,-1,0,0,6080,1879,0,1762,0,2439,1.7055474585671722,4.023248178788378,False
lane_choice,P1,18018,40,4.0,1.0,11.415283391778742,7.917465961148334,0.19749853001493048,9.757018575009277e-05,999902429.81425,12.999999999999991,12.91210617836171,16.755131274768452,6.1060366622275195,1.5001885304115121,0,0,0,0,-1,inf,0,-1,0,0,-1,0,0,6080,1784,0,1780,0,2516,1.7055474585671722,4.023248178788378,False
lane_choice,P2,18018,40,4.0,1.0,12.10846277555633,8.783780876789407,0.1467584698392844,1.6328797180109017e-05,999983671.2028201,12.99999999999999,12.905349679254607,16.74847084715829,6.1060366622275195,1.5010597912286787,0,0,0,0,-1,inf,0,-1,0,0,-1,0,0,6080,1617,0,1797,0,2666,1.7055474585671722,4.023248178788378,False
lane_choice,P3,18018,40,4.0,1.0,11.758934634062106,8.774627668072814,0.1643701125898196,2.2394814054187174e-05,999977605.1859459,12.999999999999993,12.90887192507583,16.752025539288738,6.1060366622275195,1.501057888153312,0,0,0,0,-1,inf,0,-1,0,0,-1,0,0,6080,1698,0,1823,0,2559,1.7055474585671722,4.023248178788378,False
lane_choice,P4,18018,40,4.0,1.0,12.011930681626641,8.339167020023577,0.15681014940403565,3.197086409443261e-05,999968029.1359055,12.99999999999999,12.903358507552323,16.74847084715829,6.1060366622275195,1.508038196389593,0,0,0,0,-1,inf,0,-1,0,0,-1,0,0,6080,1616,0,1788,0,2676,1.7055474585671722,4.023248178788378,False
lane_choice,P0,18019,40,4.0,1.0,-1.4841772517946121,-13.800125353527465,0.7112488585418857,0.27149979741639463,728500202.5836054,12.99999999999999,12.882786325056207,16.782438462261936,inf,1.5013499953110632,0,0,0,0,-1,inf,0,-1,0,0,-1,0,0,6080,1879,0,1762,0,2439,1.9187527041277277,4.411988540774969,False
lane_choice,P1,18019,40,4.0,1.0,11.415283391778742,7.917465961148334,0.19749853001493048,9.757018575009277e-05,999902429.81425,12.999999999999991,12.91210617836171,16.755131274768452,6.1060366622275195,1.5001885304115121,0,0,0,0,-1,inf,0,-1,0,0,-1,0,0,6080,1784,0,1780,0,2516,1.9187527041277277,4.411988540774969,False
lane_choice,P2,18019,40,4.0,1.0,12.008701804632036,8.229738049872287,0.15881413145339823,3.739474708985757e-05,999962605.2529103,12.999999999999991,12.904499009576284,16.74847084715829,6.1060366622275195,1.5001177930900464,0,0,0,0,-1,inf,0,-1,0,0,-1,0,0,6080,1612,0,1861,0,2607,1.9187527041277277,4.411988540774969,False
lane_choice,P3,18019,40,4.0,1.0,12.023936119321126,9.136985536205104,0.14269111116874683,1.0637499126205947e-05,999989362.5008739,12.99999999999999,12.911716648644994,16.757163456939804,6.1060366622275195,1.5028868179940864,0,0,0,0,-1,inf,0,-1,0,0,-1,0,0,6080,1729,0,1751,0,2600,1.9187527041277277,4.411988540774969,False
lane_choice,P4,18019,40,4.0,1.0,12.011930681626641,8.339167020023577,0.15681014940403565,3.197086409443261e-05,999968029.1359055,12.99999999999999,12.903358507552323,16.74847084715829,6.1060366622275195,1.508038196389593,0,0,0,0,-1,inf,0,-1,0,0,-1,0,0,6080,1616,0,1788,0,2676,1.9187527041277277,4.411988540774969,False
overtake,P0,18000,50,5.0,1.0,22.047496657765485,17.202168997219456,0.0025637507056720595,2.187624184019612e-25,1000000000.0,45.21133333333333,45.21133333333333,3.794452635394402,1.6040372437763348,inf,0,0,0,0,-1,inf,0,-1,0,0,-1,0,0,7600,0,0,0,2916,4684,1.4516707273102452,3.403007009685906,False
overtake,P1,18000,50,5.0,1.0,22.078600767394736,17.202168997219456,0.002519947563041965,2.185109842510328e-25,1000000000.0,45.19666666666666,45.19666666666666,3.8090970236507347,1.7279751296524102,inf,0,0,0,0,-1,inf,0,-1,0,0,-1,0,0,7600,0,0,0,2911,4689,1.4516707273102452,3.403007009685906,False
overtake,P2,18000,50,5.0,1.0,21.990006346055015,17.202168997219456,0.0025804326061396004,2.187624184019616e-25,1000000000.0,45.16799999999999,45.16799999999999,3.837720637454013,1.6511464514851124,inf,0,0,0,0,-1,inf,0,-1,0,0,-1,0,0,7600,0,0,0,2884,4716,1.4516707273102452,3.403007009685906,False
overtake,P3,18000,50,5.0,1.0,22.047496657765485,17.202168997219456,0.0025637507056720595,2.187624184019612e-25,1000000000.0,45.21133333333333,45.21133333333333,3.794452635394402,1.6040372437763348,inf,0,0,0,0,-1,inf,0,-1,0,0,-1,0,0,7600,0,0,0,2916,4684,1.4516707273102452,3.403007009685906,False
overtake,P4,18000,50,5.0,1.0,22.09936675551801,17.202168997219456,0.002562509475361765,2.187624184019612e-25,1000000000.0,45.20799999999998,45.20588252724805,3.795361267394409,1.6040372437763348,inf,0,0,0,0,-1,inf,0,-1,0,0,-1,0,0,7600,95,0,0,2844,4661,1.4516707273102452,3.403007009685906,False
overtake,P0,18001,50,5.0,1.0,21.80615219036237,17.202168997219456,0.0026916777441100496,2.200696801289025e-25,1000000000.0,45.29866666666663,45.29866666666663,3.7072556069935505,1.5995206238345432,inf,0,0,0,0,-1,inf,0,-1,0,0,-1,0,0,7600,0,0,0,2909,4691,1.5677724052461477,3.634384014293982,False
overtake,P1,18001,50,5.0,1.0,21.81349789887187,17.202168997219456,0.0026532236169975252,2.1898551425738507e-25,1000000000.0,45.21000000000001,45.21000000000001,3.795783936308851,1.720447894606797,inf,0,0,0,0,-1,inf,0,-1,0,0,-1,0,0,7600,0,0,0,2906,4694,1.5677724052461477,3.634384014293982,False
overtake,P2,18001,50,5.0,1.0,21.80615219036237,17.202168997219456,0.0026916777441100496,2.200696801289025e-25,1000000000.0,45.29866666666663,45.29866666666663,3.7072556069935505,1.5995206238345432,inf,0,0,0,0,-1,inf,0,-1,0,0,-1,0,0,7600,0,0,0,2909,4691,1.5677724052461477,3.634384014293982,False
overtake,P3,18001,50,5.0,1.0,21.80615219036237,17.202168997219456,0.0026916777441100496,2.200696801289025e-25,1000000000.0,45.29866666666663,45.29866666666663,3.7072556069935505,1.5995206238345432,inf,0,0,0,0,-1,inf,0,-1,0,0,-1,0,0,7600,0,0,0,2909,4691,1.5677724052461477,3.634384014293982,False
overtake,P4,18001,50,5.0,1.0,21.80615219036237,17.202168997219456,0.0026916777441100496,2.200696801289025e-25,1000000000.0,45.29866666666663,45.29866666666663,3.7072556069935505,1.5995206238345432,inf,0,0,0,0,-1,inf,0,-1,0,0,-1,0,0,7600,0,0,0,2909,4691,1.5677724052461477,3.634384014293982,False
overtake,P0,18002,50,5.0,1.0,21.843608612481972,17.202168997219456,0.002600795867870381,2.195153526633031e-25,1000000000.0,45.08666666666665,45.08666666666665,3.918935246839155,1.9369793832318727,inf,0,0,0,0,-1,inf,0,-1,0,0,-1,0,0,7600,0,0,0,2780,4820,1.4423394228599105,3.3156939166448494,False
overtake,P1,18002,50,5.0,1.0,22.03417615067907,17.202168997219456,0.0025054805666965946,2.185109841583271e-25,1000000000.0,45.11999999999997,45.11999999999997,3.8856499702289984,2.1623093727236005,inf,0,0,0,0,-1,inf,0,-1,0,0,-1,0,0,7600,0,0,0,2872,4728,1.4423394228599105,3.3156939166448494,False
overtake,P2,18002,50,5.0,1.0,21.843608612481972,17.202168997219456,0.002600795867870381,2.195153526633031e-25,1000000000.0,45.08666666666665,45.08666666666665,3.918935246839155,1.9369793832318727,inf,0,0,0,0,-1,inf,0,-1,0,0,-1,0,0,7600,0,0,0,2780,4820,1.4423394228599105,3.3156939166448494,False
overtake,P3,18002,50,5.0,1.0,21.843608612481972,17.202168997219456,0.002600795867870381,2.195153526633031e-25,1000000000.0,45.08666666666665,45.08666666666665,3.918935246839155,1.9369793832318727,inf,0,0,0,0,-1,inf,0,-1,0,0,-1,0,0,7600,0,0,0,2780,4820,1.4423394228599105,3.3156939166448494,False
overtake,P4,18002,50,5.0,1.0,21.843608612481972,17.202168997219456,0.002600795867870381,2.195153526633031e-25,1000000000.0,45.08666666666665,45.08666666666665,3.918935246839155,1.9369793832318727,inf,0,0,0,0,-1,inf,0,-1,0,0,-1,0,0,7600,0,0,0,2780,4820,1.4423394228599105,3.3156939166448494,False
overtake,P0,18003,50,5.0,1.0,21.834020353235577,17.202168997219456,0.0027207767086228226,2.2059236377601075e-25,1000000000.0,45.35699999999999,45.35699999999999,3.6490169485959414,1.5189961978205062,inf,0,0,0,0,-1,inf,0,-1,0,0,-1,0,0,7600,0,0,0,2741,4859,1.575025202461816,3.653052009328545,False
overtake,P1,18003,50,5.0,1.0,21.88555990373542,17.202168997219456,0.0026079274549590226,2.202453933877559e-25,1000000000.0,45.19666666666667,45.19666666666667,3.8090970236507204,1.7507535431429495,inf,0,0,0,0,-1,inf,0,-1,0,0,-1,0,0,7600,0,0,0,2687,4913,1.575025202461816,3.653052009328545,False
overtake,P2,18003,50,5.0,1.0,21.722944387738444,17.202168997219456,0.0027419756009259767,2.2059236377601075e-25,1000000000.0,45.24466666666668,45.24466666666668,3.7611705804954805,1.514263117965786,inf,0,0,0,0,-1,inf,0,-1,0,0,-1,0,0,7600,0,0,0,2675,4925,1.575025202461816,3.653052009328545,False
overtake,P3,18003,50,5.0,1.0,21.834020353235577,17.202168997219456,0.0027207767086228226,2.2059236377601075e-25,1000000000.0,45.35699999999999,45.35699999999999,3.6490169485959414,1.5189961978205062,inf,0,0,0,0,-1,inf,0,-1,0,0,-1,0,0,7600,0,0,0,2741,4859,1.575025202461816,3.653052009328545,False
overtake,P4,18003,50,5.0,1.0,21.829929250757584,17.202168997219456,0.0027209829073950053,2.2059236377601075e-25,1000000000.0,45.35466666666667,45.35466666666667,3.651346436898516,1.48152408121437,inf,0,0,0,0,-1,inf,0,-1,0,0,-1,0,0,7600,0,0,0,2736,4864,1.575025202461816,3.653052009328545,False
overtake,P0,18004,50,5.0,1.0,22.029576097487098,17.202168997219456,0.0025530757510818874,2.194858479703023e-25,1000000000.0,45.363333333333316,45.363333333333316,3.6426940765846574,1.6857998110791574,inf,0,0,0,0,-1,inf,0,-1,0,0,-1,0,0,7600,0,0,0,2884,4716,1.5074378329351503,3.483138543597475,False
overtake,P1,18004,50,5.0,1.0,22.19840978174213,17.202168997219456,0.002482963614863215,2.185109841583241e-25,1000000000.0,45.46666666666666,45.46666666666666,3.5395367119984584,1.6975280016749807,inf,0,0,0,0,-1,inf,0,-1,0,0,-1,0,0,7600,0,0,0,2974,4626,1.5074378329351503,3.483138543597475,False
overtake,P2,18004,50,5.0,1.0,21.9596247475684,17.202168997219456,0.0025727435902201724,2.1948584797031445e-25,1000000000.0,45.29666666666663,45.29666666666663,3.7092524137511074,1.7429426682220237,inf,0,0,0,0,-1,inf,0,-1,0,0,-1,0,0,7600,0,0,0,2844,4756,1.5074378329351503,3.483138543597475,False
overtake,P3,18004,50,5.0,1.0,22.029576097487098,17.202168997219456,0.0025530757510818874,2.194858479703023e-25,1000000000.0,45.363333333333316,45.363333333333316,3.6426940765846574,1.6857998110791574,inf,0,0,0,0,-1,inf,0,-1,0,0,-1,0,0,7600,0,0,0,2884,4716,1.5074378329351503,3.483138543597475,False
overtake,P4,18004,50,5.0,1.0,21.9596247475684,17.202168997219456,0.0025727435902201724,2.1948584797031445e-25,1000000000.0,45.29666666666663,45.29666666666663,3.7092524137511074,1.7429426682220237,inf,0,0,0,0,-1,inf,0,-1,0,0,-1,0,0,7600,0,0,0,2844,4756,1.5074378329351503,3.483138543597475,False
overtake,P0,18005,50,5.0,1.0,21.84810535720299,17.202168997219456,0.002621666841280323,2.197797136047545e-25,1000000000.0,45.01933333333331,45.01933333333331,3.986173955342603,1.657139463794357,inf,0,0,0,0,-1,inf,0,-1,0,0,-1,0,0,7600,0,0,0,2761,4839,1.5839741794675855,3.6842816811776005,False
overtake,P1,18005,50,5.0,1.0,21.955438731394505,17.202168997219456,0.00252266480835742,2.185109841583271e-25,1000000000.0,45.02333333333333,45.02333333333333,3.9821794872805714,1.8258918327168558,inf,0,0,0,0,-1,inf,0,-1,0,0,-1,0,0,7600,0,0,0,2798,4802,1.5839741794675855,3.6842816811776005,False
overtake,P2,18005,50,5.0,1.0,21.84810535720299,17.202168997219456,0.002621666841280323,2.197797136047545e-25,1000000000.0,45.01933333333331,45.01933333333331,3.986173955342603,1.657139463794357,inf,0,0,0,0,-1,inf,0,-1,0,0,-1,0,0,7600,0,0,0,2761,4839,1.5839741794675855,3.6842816811776005,False
overtake,P3,18005,50,5.0,1.0,21.84810535720299,17.202168997219456,0.002621666841280323,2.197797136047545e-25,1000000000.0,45.01933333333331,45.01933333333331,3.986173955342603,1.657139463794357,inf,0,0,0,0,-1,inf,0,-1,0,0,-1,0,0,7600,0,0,0,2761,4839,1.5839741794675855,3.6842816811776005,False
overtake,P4,18005,50,5.0,1.0,21.871417796297614,17.202168997219456,0.002621076102358599,2.197797136047545e-25,1000000000.0,45.001666666666644,45.000546050082285,4.002373449849132,1.677784394847041,inf,0,0,0,0,-1,inf,0,-1,0,0,-1,0,0,7600,48,0,0,2722,4830,1.5839741794675855,3.6842816811776005,False
overtake,P0,18006,50,5.0,1.0,22.01629819870678,17.202168997219456,0.0025667842702224992,2.2024539338694433e-25,1000000000.0,45.20666666666667,45.20666666666667,3.799112194831593,1.671996927701576,inf,0,0,0,0,-1,inf,0,-1,0,0,-1,0,0,7600,0,0,0,2959,4641,1.4583197248035022,3.4401273993514216,False
overtake,P1,18006,50,5.0,1.0,21.97638771327476,17.202168997219456,0.002570266860286392,2.2024539338694433e-25,1000000000.0,45.19333333333335,45.19333333333335,3.8124253175965777,1.8653415766149142,inf,0,0,0,0,-1,inf,0,-1,0,0,-1,0,0,7600,0,0,0,2943,4657,1.4583197248035022,3.4401273993514216,False
overtake,P2,18006,50,5.0,1.0,21.919865682838445,17.202168997219456,0.0025889759119894617,2.202453933869444e-25,1000000000.0,45.2083333333333,45.2083333333333,3.797448064457464,1.7963983147324496,inf,0,0,0,0,-1,inf,0,-1,0,0,-1,0,0,7600,0,0,0,2944,4656,1.4583197248035022,3.4401273993514216,False
overtake,P3,18006,50,5.0,1.0,22.01629819870678,17.202168997219456,0.0025667842702224992,2.2024539338694433e-25,1000000000.0,45.20666666666667,45.20666666666667,3.799112194831593,1.671996927701576,inf,0,0,0,0,-1,inf,0,-1,0,0,-1,0,0,7600,0,0,0,2959,4641,1.4583197248035022,3.4401273993514216,False
overtake,P4,18006,50,5.0,1.0,21.90797547291721,17.202168997219456,0.002592239803296882,2.2024539338694493e-25,1000000000.0,45.19333333333331,45.19333333333331,3.8124253175966203,1.8203362771613132,inf,0,0,0,0,-1,inf,0,-1,0,0,-1,0,0,7600,0,0,0,2935,4665,1.4583197248035022,3.4401273993514216,False
overtake,P0,18007,50,5.0,1.0,21.799581438061455,17.202168997219456,0.002640632831632798,2.1875328464759116e-25,1000000000.0,45.038999999999994,45.038999999999994,3.966534594723765,1.7968358476935637,inf,0,0,0,0,-1,inf,0,-1,0,0,-1,0,0,7600,0,0,0,2702,4898,1.6001027990071197,3.6571419502826235,False
overtake,P1,18007,50,5.0,1.0,21.79737435203576,17.202168997219456,0.002579115127119249,2.1851098425672805e-25,1000000000.0,44.970000000000006,44.970000000000006,4.035439962524573,1.9751604853649183,inf,0,0,0,0,-1,inf,0,-1,0,0,-1,0,0,7600,0,0,0,2710,4890,1.6001027990071197,3.6571419502826235,False
overtake,P2,18007,50,5.0,1.0,21.76760046764699,17.202168997219456,0.0026506047505665898,2.1875328464759116e-25,1000000000.0,45.005666666666656,45.005666666666656,3.999821804645582,1.8314760697035615,inf,0,0,0,0,-1,inf,0,-1,0,0,-1,0,0,7600,0,0,0,2705,4895,1.6001027990071197,3.6571419502826235,False
overtake,P3,18007,50,5.0,1.0,21.799581438061455,17.202168997219456,0.002640632831632798,2.1875328464759116e-25,1000000000.0,45.038999999999994,45.038999999999994,3.966534594723765,1.7968358476935637,inf,0,0,0,0,-1,inf,0,-1,0,0,-1,0,0,7600,0,0,0,2702,4898,1.6001027990071197,3.6571419502826235,False
overtake,P4,18007,50,5.0,1.0,21.76760046764699,17.202168997219456,0.0026506047505665898,2.1875328464759116e-25,1000000000.0,45.005666666666656,45.005666666666656,3.999821804645582,1.8314760697035615,inf,0,0,0,0,-1,inf,0,-1,0,0,-1,0,0,7600,0,0,0,2705,4895,1.6001027990071197,3.6571419502826235,False
overtake,P0,18008,50,5.0,1.0,21.635655246350375,17.202168997219456,0.0027376032194208815,2.1996773585455517e-25,1000000000.0,45.055666666666646,45.055666666666646,3.949891281489275,1.8918626922232489,inf,0,0,0,0,-1,inf,0,-1,0,0,-1,0,0,7600,0,0,0,2742,4858,1.495178447141409,3.5292063009751473,False
overtake,P1,18008,50,5.0,1.0,21.823576805190825,17.202168997219456,0.0026076148986045006,2.1889376772926713e-25,1000000000.0,45.023333333333326,45.023333333333326,3.9821794872805785,2.02993756188968,inf,0,0,0,0,-1,inf,0,-1,0,0,-1,0,0,7600,0,0,0,2761,4839,1.495178447141409,3.5292063009751473,False
overtake,P2,18008,50,5.0,1.0,21.635655246350375,17.202168997219456,0.0027376032194208815,2.1996773585455517e-25,1000000000.0,45.055666666666646,45.055666666666646,3.949891281489275,1.8918626922232489,inf,0,0,0,0,-1,inf,0,-1,0,0,-1,0,0,7600,0,0,0,2742,4858,1.495178447141409,3.5292063009751473,False
overtake,P3,18008,50,5.0,1.0,21.635655246350375,17.202168997219456,0.0027376032194208815,2.1996773585455517e-25,1000000000.0,45.055666666666646,45.055666666666646,3.949891281489275,1.8918626922232489,inf,0,0,0,0,-1,inf,0,-1,0,0,-1,0,0,7600,0,0,0,2742,4858,1.495178447141409,3.5292063009751473,False
overtake,P4,18008,50,5.0,1.0,21.635655246350375,17.202168997219456,0.0027376032194208815,2.1996773585455517e-25,1000000000.0,45.055666666666646,45.055666666666646,3.949891281489275,1.8918626922232489,inf,0,0,0,0,-1,inf,0,-1,0,0,-1,0,0,7600,0,0,0,2742,4858,1.495178447141409,3.5292063009751473,False
overtake,P0,18009,50,5.0,1.0,21.841582991902296,17.202168997219456,0.0026301977773293458,2.193265541443914e-25,1000000000.0,45.082333333333324,45.082333333333324,3.923262392735358,1.7321845597144008,inf,0,0,0,0,-1,inf,0,-1,0,0,-1,0,0,7600,0,0,0,2806,4794,1.44530639053548,3.4426399276141115,False
overtake,P1,18009,50,5.0,1.0,21.897255981971917,17.202168997219456,0.002543078902810718,2.1851098425644805e-25,1000000000.0,45.016666666666644,45.016666666666644,3.988836940210141,1.968591352288444,inf,0,0,0,0,-1,inf,0,-1,0,0,-1,0,0,7600,0,0,0,2801,4799,1.44530639053548,3.4426399276141115,False
overtake,P2,18009,50,5.0,1.0,21.841582991902296,17.202168997219456,0.0026301977773293458,2.193265541443914e-25,1000000000.0,45.082333333333324,45.082333333333324,3.923262392735358,1.7321845597144008,inf,0,0,0,0,-1,inf,0,-1,0,0,-1,0,0,7600,0,0,0,2806,4794,1.44530639053548,3.4426399276141115,False
overtake,P3,18009,50,5.0,1.0,21.841582991902296,17.202168997219456,0.0026301977773293458,2.193265541443914e-25,1000000000.0,45.082333333333324,45.082333333333324,3.923262392735358,1.7321845597144008,inf,0,0,0,0,-1,inf,0,-1,0,0,-1,0,0,7600,0,0,0,2806,4794,1.44530639053548,3.4426399276141115,False
overtake,P4,18009,50,5.0,1.0,21.841582991902296,17.202168997219456,0.0026301977773293458,2.193265541443914e-25,1000000000.0,45.082333333333324,45.082333333333324,3.923262392735358,1.7321845597144008,inf,0,0,0,0,-1,inf,0,-1,0,0,-1,0,0,7600,0,0,0,2806,4794,1.44530639053548,3.4426399276141115,False
overtake,P0,18010,50,5.0,1.0,21.64983321723761,17.202168997219456,0.0027097029510137895,2.198412970719392e-25,1000000000.0,44.94866666666664,44.94866666666664,4.0567446886535,1.8939740313528752,inf,0,0,0,0,-1,inf,0,-1,0,0,-1,0,0,7600,0,0,0,2552,5048,1.5503232400201565,3.5430527539709056,False
overtake,P1,18010,50,5.0,1.0,22.049305132096432,17.202168997219456,0.0025056341992229676,2.185109841583271e-25,1000000000.0,45.186666666666675,45.186666666666675,3.8190819318589417,1.941420682923291,inf,0,0,0,0,-1,inf,0,-1,0,0,-1,0,0,7600,0,0,0,2724,4876,1.5503232400201565,3.5430527539709056,False
overtake,P2,18010,50,5.0,1.0,21.64983321723761,17.202168997219456,0.0027097029510137895,2.198412970719392e-25,1000000000.0,44.94866666666664,44.94866666666664,4.0567446886535,1.8939740313528752,inf,0,0,0,0,-1,inf,0,-1,0,0,-1,0,0,7600,0,0,0,2552,5048,1.5503232400201565,3.5430527539709056,False
overtake,P3,18010,50,5.0,1.0,21.64983321723761,17.202168997219456,0.0027097029510137895,2.198412970719392e-25,1000000000.0,44.94866666666664,44.94866666666664,4.0567446886535,1.8939740313528752,inf,0,0,0,0,-1,inf,0,-1,0,0,-1,0,0,7600,0,0,0,2552,5048,1.5503232400201565,3.5430527539709056,False
overtake,P4,18010,50,5.0,1.0,21.64983321723761,17.202168997219456,0.0027097029510137895,2.198412970719392e-25,1000000000.0,44.94866666666664,44.94866666666664,4.0567446886535,1.8939740313528752,inf,0,0,0,0,-1,inf,0,-1,0,0,-1,0,0,7600,0,0,0,2552,5048,1.5503232400201565,3.5430527539709056,False
overtake,P0,18011,50,5.0,1.0,21.96436380128049,17.202168997219456,0.0025878420782211396,2.192631179237281e-25,1000000000.0,45.318333333333314,45.318333333333314,3.6876205248893172,1.6926658348771073,inf,0,0,0,0,-1,inf,0,-1,0,0,-1,0,0,7600,0,0,0,2847,4753,1.4455069739013684,3.357656235433052,False
overtake,P1,18011,50,5.0,1.0,21.925142915721086,17.202168997219456,0.002560651752361978,2.185109842567277e-25,1000000000.0,45.15666666666666,45.15666666666666,3.8490371266397974,1.915650175817845,inf,0,0,0,0,-1,inf,0,-1,0,0,-1,0,0,7600,0,0,0,2798,4802,1.4455069739013684,3.357656235433052,False
overtake,P2,18011,50,5.0,1.0,21.96436380128049,17.202168997219456,0.0025878420782211396,2.192631179237281e-25,1000000000.0,45.318333333333314,45.318333333333314,3.6876205248893172,1.6926658348771073,inf,0,0,0,0,-1,inf,0,-1,0,0,-1,0,0,7600,0,0,0,2847,4753,1.4455069739013684,3.357656235433052,False
overtake,P3,18011,50,5.0,1.0,21.96436380128049,17.202168997219456,0.0025878420782211396,2.192631179237281e-25,1000000000.0,45.318333333333314,45.318333333333314,3.6876205248893172,1.6926658348771073,inf,0,0,0,0,-1,inf,0,-1,0,0,-1,0,0,7600,0,0,0,2847,4753,1.4455069739013684,3.357656235433052,False
overtake,P4,18011,50,5.0,1.0,21.96436380128049,17.202168997219456,0.0025878420782211396,2.192631179237281e-25,1000000000.0,45.318333333333314,45.318333333333314,3.6876205248893172,1.6926658348771073,inf,0,0,0,0,-1,inf,0,-1,0,0,-1,0,0,7600,0,0,0,2847,4753,1.4455069739013684,3.357656235433052,False
overtake,P0,18012,50,5.0,1.0,21.836474879561695,17.202168997219456,0.0026439451690449967,2.1892881419371734e-25,1000000000.0,45.12833333333333,45.12833333333333,3.877328780090512,1.908234975292958,inf,0,0,0,0,-1,inf,0,-1,0,0,-1,0,0,7600,0,0,0,2891,4709,1.39957308042706,3.302661912900067,False
overtake,P1,18012,50,5.0,1.0,21.961128929976763,17.202168997219456,0.002593438207217062,2.1889376774242385e-25,1000000000.0,45.186666666666675,45.186666666666675,3.8190819318589417,1.9206621698346844,inf,0,0,0,0,-1,inf,0,-1,0,0,-1,0,0,7600,0,0,0,2941,4659,1.39957308042706,3.302661912900067,False
overtake,P2,18012,50,5.0,1.0,21.836474879561695,17.202168997219456,0.0026439451690449967,2.1892881419371734e-25,1000000000.0,45.12833333333333,45.12833333333333,3.877328780090512,1.908234975292958,inf,0,0,0,0,-1,inf,0,-1,0,0,-1,0,0,7600,0,0,0,2891,4709,1.39957308042706,3.302661912900067,False
overtake,P3,18012,50,5.0,1.0,21.836474879561695,17.202168997219456,0.0026439451690449967,2.1892881419371734e-25,1000000000.0,45.12833333333333,45.12833333333333,3.877328780090512,1.908234975292958,inf,0,0,0,0,-1,inf,0,-1,0,0,-1,0,0,7600,0,0,0,2891,4709,1.39957308042706,3.302661912900067,False
overtake,P4,18012,50,5.0,1.0,21.8270497282489,17.202168997219456,0.00264437022403609,2.1892881419371734e-25,1000000000.0,45.10000000000001,45.10000000000001,3.905621037830003,1.9662720536273182,inf,0,0,0,0,-1,inf,0,-1,0,0,-1,0,0,7600,0,0,0,2877,4723,1.39957308042706,3.302661912900067,False
overtake,P0,18013,50,5.0,1.0,21.63398546332153,17.202168997219456,0.0027070657278932585,2.1981208313978277e-25,1000000000.0,44.97,44.97,4.03543996252458,1.8536762802505191,inf,0,0,0,0,-1,inf,0,-1,0,0,-1,0,0,7600,0,0,0,2625,4975,1.5979627473050255,3.6208002426905805,False
overtake,P1,18013,50,5.0,1.0,22.003168874513076,17.202168997219456,0.002519378172938993,2.185109841583271e-25,1000000000.0,45.13000000000001,45.13000000000001,3.875664548324623,2.079184512189109,inf,0,0,0,0,-1,inf,0,-1,0,0,-1,0,0,7600,0,0,0,2743,4857,1.5979627473050255,3.6208002426905805,False
overtake,P2,18013,50,5.0,1.0,21.63398546332153,17.202168997219456,0.0027070657278932585,2.1981208313978277e-25,1000000000.0,44.97,44.97,4.03543996252458,1.8536762802505191,inf,0,0,0,0,-1,inf,0,-1,0,0,-1,0,0,7600,0,0,0,2625,4975,1.5979627473050255,3.6208002426905805,False
overtake,P3,18013,50,5.0,1.0,21.63398546332153,17.202168997219456,0.0027070657278932585,2.1981208313978277e-25,1000000000.0,44.97,44.97,4.03543996252458,1.8536762802505191,inf,0,0,0,0,-1,inf,0,-1,0,0,-1,0,0,7600,0,0,0,2625,4975,1.5979627473050255,3.6208002426905805,False
overtake,P4,18013,50,5.0,1.0,21.62556921890969,17.202168997219456,0.0027075322296602838,2.1981208313978277e-25,1000000000.0,44.936666666666675,44.936666666666675,4.068728728843703,1.9132777552829785,inf,0,0,0,0,-1,inf,0,-1,0,0,-1,0,0,7600,0,0,0,2614,4986,1.5979627473050255,3.6208002426905805,False
overtake,P0,18014,50,5.0,1.0,21.897925473453732,17.202168997219456,0.002595168389586405,2.197846319467302e-25,1000000000.0,45.12666666666665,45.12666666666665,3.8789930139472553,1.7480479416812564,inf,0,0,0,0,-1,inf,0,-1,0,0,-1,0,0,7600,0,0,0,2777,4823,1.5711927774221415,3.5535684128941183,False
overtake,P1,18014,50,5.0,1.0,22.036960543532263,17.202168997219456,0.002497946502974395,2.185109841583241e-25,1000000000.0,45.13333333333334,45.13333333333334,3.872336091076217,1.9988558770412637,inf,0,0,0,0,-1,inf,0,-1,0,0,-1,0,0,7600,0,0,0,2789,4811,1.5711927774221415,3.5535684128941183,False
overtake,P2,18014,50,5.0,1.0,21.897925473453732,17.202168997219456,0.002595168389586405,2.197846319467302e-25,1000000000.0,45.12666666666665,45.12666666666665,3.8789930139472553,1.7480479416812564,inf,0,0,0,0,-1,inf,0,-1,0,0,-1,0,0,7600,0,0,0,2777,4823,1.5711927774221415,3.5535684128941183,False
overtake,P3,18014,50,5.0,1.0,21.897925473453732,17.202168997219456,0.002595168389586405,2.197846319467302e-25,1000000000.0,45.12666666666665,45.12666666666665,3.8789930139472553,1.7480479416812564,inf,0,0,0,0,-1,inf,0,-1,0,0,-1,0,0,7600,0,0,0,2777,4823,1.5711927774221415,3.5535684128941183,False
overtake,P4,18014,50,5.0,1.0,21.897925473453732,17.202168997219456,0.002595168389586405,2.197846319467302e-25,1000000000.0,45.12666666666665,45.12666666666665,3.8789930139472553,1.7480479416812564,inf,0,0,0,0,-1,inf,0,-1,0,0,-1,0,0,7600,0,0,0,2777,4823,1.5711927774221415,3.5535684128941183,False
overtake,P0,18015,50,5.0,1.0,21.921161291065147,17.202168997219456,0.0026238236191360033,2.193140947173649e-25,1000000000.0,45.23366666666667,45.23366666666667,3.7721535585018433,1.5759068124646158,inf,0,0,0,0,-1,inf,0,-1,0,0,-1,0,0,7600,0,0,0,2786,4814,1.3831261568406676,3.283636133609215,False
overtake,P1,18015,50,5.0,1.0,22.096900489567073,17.202168997219456,0.00251672461915915,2.1851098425103816e-25,1000000000.0,45.28666666666666,45.28666666666666,3.7192364990122444,1.6114702893371435,inf,0,0,0,0,-1,inf,0,-1,0,0,-1,0,0,7600,0,0,0,2889,4711,1.3831261568406676,3.283636133609215,False
overtake,P2,18015,50,5.0,1.0,21.921161291065147,17.202168997219456,0.0026238236191360033,2.193140947173649e-25,1000000000.0,45.23366666666667,45.23366666666667,3.7721535585018433,1.5759068124646158,inf,0,0,0,0,-1,inf,0,-1,0,0,-1,0,0,7600,0,0,0,2786,4814,1.3831261568406676,3.283636133609215,False
overtake,P3,18015,50,5.0,1.0,21.921161291065147,17.202168997219456,0.0026238236191360033,2.193140947173649e-25,1000000000.0,45.23366666666667,45.23366666666667,3.7721535585018433,1.5759068124646158,inf,0,0,0,0,-1,inf,0,-1,0,0,-1,0,0,7600,0,0,0,2786,4814,1.3831261568406676,3.283636133609215,False
overtake,P4,18015,50,5.0,1.0,21.920075453440937,17.202168997219456,0.0026238540186170477,2.193140947173649e-25,1000000000.0,45.22666666666667,45.22666666666667,3.7791427778776527,1.5884426252584822,inf,0,0,0,0,-1,inf,0,-1,0,0,-1,0,0,7600,0,0,0,2783,4817,1.3831261568406676,3.283636133609215,False
overtake,P0,18016,50,5.0,1.0,21.933325509966384,17.202168997219456,0.002579347953269434,2.195988159318614e-25,1000000000.0,45.21466666666667,45.21466666666667,3.791124389357961,1.8089781375267067,inf,0,0,0,0,-1,inf,0,-1,0,0,-1,0,0,7600,0,0,0,2886,4714,1.372043976846025,3.332764882037368,False
overtake,P1,18016,50,5.0,1.0,21.974099424787795,17.202168997219456,0.0025165219852101113,2.185109841583271e-25,1000000000.0,45.163333333333334,45.163333333333334,3.8423803562702488,1.8975858028400254,inf,0,0,0,0,-1,inf,0,-1,0,0,-1,0,0,7600,0,0,0,2873,4727,1.372043976846025,3.332764882037368,False
overtake,P2,18016,50,5.0,1.0,21.88511001258991,17.202168997219456,0.002597641373914917,2.195988159318619e-25,1000000000.0,45.19833333333331,45.19833333333331,3.8074328799842294,1.807015704059781,inf,0,0,0,0,-1,inf,0,-1,0,0,-1,0,0,7600,0,0,0,2869,4731,1.372043976846025,3.332764882037368,False
overtake,P3,18016,50,5.0,1.0,21.933325509966384,17.202168997219456,0.002579347953269434,2.195988159318614e-25,1000000000.0,45.21466666666667,45.21466666666667,3.791124389357961,1.8089781375267067,inf,0,0,0,0,-1,inf,0,-1,0,0,-1,0,0,7600,0,0,0,2886,4714,1.372043976846025,3.332764882037368,False
overtake,P4,18016,50,5.0,1.0,21.926861425584413,17.202168997219456,0.0025796905028155136,2.195988159318614e-25,1000000000.0,45.20066666666666,45.20066666666666,3.8051030825613883,1.8202988922436936,inf,0,0,0,0,-1,inf,0,-1,0,0,-1,0,0,7600,0,0,0,2881,4719,1.372043976846025,3.332764882037368,False
overtake,P0,18017,50,5.0,1.0,22.12108096727509,17.202168997219456,0.002507894195411515,2.185109841583271e-25,1000000000.0,45.39833333333331,45.39833333333331,3.6077525509544452,1.753892088427246,inf,0,0,0,0,-1,inf,0,-1,0,0,-1,0,0,7600,0,0,0,3000,4600,1.506076534190226,3.535215756525818,False
overtake,P1,18017,50,5.0,1.0,22.00535784216655,17.202168997219456,0.0025184329148236467,2.185109841583271e-25,1000000000.0,45.12333333333335,45.12333333333335,3.8823214879224905,2.0151734149221436,inf,0,0,0,0,-1,inf,0,-1,0,0,-1,0,0,7600,0,0,0,2904,4696,1.506076534190226,3.535215756525818,False
overtake,P2,18017,50,5.0,1.0,22.12108096727509,17.202168997219456,0.002507894195411515,2.185109841583271e-25,1000000000.0,45.39833333333331,45.39833333333331,3.6077525509544452,1.753892088427246,inf,0,0,0,0,-1,inf,0,-1,0,0,-1,0,0,7600,0,0,0,3000,4600,1.506076534190226,3.535215756525818,False
overtake,P3,18017,50,5.0,1.0,22.12108096727509,17.202168997219456,0.002507894195411515,2.185109841583271e-25,1000000000.0,45.39833333333331,45.39833333333331,3.6077525509544452,1.753892088427246,inf,0,0,0,0,-1,inf,0,-1,0,0,-1,0,0,7600,0,0,0,3000,4600,1.506076534190226,3.535215756525818,False
overtake,P4,18017,50,5.0,1.0,22.12108096727509,17.202168997219456,0.002507894195411515,2.185109841583271e-25,1000000000.0,45.39833333333331,45.39833333333331,3.6077525509544452,1.753892088427246,inf,0,0,0,0,-1,inf,0,-1,0,0,-1,0,0,7600,0,0,0,3000,4600,1.506076534190226,3.535215756525818,False
overtake,P0,18018,50,5.0,1.0,22.02189054188802,17.202168997219456,0.002608296435818243,2.193693715308706e-25,1000000000.0,45.34699999999998,45.34699999999998,3.659000504391947,1.5058681974878831,inf,0,0,0,0,-1,inf,0,-1,0,0,-1,0,0,7600,0,0,0,2791,4809,1.4392811113434063,3.353673517364498,False
overtake,P1,18018,50,5.0,1.0,22.197967869691443,17.202168997219456,0.002485697141973101,2.185109841583241e-25,1000000000.0,45.44000000000001,45.44000000000001,3.566156991936879,1.4490193231782242,inf,0,0,0,0,-1,inf,0,-1,0,0,-1,0,0,7600,0,0,0,2887,4713,1.4392811113434063,3.353673517364498,False
overtake,P2,18018,50,5.0,1.0,21.86208252930977,17.202168997219456,0.0026394350866388383,2.193693715308706e-25,1000000000.0,45.22366666666667,45.22366666666667,3.7821381698167538,1.5407227218829482,inf,0,0,0,0,-1,inf,0,-1,0,0,-1,0,0,7600,0,0,0,2717,4883,1.4392811113434063,3.353673517364498,False
overtake,P3,18018,50,5.0,1.0,21.921288650057022,17.202168997219456,0.0026235241979653667,2.193693715308706e-25,1000000000.0,45.263666666666644,45.263666666666644,3.7422002176417983,1.5371353957992413,inf,0,0,0,0,-1,inf,0,-1,0,0,-1,0,0,7600,0,0,0,2742,4858,1.4392811113434063,3.353673517364498,False
overtake,P4,18018,50,5.0,1.0,21.86208252930977,17.202168997219456,0.0026394350866388383,2.193693715308706e-25,1000000000.0,45.22366666666667,45.22366666666667,3.7821381698167538,1.5407227218829482,inf,0,0,0,0,-1,inf,0,-1,0,0,-1,0,0,7600,0,0,0,2717,4883,1.4392811113434063,3.353673517364498,False
overtake,P0,18019,50,5.0,1.0,21.655233344639832,17.202168997219456,0.002729111494150845,2.198525180811281e-25,1000000000.0,44.99399999999998,44.99399999999998,4.0114725090844825,1.9224715914275428,inf,0,0,0,0,-1,inf,0,-1,0,0,-1,0,0,7600,0,0,0,2662,4938,1.5919385840837919,3.558993198263274,False
overtake,P1,18019,50,5.0,1.0,21.83580801988441,17.202168997219456,0.0025604546906110998,2.185109841624888e-25,1000000000.0,44.97999999999999,44.97999999999999,4.025453476459573,2.0159273585150173,inf,0,0,0,0,-1,inf,0,-1,0,0,-1,0,0,7600,0,0,0,2686,4914,1.5919385840837919,3.558993198263274,False
overtake,P2,18019,50,5.0,1.0,21.655233344639832,17.202168997219456,0.002729111494150845,2.198525180811281e-25,1000000000.0,44.99399999999998,44.99399999999998,4.0114725090844825,1.9224715914275428,inf,0,0,0,0,-1,inf,0,-1,0,0,-1,0,0,7600,0,0,0,2662,4938,1.5919385840837919,3.558993198263274,False
overtake,P3,18019,50,5.0,1.0,21.655233344639832,17.202168997219456,0.002729111494150845,2.198525180811281e-25,1000000000.0,44.99399999999998,44.99399999999998,4.0114725090844825,1.9224715914275428,inf,0,0,0,0,-1,inf,0,-1,0,0,-1,0,0,7600,0,0,0,2662,4938,1.5919385840837919,3.558993198263274,False
overtake,P4,18019,50,5.0,1.0,21.655233344639832,17.202168997219456,0.002729111494150845,2.198525180811281e-25,1000000000.0,44.99399999999998,44.99399999999998,4.0114725090844825,1.9224715914275428,inf,0,0,0,0,-1,inf,0,-1,0,0,-1,0,0,7600,0,0,0,2662,4938,1.5919385840837919,3.558993198263274,False
intersection_turn,P0,18000,50,5.0,1.0,18.463095986037715,14.72403780401211,0.009575975048852613,2.2614855272116717e-15,999999999.9999979,42.64999999999999,42.64999999999999,5.4094824151669165,3.9550147740798045,inf,0,0,0,0,-1,inf,0,-1,0,0,-1,0,0,7600,0,0,0,2415,5185,1.414579135854445,3.242358271038134,False
intersection_turn,P1,18000,50,5.0,1.0,18.463095986037715,14.72403780401211,0.009575975048852613,2.2614855272116717e-15,999999999.9999979,42.64999999999999,42.64999999999999,5.4094824151669165,3.9550147740798045,inf,0,0,0,0,-1,inf,0,-1,0,0,-1,0,0,7600,0,0,0,2415,5185,1.414579135854445,3.242358271038134,False
intersection_turn,P2,18000,50,5.0,1.0,18.463095986037715,14.72403780401211,0.009575975048852613,2.2614855272116717e-15,999999999.9999979,42.64999999999999,42.64999999999999,5.4094824151669165,3.9550147740798045,inf,0,0,0,0,-1,inf,0,-1,0,0,-1,0,0,7600,0,0,0,2415,5185,1.414579135854445,3.242358271038134,False
intersection_turn,P3,18000,50,5.0,1.0,18.463095986037715,14.72403780401211,0.009575975048852613,2.2614855272116717e-15,999999999.9999979,42.64999999999999,42.64999999999999,5.4094824151669165,3.9550147740798045,inf,0,0,0,0,-1,inf,0,-1,0,0,-1,0,0,7600,0,0,0,2415,5185,1.414579135854445,3.242358271038134,False
intersection_turn,P4,18000,50,5.0,1.0,18.463095986037715,14.72403780401211,0.009575975048852613,2.2614855272116717e-15,999999999.9999979,42.64999999999999,42.64999999999999,5.4094824151669165,3.9550147740798045,inf,0,0,0,0,-1,inf,0,-1,0,0,-1,0,0,7600,0,0,0,2415,5185,1.414579135854445,3.242358271038134,False
intersection_turn,P0,18001,50,5.0,1.0,18.462727770563436,14.72403780401211,0.009576233213733437,2.2614855272116717e-15,999999999.9999979,42.69999999999998,42.69999999999998,5.360037313302977,3.9550147740798045,inf,0,0,0,0,-1,inf,0,-1,0,0,-1,0,0,7600,0,0,0,2488,5112,1.551254976329323,3.490512288429962,False
intersection_turn,P1,18001,50,5.0,1.0,18.462727770563436,14.72403780401211,0.009576233213733437,2.2614855272116717e-15,999999999.9999979,42.69999999999998,42.69999999999998,5.360037313302977,3.9550147740798045,inf,0,0,0,0,-1,inf,0,-1,0,0,-1,0,0,7600,0,0,0,2488,5112,1.551254976329323,3.490512288429962,False
intersection_turn,P2,18001,50,5.0,1.0,18.462727770563436,14.72403780401211,0.009576233213733437,2.2614855272116717e-15,999999999.9999979,42.69999999999998,42.69999999999998,5.360037313302977,3.9550147740798045,inf,0,0,0,0,-1,inf,0,-1,0,0,-1,0,0,7600,0,0,0,2488,5112,1.551254976329323,3.490512288429962,False
intersection_turn,P3,18001,50,5.0,1.0,18.462727770563436,14.72403780401211,0.009576233213733437,2.2614855272116717e-15,999999999.9999979,42.69999999999998,42.69999999999998,5.360037313302977,3.9550147740798045,inf,0,0,0,0,-1,inf,0,-1,0,0,-1,0,0,7600,0,0,0,2488,5112,1.551254976329323,3.490512288429962,False
intersection_turn,P4,18001,50,5.0,1.0,18.462727770563436,14.72403780401211,0.009576233213733437,2.2614855272116717e-15,999999999.9999979,42.69999999999998,42.69999999999998,5.360037313302977,3.9550147740798045,inf,0,0,0,0,-1,inf,0,-1,0,0,-1,0,0,7600,0,0,0,2488,5112,1.551254976329323,3.490512288429962,False
intersection_turn,P0,18002,50,5.0,1.0,18.462851925909487,14.72403780401211,0.009576047598054086,2.2614855272116717e-15,999999999.9999979,42.65999999999998,42.65999999999998,5.399592577222858,3.9550147740798045,inf,0,0,0,0,-1,inf,0,-1,0,0,-1,0,0,7600,0,0,0,2386,5214,1.398597446264471,3.1800314150434867,False
intersection_turn,P1,18002,50,5.0,1.0,18.46117749289185,14.72403780401211,0.009576929249907244,2.2614855272116717e-15,999999999.9999979,42.61999999999999,42.61999999999999,5.439154346035798,3.9550147740798045,inf,0,0,0,0,-1,inf,0,-1,0,0,-1,0,0,7600,0,0,0,2379,5221,1.398597446264471,3.1800314150434867,False
intersection_turn,P2,18002,50,5.0,1.0,18.462851925909487,14.72403780401211,0.009576047598054086,2.2614855272116717e-15,999999999.9999979,42.65999999999998,42.65999999999998,5.399592577222858,3.9550147740798045,inf,0,0,0,0,-1,inf,0,-1,0,0,-1,0,0,7600,0,0,0,2386,5214,1.398597446264471,3.1800314150434867,False
intersection_turn,P3,18002,50,5.0,1.0,18.462851925909487,14.72403780401211,0.009576047598054086,2.2614855272116717e-15,999999999.9999979,42.65999999999998,42.65999999999998,5.399592577222858,3.9550147740798045,inf,0,0,0,0,-1,inf,0,-1,0,0,-1,0,0,7600,0,0,0,2386,5214,1.398597446264471,3.1800314150434867,False
intersection_turn,P4,18002,50,5.0,1.0,18.462851925909487,14.72403780401211,0.009576047598054086,2.2614855272116717e-15,999999999.9999979,42.65999999999998,42.65999999999998,5.399592577222858,3.9550147740798045,inf,0,0,0,0,-1,inf,0,-1,0,0,-1,0,0,7600,0,0,0,2386,5214,1.398597446264471,3.1800314150434867,False
intersection_turn,P0,18003,50,5.0,1.0,18.424610048222718,14.72403780401211,0.009606108643881192,2.2614855272116717e-15,999999999.9999979,42.5033333333333,42.5033333333333,5.554578691894173,3.9550147740798045,inf,0,0,0,0,-1,inf,0,-1,0,0,-1,0,0,7600,0,0,0,2249,5351,1.5735719273011781,3.5468321073782065,False
intersection_turn,P1,18003,50,5.0,1.0,18.417077886098955,14.72403780401211,0.009611953702307226,2.2614855272116717e-15,999999999.9999979,42.459999999999994,42.459999999999994,5.597463711360715,3.9550147740798045,inf,0,0,0,0,-1,inf,0,-1,0,0,-1,0,0,7600,0,0,0,2226,5374,1.5735719273011781,3.5468321073782065,False
intersection_turn,P2,18003,50,5.0,1.0,18.424610048222718,14.72403780401211,0.009606108643881192,2.2614855272116717e-15,999999999.9999979,42.5033333333333,42.5033333333333,5.554578691894173,3.9550147740798045,inf,0,0,0,0,-1,inf,0,-1,0,0,-1,0,0,7600,0,0,0,2249,5351,1.5735719273011781,3.5468321073782065,False
intersection_turn,P3,18003,50,5.0,1.0,18.424610048222718,14.72403780401211,0.009606108643881192,2.2614855272116717e-15,999999999.9999979,42.5033333333333,42.5033333333333,5.554578691894173,3.9550147740798045,inf,0,0,0,0,-1,inf,0,-1,0,0,-1,0,0,7600,0,0,0,2249,5351,1.5735719273011781,3.5468321073782065,False
intersection_turn,P4,18003,50,5.0,1.0,18.424610048222718,14.72403780401211,0.009606108643881192,2.2614855272116717e-15,999999999.9999979,42.5033333333333,42.5033333333333,5.554578691894173,3.9550147740798045,inf,0,0,0,0,-1,inf,0,-1,0,0,-1,0,0,7600,0,0,0,2249,5351,1.5735719273011781,3.5468321073782065,False
intersection_turn,P0,18004,50,5.0,1.0,18.468761565758403,14.72403780401211,0.009572891744549544,2.2614855272116717e-15,999999999.9999979,42.763333333333314,42.763333333333314,5.2974218047818304,3.9550147740798045,inf,0,0,0,0,-1,inf,0,-1,0,0,-1,0,0,7600,0,0,0,2407,5193,1.49865852548331,3.383813850232051,False
intersection_turn,P1,18004,50,5.0,1.0,18.466952665374205,14.72403780401211,0.009573872069375454,2.2614855272116717e-15,999999999.9999979,42.72999999999999,42.72999999999999,5.3303752213141715,3.9550147740798045,inf,0,0,0,0,-1,inf,0,-1,0,0,-1,0,0,7600,0,0,0,2403,5197,1.49865852548331,3.383813850232051,False
intersection_turn,P2,18004,50,5.0,1.0,18.468761565758403,14.72403780401211,0.009572891744549544,2.2614855272116717e-15,999999999.9999979,42.763333333333314,42.763333333333314,5.2974218047818304,3.9550147740798045,inf,0,0,0,0,-1,inf,0,-1,0,0,-1,0,0,7600,0,0,0,2407,5193,1.49865852548331,3.383813850232051,False
intersection_turn,P3,18004,50,5.0,1.0,18.468761565758403,14.72403780401211,0.009572891744549544,2.2614855272116717e-15,999999999.9999979,42.763333333333314,42.763333333333314,5.2974218047818304,3.9550147740798045,inf,0,0,0,0,-1,inf,0,-1,0,0,-1,0,0,7600,0,0,0,2407,5193,1.49865852548331,3.383813850232051,False
intersection_turn,P4,18004,50,5.0,1.0,18.468761565758403,14.72403780401211,0.009572891744549544,2.2614855272116717e-15,999999999.9999979,42.763333333333314,42.763333333333314,5.2974218047818304,3.9550147740798045,inf,0,0,0,0,-1,inf,0,-1,0,0,-1,0,0,7600,0,0,0,2407,5193,1.49865852548331,3.383813850232051,False
intersection_turn,P0,18005,50,5.0,1.0,18.466178207148058,14.72403780401211,0.009574000725314957,2.2614855272116717e-15,999999999.9999979,42.616666666666646,42.616666666666646,5.442451449280738,3.9550147740798045,inf,0,0,0,0,-1,inf,0,-1,0,0,-1,0,0,7600,0,0,0,2353,5247,1.5604268264450059,3.575793205916237,False
intersection_turn,P1,18005,50,5.0,1.0,18.467643267466052,14.72403780401211,0.009573282678735832,2.2614855272116717e-15,999999999.9999979,42.65999999999999,42.65999999999999,5.399592577222851,3.9550147740798045,inf,0,0,0,0,-1,inf,0,-1,0,0,-1,0,0,7600,0,0,0,2359,5241,1.5604268264450059,3.575793205916237,False
intersection_turn,P2,18005,50,5.0,1.0,18.466178207148058,14.72403780401211,0.009574000725314957,2.2614855272116717e-15,999999999.9999979,42.616666666666646,42.616666666666646,5.442451449280738,3.9550147740798045,inf,0,0,0,0,-1,inf,0,-1,0,0,-1,0,0,7600,0,0,0,2353,5247,1.5604268264450059,3.575793205916237,False
intersection_turn,P3,18005,50,5.0,1.0,18.466178207148058,14.72403780401211,0.009574000725314957,2.2614855272116717e-15,999999999.9999979,42.616666666666646,42.616666666666646,5.442451449280738,3.9550147740798045,inf,0,0,0,0,-1,inf,0,-1,0,0,-1,0,0,7600,0,0,0,2353,5247,1.5604268264450059,3.575793205916237,False
intersection_turn,P4,18005,50,5.0,1.0,18.466178207148058,14.72403780401211,0.009574000725314957,2.2614855272116717e-15,999999999.9999979,42.616666666666646,42.616666666666646,5.442451449280738,3.9550147740798045,inf,0,0,0,0,-1,inf,0,-1,0,0,-1,0,0,7600,0,0,0,2353,5247,1.5604268264450059,3.575793205916237,False
intersection_turn,P0,18006,50,5.0,1.0,18.461959933951917,14.72403780401211,0.009576314079579342,2.2614855272116717e-15,999999999.9999979,42.58999999999999,42.58999999999999,5.468829856559822,3.9550147740798045,inf,0,0,0,0,-1,inf,0,-1,0,0,-1,0,0,7600,0,0,0,2459,5141,1.4357412399968437,3.264794123885184,False
intersection_turn,P1,18006,50,5.0,1.0,18.461959933951917,14.72403780401211,0.009576314079579342,2.2614855272116717e-15,999999999.9999979,42.58999999999999,42.58999999999999,5.468829856559822,3.9550147740798045,inf,0,0,0,0,-1,inf,0,-1,0,0,-1,0,0,7600,0,0,0,2459,5141,1.4357412399968437,3.264794123885184,False
intersection_turn,P2,18006,50,5.0,1.0,18.461959933951917,14.72403780401211,0.009576314079579342,2.2614855272116717e-15,999999999.9999979,42.58999999999999,42.58999999999999,5.468829856559822,3.9550147740798045,inf,0,0,0,0,-1,inf,0,-1,0,0,-1,0,0,7600,0,0,0,2459,5141,1.4357412399968437,3.264794123885184,False
intersection_turn,P3,18006,50,5.0,1.0,18.461959933951917,14.72403780401211,0.009576314079579342,2.2614855272116717e-15,999999999.9999979,42.58999999999999,42.58999999999999,5.468829856559822,3.9550147740798045,inf,0,0,0,0,-1,inf,0,-1,0,0,-1,0,0,7600,0,0,0,2459,5141,1.4357412399968437,3.264794123885184,False
intersection_turn,P4,18006,50,5.0,1.0,18.461959933951917,14.72403780401211,0.009576314079579342,2.2614855272116717e-15,999999999.9999979,42.58999999999999,42.58999999999999,5.468829856559822,3.9550147740798045,inf,0,0,0,0,-1,inf,0,-1,0,0,-1,0,0,7600,0,0,0,2459,5141,1.4357412399968437,3.264794123885184,False
intersection_turn,P0,18007,50,5.0,1.0,18.314595146836172,14.72403780401211,0.009883624135011869,2.2857810681714177e-15,999999999.9999976,42.27000000000004,42.27000000000004,5.78557689431223,4.200509536258781,inf,0,0,0,0,-1,inf,0,-1,0,0,-1,0,0,7600,0,0,0,2212,5388,1.5726797178404996,3.5095645378043994,False
intersection_turn,P1,18007,50,5.0,1.0,18.314461993736394,14.72403780401211,0.00988369031649741,2.2857810681714177e-15,999999999.9999976,42.26000000000003,42.26000000000003,5.795480998157066,4.200509536258781,inf,0,0,0,0,-1,inf,0,-1,0,0,-1,0,0,7600,0,0,0,2212,5388,1.5726797178404996,3.5095645378043994,False
intersection_turn,P2,18007,50,5.0,1.0,18.314595146836172,14.72403780401211,0.009883624135011869,2.2857810681714177e-15,999999999.9999976,42.27000000000004,42.27000000000004,5.78557689431223,4.200509536258781,inf,0,0,0,0,-1,inf,0,-1,0,0,-1,0,0,7600,0,0,0,2212,5388,1.5726797178404996,3.5095645378043994,False
intersection_turn,P3,18007,50,5.0,1.0,18.314595146836172,14.72403780401211,0.009883624135011869,2.2857810681714177e-15,999999999.9999976,42.27000000000004,42.27000000000004,5.78557689431223,4.200509536258781,inf,0,0,0,0,-1,inf,0,-1,0,0,-1,0,0,7600,0,0,0,2212,5388,1.5726797178404996,3.5095645378043994,False
intersection_turn,P4,18007,50,5.0,1.0,18.314595146836172,14.72403780401211,0.009883624135011869,2.2857810681714177e-15,999999999.9999976,42.27000000000004,42.27000000000004,5.78557689431223,4.200509536258781,inf,0,0,0,0,-1,inf,0,-1,0,0,-1,0,0,7600,0,0,0,2212,5388,1.5726797178404996,3.5095645378043994,False
intersection_turn,P0,18008,50,5.0,1.0,18.459416618671007,14.72403780401211,0.00957800611728422,2.2614855272116717e-15,999999999.9999979,42.603333333333325,42.603333333333325,5.455640302577802,3.9550147740798045,inf,0,0,0,0,-1,inf,0,-1,0,0,-1,0,0,7600,0,0,0,2352,5248,1.5251373905848098,3.4330040034399785,False
intersection_turn,P1,18008,50,5.0,1.0,18.457913361860765,14.72403780401211,0.009578786571099555,2.2614855272116717e-15,999999999.9999979,42.573333333333316,42.573333333333316,5.485317776675413,3.9550147740798045,inf,0,0,0,0,-1,inf,0,-1,0,0,-1,0,0,7600,0,0,0,2338,5262,1.5251373905848098,3.4330040034399785,False
intersection_turn,P2,18008,50,5.0,1.0,18.459416618671007,14.72403780401211,0.00957800611728422,2.2614855272116717e-15,999999999.9999979,42.603333333333325,42.603333333333325,5.455640302577802,3.9550147740798045,inf,0,0,0,0,-1,inf,0,-1,0,0,-1,0,0,7600,0,0,0,2352,5248,1.5251373905848098,3.4330040034399785,False
intersection_turn,P3,18008,50,5.0,1.0,18.459416618671007,14.72403780401211,0.00957800611728422,2.2614855272116717e-15,999999999.9999979,42.603333333333325,42.603333333333325,5.455640302577802,3.9550147740798045,inf,0,0,0,0,-1,inf,0,-1,0,0,-1,0,0,7600,0,0,0,2352,5248,1.5251373905848098,3.4330040034399785,False
intersection_turn,P4,18008,50,5.0,1.0,18.459416618671007,14.72403780401211,0.00957800611728422,2.2614855272116717e-15,999999999.9999979,42.603333333333325,42.603333333333325,5.455640302577802,3.9550147740798045,inf,0,0,0,0,-1,inf,0,-1,0,0,-1,0,0,7600,0,0,0,2352,5248,1.5251373905848098,3.4330040034399785,False
intersection_turn,P0,18009,50,5.0,1.0,18.462616997607025,14.72403780401211,0.009575988253709889,2.2614855272116717e-15,999999999.9999979,42.609999999999985,42.609999999999985,5.449045788025658,3.9550147740798045,inf,0,0,0,0,-1,inf,0,-1,0,0,-1,0,0,7600,0,0,0,2370,5230,1.4648941852565935,3.3808233573971282,False
intersection_turn,P1,18009,50,5.0,1.0,18.461959933951917,14.72403780401211,0.009576314079579342,2.2614855272116717e-15,999999999.9999979,42.58999999999999,42.58999999999999,5.468829856559822,3.9550147740798045,inf,0,0,0,0,-1,inf,0,-1,0,0,-1,0,0,7600,0,0,0,2364,5236,1.4648941852565935,3.3808233573971282,False
intersection_turn,P2,18009,50,5.0,1.0,18.462616997607025,14.72403780401211,0.009575988253709889,2.2614855272116717e-15,999999999.9999979,42.609999999999985,42.609999999999985,5.449045788025658,3.9550147740798045,inf,0,0,0,0,-1,inf,0,-1,0,0,-1,0,0,7600,0,0,0,2370,5230,1.4648941852565935,3.3808233573971282,False
intersection_turn,P3,18009,50,5.0,1.0,18.462616997607025,14.72403780401211,0.009575988253709889,2.2614855272116717e-15,999999999.9999979,42.609999999999985,42.609999999999985,5.449045788025658,3.9550147740798045,inf,0,0,0,0,-1,inf,0,-1,0,0,-1,0,0,7600,0,0,0,2370,5230,1.4648941852565935,3.3808233573971282,False
intersection_turn,P4,18009,50,5.0,1.0,18.462616997607025,14.72403780401211,0.009575988253709889,2.2614855272116717e-15,999999999.9999979,42.609999999999985,42.609999999999985,5.449045788025658,3.9550147740798045,inf,0,0,0,0,-1,inf,0,-1,0,0,-1,0,0,7600,0,0,0,2370,5230,1.4648941852565935,3.3808233573971282,False
intersection_turn,P0,18010,50,5.0,1.0,18.441459728926844,14.72403780401211,0.009589252455572739,2.2614855272116717e-15,999999999.9999979,42.466666666666676,42.466666666666676,5.590865566061992,3.9550147740798045,inf,0,0,0,0,-1,inf,0,-1,0,0,-1,0,0,7600,0,0,0,2251,5349,1.4926595811581334,3.357815317819289,False
intersection_turn,P1,18010,50,5.0,1.0,18.441369909917494,14.72403780401211,0.009589295256143649,2.2614855272116717e-15,999999999.9999979,42.46,42.46,5.5974637113607075,3.9550147740798045,inf,0,0,0,0,-1,inf,0,-1,0,0,-1,0,0,7600,0,0,0,2249,5351,1.4926595811581334,3.357815317819289,False
intersection_turn,P2,18010,50,5.0,1.0,18.441459728926844,14.72403780401211,0.009589252455572739,2.2614855272116717e-15,999999999.9999979,42.466666666666676,42.466666666666676,5.590865566061992,3.9550147740798045,inf,0,0,0,0,-1,inf,0,-1,0,0,-1,0,0,7600,0,0,0,2251,5349,1.4926595811581334,3.357815317819289,False
intersection_turn,P3,18010,50,5.0,1.0,18.441459728926844,14.72403780401211,0.009589252455572739,2.2614855272116717e-15,999999999.9999979,42.466666666666676,42.466666666666676,5.590865566061992,3.9550147740798045,inf,0,0,0,0,-1,inf,0,-1,0,0,-1,0,0,7600,0,0,0,2251,5349,1.4926595811581334,3.357815317819289,False
intersection_turn,P4,18010,50,5.0,1.0,18.441459728926844,14.72403780401211,0.009589252455572739,2.2614855272116717e-15,999999999.9999979,42.466666666666676,42.466666666666676,5.590865566061992,3.9550147740798045,inf,0,0,0,0,-1,inf,0,-1,0,0,-1,0,0,7600,0,0,0,2251,5349,1.4926595811581334,3.357815317819289,False
intersection_turn,P0,18011,50,5.0,1.0,18.46345906563658,14.72403780401211,0.009575555067929554,2.2614855272116717e-15,999999999.9999979,42.64666666666666,42.64666666666666,5.412779117771003,3.9550147740798045,inf,0,0,0,0,-1,inf,0,-1,0,0,-1,0,0,7600,0,0,0,2356,5244,1.4452506637836575,3.2714827319016946,False
intersection_turn,P1,18011,50,5.0,1.0,18.462277194338473,14.72403780401211,0.009576167999927504,2.2614855272116717e-15,999999999.9999979,42.61999999999998,42.61999999999998,5.439154346035805,3.9550147740798045,inf,0,0,0,0,-1,inf,0,-1,0,0,-1,0,0,7600,0,0,0,2342,5258,1.4452506637836575,3.2714827319016946,False
intersection_turn,P2,18011,50,5.0,1.0,18.46345906563658,14.72403780401211,0.009575555067929554,2.2614855272116717e-15,999999999.9999979,42.64666666666666,42.64666666666666,5.412779117771003,3.9550147740798045,inf,0,0,0,0,-1,inf,0,-1,0,0,-1,0,0,7600,0,0,0,2356,5244,1.4452506637836575,3.2714827319016946,False
intersection_turn,P3,18011,50,5.0,1.0,18.46345906563658,14.72403780401211,0.009575555067929554,2.2614855272116717e-15,999999999.9999979,42.64666666666666,42.64666666666666,5.412779117771003,3.9550147740798045,inf,0,0,0,0,-1,inf,0,-1,0,0,-1,0,0,7600,0,0,0,2356,5244,1.4452506637836575,3.2714827319016946,False
intersection_turn,P4,18011,50,5.0,1.0,18.46345906563658,14.72403780401211,0.009575555067929554,2.2614855272116717e-15,999999999.9999979,42.64666666666666,42.64666666666666,5.412779117771003,3.9550147740798045,inf,0,0,0,0,-1,inf,0,-1,0,0,-1,0,0,7600,0,0,0,2356,5244,1.4452506637836575,3.2714827319016946,False
intersection_turn,P0,18012,50,5.0,1.0,18.46143300527891,14.72403780401211,0.009576840945494458,2.2614855272116717e-15,999999999.9999979,42.62,42.62,5.4391543460357905,3.9550147740798045,inf,0,0,0,0,-1,inf,0,-1,0,0,-1,0,0,7600,0,0,0,2449,5151,1.3972411641126095,3.212506317112604,False
intersection_turn,P1,18012,50,5.0,1.0,18.459336091125195,14.72403780401211,0.009577922350068711,2.2614855272116717e-15,999999999.9999979,42.569999999999986,42.569999999999986,5.488615490267118,3.9550147740798045,inf,0,0,0,0,-1,inf,0,-1,0,0,-1,0,0,7600,0,0,0,2440,5160,1.3972411641126095,3.212506317112604,False
intersection_turn,P2,18012,50,5.0,1.0,18.46143300527891,14.72403780401211,0.009576840945494458,2.2614855272116717e-15,999999999.9999979,42.62,42.62,5.4391543460357905,3.9550147740798045,inf,0,0,0,0,-1,inf,0,-1,0,0,-1,0,0,7600,0,0,0,2449,5151,1.3972411641126095,3.212506317112604,False
intersection_turn,P3,18012,50,5.0,1.0,18.46143300527891,14.72403780401211,0.009576840945494458,2.2614855272116717e-15,999999999.9999979,42.62,42.62,5.4391543460357905,3.9550147740798045,inf,0,0,0,0,-1,inf,0,-1,0,0,-1,0,0,7600,0,0,0,2449,5151,1.3972411641126095,3.212506317112604,False
intersection_turn,P4,18012,50,5.0,1.0,18.522484908819703,14.72403780401211,0.009557158994636559,2.2614855272116717e-15,999999999.9999979,42.61999999999999,42.61946357068599,5.435568469958471,3.9550147740798045,inf,0,0,0,0,-1,inf,0,-1,0,0,-1,0,0,7600,23,0,0,2429,5148,1.3972411641126095,3.212506317112604,False
intersection_turn,P0,18013,50,5.0,1.0,18.46046984927415,14.72403780401211,0.009577703168251205,2.2614855272116717e-15,999999999.9999979,42.66,42.66,5.399592577222844,3.9550147740798045,inf,0,0,0,0,-1,inf,0,-1,0,0,-1,0,0,7600,0,0,0,2303,5297,1.5750065584658464,3.4664736022879583,False
intersection_turn,P1,18013,50,5.0,1.0,18.458211879464805,14.72403780401211,0.009578872822639804,2.2614855272116717e-15,999999999.9999979,42.59999999999999,42.59999999999999,5.458937625582485,3.9550147740798045,inf,0,0,0,0,-1,inf,0,-1,0,0,-1,0,0,7600,0,0,0,2290,5310,1.5750065584658464,3.4664736022879583,False
intersection_turn,P2,18013,50,5.0,1.0,18.46046984927415,14.72403780401211,0.009577703168251205,2.2614855272116717e-15,999999999.9999979,42.66,42.66,5.399592577222844,3.9550147740798045,inf,0,0,0,0,-1,inf,0,-1,0,0,-1,0,0,7600,0,0,0,2303,5297,1.5750065584658464,3.4664736022879583,False
intersection_turn,P3,18013,50,5.0,1.0,18.46046984927415,14.72403780401211,0.009577703168251205,2.2614855272116717e-15,999999999.9999979,42.66,42.66,5.399592577222844,3.9550147740798045,inf,0,0,0,0,-1,inf,0,-1,0,0,-1,0,0,7600,0,0,0,2303,5297,1.5750065584658464,3.4664736022879583,False
intersection_turn,P4,18013,50,5.0,1.0,18.46046984927415,14.72403780401211,0.009577703168251205,2.2614855272116717e-15,999999999.9999979,42.66,42.66,5.399592577222844,3.9550147740798045,inf,0,0,0,0,-1,inf,0,-1,0,0,-1,0,0,7600,0,0,0,2303,5297,1.5750065584658464,3.4664736022879583,False
intersection_turn,P0,18014,50,5.0,1.0,18.471465763820774,14.72403780401211,0.009571495529780299,2.2614855272116717e-15,999999999.9999979,42.81666666666664,42.81666666666664,5.244706325853213,3.9550147740798045,inf,0,0,0,0,-1,inf,0,-1,0,0,-1,0,0,7600,0,0,0,2362,5238,1.5957532227887292,3.470953595883764,False
intersection_turn,P1,18014,50,5.0,1.0,18.46966834782234,14.72403780401211,0.009572415563561887,2.2614855272116717e-15,999999999.9999979,42.769999999999996,42.769999999999996,5.290831692654761,3.9550147740798045,inf,0,0,0,0,-1,inf,0,-1,0,0,-1,0,0,7600,0,0,0,2359,5241,1.5957532227887292,3.470953595883764,False
intersection_turn,P2,18014,50,5.0,1.0,18.471465763820774,14.72403780401211,0.009571495529780299,2.2614855272116717e-15,999999999.9999979,42.81666666666664,42.81666666666664,5.244706325853213,3.9550147740798045,inf,0,0,0,0,-1,inf,0,-1,0,0,-1,0,0,7600,0,0,0,2362,5238,1.5957532227887292,3.470953595883764,False
intersection_turn,P3,18014,50,5.0,1.0,18.471465763820774,14.72403780401211,0.009571495529780299,2.2614855272116717e-15,999999999.9999979,42.81666666666664,42.81666666666664,5.244706325853213,3.9550147740798045,inf,0,0,0,0,-1,inf,0,-1,0,0,-1,0,0,7600,0,0,0,2362,5238,1.5957532227887292,3.470953595883764,False
intersection_turn,P4,18014,50,5.0,1.0,18.533910122401487,14.72403780401211,0.009552193111162875,2.2614855272116717e-15,999999999.9999979,42.81666666666665,42.816142693939526,5.240949483233931,3.9550147740798045,inf,0,0,0,0,-1,inf,0,-1,0,0,-1,0,0,7600,23,0,0,2342,5235,1.5957532227887292,3.470953595883764,False
intersection_turn,P0,18015,50,5.0,1.0,18.456522742968517,14.72403780401211,0.009580203737549043,2.2614855272116717e-15,999999999.9999979,42.57999999999998,42.57999999999998,5.478722478826633,3.9550147740798045,inf,0,0,0,0,-1,inf,0,-1,0,0,-1,0,0,7600,0,0,0,2296,5304,1.4120020106509004,3.234166830311764,False
intersection_turn,P1,18015,50,5.0,1.0,18.458361919723096,14.72403780401211,0.009579142852707606,2.2614855272116717e-15,999999999.9999979,42.60000000000001,42.60000000000001,5.458937625582464,3.9550147740798045,inf,0,0,0,0,-1,inf,0,-1,0,0,-1,0,0,7600,0,0,0,2298,5302,1.4120020106509004,3.234166830311764,False
intersection_turn,P2,18015,50,5.0,1.0,18.456522742968517,14.72403780401211,0.009580203737549043,2.2614855272116717e-15,999999999.9999979,42.57999999999998,42.57999999999998,5.478722478826633,3.9550147740798045,inf,0,0,0,0,-1,inf,0,-1,0,0,-1,0,0,7600,0,0,0,2296,5304,1.4120020106509004,3.234166830311764,False
intersection_turn,P3,18015,50,5.0,1.0,18.456522742968517,14.72403780401211,0.009580203737549043,2.2614855272116717e-15,999999999.9999979,42.57999999999998,42.57999999999998,5.478722478826633,3.9550147740798045,inf,0,0,0,0,-1,inf,0,-1,0,0,-1,0,0,7600,0,0,0,2296,5304,1.4120020106509004,3.234166830311764,False
intersection_turn,P4,18015,50,5.0,1.0,18.458812018408956,14.72403780401211,0.00957892476914417,2.2614855272116717e-15,999999999.9999979,42.616666666666674,42.616666666666674,5.44245144928071,3.9550147740798045,inf,0,0,0,0,-1,inf,0,-1,0,0,-1,0,0,7600,0,0,0,2302,5298,1.4120020106509004,3.234166830311764,False
intersection_turn,P0,18016,50,5.0,1.0,18.472301205220663,14.72403780401211,0.00957098212313227,2.2614855272116717e-15,999999999.9999979,42.829999999999984,42.829999999999984,5.23152941308755,3.9550147740798045,inf,0,0,0,0,-1,inf,0,-1,0,0,-1,0,0,7600,0,0,0,2419,5181,1.438777229713653,3.3188822897528145,False
intersection_turn,P1,18016,50,5.0,1.0,18.472301205220663,14.72403780401211,0.00957098212313227,2.2614855272116717e-15,999999999.9999979,42.829999999999984,42.829999999999984,5.23152941308755,3.9550147740798045,inf,0,0,0,0,-1,inf,0,-1,0,0,-1,0,0,7600,0,0,0,2419,5181,1.438777229713653,3.3188822897528145,False
intersection_turn,P2,18016,50,5.0,1.0,18.472301205220663,14.72403780401211,0.00957098212313227,2.2614855272116717e-15,999999999.9999979,42.829999999999984,42.829999999999984,5.23152941308755,3.9550147740798045,inf,0,0,0,0,-1,inf,0,-1,0,0,-1,0,0,7600,0,0,0,2419,5181,1.438777229713653,3.3188822897528145,False
intersection_turn,P3,18016,50,5.0,1.0,18.472301205220663,14.72403780401211,0.00957098212313227,2.2614855272116717e-15,999999999.9999979,42.829999999999984,42.829999999999984,5.23152941308755,3.9550147740798045,inf,0,0,0,0,-1,inf,0,-1,0,0,-1,0,0,7600,0,0,0,2419,5181,1.438777229713653,3.3188822897528145,False
intersection_turn,P4,18016,50,5.0,1.0,18.472301205220663,14.72403780401211,0.00957098212313227,2.2614855272116717e-15,999999999.9999979,42.829999999999984,42.829999999999984,5.23152941308755,3.9550147740798045,inf,0,0,0,0,-1,inf,0,-1,0,0,-1,0,0,7600,0,0,0,2419,5181,1.438777229713653,3.3188822897528145,False
intersection_turn,P0,18017,50,5.0,1.0,18.45894344061453,14.72403780401211,0.009578127284190023,2.2614855272116717e-15,999999999.9999979,42.59333333333333,42.59333333333333,5.46553240265251,3.9550147740798045,inf,0,0,0,0,-1,inf,0,-1,0,0,-1,0,0,7600,0,0,0,2413,5187,1.522683640845715,3.4130753429168434,False
intersection_turn,P1,18017,50,5.0,1.0,18.457810237238437,14.72403780401211,0.009578704040237555,2.2614855272116717e-15,999999999.9999979,42.55999999999999,42.55999999999999,5.498508888780679,3.9550147740798045,inf,0,0,0,0,-1,inf,0,-1,0,0,-1,0,0,7600,0,0,0,2399,5201,1.522683640845715,3.4130753429168434,False
intersection_turn,P2,18017,50,5.0,1.0,18.45894344061453,14.72403780401211,0.009578127284190023,2.2614855272116717e-15,999999999.9999979,42.59333333333333,42.59333333333333,5.46553240265251,3.9550147740798045,inf,0,0,0,0,-1,inf,0,-1,0,0,-1,0,0,7600,0,0,0,2413,5187,1.522683640845715,3.4130753429168434,False
intersection_turn,P3,18017,50,5.0,1.0,18.45894344061453,14.72403780401211,0.009578127284190023,2.2614855272116717e-15,999999999.9999979,42.59333333333333,42.59333333333333,5.46553240265251,3.9550147740798045,inf,0,0,0,0,-1,inf,0,-1,0,0,-1,0,0,7600,0,0,0,2413,5187,1.522683640845715,3.4130753429168434,False
intersection_turn,P4,18017,50,5.0,1.0,18.45894344061453,14.72403780401211,0.009578127284190023,2.2614855272116717e-15,999999999.9999979,42.59333333333333,42.59333333333333,5.46553240265251,3.9550147740798045,inf,0,0,0,0,-1,inf,0,-1,0,0,-1,0,0,7600,0,0,0,2413,5187,1.522683640845715,3.4130753429168434,False
intersection_turn,P0,18018,50,5.0,1.0,18.46464319773185,14.72403780401211,0.009575116898153987,2.2614855272116717e-15,999999999.9999979,42.68999999999999,42.68999999999999,5.36992551158767,3.9550147740798045,inf,0,0,0,0,-1,inf,0,-1,0,0,-1,0,0,7600,0,0,0,2348,5252,1.4534416860955033,3.279837587750925,False
intersection_turn,P1,18018,50,5.0,1.0,18.462513746101816,14.72403780401211,0.009576222826276223,2.2614855272116717e-15,999999999.9999979,42.63999999999999,42.63999999999999,5.41937265742079,3.9550147740798045,inf,0,0,0,0,-1,inf,0,-1,0,0,-1,0,0,7600,0,0,0,2338,5262,1.4534416860955033,3.279837587750925,False
intersection_turn,P2,18018,50,5.0,1.0,18.46464319773185,14.72403780401211,0.009575116898153987,2.2614855272116717e-15,999999999.9999979,42.68999999999999,42.68999999999999,5.36992551158767,3.9550147740798045,inf,0,0,0,0,-1,inf,0,-1,0,0,-1,0,0,7600,0,0,0,2348,5252,1.4534416860955033,3.279837587750925,False
intersection_turn,P3,18018,50,5.0,1.0,18.46464319773185,14.72403780401211,0.009575116898153987,2.2614855272116717e-15,999999999.9999979,42.68999999999999,42.68999999999999,5.36992551158767,3.9550147740798045,inf,0,0,0,0,-1,inf,0,-1,0,0,-1,0,0,7600,0,0,0,2348,5252,1.4534416860955033,3.279837587750925,False
intersection_turn,P4,18018,50,5.0,1.0,18.46464319773185,14.72403780401211,0.009575116898153987,2.2614855272116717e-15,999999999.9999979,42.68999999999999,42.68999999999999,5.36992551158767,3.9550147740798045,inf,0,0,0,0,-1,inf,0,-1,0,0,-1,0,0,7600,0,0,0,2348,5252,1.4534416860955033,3.279837587750925,False
intersection_turn,P0,18019,50,5.0,1.0,18.45660973967839,14.72403780401211,0.009580705322771905,2.2614855272116717e-15,999999999.9999979,42.61333333333333,42.61333333333333,5.4457485966373635,3.9550147740798045,inf,0,0,0,0,-1,inf,0,-1,0,0,-1,0,0,7600,0,0,0,2328,5272,1.5368416295176985,3.3785224770895836,False
intersection_turn,P1,18019,50,5.0,1.0,18.456584486601738,14.72403780401211,0.009580716814332589,2.2614855272116717e-15,999999999.9999979,42.61,42.61,5.449045788025644,3.9550147740798045,inf,0,0,0,0,-1,inf,0,-1,0,0,-1,0,0,7600,0,0,0,2326,5274,1.5368416295176985,3.3785224770895836,False
intersection_turn,P2,18019,50,5.0,1.0,18.45660973967839,14.72403780401211,0.009580705322771905,2.2614855272116717e-15,999999999.9999979,42.61333333333333,42.61333333333333,5.4457485966373635,3.9550147740798045,inf,0,0,0,0,-1,inf,0,-1,0,0,-1,0,0,7600,0,0,0,2328,5272,1.5368416295176985,3.3785224770895836,False
intersection_turn,P3,18019,50,5.0,1.0,18.45660973967839,14.72403780401211,0.009580705322771905,2.2614855272116717e-15,999999999.9999979,42.61333333333333,42.61333333333333,5.4457485966373635,3.9550147740798045,inf,0,0,0,0,-1,inf,0,-1,0,0,-1,0,0,7600,0,0,0,2328,5272,1.5368416295176985,3.3785224770895836,False
intersection_turn,P4,18019,50,5.0,1.0,18.45660973967839,14.72403780401211,0.009580705322771905,2.2614855272116717e-15,999999999.9999979,42.61333333333333,42.61333333333333,5.4457485966373635,3.9550147740798045,inf,0,0,0,0,-1,inf,0,-1,0,0,-1,0,0,7600,0,0,0,2328,5272,1.5368416295176985,3.3785224770895836,False
occluding_cut_in,P0,18000,50,5.0,1.0,11.267888282720728,7.327224075401506,0.2107706627715266,0.00021432353040528015,999785676.4695947,17.087302883832308,17.087302883832308,19.431160541768985,11.331044181969368,1.912697116167692,0,0,0,0,-1,inf,0,-1,0,0,-1,0,0,7600,182,0,3814,0,3604,1.7490662348496868,4.112701269634574,False
occluding_cut_in,P1,18000,50,5.0,1.0,11.236706230521282,7.348772949614109,0.21382670649426705,0.00020813477088215814,999791865.2291179,17.09672071521912,17.09176612654551,19.430073758811165,11.331044181969368,1.9103851458070742,0,0,0,0,-1,inf,0,-1,0,0,-1,0,0,7600,266,0,3734,0,3600,1.7490662348496868,4.112701269634574,False
occluding_cut_in,P2,18000,50,5.0,1.0,11.236706230521282,7.348772949614109,0.21382670649426705,0.00020813477088215814,999791865.2291179,17.09672071521912,17.09176612654551,19.430073758811165,11.331044181969368,1.9103851458070742,0,0,0,0,-1,inf,0,-1,0,0,-1,0,0,7600,266,0,3734,0,3600,1.7490662348496868,4.112701269634574,False
occluding_cut_in,P3,18000,50,5.0,1.0,11.234115978422913,7.347532739074193,0.2132565692115898,0.0002082773269617516,999791722.6730384,17.09672071521911,17.09343247158598,19.431160541768985,11.331044181969368,1.9092338673411526,0,0,0,0,-1,inf,0,-1,0,0,-1,0,0,7600,216,0,3784,0,3600,1.7490662348496868,4.112701269634574,False
occluding_cut_in,P4,18000,50,5.0,1.0,11.267888282720728,7.327224075401506,0.2107706627715266,0.00021432353040528015,999785676.4695947,17.087302883832308,17.087302883832308,19.431160541768985,11.331044181969368,1.912697116167692,0,0,0,0,-1,inf,0,-1,0,0,-1,0,0,7600,182,0,3814,0,3604,1.7490662348496868,4.112701269634574,False
occluding_cut_in,P0,18001,50,5.0,1.0,11.267888282720728,7.327224075401506,0.2107706627715266,0.00021432353040528015,999785676.4695947,17.087302883832308,17.087302883832308,19.431160541768985,11.331044181969368,1.912697116167692,0,0,0,0,-1,inf,0,-1,0,0,-1,0,0,7600,182,0,3814,0,3604,1.8170335357171976,4.242638585870787,False
occluding_cut_in,P1,18001,50,5.0,1.0,11.323929889722908,7.33746240387935,0.2079504854985344,0.00020935444522376598,999790645.5547763,17.121780353335428,17.11653427941325,19.43013353196599,11.331044181969368,1.8836732888752445,0,0,0,0,-1,inf,0,-1,0,0,-1,0,0,7600,282,0,3740,0,3578,1.8170335357171976,4.242638585870787,False
occluding_cut_in,P2,18001,50,5.0,1.0,11.279402230947529,7.3325272748345185,0.21008453913158626,0.00021127208617207884,999788727.9138278,17.087302883832304,17.08671813657334,19.43013353196599,11.331044181969368,1.9132821182943816,0,0,0,0,-1,inf,0,-1,0,0,-1,0,0,7600,211,0,3789,0,3600,1.8170335357171976,4.242638585870787,False
occluding_cut_in,P3,18001,50,5.0,1.0,11.271959506513124,7.335881601140441,0.21027690254954082,0.00021045185835408037,999789548.1416459,17.087302883832308,17.087194917016916,19.431160541768985,11.331044181969368,1.9128245916561997,0,0,0,0,-1,inf,0,-1,0,0,-1,0,0,7600,182,0,3814,0,3604,1.8170335357171976,4.242638585870787,False
occluding_cut_in,P4,18001,50,5.0,1.0,11.267888282720728,7.327224075401506,0.2107706627715266,0.00021432353040528015,999785676.4695947,17.087302883832308,17.087302883832308,19.431160541768985,11.331044181969368,1.912697116167692,0,0,0,0,-1,inf,0,-1,0,0,-1,0,0,7600,182,0,3814,0,3604,1.8170335357171976,4.242638585870787,False
occluding_cut_in,P0,18002,50,5.0,1.0,11.267888282720728,7.327224075401506,0.2107706627715266,0.00021432353040528015,999785676.4695947,17.087302883832308,17.087302883832308,19.431160541768985,11.331044181969368,1.912697116167692,0,0,0,0,-1,inf,0,-1,0,0,-1,0,0,7600,182,0,3814,0,3604,1.750896329059814,4.04115496056682,False
occluding_cut_in,P1,18002,50,5.0,1.0,11.329750090613066,7.343209795925162,0.2079885896274973,0.00020917821025226015,999790821.7897477,17.121780353335414,17.116111645705573,19.43013353196599,11.331044181969368,1.8843137349411765,0,0,0,0,-1,inf,0,-1,0,0,-1,0,0,7600,297,0,3725,0,3578,1.750896329059814,4.04115496056682,False
occluding_cut_in,P2,18002,50,5.0,1.0,11.28465228014862,7.313889676680172,0.21001101646830483,0.00021612692634127625,999783873.0736587,17.087302883832304,17.085784205128686,19.43013353196599,11.331044181969368,1.9142217317928765,0,0,0,0,-1,inf,0,-1,0,0,-1,0,0,7600,223,0,3777,0,3600,1.750896329059814,4.04115496056682,False
occluding_cut_in,P3,18002,50,5.0,1.0,11.271959506513124,7.335881601140441,0.21027690254954082,0.00021045185835408037,999789548.1416459,17.087302883832308,17.087194917016916,19.431160541768985,11.331044181969368,1.9128245916561997,0,0,0,0,-1,inf,0,-1,0,0,-1,0,0,7600,182,0,3814,0,3604,1.750896329059814,4.04115496056682,False
occluding_cut_in,P4,18002,50,5.0,1.0,11.267888282720728,7.327224075401506,0.2107706627715266,0.00021432353040528015,999785676.4695947,17.087302883832308,17.087302883832308,19.431160541768985,11.331044181969368,1.912697116167692,0,0,0,0,-1,inf,0,-1,0,0,-1,0,0,7600,182,0,3814,0,3604,1.750896329059814,4.04115496056682,False
occluding_cut_in,P0,18003,50,5.0,1.0,11.267888282720728,7.327224075401506,0.2107706627715266,0.00021432353040528015,999785676.4695947,17.087302883832308,17.087302883832308,19.431160541768985,11.331044181969368,1.912697116167692,0,0,0,0,-1,inf,0,-1,0,0,-1,0,0,7600,182,0,3814,0,3604,1.8947873359757508,4.348798304110535,False
occluding_cut_in,P1,18003,50,5.0,1.0,11.196347348308928,7.307356356531334,0.2154934582117902,0.00021814311153265577,999781856.8884673,17.143537204129014,17.132615809154828,19.431160541768985,11.331044181969368,1.868588616892033,0,0,0,0,-1,inf,0,-1,0,0,-1,0,0,7600,349,0,3670,0,3581,1.8947873359757508,4.348798304110535,False
occluding_cut_in,P2,18003,50,5.0,1.0,11.234115978422913,7.347532739074193,0.2132565692115898,0.0002082773269617516,999791722.6730384,17.09672071521911,17.09343247158598,19.431160541768985,11.331044181969368,1.9092338673411526,0,0,0,0,-1,inf,0,-1,0,0,-1,0,0,7600,216,0,3784,0,3600,1.8947873359757508,4.348798304110535,False
occluding_cut_in,P3,18003,50,5.0,1.0,11.234115978422913,7.347532739074193,0.2132565692115898,0.0002082773269617516,999791722.6730384,17.09672071521911,17.09343247158598,19.431160541768985,11.331044181969368,1.9092338673411526,0,0,0,0,-1,inf,0,-1,0,0,-1,0,0,7600,216,0,3784,0,3600,1.8947873359757508,4.348798304110535,False
occluding_cut_in,P4,18003,50,5.0,1.0,11.267888282720728,7.327224075401506,0.2107706627715266,0.00021432353040528015,999785676.4695947,17.087302883832308,17.087302883832308,19.431160541768985,11.331044181969368,1.912697116167692,0,0,0,0,-1,inf,0,-1,0,0,-1,0,0,7600,182,0,3814,0,3604,1.8947873359757508,4.348798304110535,False
occluding_cut_in,P0,18004,50,5.0,1.0,11.267888282720728,7.327224075401506,0.2107706627715266,0.00021432353040528015,999785676.4695947,17.087302883832308,17.087302883832308,19.431160541768985,11.331044181969368,1.912697116167692,0,0,0,0,-1,inf,0,-1,0,0,-1,0,0,7600,182,0,3814,0,3604,1.812077894331411,4.176427954489267,False
occluding_cut_in,P1,18004,50,5.0,1.0,11.317842387555514,7.347911178394956,0.20809858845567283,0.00020659736480202972,999793402.6351981,17.109263734065525,17.105646607948596,19.43013353196599,11.331044181969368,1.8943611174536605,0,0,0,0,-1,inf,0,-1,0,0,-1,0,0,7600,266,0,3747,0,3587,1.812077894331411,4.176427954489267,False
occluding_cut_in,P2,18004,50,5.0,1.0,11.311662582393375,7.350850279306833,0.208200193458099,0.00020595420737059926,999794045.7926294,17.10926373406553,17.106315856674346,19.43013353196599,11.331044181969368,1.8936857185760925,0,0,0,0,-1,inf,0,-1,0,0,-1,0,0,7600,247,0,3766,0,3587,1.812077894331411,4.176427954489267,False
occluding_cut_in,P3,18004,50,5.0,1.0,11.267888282720728,7.327224075401506,0.2107706627715266,0.00021432353040528015,999785676.4695947,17.087302883832308,17.087302883832308,19.431160541768985,11.331044181969368,1.912697116167692,0,0,0,0,-1,inf,0,-1,0,0,-1,0,0,7600,182,0,3814,0,3604,1.812077894331411,4.176427954489267,False
occluding_cut_in,P4,18004,50,5.0,1.0,11.267888282720728,7.327224075401506,0.2107706627715266,0.00021432353040528015,999785676.4695947,17.087302883832308,17.087302883832308,19.431160541768985,11.331044181969368,1.912697116167692,0,0,0,0,-1,inf,0,-1,0,0,-1,0,0,7600,182,0,3814,0,3604,1.812077894331411,4.176427954489267,False
occluding_cut_in,P0,18005,50,5.0,1.0,11.267888282720728,7.327224075401506,0.2107706627715266,0.00021432353040528015,999785676.4695947,17.087302883832308,17.087302883832308,19.431160541768985,11.331044181969368,1.912697116167692,0,0,0,0,-1,inf,0,-1,0,0,-1,0,0,7600,182,0,3814,0,3604,1.8998709318249316,4.400940926894233,False
occluding_cut_in,P1,18005,50,5.0,1.0,11.325507114801077,7.3465172355975525,0.2077533107712367,0.00020699115808860718,999793008.8419114,17.12178035333541,17.116839850670516,19.430073758811165,11.331044181969368,1.8835550144913316,0,0,0,0,-1,inf,0,-1,0,0,-1,0,0,7600,299,0,3720,0,3581,1.8998709318249316,4.400940926894233,False
occluding_cut_in,P2,18005,50,5.0,1.0,11.236841051343934,7.348585069884217,0.21342271277102043,0.0002080558709977231,999791944.1290022,17.096720715219117,17.092681308893116,19.430073758811165,11.331044181969368,1.9096656311676035,0,0,0,0,-1,inf,0,-1,0,0,-1,0,0,7600,243,0,3757,0,3600,1.8998709318249316,4.400940926894233,False
occluding_cut_in,P3,18005,50,5.0,1.0,11.234115978422913,7.347532739074193,0.2132565692115898,0.0002082773269617516,999791722.6730384,17.09672071521911,17.09343247158598,19.431160541768985,11.331044181969368,1.9092338673411526,0,0,0,0,-1,inf,0,-1,0,0,-1,0,0,7600,216,0,3784,0,3600,1.8998709318249316,4.400940926894233,False
occluding_cut_in,P4,18005,50,5.0,1.0,11.267888282720728,7.327224075401506,0.2107706627715266,0.00021432353040528015,999785676.4695947,17.087302883832308,17.087302883832308,19.431160541768985,11.331044181969368,1.912697116167692,0,0,0,0,-1,inf,0,-1,0,0,-1,0,0,7600,182,0,3814,0,3604,1.8998709318249316,4.400940926894233,False
occluding_cut_in,P0,18006,50,5.0,1.0,11.267888282720728,7.327224075401506,0.2107706627715266,0.00021432353040528015,999785676.4695947,17.087302883832308,17.087302883832308,19.431160541768985,11.331044181969368,1.912697116167692,0,0,0,0,-1,inf,0,-1,0,0,-1,0,0,7600,182,0,3814,0,3604,1.7333837828417122,4.075493663785422,False
occluding_cut_in,P1,18006,50,5.0,1.0,11.2990047599884,7.346504018649555,0.20894950092391176,0.00020784943458604496,999792150.5654138,17.08730288383231,17.085203945889702,19.430048105437574,11.331044181969368,1.9148020573252684,0,0,0,0,-1,inf,0,-1,0,0,-1,0,0,7600,235,0,3761,0,3604,1.7333837828417122,4.075493663785422,False
occluding_cut_in,P2,18006,50,5.0,1.0,11.237443136743446,7.348496364291064,0.21337678219934827,0.00020807168041350188,999791928.3195865,17.096720715219117,17.092725783096938,19.430048105437574,11.331044181969368,1.9095945638237422,0,0,0,0,-1,inf,0,-1,0,0,-1,0,0,7600,242,0,3758,0,3600,1.7333837828417122,4.075493663785422,False
occluding_cut_in,P3,18006,50,5.0,1.0,11.234115978422913,7.347532739074193,0.2132565692115898,0.0002082773269617516,999791722.6730384,17.09672071521911,17.09343247158598,19.431160541768985,11.331044181969368,1.9092338673411526,0,0,0,0,-1,inf,0,-1,0,0,-1,0,0,7600,216,0,3784,0,3600,1.7333837828417122,4.075493663785422,False
occluding_cut_in,P4,18006,50,5.0,1.0,11.267888282720728,7.327224075401506,0.2107706627715266,0.00021432353040528015,999785676.4695947,17.087302883832308,17.087302883832308,19.431160541768985,11.331044181969368,1.912697116167692,0,0,0,0,-1,inf,0,-1,0,0,-1,0,0,7600,182,0,3814,0,3604,1.7333837828417122,4.075493663785422,False
occluding_cut_in,P0,18007,50,5.0,1.0,11.267888282720728,7.327224075401506,0.2107706627715266,0.00021432353040528015,999785676.4695947,17.087302883832308,17.087302883832308,19.431160541768985,11.331044181969368,1.912697116167692,0,0,0,0,-1,inf,0,-1,0,0,-1,0,0,7600,182,0,3814,0,3604,1.9155082147397482,4.350709869894895,False
occluding_cut_in,P1,18007,50,5.0,1.0,11.329768253752883,7.3435409880489555,0.20798857291720702,0.0002090745421438015,999790925.4578563,17.121780353335424,17.116096431372927,19.430094201262467,11.331044181969368,1.8843202526281386,0,0,0,0,-1,inf,0,-1,0,0,-1,0,0,7600,295,0,3723,0,3582,1.9155082147397482,4.350709869894895,False
occluding_cut_in,P2,18007,50,5.0,1.0,11.290627815902605,7.341595674204892,0.20946788157260754,0.00020961426193861915,999790385.7380615,17.087302883832304,17.08601047989793,19.430094201262467,11.331044181969368,1.9139981243507482,0,0,0,0,-1,inf,0,-1,0,0,-1,0,0,7600,220,0,3776,0,3604,1.9155082147397482,4.350709869894895,False
occluding_cut_in,P3,18007,50,5.0,1.0,11.225860703385898,7.306477124987945,0.21426607060065175,0.00021907488638274686,999780925.1136171,17.096720715219107,17.093275839460258,19.431160541768985,11.331044181969368,1.9098437800511956,0,0,0,0,-1,inf,0,-1,0,0,-1,0,0,7600,221,0,3779,0,3600,1.9155082147397482,4.350709869894895,False
occluding_cut_in,P4,18007,50,5.0,1.0,11.267888282720728,7.327224075401506,0.2107706627715266,0.00021432353040528015,999785676.4695947,17.087302883832308,17.087302883832308,19.431160541768985,11.331044181969368,1.912697116167692,0,0,0,0,-1,inf,0,-1,0,0,-1,0,0,7600,182,0,3814,0,3604,1.9155082147397482,4.350709869894895,False
occluding_cut_in,P0,18008,50,5.0,1.0,11.267888282720728,7.327224075401506,0.2107706627715266,0.00021432353040528015,999785676.4695947,17.087302883832308,17.087302883832308,19.431160541768985,11.331044181969368,1.912697116167692,0,0,0,0,-1,inf,0,-1,0,0,-1,0,0,7600,182,0,3814,0,3604,1.8088413650469144,4.225107984941952,False
occluding_cut_in,P1,18008,50,5.0,1.0,11.297346239381925,7.342179857882147,0.209310594184372,0.00020942988911364004,999790570.1108866,17.08730288383231,17.08562970992094,19.429105969747095,11.331044181969368,1.914434572684932,0,0,0,0,-1,inf,0,-1,0,0,-1,0,0,7600,254,0,3746,0,3600,1.8088413650469144,4.225107984941952,False
occluding_cut_in,P2,18008,50,5.0,1.0,11.276963380877083,7.330914167477342,0.21037900968694642,0.00021314547187283378,999786854.5281272,17.087302883832308,17.08684058791738,19.43013353196599,11.331044181969368,1.913174713293892,0,0,0,0,-1,inf,0,-1,0,0,-1,0,0,7600,211,0,3789,0,3600,1.8088413650469144,4.225107984941952,False
occluding_cut_in,P3,18008,50,5.0,1.0,11.279704603516379,7.346397526329796,0.2100100123135853,0.00020808701946142477,999791912.9805385,17.0873028838323,17.08646209581056,19.43013353196599,11.331044181969368,1.9135795070334352,0,0,0,0,-1,inf,0,-1,0,0,-1,0,0,7600,220,0,3780,0,3600,1.8088413650469144,4.225107984941952,False
occluding_cut_in,P4,18008,50,5.0,1.0,11.267888282720728,7.327224075401506,0.2107706627715266,0.00021432353040528015,999785676.4695947,17.087302883832308,17.087302883832308,19.431160541768985,11.331044181969368,1.912697116167692,0,0,0,0,-1,inf,0,-1,0,0,-1,0,0,7600,182,0,3814,0,3604,1.8088413650469144,4.225107984941952,False
occluding_cut_in,P0,18009,50,5.0,1.0,11.267888282720728,7.327224075401506,0.2107706627715266,0.00021432353040528015,999785676.4695947,17.087302883832308,17.087302883832308,19.431160541768985,11.331044181969368,1.912697116167692,0,0,0,0,-1,inf,0,-1,0,0,-1,0,0,7600,182,0,3814,0,3604,1.7360901863880016,4.119640828103495,False
occluding_cut_in,P1,18009,50,5.0,1.0,11.29962732672104,7.344853951190786,0.20906290951593273,0.00020848423415284863,999791515.765847,17.087302883832304,17.085414279724226,19.43013353196599,11.331044181969368,1.9146127969736648,0,0,0,0,-1,inf,0,-1,0,0,-1,0,0,7600,244,0,3756,0,3600,1.7360901863880016,4.119640828103495,False
occluding_cut_in,P2,18009,50,5.0,1.0,11.238473942199763,7.348331817929137,0.213296932476458,0.00020810353427264773,999791896.4657272,17.096720715219107,17.09280097618688,19.43013353196599,11.331044181969368,1.9094763375039747,0,0,0,0,-1,inf,0,-1,0,0,-1,0,0,7600,245,0,3759,0,3596,1.7360901863880016,4.119640828103495,False
occluding_cut_in,P3,18009,50,5.0,1.0,11.225860703385898,7.306477124987945,0.21426607060065175,0.00021907488638274686,999780925.1136171,17.096720715219107,17.093275839460258,19.431160541768985,11.331044181969368,1.9098437800511956,0,0,0,0,-1,inf,0,-1,0,0,-1,0,0,7600,221,0,3779,0,3600,1.7360901863880016,4.119640828103495,False
occluding_cut_in,P4,18009,50,5.0,1.0,11.267888282720728,7.327224075401506,0.2107706627715266,0.00021432353040528015,999785676.4695947,17.087302883832308,17.087302883832308,19.431160541768985,11.331044181969368,1.912697116167692,0,0,0,0,-1,inf,0,-1,0,0,-1,0,0,7600,182,0,3814,0,3604,1.7360901863880016,4.119640828103495,False
occluding_cut_in,P0,18010,50,5.0,1.0,11.267888282720728,7.327224075401506,0.2107706627715266,0.00021432353040528015,999785676.4695947,17.087302883832308,17.087302883832308,19.431160541768985,11.331044181969368,1.912697116167692,0,0,0,0,-1,inf,0,-1,0,0,-1,0,0,7600,182,0,3814,0,3604,1.855865234229905,4.239463806991383,False
occluding_cut_in,P1,18010,50,5.0,1.0,11.317065677717675,7.350004083879055,0.20786560613677363,0.00020614123621446657,999793858.7637856,17.121780353335428,17.117341600669608,19.430048105437574,11.331044181969368,1.8829523806057291,0,0,0,0,-1,inf,0,-1,0,0,-1,0,0,7600,279,0,3740,0,3581,1.855865234229905,4.239463806991383,False
occluding_cut_in,P2,18010,50,5.0,1.0,11.237443136743446,7.348496364291064,0.21337678219934827,0.00020807168041350188,999791928.3195865,17.096720715219117,17.092725783096938,19.430048105437574,11.331044181969368,1.9095945638237422,0,0,0,0,-1,inf,0,-1,0,0,-1,0,0,7600,242,0,3758,0,3600,1.855865234229905,4.239463806991383,False
occluding_cut_in,P3,18010,50,5.0,1.0,11.234115978422913,7.347532739074193,0.2132565692115898,0.0002082773269617516,999791722.6730384,17.09672071521911,17.09343247158598,19.431160541768985,11.331044181969368,1.9092338673411526,0,0,0,0,-1,inf,0,-1,0,0,-1,0,0,7600,216,0,3784,0,3600,1.855865234229905,4.239463806991383,False
occluding_cut_in,P4,18010,50,5.0,1.0,11.267888282720728,7.327224075401506,0.2107706627715266,0.00021432353040528015,999785676.4695947,17.087302883832308,17.087302883832308,19.431160541768985,11.331044181969368,1.912697116167692,0,0,0,0,-1,inf,0,-1,0,0,-1,0,0,7600,182,0,3814,0,3604,1.855865234229905,4.239463806991383,False
occluding_cut_in,P0,18011,50,5.0,1.0,11.267888282720728,7.327224075401506,0.2107706627715266,0.00021432353040528015,999785676.4695947,17.087302883832308,17.087302883832308,19.431160541768985,11.331044181969368,1.912697116167692,0,0,0,0,-1,inf,0,-1,0,0,-1,0,0,7600,182,0,3814,0,3604,1.7984959221357135,4.131197258057072,False
occluding_cut_in,P1,18011,50,5.0,1.0,11.328519051424342,7.329309149349118,0.20810185805498968,0.00021155908584705307,999788440.914153,17.121780353335424,17.115981790302754,19.430094201262467,11.331044181969368,1.884289642167047,0,0,0,0,-1,inf,0,-1,0,0,-1,0,0,7600,299,0,3719,0,3582,1.7984959221357135,4.131197258057072,False
occluding_cut_in,P2,18011,50,5.0,1.0,11.279402230947529,7.3325272748345185,0.21008453913158626,0.00021127208617207884,999788727.9138278,17.087302883832304,17.08671813657334,19.43013353196599,11.331044181969368,1.9132821182943816,0,0,0,0,-1,inf,0,-1,0,0,-1,0,0,7600,211,0,3789,0,3600,1.7984959221357135,4.131197258057072,False
occluding_cut_in,P3,18011,50,5.0,1.0,11.271959506513124,7.335881601140441,0.21027690254954082,0.00021045185835408037,999789548.1416459,17.087302883832308,17.087194917016916,19.431160541768985,11.331044181969368,1.9128245916561997,0,0,0,0,-1,inf,0,-1,0,0,-1,0,0,7600,182,0,3814,0,3604,1.7984959221357135,4.131197258057072,False
occluding_cut_in,P4,18011,50,5.0,1.0,11.267888282720728,7.327224075401506,0.2107706627715266,0.00021432353040528015,999785676.4695947,17.087302883832308,17.087302883832308,19.431160541768985,11.331044181969368,1.912697116167692,0,0,0,0,-1,inf,0,-1,0,0,-1,0,0,7600,182,0,3814,0,3604,1.7984959221357135,4.131197258057072,False
occluding_cut_in,P0,18012,50,5.0,1.0,11.267888282720728,7.327224075401506,0.2107706627715266,0.00021432353040528015,999785676.4695947,17.087302883832308,17.087302883832308,19.431160541768985,11.331044181969368,1.912697116167692,0,0,0,0,-1,inf,0,-1,0,0,-1,0,0,7600,182,0,3814,0,3604,1.7067245719919781,4.016670598051674,False
occluding_cut_in,P1,18012,50,5.0,1.0,11.30106784551517,7.346445528686045,0.20890150591931356,0.0002078737389089974,999792126.261091,17.087302883832304,17.08520853881079,19.430073758811165,11.331044181969368,1.9147981302937223,0,0,0,0,-1,inf,0,-1,0,0,-1,0,0,7600,235,0,3761,0,3604,1.7067245719919781,4.016670598051674,False
occluding_cut_in,P2,18012,50,5.0,1.0,11.276963380877083,7.330914167477342,0.21037900968694642,0.00021314547187283378,999786854.5281272,17.087302883832308,17.08684058791738,19.43013353196599,11.331044181969368,1.913174713293892,0,0,0,0,-1,inf,0,-1,0,0,-1,0,0,7600,211,0,3789,0,3600,1.7067245719919781,4.016670598051674,False
occluding_cut_in,P3,18012,50,5.0,1.0,11.267888282720728,7.327224075401506,0.2107706627715266,0.00021432353040528015,999785676.4695947,17.087302883832308,17.087302883832308,19.431160541768985,11.331044181969368,1.912697116167692,0,0,0,0,-1,inf,0,-1,0,0,-1,0,0,7600,182,0,3814,0,3604,1.7067245719919781,4.016670598051674,False
occluding_cut_in,P4,18012,50,5.0,1.0,11.267888282720728,7.327224075401506,0.2107706627715266,0.00021432353040528015,999785676.4695947,17.087302883832308,17.087302883832308,19.431160541768985,11.331044181969368,1.912697116167692,0,0,0,0,-1,inf,0,-1,0,0,-1,0,0,7600,182,0,3814,0,3604,1.7067245719919781,4.016670598051674,False
occluding_cut_in,P0,18013,50,5.0,1.0,11.267888282720728,7.327224075401506,0.2107706627715266,0.00021432353040528015,999785676.4695947,17.087302883832308,17.087302883832308,19.431160541768985,11.331044181969368,1.912697116167692,0,0,0,0,-1,inf,0,-1,0,0,-1,0,0,7600,182,0,3814,0,3604,1.8682959610893604,4.284433396797558,False
occluding_cut_in,P1,18013,50,5.0,1.0,11.29914415251426,7.31024171805372,0.20977203694774968,0.00021708594172896998,999782914.0582709,17.0873028838323,17.08502046588193,19.42906718105352,11.331044181969368,1.9150396917810637,0,0,0,0,-1,inf,0,-1,0,0,-1,0,0,7600,285,0,3719,0,3596,1.8682959610893604,4.284433396797558,False
occluding_cut_in,P2,18013,50,5.0,1.0,11.286557719241769,7.3283238598958444,0.2099183976823841,0.00021232522018101358,999787674.7798189,17.087302883832308,17.086232015991207,19.42906718105352,11.331044181969368,1.9137782081097492,0,0,0,0,-1,inf,0,-1,0,0,-1,0,0,7600,242,0,3762,0,3596,1.8682959610893604,4.284433396797558,False
occluding_cut_in,P3,18013,50,5.0,1.0,11.271959506513124,7.335881601140441,0.21027690254954082,0.00021045185835408037,999789548.1416459,17.087302883832308,17.087194917016916,19.431160541768985,11.331044181969368,1.9128245916561997,0,0,0,0,-1,inf,0,-1,0,0,-1,0,0,7600,182,0,3814,0,3604,1.8682959610893604,4.284433396797558,False
occluding_cut_in,P4,18013,50,5.0,1.0,11.267888282720728,7.327224075401506,0.2107706627715266,0.00021432353040528015,999785676.4695947,17.087302883832308,17.087302883832308,19.431160541768985,11.331044181969368,1.912697116167692,0,0,0,0,-1,inf,0,-1,0,0,-1,0,0,7600,182,0,3814,0,3604,1.8682959610893604,4.284433396797558,False
occluding_cut_in,P0,18014,50,5.0,1.0,11.267888282720728,7.327224075401506,0.2107706627715266,0.00021432353040528015,999785676.4695947,17.087302883832308,17.087302883832308,19.431160541768985,11.331044181969368,1.912697116167692,0,0,0,0,-1,inf,0,-1,0,0,-1,0,0,7600,182,0,3814,0,3604,1.9015463619921862,4.280504802430589,False
occluding_cut_in,P1,18014,50,5.0,1.0,11.298290997728765,7.345797043029727,0.2090298986166079,0.00020813171000815464,999791868.2899919,17.087302883832304,17.085314299274767,19.430094201262467,11.331044181969368,1.9147003761617456,0,0,0,0,-1,inf,0,-1,0,0,-1,0,0,7600,239,0,3757,0,3604,1.9015463619921862,4.280504802430589,False
occluding_cut_in,P2,18014,50,5.0,1.0,11.28638838034707,7.324018959268258,0.2099407289890367,0.000213434426229321,999786565.5737708,17.0873028838323,17.086059089234258,19.430094201262467,11.331044181969368,1.9139427246485368,0,0,0,0,-1,inf,0,-1,0,0,-1,0,0,7600,231,0,3765,0,3604,1.9015463619921862,4.280504802430589,False
occluding_cut_in,P3,18014,50,5.0,1.0,11.27959823775745,7.34627791106064,0.21001964959231348,0.00020811949895195827,999791880.501048,17.087302883832304,17.08643884012282,19.430094201262467,11.331044181969368,1.9136055059923018,0,0,0,0,-1,inf,0,-1,0,0,-1,0,0,7600,216,0,3780,0,3604,1.9015463619921862,4.280504802430589,False
occluding_cut_in,P4,18014,50,5.0,1.0,11.267888282720728,7.327224075401506,0.2107706627715266,0.00021432353040528015,999785676.4695947,17.087302883832308,17.087302883832308,19.431160541768985,11.331044181969368,1.912697116167692,0,0,0,0,-1,inf,0,-1,0,0,-1,0,0,7600,182,0,3814,0,3604,1.9015463619921862,4.280504802430589,False
occluding_cut_in,P0,18015,50,5.0,1.0,11.267888282720728,7.327224075401506,0.2107706627715266,0.00021432353040528015,999785676.4695947,17.087302883832308,17.087302883832308,19.431160541768985,11.331044181969368,1.912697116167692,0,0,0,0,-1,inf,0,-1,0,0,-1,0,0,7600,182,0,3814,0,3604,1.7124717015345363,3.9901275613039586,False
occluding_cut_in,P1,18015,50,5.0,1.0,11.32377678522513,7.337036014661427,0.20797167356593857,0.0002094690126268374,999790530.9873732,17.121780353335403,17.116517220231064,19.430094201262467,11.331044181969368,1.8836842855772082,0,0,0,0,-1,inf,0,-1,0,0,-1,0,0,7600,277,0,3741,0,3582,1.7124717015345363,3.9901275613039586,False
occluding_cut_in,P2,18015,50,5.0,1.0,11.30022016218605,7.353205379353463,0.20841913588108718,0.00020581723909899913,999794182.760901,17.12178035333542,17.118608055852395,19.430094201262467,11.331044181969368,1.8816780720227881,0,0,0,0,-1,inf,0,-1,0,0,-1,0,0,7600,247,0,3772,0,3581,1.7124717015345363,3.9901275613039586,False
occluding_cut_in,P3,18015,50,5.0,1.0,11.271959506513124,7.335881601140441,0.21027690254954082,0.00021045185835408037,999789548.1416459,17.087302883832308,17.087194917016916,19.431160541768985,11.331044181969368,1.9128245916561997,0,0,0,0,-1,inf,0,-1,0,0,-1,0,0,7600,182,0,3814,0,3604,1.7124717015345363,3.9901275613039586,False
occluding_cut_in,P4,18015,50,5.0,1.0,11.267888282720728,7.327224075401506,0.2107706627715266,0.00021432353040528015,999785676.4695947,17.087302883832308,17.087302883832308,19.431160541768985,11.331044181969368,1.912697116167692,0,0,0,0,-1,inf,0,-1,0,0,-1,0,0,7600,182,0,3814,0,3604,1.7124717015345363,3.9901275613039586,False
occluding_cut_in,P0,18016,50,5.0,1.0,11.267888282720728,7.327224075401506,0.2107706627715266,0.00021432353040528015,999785676.4695947,17.087302883832308,17.087302883832308,19.431160541768985,11.331044181969368,1.912697116167692,0,0,0,0,-1,inf,0,-1,0,0,-1,0,0,7600,182,0,3814,0,3604,1.7335959377691301,4.104625286636215,False
occluding_cut_in,P1,18016,50,5.0,1.0,11.331270285685259,7.334213142422562,0.2079049109373575,0.00021021788290272945,999789782.1170971,17.121780353335417,17.116120229195023,19.430094201262467,11.331044181969368,1.8842256091566423,0,0,0,0,-1,inf,0,-1,0,0,-1,0,0,7600,303,0,3715,0,3582,1.7335959377691301,4.104625286636215,False
occluding_cut_in,P2,18016,50,5.0,1.0,11.279361912896213,7.332113693679981,0.2100884834712571,0.00021137485237719998,999788625.147623,17.087302883832304,17.08669665353498,19.430094201262467,11.331044181969368,1.9133038564810327,0,0,0,0,-1,inf,0,-1,0,0,-1,0,0,7600,207,0,3789,0,3604,1.7335959377691301,4.104625286636215,False
occluding_cut_in,P3,18016,50,5.0,1.0,11.271959506513124,7.335881601140441,0.21027690254954082,0.00021045185835408037,999789548.1416459,17.087302883832308,17.087194917016916,19.431160541768985,11.331044181969368,1.9128245916561997,0,0,0,0,-1,inf,0,-1,0,0,-1,0,0,7600,182,0,3814,0,3604,1.7335959377691301,4.104625286636215,False
occluding_cut_in,P4,18016,50,5.0,1.0,11.267888282720728,7.327224075401506,0.2107706627715266,0.00021432353040528015,999785676.4695947,17.087302883832308,17.087302883832308,19.431160541768985,11.331044181969368,1.912697116167692,0,0,0,0,-1,inf,0,-1,0,0,-1,0,0,7600,182,0,3814,0,3604,1.7335959377691301,4.104625286636215,False
occluding_cut_in,P0,18017,50,5.0,1.0,11.267888282720728,7.327224075401506,0.2107706627715266,0.00021432353040528015,999785676.4695947,17.087302883832308,17.087302883832308,19.431160541768985,11.331044181969368,1.912697116167692,0,0,0,0,-1,inf,0,-1,0,0,-1,0,0,7600,182,0,3814,0,3604,1.7787894844616527,4.173618896083123,False
occluding_cut_in,P1,18017,50,5.0,1.0,11.285042960219787,7.339825038801489,0.21004219915904765,0.0002099413446692528,999790058.6553308,17.08730288383231,17.08552583101029,19.430094201262467,11.331044181969368,1.9145293138794224,0,0,0,0,-1,inf,0,-1,0,0,-1,0,0,7600,228,0,3768,0,3604,1.7787894844616527,4.173618896083123,False
occluding_cut_in,P2,18017,50,5.0,1.0,11.27959823775745,7.34627791106064,0.21001964959231348,0.00020811949895195827,999791880.501048,17.087302883832304,17.08643884012282,19.430094201262467,11.331044181969368,1.9136055059923018,0,0,0,0,-1,inf,0,-1,0,0,-1,0,0,7600,216,0,3780,0,3604,1.7787894844616527,4.173618896083123,False
occluding_cut_in,P3,18017,50,5.0,1.0,11.272727078473352,7.347277451802598,0.21016357905894725,0.00020785407926597092,999792145.920734,17.087302883832304,17.086958375649086,19.431160541768985,11.331044181969368,1.913149005085399,0,0,0,0,-1,inf,0,-1,0,0,-1,0,0,7600,191,0,3805,0,3604,1.7787894844616527,4.173618896083123,False
occluding_cut_in,P4,18017,50,5.0,1.0,11.267888282720728,7.327224075401506,0.2107706627715266,0.00021432353040528015,999785676.4695947,17.087302883832308,17.087302883832308,19.431160541768985,11.331044181969368,1.912697116167692,0,0,0,0,-1,inf,0,-1,0,0,-1,0,0,7600,182,0,3814,0,3604,1.7787894844616527,4.173618896083123,False
occluding_cut_in,P0,18018,50,5.0,1.0,11.267888282720728,7.327224075401506,0.2107706627715266,0.00021432353040528015,999785676.4695947,17.087302883832308,17.087302883832308,19.431160541768985,11.331044181969368,1.912697116167692,0,0,0,0,-1,inf,0,-1,0,0,-1,0,0,7600,182,0,3814,0,3604,1.7761374570700772,4.104396434640832,False
occluding_cut_in,P1,18018,50,5.0,1.0,11.294022467995203,7.285776498207462,0.20992352353237212,0.00022376566596355168,999776234.3340364,17.121780353335403,17.11782994146143,19.430094201262467,11.331044181969368,1.8823784902106286,0,0,0,0,-1,inf,0,-1,0,0,-1,0,0,7600,272,0,3747,0,3581,1.7761374570700772,4.104396434640832,False
occluding_cut_in,P2,18018,50,5.0,1.0,11.277123624067267,7.331337482424192,0.21035847978845165,0.00021300644759230826,999786993.5524075,17.087302883832304,17.08682042164354,19.430094201262467,11.331044181969368,1.913193285685995,0,0,0,0,-1,inf,0,-1,0,0,-1,0,0,7600,207,0,3789,0,3604,1.7761374570700772,4.104396434640832,False
occluding_cut_in,P3,18018,50,5.0,1.0,11.267888282720728,7.327224075401506,0.2107706627715266,0.00021432353040528015,999785676.4695947,17.087302883832308,17.087302883832308,19.431160541768985,11.331044181969368,1.912697116167692,0,0,0,0,-1,inf,0,-1,0,0,-1,0,0,7600,182,0,3814,0,3604,1.7761374570700772,4.104396434640832,False
occluding_cut_in,P4,18018,50,5.0,1.0,11.267888282720728,7.327224075401506,0.2107706627715266,0.00021432353040528015,999785676.4695947,17.087302883832308,17.087302883832308,19.431160541768985,11.331044181969368,1.912697116167692,0,0,0,0,-1,inf,0,-1,0,0,-1,0,0,7600,182,0,3814,0,3604,1.7761374570700772,4.104396434640832,False
occluding_cut_in,P0,18019,50,5.0,1.0,11.267888282720728,7.327224075401506,0.2107706627715266,0.00021432353040528015,999785676.4695947,17.087302883832308,17.087302883832308,19.431160541768985,11.331044181969368,1.912697116167692,0,0,0,0,-1,inf,0,-1,0,0,-1,0,0,7600,182,0,3814,0,3604,1.9013141698945617,4.251324160085922,False
occluding_cut_in,P1,18019,50,5.0,1.0,11.328220731869775,7.326331172501157,0.20818029315868167,0.0002123833658676743,999787616.6341324,17.121780353335406,17.11591623790376,19.43013353196599,11.331044181969368,1.884317558638751,0,0,0,0,-1,inf,0,-1,0,0,-1,0,0,7600,296,0,3726,0,3578,1.9013141698945617,4.251324160085922,False
occluding_cut_in,P2,18019,50,5.0,1.0,11.29285794852083,7.296851534765533,0.20981603006334143,0.0002204188961034603,999779581.1038965,17.10926373406552,17.106874363865092,19.43013353196599,11.331044181969368,1.893136141231242,0,0,0,0,-1,inf,0,-1,0,0,-1,0,0,7600,235,0,3778,0,3587,1.9013141698945617,4.251324160085922,False
occluding_cut_in,P3,18019,50,5.0,1.0,11.271959506513124,7.335881601140441,0.21027690254954082,0.00021045185835408037,999789548.1416459,17.087302883832308,17.087194917016916,19.431160541768985,11.331044181969368,1.9128245916561997,0,0,0,0,-1,inf,0,-1,0,0,-1,0,0,7600,182,0,3814,0,3604,1.9013141698945617,4.251324160085922,False
occluding_cut_in,P4,18019,50,5.0,1.0,11.267888282720728,7.327224075401506,0.2107706627715266,0.00021432353040528015,999785676.4695947,17.087302883832308,17.087302883832308,19.431160541768985,11.331044181969368,1.912697116167692,0,0,0,0,-1,inf,0,-1,0,0,-1,0,0,7600,182,0,3814,0,3604,1.9013141698945617,4.251324160085922,False
