scenario,planner,seed,steps,duration_s,planning_safety_margin_m,mean_snr_db,min_snr_db,mean_outage_probability,mean_ber_model,mean_goodput_bps_model,path_length_m,progress_m,min_target_distance_m,min_realized_ttc_s,min_static_obstacle_clearance_m,static_clearance_violation_steps,static_clearance_violation_indicator,collision_indicator,collision_steps,first_collision_step,first_collision_time_s,no_candidate_steps,first_no_candidate_step,zero_candidate_after_static_steps,zero_candidate_after_dynamic_steps,candidate_evaluations,candidate_road_rejections,candidate_speed_rejections,candidate_static_rejections,candidate_dynamic_rejections,candidate_feasible,prediction_ade_m,prediction_fde_m,measured_optical_link
following_lateral_offset,P0,12000,40,4.0,0.5,11.363749231519336,-46.02820447986703,0.17625000551981346,0.059069951048373,940930048.951627,37.919999999999995,37.91419555175645,2.6219061842023645,0.57866072321607,inf,0,0,0,0,-1,inf,3,38,0,3,6080,176,0,0,2920,2984,1.6338930626009247,3.8139706020221453,False
following_lateral_offset,P1,12000,40,4.0,0.5,11.363749231519336,-46.02820447986703,0.17625000551981346,0.059069951048373,940930048.951627,37.919999999999995,37.91419555175645,2.6219061842023645,0.57866072321607,inf,0,0,0,0,-1,inf,3,38,0,3,6080,176,0,0,2920,2984,1.6338930626009247,3.8139706020221453,False
following_lateral_offset,P2,12000,40,4.0,0.5,13.534265487841385,-19.65187670098691,0.1662749561615303,0.046805420660980354,953194579.3390198,37.919999999999995,37.919547790278436,2.494165732538458,0.49540001647348775,inf,0,0,0,0,-1,inf,4,37,0,4,6080,27,0,0,3089,2964,1.6338930626009247,3.8139706020221453,False
following_lateral_offset,P3,12000,40,4.0,0.5,13.534265487841385,-19.65187670098691,0.1662749561615303,0.046805420660980354,953194579.3390198,37.919999999999995,37.919547790278436,2.494165732538458,0.49540001647348775,inf,0,0,0,0,-1,inf,4,37,0,4,6080,27,0,0,3089,2964,1.6338930626009247,3.8139706020221453,False
following_lateral_offset,P4,12000,40,4.0,0.5,13.534265487841385,-19.65187670098691,0.1662749561615303,0.046805420660980354,953194579.3390198,37.919999999999995,37.919547790278436,2.494165732538458,0.49540001647348775,inf,0,0,0,0,-1,inf,4,37,0,4,6080,27,0,0,3089,2964,1.6338930626009247,3.8139706020221453,False
following_lateral_offset,P0,12001,40,4.0,0.5,15.532959618544984,-0.8211025161170546,0.11760766264733787,0.009544759275017255,990455240.7249829,37.11,37.11,3.211245864146812,0.8120635079396842,inf,0,0,0,0,-1,inf,0,-1,0,0,6080,0,0,0,2687,3393,1.621066885958315,3.849767745652079,False
following_lateral_offset,P1,12001,40,4.0,0.5,15.532959618544984,-0.8211025161170546,0.11760766264733787,0.009544759275017255,990455240.7249829,37.11,37.11,3.211245864146812,0.8120635079396842,inf,0,0,0,0,-1,inf,0,-1,0,0,6080,0,0,0,2687,3393,1.621066885958315,3.849767745652079,False
following_lateral_offset,P2,12001,40,4.0,0.5,17.28800431195267,10.480194306810425,0.02023561991594667,1.824133002875599e-07,999999817.5866997,36.57000000000001,36.566919958250466,3.644794704396746,1.1829748805145024,inf,0,0,0,0,-1,inf,0,-1,0,0,6080,169,0,0,2470,3441,1.621066885958315,3.849767745652079,False
following_lateral_offset,P3,12001,40,4.0,0.5,16.256752890264227,7.743534428119485,0.05831608800771715,4.4221493175462405e-05,999955778.5068245,37.08,37.078222386825175,3.195238116973838,0.8079472782508277,inf,0,0,0,0,-1,inf,0,-1,0,0,6080,92,0,0,2627,3361,1.621066885958315,3.849767745652079,False
following_lateral_offset,P4,12001,40,4.0,0.5,18.967015281525363,16.0944689678953,0.006208829363680475,4.8058288231149226e-20,1000000000.0,36.30333333333335,36.28591451548802,3.8200982770283205,1.2909031641460864,inf,0,0,0,0,-1,inf,0,-1,0,0,6080,543,0,0,2163,3374,1.621066885958315,3.849767745652079,False
following_lateral_offset,P0,12002,40,4.0,0.5,15.585837013635834,-0.8211025161172891,0.10969415958229042,0.008324201094320133,991675798.90568,37.110000000000014,37.110000000000014,3.211245864146799,0.7686857257165672,inf,0,0,0,0,-1,inf,0,-1,0,0,6080,0,0,0,2600,3480,1.6801316419628685,3.825166806031196,False
following_lateral_offset,P1,12002,40,4.0,0.5,15.585837013635834,-0.8211025161172891,0.10969415958229042,0.008324201094320133,991675798.90568,37.110000000000014,37.110000000000014,3.211245864146799,0.7686857257165672,inf,0,0,0,0,-1,inf,0,-1,0,0,6080,0,0,0,2600,3480,1.6801316419628685,3.825166806031196,False
following_lateral_offset,P2,12002,40,4.0,0.5,16.10530534854434,5.679986482732364,0.07805452962631762,0.0004122109877174291,999587789.0122826,37.11000000000001,37.109071063587216,3.1915268631584106,0.6826719613241571,inf,0,0,0,0,-1,inf,0,-1,0,0,6080,50,0,0,2553,3477,1.6801316419628685,3.825166806031196,False
following_lateral_offset,P3,12002,40,4.0,0.5,15.997763392089723,5.353370197229378,0.09019362656373399,0.0008156928071672568,999184307.1928326,37.11000000000001,37.109071063587216,3.1915268631584106,0.710650749699651,inf,0,0,0,0,-1,inf,0,-1,0,0,6080,50,0,0,2553,3477,1.6801316419628685,3.825166806031196,False
following_lateral_offset,P4,12002,40,4.0,0.5,15.585837013635834,-0.8211025161172891,0.10969415958229042,0.008324201094320133,991675798.90568,37.110000000000014,37.110000000000014,3.211245864146799,0.7686857257165672,inf,0,0,0,0,-1,inf,0,-1,0,0,6080,0,0,0,2600,3480,1.6801316419628685,3.825166806031196,False
following_lateral_offset,P0,12003,40,4.0,0.5,15.38153760544036,-3.634471757388635,0.11411990142992301,0.016264692156572266,983735307.8434277,37.16000000000001,37.15948401611457,3.1795094657499945,0.7784127089968216,inf,0,0,0,0,-1,inf,0,-1,0,0,6080,23,0,0,2837,3220,1.6350504489062607,3.9169352334224983,False
following_lateral_offset,P1,12003,40,4.0,0.5,15.38153760544036,-3.634471757388635,0.11411990142992301,0.016264692156572266,983735307.8434277,37.16000000000001,37.15948401611457,3.1795094657499945,0.7784127089968216,inf,0,0,0,0,-1,inf,0,-1,0,0,6080,23,0,0,2837,3220,1.6350504489062607,3.9169352334224983,False
following_lateral_offset,P2,12003,40,4.0,0.5,17.111904480485272,12.723373887561344,0.01600425999956952,1.0693402375874516e-10,999999999.893066,36.940000000000026,36.93364632581162,3.2807805742851452,0.8397806655390718,inf,0,0,0,0,-1,inf,0,-1,0,0,6080,235,0,0,2572,3273,1.6350504489062607,3.9169352334224983,False
following_lateral_offset,P3,12003,40,4.0,0.5,16.570984466703173,8.00282290198566,0.038972595052799285,2.3235750350359324e-05,999976764.2496498,36.940000000000026,36.93784567464615,3.3154813025868615,0.9021872142190267,inf,0,0,0,0,-1,inf,0,-1,0,0,6080,122,0,0,2663,3295,1.6350504489062607,3.9169352334224983,False
following_lateral_offset,P4,12003,40,4.0,0.5,16.701590035741635,10.726679695807846,0.0268874586189801,1.1531943575930924e-07,999999884.6805643,36.94000000000002,36.93750983111384,3.3054937815170216,0.9021872142190267,inf,0,0,0,0,-1,inf,0,-1,0,0,6080,145,0,0,2641,3294,1.6350504489062607,3.9169352334224983,False
following_lateral_offset,P0,12004,40,4.0,0.5,14.47120816078989,-9.16009012729985,0.15944616768944245,0.030152840437996327,969847159.5620037,37.53000000000003,37.53000000000003,2.839172414630688,0.6770068163292394,inf,0,0,0,0,-1,inf,0,-1,0,0,6080,0,0,0,2886,3194,1.6009649607209568,3.72758110976154,False
following_lateral_offset,P1,12004,40,4.0,0.5,14.47120816078989,-9.16009012729985,0.15944616768944245,0.030152840437996327,969847159.5620037,37.53000000000003,37.53000000000003,2.839172414630688,0.6770068163292394,inf,0,0,0,0,-1,inf,0,-1,0,0,6080,0,0,0,2886,3194,1.6009649607209568,3.72758110976154,False
following_lateral_offset,P2,12004,40,4.0,0.5,16.76627076848348,11.000656878130474,0.023952136724513417,4.391624788128958e-08,999999956.083752,37.29000000000002,37.28158013523875,2.936414197946086,0.7416309959135098,inf,0,0,0,0,-1,inf,0,-1,0,0,6080,277,0,0,2592,3211,1.6009649607209568,3.72758110976154,False
following_lateral_offset,P3,12004,40,4.0,0.5,16.024155286103912,1.9489323422798428,0.07224841793729946,0.002637661946464492,997362338.0535355,37.320000000000014,37.31712790337056,2.947249097486204,0.7656658313836987,inf,0,0,0,0,-1,inf,0,-1,0,0,6080,168,0,0,2683,3229,1.6009649607209568,3.72758110976154,False
following_lateral_offset,P4,12004,40,4.0,0.5,16.024155286103912,1.9489323422798428,0.07224841793729946,0.002637661946464492,997362338.0535355,37.320000000000014,37.31712790337056,2.947249097486204,0.7656658313836987,inf,0,0,0,0,-1,inf,0,-1,0,0,6080,168,0,0,2683,3229,1.6009649607209568,3.72758110976154,False
following_lateral_offset,P0,12005,40,4.0,0.5,14.781480522348607,-5.637103603628095,0.1450990906164068,0.028569476080136352,971430523.9198637,37.33000000000003,37.32949327577259,3.0273735614406414,0.7902463152728991,inf,0,0,0,0,-1,inf,0,-1,0,0,6080,23,0,0,2671,3386,1.640801068456814,3.7153364667535684,False
following_lateral_offset,P1,12005,40,4.0,0.5,14.781480522348607,-5.637103603628095,0.1450990906164068,0.028569476080136352,971430523.9198637,37.33000000000003,37.32949327577259,3.0273735614406414,0.7902463152728991,inf,0,0,0,0,-1,inf,0,-1,0,0,6080,23,0,0,2671,3386,1.640801068456814,3.7153364667535684,False
following_lateral_offset,P2,12005,40,4.0,0.5,15.764211513473313,4.270576011268389,0.10455663294606847,0.002041256988256906,997958743.0117432,37.33000000000003,37.32822407174414,2.969227795777931,0.7253478862359956,inf,0,0,0,0,-1,inf,0,-1,0,0,6080,96,0,0,2627,3357,1.640801068456814,3.7153364667535684,False
following_lateral_offset,P3,12005,40,4.0,0.5,15.479849132888898,-2.0997634821872566,0.11233718753612212,0.011805661228075538,988194338.7719246,37.33000000000003,37.32863701575008,2.9813733335371304,0.7253478862359956,inf,0,0,0,0,-1,inf,0,-1,0,0,6080,75,0,0,2648,3357,1.640801068456814,3.7153364667535684,False
following_lateral_offset,P4,12005,40,4.0,0.5,15.319820960171521,-3.0174609263812755,0.11972067996289164,0.015999411011993696,984000588.9880064,37.33000000000003,37.329084125187975,2.993109777211697,0.7253478862359956,inf,0,0,0,0,-1,inf,0,-1,0,0,6080,52,0,0,2671,3357,1.640801068456814,3.7153364667535684,False
following_lateral_offset,P0,12006,40,4.0,0.5,14.216900421929974,-10.154428846980174,0.16732008602742993,0.03651689752138822,963483102.4786117,37.570000000000014,37.570000000000014,2.8044429036797895,0.6260714464321353,inf,0,0,0,0,-1,inf,0,-1,0,0,6080,0,0,0,2736,3344,1.6414959151305513,3.7808952782077427,False
following_lateral_offset,P1,12006,40,4.0,0.5,14.216900421929974,-10.154428846980174,0.16732008602742993,0.03651689752138822,963483102.4786117,37.570000000000014,37.570000000000014,2.8044429036797895,0.6260714464321353,inf,0,0,0,0,-1,inf,0,-1,0,0,6080,0,0,0,2736,3344,1.6414959151305513,3.7808952782077427,False
following_lateral_offset,P2,12006,40,4.0,0.5,16.10397957127219,7.507693028695051,0.060790526200718495,4.6460848666718524e-05,999953539.1513332,37.56000000000003,37.553515955358435,2.709403600875414,0.5064428350484124,inf,0,0,0,0,-1,inf,0,-1,0,0,6080,224,0,0,2572,3284,1.6414959151305513,3.7808952782077427,False
following_lateral_offset,P3,12006,40,4.0,0.5,15.319113051264946,1.126506952677996,0.12875095183007385,0.008705972542273562,991294027.4577262,37.560000000000024,37.55785902391738,2.7532861987218427,0.5678791175459765,inf,0,0,0,0,-1,inf,0,-1,0,0,6080,122,0,0,2654,3304,1.6414959151305513,3.7808952782077427,False
following_lateral_offset,P4,12006,40,4.0,0.5,14.823644376017047,-7.232402977846057,0.1339186444621085,0.026473055775520744,973526944.2244793,37.57000000000002,37.5686748556358,2.770388635729259,0.5966213937387295,inf,0,0,0,0,-1,inf,0,-1,0,0,6080,79,0,0,2686,3315,1.6414959151305513,3.7808952782077427,False
following_lateral_offset,P0,12007,40,4.0,0.5,15.265223061519828,-0.8211025161172891,0.13558901308056032,0.01165854110022455,988341458.8997755,37.110000000000014,37.110000000000014,3.211245864146799,0.8974891861489144,inf,0,0,0,0,-1,inf,0,-1,0,0,6080,0,0,0,2840,3240,1.6247781342598777,3.7146295702408865,False
following_lateral_offset,P1,12007,40,4.0,0.5,15.265223061519828,-0.8211025161172891,0.13558901308056032,0.01165854110022455,988341458.8997755,37.110000000000014,37.110000000000014,3.211245864146799,0.8974891861489144,inf,0,0,0,0,-1,inf,0,-1,0,0,6080,0,0,0,2840,3240,1.6247781342598777,3.7146295702408865,False
following_lateral_offset,P2,12007,40,4.0,0.5,16.025312719643036,7.612090906764003,0.07488365319395095,7.002339850839901e-05,999929976.6014916,37.110000000000014,37.10811299866287,3.1678176974597596,0.8970219952290849,inf,0,0,0,0,-1,inf,0,-1,0,0,6080,93,0,0,2767,3220,1.6247781342598777,3.7146295702408865,False
following_lateral_offset,P3,12007,40,4.0,0.5,15.595177757194573,0.6732476444831264,0.10878214269297157,0.00691026844846426,993089731.5515358,37.110000000000014,37.10900627053952,3.1904807553123598,0.8970219952290849,inf,0,0,0,0,-1,inf,0,-1,0,0,6080,50,0,0,2797,3233,1.6247781342598777,3.7146295702408865,False
following_lateral_offset,P4,12007,40,4.0,0.5,16.025312719643036,7.612090906764003,0.07488365319395095,7.002339850839901e-05,999929976.6014916,37.110000000000014,37.10811299866287,3.1678176974597596,0.8970219952290849,inf,0,0,0,0,-1,inf,0,-1,0,0,6080,93,0,0,2767,3220,1.6247781342598777,3.7146295702408865,False
following_lateral_offset,P0,12008,40,4.0,0.5,14.546092479421864,-7.566167255665263,0.15176598524278745,0.03276877139264243,967231228.6073576,37.41999999999998,37.419498931605084,2.9483040870116572,0.7506593516505564,inf,0,0,0,0,-1,inf,0,-1,0,0,6080,23,0,0,2690,3367,1.792100510006086,4.024436658689342,False
following_lateral_offset,P1,12008,40,4.0,0.5,14.546092479421864,-7.566167255665263,0.15176598524278745,0.03276877139264243,967231228.6073576,37.41999999999998,37.419498931605084,2.9483040870116572,0.7506593516505564,inf,0,0,0,0,-1,inf,0,-1,0,0,6080,23,0,0,2690,3367,1.792100510006086,4.024436658689342,False
following_lateral_offset,P2,12008,40,4.0,0.5,16.269634935580875,7.619286257843839,0.05719353206673128,5.308582339521956e-05,999946914.1766049,37.28000000000001,37.27715314517979,2.983554536426591,0.7718858229285106,inf,0,0,0,0,-1,inf,0,-1,0,0,6080,169,0,0,2492,3419,1.792100510006086,4.024436658689342,False
following_lateral_offset,P3,12008,40,4.0,0.5,15.672879979604971,-0.2920342917474734,0.10606408815284177,0.008789227828258077,991210772.1717418,37.28000000000001,37.27824673841266,3.0171501991194214,0.7718858229285106,inf,0,0,0,0,-1,inf,0,-1,0,0,6080,100,0,0,2551,3429,1.792100510006086,4.024436658689342,False
following_lateral_offset,P4,12008,40,4.0,0.5,16.269634935580875,7.619286257843839,0.05719353206673128,5.308582339521956e-05,999946914.1766049,37.28000000000001,37.27715314517979,2.983554536426591,0.7718858229285106,inf,0,0,0,0,-1,inf,0,-1,0,0,6080,169,0,0,2492,3419,1.792100510006086,4.024436658689342,False
following_lateral_offset,P0,12009,40,4.0,0.5,14.063727691932325,-16.758274158368266,0.1562046769046432,0.03917737921656789,960822620.783432,37.8,37.8,2.6076809620810617,0.48232144643214564,inf,0,0,0,0,-1,inf,3,38,0,3,6080,0,0,0,2939,3141,1.7907267711250303,3.9115288227302996,False
following_lateral_offset,P1,12009,40,4.0,0.5,14.063727691932325,-16.758274158368266,0.1562046769046432,0.03917737921656789,960822620.783432,37.8,37.8,2.6076809620810617,0.48232144643214564,inf,0,0,0,0,-1,inf,3,38,0,3,6080,0,0,0,2939,3141,1.7907267711250303,3.9115288227302996,False
following_lateral_offset,P2,12009,40,4.0,0.5,14.754795613861216,-6.918666383320126,0.1531036342585383,0.024217439392738304,975782560.6072617,37.79999999999998,37.79866032665505,2.565657875471076,0.38722531058888504,inf,0,0,0,0,-1,inf,3,38,0,3,6080,69,0,0,2870,3141,1.7907267711250303,3.9115288227302996,False
following_lateral_offset,P3,12009,40,4.0,0.5,14.754795613861216,-6.918666383320126,0.1531036342585383,0.024217439392738304,975782560.6072617,37.79999999999998,37.79866032665505,2.565657875471076,0.38722531058888504,inf,0,0,0,0,-1,inf,3,38,0,3,6080,69,0,0,2870,3141,1.7907267711250303,3.9115288227302996,False
following_lateral_offset,P4,12009,40,4.0,0.5,14.063727691932325,-16.758274158368266,0.1562046769046432,0.03917737921656789,960822620.783432,37.8,37.8,2.6076809620810617,0.48232144643214564,inf,0,0,0,0,-1,inf,3,38,0,3,6080,0,0,0,2939,3141,1.7907267711250303,3.9115288227302996,False
following_lateral_offset,P0,12010,40,4.0,0.5,14.065602937715884,-17.045147077698267,0.1606178179395444,0.035142477641057865,964857522.358942,37.54000000000002,37.53945928626256,2.8451360340374956,0.6963975279527864,inf,0,0,0,0,-1,inf,1,40,0,1,6080,23,0,0,2939,3118,1.5257504913454665,3.6754186826648096,False
following_lateral_offset,P1,12010,40,4.0,0.5,14.065602937715884,-17.045147077698267,0.1606178179395444,0.035142477641057865,964857522.358942,37.54000000000002,37.53945928626256,2.8451360340374956,0.6963975279527864,inf,0,0,0,0,-1,inf,1,40,0,1,6080,23,0,0,2939,3118,1.5257504913454665,3.6754186826648096,False
following_lateral_offset,P2,12010,40,4.0,0.5,15.812217907218088,0.3362255780298682,0.0869521849340339,0.00638230529231993,993617694.7076801,37.36000000000002,37.35745870827883,2.9222006612258524,0.729071603867013,inf,0,0,0,0,-1,inf,1,40,0,1,6080,147,0,0,2814,3119,1.5257504913454665,3.6754186826648096,False
following_lateral_offset,P3,12010,40,4.0,0.5,15.812217907218088,0.3362255780298682,0.0869521849340339,0.00638230529231993,993617694.7076801,37.36000000000002,37.35745870827883,2.9222006612258524,0.729071603867013,inf,0,0,0,0,-1,inf,1,40,0,1,6080,147,0,0,2814,3119,1.5257504913454665,3.6754186826648096,False
following_lateral_offset,P4,12010,40,4.0,0.5,15.812217907218088,0.3362255780298682,0.0869521849340339,0.00638230529231993,993617694.7076801,37.36000000000002,37.35745870827883,2.9222006612258524,0.729071603867013,inf,0,0,0,0,-1,inf,1,40,0,1,6080,147,0,0,2814,3119,1.5257504913454665,3.6754186826648096,False
following_lateral_offset,P0,12011,40,4.0,0.5,14.82623039781009,-6.845855944863551,0.146245020261931,0.02397585765868425,976024142.3413156,37.429999999999986,37.429999999999986,2.9265850406232987,0.7009022706797101,inf,0,0,0,0,-1,inf,0,-1,0,0,6080,0,0,0,2739,3341,1.6502077549209606,3.856843513837288,False
following_lateral_offset,P1,12011,40,4.0,0.5,14.82623039781009,-6.845855944863551,0.146245020261931,0.02397585765868425,976024142.3413156,37.429999999999986,37.429999999999986,2.9265850406232987,0.7009022706797101,inf,0,0,0,0,-1,inf,0,-1,0,0,6080,0,0,0,2739,3341,1.6502077549209606,3.856843513837288,False
following_lateral_offset,P2,12011,40,4.0,0.5,16.39182937413898,8.050680676850558,0.04785721338345525,2.488214611587108e-05,999975117.8538841,37.24999999999998,37.24713818797406,3.0105881613138066,0.7620691875355048,inf,0,0,0,0,-1,inf,0,-1,0,0,6080,169,0,0,2554,3357,1.6502077549209606,3.856843513837288,False
following_lateral_offset,P3,12011,40,4.0,0.5,16.39182937413898,8.050680676850558,0.04785721338345525,2.488214611587108e-05,999975117.8538841,37.24999999999998,37.24713818797406,3.0105881613138066,0.7620691875355048,inf,0,0,0,0,-1,inf,0,-1,0,0,6080,169,0,0,2554,3357,1.6502077549209606,3.856843513837288,False
following_lateral_offset,P4,12011,40,4.0,0.5,16.27130688939834,3.229781287225027,0.05840770069804193,0.001528864152882589,998471135.8471174,37.24999999999998,37.24713818797406,3.0105881613138066,0.7620691875355048,inf,0,0,0,0,-1,inf,0,-1,0,0,6080,169,0,0,2554,3357,1.6502077549209606,3.856843513837288,False
following_lateral_offset,P0,12012,40,4.0,0.5,13.30942150675005,-20.840255886040286,0.17576734980312753,0.048476815586734494,951523184.4132656,37.56999999999999,37.56840409328346,2.8492447532253053,0.7827551122469435,inf,0,0,0,0,-1,inf,0,-1,0,0,6080,71,0,0,2869,3140,1.686891836837558,3.8131984290296415,False
following_lateral_offset,P1,12012,40,4.0,0.5,13.30942150675005,-20.840255886040286,0.17576734980312753,0.048476815586734494,951523184.4132656,37.56999999999999,37.56840409328346,2.8492447532253053,0.7827551122469435,inf,0,0,0,0,-1,inf,0,-1,0,0,6080,71,0,0,2869,3140,1.686891836837558,3.8131984290296415,False
following_lateral_offset,P2,12012,40,4.0,0.5,15.88428658521785,6.554359571689638,0.07843531906981178,0.00015961878412041765,999840381.2158794,37.48999999999998,37.48454285979921,2.7827684843988627,0.718689860179561,inf,0,0,0,0,-1,inf,1,37,0,1,6080,184,0,0,2788,3108,1.686891836837558,3.8131984290296415,False
following_lateral_offset,P3,12012,40,4.0,0.5,15.443299091099906,3.266701248762896,0.12375047755768769,0.0029267700331341837,997073229.9668659,37.49999999999998,37.49749077056027,2.7955953072521025,0.718689860179561,inf,0,0,0,0,-1,inf,1,37,0,1,6080,138,0,0,2828,3114,1.686891836837558,3.8131984290296415,False
following_lateral_offset,P4,12012,40,4.0,0.5,15.443299091099906,3.266701248762896,0.12375047755768769,0.0029267700331341837,997073229.9668659,37.49999999999998,37.49749077056027,2.7955953072521025,0.718689860179561,inf,0,0,0,0,-1,inf,1,37,0,1,6080,138,0,0,2828,3114,1.686891836837558,3.8131984290296415,False
following_lateral_offset,P0,12013,40,4.0,0.5,15.22753176529586,-0.8211025161173957,0.13560006273280117,0.010035040352602964,989964959.647397,37.11000000000002,37.11000000000002,3.2112458641467923,1.013571446432133,inf,0,0,0,0,-1,inf,0,-1,0,0,6080,0,0,0,2608,3472,1.8151463058859292,4.071078574595581,False
following_lateral_offset,P1,12013,40,4.0,0.5,15.22753176529586,-0.8211025161173957,0.13560006273280117,0.010035040352602964,989964959.647397,37.11000000000002,37.11000000000002,3.2112458641467923,1.013571446432133,inf,0,0,0,0,-1,inf,0,-1,0,0,6080,0,0,0,2608,3472,1.8151463058859292,4.071078574595581,False
following_lateral_offset,P2,12013,40,4.0,0.5,15.355920251389955,1.5589700744157327,0.13248206293817616,0.0054116998116212605,994588300.1883787,37.11000000000002,37.11000000000002,3.2112458641467923,1.013571446432133,inf,0,0,0,0,-1,inf,0,-1,0,0,6080,0,0,0,2608,3472,1.8151463058859292,4.071078574595581,False
following_lateral_offset,P3,12013,40,4.0,0.5,15.355920251389955,1.5589700744157327,0.13248206293817616,0.0054116998116212605,994588300.1883787,37.11000000000002,37.11000000000002,3.2112458641467923,1.013571446432133,inf,0,0,0,0,-1,inf,0,-1,0,0,6080,0,0,0,2608,3472,1.8151463058859292,4.071078574595581,False
following_lateral_offset,P4,12013,40,4.0,0.5,16.364755818325126,6.512871750120908,0.045597317193790544,0.00014167565255323035,999858324.3474468,36.95666666666669,36.953786445621276,3.288442802416965,1.0365873095253928,inf,0,0,0,0,-1,inf,0,-1,0,0,6080,142,0,0,2451,3487,1.8151463058859292,4.071078574595581,False
following_lateral_offset,P0,12014,40,4.0,0.5,16.474937975701835,5.1355885468269165,0.05171470588494702,0.0004992021731890973,999500797.8268108,36.653333333333336,36.653333333333336,3.627695932376053,0.6155233093983193,inf,0,0,0,0,-1,inf,0,-1,0,0,6080,0,0,0,2522,3558,1.9004120167716718,4.256666215673693,False
following_lateral_offset,P1,12014,40,4.0,0.5,16.47394070536786,5.1705462253608765,0.05163965979764954,0.0004863537238610746,999513646.276139,36.65,36.65,3.6307712679264177,0.6199078433198167,inf,0,0,0,0,-1,inf,0,-1,0,0,6080,0,0,0,2522,3558,1.9004120167716718,4.256666215673693,False
following_lateral_offset,P2,12014,40,4.0,0.5,16.537355759648268,5.749163690512571,0.047475979680736226,0.0003014952273734035,999698504.7726265,36.59333333333331,36.59333333333331,3.6831206575101394,0.6313981854121656,inf,0,0,0,0,-1,inf,0,-1,0,0,6080,0,0,0,2502,3578,1.9004120167716718,4.256666215673693,False
following_lateral_offset,P3,12014,40,4.0,0.5,16.55291674379678,5.9465081539347295,0.04628107356593195,0.00025273631575316687,999747263.6842468,36.57333333333332,36.57333333333332,3.7016272697888573,0.6411917585961839,inf,0,0,0,0,-1,inf,0,-1,0,0,6080,0,0,0,2499,3581,1.9004120167716718,4.256666215673693,False
following_lateral_offset,P4,12014,40,4.0,0.5,16.537355759648268,5.749163690512571,0.047475979680736226,0.0003014952273734035,999698504.7726265,36.59333333333331,36.59333333333331,3.6831206575101394,0.6313981854121656,inf,0,0,0,0,-1,inf,0,-1,0,0,6080,0,0,0,2502,3578,1.9004120167716718,4.256666215673693,False
following_lateral_offset,P0,12015,40,4.0,0.5,14.52373790993936,-7.973422517543952,0.1581228646667145,0.028261012977073858,971738987.022926,37.47999999999999,37.47999999999999,2.882776439476369,0.7258571571457161,inf,0,0,0,0,-1,inf,1,40,0,1,6080,0,0,0,2861,3219,1.6726833477217156,3.8672201874582606,False
following_lateral_offset,P1,12015,40,4.0,0.5,14.52373790993936,-7.973422517543952,0.1581228646667145,0.028261012977073858,971738987.022926,37.47999999999999,37.47999999999999,2.882776439476369,0.7258571571457161,inf,0,0,0,0,-1,inf,1,40,0,1,6080,0,0,0,2861,3219,1.6726833477217156,3.8672201874582606,False
following_lateral_offset,P2,12015,40,4.0,0.5,17.256401048342124,8.848548368118681,0.021410399698653448,5.826599854283277e-06,999994173.4001458,37.08999999999999,37.08395929573628,3.1198398383597468,0.8714058586793356,inf,0,0,0,0,-1,inf,0,-1,0,0,6080,301,0,0,2549,3230,1.6726833477217156,3.8672201874582606,False
following_lateral_offset,P3,12015,40,4.0,0.5,16.935586443072015,7.6041311679012935,0.028682634255740403,3.9393899802793636e-05,999960606.1001972,37.11,37.1061024469449,3.1132775793131096,0.8496296290392883,inf,0,0,0,0,-1,inf,0,-1,0,0,6080,243,0,0,2597,3240,1.6726833477217156,3.8672201874582606,False
following_lateral_offset,P4,12015,40,4.0,0.5,15.415965262739894,3.0746676106430435,0.12738487274127036,0.0029901210967083654,997009878.9032915,37.41999999999999,37.418095785322855,2.8866047879095658,0.7019659595998639,inf,0,0,0,0,-1,inf,1,40,0,1,6080,95,0,0,2768,3217,1.6726833477217156,3.8672201874582606,False
following_lateral_offset,P0,12016,40,4.0,0.5,13.759964535016195,-21.075542272007006,0.16337204886681356,0.03977517349814434,960224826.5018556,37.68000000000003,37.679465687619164,2.7249720480137065,0.6215476309547517,inf,0,0,0,0,-1,inf,1,40,0,1,6080,23,0,0,2828,3229,1.5951514309383688,3.7124590182708994,False
following_lateral_offset,P1,12016,40,4.0,0.5,13.759964535016195,-21.075542272007006,0.16337204886681356,0.03977517349814434,960224826.5018556,37.68000000000003,37.679465687619164,2.7249720480137065,0.6215476309547517,inf,0,0,0,0,-1,inf,1,40,0,1,6080,23,0,0,2828,3229,1.5951514309383688,3.7124590182708994,False
following_lateral_offset,P2,12016,40,4.0,0.5,16.43300743157787,7.918192017944715,0.04618341270157287,3.173237924603491e-05,999968267.6207539,37.39000000000002,37.38538683490945,2.8627291596058244,0.6665631988986445,inf,0,0,0,0,-1,inf,1,40,0,1,6080,226,0,0,2603,3251,1.5951514309383688,3.7124590182708994,False
following_lateral_offset,P3,12016,40,4.0,0.5,16.020258333776006,0.9453363201017169,0.07770897471852042,0.005132152209938706,994867847.7900614,37.390000000000015,37.38709767222538,2.8842318228471107,0.6896559246387243,inf,0,0,0,0,-1,inf,1,40,0,1,6080,177,0,0,2646,3257,1.5951514309383688,3.7124590182708994,False
following_lateral_offset,P4,12016,40,4.0,0.5,15.267310203120156,-0.37001977147771825,0.13142692550534568,0.009398149644082202,990601850.3559177,37.640000000000015,37.63780974040432,2.6799027060238787,0.5690539959536891,inf,0,0,0,0,-1,inf,2,39,0,2,6080,118,0,0,2766,3196,1.5951514309383688,3.7124590182708994,False
following_lateral_offset,P0,12017,40,4.0,0.5,14.110816810873654,-11.725634296180043,0.16966770143649712,0.03662571390447437,963374286.0955257,37.62999999999999,37.62999999999999,2.752616936662284,0.6508571571457175,inf,0,0,0,0,-1,inf,0,-1,0,0,6080,0,0,0,2766,3314,1.8012053692908565,4.117179011834024,False
following_lateral_offset,P1,12017,40,4.0,0.5,14.110816810873654,-11.725634296180043,0.16966770143649712,0.03662571390447437,963374286.0955257,37.62999999999999,37.62999999999999,2.752616936662284,0.6508571571457175,inf,0,0,0,0,-1,inf,0,-1,0,0,6080,0,0,0,2766,3314,1.8012053692908565,4.117179011834024,False
following_lateral_offset,P2,12017,40,4.0,0.5,16.98075644281974,6.921626448796815,0.030042808083812454,9.103558188306364e-05,999908964.4181169,37.389999999999986,37.379665968744845,2.822100114220737,0.6985672265800649,inf,0,0,0,0,-1,inf,0,-1,0,0,6080,364,0,0,2434,3282,1.8012053692908565,4.117179011834024,False
following_lateral_offset,P3,12017,40,4.0,0.5,15.763052512607317,-0.7911149285274277,0.0891278957557263,0.008119428477734393,991880571.5222657,37.47999999999999,37.477181370018066,2.804361761270437,0.6477819731591747,inf,0,0,0,0,-1,inf,0,-1,0,0,6080,173,0,0,2586,3321,1.8012053692908565,4.117179011834024,False
following_lateral_offset,P4,12017,40,4.0,0.5,15.61641225187077,-6.656725357989323,0.08941603478267167,0.012760001788015372,987239998.2119846,37.47999999999999,37.477181370018066,2.804361761270437,0.6477819731591747,inf,0,0,0,0,-1,inf,0,-1,0,0,6080,173,0,0,2586,3321,1.8012053692908565,4.117179011834024,False
following_lateral_offset,P0,12018,40,4.0,0.5,15.45949611752722,-0.34685091170777227,0.12383310320594236,0.009061710838110464,990938289.1618897,37.08,37.08,3.2382711436814566,0.9338528225125539,inf,0,0,0,0,-1,inf,0,-1,0,0,6080,0,0,0,2677,3403,1.6170990100489502,3.808095799431257,False
following_lateral_offset,P1,12018,40,4.0,0.5,15.45949611752722,-0.34685091170777227,0.12383310320594236,0.009061710838110464,990938289.1618897,37.08,37.08,3.2382711436814566,0.9338528225125539,inf,0,0,0,0,-1,inf,0,-1,0,0,6080,0,0,0,2677,3403,1.6170990100489502,3.808095799431257,False
following_lateral_offset,P2,12018,40,4.0,0.5,16.562843577748502,10.195293739836998,0.03405790427448654,5.017189450272767e-07,999999498.2810551,36.989999999999995,36.98751842539921,3.2600535743721286,0.8780437927376096,inf,0,0,0,0,-1,inf,0,-1,0,0,6080,140,0,0,2531,3409,1.6170990100489502,3.808095799431257,False
following_lateral_offset,P3,12018,40,4.0,0.5,16.157190214941494,3.5871872748612432,0.07657616488406374,0.0017871474391758443,998212852.5608242,36.99999999999999,36.998239983778475,3.272248692512545,0.8780437927376096,inf,0,0,0,0,-1,inf,0,-1,0,0,6080,99,0,0,2565,3416,1.6170990100489502,3.808095799431257,False
following_lateral_offset,P4,12018,40,4.0,0.5,16.562843577748502,10.195293739836998,0.03405790427448654,5.017189450272767e-07,999999498.2810551,36.989999999999995,36.98751842539921,3.2600535743721286,0.8780437927376096,inf,0,0,0,0,-1,inf,0,-1,0,0,6080,140,0,0,2531,3409,1.6170990100489502,3.808095799431257,False
following_lateral_offset,P0,12019,40,4.0,0.5,13.063229338843566,-27.871396001605532,0.17475254535450674,0.05480192940857074,945198070.5914294,37.53000000000002,37.52820298084894,2.8929674952064177,0.7424884884811006,inf,0,0,0,0,-1,inf,0,-1,0,0,6080,95,0,0,2885,3100,1.615631695667774,3.8459530730190985,False
following_lateral_offset,P1,12019,40,4.0,0.5,13.063229338843566,-27.871396001605532,0.17475254535450674,0.05480192940857074,945198070.5914294,37.53000000000002,37.52820298084894,2.8929674952064177,0.7424884884811006,inf,0,0,0,0,-1,inf,0,-1,0,0,6080,95,0,0,2885,3100,1.615631695667774,3.8459530730190985,False
following_lateral_offset,P2,12019,40,4.0,0.5,13.101063658071691,-28.00694682419499,0.15985802459291182,0.051273962897618444,948726037.1023815,37.53000000000002,37.5259783266436,2.899098872248581,0.6886240663867454,inf,0,0,0,0,-1,inf,0,-1,0,0,6080,143,0,0,2869,3068,1.615631695667774,3.8459530730190985,False
following_lateral_offset,P3,12019,40,4.0,0.5,13.101063658071691,-28.00694682419499,0.15985802459291182,0.051273962897618444,948726037.1023815,37.53000000000002,37.5259783266436,2.899098872248581,0.6886240663867454,inf,0,0,0,0,-1,inf,0,-1,0,0,6080,143,0,0,2869,3068,1.615631695667774,3.8459530730190985,False
following_lateral_offset,P4,12019,40,4.0,0.5,14.047242795295185,-10.147434235170959,0.15980129837376483,0.04567259713477344,954327402.8652267,37.53000000000003,37.52850009946704,2.8541328792905567,0.6886240663867454,inf,0,0,0,0,-1,inf,2,39,0,2,6080,74,0,0,2979,3027,1.615631695667774,3.8459530730190985,False
lane_choice,P0,12000,40,4.0,0.5,-1.4841772517946126,-13.800125353527465,0.7112488585418857,0.27149979741639463,728500202.5836054,12.99999999999999,12.882786325056207,16.782438462261936,inf,1.5013499953110632,0,0,0,0,-1,inf,0,-1,0,0,6080,1879,0,1762,0,2439,1.6889748050677678,4.09156198600141,False
lane_choice,P1,12000,40,4.0,0.5,11.415283391778743,7.917465961148334,0.1974985300149305,9.757018575009285e-05,999902429.81425,12.999999999999991,12.91210617836171,16.755131274768452,6.1060366622275195,1.5001885304115121,0,0,0,0,-1,inf,0,-1,0,0,6080,1784,0,1780,0,2516,1.6889748050677678,4.09156198600141,False
lane_choice,P2,12000,40,4.0,0.5,11.994151129574023,8.339167020023577,0.15814240210197242,3.244000943071595e-05,999967559.9905694,12.99999999999999,12.903343972408566,16.74847084715829,6.1060366622275195,1.5076951843659407,0,0,0,0,-1,inf,0,-1,0,0,6080,1600,0,1804,0,2676,1.6889748050677678,4.09156198600141,False
lane_choice,P3,12000,40,4.0,0.5,11.415283391778743,7.917465961148334,0.1974985300149305,9.757018575009285e-05,999902429.81425,12.999999999999991,12.91210617836171,16.755131274768452,6.1060366622275195,1.5001885304115121,0,0,0,0,-1,inf,0,-1,0,0,6080,1784,0,1780,0,2516,1.6889748050677678,4.09156198600141,False
lane_choice,P4,12000,40,4.0,0.5,12.011930681626641,8.339167020023577,0.15681014940403565,3.197086409443261e-05,999968029.1359055,12.99999999999999,12.903358507552323,16.74847084715829,6.1060366622275195,1.508038196389593,0,0,0,0,-1,inf,0,-1,0,0,6080,1616,0,1788,0,2676,1.6889748050677678,4.09156198600141,False
lane_choice,P0,12001,40,4.0,0.5,-1.4841772517946126,-13.800125353527465,0.7112488585418857,0.27149979741639463,728500202.5836054,12.99999999999999,12.882786325056207,16.782438462261936,inf,1.5013499953110632,0,0,0,0,-1,inf,0,-1,0,0,6080,1879,0,1762,0,2439,1.7108780164075739,4.159321742865612,False
lane_choice,P1,12001,40,4.0,0.5,11.415283391778743,7.917465961148334,0.1974985300149305,9.757018575009285e-05,999902429.81425,12.999999999999991,12.91210617836171,16.755131274768452,6.1060366622275195,1.5001885304115121,0,0,0,0,-1,inf,0,-1,0,0,6080,1784,0,1780,0,2516,1.7108780164075739,4.159321742865612,False
lane_choice,P2,12001,40,4.0,0.5,12.107883195357731,8.783780876789407,0.14676623799851551,1.6303080500430516e-05,999983696.9194996,12.999999999999991,12.905360561870957,16.74847084715829,6.1060366622275195,1.5014044797033903,0,0,0,0,-1,inf,0,-1,0,0,6080,1618,0,1796,0,2666,1.7108780164075739,4.159321742865612,False
lane_choice,P3,12001,40,4.0,0.5,11.415283391778743,7.917465961148334,0.1974985300149305,9.757018575009285e-05,999902429.81425,12.999999999999991,12.91210617836171,16.755131274768452,6.1060366622275195,1.5001885304115121,0,0,0,0,-1,inf,0,-1,0,0,6080,1784,0,1780,0,2516,1.7108780164075739,4.159321742865612,False
lane_choice,P4,12001,40,4.0,0.5,12.011930681626641,8.339167020023577,0.15681014940403565,3.197086409443261e-05,999968029.1359055,12.99999999999999,12.903358507552323,16.74847084715829,6.1060366622275195,1.508038196389593,0,0,0,0,-1,inf,0,-1,0,0,6080,1616,0,1788,0,2676,1.7108780164075739,4.159321742865612,False
lane_choice,P0,12002,40,4.0,0.5,-1.4841772517946126,-13.800125353527465,0.7112488585418857,0.27149979741639463,728500202.5836054,12.99999999999999,12.882786325056207,16.782438462261936,inf,1.5013499953110632,0,0,0,0,-1,inf,0,-1,0,0,6080,1879,0,1762,0,2439,1.7357444426868234,4.108951726599497,False
lane_choice,P1,12002,40,4.0,0.5,11.415283391778743,7.917465961148334,0.1974985300149305,9.757018575009285e-05,999902429.81425,12.999999999999991,12.91210617836171,16.755131274768452,6.1060366622275195,1.5001885304115121,0,0,0,0,-1,inf,0,-1,0,0,6080,1784,0,1780,0,2516,1.7357444426868234,4.108951726599497,False
lane_choice,P2,12002,40,4.0,0.5,12.008701804632036,8.229738049872287,0.15881413145339823,3.7394747089857576e-05,999962605.2529103,12.999999999999991,12.904499009576284,16.74847084715829,6.1060366622275195,1.5001177930900464,0,0,0,0,-1,inf,0,-1,0,0,6080,1612,0,1861,0,2607,1.7357444426868234,4.108951726599497,False
lane_choice,P3,12002,40,4.0,0.5,11.415283391778743,7.917465961148334,0.1974985300149305,9.757018575009285e-05,999902429.81425,12.999999999999991,12.91210617836171,16.755131274768452,6.1060366622275195,1.5001885304115121,0,0,0,0,-1,inf,0,-1,0,0,6080,1784,0,1780,0,2516,1.7357444426868234,4.108951726599497,False
lane_choice,P4,12002,40,4.0,0.5,12.011930681626641,8.339167020023577,0.15681014940403565,3.197086409443261e-05,999968029.1359055,12.99999999999999,12.903358507552323,16.74847084715829,6.1060366622275195,1.508038196389593,0,0,0,0,-1,inf,0,-1,0,0,6080,1616,0,1788,0,2676,1.7357444426868234,4.108951726599497,False
lane_choice,P0,12003,40,4.0,0.5,-1.4841772517946126,-13.800125353527465,0.7112488585418857,0.27149979741639463,728500202.5836054,12.99999999999999,12.882786325056207,16.782438462261936,inf,1.5013499953110632,0,0,0,0,-1,inf,0,-1,0,0,6080,1879,0,1762,0,2439,1.716111991535773,4.2126695725921,False
lane_choice,P1,12003,40,4.0,0.5,11.435182525296545,8.012373056845629,0.19517708609454484,8.383575704004449e-05,999916164.24296,12.99999999999999,12.910819574708963,16.753017151880435,6.1060366622275195,1.501167547298801,0,0,0,0,-1,inf,0,-1,0,0,6080,1768,0,1784,0,2528,1.716111991535773,4.2126695725921,False
lane_choice,P2,12003,40,4.0,0.5,12.011930681626641,8.339167020023577,0.15681014940403565,3.197086409443261e-05,999968029.1359055,12.99999999999999,12.903358507552323,16.74847084715829,6.1060366622275195,1.508038196389593,0,0,0,0,-1,inf,0,-1,0,0,6080,1616,0,1788,0,2676,1.716111991535773,4.2126695725921,False
lane_choice,P3,12003,40,4.0,0.5,12.076728932495755,9.263228055490746,0.13843144961890505,8.189156185971114e-06,999991810.8438139,12.99999999999999,12.911716648644994,16.757163456939804,6.1060366622275195,1.5028868179940864,0,0,0,0,-1,inf,0,-1,0,0,6080,1729,0,1751,0,2600,1.716111991535773,4.2126695725921,False
lane_choice,P4,12003,40,4.0,0.5,12.011930681626641,8.339167020023577,0.15681014940403565,3.197086409443261e-05,999968029.1359055,12.99999999999999,12.903358507552323,16.74847084715829,6.1060366622275195,1.508038196389593,0,0,0,0,-1,inf,0,-1,0,0,6080,1616,0,1788,0,2676,1.716111991535773,4.2126695725921,False
lane_choice,P0,12004,40,4.0,0.5,-1.4841772517946126,-13.800125353527465,0.7112488585418857,0.27149979741639463,728500202.5836054,12.99999999999999,12.882786325056207,16.782438462261936,inf,1.5013499953110632,0,0,0,0,-1,inf,0,-1,0,0,6080,1879,0,1762,0,2439,1.6789536481087104,4.0058438670402055,False
lane_choice,P1,12004,40,4.0,0.5,11.415283391778743,7.917465961148334,0.1974985300149305,9.757018575009285e-05,999902429.81425,12.999999999999991,12.91210617836171,16.755131274768452,6.1060366622275195,1.5001885304115121,0,0,0,0,-1,inf,0,-1,0,0,6080,1784,0,1780,0,2516,1.6789536481087104,4.0058438670402055,False
lane_choice,P2,12004,40,4.0,0.5,12.008621702981113,8.339167020023577,0.15701360302838382,3.2002794464293644e-05,999967997.2055357,12.99999999999999,12.903358507552323,16.74847084715829,6.1060366622275195,1.508038196389593,0,0,0,0,-1,inf,0,-1,0,0,6080,1631,0,1773,0,2676,1.6789536481087104,4.0058438670402055,False
lane_choice,P3,12004,40,4.0,0.5,11.415283391778743,7.917465961148334,0.1974985300149305,9.757018575009285e-05,999902429.81425,12.999999999999991,12.91210617836171,16.755131274768452,6.1060366622275195,1.5001885304115121,0,0,0,0,-1,inf,0,-1,0,0,6080,1784,0,1780,0,2516,1.6789536481087104,4.0058438670402055,False
lane_choice,P4,12004,40,4.0,0.5,12.011930681626641,8.339167020023577,0.15681014940403565,3.197086409443261e-05,999968029.1359055,12.99999999999999,12.903358507552323,16.74847084715829,6.1060366622275195,1.508038196389593,0,0,0,0,-1,inf,0,-1,0,0,6080,1616,0,1788,0,2676,1.6789536481087104,4.0058438670402055,False
lane_choice,P0,12005,40,4.0,0.5,-1.4841772517946126,-13.800125353527465,0.7112488585418857,0.27149979741639463,728500202.5836054,12.99999999999999,12.882786325056207,16.782438462261936,inf,1.5013499953110632,0,0,0,0,-1,inf,0,-1,0,0,6080,1879,0,1762,0,2439,1.7102921748415294,4.032619742445286,False
lane_choice,P1,12005,40,4.0,0.5,11.415283391778743,7.917465961148334,0.1974985300149305,9.757018575009285e-05,999902429.81425,12.999999999999991,12.91210617836171,16.755131274768452,6.1060366622275195,1.5001885304115121,0,0,0,0,-1,inf,0,-1,0,0,6080,1784,0,1780,0,2516,1.7102921748415294,4.032619742445286,False
lane_choice,P2,12005,40,4.0,0.5,11.85355211077398,8.193428658539322,0.16768438967953742,4.027679048261062e-05,999959723.2095175,12.999999999999993,12.90302634466848,16.747476673586238,6.1060366622275195,1.5074147958698756,0,0,0,0,-1,inf,0,-1,0,0,6080,1623,0,1824,0,2633,1.7102921748415294,4.032619742445286,False
lane_choice,P3,12005,40,4.0,0.5,12.076728932495755,9.263228055490746,0.13843144961890505,8.189156185971114e-06,999991810.8438139,12.99999999999999,12.911716648644994,16.757163456939804,6.1060366622275195,1.5028868179940864,0,0,0,0,-1,inf,0,-1,0,0,6080,1729,0,1751,0,2600,1.7102921748415294,4.032619742445286,False
lane_choice,P4,12005,40,4.0,0.5,12.011930681626641,8.339167020023577,0.15681014940403565,3.197086409443261e-05,999968029.1359055,12.99999999999999,12.903358507552323,16.74847084715829,6.1060366622275195,1.508038196389593,0,0,0,0,-1,inf,0,-1,0,0,6080,1616,0,1788,0,2676,1.7102921748415294,4.032619742445286,False
lane_choice,P0,12006,40,4.0,0.5,-1.4841772517946126,-13.800125353527465,0.7112488585418857,0.27149979741639463,728500202.5836054,12.99999999999999,12.882786325056207,16.782438462261936,inf,1.5013499953110632,0,0,0,0,-1,inf,0,-1,0,0,6080,1879,0,1762,0,2439,1.7070857147587286,4.076338745458287,False
lane_choice,P1,12006,40,4.0,0.5,11.415283391778743,7.917465961148334,0.1974985300149305,9.757018575009285e-05,999902429.81425,12.999999999999991,12.91210617836171,16.755131274768452,6.1060366622275195,1.5001885304115121,0,0,0,0,-1,inf,0,-1,0,0,6080,1784,0,1780,0,2516,1.7070857147587286,4.076338745458287,False
lane_choice,P2,12006,40,4.0,0.5,12.003801535674015,8.30317609867053,0.15770970069748805,3.362030996009834e-05,999966379.6900399,12.999999999999993,12.90378423508218,16.747476673586238,6.1060366622275195,1.5006896560409806,0,0,0,0,-1,inf,0,-1,0,0,6080,1603,0,1869,0,2608,1.7070857147587286,4.076338745458287,False
lane_choice,P3,12006,40,4.0,0.5,11.435182525296545,8.012373056845629,0.19517708609454484,8.383575704004449e-05,999916164.24296,12.99999999999999,12.910819574708963,16.753017151880435,6.1060366622275195,1.501167547298801,0,0,0,0,-1,inf,0,-1,0,0,6080,1768,0,1784,0,2528,1.7070857147587286,4.076338745458287,False
lane_choice,P4,12006,40,4.0,0.5,12.011930681626641,8.339167020023577,0.15681014940403565,3.197086409443261e-05,999968029.1359055,12.99999999999999,12.903358507552323,16.74847084715829,6.1060366622275195,1.508038196389593,0,0,0,0,-1,inf,0,-1,0,0,6080,1616,0,1788,0,2676,1.7070857147587286,4.076338745458287,False
lane_choice,P0,12007,40,4.0,0.5,-1.4841772517946126,-13.800125353527465,0.7112488585418857,0.27149979741639463,728500202.5836054,12.99999999999999,12.882786325056207,16.782438462261936,inf,1.5013499953110632,0,0,0,0,-1,inf,0,-1,0,0,6080,1879,0,1762,0,2439,1.6853179586269484,3.99537777410182,False
lane_choice,P1,12007,40,4.0,0.5,11.435182525296545,8.012373056845629,0.19517708609454484,8.383575704004449e-05,999916164.24296,12.99999999999999,12.910819574708963,16.753017151880435,6.1060366622275195,1.501167547298801,0,0,0,0,-1,inf,0,-1,0,0,6080,1768,0,1784,0,2528,1.6853179586269484,3.99537777410182,False
lane_choice,P2,12007,40,4.0,0.5,11.994151129574023,8.339167020023577,0.15814240210197242,3.244000943071595e-05,999967559.9905694,12.99999999999999,12.903343972408566,16.74847084715829,6.1060366622275195,1.5076951843659407,0,0,0,0,-1,inf,0,-1,0,0,6080,1600,0,1804,0,2676,1.6853179586269484,3.99537777410182,False
lane_choice,P3,12007,40,4.0,0.5,11.774571468909128,8.864510842673633,0.1650053882993474,2.0320664283531396e-05,999979679.3357166,12.999999999999991,12.90832076244491,16.74847084715829,6.1060366622275195,1.5014545503952075,0,0,0,0,-1,inf,0,-1,0,0,6080,1691,0,1829,0,2560,1.6853179586269484,3.99537777410182,False
lane_choice,P4,12007,40,4.0,0.5,12.011930681626641,8.339167020023577,0.15681014940403565,3.197086409443261e-05,999968029.1359055,12.99999999999999,12.903358507552323,16.74847084715829,6.1060366622275195,1.508038196389593,0,0,0,0,-1,inf,0,-1,0,0,6080,1616,0,1788,0,2676,1.6853179586269484,3.99537777410182,False
lane_choice,P0,12008,40,4.0,0.5,-1.4841772517946126,-13.800125353527465,0.7112488585418857,0.27149979741639463,728500202.5836054,12.99999999999999,12.882786325056207,16.782438462261936,inf,1.5013499953110632,0,0,0,0,-1,inf,0,-1,0,0,6080,1879,0,1762,0,2439,1.8116275532658879,4.265497009580971,False
lane_choice,P1,12008,40,4.0,0.5,11.415283391778743,7.917465961148334,0.1974985300149305,9.757018575009285e-05,999902429.81425,12.999999999999991,12.91210617836171,16.755131274768452,6.1060366622275195,1.5001885304115121,0,0,0,0,-1,inf,0,-1,0,0,6080,1784,0,1780,0,2516,1.8116275532658879,4.265497009580971,False
lane_choice,P2,12008,40,4.0,0.5,12.011930681626641,8.339167020023577,0.15681014940403565,3.197086409443261e-05,999968029.1359055,12.99999999999999,12.903358507552323,16.74847084715829,6.1060366622275195,1.508038196389593,0,0,0,0,-1,inf,0,-1,0,0,6080,1616,0,1788,0,2676,1.8116275532658879,4.265497009580971,False
lane_choice,P3,12008,40,4.0,0.5,11.415283391778743,7.917465961148334,0.1974985300149305,9.757018575009285e-05,999902429.81425,12.999999999999991,12.91210617836171,16.755131274768452,6.1060366622275195,1.5001885304115121,0,0,0,0,-1,inf,0,-1,0,0,6080,1784,0,1780,0,2516,1.8116275532658879,4.265497009580971,False
lane_choice,P4,12008,40,4.0,0.5,12.011930681626641,8.339167020023577,0.15681014940403565,3.197086409443261e-05,999968029.1359055,12.99999999999999,12.903358507552323,16.74847084715829,6.1060366622275195,1.508038196389593,0,0,0,0,-1,inf,0,-1,0,0,6080,1616,0,1788,0,2676,1.8116275532658879,4.265497009580971,False
lane_choice,P0,12009,40,4.0,0.5,-1.4841772517946126,-13.800125353527465,0.7112488585418857,0.27149979741639463,728500202.5836054,12.99999999999999,12.882786325056207,16.782438462261936,inf,1.5013499953110632,0,0,0,0,-1,inf,0,-1,0,0,6080,1879,0,1762,0,2439,1.8501987730986145,4.222102837419868,False
lane_choice,P1,12009,40,4.0,0.5,11.435182525296545,8.012373056845629,0.19517708609454484,8.383575704004449e-05,999916164.24296,12.99999999999999,12.910819574708963,16.753017151880435,6.1060366622275195,1.501167547298801,0,0,0,0,-1,inf,0,-1,0,0,6080,1768,0,1784,0,2528,1.8501987730986145,4.222102837419868,False
lane_choice,P2,12009,40,4.0,0.5,12.011930681626641,8.339167020023577,0.15681014940403565,3.197086409443261e-05,999968029.1359055,12.99999999999999,12.903358507552323,16.74847084715829,6.1060366622275195,1.508038196389593,0,0,0,0,-1,inf,0,-1,0,0,6080,1616,0,1788,0,2676,1.8501987730986145,4.222102837419868,False
lane_choice,P3,12009,40,4.0,0.5,11.415283391778743,7.917465961148334,0.1974985300149305,9.757018575009285e-05,999902429.81425,12.999999999999991,12.91210617836171,16.755131274768452,6.1060366622275195,1.5001885304115121,0,0,0,0,-1,inf,0,-1,0,0,6080,1784,0,1780,0,2516,1.8501987730986145,4.222102837419868,False
lane_choice,P4,12009,40,4.0,0.5,12.011930681626641,8.339167020023577,0.15681014940403565,3.197086409443261e-05,999968029.1359055,12.99999999999999,12.903358507552323,16.74847084715829,6.1060366622275195,1.508038196389593,0,0,0,0,-1,inf,0,-1,0,0,6080,1616,0,1788,0,2676,1.8501987730986145,4.222102837419868,False
lane_choice,P0,12010,40,4.0,0.5,-1.4841772517946126,-13.800125353527465,0.7112488585418857,0.27149979741639463,728500202.5836054,12.99999999999999,12.882786325056207,16.782438462261936,inf,1.5013499953110632,0,0,0,0,-1,inf,0,-1,0,0,6080,1879,0,1762,0,2439,1.5919530369352115,3.9670418367782396,False
lane_choice,P1,12010,40,4.0,0.5,11.415283391778743,7.917465961148334,0.1974985300149305,9.757018575009285e-05,999902429.81425,12.999999999999991,12.91210617836171,16.755131274768452,6.1060366622275195,1.5001885304115121,0,0,0,0,-1,inf,0,-1,0,0,6080,1784,0,1780,0,2516,1.5919530369352115,3.9670418367782396,False
lane_choice,P2,12010,40,4.0,0.5,12.011930681626641,8.339167020023577,0.15681014940403565,3.197086409443261e-05,999968029.1359055,12.99999999999999,12.903358507552323,16.74847084715829,6.1060366622275195,1.508038196389593,0,0,0,0,-1,inf,0,-1,0,0,6080,1616,0,1788,0,2676,1.5919530369352115,3.9670418367782396,False
lane_choice,P3,12010,40,4.0,0.5,12.076728932495755,9.263228055490746,0.13843144961890505,8.189156185971114e-06,999991810.8438139,12.99999999999999,12.911716648644994,16.757163456939804,6.1060366622275195,1.5028868179940864,0,0,0,0,-1,inf,0,-1,0,0,6080,1729,0,1751,0,2600,1.5919530369352115,3.9670418367782396,False
lane_choice,P4,12010,40,4.0,0.5,12.011930681626641,8.339167020023577,0.15681014940403565,3.197086409443261e-05,999968029.1359055,12.99999999999999,12.903358507552323,16.74847084715829,6.1060366622275195,1.508038196389593,0,0,0,0,-1,inf,0,-1,0,0,6080,1616,0,1788,0,2676,1.5919530369352115,3.9670418367782396,False
lane_choice,P0,12011,40,4.0,0.5,-1.4841772517946126,-13.800125353527465,0.7112488585418857,0.27149979741639463,728500202.5836054,12.99999999999999,12.882786325056207,16.782438462261936,inf,1.5013499953110632,0,0,0,0,-1,inf,0,-1,0,0,6080,1879,0,1762,0,2439,1.75663667537918,4.189685578391737,False
lane_choice,P1,12011,40,4.0,0.5,11.435182525296545,8.012373056845629,0.19517708609454484,8.383575704004449e-05,999916164.24296,12.99999999999999,12.910819574708963,16.753017151880435,6.1060366622275195,1.501167547298801,0,0,0,0,-1,inf,0,-1,0,0,6080,1768,0,1784,0,2528,1.75663667537918,4.189685578391737,False
lane_choice,P2,12011,40,4.0,0.5,12.101132847578397,8.783780876789407,0.14732170842461895,1.652940373108823e-05,999983470.5962689,12.99999999999999,12.905349679254607,16.74847084715829,6.1060366622275195,1.5010597912286787,0,0,0,0,-1,inf,0,-1,0,0,6080,1602,0,1812,0,2666,1.75663667537918,4.189685578391737,False
lane_choice,P3,12011,40,4.0,0.5,11.435182525296545,8.012373056845629,0.19517708609454484,8.383575704004449e-05,999916164.24296,12.99999999999999,12.910819574708963,16.753017151880435,6.1060366622275195,1.501167547298801,0,0,0,0,-1,inf,0,-1,0,0,6080,1768,0,1784,0,2528,1.75663667537918,4.189685578391737,False
lane_choice,P4,12011,40,4.0,0.5,12.011930681626641,8.339167020023577,0.15681014940403565,3.197086409443261e-05,999968029.1359055,12.99999999999999,12.903358507552323,16.74847084715829,6.1060366622275195,1.508038196389593,0,0,0,0,-1,inf,0,-1,0,0,6080,1616,0,1788,0,2676,1.75663667537918,4.189685578391737,False
lane_choice,P0,12012,40,4.0,0.5,-1.4841772517946126,-13.800125353527465,0.7112488585418857,0.27149979741639463,728500202.5836054,12.99999999999999,12.882786325056207,16.782438462261936,inf,1.5013499953110632,0,0,0,0,-1,inf,0,-1,0,0,6080,1879,0,1762,0,2439,1.7154928838578054,4.025665177133503,False
lane_choice,P1,12012,40,4.0,0.5,11.435182525296545,8.012373056845629,0.19517708609454484,8.383575704004449e-05,999916164.24296,12.99999999999999,12.910819574708963,16.753017151880435,6.1060366622275195,1.501167547298801,0,0,0,0,-1,inf,0,-1,0,0,6080,1768,0,1784,0,2528,1.7154928838578054,4.025665177133503,False
lane_choice,P2,12012,40,4.0,0.5,10.097163224020916,5.864452961638088,0.3556042036767589,0.0016046030005739454,998395396.9994259,12.99999999999999,12.905176103758798,16.74847084715829,6.1060366622275195,1.507810195754565,0,0,0,0,-1,inf,0,-1,0,0,6080,1856,0,1682,0,2542,1.7154928838578054,4.025665177133503,False
lane_choice,P3,12012,40,4.0,0.5,11.435182525296545,8.012373056845629,0.19517708609454484,8.383575704004449e-05,999916164.24296,12.99999999999999,12.910819574708963,16.753017151880435,6.1060366622275195,1.501167547298801,0,0,0,0,-1,inf,0,-1,0,0,6080,1768,0,1784,0,2528,1.7154928838578054,4.025665177133503,False
lane_choice,P4,12012,40,4.0,0.5,12.011930681626641,8.339167020023577,0.15681014940403565,3.197086409443261e-05,999968029.1359055,12.99999999999999,12.903358507552323,16.74847084715829,6.1060366622275195,1.508038196389593,0,0,0,0,-1,inf,0,-1,0,0,6080,1616,0,1788,0,2676,1.7154928838578054,4.025665177133503,False
lane_choice,P0,12013,40,4.0,0.5,-1.4841772517946126,-13.800125353527465,0.7112488585418857,0.27149979741639463,728500202.5836054,12.99999999999999,12.882786325056207,16.782438462261936,inf,1.5013499953110632,0,0,0,0,-1,inf,0,-1,0,0,6080,1879,0,1762,0,2439,1.838807694658943,4.3082777383591715,False
lane_choice,P1,12013,40,4.0,0.5,11.761369247674176,8.763759785661756,0.16494697501400696,2.2891689134287736e-05,999977108.3108658,12.99999999999999,12.909748525722138,16.7508040885184,6.1060366622275195,1.500368498496405,0,0,0,0,-1,inf,0,-1,0,0,6080,1706,0,1817,0,2557,1.838807694658943,4.3082777383591715,False
lane_choice,P2,12013,40,4.0,0.5,12.008621702981113,8.339167020023577,0.15701360302838382,3.2002794464293644e-05,999967997.2055357,12.99999999999999,12.903358507552323,16.74847084715829,6.1060366622275195,1.508038196389593,0,0,0,0,-1,inf,0,-1,0,0,6080,1631,0,1773,0,2676,1.838807694658943,4.3082777383591715,False
lane_choice,P3,12013,40,4.0,0.5,11.761369247674176,8.763759785661756,0.16494697501400696,2.2891689134287736e-05,999977108.3108658,12.99999999999999,12.909748525722138,16.7508040885184,6.1060366622275195,1.500368498496405,0,0,0,0,-1,inf,0,-1,0,0,6080,1706,0,1817,0,2557,1.838807694658943,4.3082777383591715,False
lane_choice,P4,12013,40,4.0,0.5,12.011930681626641,8.339167020023577,0.15681014940403565,3.197086409443261e-05,999968029.1359055,12.99999999999999,12.903358507552323,16.74847084715829,6.1060366622275195,1.508038196389593,0,0,0,0,-1,inf,0,-1,0,0,6080,1616,0,1788,0,2676,1.838807694658943,4.3082777383591715,False
lane_choice,P0,12014,40,4.0,0.5,-1.4841772517946126,-13.800125353527465,0.7112488585418857,0.27149979741639463,728500202.5836054,12.99999999999999,12.882786325056207,16.782438462261936,inf,1.5013499953110632,0,0,0,0,-1,inf,0,-1,0,0,6080,1879,0,1762,0,2439,1.97941690969157,4.5885782767280245,False
lane_choice,P1,12014,40,4.0,0.5,11.43164033473314,7.97072833400294,0.19631392238432374,8.974218320885683e-05,999910257.8167912,12.99999999999999,12.911978679206724,16.755131274768452,6.1060366622275195,1.5002839596935633,0,0,0,0,-1,inf,0,-1,0,0,6080,1777,0,1784,0,2519,1.97941690969157,4.5885782767280245,False
lane_choice,P2,12014,40,4.0,0.5,12.011930681626641,8.339167020023577,0.15681014940403565,3.197086409443261e-05,999968029.1359055,12.99999999999999,12.903358507552323,16.74847084715829,6.1060366622275195,1.508038196389593,0,0,0,0,-1,inf,0,-1,0,0,6080,1616,0,1788,0,2676,1.97941690969157,4.5885782767280245,False
lane_choice,P3,12014,40,4.0,0.5,11.415283391778743,7.917465961148334,0.1974985300149305,9.757018575009285e-05,999902429.81425,12.999999999999991,12.91210617836171,16.755131274768452,6.1060366622275195,1.5001885304115121,0,0,0,0,-1,inf,0,-1,0,0,6080,1784,0,1780,0,2516,1.97941690969157,4.5885782767280245,False
lane_choice,P4,12014,40,4.0,0.5,12.011930681626641,8.339167020023577,0.15681014940403565,3.197086409443261e-05,999968029.1359055,12.99999999999999,12.903358507552323,16.74847084715829,6.1060366622275195,1.508038196389593,0,0,0,0,-1,inf,0,-1,0,0,6080,1616,0,1788,0,2676,1.97941690969157,4.5885782767280245,False
lane_choice,P0,12015,40,4.0,0.5,-1.4841772517946126,-13.800125353527465,0.7112488585418857,0.27149979741639463,728500202.5836054,12.99999999999999,12.882786325056207,16.782438462261936,inf,1.5013499953110632,0,0,0,0,-1,inf,0,-1,0,0,6080,1879,0,1762,0,2439,1.7275240215075254,4.140273670725387,False
lane_choice,P1,12015,40,4.0,0.5,11.415283391778743,7.917465961148334,0.1974985300149305,9.757018575009285e-05,999902429.81425,12.999999999999991,12.91210617836171,16.755131274768452,6.1060366622275195,1.5001885304115121,0,0,0,0,-1,inf,0,-1,0,0,6080,1784,0,1780,0,2516,1.7275240215075254,4.140273670725387,False
lane_choice,P2,12015,40,4.0,0.5,12.011930681626641,8.339167020023577,0.15681014940403565,3.197086409443261e-05,999968029.1359055,12.99999999999999,12.903358507552323,16.74847084715829,6.1060366622275195,1.508038196389593,0,0,0,0,-1,inf,0,-1,0,0,6080,1616,0,1788,0,2676,1.7275240215075254,4.140273670725387,False
lane_choice,P3,12015,40,4.0,0.5,11.415283391778743,7.917465961148334,0.1974985300149305,9.757018575009285e-05,999902429.81425,12.999999999999991,12.91210617836171,16.755131274768452,6.1060366622275195,1.5001885304115121,0,0,0,0,-1,inf,0,-1,0,0,6080,1784,0,1780,0,2516,1.7275240215075254,4.140273670725387,False
lane_choice,P4,12015,40,4.0,0.5,12.011930681626641,8.339167020023577,0.15681014940403565,3.197086409443261e-05,999968029.1359055,12.99999999999999,12.903358507552323,16.74847084715829,6.1060366622275195,1.508038196389593,0,0,0,0,-1,inf,0,-1,0,0,6080,1616,0,1788,0,2676,1.7275240215075254,4.140273670725387,False
lane_choice,P0,12016,40,4.0,0.5,-1.4841772517946126,-13.800125353527465,0.7112488585418857,0.27149979741639463,728500202.5836054,12.99999999999999,12.882786325056207,16.782438462261936,inf,1.5013499953110632,0,0,0,0,-1,inf,0,-1,0,0,6080,1879,0,1762,0,2439,1.6612458786913975,4.026972751484523,False
lane_choice,P1,12016,40,4.0,0.5,11.415283391778743,7.917465961148334,0.1974985300149305,9.757018575009285e-05,999902429.81425,12.999999999999991,12.91210617836171,16.755131274768452,6.1060366622275195,1.5001885304115121,0,0,0,0,-1,inf,0,-1,0,0,6080,1784,0,1780,0,2516,1.6612458786913975,4.026972751484523,False
lane_choice,P2,12016,40,4.0,0.5,12.004846002929833,8.39448333904421,0.15610001630200873,2.9520593791208435e-05,999970479.4062088,12.999999999999993,12.902589135019047,16.747476673586238,6.1060366622275195,1.5086487573915592,0,0,0,0,-1,inf,0,-1,0,0,6080,1608,0,1796,0,2676,1.6612458786913975,4.026972751484523,False
lane_choice,P3,12016,40,4.0,0.5,12.076728932495755,9.263228055490746,0.13843144961890505,8.189156185971114e-06,999991810.8438139,12.99999999999999,12.911716648644994,16.757163456939804,6.1060366622275195,1.5028868179940864,0,0,0,0,-1,inf,0,-1,0,0,6080,1729,0,1751,0,2600,1.6612458786913975,4.026972751484523,False
lane_choice,P4,12016,40,4.0,0.5,12.011930681626641,8.339167020023577,0.15681014940403565,3.197086409443261e-05,999968029.1359055,12.99999999999999,12.903358507552323,16.74847084715829,6.1060366622275195,1.508038196389593,0,0,0,0,-1,inf,0,-1,0,0,6080,1616,0,1788,0,2676,1.6612458786913975,4.026972751484523,False
lane_choice,P0,12017,40,4.0,0.5,-1.4841772517946126,-13.800125353527465,0.7112488585418857,0.27149979741639463,728500202.5836054,12.99999999999999,12.882786325056207,16.782438462261936,inf,1.5013499953110632,0,0,0,0,-1,inf,0,-1,0,0,6080,1879,0,1762,0,2439,1.8505483971414756,4.409933711478079,False
lane_choice,P1,12017,40,4.0,0.5,11.435182525296545,8.012373056845629,0.19517708609454484,8.383575704004449e-05,999916164.24296,12.99999999999999,12.910819574708963,16.753017151880435,6.1060366622275195,1.501167547298801,0,0,0,0,-1,inf,0,-1,0,0,6080,1768,0,1784,0,2528,1.8505483971414756,4.409933711478079,False
lane_choice,P2,12017,40,4.0,0.5,12.008621702981113,8.339167020023577,0.15701360302838382,3.2002794464293644e-05,999967997.2055357,12.99999999999999,12.903358507552323,16.74847084715829,6.1060366622275195,1.508038196389593,0,0,0,0,-1,inf,0,-1,0,0,6080,1631,0,1773,0,2676,1.8505483971414756,4.409933711478079,False
lane_choice,P3,12017,40,4.0,0.5,11.774571468909128,8.864510842673633,0.1650053882993474,2.0320664283531396e-05,999979679.3357166,12.999999999999991,12.90832076244491,16.74847084715829,6.1060366622275195,1.5014545503952075,0,0,0,0,-1,inf,0,-1,0,0,6080,1691,0,1829,0,2560,1.8505483971414756,4.409933711478079,False
lane_choice,P4,12017,40,4.0,0.5,12.011930681626641,8.339167020023577,0.15681014940403565,3.197086409443261e-05,999968029.1359055,12.99999999999999,12.903358507552323,16.74847084715829,6.1060366622275195,1.508038196389593,0,0,0,0,-1,inf,0,-1,0,0,6080,1616,0,1788,0,2676,1.8505483971414756,4.409933711478079,False
lane_choice,P0,12018,40,4.0,0.5,-1.4841772517946126,-13.800125353527465,0.7112488585418857,0.27149979741639463,728500202.5836054,12.99999999999999,12.882786325056207,16.782438462261936,inf,1.5013499953110632,0,0,0,0,-1,inf,0,-1,0,0,6080,1879,0,1762,0,2439,1.699663653223034,4.112250994043579,False
lane_choice,P1,12018,40,4.0,0.5,11.415283391778743,7.917465961148334,0.1974985300149305,9.757018575009285e-05,999902429.81425,12.999999999999991,12.91210617836171,16.755131274768452,6.1060366622275195,1.5001885304115121,0,0,0,0,-1,inf,0,-1,0,0,6080,1784,0,1780,0,2516,1.699663653223034,4.112250994043579,False
lane_choice,P2,12018,40,4.0,0.5,12.004846002929833,8.39448333904421,0.15610001630200873,2.9520593791208435e-05,999970479.4062088,12.999999999999993,12.902589135019047,16.747476673586238,6.1060366622275195,1.5086487573915592,0,0,0,0,-1,inf,0,-1,0,0,6080,1608,0,1796,0,2676,1.699663653223034,4.112250994043579,False
lane_choice,P3,12018,40,4.0,0.5,12.076728932495755,9.263228055490746,0.13843144961890505,8.189156185971114e-06,999991810.8438139,12.99999999999999,12.911716648644994,16.757163456939804,6.1060366622275195,1.5028868179940864,0,0,0,0,-1,inf,0,-1,0,0,6080,1729,0,1751,0,2600,1.699663653223034,4.112250994043579,False
lane_choice,P4,12018,40,4.0,0.5,12.011930681626641,8.339167020023577,0.15681014940403565,3.197086409443261e-05,999968029.1359055,12.99999999999999,12.903358507552323,16.74847084715829,6.1060366622275195,1.508038196389593,0,0,0,0,-1,inf,0,-1,0,0,6080,1616,0,1788,0,2676,1.699663653223034,4.112250994043579,False
lane_choice,P0,12019,40,4.0,0.5,-1.4841772517946126,-13.800125353527465,0.7112488585418857,0.27149979741639463,728500202.5836054,12.99999999999999,12.882786325056207,16.782438462261936,inf,1.5013499953110632,0,0,0,0,-1,inf,0,-1,0,0,6080,1879,0,1762,0,2439,1.7231585432988563,4.192194586139374,False
lane_choice,P1,12019,40,4.0,0.5,11.435182525296545,8.012373056845629,0.19517708609454484,8.383575704004449e-05,999916164.24296,12.99999999999999,12.910819574708963,16.753017151880435,6.1060366622275195,1.501167547298801,0,0,0,0,-1,inf,0,-1,0,0,6080,1768,0,1784,0,2528,1.7231585432988563,4.192194586139374,False
lane_choice,P2,12019,40,4.0,0.5,11.774571468909128,8.864510842673633,0.1650053882993474,2.0320664283531396e-05,999979679.3357166,12.999999999999991,12.90832076244491,16.74847084715829,6.1060366622275195,1.5014545503952075,0,0,0,0,-1,inf,0,-1,0,0,6080,1691,0,1829,0,2560,1.7231585432988563,4.192194586139374,False
lane_choice,P3,12019,40,4.0,0.5,12.076728932495755,9.263228055490746,0.13843144961890505,8.189156185971114e-06,999991810.8438139,12.99999999999999,12.911716648644994,16.757163456939804,6.1060366622275195,1.5028868179940864,0,0,0,0,-1,inf,0,-1,0,0,6080,1729,0,1751,0,2600,1.7231585432988563,4.192194586139374,False
lane_choice,P4,12019,40,4.0,0.5,12.011930681626641,8.339167020023577,0.15681014940403565,3.197086409443261e-05,999968029.1359055,12.99999999999999,12.903358507552323,16.74847084715829,6.1060366622275195,1.508038196389593,0,0,0,0,-1,inf,0,-1,0,0,6080,1616,0,1788,0,2676,1.7231585432988563,4.192194586139374,False
overtake,P0,12000,50,5.0,0.5,22.115479705950843,17.202168997219456,0.0026304150783357716,2.198391390379366e-25,1000000000.0,45.701666666666654,45.701666666666654,3.304977831834616,1.193920214173652,inf,0,0,0,0,-1,inf,0,-1,0,0,7600,0,0,0,2722,4878,1.4661146003628998,3.4794881401075655,False
overtake,P1,12000,50,5.0,0.5,22.33674268487553,17.202168997219456,0.002489125802581112,2.185109841584587e-25,1000000000.0,45.79666666666665,45.79666666666665,3.210174471206341,1.2562060360797638,inf,0,0,0,0,-1,inf,0,-1,0,0,7600,0,0,0,2838,4762,1.4661146003628998,3.4794881401075655,False
overtake,P2,12000,50,5.0,0.5,22.115479705950843,17.202168997219456,0.0026304150783357716,2.198391390379366e-25,1000000000.0,45.701666666666654,45.701666666666654,3.304977831834616,1.193920214173652,inf,0,0,0,0,-1,inf,0,-1,0,0,7600,0,0,0,2722,4878,1.4661146003628998,3.4794881401075655,False
overtake,P3,12000,50,5.0,0.5,22.115479705950843,17.202168997219456,0.0026304150783357716,2.198391390379366e-25,1000000000.0,45.701666666666654,45.701666666666654,3.304977831834616,1.193920214173652,inf,0,0,0,0,-1,inf,0,-1,0,0,7600,0,0,0,2722,4878,1.4661146003628998,3.4794881401075655,False
overtake,P4,12000,50,5.0,0.5,22.115479705950843,17.202168997219456,0.0026304150783357716,2.198391390379366e-25,1000000000.0,45.701666666666654,45.701666666666654,3.304977831834616,1.193920214173652,inf,0,0,0,0,-1,inf,0,-1,0,0,7600,0,0,0,2722,4878,1.4661146003628998,3.4794881401075655,False
overtake,P0,12001,50,5.0,0.5,22.004626969038913,17.202168997219456,0.0026113419220886542,2.197891822615245e-25,1000000000.0,45.48033333333332,45.48033333333332,3.5258940902393703,1.2862738108210965,inf,0,0,0,0,-1,inf,0,-1,0,0,7600,0,0,0,2654,4946,1.4939372381566915,3.4896592813424174,False
overtake,P1,12001,50,5.0,0.5,22.154736197539208,17.202168997219456,0.0024911814397870296,2.185109841583241e-25,1000000000.0,45.489999999999995,45.489999999999995,3.5162445437057435,1.3037135727517952,inf,0,0,0,0,-1,inf,0,-1,0,0,7600,0,0,0,2701,4899,1.4939372381566915,3.4896592813424174,False
overtake,P2,12001,50,5.0,0.5,22.004626969038913,17.202168997219456,0.0026113419220886542,2.197891822615245e-25,1000000000.0,45.48033333333332,45.48033333333332,3.5258940902393703,1.2862738108210965,inf,0,0,0,0,-1,inf,0,-1,0,0,7600,0,0,0,2654,4946,1.4939372381566915,3.4896592813424174,False
overtake,P3,12001,50,5.0,0.5,22.004626969038913,17.202168997219456,0.0026113419220886542,2.197891822615245e-25,1000000000.0,45.48033333333332,45.48033333333332,3.5258940902393703,1.2862738108210965,inf,0,0,0,0,-1,inf,0,-1,0,0,7600,0,0,0,2654,4946,1.4939372381566915,3.4896592813424174,False
overtake,P4,12001,50,5.0,0.5,22.004626969038913,17.202168997219456,0.0026113419220886542,2.197891822615245e-25,1000000000.0,45.48033333333332,45.48033333333332,3.5258940902393703,1.2862738108210965,inf,0,0,0,0,-1,inf,0,-1,0,0,7600,0,0,0,2654,4946,1.4939372381566915,3.4896592813424174,False
overtake,P0,12002,50,5.0,0.5,22.075887067036064,17.202168997219456,0.0026288063916942673,2.1983438956087357e-25,1000000000.0,45.67799999999997,45.67799999999997,3.328597255773156,1.1201673682440811,inf,0,0,0,0,-1,inf,0,-1,0,0,7600,0,0,0,2665,4935,1.4998051658004536,3.4692274541733443,False
overtake,P1,12002,50,5.0,0.5,22.468276139752803,17.202168997219456,0.0024634311100073677,2.185109841583241e-25,1000000000.0,45.906666666666666,45.906666666666666,3.100417198096329,1.1701569975392756,inf,0,0,0,0,-1,inf,0,-1,0,0,7600,0,0,0,2822,4778,1.4998051658004536,3.4692274541733443,False
overtake,P2,12002,50,5.0,0.5,22.061869535317296,17.202168997219456,0.00263912006768159,2.1983438956087357e-25,1000000000.0,45.73833333333334,45.73833333333334,3.268385707896912,1.0461600723692406,inf,0,0,0,0,-1,inf,0,-1,0,0,7600,0,0,0,2661,4939,1.4998051658004536,3.4692274541733443,False
overtake,P3,12002,50,5.0,0.5,22.075887067036064,17.202168997219456,0.0026288063916942673,2.1983438956087357e-25,1000000000.0,45.67799999999997,45.67799999999997,3.328597255773156,1.1201673682440811,inf,0,0,0,0,-1,inf,0,-1,0,0,7600,0,0,0,2665,4935,1.4998051658004536,3.4692274541733443,False
overtake,P4,12002,50,5.0,0.5,22.011799486682527,17.202168997219456,0.0026421348177076776,2.1983438956087357e-25,1000000000.0,45.62833333333333,45.62833333333333,3.378166929305227,1.139559754019585,inf,0,0,0,0,-1,inf,0,-1,0,0,7600,0,0,0,2632,4968,1.4998051658004536,3.4692274541733443,False
overtake,P0,12003,50,5.0,0.5,22.067928007585834,17.202168997219456,0.0026308721474394936,2.207195733905121e-25,1000000000.0,45.62999999999998,45.62999999999998,3.3765034712170077,1.1508326401753703,inf,0,0,0,0,-1,inf,0,-1,0,0,7600,0,0,0,2876,4724,1.4976644806268424,3.436701339859338,False
overtake,P1,12003,50,5.0,0.5,22.067271349395966,17.202168997219456,0.0026308825430743253,2.207195733905121e-25,1000000000.0,45.619999999999976,45.619999999999976,3.38648426707412,1.227352207244512,inf,0,0,0,0,-1,inf,0,-1,0,0,7600,0,0,0,2869,4731,1.4976644806268424,3.436701339859338,False
overtake,P2,12003,50,5.0,0.5,21.929946422035922,17.202168997219456,0.0026453436926785036,2.207195733905121e-25,1000000000.0,45.38533333333335,45.38533333333335,3.6207307000454163,1.325271061041092,inf,0,0,0,0,-1,inf,0,-1,0,0,7600,0,0,0,2784,4816,1.4976644806268424,3.436701339859338,False
overtake,P3,12003,50,5.0,0.5,22.067928007585834,17.202168997219456,0.0026308721474394936,2.207195733905121e-25,1000000000.0,45.62999999999998,45.62999999999998,3.3765034712170077,1.1508326401753703,inf,0,0,0,0,-1,inf,0,-1,0,0,7600,0,0,0,2876,4724,1.4976644806268424,3.436701339859338,False
overtake,P4,12003,50,5.0,0.5,21.929946422035922,17.202168997219456,0.0026453436926785036,2.207195733905121e-25,1000000000.0,45.38533333333335,45.38533333333335,3.6207307000454163,1.325271061041092,inf,0,0,0,0,-1,inf,0,-1,0,0,7600,0,0,0,2784,4816,1.4976644806268424,3.436701339859338,False
overtake,P0,12004,50,5.0,0.5,22.218731852489523,17.202168997219456,0.0025032225484030524,2.1906428505286752e-25,1000000000.0,45.683333333333316,45.683333333333316,3.3232745100154264,1.188954478994427,inf,0,0,0,0,-1,inf,0,-1,0,0,7600,0,0,0,2834,4766,1.446638661065138,3.4542303770072964,False
overtake,P1,12004,50,5.0,0.5,22.161107550432643,17.202168997219456,0.00249363078946337,2.185109841583241e-25,1000000000.0,45.58666666666667,45.58666666666667,3.4197543969684108,1.256077484424787,inf,0,0,0,0,-1,inf,0,-1,0,0,7600,0,0,0,2781,4819,1.446638661065138,3.4542303770072964,False
overtake,P2,12004,50,5.0,0.5,22.18061640126276,17.202168997219456,0.0025154433673095027,2.1906428505308885e-25,1000000000.0,45.64833333333331,45.64833333333331,3.3582056422418454,1.2023522072445134,inf,0,0,0,0,-1,inf,0,-1,0,0,7600,0,0,0,2813,4787,1.446638661065138,3.4542303770072964,False
overtake,P3,12004,50,5.0,0.5,22.20974696267639,17.202168997219456,0.0025058206281982597,2.1906428505286752e-25,1000000000.0,45.67833333333331,45.67833333333331,3.3282645831701774,1.175881619009218,inf,0,0,0,0,-1,inf,0,-1,0,0,7600,0,0,0,2830,4770,1.446638661065138,3.4542303770072964,False
overtake,P4,12004,50,5.0,0.5,22.20974696267639,17.202168997219456,0.0025058206281982597,2.1906428505286752e-25,1000000000.0,45.67833333333331,45.67833333333331,3.3282645831701774,1.175881619009218,inf,0,0,0,0,-1,inf,0,-1,0,0,7600,0,0,0,2830,4770,1.446638661065138,3.4542303770072964,False
overtake,P0,12005,50,5.0,0.5,22.10399138675068,17.202168997219456,0.0026244906765941684,2.198459892346938e-25,1000000000.0,45.68399999999996,45.68399999999996,3.322609169183253,1.167447948572256,inf,0,0,0,0,-1,inf,0,-1,0,0,7600,0,0,0,2658,4942,1.546702310998974,3.5161390922572395,False
overtake,P1,12005,50,5.0,0.5,22.302049457376327,17.202168997219456,0.002461839565991912,2.1851098415832407e-25,1000000000.0,45.643333333333295,45.643333333333295,3.3631959208841438,1.282186720197309,inf,0,0,0,0,-1,inf,0,-1,0,0,7600,0,0,0,2661,4939,1.546702310998974,3.5161390922572395,False
overtake,P2,12005,50,5.0,0.5,22.10803962119927,17.202168997219456,0.0026013242242666477,2.1935679487079902e-25,1000000000.0,45.64299999999998,45.64299999999998,3.363528607153582,1.199999270360041,inf,0,0,0,0,-1,inf,0,-1,0,0,7600,0,0,0,2637,4963,1.546702310998974,3.5161390922572395,False
overtake,P3,12005,50,5.0,0.5,22.02106512963469,17.202168997219456,0.00263390077399948,2.198459892346938e-25,1000000000.0,45.55699999999998,45.55699999999998,3.4493658389826543,1.2322026849241066,inf,0,0,0,0,-1,inf,0,-1,0,0,7600,0,0,0,2585,5015,1.546702310998974,3.5161390922572395,False
overtake,P4,12005,50,5.0,0.5,22.02106512963469,17.202168997219456,0.00263390077399948,2.198459892346938e-25,1000000000.0,45.55699999999998,45.55699999999998,3.4493658389826543,1.2322026849241066,inf,0,0,0,0,-1,inf,0,-1,0,0,7600,0,0,0,2585,5015,1.546702310998974,3.5161390922572395,False
overtake,P0,12006,50,5.0,0.5,22.272344654196374,17.202168997219456,0.002551584107599316,2.1971549634734907e-25,1000000000.0,45.63033333333332,45.63033333333332,3.376170779979135,1.4091988504873987,inf,0,0,0,0,-1,inf,0,-1,0,0,7600,0,0,0,2765,4835,1.455488760510042,3.466151599127008,False
overtake,P1,12006,50,5.0,0.5,22.302947460717814,17.202168997219456,0.002472850474988903,2.185109841583241e-25,1000000000.0,45.62333333333333,45.62333333333333,3.3831573225196303,1.4867848230826006,inf,0,0,0,0,-1,inf,0,-1,0,0,7600,0,0,0,2770,4830,1.455488760510042,3.466151599127008,False
overtake,P2,12006,50,5.0,0.5,22.191180339787753,17.202168997219456,0.002564632882055129,2.1971549634734907e-25,1000000000.0,45.57533333333334,45.57533333333334,3.4310665206198068,1.408777850465083,inf,0,0,0,0,-1,inf,0,-1,0,0,7600,0,0,0,2728,4872,1.455488760510042,3.466151599127008,False
overtake,P3,12006,50,5.0,0.5,22.191180339787753,17.202168997219456,0.002564632882055129,2.1971549634734907e-25,1000000000.0,45.57533333333334,45.57533333333334,3.4310665206198068,1.408777850465083,inf,0,0,0,0,-1,inf,0,-1,0,0,7600,0,0,0,2728,4872,1.455488760510042,3.466151599127008,False
overtake,P4,12006,50,5.0,0.5,22.18397803340726,17.202168997219456,0.0025648993098804484,2.1971549634734907e-25,1000000000.0,45.560333333333325,45.560333333333325,3.446038663294161,1.420219498062346,inf,0,0,0,0,-1,inf,0,-1,0,0,7600,0,0,0,2718,4882,1.455488760510042,3.466151599127008,False
overtake,P0,12007,50,5.0,0.5,22.095915162911243,17.202168997219456,0.002549477728112081,2.1851561005325967e-25,1000000000.0,45.578333333333305,45.578333333333305,3.428072121312262,1.2829843297407055,inf,0,0,0,0,-1,inf,0,-1,0,0,7600,0,0,0,2753,4847,1.557353993928374,3.444879142383061,False
overtake,P1,12007,50,5.0,0.5,22.149727175023063,17.202168997219456,0.002514769084081544,2.185109841584627e-25,1000000000.0,45.57666666666666,45.57666666666666,3.429735675274631,1.3446867201972785,inf,0,0,0,0,-1,inf,0,-1,0,0,7600,0,0,0,2788,4812,1.557353993928374,3.444879142383061,False
overtake,P2,12007,50,5.0,0.5,22.170204527718234,17.202168997219456,0.0025518357278531464,2.1851561005325967e-25,1000000000.0,45.761666666666656,45.761666666666656,3.245100687023166,1.1519795258930592,inf,0,0,0,0,-1,inf,0,-1,0,0,7600,0,0,0,2804,4796,1.557353993928374,3.444879142383061,False
overtake,P3,12007,50,5.0,0.5,22.095915162911243,17.202168997219456,0.002549477728112081,2.1851561005325967e-25,1000000000.0,45.578333333333305,45.578333333333305,3.428072121312262,1.2829843297407055,inf,0,0,0,0,-1,inf,0,-1,0,0,7600,0,0,0,2753,4847,1.557353993928374,3.444879142383061,False
overtake,P4,12007,50,5.0,0.5,22.170204527718234,17.202168997219456,0.0025518357278531464,2.1851561005325967e-25,1000000000.0,45.761666666666656,45.761666666666656,3.245100687023166,1.1519795258930592,inf,0,0,0,0,-1,inf,0,-1,0,0,7600,0,0,0,2804,4796,1.557353993928374,3.444879142383061,False
overtake,P0,12008,50,5.0,0.5,21.969723956358123,17.202168997219456,0.0026658809932922954,2.1983913934468252e-25,1000000000.0,45.57033333333332,45.57033333333332,3.436057207845191,1.2711757366562644,inf,0,0,0,0,-1,inf,0,-1,0,0,7600,0,0,0,2675,4925,1.553285045559232,3.6483003846066704,False
overtake,P1,12008,50,5.0,0.5,22.11810736617278,17.202168997219456,0.0025115350580735647,2.185109841584587e-25,1000000000.0,45.47666666666667,45.47666666666667,3.529554287572038,1.3948477286761414,inf,0,0,0,0,-1,inf,0,-1,0,0,7600,0,0,0,2685,4915,1.553285045559232,3.6483003846066704,False
overtake,P2,12008,50,5.0,0.5,21.937841178142115,17.202168997219456,0.002668636365791062,2.1983913934468252e-25,1000000000.0,45.51699999999998,45.51699999999998,3.489292864054335,1.318234560185683,inf,0,0,0,0,-1,inf,0,-1,0,0,7600,0,0,0,2650,4950,1.553285045559232,3.6483003846066704,False
overtake,P3,12008,50,5.0,0.5,21.969723956358123,17.202168997219456,0.0026658809932922954,2.1983913934468252e-25,1000000000.0,45.57033333333332,45.57033333333332,3.436057207845191,1.2711757366562644,inf,0,0,0,0,-1,inf,0,-1,0,0,7600,0,0,0,2675,4925,1.553285045559232,3.6483003846066704,False
overtake,P4,12008,50,5.0,0.5,21.937841178142115,17.202168997219456,0.002668636365791062,2.1983913934468252e-25,1000000000.0,45.51699999999998,45.51699999999998,3.489292864054335,1.318234560185683,inf,0,0,0,0,-1,inf,0,-1,0,0,7600,0,0,0,2650,4950,1.553285045559232,3.6483003846066704,False
overtake,P0,12009,50,5.0,0.5,22.02113850588327,17.202168997219456,0.002606404297907715,2.1952451572285635e-25,1000000000.0,45.55533333333331,45.55533333333331,3.451029431283511,1.3001712073748628,inf,0,0,0,0,-1,inf,0,-1,0,0,7600,0,0,0,2726,4874,1.5348255184463864,3.5612333037564654,False
overtake,P1,12009,50,5.0,0.5,22.282999297310695,17.202168997219456,0.0024970960401463405,2.1851098415832715e-25,1000000000.0,45.650000000000006,45.650000000000006,3.35654222245756,1.2900792026215575,inf,0,0,0,0,-1,inf,0,-1,0,0,7600,0,0,0,2842,4758,1.5348255184463864,3.5612333037564654,False
overtake,P2,12009,50,5.0,0.5,22.02113850588327,17.202168997219456,0.002606404297907715,2.1952451572285635e-25,1000000000.0,45.55533333333331,45.55533333333331,3.451029431283511,1.3001712073748628,inf,0,0,0,0,-1,inf,0,-1,0,0,7600,0,0,0,2726,4874,1.5348255184463864,3.5612333037564654,False
overtake,P3,12009,50,5.0,0.5,22.02113850588327,17.202168997219456,0.002606404297907715,2.1952451572285635e-25,1000000000.0,45.55533333333331,45.55533333333331,3.451029431283511,1.3001712073748628,inf,0,0,0,0,-1,inf,0,-1,0,0,7600,0,0,0,2726,4874,1.5348255184463864,3.5612333037564654,False
overtake,P4,12009,50,5.0,0.5,22.02113850588327,17.202168997219456,0.002606404297907715,2.1952451572285635e-25,1000000000.0,45.55533333333331,45.55533333333331,3.451029431283511,1.3001712073748628,inf,0,0,0,0,-1,inf,0,-1,0,0,7600,0,0,0,2726,4874,1.5348255184463864,3.5612333037564654,False
overtake,P0,12010,50,5.0,0.5,22.14821868096767,17.202168997219456,0.0025642927480499828,2.1853962369489615e-25,1000000000.0,45.57633333333331,45.57633333333331,3.4300683864297787,1.4976453976336974,inf,0,0,0,0,-1,inf,0,-1,0,0,7600,0,0,0,2772,4828,1.368788606486982,3.272745167387429,False
overtake,P1,12010,50,5.0,0.5,22.19580948139904,17.202168997219456,0.0025127200177896014,2.185109841626619e-25,1000000000.0,45.52333333333332,45.52333333333332,3.482970973501155,1.5881454606638825,inf,0,0,0,0,-1,inf,0,-1,0,0,7600,0,0,0,2787,4813,1.368788606486982,3.272745167387429,False
overtake,P2,12010,50,5.0,0.5,22.0464801346797,17.202168997219456,0.002578226885281285,2.1853962369489615e-25,1000000000.0,45.453333333333305,45.453333333333305,3.5528467650019784,1.5291615640355654,inf,0,0,0,0,-1,inf,0,-1,0,0,7600,0,0,0,2719,4881,1.368788606486982,3.272745167387429,False
overtake,P3,12010,50,5.0,0.5,22.14821868096767,17.202168997219456,0.0025642927480499828,2.1853962369489615e-25,1000000000.0,45.57633333333331,45.57633333333331,3.4300683864297787,1.4976453976336974,inf,0,0,0,0,-1,inf,0,-1,0,0,7600,0,0,0,2772,4828,1.368788606486982,3.272745167387429,False
overtake,P4,12010,50,5.0,0.5,22.044536208338076,17.202168997219456,0.0025782948216166784,2.1853962369489615e-25,1000000000.0,45.436666666666646,45.436666666666646,3.5694845756194225,1.5829604335660143,inf,0,0,0,0,-1,inf,0,-1,0,0,7600,0,0,0,2711,4889,1.368788606486982,3.272745167387429,False
overtake,P0,12011,50,5.0,0.5,21.882072287639414,17.202168997219456,0.002664252171356137,2.1978585761413655e-25,1000000000.0,45.44499999999998,45.44499999999998,3.5611656365775133,1.3353585672836643,inf,0,0,0,0,-1,inf,0,-1,0,0,7600,0,0,0,2643,4957,1.5093259895039113,3.5815277556345846,False
overtake,P1,12011,50,5.0,0.5,22.084382811191972,17.202168997219456,0.0025205040728146734,2.185109841584627e-25,1000000000.0,45.52999999999999,45.52999999999999,3.476316396869029,1.3916720634117268,inf,0,0,0,0,-1,inf,0,-1,0,0,7600,0,0,0,2710,4890,1.5093259895039113,3.5815277556345846,False
overtake,P2,12011,50,5.0,0.5,21.882072287639414,17.202168997219456,0.002664252171356137,2.1978585761413655e-25,1000000000.0,45.44499999999998,45.44499999999998,3.5611656365775133,1.3353585672836643,inf,0,0,0,0,-1,inf,0,-1,0,0,7600,0,0,0,2643,4957,1.5093259895039113,3.5815277556345846,False
overtake,P3,12011,50,5.0,0.5,21.882072287639414,17.202168997219456,0.002664252171356137,2.1978585761413655e-25,1000000000.0,45.44499999999998,45.44499999999998,3.5611656365775133,1.3353585672836643,inf,0,0,0,0,-1,inf,0,-1,0,0,7600,0,0,0,2643,4957,1.5093259895039113,3.5815277556345846,False
overtake,P4,12011,50,5.0,0.5,21.880002767809145,17.202168997219456,0.0026643178068195866,2.1978585761413655e-25,1000000000.0,45.44,45.44,3.5661569919368934,1.3268866943886846,inf,0,0,0,0,-1,inf,0,-1,0,0,7600,0,0,0,2642,4958,1.5093259895039113,3.5815277556345846,False
overtake,P0,12012,50,5.0,0.5,22.19873817843,17.202168997219456,0.002511866329841265,2.190687906303683e-25,1000000000.0,45.46333333333332,45.46333333333332,3.542864208836066,1.556272593138151,inf,0,0,0,0,-1,inf,0,-1,0,0,7600,0,0,0,2867,4733,1.4018835255678204,3.3403574658579602,False
overtake,P1,12012,50,5.0,0.5,22.1946484651512,17.202168997219456,0.0024846537379227427,2.185109841583241e-25,1000000000.0,45.356666666666655,45.356666666666655,3.649349732338385,1.6904311461477808,inf,0,0,0,0,-1,inf,0,-1,0,0,7600,0,0,0,2849,4751,1.4018835255678204,3.3403574658579602,False
overtake,P2,12012,50,5.0,0.5,22.127883264639898,17.202168997219456,0.002527723070085657,2.1906879063036844e-25,1000000000.0,45.36333333333332,45.36333333333332,3.6426940765846503,1.6443301970286999,inf,0,0,0,0,-1,inf,0,-1,0,0,7600,0,0,0,2818,4782,1.4018835255678204,3.3403574658579602,False
overtake,P3,12012,50,5.0,0.5,22.19873817843,17.202168997219456,0.002511866329841265,2.190687906303683e-25,1000000000.0,45.46333333333332,45.46333333333332,3.542864208836066,1.556272593138151,inf,0,0,0,0,-1,inf,0,-1,0,0,7600,0,0,0,2867,4733,1.4018835255678204,3.3403574658579602,False
overtake,P4,12012,50,5.0,0.5,22.194407435847165,17.202168997219456,0.0025261829743661395,2.1906879063036844e-25,1000000000.0,45.363333333333316,45.36079260255564,3.6398594463972866,1.6443301970286999,inf,0,0,0,0,-1,inf,0,-1,0,0,7600,120,0,0,2733,4747,1.4018835255678204,3.3403574658579602,False
overtake,P0,12013,50,5.0,0.5,22.22398835180916,17.202168997219456,0.0026192520726998703,2.197960877929925e-25,1000000000.0,45.746999999999986,45.746999999999986,3.259736905202699,1.3121098631942278,inf,0,0,0,0,-1,inf,0,-1,0,0,7600,0,0,0,2719,4881,1.5833668881154837,3.5677374063953344,False
overtake,P1,12013,50,5.0,0.5,22.51291538566714,17.202168997219456,0.0024611052754981645,2.185109841583241e-25,1000000000.0,45.91,45.91,3.0970914889845274,1.2587307981046478,inf,0,0,0,0,-1,inf,0,-1,0,0,7600,0,0,0,2863,4737,1.5833668881154837,3.5677374063953344,False
overtake,P2,12013,50,5.0,0.5,22.10495623255021,17.202168997219456,0.002640051601772268,2.197960877929925e-25,1000000000.0,45.75899999999999,45.75899999999999,3.2477617971674615,1.0982448843951125,inf,0,0,0,0,-1,inf,0,-1,0,0,7600,0,0,0,2697,4903,1.5833668881154837,3.5677374063953344,False
overtake,P3,12013,50,5.0,0.5,22.128869215389035,17.202168997219456,0.002637585931055298,2.197960877929925e-25,1000000000.0,45.79233333333333,45.79233333333333,3.2144985822962857,1.0690051183132372,inf,0,0,0,0,-1,inf,0,-1,0,0,7600,0,0,0,2706,4894,1.5833668881154837,3.5677374063953344,False
overtake,P4,12013,50,5.0,0.5,22.094490491662,17.202168997219456,0.002640396455440006,2.197960877929925e-25,1000000000.0,45.73233333333334,45.73233333333334,3.274373395870544,1.1216366972606007,inf,0,0,0,0,-1,inf,0,-1,0,0,7600,0,0,0,2692,4908,1.5833668881154837,3.5677374063953344,False
overtake,P0,12014,50,5.0,0.5,21.75839275574658,17.202168997219456,0.002831849381149928,2.207983400680484e-25,1000000000.0,45.32533333333332,45.32533333333332,3.680631848236332,1.4905634554309,inf,0,0,0,0,-1,inf,0,-1,0,0,7600,0,0,0,2812,4788,1.636955170623836,3.81680713607935,False
overtake,P1,12014,50,5.0,0.5,21.864278662363404,17.202168997219456,0.002763480702402929,2.1961102149256708e-25,1000000000.0,45.46333333333335,45.46333333333335,3.5428642088360305,1.4977411305261965,inf,0,0,0,0,-1,inf,0,-1,0,0,7600,0,0,0,2876,4724,1.636955170623836,3.81680713607935,False
overtake,P2,12014,50,5.0,0.5,21.659234750672212,17.202168997219456,0.0028556100392445266,2.207983400680484e-25,1000000000.0,45.36866666666666,45.36866666666666,3.6373695810184294,1.3610490344285318,inf,0,0,0,0,-1,inf,0,-1,0,0,7600,0,0,0,2793,4807,1.636955170623836,3.81680713607935,False
overtake,P3,12014,50,5.0,0.5,21.723532738835512,17.202168997219456,0.002841093446103356,2.207983400680484e-25,1000000000.0,45.42533333333331,45.42533333333331,3.5807984401412902,1.351419745633901,inf,0,0,0,0,-1,inf,0,-1,0,0,7600,0,0,0,2829,4771,1.636955170623836,3.81680713607935,False
overtake,P4,12014,50,5.0,0.5,21.69550230484184,17.202168997219456,0.002847120562651399,2.207983400680484e-25,1000000000.0,45.388666666666644,45.388666666666644,3.6174029545497115,1.3826697456339034,inf,0,0,0,0,-1,inf,0,-1,0,0,7600,0,0,0,2814,4786,1.636955170623836,3.81680713607935,False
overtake,P0,12015,50,5.0,0.5,22.21729822954434,17.202168997219456,0.0025268519223805614,2.1952440714313303e-25,1000000000.0,45.66866666666664,45.66866666666664,3.3379121421808486,1.333442882328263,inf,0,0,0,0,-1,inf,0,-1,0,0,7600,0,0,0,2853,4747,1.513588809879422,3.534211880306296,False
overtake,P1,12015,50,5.0,0.5,22.368379974226254,17.202168997219456,0.0024686864187494968,2.185109841583241e-25,1000000000.0,45.75666666666666,45.75666666666666,3.2500902760156567,1.3339592345831501,inf,0,0,0,0,-1,inf,0,-1,0,0,7600,0,0,0,2922,4678,1.513588809879422,3.534211880306296,False
overtake,P2,12015,50,5.0,0.5,22.126713817771318,17.202168997219456,0.002545653951146302,2.1952440714313886e-25,1000000000.0,45.608666666666636,45.608666666666636,3.3977959722323474,1.3252864177753956,inf,0,0,0,0,-1,inf,0,-1,0,0,7600,0,0,0,2796,4804,1.513588809879422,3.534211880306296,False
overtake,P3,12015,50,5.0,0.5,22.21729822954434,17.202168997219456,0.0025268519223805614,2.1952440714313303e-25,1000000000.0,45.66866666666664,45.66866666666664,3.3379121421808486,1.333442882328263,inf,0,0,0,0,-1,inf,0,-1,0,0,7600,0,0,0,2853,4747,1.513588809879422,3.534211880306296,False
overtake,P4,12015,50,5.0,0.5,22.21729822954434,17.202168997219456,0.0025268519223805614,2.1952440714313303e-25,1000000000.0,45.66866666666664,45.66866666666664,3.3379121421808486,1.333442882328263,inf,0,0,0,0,-1,inf,0,-1,0,0,7600,0,0,0,2853,4747,1.513588809879422,3.534211880306296,False
overtake,P0,12016,50,5.0,0.5,22.14498039227764,17.202168997219456,0.002587792108595127,2.197797316802181e-25,1000000000.0,45.64966666666663,45.64966666666663,3.356874906156774,1.3132007989234,inf,0,0,0,0,-1,inf,0,-1,0,0,7600,0,0,0,2681,4919,1.4870590301279005,3.4922623650657045,False
overtake,P1,12016,50,5.0,0.5,22.27915114644572,17.202168997219456,0.0024858774756659013,2.185109841584626e-25,1000000000.0,45.63333333333331,45.63333333333331,3.3731765645434226,1.4760705373683347,inf,0,0,0,0,-1,inf,0,-1,0,0,7600,0,0,0,2724,4876,1.4870590301279005,3.4922623650657045,False
overtake,P2,12016,50,5.0,0.5,22.14498039227764,17.202168997219456,0.002587792108595127,2.197797316802181e-25,1000000000.0,45.64966666666663,45.64966666666663,3.356874906156774,1.3132007989234,inf,0,0,0,0,-1,inf,0,-1,0,0,7600,0,0,0,2681,4919,1.4870590301279005,3.4922623650657045,False
overtake,P3,12016,50,5.0,0.5,22.14498039227764,17.202168997219456,0.002587792108595127,2.197797316802181e-25,1000000000.0,45.64966666666663,45.64966666666663,3.356874906156774,1.3132007989234,inf,0,0,0,0,-1,inf,0,-1,0,0,7600,0,0,0,2681,4919,1.4870590301279005,3.4922623650657045,False
overtake,P4,12016,50,5.0,0.5,22.14498039227764,17.202168997219456,0.002587792108595127,2.197797316802181e-25,1000000000.0,45.64966666666663,45.64966666666663,3.356874906156774,1.3132007989234,inf,0,0,0,0,-1,inf,0,-1,0,0,7600,0,0,0,2681,4919,1.4870590301279005,3.4922623650657045,False
overtake,P0,12017,50,5.0,0.5,22.0112989806586,17.202168997219456,0.0026658787252451656,2.1980701903906194e-25,1000000000.0,45.54433333333333,45.54433333333333,3.4620092146398935,1.4285772012857139,inf,0,0,0,0,-1,inf,0,-1,0,0,7600,0,0,0,2736,4864,1.5184609622154692,3.5145583883358893,False
overtake,P1,12017,50,5.0,0.5,22.35145675296465,17.202168997219456,0.002473212244515234,2.1851098415832407e-25,1000000000.0,45.71333333333332,45.71333333333332,3.29333470344547,1.3830144406176723,inf,0,0,0,0,-1,inf,0,-1,0,0,7600,0,0,0,2887,4713,1.5184609622154692,3.5145583883358893,False
overtake,P2,12017,50,5.0,0.5,21.93344648396663,17.202168997219456,0.0026727423742677003,2.1980701903906194e-25,1000000000.0,45.46766666666666,45.46766666666666,3.5385384650895357,1.5649906437001038,inf,0,0,0,0,-1,inf,0,-1,0,0,7600,0,0,0,2699,4901,1.5184609622154692,3.5145583883358893,False
overtake,P3,12017,50,5.0,0.5,22.0112989806586,17.202168997219456,0.0026658787252451656,2.1980701903906194e-25,1000000000.0,45.54433333333333,45.54433333333333,3.4620092146398935,1.4285772012857139,inf,0,0,0,0,-1,inf,0,-1,0,0,7600,0,0,0,2736,4864,1.5184609622154692,3.5145583883358893,False
overtake,P4,12017,50,5.0,0.5,21.93344648396663,17.202168997219456,0.0026727423742677003,2.1980701903906194e-25,1000000000.0,45.46766666666666,45.46766666666666,3.5385384650895357,1.5649906437001038,inf,0,0,0,0,-1,inf,0,-1,0,0,7600,0,0,0,2699,4901,1.5184609622154692,3.5145583883358893,False
overtake,P0,12018,50,5.0,0.5,22.102524856574274,17.202168997219456,0.002619985842805691,2.1971661577424066e-25,1000000000.0,45.60533333333334,45.60533333333334,3.4011229717430242,1.3659009848668473,inf,0,0,0,0,-1,inf,0,-1,0,0,7600,0,0,0,2724,4876,1.4370902724678067,3.34961023139229,False
overtake,P1,12018,50,5.0,0.5,22.32356756388362,17.202168997219456,0.002482424994790172,2.1851098415832715e-25,1000000000.0,45.60999999999997,45.60999999999997,3.3964651759057642,1.4559191361733919,inf,0,0,0,0,-1,inf,0,-1,0,0,7600,0,0,0,2798,4802,1.4370902724678067,3.34961023139229,False
overtake,P2,12018,50,5.0,0.5,22.102524856574274,17.202168997219456,0.002619985842805691,2.1971661577424066e-25,1000000000.0,45.60533333333334,45.60533333333334,3.4011229717430242,1.3659009848668473,inf,0,0,0,0,-1,inf,0,-1,0,0,7600,0,0,0,2724,4876,1.4370902724678067,3.34961023139229,False
overtake,P3,12018,50,5.0,0.5,22.102524856574274,17.202168997219456,0.002619985842805691,2.1971661577424066e-25,1000000000.0,45.60533333333334,45.60533333333334,3.4011229717430242,1.3659009848668473,inf,0,0,0,0,-1,inf,0,-1,0,0,7600,0,0,0,2724,4876,1.4370902724678067,3.34961023139229,False
overtake,P4,12018,50,5.0,0.5,22.102524856574274,17.202168997219456,0.002619985842805691,2.1971661577424066e-25,1000000000.0,45.60533333333334,45.60533333333334,3.4011229717430242,1.3659009848668473,inf,0,0,0,0,-1,inf,0,-1,0,0,7600,0,0,0,2724,4876,1.4370902724678067,3.34961023139229,False
overtake,P0,12019,50,5.0,0.5,22.24534937000592,17.202168997219456,0.0025496677654294865,2.1875328462061085e-25,1000000000.0,45.56066666666667,45.56066666666667,3.445705946379948,1.6294453977432277,inf,0,0,0,0,-1,inf,0,-1,0,0,7600,0,0,0,2851,4749,1.4837016757779875,3.3754186118820457,False
overtake,P1,12019,50,5.0,0.5,22.424725006872837,17.202168997219456,0.0024505524593003212,2.1851098415832407e-25,1000000000.0,45.63999999999997,45.63999999999997,3.366522789339256,1.6041283118064709,inf,0,0,0,0,-1,inf,0,-1,0,0,7600,0,0,0,2927,4673,1.4837016757779875,3.3754186118820457,False
overtake,P2,12019,50,5.0,0.5,22.210732789583506,17.202168997219456,0.0025624831970408536,2.1875328462061085e-25,1000000000.0,45.539000000000016,45.539000000000016,3.467332792095427,1.5814390074519127,inf,0,0,0,0,-1,inf,0,-1,0,0,7600,0,0,0,2814,4786,1.4837016757779875,3.3754186118820457,False
overtake,P3,12019,50,5.0,0.5,22.220014623955926,17.202168997219456,0.002560068673002787,2.1875328462061085e-25,1000000000.0,45.54900000000002,45.54900000000002,3.457351109034232,1.5732646205309277,inf,0,0,0,0,-1,inf,0,-1,0,0,7600,0,0,0,2819,4781,1.4837016757779875,3.3754186118820457,False
overtake,P4,12019,50,5.0,0.5,22.210732789583506,17.202168997219456,0.0025624831970408536,2.1875328462061085e-25,1000000000.0,45.539000000000016,45.539000000000016,3.467332792095427,1.5814390074519127,inf,0,0,0,0,-1,inf,0,-1,0,0,7600,0,0,0,2814,4786,1.4837016757779875,3.3754186118820457,False
intersection_turn,P0,12000,50,5.0,0.5,18.47288487713801,14.72403780401211,0.00957072046651294,2.2614855272116717e-15,999999999.9999979,42.87999999999998,42.87999999999998,5.182123117024545,3.9550147740798045,inf,0,0,0,0,-1,inf,0,-1,0,0,7600,0,0,0,2165,5435,1.4578250413582803,3.3853238124954568,False
intersection_turn,P1,12000,50,5.0,0.5,18.47288487713801,14.72403780401211,0.00957072046651294,2.2614855272116717e-15,999999999.9999979,42.87999999999998,42.87999999999998,5.182123117024545,3.9550147740798045,inf,0,0,0,0,-1,inf,0,-1,0,0,7600,0,0,0,2165,5435,1.4578250413582803,3.3853238124954568,False
intersection_turn,P2,12000,50,5.0,0.5,18.47288487713801,14.72403780401211,0.00957072046651294,2.2614855272116717e-15,999999999.9999979,42.87999999999998,42.87999999999998,5.182123117024545,3.9550147740798045,inf,0,0,0,0,-1,inf,0,-1,0,0,7600,0,0,0,2165,5435,1.4578250413582803,3.3853238124954568,False
intersection_turn,P3,12000,50,5.0,0.5,18.47288487713801,14.72403780401211,0.00957072046651294,2.2614855272116717e-15,999999999.9999979,42.87999999999998,42.87999999999998,5.182123117024545,3.9550147740798045,inf,0,0,0,0,-1,inf,0,-1,0,0,7600,0,0,0,2165,5435,1.4578250413582803,3.3853238124954568,False
intersection_turn,P4,12000,50,5.0,0.5,18.47288487713801,14.72403780401211,0.00957072046651294,2.2614855272116717e-15,999999999.9999979,42.87999999999998,42.87999999999998,5.182123117024545,3.9550147740798045,inf,0,0,0,0,-1,inf,0,-1,0,0,7600,0,0,0,2165,5435,1.4578250413582803,3.3853238124954568,False
intersection_turn,P0,12001,50,5.0,0.5,18.47383635396541,14.72403780401211,0.009570315668198577,2.2614855272116717e-15,999999999.9999979,42.93999999999999,42.93999999999999,5.122850768859083,3.9550147740798045,inf,0,0,0,0,-1,inf,0,-1,0,0,7600,0,0,0,2137,5463,1.5002729879920145,3.408824821313833,False
intersection_turn,P1,12001,50,5.0,0.5,18.47383635396541,14.72403780401211,0.009570315668198577,2.2614855272116717e-15,999999999.9999979,42.93999999999999,42.93999999999999,5.122850768859083,3.9550147740798045,inf,0,0,0,0,-1,inf,0,-1,0,0,7600,0,0,0,2137,5463,1.5002729879920145,3.408824821313833,False
intersection_turn,P2,12001,50,5.0,0.5,18.47383635396541,14.72403780401211,0.009570315668198577,2.2614855272116717e-15,999999999.9999979,42.93999999999999,42.93999999999999,5.122850768859083,3.9550147740798045,inf,0,0,0,0,-1,inf,0,-1,0,0,7600,0,0,0,2137,5463,1.5002729879920145,3.408824821313833,False
intersection_turn,P3,12001,50,5.0,0.5,18.47383635396541,14.72403780401211,0.009570315668198577,2.2614855272116717e-15,999999999.9999979,42.93999999999999,42.93999999999999,5.122850768859083,3.9550147740798045,inf,0,0,0,0,-1,inf,0,-1,0,0,7600,0,0,0,2137,5463,1.5002729879920145,3.408824821313833,False
intersection_turn,P4,12001,50,5.0,0.5,18.47383635396541,14.72403780401211,0.009570315668198577,2.2614855272116717e-15,999999999.9999979,42.93999999999999,42.93999999999999,5.122850768859083,3.9550147740798045,inf,0,0,0,0,-1,inf,0,-1,0,0,7600,0,0,0,2137,5463,1.5002729879920145,3.408824821313833,False
intersection_turn,P0,12002,50,5.0,0.5,18.46922457789995,14.72403780401211,0.009572633626184877,2.2614855272116717e-15,999999999.9999979,42.82999999999998,42.82999999999998,5.231529413087557,3.9550147740798045,inf,0,0,0,0,-1,inf,0,-1,0,0,7600,0,0,0,2060,5540,1.513943120578303,3.401526975147604,False
intersection_turn,P1,12002,50,5.0,0.5,18.46922457789995,14.72403780401211,0.009572633626184877,2.2614855272116717e-15,999999999.9999979,42.82999999999998,42.82999999999998,5.231529413087557,3.9550147740798045,inf,0,0,0,0,-1,inf,0,-1,0,0,7600,0,0,0,2060,5540,1.513943120578303,3.401526975147604,False
intersection_turn,P2,12002,50,5.0,0.5,18.46922457789995,14.72403780401211,0.009572633626184877,2.2614855272116717e-15,999999999.9999979,42.82999999999998,42.82999999999998,5.231529413087557,3.9550147740798045,inf,0,0,0,0,-1,inf,0,-1,0,0,7600,0,0,0,2060,5540,1.513943120578303,3.401526975147604,False
intersection_turn,P3,12002,50,5.0,0.5,18.46922457789995,14.72403780401211,0.009572633626184877,2.2614855272116717e-15,999999999.9999979,42.82999999999998,42.82999999999998,5.231529413087557,3.9550147740798045,inf,0,0,0,0,-1,inf,0,-1,0,0,7600,0,0,0,2060,5540,1.513943120578303,3.401526975147604,False
intersection_turn,P4,12002,50,5.0,0.5,18.46922457789995,14.72403780401211,0.009572633626184877,2.2614855272116717e-15,999999999.9999979,42.82999999999998,42.82999999999998,5.231529413087557,3.9550147740798045,inf,0,0,0,0,-1,inf,0,-1,0,0,7600,0,0,0,2060,5540,1.513943120578303,3.401526975147604,False
intersection_turn,P0,12003,50,5.0,0.5,19.00078435122574,14.72403780401211,0.008437260635216057,2.035907657488132e-15,999999999.999998,44.09666666666667,44.09666666666667,3.984471246114229,3.0684183134486416,inf,0,0,0,0,-1,inf,0,-1,0,0,7600,0,0,0,2833,4767,1.5326538013380009,3.3728713834416535,False
intersection_turn,P1,12003,50,5.0,0.5,19.00078435122574,14.72403780401211,0.008437260635216057,2.035907657488132e-15,999999999.999998,44.09666666666667,44.09666666666667,3.984471246114229,3.0684183134486416,inf,0,0,0,0,-1,inf,0,-1,0,0,7600,0,0,0,2833,4767,1.5326538013380009,3.3728713834416535,False
intersection_turn,P2,12003,50,5.0,0.5,18.993621947697708,14.72403780401211,0.008441687202470786,2.035907657488132e-15,999999999.999998,43.999999999999986,43.999999999999986,4.0792156108742414,3.0684183134486416,inf,0,0,0,0,-1,inf,0,-1,0,0,7600,0,0,0,2819,4781,1.5326538013380009,3.3728713834416535,False
intersection_turn,P3,12003,50,5.0,0.5,18.993621947697708,14.72403780401211,0.008441687202470786,2.035907657488132e-15,999999999.999998,43.999999999999986,43.999999999999986,4.0792156108742414,3.0684183134486416,inf,0,0,0,0,-1,inf,0,-1,0,0,7600,0,0,0,2819,4781,1.5326538013380009,3.3728713834416535,False
intersection_turn,P4,12003,50,5.0,0.5,18.993621947697708,14.72403780401211,0.008441687202470786,2.035907657488132e-15,999999999.999998,43.999999999999986,43.999999999999986,4.0792156108742414,3.0684183134486416,inf,0,0,0,0,-1,inf,0,-1,0,0,7600,0,0,0,2819,4781,1.5326538013380009,3.3728713834416535,False
intersection_turn,P0,12004,50,5.0,0.5,18.4730029792626,14.72403780401211,0.009570696944709847,2.2614855272116717e-15,999999999.9999979,42.899999999999984,42.899999999999984,5.162363799656138,3.9550147740798045,inf,0,0,0,0,-1,inf,0,-1,0,0,7600,0,0,0,2239,5361,1.4238684241052852,3.336154439588049,False
intersection_turn,P1,12004,50,5.0,0.5,18.4730029792626,14.72403780401211,0.009570696944709847,2.2614855272116717e-15,999999999.9999979,42.899999999999984,42.899999999999984,5.162363799656138,3.9550147740798045,inf,0,0,0,0,-1,inf,0,-1,0,0,7600,0,0,0,2239,5361,1.4238684241052852,3.336154439588049,False
intersection_turn,P2,12004,50,5.0,0.5,18.4730029792626,14.72403780401211,0.009570696944709847,2.2614855272116717e-15,999999999.9999979,42.899999999999984,42.899999999999984,5.162363799656138,3.9550147740798045,inf,0,0,0,0,-1,inf,0,-1,0,0,7600,0,0,0,2239,5361,1.4238684241052852,3.336154439588049,False
intersection_turn,P3,12004,50,5.0,0.5,18.4730029792626,14.72403780401211,0.009570696944709847,2.2614855272116717e-15,999999999.9999979,42.899999999999984,42.899999999999984,5.162363799656138,3.9550147740798045,inf,0,0,0,0,-1,inf,0,-1,0,0,7600,0,0,0,2239,5361,1.4238684241052852,3.336154439588049,False
intersection_turn,P4,12004,50,5.0,0.5,18.4730029792626,14.72403780401211,0.009570696944709847,2.2614855272116717e-15,999999999.9999979,42.899999999999984,42.899999999999984,5.162363799656138,3.9550147740798045,inf,0,0,0,0,-1,inf,0,-1,0,0,7600,0,0,0,2239,5361,1.4238684241052852,3.336154439588049,False
intersection_turn,P0,12005,50,5.0,0.5,18.473238466585997,14.72403780401211,0.009570541302607934,2.2614855272116717e-15,999999999.9999979,42.87333333333331,42.87333333333331,5.188709965984928,3.9550147740798045,inf,0,0,0,0,-1,inf,0,-1,0,0,7600,0,0,0,2104,5496,1.554777388687552,3.406408007967264,False
intersection_turn,P1,12005,50,5.0,0.5,18.472488269553054,14.72403780401211,0.009570899057975136,2.2614855272116717e-15,999999999.9999979,42.84999999999999,42.84999999999999,5.211765535785367,3.9550147740798045,inf,0,0,0,0,-1,inf,0,-1,0,0,7600,0,0,0,2101,5499,1.554777388687552,3.406408007967264,False
intersection_turn,P2,12005,50,5.0,0.5,18.473238466585997,14.72403780401211,0.009570541302607934,2.2614855272116717e-15,999999999.9999979,42.87333333333331,42.87333333333331,5.188709965984928,3.9550147740798045,inf,0,0,0,0,-1,inf,0,-1,0,0,7600,0,0,0,2104,5496,1.554777388687552,3.406408007967264,False
intersection_turn,P3,12005,50,5.0,0.5,18.473238466585997,14.72403780401211,0.009570541302607934,2.2614855272116717e-15,999999999.9999979,42.87333333333331,42.87333333333331,5.188709965984928,3.9550147740798045,inf,0,0,0,0,-1,inf,0,-1,0,0,7600,0,0,0,2104,5496,1.554777388687552,3.406408007967264,False
intersection_turn,P4,12005,50,5.0,0.5,18.473238466585997,14.72403780401211,0.009570541302607934,2.2614855272116717e-15,999999999.9999979,42.87333333333331,42.87333333333331,5.188709965984928,3.9550147740798045,inf,0,0,0,0,-1,inf,0,-1,0,0,7600,0,0,0,2104,5496,1.554777388687552,3.406408007967264,False
intersection_turn,P0,12006,50,5.0,0.5,18.47181102473344,14.72403780401211,0.009571254384115055,2.2614855272116717e-15,999999999.9999979,42.83999999999999,42.83999999999999,5.221647249671325,3.9550147740798045,inf,0,0,0,0,-1,inf,0,-1,0,0,7600,0,0,0,2160,5440,1.4856520879924613,3.4052333220140194,False
intersection_turn,P1,12006,50,5.0,0.5,18.47181102473344,14.72403780401211,0.009571254384115055,2.2614855272116717e-15,999999999.9999979,42.83999999999999,42.83999999999999,5.221647249671325,3.9550147740798045,inf,0,0,0,0,-1,inf,0,-1,0,0,7600,0,0,0,2160,5440,1.4856520879924613,3.4052333220140194,False
intersection_turn,P2,12006,50,5.0,0.5,18.47181102473344,14.72403780401211,0.009571254384115055,2.2614855272116717e-15,999999999.9999979,42.83999999999999,42.83999999999999,5.221647249671325,3.9550147740798045,inf,0,0,0,0,-1,inf,0,-1,0,0,7600,0,0,0,2160,5440,1.4856520879924613,3.4052333220140194,False
intersection_turn,P3,12006,50,5.0,0.5,18.47181102473344,14.72403780401211,0.009571254384115055,2.2614855272116717e-15,999999999.9999979,42.83999999999999,42.83999999999999,5.221647249671325,3.9550147740798045,inf,0,0,0,0,-1,inf,0,-1,0,0,7600,0,0,0,2160,5440,1.4856520879924613,3.4052333220140194,False
intersection_turn,P4,12006,50,5.0,0.5,18.47181102473344,14.72403780401211,0.009571254384115055,2.2614855272116717e-15,999999999.9999979,42.83999999999999,42.83999999999999,5.221647249671325,3.9550147740798045,inf,0,0,0,0,-1,inf,0,-1,0,0,7600,0,0,0,2160,5440,1.4856520879924613,3.4052333220140194,False
intersection_turn,P0,12007,50,5.0,0.5,18.474033810492802,14.72403780401211,0.009570154039549935,2.2614855272116717e-15,999999999.9999979,42.899999999999984,42.899999999999984,5.162363799656138,3.9550147740798045,inf,0,0,0,0,-1,inf,0,-1,0,0,7600,0,0,0,2257,5343,1.5196910830525079,3.272841441980094,False
intersection_turn,P1,12007,50,5.0,0.5,18.474033810492802,14.72403780401211,0.009570154039549935,2.2614855272116717e-15,999999999.9999979,42.899999999999984,42.899999999999984,5.162363799656138,3.9550147740798045,inf,0,0,0,0,-1,inf,0,-1,0,0,7600,0,0,0,2257,5343,1.5196910830525079,3.272841441980094,False
intersection_turn,P2,12007,50,5.0,0.5,18.474033810492802,14.72403780401211,0.009570154039549935,2.2614855272116717e-15,999999999.9999979,42.899999999999984,42.899999999999984,5.162363799656138,3.9550147740798045,inf,0,0,0,0,-1,inf,0,-1,0,0,7600,0,0,0,2257,5343,1.5196910830525079,3.272841441980094,False
intersection_turn,P3,12007,50,5.0,0.5,18.474033810492802,14.72403780401211,0.009570154039549935,2.2614855272116717e-15,999999999.9999979,42.899999999999984,42.899999999999984,5.162363799656138,3.9550147740798045,inf,0,0,0,0,-1,inf,0,-1,0,0,7600,0,0,0,2257,5343,1.5196910830525079,3.272841441980094,False
intersection_turn,P4,12007,50,5.0,0.5,18.474033810492802,14.72403780401211,0.009570154039549935,2.2614855272116717e-15,999999999.9999979,42.899999999999984,42.899999999999984,5.162363799656138,3.9550147740798045,inf,0,0,0,0,-1,inf,0,-1,0,0,7600,0,0,0,2257,5343,1.5196910830525079,3.272841441980094,False
intersection_turn,P0,12008,50,5.0,0.5,18.98485109745344,14.72403780401211,0.008479885506486184,2.0707175358668105e-15,999999999.9999979,44.169999999999995,44.169999999999995,3.9126589424584455,3.075487864675807,inf,0,0,0,0,-1,inf,0,-1,0,0,7600,0,0,0,2705,4895,1.5669078072283567,3.5149590290470467,False
intersection_turn,P1,12008,50,5.0,0.5,18.98485109745344,14.72403780401211,0.008479885506486184,2.0707175358668105e-15,999999999.9999979,44.169999999999995,44.169999999999995,3.9126589424584455,3.075487864675807,inf,0,0,0,0,-1,inf,0,-1,0,0,7600,0,0,0,2705,4895,1.5669078072283567,3.5149590290470467,False
intersection_turn,P2,12008,50,5.0,0.5,18.98485109745344,14.72403780401211,0.008479885506486184,2.0707175358668105e-15,999999999.9999979,44.169999999999995,44.169999999999995,3.9126589424584455,3.075487864675807,inf,0,0,0,0,-1,inf,0,-1,0,0,7600,0,0,0,2705,4895,1.5669078072283567,3.5149590290470467,False
intersection_turn,P3,12008,50,5.0,0.5,18.986286328381023,14.72403780401211,0.008479186973331478,2.0707175358668105e-15,999999999.9999979,44.129999999999995,44.129999999999995,3.9518223644288515,3.075487864675807,inf,0,0,0,0,-1,inf,0,-1,0,0,7600,0,0,0,2691,4909,1.5669078072283567,3.5149590290470467,False
intersection_turn,P4,12008,50,5.0,0.5,18.98485109745344,14.72403780401211,0.008479885506486184,2.0707175358668105e-15,999999999.9999979,44.169999999999995,44.169999999999995,3.9126589424584455,3.075487864675807,inf,0,0,0,0,-1,inf,0,-1,0,0,7600,0,0,0,2705,4895,1.5669078072283567,3.5149590290470467,False
intersection_turn,P0,12009,50,5.0,0.5,18.471970974944146,14.72403780401211,0.009571238224203082,2.2614855272116717e-15,999999999.9999979,42.85999999999999,42.85999999999999,5.2018842739915,3.9550147740798045,inf,0,0,0,0,-1,inf,0,-1,0,0,7600,0,0,0,2192,5408,1.5646938017393217,3.4513602551465454,False
intersection_turn,P1,12009,50,5.0,0.5,18.471970974944146,14.72403780401211,0.009571238224203082,2.2614855272116717e-15,999999999.9999979,42.85999999999999,42.85999999999999,5.2018842739915,3.9550147740798045,inf,0,0,0,0,-1,inf,0,-1,0,0,7600,0,0,0,2192,5408,1.5646938017393217,3.4513602551465454,False
intersection_turn,P2,12009,50,5.0,0.5,18.471970974944146,14.72403780401211,0.009571238224203082,2.2614855272116717e-15,999999999.9999979,42.85999999999999,42.85999999999999,5.2018842739915,3.9550147740798045,inf,0,0,0,0,-1,inf,0,-1,0,0,7600,0,0,0,2192,5408,1.5646938017393217,3.4513602551465454,False
intersection_turn,P3,12009,50,5.0,0.5,18.471970974944146,14.72403780401211,0.009571238224203082,2.2614855272116717e-15,999999999.9999979,42.85999999999999,42.85999999999999,5.2018842739915,3.9550147740798045,inf,0,0,0,0,-1,inf,0,-1,0,0,7600,0,0,0,2192,5408,1.5646938017393217,3.4513602551465454,False
intersection_turn,P4,12009,50,5.0,0.5,18.471970974944146,14.72403780401211,0.009571238224203082,2.2614855272116717e-15,999999999.9999979,42.85999999999999,42.85999999999999,5.2018842739915,3.9550147740798045,inf,0,0,0,0,-1,inf,0,-1,0,0,7600,0,0,0,2192,5408,1.5646938017393217,3.4513602551465454,False
intersection_turn,P0,12010,50,5.0,0.5,18.46756603549221,14.72403780401211,0.00957360428110079,2.2614855272116717e-15,999999999.9999979,42.82333333333334,42.82333333333334,5.238117770514303,3.9550147740798045,inf,0,0,0,0,-1,inf,0,-1,0,0,7600,0,0,0,2179,5421,1.4052322313451722,3.2233889896705596,False
intersection_turn,P1,12010,50,5.0,0.5,18.466739059274616,14.72403780401211,0.009574018071135964,2.2614855272116717e-15,999999999.9999979,42.799999999999976,42.799999999999976,5.261178575186386,3.9550147740798045,inf,0,0,0,0,-1,inf,0,-1,0,0,7600,0,0,0,2175,5425,1.4052322313451722,3.2233889896705596,False
intersection_turn,P2,12010,50,5.0,0.5,18.46756603549221,14.72403780401211,0.00957360428110079,2.2614855272116717e-15,999999999.9999979,42.82333333333334,42.82333333333334,5.238117770514303,3.9550147740798045,inf,0,0,0,0,-1,inf,0,-1,0,0,7600,0,0,0,2179,5421,1.4052322313451722,3.2233889896705596,False
intersection_turn,P3,12010,50,5.0,0.5,18.46756603549221,14.72403780401211,0.00957360428110079,2.2614855272116717e-15,999999999.9999979,42.82333333333334,42.82333333333334,5.238117770514303,3.9550147740798045,inf,0,0,0,0,-1,inf,0,-1,0,0,7600,0,0,0,2179,5421,1.4052322313451722,3.2233889896705596,False
intersection_turn,P4,12010,50,5.0,0.5,18.46756603549221,14.72403780401211,0.00957360428110079,2.2614855272116717e-15,999999999.9999979,42.82333333333334,42.82333333333334,5.238117770514303,3.9550147740798045,inf,0,0,0,0,-1,inf,0,-1,0,0,7600,0,0,0,2179,5421,1.4052322313451722,3.2233889896705596,False
intersection_turn,P0,12011,50,5.0,0.5,18.474203272465925,14.72403780401211,0.009570079431956625,2.2614855272116717e-15,999999999.9999979,42.91999999999998,42.91999999999998,5.14260634309104,3.9550147740798045,inf,0,0,0,0,-1,inf,0,-1,0,0,7600,0,0,0,2153,5447,1.5576804227192327,3.5217245492569145,False
intersection_turn,P1,12011,50,5.0,0.5,18.474203272465925,14.72403780401211,0.009570079431956625,2.2614855272116717e-15,999999999.9999979,42.91999999999998,42.91999999999998,5.14260634309104,3.9550147740798045,inf,0,0,0,0,-1,inf,0,-1,0,0,7600,0,0,0,2153,5447,1.5576804227192327,3.5217245492569145,False
intersection_turn,P2,12011,50,5.0,0.5,18.474203272465925,14.72403780401211,0.009570079431956625,2.2614855272116717e-15,999999999.9999979,42.91999999999998,42.91999999999998,5.14260634309104,3.9550147740798045,inf,0,0,0,0,-1,inf,0,-1,0,0,7600,0,0,0,2153,5447,1.5576804227192327,3.5217245492569145,False
intersection_turn,P3,12011,50,5.0,0.5,18.474203272465925,14.72403780401211,0.009570079431956625,2.2614855272116717e-15,999999999.9999979,42.91999999999998,42.91999999999998,5.14260634309104,3.9550147740798045,inf,0,0,0,0,-1,inf,0,-1,0,0,7600,0,0,0,2153,5447,1.5576804227192327,3.5217245492569145,False
intersection_turn,P4,12011,50,5.0,0.5,18.474203272465925,14.72403780401211,0.009570079431956625,2.2614855272116717e-15,999999999.9999979,42.91999999999998,42.91999999999998,5.14260634309104,3.9550147740798045,inf,0,0,0,0,-1,inf,0,-1,0,0,7600,0,0,0,2153,5447,1.5576804227192327,3.5217245492569145,False
intersection_turn,P0,12012,50,5.0,0.5,18.46992039804491,14.72403780401211,0.009572162541016959,2.2614855272116717e-15,999999999.9999979,42.76999999999998,42.76999999999998,5.290831692654775,3.9550147740798045,inf,0,0,0,0,-1,inf,0,-1,0,0,7600,0,0,0,2267,5333,1.368139113584876,3.1430715262097717,False
intersection_turn,P1,12012,50,5.0,0.5,18.46992039804491,14.72403780401211,0.009572162541016959,2.2614855272116717e-15,999999999.9999979,42.76999999999998,42.76999999999998,5.290831692654775,3.9550147740798045,inf,0,0,0,0,-1,inf,0,-1,0,0,7600,0,0,0,2267,5333,1.368139113584876,3.1430715262097717,False
intersection_turn,P2,12012,50,5.0,0.5,18.46992039804491,14.72403780401211,0.009572162541016959,2.2614855272116717e-15,999999999.9999979,42.76999999999998,42.76999999999998,5.290831692654775,3.9550147740798045,inf,0,0,0,0,-1,inf,0,-1,0,0,7600,0,0,0,2267,5333,1.368139113584876,3.1430715262097717,False
intersection_turn,P3,12012,50,5.0,0.5,18.46992039804491,14.72403780401211,0.009572162541016959,2.2614855272116717e-15,999999999.9999979,42.76999999999998,42.76999999999998,5.290831692654775,3.9550147740798045,inf,0,0,0,0,-1,inf,0,-1,0,0,7600,0,0,0,2267,5333,1.368139113584876,3.1430715262097717,False
intersection_turn,P4,12012,50,5.0,0.5,18.46992039804491,14.72403780401211,0.009572162541016959,2.2614855272116717e-15,999999999.9999979,42.76999999999998,42.76999999999998,5.290831692654775,3.9550147740798045,inf,0,0,0,0,-1,inf,0,-1,0,0,7600,0,0,0,2267,5333,1.368139113584876,3.1430715262097717,False
intersection_turn,P0,12013,50,5.0,0.5,18.46667837554246,14.72403780401211,0.0095740448342585,2.2614855272116717e-15,999999999.9999979,42.78999999999998,42.78999999999998,5.271062511486677,3.9550147740798045,inf,0,0,0,0,-1,inf,0,-1,0,0,7600,0,0,0,1970,5630,1.6365972134395879,3.484972227568948,False
intersection_turn,P1,12013,50,5.0,0.5,18.46667837554246,14.72403780401211,0.0095740448342585,2.2614855272116717e-15,999999999.9999979,42.78999999999998,42.78999999999998,5.271062511486677,3.9550147740798045,inf,0,0,0,0,-1,inf,0,-1,0,0,7600,0,0,0,1970,5630,1.6365972134395879,3.484972227568948,False
intersection_turn,P2,12013,50,5.0,0.5,18.46667837554246,14.72403780401211,0.0095740448342585,2.2614855272116717e-15,999999999.9999979,42.78999999999998,42.78999999999998,5.271062511486677,3.9550147740798045,inf,0,0,0,0,-1,inf,0,-1,0,0,7600,0,0,0,1970,5630,1.6365972134395879,3.484972227568948,False
intersection_turn,P3,12013,50,5.0,0.5,18.46667837554246,14.72403780401211,0.0095740448342585,2.2614855272116717e-15,999999999.9999979,42.78999999999998,42.78999999999998,5.271062511486677,3.9550147740798045,inf,0,0,0,0,-1,inf,0,-1,0,0,7600,0,0,0,1970,5630,1.6365972134395879,3.484972227568948,False
intersection_turn,P4,12013,50,5.0,0.5,18.46667837554246,14.72403780401211,0.0095740448342585,2.2614855272116717e-15,999999999.9999979,42.78999999999998,42.78999999999998,5.271062511486677,3.9550147740798045,inf,0,0,0,0,-1,inf,0,-1,0,0,7600,0,0,0,1970,5630,1.6365972134395879,3.484972227568948,False
intersection_turn,P0,12014,50,5.0,0.5,18.469302912810647,14.72403780401211,0.009572588775745983,2.2614855272116717e-15,999999999.9999979,42.80999999999999,42.80999999999999,5.251295078359254,3.9550147740798045,inf,0,0,0,0,-1,inf,0,-1,0,0,7600,0,0,0,2375,5225,1.6302134528231278,3.69473396883367,False
intersection_turn,P1,12014,50,5.0,0.5,18.469302912810647,14.72403780401211,0.009572588775745983,2.2614855272116717e-15,999999999.9999979,42.80999999999999,42.80999999999999,5.251295078359254,3.9550147740798045,inf,0,0,0,0,-1,inf,0,-1,0,0,7600,0,0,0,2375,5225,1.6302134528231278,3.69473396883367,False
intersection_turn,P2,12014,50,5.0,0.5,18.469302912810647,14.72403780401211,0.009572588775745983,2.2614855272116717e-15,999999999.9999979,42.80999999999999,42.80999999999999,5.251295078359254,3.9550147740798045,inf,0,0,0,0,-1,inf,0,-1,0,0,7600,0,0,0,2375,5225,1.6302134528231278,3.69473396883367,False
intersection_turn,P3,12014,50,5.0,0.5,18.469302912810647,14.72403780401211,0.009572588775745983,2.2614855272116717e-15,999999999.9999979,42.80999999999999,42.80999999999999,5.251295078359254,3.9550147740798045,inf,0,0,0,0,-1,inf,0,-1,0,0,7600,0,0,0,2375,5225,1.6302134528231278,3.69473396883367,False
intersection_turn,P4,12014,50,5.0,0.5,18.469302912810647,14.72403780401211,0.009572588775745983,2.2614855272116717e-15,999999999.9999979,42.80999999999999,42.80999999999999,5.251295078359254,3.9550147740798045,inf,0,0,0,0,-1,inf,0,-1,0,0,7600,0,0,0,2375,5225,1.6302134528231278,3.69473396883367,False
intersection_turn,P0,12015,50,5.0,0.5,19.091117217335178,14.72403780401211,0.008255637684335286,2.031222067962531e-15,999999999.999998,44.02,44.02,4.05960589220185,2.8782578666557557,inf,0,0,0,0,-1,inf,0,-1,0,0,7600,0,0,0,2833,4767,1.5207809685980263,3.432404587827002,False
intersection_turn,P1,12015,50,5.0,0.5,19.091117217335178,14.72403780401211,0.008255637684335286,2.031222067962531e-15,999999999.999998,44.02,44.02,4.05960589220185,2.8782578666557557,inf,0,0,0,0,-1,inf,0,-1,0,0,7600,0,0,0,2833,4767,1.5207809685980263,3.432404587827002,False
intersection_turn,P2,12015,50,5.0,0.5,19.078330290496396,14.72403780401211,0.008263273351342817,2.031222067962531e-15,999999999.999998,44.036666666666676,44.036666666666676,4.043267380610765,2.8782578666557557,inf,0,0,0,0,-1,inf,0,-1,0,0,7600,0,0,0,2819,4781,1.5207809685980263,3.432404587827002,False
intersection_turn,P3,12015,50,5.0,0.5,19.078330290496396,14.72403780401211,0.008263273351342817,2.031222067962531e-15,999999999.999998,44.036666666666676,44.036666666666676,4.043267380610765,2.8782578666557557,inf,0,0,0,0,-1,inf,0,-1,0,0,7600,0,0,0,2819,4781,1.5207809685980263,3.432404587827002,False
intersection_turn,P4,12015,50,5.0,0.5,19.078330290496396,14.72403780401211,0.008263273351342817,2.031222067962531e-15,999999999.999998,44.036666666666676,44.036666666666676,4.043267380610765,2.8782578666557557,inf,0,0,0,0,-1,inf,0,-1,0,0,7600,0,0,0,2819,4781,1.5207809685980263,3.432404587827002,False
intersection_turn,P0,12016,50,5.0,0.5,18.46979307280156,14.72403780401211,0.009572726545497411,2.2614855272116717e-15,999999999.9999979,42.910000000000004,42.910000000000004,5.152484837435232,3.9550147740798045,inf,0,0,0,0,-1,inf,0,-1,0,0,7600,0,0,0,2134,5466,1.5335599961021464,3.473035600076009,False
intersection_turn,P1,12016,50,5.0,0.5,18.46979307280156,14.72403780401211,0.009572726545497411,2.2614855272116717e-15,999999999.9999979,42.910000000000004,42.910000000000004,5.152484837435232,3.9550147740798045,inf,0,0,0,0,-1,inf,0,-1,0,0,7600,0,0,0,2134,5466,1.5335599961021464,3.473035600076009,False
intersection_turn,P2,12016,50,5.0,0.5,18.46979307280156,14.72403780401211,0.009572726545497411,2.2614855272116717e-15,999999999.9999979,42.910000000000004,42.910000000000004,5.152484837435232,3.9550147740798045,inf,0,0,0,0,-1,inf,0,-1,0,0,7600,0,0,0,2134,5466,1.5335599961021464,3.473035600076009,False
intersection_turn,P3,12016,50,5.0,0.5,18.46979307280156,14.72403780401211,0.009572726545497411,2.2614855272116717e-15,999999999.9999979,42.910000000000004,42.910000000000004,5.152484837435232,3.9550147740798045,inf,0,0,0,0,-1,inf,0,-1,0,0,7600,0,0,0,2134,5466,1.5335599961021464,3.473035600076009,False
intersection_turn,P4,12016,50,5.0,0.5,18.46979307280156,14.72403780401211,0.009572726545497411,2.2614855272116717e-15,999999999.9999979,42.910000000000004,42.910000000000004,5.152484837435232,3.9550147740798045,inf,0,0,0,0,-1,inf,0,-1,0,0,7600,0,0,0,2134,5466,1.5335599961021464,3.473035600076009,False
intersection_turn,P0,12017,50,5.0,0.5,18.476113156747395,14.72403780401211,0.009569168249204445,2.2614855272116717e-15,999999999.9999979,42.95999999999998,42.95999999999998,5.10309709882148,3.9550147740798045,inf,0,0,0,0,-1,inf,0,-1,0,0,7600,0,0,0,2190,5410,1.5248475932279222,3.3729893155039337,False
intersection_turn,P1,12017,50,5.0,0.5,18.476113156747395,14.72403780401211,0.009569168249204445,2.2614855272116717e-15,999999999.9999979,42.95999999999998,42.95999999999998,5.10309709882148,3.9550147740798045,inf,0,0,0,0,-1,inf,0,-1,0,0,7600,0,0,0,2190,5410,1.5248475932279222,3.3729893155039337,False
intersection_turn,P2,12017,50,5.0,0.5,18.47507265056171,14.72403780401211,0.009569688809492886,2.2614855272116717e-15,999999999.9999979,42.93999999999998,42.93999999999998,5.12285076885909,3.9550147740798045,inf,0,0,0,0,-1,inf,0,-1,0,0,7600,0,0,0,2185,5415,1.5248475932279222,3.3729893155039337,False
intersection_turn,P3,12017,50,5.0,0.5,18.476113156747395,14.72403780401211,0.009569168249204445,2.2614855272116717e-15,999999999.9999979,42.95999999999998,42.95999999999998,5.10309709882148,3.9550147740798045,inf,0,0,0,0,-1,inf,0,-1,0,0,7600,0,0,0,2190,5410,1.5248475932279222,3.3729893155039337,False
intersection_turn,P4,12017,50,5.0,0.5,18.572443867186166,14.72403780401211,0.009539828347320135,2.2614855272116717e-15,999999999.9999979,42.95999999999997,42.959008348267155,5.0954754773242685,3.9550147740798045,inf,0,0,0,0,-1,inf,0,-1,0,0,7600,47,0,0,2147,5406,1.5248475932279222,3.3729893155039337,False
intersection_turn,P0,12018,50,5.0,0.5,18.471064046190214,14.72403780401211,0.009571620302055607,2.2614855272116717e-15,999999999.9999979,42.80999999999999,42.80999999999999,5.251295078359254,3.9550147740798045,inf,0,0,0,0,-1,inf,0,-1,0,0,7600,0,0,0,2091,5509,1.4511817219769247,3.277277940038067,False
intersection_turn,P1,12018,50,5.0,0.5,18.471064046190214,14.72403780401211,0.009571620302055607,2.2614855272116717e-15,999999999.9999979,42.80999999999999,42.80999999999999,5.251295078359254,3.9550147740798045,inf,0,0,0,0,-1,inf,0,-1,0,0,7600,0,0,0,2091,5509,1.4511817219769247,3.277277940038067,False
intersection_turn,P2,12018,50,5.0,0.5,18.471064046190214,14.72403780401211,0.009571620302055607,2.2614855272116717e-15,999999999.9999979,42.80999999999999,42.80999999999999,5.251295078359254,3.9550147740798045,inf,0,0,0,0,-1,inf,0,-1,0,0,7600,0,0,0,2091,5509,1.4511817219769247,3.277277940038067,False
intersection_turn,P3,12018,50,5.0,0.5,18.471064046190214,14.72403780401211,0.009571620302055607,2.2614855272116717e-15,999999999.9999979,42.80999999999999,42.80999999999999,5.251295078359254,3.9550147740798045,inf,0,0,0,0,-1,inf,0,-1,0,0,7600,0,0,0,2091,5509,1.4511817219769247,3.277277940038067,False
intersection_turn,P4,12018,50,5.0,0.5,18.471064046190214,14.72403780401211,0.009571620302055607,2.2614855272116717e-15,999999999.9999979,42.80999999999999,42.80999999999999,5.251295078359254,3.9550147740798045,inf,0,0,0,0,-1,inf,0,-1,0,0,7600,0,0,0,2091,5509,1.4511817219769247,3.277277940038067,False
intersection_turn,P0,12019,50,5.0,0.5,18.477101263517273,14.72403780401211,0.009568248538728895,2.2614855272116717e-15,999999999.9999979,42.89999999999998,42.89999999999998,5.162363799656145,3.9550147740798045,inf,0,0,0,0,-1,inf,0,-1,0,0,7600,0,0,0,2218,5382,1.4940110170676157,3.30107591805149,False
intersection_turn,P1,12019,50,5.0,0.5,18.477101263517273,14.72403780401211,0.009568248538728895,2.2614855272116717e-15,999999999.9999979,42.89999999999998,42.89999999999998,5.162363799656145,3.9550147740798045,inf,0,0,0,0,-1,inf,0,-1,0,0,7600,0,0,0,2218,5382,1.4940110170676157,3.30107591805149,False
intersection_turn,P2,12019,50,5.0,0.5,18.477101263517273,14.72403780401211,0.009568248538728895,2.2614855272116717e-15,999999999.9999979,42.89999999999998,42.89999999999998,5.162363799656145,3.9550147740798045,inf,0,0,0,0,-1,inf,0,-1,0,0,7600,0,0,0,2218,5382,1.4940110170676157,3.30107591805149,False
intersection_turn,P3,12019,50,5.0,0.5,18.477101263517273,14.72403780401211,0.009568248538728895,2.2614855272116717e-15,999999999.9999979,42.89999999999998,42.89999999999998,5.162363799656145,3.9550147740798045,inf,0,0,0,0,-1,inf,0,-1,0,0,7600,0,0,0,2218,5382,1.4940110170676157,3.30107591805149,False
intersection_turn,P4,12019,50,5.0,0.5,18.477101263517273,14.72403780401211,0.009568248538728895,2.2614855272116717e-15,999999999.9999979,42.89999999999998,42.89999999999998,5.162363799656145,3.9550147740798045,inf,0,0,0,0,-1,inf,0,-1,0,0,7600,0,0,0,2218,5382,1.4940110170676157,3.30107591805149,False
occluding_cut_in,P0,12000,50,5.0,0.5,11.267888282720728,7.327224075401506,0.2107706627715266,0.00021432353040528026,999785676.4695947,17.087302883832308,17.087302883832308,19.431160541768985,11.331044181969368,1.912697116167692,0,0,0,0,-1,inf,0,-1,0,0,7600,182,0,3814,0,3604,1.853011615264678,4.277157322549454,False
occluding_cut_in,P1,12000,50,5.0,0.5,11.32259098532521,7.330849635099795,0.20818126146480598,0.00021115231607467784,999788847.6839255,17.121780353335417,17.116341439325343,19.431160541768985,11.331044181969368,1.8837879858002218,0,0,0,0,-1,inf,0,-1,0,0,7600,270,0,3750,0,3580,1.853011615264678,4.277157322549454,False
occluding_cut_in,P2,12000,50,5.0,0.5,11.225860703385898,7.306477124987944,0.21426607060065175,0.00021907488638274697,999780925.1136171,17.096720715219107,17.093275839460258,19.431160541768985,11.331044181969368,1.9098437800511956,0,0,0,0,-1,inf,0,-1,0,0,7600,221,0,3779,0,3600,1.853011615264678,4.277157322549454,False
occluding_cut_in,P3,12000,50,5.0,0.5,11.225860703385898,7.306477124987944,0.21426607060065175,0.00021907488638274697,999780925.1136171,17.096720715219107,17.093275839460258,19.431160541768985,11.331044181969368,1.9098437800511956,0,0,0,0,-1,inf,0,-1,0,0,7600,221,0,3779,0,3600,1.853011615264678,4.277157322549454,False
occluding_cut_in,P4,12000,50,5.0,0.5,11.267888282720728,7.327224075401506,0.2107706627715266,0.00021432353040528026,999785676.4695947,17.087302883832308,17.087302883832308,19.431160541768985,11.331044181969368,1.912697116167692,0,0,0,0,-1,inf,0,-1,0,0,7600,182,0,3814,0,3604,1.853011615264678,4.277157322549454,False
occluding_cut_in,P0,12001,50,5.0,0.5,11.267888282720728,7.327224075401506,0.2107706627715266,0.00021432353040528026,999785676.4695947,17.087302883832308,17.087302883832308,19.431160541768985,11.331044181969368,1.912697116167692,0,0,0,0,-1,inf,0,-1,0,0,7600,182,0,3814,0,3604,1.839376403080064,4.253035118191838,False
occluding_cut_in,P1,12001,50,5.0,0.5,11.32259098532521,7.330849635099795,0.20818126146480598,0.00021115231607467784,999788847.6839255,17.121780353335417,17.116341439325343,19.431160541768985,11.331044181969368,1.8837879858002218,0,0,0,0,-1,inf,0,-1,0,0,7600,270,0,3750,0,3580,1.839376403080064,4.253035118191838,False
occluding_cut_in,P2,12001,50,5.0,0.5,11.282156749901992,7.339083015449275,0.20979903336939157,0.00021044428577978873,999789555.7142202,17.087302883832308,17.086495692957413,19.431160541768985,11.331044181969368,1.9135048985407561,0,0,0,0,-1,inf,0,-1,0,0,7600,195,0,3801,0,3604,1.839376403080064,4.253035118191838,False
occluding_cut_in,P3,12001,50,5.0,0.5,11.271959506513124,7.335881601140441,0.21027690254954082,0.00021045185835408037,999789548.1416459,17.087302883832308,17.087194917016916,19.431160541768985,11.331044181969368,1.9128245916561997,0,0,0,0,-1,inf,0,-1,0,0,7600,182,0,3814,0,3604,1.839376403080064,4.253035118191838,False
occluding_cut_in,P4,12001,50,5.0,0.5,11.267888282720728,7.327224075401506,0.2107706627715266,0.00021432353040528026,999785676.4695947,17.087302883832308,17.087302883832308,19.431160541768985,11.331044181969368,1.912697116167692,0,0,0,0,-1,inf,0,-1,0,0,7600,182,0,3814,0,3604,1.839376403080064,4.253035118191838,False
occluding_cut_in,P0,12002,50,5.0,0.5,11.267888282720728,7.327224075401506,0.2107706627715266,0.00021432353040528026,999785676.4695947,17.087302883832308,17.087302883832308,19.431160541768985,11.331044181969368,1.912697116167692,0,0,0,0,-1,inf,0,-1,0,0,7600,182,0,3814,0,3604,1.8511400055167553,4.241254398259096,False
occluding_cut_in,P1,12002,50,5.0,0.5,11.317753207123207,7.34224651504949,0.20797865754746134,0.00020809445996341935,999791905.5400367,17.121780353335417,17.117000901250513,19.431160541768985,11.331044181969368,1.8831258715027146,0,0,0,0,-1,inf,0,-1,0,0,7600,258,0,3762,0,3580,1.8511400055167553,4.241254398259096,False
occluding_cut_in,P2,12002,50,5.0,0.5,11.225860703385898,7.306477124987944,0.21426607060065175,0.00021907488638274697,999780925.1136171,17.096720715219107,17.093275839460258,19.431160541768985,11.331044181969368,1.9098437800511956,0,0,0,0,-1,inf,0,-1,0,0,7600,221,0,3779,0,3600,1.8511400055167553,4.241254398259096,False
occluding_cut_in,P3,12002,50,5.0,0.5,11.225860703385898,7.306477124987944,0.21426607060065175,0.00021907488638274697,999780925.1136171,17.096720715219107,17.093275839460258,19.431160541768985,11.331044181969368,1.9098437800511956,0,0,0,0,-1,inf,0,-1,0,0,7600,221,0,3779,0,3600,1.8511400055167553,4.241254398259096,False
occluding_cut_in,P4,12002,50,5.0,0.5,11.267888282720728,7.327224075401506,0.2107706627715266,0.00021432353040528026,999785676.4695947,17.087302883832308,17.087302883832308,19.431160541768985,11.331044181969368,1.912697116167692,0,0,0,0,-1,inf,0,-1,0,0,7600,182,0,3814,0,3604,1.8511400055167553,4.241254398259096,False
occluding_cut_in,P0,12003,50,5.0,0.5,11.267888282720728,7.327224075401506,0.2107706627715266,0.00021432353040528026,999785676.4695947,17.087302883832308,17.087302883832308,19.431160541768985,11.331044181969368,1.912697116167692,0,0,0,0,-1,inf,0,-1,0,0,7600,182,0,3814,0,3604,1.8438080058530282,4.147854103976415,False
occluding_cut_in,P1,12003,50,5.0,0.5,11.32641752979756,7.319765403233969,0.20844227475307264,0.00021422358668181642,999785776.4133182,17.12178035333541,17.115760141865753,19.431160541768985,11.331044181969368,1.8844060385324797,0,0,0,0,-1,inf,0,-1,0,0,7600,295,0,3725,0,3580,1.8438080058530282,4.147854103976415,False
occluding_cut_in,P2,12003,50,5.0,0.5,11.293166311522455,7.345059159874626,0.20917922885009882,0.00020839995059403798,999791600.0494059,17.08730288383232,17.085739932297194,19.431160541768985,11.331044181969368,1.9142604347966024,0,0,0,0,-1,inf,0,-1,0,0,7600,210,0,3786,0,3604,1.8438080058530282,4.147854103976415,False
occluding_cut_in,P3,12003,50,5.0,0.5,11.271959506513124,7.335881601140441,0.21027690254954082,0.00021045185835408037,999789548.1416459,17.087302883832308,17.087194917016916,19.431160541768985,11.331044181969368,1.9128245916561997,0,0,0,0,-1,inf,0,-1,0,0,7600,182,0,3814,0,3604,1.8438080058530282,4.147854103976415,False
occluding_cut_in,P4,12003,50,5.0,0.5,11.267888282720728,7.327224075401506,0.2107706627715266,0.00021432353040528026,999785676.4695947,17.087302883832308,17.087302883832308,19.431160541768985,11.331044181969368,1.912697116167692,0,0,0,0,-1,inf,0,-1,0,0,7600,182,0,3814,0,3604,1.8438080058530282,4.147854103976415,False
occluding_cut_in,P0,12004,50,5.0,0.5,11.267888282720728,7.327224075401506,0.2107706627715266,0.00021432353040528026,999785676.4695947,17.087302883832308,17.087302883832308,19.431160541768985,11.331044181969368,1.912697116167692,0,0,0,0,-1,inf,0,-1,0,0,7600,182,0,3814,0,3604,1.7939331977357638,4.2276921182422695,False
occluding_cut_in,P1,12004,50,5.0,0.5,11.330542028345441,7.3466437559200495,0.2079361223944305,0.0002081010537113368,999791898.9462886,17.121780353335417,17.115973467558156,19.431160541768985,11.331044181969368,1.8843586929951255,0,0,0,0,-1,inf,0,-1,0,0,7600,295,0,3725,0,3580,1.7939331977357638,4.2276921182422695,False
occluding_cut_in,P2,12004,50,5.0,0.5,11.304662266597454,7.351504675742082,0.20837432312261125,0.00020585025197970022,999794149.7480203,17.109263734065536,17.106786860918128,19.431160541768985,11.331044181969368,1.8932202090741326,0,0,0,0,-1,inf,0,-1,0,0,7600,219,0,3790,0,3591,1.7939331977357638,4.2276921182422695,False
occluding_cut_in,P3,12004,50,5.0,0.5,11.271959506513124,7.335881601140441,0.21027690254954082,0.00021045185835408037,999789548.1416459,17.087302883832308,17.087194917016916,19.431160541768985,11.331044181969368,1.9128245916561997,0,0,0,0,-1,inf,0,-1,0,0,7600,182,0,3814,0,3604,1.7939331977357638,4.2276921182422695,False
occluding_cut_in,P4,12004,50,5.0,0.5,11.267888282720728,7.327224075401506,0.2107706627715266,0.00021432353040528026,999785676.4695947,17.087302883832308,17.087302883832308,19.431160541768985,11.331044181969368,1.912697116167692,0,0,0,0,-1,inf,0,-1,0,0,7600,182,0,3814,0,3604,1.7939331977357638,4.2276921182422695,False
occluding_cut_in,P0,12005,50,5.0,0.5,11.267888282720728,7.327224075401506,0.2107706627715266,0.00021432353040528026,999785676.4695947,17.087302883832308,17.087302883832308,19.431160541768985,11.331044181969368,1.912697116167692,0,0,0,0,-1,inf,0,-1,0,0,7600,182,0,3814,0,3604,1.8554791754421698,4.207124462402715,False
occluding_cut_in,P1,12005,50,5.0,0.5,11.323929889722908,7.33746240387935,0.2079504854985344,0.00020935444522376598,999790645.5547763,17.121780353335428,17.11653427941325,19.43013353196599,11.331044181969368,1.8836732888752445,0,0,0,0,-1,inf,0,-1,0,0,7600,282,0,3740,0,3578,1.8554791754421698,4.207124462402715,False
occluding_cut_in,P2,12005,50,5.0,0.5,11.228614066528687,7.300354009098931,0.21450229470560145,0.00022090388589893182,999779096.1141013,17.096720715219114,17.092630514779742,19.43013353196599,11.331044181969368,1.910067044276711,0,0,0,0,-1,inf,0,-1,0,0,7600,250,0,3754,0,3596,1.8554791754421698,4.207124462402715,False
occluding_cut_in,P3,12005,50,5.0,0.5,11.225860703385898,7.306477124987944,0.21426607060065175,0.00021907488638274697,999780925.1136171,17.096720715219107,17.093275839460258,19.431160541768985,11.331044181969368,1.9098437800511956,0,0,0,0,-1,inf,0,-1,0,0,7600,221,0,3779,0,3600,1.8554791754421698,4.207124462402715,False
occluding_cut_in,P4,12005,50,5.0,0.5,11.267888282720728,7.327224075401506,0.2107706627715266,0.00021432353040528026,999785676.4695947,17.087302883832308,17.087302883832308,19.431160541768985,11.331044181969368,1.912697116167692,0,0,0,0,-1,inf,0,-1,0,0,7600,182,0,3814,0,3604,1.8554791754421698,4.207124462402715,False
occluding_cut_in,P0,12006,50,5.0,0.5,11.267888282720728,7.327224075401506,0.2107706627715266,0.00021432353040528026,999785676.4695947,17.087302883832308,17.087302883832308,19.431160541768985,11.331044181969368,1.912697116167692,0,0,0,0,-1,inf,0,-1,0,0,7600,182,0,3814,0,3604,1.783652598642222,4.172091266568448,False
occluding_cut_in,P1,12006,50,5.0,0.5,11.31744621564497,7.34583941902452,0.2079257647188143,0.00020716566009219346,999792834.339908,17.121780353335417,17.117127084401904,19.431160541768985,11.331044181969368,1.8830578660570314,0,0,0,0,-1,inf,0,-1,0,0,7600,266,0,3753,0,3581,1.783652598642222,4.172091266568448,False
occluding_cut_in,P2,12006,50,5.0,0.5,11.277576899286018,7.332354824585808,0.21030162012870104,0.00021267207853304293,999787327.921467,17.087302883832322,17.086774099891596,19.430073758811165,11.331044181969368,1.9132360633659076,0,0,0,0,-1,inf,0,-1,0,0,7600,209,0,3787,0,3604,1.783652598642222,4.172091266568448,False
occluding_cut_in,P3,12006,50,5.0,0.5,11.271959506513124,7.335881601140441,0.21027690254954082,0.00021045185835408037,999789548.1416459,17.087302883832308,17.087194917016916,19.431160541768985,11.331044181969368,1.9128245916561997,0,0,0,0,-1,inf,0,-1,0,0,7600,182,0,3814,0,3604,1.783652598642222,4.172091266568448,False
occluding_cut_in,P4,12006,50,5.0,0.5,11.267888282720728,7.327224075401506,0.2107706627715266,0.00021432353040528026,999785676.4695947,17.087302883832308,17.087302883832308,19.431160541768985,11.331044181969368,1.912697116167692,0,0,0,0,-1,inf,0,-1,0,0,7600,182,0,3814,0,3604,1.783652598642222,4.172091266568448,False
occluding_cut_in,P0,12007,50,5.0,0.5,11.267888282720728,7.327224075401506,0.2107706627715266,0.00021432353040528026,999785676.4695947,17.087302883832308,17.087302883832308,19.431160541768985,11.331044181969368,1.912697116167692,0,0,0,0,-1,inf,0,-1,0,0,7600,182,0,3814,0,3604,1.902131689184315,4.158357619485669,False
occluding_cut_in,P1,12007,50,5.0,0.5,11.32259098532521,7.330849635099795,0.20818126146480598,0.00021115231607467784,999788847.6839255,17.121780353335417,17.116341439325343,19.431160541768985,11.331044181969368,1.8837879858002218,0,0,0,0,-1,inf,0,-1,0,0,7600,270,0,3750,0,3580,1.902131689184315,4.158357619485669,False
occluding_cut_in,P2,12007,50,5.0,0.5,11.228614066528687,7.300354009098931,0.21450229470560145,0.00022090388589893182,999779096.1141013,17.096720715219114,17.092630514779742,19.43013353196599,11.331044181969368,1.910067044276711,0,0,0,0,-1,inf,0,-1,0,0,7600,250,0,3754,0,3596,1.902131689184315,4.158357619485669,False
occluding_cut_in,P3,12007,50,5.0,0.5,11.225860703385898,7.306477124987944,0.21426607060065175,0.00021907488638274697,999780925.1136171,17.096720715219107,17.093275839460258,19.431160541768985,11.331044181969368,1.9098437800511956,0,0,0,0,-1,inf,0,-1,0,0,7600,221,0,3779,0,3600,1.902131689184315,4.158357619485669,False
occluding_cut_in,P4,12007,50,5.0,0.5,11.267888282720728,7.327224075401506,0.2107706627715266,0.00021432353040528026,999785676.4695947,17.087302883832308,17.087302883832308,19.431160541768985,11.331044181969368,1.912697116167692,0,0,0,0,-1,inf,0,-1,0,0,7600,182,0,3814,0,3604,1.902131689184315,4.158357619485669,False
occluding_cut_in,P0,12008,50,5.0,0.5,11.267888282720728,7.327224075401506,0.2107706627715266,0.00021432353040528026,999785676.4695947,17.087302883832308,17.087302883832308,19.431160541768985,11.331044181969368,1.912697116167692,0,0,0,0,-1,inf,0,-1,0,0,7600,182,0,3814,0,3604,1.8287972323811121,4.285369501392537,False
occluding_cut_in,P1,12008,50,5.0,0.5,11.317783592570613,7.340924320324938,0.20800412073676305,0.00020844263878270098,999791557.3612175,17.121780353335406,17.116962367430588,19.431160541768985,11.331044181969368,1.88314773956537,0,0,0,0,-1,inf,0,-1,0,0,7600,257,0,3763,0,3580,1.8287972323811121,4.285369501392537,False
occluding_cut_in,P2,12008,50,5.0,0.5,11.271959506513124,7.335881601140441,0.21027690254954082,0.00021045185835408037,999789548.1416459,17.087302883832308,17.087194917016916,19.431160541768985,11.331044181969368,1.9128245916561997,0,0,0,0,-1,inf,0,-1,0,0,7600,182,0,3814,0,3604,1.8287972323811121,4.285369501392537,False
occluding_cut_in,P3,12008,50,5.0,0.5,11.257199423301138,7.273733856146152,0.21206156064236162,0.00022808005852821163,999771919.9414717,17.08730288383231,17.086714965745724,19.431160541768985,11.331044181969368,1.9135034068202357,0,0,0,0,-1,inf,0,-1,0,0,7600,194,0,3802,0,3604,1.8287972323811121,4.285369501392537,False
occluding_cut_in,P4,12008,50,5.0,0.5,11.267888282720728,7.327224075401506,0.2107706627715266,0.00021432353040528026,999785676.4695947,17.087302883832308,17.087302883832308,19.431160541768985,11.331044181969368,1.912697116167692,0,0,0,0,-1,inf,0,-1,0,0,7600,182,0,3814,0,3604,1.8287972323811121,4.285369501392537,False
occluding_cut_in,P0,12009,50,5.0,0.5,11.267888282720728,7.327224075401506,0.2107706627715266,0.00021432353040528026,999785676.4695947,17.087302883832308,17.087302883832308,19.431160541768985,11.331044181969368,1.912697116167692,0,0,0,0,-1,inf,0,-1,0,0,7600,182,0,3814,0,3604,1.81966041051698,4.2046998729920775,False
occluding_cut_in,P1,12009,50,5.0,0.5,11.279402230947529,7.3325272748345185,0.21008453913158626,0.00021127208617207876,999788727.9138278,17.087302883832304,17.08671813657334,19.43013353196599,11.331044181969368,1.9132821182943816,0,0,0,0,-1,inf,0,-1,0,0,7600,211,0,3789,0,3600,1.81966041051698,4.2046998729920775,False
occluding_cut_in,P2,12009,50,5.0,0.5,11.279402230947529,7.3325272748345185,0.21008453913158626,0.00021127208617207876,999788727.9138278,17.087302883832304,17.08671813657334,19.43013353196599,11.331044181969368,1.9132821182943816,0,0,0,0,-1,inf,0,-1,0,0,7600,211,0,3789,0,3600,1.81966041051698,4.2046998729920775,False
occluding_cut_in,P3,12009,50,5.0,0.5,11.272727078473354,7.347277451802598,0.21016357905894723,0.00020785407926597087,999792145.920734,17.087302883832304,17.086958375649086,19.431160541768985,11.331044181969368,1.913149005085399,0,0,0,0,-1,inf,0,-1,0,0,7600,191,0,3805,0,3604,1.81966041051698,4.2046998729920775,False
occluding_cut_in,P4,12009,50,5.0,0.5,11.267888282720728,7.327224075401506,0.2107706627715266,0.00021432353040528026,999785676.4695947,17.087302883832308,17.087302883832308,19.431160541768985,11.331044181969368,1.912697116167692,0,0,0,0,-1,inf,0,-1,0,0,7600,182,0,3814,0,3604,1.81966041051698,4.2046998729920775,False
occluding_cut_in,P0,12010,50,5.0,0.5,11.267888282720728,7.327224075401506,0.2107706627715266,0.00021432353040528026,999785676.4695947,17.087302883832308,17.087302883832308,19.431160541768985,11.331044181969368,1.912697116167692,0,0,0,0,-1,inf,0,-1,0,0,7600,182,0,3814,0,3604,1.7473953531062014,4.054540145324157,False
occluding_cut_in,P1,12010,50,5.0,0.5,11.32259098532521,7.330849635099795,0.20818126146480598,0.00021115231607467784,999788847.6839255,17.121780353335417,17.116341439325343,19.431160541768985,11.331044181969368,1.8837879858002218,0,0,0,0,-1,inf,0,-1,0,0,7600,270,0,3750,0,3580,1.7473953531062014,4.054540145324157,False
occluding_cut_in,P2,12010,50,5.0,0.5,11.267888282720728,7.327224075401506,0.2107706627715266,0.00021432353040528026,999785676.4695947,17.087302883832308,17.087302883832308,19.431160541768985,11.331044181969368,1.912697116167692,0,0,0,0,-1,inf,0,-1,0,0,7600,182,0,3814,0,3604,1.7473953531062014,4.054540145324157,False
occluding_cut_in,P3,12010,50,5.0,0.5,11.271755487271896,7.334259161228186,0.21030210393144963,0.00021079719794503824,999789202.802055,17.079263734065538,17.07915741619279,19.431160541768985,11.331044181969368,1.9208614490774019,0,0,0,0,-1,inf,0,-1,0,0,7600,181,0,3815,0,3604,1.7473953531062014,4.054540145324157,False
occluding_cut_in,P4,12010,50,5.0,0.5,11.267888282720728,7.327224075401506,0.2107706627715266,0.00021432353040528026,999785676.4695947,17.087302883832308,17.087302883832308,19.431160541768985,11.331044181969368,1.912697116167692,0,0,0,0,-1,inf,0,-1,0,0,7600,182,0,3814,0,3604,1.7473953531062014,4.054540145324157,False
occluding_cut_in,P0,12011,50,5.0,0.5,11.267888282720728,7.327224075401506,0.2107706627715266,0.00021432353040528026,999785676.4695947,17.087302883832308,17.087302883832308,19.431160541768985,11.331044181969368,1.912697116167692,0,0,0,0,-1,inf,0,-1,0,0,7600,182,0,3814,0,3604,1.8783856567021022,4.321464687102335,False
occluding_cut_in,P1,12011,50,5.0,0.5,11.329673852016835,7.308297328394994,0.20874687184628113,0.00021747211789432667,999782527.8821057,17.121780353335428,17.115217134114186,19.431160541768985,11.331044181969368,1.885005814258689,0,0,0,0,-1,inf,0,-1,0,0,7600,316,0,3702,0,3582,1.8783856567021022,4.321464687102335,False
occluding_cut_in,P2,12011,50,5.0,0.5,11.234115978422913,7.347532739074193,0.2132565692115898,0.00020827732696175155,999791722.6730384,17.09672071521911,17.09343247158598,19.431160541768985,11.331044181969368,1.9092338673411526,0,0,0,0,-1,inf,0,-1,0,0,7600,216,0,3784,0,3600,1.8783856567021022,4.321464687102335,False
occluding_cut_in,P3,12011,50,5.0,0.5,11.225860703385898,7.306477124987944,0.21426607060065175,0.00021907488638274697,999780925.1136171,17.096720715219107,17.093275839460258,19.431160541768985,11.331044181969368,1.9098437800511956,0,0,0,0,-1,inf,0,-1,0,0,7600,221,0,3779,0,3600,1.8783856567021022,4.321464687102335,False
occluding_cut_in,P4,12011,50,5.0,0.5,11.267888282720728,7.327224075401506,0.2107706627715266,0.00021432353040528026,999785676.4695947,17.087302883832308,17.087302883832308,19.431160541768985,11.331044181969368,1.912697116167692,0,0,0,0,-1,inf,0,-1,0,0,7600,182,0,3814,0,3604,1.8783856567021022,4.321464687102335,False
occluding_cut_in,P0,12012,50,5.0,0.5,11.267888282720728,7.327224075401506,0.2107706627715266,0.00021432353040528026,999785676.4695947,17.087302883832308,17.087302883832308,19.431160541768985,11.331044181969368,1.912697116167692,0,0,0,0,-1,inf,0,-1,0,0,7600,182,0,3814,0,3604,1.6778256722655325,3.9811394483862217,False
occluding_cut_in,P1,12012,50,5.0,0.5,11.178614368321242,7.349712723624069,0.21459116985008658,0.00020643489525510274,999793565.1047449,17.14353720412902,17.133991580734083,19.431160541768985,11.331044181969368,1.8672446868865649,0,0,0,0,-1,inf,0,-1,0,0,7600,285,0,3734,0,3581,1.6778256722655325,3.9811394483862217,False
occluding_cut_in,P2,12012,50,5.0,0.5,11.234115978422913,7.347532739074193,0.2132565692115898,0.00020827732696175155,999791722.6730384,17.09672071521911,17.09343247158598,19.431160541768985,11.331044181969368,1.9092338673411526,0,0,0,0,-1,inf,0,-1,0,0,7600,216,0,3784,0,3600,1.6778256722655325,3.9811394483862217,False
occluding_cut_in,P3,12012,50,5.0,0.5,11.272727078473354,7.347277451802598,0.21016357905894723,0.00020785407926597087,999792145.920734,17.087302883832304,17.086958375649086,19.431160541768985,11.331044181969368,1.913149005085399,0,0,0,0,-1,inf,0,-1,0,0,7600,191,0,3805,0,3604,1.6778256722655325,3.9811394483862217,False
occluding_cut_in,P4,12012,50,5.0,0.5,11.267888282720728,7.327224075401506,0.2107706627715266,0.00021432353040528026,999785676.4695947,17.087302883832308,17.087302883832308,19.431160541768985,11.331044181969368,1.912697116167692,0,0,0,0,-1,inf,0,-1,0,0,7600,182,0,3814,0,3604,1.6778256722655325,3.9811394483862217,False
occluding_cut_in,P0,12013,50,5.0,0.5,11.267888282720728,7.327224075401506,0.2107706627715266,0.00021432353040528026,999785676.4695947,17.087302883832308,17.087302883832308,19.431160541768985,11.331044181969368,1.912697116167692,0,0,0,0,-1,inf,0,-1,0,0,7600,182,0,3814,0,3604,1.8538605241931996,4.2034995109672515,False
occluding_cut_in,P1,12013,50,5.0,0.5,11.279704603516377,7.346397526329796,0.2100100123135853,0.0002080870194614248,999791912.9805385,17.0873028838323,17.08646209581056,19.43013353196599,11.331044181969368,1.9135795070334352,0,0,0,0,-1,inf,0,-1,0,0,7600,220,0,3780,0,3600,1.8538605241931996,4.2034995109672515,False
occluding_cut_in,P2,12013,50,5.0,0.5,11.279704603516377,7.346397526329796,0.2100100123135853,0.0002080870194614248,999791912.9805385,17.0873028838323,17.08646209581056,19.43013353196599,11.331044181969368,1.9135795070334352,0,0,0,0,-1,inf,0,-1,0,0,7600,220,0,3780,0,3600,1.8538605241931996,4.2034995109672515,False
occluding_cut_in,P3,12013,50,5.0,0.5,11.262544596352384,7.265809620764898,0.21210737669105545,0.00023045853746672576,999769541.4625331,17.087302883832308,17.08620420453665,19.43013353196599,11.331044181969368,1.9139138373262345,0,0,0,0,-1,inf,0,-1,0,0,7600,223,0,3777,0,3600,1.8538605241931996,4.2034995109672515,False
occluding_cut_in,P4,12013,50,5.0,0.5,11.267888282720728,7.327224075401506,0.2107706627715266,0.00021432353040528026,999785676.4695947,17.087302883832308,17.087302883832308,19.431160541768985,11.331044181969368,1.912697116167692,0,0,0,0,-1,inf,0,-1,0,0,7600,182,0,3814,0,3604,1.8538605241931996,4.2034995109672515,False
occluding_cut_in,P0,12014,50,5.0,0.5,11.267888282720728,7.327224075401506,0.2107706627715266,0.00021432353040528026,999785676.4695947,17.087302883832308,17.087302883832308,19.431160541768985,11.331044181969368,1.912697116167692,0,0,0,0,-1,inf,0,-1,0,0,7600,182,0,3814,0,3604,1.939617727732312,4.4623371882275835,False
occluding_cut_in,P1,12014,50,5.0,0.5,11.293166311522455,7.345059159874626,0.20917922885009882,0.00020839995059403798,999791600.0494059,17.08730288383232,17.085739932297194,19.431160541768985,11.331044181969368,1.9142604347966024,0,0,0,0,-1,inf,0,-1,0,0,7600,210,0,3786,0,3604,1.939617727732312,4.4623371882275835,False
occluding_cut_in,P2,12014,50,5.0,0.5,11.234115978422913,7.347532739074193,0.2132565692115898,0.00020827732696175155,999791722.6730384,17.09672071521911,17.09343247158598,19.431160541768985,11.331044181969368,1.9092338673411526,0,0,0,0,-1,inf,0,-1,0,0,7600,216,0,3784,0,3600,1.939617727732312,4.4623371882275835,False
occluding_cut_in,P3,12014,50,5.0,0.5,11.234115978422913,7.347532739074193,0.2132565692115898,0.00020827732696175155,999791722.6730384,17.09672071521911,17.09343247158598,19.431160541768985,11.331044181969368,1.9092338673411526,0,0,0,0,-1,inf,0,-1,0,0,7600,216,0,3784,0,3600,1.939617727732312,4.4623371882275835,False
occluding_cut_in,P4,12014,50,5.0,0.5,11.267888282720728,7.327224075401506,0.2107706627715266,0.00021432353040528026,999785676.4695947,17.087302883832308,17.087302883832308,19.431160541768985,11.331044181969368,1.912697116167692,0,0,0,0,-1,inf,0,-1,0,0,7600,182,0,3814,0,3604,1.939617727732312,4.4623371882275835,False
occluding_cut_in,P0,12015,50,5.0,0.5,11.267888282720728,7.327224075401506,0.2107706627715266,0.00021432353040528026,999785676.4695947,17.087302883832308,17.087302883832308,19.431160541768985,11.331044181969368,1.912697116167692,0,0,0,0,-1,inf,0,-1,0,0,7600,182,0,3814,0,3604,1.8158432384241183,4.197884232478911,False
occluding_cut_in,P1,12015,50,5.0,0.5,11.32259098532521,7.330849635099795,0.20818126146480598,0.00021115231607467784,999788847.6839255,17.121780353335417,17.116341439325343,19.431160541768985,11.331044181969368,1.8837879858002218,0,0,0,0,-1,inf,0,-1,0,0,7600,270,0,3750,0,3580,1.8158432384241183,4.197884232478911,False
occluding_cut_in,P2,12015,50,5.0,0.5,11.304662266597454,7.351504675742082,0.20837432312261125,0.00020585025197970022,999794149.7480203,17.109263734065536,17.106786860918128,19.431160541768985,11.331044181969368,1.8932202090741326,0,0,0,0,-1,inf,0,-1,0,0,7600,219,0,3790,0,3591,1.8158432384241183,4.197884232478911,False
occluding_cut_in,P3,12015,50,5.0,0.5,11.272727078473354,7.347277451802598,0.21016357905894723,0.00020785407926597087,999792145.920734,17.087302883832304,17.086958375649086,19.431160541768985,11.331044181969368,1.913149005085399,0,0,0,0,-1,inf,0,-1,0,0,7600,191,0,3805,0,3604,1.8158432384241183,4.197884232478911,False
occluding_cut_in,P4,12015,50,5.0,0.5,11.267888282720728,7.327224075401506,0.2107706627715266,0.00021432353040528026,999785676.4695947,17.087302883832308,17.087302883832308,19.431160541768985,11.331044181969368,1.912697116167692,0,0,0,0,-1,inf,0,-1,0,0,7600,182,0,3814,0,3604,1.8158432384241183,4.197884232478911,False
occluding_cut_in,P0,12016,50,5.0,0.5,11.267888282720728,7.327224075401506,0.2107706627715266,0.00021432353040528026,999785676.4695947,17.087302883832308,17.087302883832308,19.431160541768985,11.331044181969368,1.912697116167692,0,0,0,0,-1,inf,0,-1,0,0,7600,182,0,3814,0,3604,1.8614445409121607,4.267729266258328,False
occluding_cut_in,P1,12016,50,5.0,0.5,11.323929889722908,7.33746240387935,0.2079504854985344,0.00020935444522376598,999790645.5547763,17.121780353335428,17.11653427941325,19.43013353196599,11.331044181969368,1.8836732888752445,0,0,0,0,-1,inf,0,-1,0,0,7600,282,0,3740,0,3578,1.8614445409121607,4.267729266258328,False
occluding_cut_in,P2,12016,50,5.0,0.5,11.276963380877083,7.330914167477342,0.21037900968694642,0.00021314547187283376,999786854.5281272,17.087302883832308,17.08684058791738,19.43013353196599,11.331044181969368,1.913174713293892,0,0,0,0,-1,inf,0,-1,0,0,7600,211,0,3789,0,3600,1.8614445409121607,4.267729266258328,False
occluding_cut_in,P3,12016,50,5.0,0.5,11.267888282720728,7.327224075401506,0.2107706627715266,0.00021432353040528026,999785676.4695947,17.087302883832308,17.087302883832308,19.431160541768985,11.331044181969368,1.912697116167692,0,0,0,0,-1,inf,0,-1,0,0,7600,182,0,3814,0,3604,1.8614445409121607,4.267729266258328,False
occluding_cut_in,P4,12016,50,5.0,0.5,11.267888282720728,7.327224075401506,0.2107706627715266,0.00021432353040528026,999785676.4695947,17.087302883832308,17.087302883832308,19.431160541768985,11.331044181969368,1.912697116167692,0,0,0,0,-1,inf,0,-1,0,0,7600,182,0,3814,0,3604,1.8614445409121607,4.267729266258328,False
occluding_cut_in,P0,12017,50,5.0,0.5,11.267888282720728,7.327224075401506,0.2107706627715266,0.00021432353040528026,999785676.4695947,17.087302883832308,17.087302883832308,19.431160541768985,11.331044181969368,1.912697116167692,0,0,0,0,-1,inf,0,-1,0,0,7600,182,0,3814,0,3604,1.7983749267244433,4.152015182844182,False
occluding_cut_in,P1,12017,50,5.0,0.5,11.323929889722908,7.33746240387935,0.2079504854985344,0.00020935444522376598,999790645.5547763,17.121780353335428,17.11653427941325,19.43013353196599,11.331044181969368,1.8836732888752445,0,0,0,0,-1,inf,0,-1,0,0,7600,282,0,3740,0,3578,1.7983749267244433,4.152015182844182,False
occluding_cut_in,P2,12017,50,5.0,0.5,11.279402230947529,7.3325272748345185,0.21008453913158626,0.00021127208617207876,999788727.9138278,17.087302883832304,17.08671813657334,19.43013353196599,11.331044181969368,1.9132821182943816,0,0,0,0,-1,inf,0,-1,0,0,7600,211,0,3789,0,3600,1.7983749267244433,4.152015182844182,False
occluding_cut_in,P3,12017,50,5.0,0.5,11.271959506513124,7.335881601140441,0.21027690254954082,0.00021045185835408037,999789548.1416459,17.087302883832308,17.087194917016916,19.431160541768985,11.331044181969368,1.9128245916561997,0,0,0,0,-1,inf,0,-1,0,0,7600,182,0,3814,0,3604,1.7983749267244433,4.152015182844182,False
occluding_cut_in,P4,12017,50,5.0,0.5,11.267888282720728,7.327224075401506,0.2107706627715266,0.00021432353040528026,999785676.4695947,17.087302883832308,17.087302883832308,19.431160541768985,11.331044181969368,1.912697116167692,0,0,0,0,-1,inf,0,-1,0,0,7600,182,0,3814,0,3604,1.7983749267244433,4.152015182844182,False
occluding_cut_in,P0,12018,50,5.0,0.5,11.267888282720728,7.327224075401506,0.2107706627715266,0.00021432353040528026,999785676.4695947,17.087302883832308,17.087302883832308,19.431160541768985,11.331044181969368,1.912697116167692,0,0,0,0,-1,inf,0,-1,0,0,7600,182,0,3814,0,3604,1.7981876681929163,4.123016403908616,False
occluding_cut_in,P1,12018,50,5.0,0.5,11.332635162965522,7.2968468754087175,0.20906811882705212,0.00022077520280912015,999779224.797191,17.121780353335417,17.114710306963037,19.431160541768985,11.331044181969368,1.885592952331776,0,0,0,0,-1,inf,0,-1,0,0,7600,351,0,3667,0,3582,1.7981876681929163,4.123016403908616,False
occluding_cut_in,P2,12018,50,5.0,0.5,11.285993691216454,7.30833693068272,0.21004580967076453,0.00021764251711441323,999782357.4828857,17.08730288383231,17.08560516159999,19.431160541768985,11.331044181969368,1.9144130276938296,0,0,0,0,-1,inf,0,-1,0,0,7600,215,0,3781,0,3604,1.7981876681929163,4.123016403908616,False
occluding_cut_in,P3,12018,50,5.0,0.5,11.271959506513124,7.335881601140441,0.21027690254954082,0.00021045185835408037,999789548.1416459,17.087302883832308,17.087194917016916,19.431160541768985,11.331044181969368,1.9128245916561997,0,0,0,0,-1,inf,0,-1,0,0,7600,182,0,3814,0,3604,1.7981876681929163,4.123016403908616,False
occluding_cut_in,P4,12018,50,5.0,0.5,11.267888282720728,7.327224075401506,0.2107706627715266,0.00021432353040528026,999785676.4695947,17.087302883832308,17.087302883832308,19.431160541768985,11.331044181969368,1.912697116167692,0,0,0,0,-1,inf,0,-1,0,0,7600,182,0,3814,0,3604,1.7981876681929163,4.123016403908616,False
occluding_cut_in,P0,12019,50,5.0,0.5,11.267888282720728,7.327224075401506,0.2107706627715266,0.00021432353040528026,999785676.4695947,17.087302883832308,17.087302883832308,19.431160541768985,11.331044181969368,1.912697116167692,0,0,0,0,-1,inf,0,-1,0,0,7600,182,0,3814,0,3604,1.8197781026011959,4.104613483036913,False
occluding_cut_in,P1,12019,50,5.0,0.5,11.330542028345441,7.3466437559200495,0.2079361223944305,0.0002081010537113368,999791898.9462886,17.121780353335417,17.115973467558156,19.431160541768985,11.331044181969368,1.8843586929951255,0,0,0,0,-1,inf,0,-1,0,0,7600,295,0,3725,0,3580,1.8197781026011959,4.104613483036913,False
occluding_cut_in,P2,12019,50,5.0,0.5,11.300967259640547,7.34609500698083,0.20892083246936022,0.00020801564955933908,999791984.3504406,17.087302883832315,17.085275650404522,19.43013353196599,11.331044181969368,1.9147352770743513,0,0,0,0,-1,inf,0,-1,0,0,7600,236,0,3764,0,3600,1.8197781026011959,4.104613483036913,False
occluding_cut_in,P3,12019,50,5.0,0.5,11.271755487271896,7.334259161228186,0.21030210393144963,0.00021079719794503824,999789202.802055,17.079263734065538,17.07915741619279,19.431160541768985,11.331044181969368,1.9208614490774019,0,0,0,0,-1,inf,0,-1,0,0,7600,181,0,3815,0,3604,1.8197781026011959,4.104613483036913,False
occluding_cut_in,P4,12019,50,5.0,0.5,11.267888282720728,7.327224075401506,0.2107706627715266,0.00021432353040528026,999785676.4695947,17.087302883832308,17.087302883832308,19.431160541768985,11.331044181969368,1.912697116167692,0,0,0,0,-1,inf,0,-1,0,0,7600,182,0,3814,0,3604,1.8197781026011959,4.104613483036913,False
