scenario,planner,seed,steps,duration_s,planning_safety_margin_m,mean_snr_db,min_snr_db,mean_outage_probability,mean_ber_model,mean_goodput_bps_model,path_length_m,progress_m,min_target_distance_m,min_realized_ttc_s,min_static_obstacle_clearance_m,static_clearance_violation_steps,static_clearance_violation_indicator,collision_indicator,collision_steps,first_collision_step,first_collision_time_s,no_candidate_steps,first_no_candidate_step,zero_candidate_after_static_steps,zero_candidate_after_dynamic_steps,candidate_evaluations,candidate_road_rejections,candidate_speed_rejections,candidate_static_rejections,candidate_dynamic_rejections,candidate_feasible,prediction_ade_m,prediction_fde_m,measured_optical_link
following_lateral_offset,P0,9000,40,4.0,0.5,13.496793081996078,-23.05600199298692,0.16263862323598735,0.04378017420421422,956219825.7957859,37.94000000000001,37.93952632039643,2.5066060991497876,0.34494521249390964,inf,0,0,0,0,-1,inf,0,-1,0,0,6080,23,0,0,1333,4724,1.8225331140428995,4.157889384919348,False
following_lateral_offset,P1,9000,40,4.0,0.5,13.496793081996078,-23.05600199298692,0.16263862323598735,0.04378017420421422,956219825.7957859,37.94000000000001,37.93952632039643,2.5066060991497876,0.34494521249390964,inf,0,0,0,0,-1,inf,0,-1,0,0,6080,23,0,0,1333,4724,1.8225331140428995,4.157889384919348,False
following_lateral_offset,P2,9000,40,4.0,0.5,13.496793081996078,-23.05600199298692,0.16263862323598735,0.04378017420421422,956219825.7957859,37.94000000000001,37.93952632039643,2.5066060991497876,0.34494521249390964,inf,0,0,0,0,-1,inf,0,-1,0,0,6080,23,0,0,1333,4724,1.8225331140428995,4.157889384919348,False
following_lateral_offset,P3,9000,40,4.0,0.5,13.656564114278272,-16.66516070169913,0.16263851760094977,0.04357535172945062,956424648.2705494,37.94000000000001,37.93952632039643,2.5066060991497876,0.302680430267462,inf,0,0,0,0,-1,inf,0,-1,0,0,6080,23,0,0,1333,4724,1.8225331140428995,4.157889384919348,False
following_lateral_offset,P4,9000,40,4.0,0.5,13.496793081996078,-23.05600199298692,0.16263862323598735,0.04378017420421422,956219825.7957859,37.94000000000001,37.93952632039643,2.5066060991497876,0.34494521249390964,inf,0,0,0,0,-1,inf,0,-1,0,0,6080,23,0,0,1333,4724,1.8225331140428995,4.157889384919348,False
following_lateral_offset,P0,9001,40,4.0,0.5,14.087670626257403,-11.725634296180818,0.16844782111627163,0.03921970113860658,960780298.8613933,37.63000000000002,37.63000000000002,2.7526169366622595,0.6278095428609428,inf,0,0,0,0,-1,inf,0,-1,0,0,6080,0,0,0,1062,5018,1.8669593561435256,4.219168712727196,False
following_lateral_offset,P1,9001,40,4.0,0.5,14.087670626257403,-11.725634296180818,0.16844782111627163,0.03921970113860658,960780298.8613933,37.63000000000002,37.63000000000002,2.7526169366622595,0.6278095428609428,inf,0,0,0,0,-1,inf,0,-1,0,0,6080,0,0,0,1062,5018,1.8669593561435256,4.219168712727196,False
following_lateral_offset,P2,9001,40,4.0,0.5,14.705307850917881,-8.66650296484238,0.1361028451822651,0.029329985136064773,970670014.8639352,37.63000000000002,37.62868802346579,2.7177641714669347,0.5957918974355088,inf,0,0,0,0,-1,inf,0,-1,0,0,6080,81,0,0,988,5011,1.8669593561435256,4.219168712727196,False
following_lateral_offset,P3,9001,40,4.0,0.5,14.300340141251425,-10.724146198109363,0.15816598146970423,0.03620350764059636,963796492.3594036,37.63000000000001,37.62954709800835,2.741246625492592,0.6171483554938043,inf,0,0,0,0,-1,inf,0,-1,0,0,6080,27,0,0,1039,5014,1.8669593561435256,4.219168712727196,False
following_lateral_offset,P4,9001,40,4.0,0.5,15.398924815009043,1.1818503712317465,0.12474786468588614,0.006629829168129724,993370170.8318703,37.60000000000002,37.59759785174689,2.7064252281125123,0.616098845180983,inf,0,0,0,0,-1,inf,0,-1,0,0,6080,143,0,0,922,5015,1.8669593561435256,4.219168712727196,False
following_lateral_offset,P0,9002,40,4.0,0.5,13.851387424001,-17.412928624914585,0.16621964306093764,0.041479320475394335,958520679.5246058,37.820000000000014,37.820000000000014,2.5908299828433234,0.3758571571457078,inf,0,0,0,0,-1,inf,0,-1,0,0,6080,0,0,0,1202,4878,1.8277397465175511,4.094309413166095,False
following_lateral_offset,P1,9002,40,4.0,0.5,13.851387424001,-17.412928624914585,0.16621964306093764,0.041479320475394335,958520679.5246058,37.820000000000014,37.820000000000014,2.5908299828433234,0.3758571571457078,inf,0,0,0,0,-1,inf,0,-1,0,0,6080,0,0,0,1202,4878,1.8277397465175511,4.094309413166095,False
following_lateral_offset,P2,9002,40,4.0,0.5,16.550858686589795,7.306216762794129,0.044784955692195524,6.321689363474956e-05,999936783.1063652,37.56000000000001,37.55210539941142,2.6894283963928554,0.4553558270203072,inf,0,0,0,0,-1,inf,0,-1,0,0,6080,299,0,0,931,4850,1.8277397465175511,4.094309413166095,False
following_lateral_offset,P3,9002,40,4.0,0.5,14.838258048271967,-9.730436271442379,0.13355079475242496,0.02692510195725934,973074898.0427406,37.68000000000001,37.67867920372225,2.673952411598578,0.39736578381779575,inf,0,0,0,0,-1,inf,0,-1,0,0,6080,79,0,0,1124,4877,1.8277397465175511,4.094309413166095,False
following_lateral_offset,P4,9002,40,4.0,0.5,15.74078001326547,1.6366664216067655,0.09912544932354059,0.003963540245241948,996036459.7547581,37.65000000000001,37.647104727816874,2.6479530123362074,0.36836842291825733,inf,0,0,0,0,-1,inf,0,-1,0,0,6080,175,0,0,1034,4871,1.8277397465175511,4.094309413166095,False
following_lateral_offset,P0,9003,40,4.0,0.5,14.369618482376902,-15.315541152050063,0.15806319722945333,0.02963683187333216,970363168.1266677,37.54000000000003,37.54000000000003,2.8304769916040415,0.5689610519506406,inf,0,0,0,0,-1,inf,0,-1,0,0,6080,0,0,0,1027,5053,1.9068996853727835,4.167308936891915,False
following_lateral_offset,P1,9003,40,4.0,0.5,14.369618482376902,-15.315541152050063,0.15806319722945333,0.02963683187333216,970363168.1266677,37.54000000000003,37.54000000000003,2.8304769916040415,0.5689610519506406,inf,0,0,0,0,-1,inf,0,-1,0,0,6080,0,0,0,1027,5053,1.9068996853727835,4.167308936891915,False
following_lateral_offset,P2,9003,40,4.0,0.5,15.284904366696546,-4.382601477544647,0.1234680728474945,0.01605053227602514,983949467.723975,37.45000000000003,37.44860848825788,2.8759281470387803,0.6086958224033278,inf,0,0,0,0,-1,inf,0,-1,0,0,6080,73,0,0,932,5075,1.9068996853727835,4.167308936891915,False
following_lateral_offset,P3,9003,40,4.0,0.5,14.369618482376902,-15.315541152050063,0.15806319722945333,0.02963683187333216,970363168.1266677,37.54000000000003,37.54000000000003,2.8304769916040415,0.5689610519506406,inf,0,0,0,0,-1,inf,0,-1,0,0,6080,0,0,0,1027,5053,1.9068996853727835,4.167308936891915,False
following_lateral_offset,P4,9003,40,4.0,0.5,16.033703917348436,1.7544222548634423,0.07125228930570773,0.0028196377461177217,997180362.2538822,37.37000000000001,37.36697510264577,2.89962146119123,0.6578944715548891,inf,0,0,0,0,-1,inf,0,-1,0,0,6080,166,0,0,829,5085,1.9068996853727835,4.167308936891915,False
following_lateral_offset,P0,9004,40,4.0,0.5,14.444893661409584,-8.678102251762468,0.16335083692396515,0.030311124222850594,969688875.7771494,37.510000000000026,37.510000000000026,2.8565888748645416,0.5898412857174467,inf,0,0,0,0,-1,inf,0,-1,0,0,6080,0,0,0,1076,5004,1.8217073995019,4.047051677859335,False
following_lateral_offset,P1,9004,40,4.0,0.5,14.444893661409584,-8.678102251762468,0.16335083692396515,0.030311124222850594,969688875.7771494,37.510000000000026,37.510000000000026,2.8565888748645416,0.5898412857174467,inf,0,0,0,0,-1,inf,0,-1,0,0,6080,0,0,0,1076,5004,1.8217073995019,4.047051677859335,False
following_lateral_offset,P2,9004,40,4.0,0.5,14.848771771965968,-6.915321273619128,0.1442995403301442,0.024486968672518504,975513031.3274816,37.51000000000001,37.50910506410899,2.8356371990649714,0.5731986803928885,inf,0,0,0,0,-1,inf,0,-1,0,0,6080,55,0,0,1029,4996,1.8217073995019,4.047051677859335,False
following_lateral_offset,P3,9004,40,4.0,0.5,14.649316116647606,-7.801959437027321,0.1546044855284318,0.02739196140815655,972608038.5918434,37.51000000000001,37.50954632266584,2.8462061517295125,0.58149754702564,inf,0,0,0,0,-1,inf,0,-1,0,0,6080,27,0,0,1054,4999,1.8217073995019,4.047051677859335,False
following_lateral_offset,P4,9004,40,4.0,0.5,15.897994478369128,4.237294593234587,0.08781999817926736,0.001170169057023151,998829830.9429767,37.50000000000002,37.497177964044106,2.7840734953465747,0.519854690748314,inf,0,0,0,0,-1,inf,0,-1,0,0,6080,171,0,0,920,4989,1.8217073995019,4.047051677859335,False
following_lateral_offset,P0,9005,40,4.0,0.5,14.585125092014223,-8.20591438510489,0.15646071852363966,0.02722783917297065,972772160.8270295,37.49000000000002,37.49000000000002,2.8740389698123234,0.6363025378184746,inf,0,0,0,0,-1,inf,0,-1,0,0,6080,0,0,0,1144,4936,1.7680371504148742,4.082494654630341,False
following_lateral_offset,P1,9005,40,4.0,0.5,14.585125092014223,-8.20591438510489,0.15646071852363966,0.02722783917297065,972772160.8270295,37.49000000000002,37.49000000000002,2.8740389698123234,0.6363025378184746,inf,0,0,0,0,-1,inf,0,-1,0,0,6080,0,0,0,1144,4936,1.7680371504148742,4.082494654630341,False
following_lateral_offset,P2,9005,40,4.0,0.5,14.70830802757781,-13.215698886253286,0.13635684498790032,0.0268196429958172,973180357.0041828,37.490000000000016,37.48848712273737,2.8652340639377365,0.6556024367452057,inf,0,0,0,0,-1,inf,0,-1,0,0,6080,69,0,0,1078,4933,1.7680371504148742,4.082494654630341,False
following_lateral_offset,P3,9005,40,4.0,0.5,14.585125092014223,-8.20591438510489,0.15646071852363966,0.02722783917297065,972772160.8270295,37.49000000000002,37.49000000000002,2.8740389698123234,0.6363025378184746,inf,0,0,0,0,-1,inf,0,-1,0,0,6080,0,0,0,1144,4936,1.7680371504148742,4.082494654630341,False
following_lateral_offset,P4,9005,40,4.0,0.5,15.892296861519933,0.9034650122927665,0.08215742172599728,0.005161086390846956,994838913.609153,37.35,37.34736645651654,2.929676166051929,0.7184124116088427,inf,0,0,0,0,-1,inf,0,-1,0,0,6080,143,0,0,983,4954,1.7680371504148742,4.082494654630341,False
following_lateral_offset,P0,9006,40,4.0,0.5,12.613469917859508,-42.205991971129365,0.17042455155649597,0.04943374928410589,950566250.7158943,38.04000000000003,38.039489850146964,2.4257780239483298,0.4048809642880836,inf,0,0,0,0,-1,inf,1,38,0,1,6080,23,0,0,1095,4962,1.9421800103479252,4.437562231660171,False
following_lateral_offset,P1,9006,40,4.0,0.5,12.613469917859508,-42.205991971129365,0.17042455155649597,0.04943374928410589,950566250.7158943,38.04000000000003,38.039489850146964,2.4257780239483298,0.4048809642880836,inf,0,0,0,0,-1,inf,1,38,0,1,6080,23,0,0,1095,4962,1.9421800103479252,4.437562231660171,False
following_lateral_offset,P2,9006,40,4.0,0.5,14.169670710430774,-13.257747893780703,0.16608804670021954,0.035165839497482594,964834160.5025173,38.04000000000002,38.03832044918889,2.349210109218305,0.2432769896862682,inf,0,0,0,0,-1,inf,3,38,0,3,6080,99,0,0,1063,4918,1.9421800103479252,4.437562231660171,False
following_lateral_offset,P3,9006,40,4.0,0.5,12.84398633270232,-40.62549802850651,0.16683536029843266,0.045202509835295474,954797490.1647046,38.04000000000001,38.0389995307848,2.4113511551817135,0.39581240400091444,inf,0,0,0,0,-1,inf,1,38,0,1,6080,50,0,0,1088,4942,1.9421800103479252,4.437562231660171,False
following_lateral_offset,P4,9006,40,4.0,0.5,12.613469917859508,-42.205991971129365,0.17042455155649597,0.04943374928410589,950566250.7158943,38.04000000000003,38.039489850146964,2.4257780239483298,0.4048809642880836,inf,0,0,0,0,-1,inf,1,38,0,1,6080,23,0,0,1095,4962,1.9421800103479252,4.437562231660171,False
following_lateral_offset,P0,9007,40,4.0,0.5,14.140226908952673,-18.13793657602414,0.15936973520100417,0.03475635542674082,965243644.5732591,37.630000000000024,37.630000000000024,2.7526169366622533,0.6098701428597295,inf,0,0,0,0,-1,inf,0,-1,0,0,6080,0,0,0,1080,5000,1.9396017326342752,4.366869286070957,False
following_lateral_offset,P1,9007,40,4.0,0.5,14.140226908952673,-18.13793657602414,0.15936973520100417,0.03475635542674082,965243644.5732591,37.630000000000024,37.630000000000024,2.7526169366622533,0.6098701428597295,inf,0,0,0,0,-1,inf,0,-1,0,0,6080,0,0,0,1080,5000,1.9396017326342752,4.366869286070957,False
following_lateral_offset,P2,9007,40,4.0,0.5,15.496632175805763,3.647624554315655,0.13018916858267077,0.002494598686670852,997505401.3133291,37.57000000000001,37.566764076634925,2.7443158643150967,0.5789226461887108,inf,0,0,0,0,-1,inf,0,-1,0,0,6080,123,0,0,946,5011,1.9396017326342752,4.366869286070957,False
following_lateral_offset,P3,9007,40,4.0,0.5,14.36602817036302,-16.12421210916338,0.15499346869839536,0.029611175248512384,970388824.7514877,37.60000000000003,37.59950442083721,2.765906477298231,0.6177152364918641,inf,0,0,0,0,-1,inf,0,-1,0,0,6080,23,0,0,1052,5005,1.9396017326342752,4.366869286070957,False
following_lateral_offset,P4,9007,40,4.0,0.5,16.001511838052732,1.383260363468171,0.07403057555405594,0.0032005068536134717,996799493.1463864,37.39,37.38696447031763,2.881207347066241,0.6787182045573232,inf,0,0,0,0,-1,inf,0,-1,0,0,6080,166,0,0,863,5051,1.9396017326342752,4.366869286070957,False
following_lateral_offset,P0,9008,40,4.0,0.5,12.198885090449837,-48.499871530008065,0.17011634752176227,0.05002008054526842,949979919.4547316,38.14000000000002,38.139076282191304,2.3628524127852217,0.34614969888844266,inf,0,0,0,0,-1,inf,1,39,0,1,6080,46,0,0,1352,4682,1.7831738194278899,4.136500871474583,False
following_lateral_offset,P1,9008,40,4.0,0.5,12.198885090449837,-48.499871530008065,0.17011634752176227,0.05002008054526842,949979919.4547316,38.14000000000002,38.139076282191304,2.3628524127852217,0.34614969888844266,inf,0,0,0,0,-1,inf,1,39,0,1,6080,46,0,0,1352,4682,1.7831738194278899,4.136500871474583,False
following_lateral_offset,P2,9008,40,4.0,0.5,12.198885090449837,-48.499871530008065,0.17011634752176227,0.05002008054526842,949979919.4547316,38.14000000000002,38.139076282191304,2.3628524127852217,0.34614969888844266,inf,0,0,0,0,-1,inf,1,39,0,1,6080,46,0,0,1352,4682,1.7831738194278899,4.136500871474583,False
following_lateral_offset,P3,9008,40,4.0,0.5,12.198885090449837,-48.499871530008065,0.17011634752176227,0.05002008054526842,949979919.4547316,38.14000000000002,38.139076282191304,2.3628524127852217,0.34614969888844266,inf,0,0,0,0,-1,inf,1,39,0,1,6080,46,0,0,1352,4682,1.7831738194278899,4.136500871474583,False
following_lateral_offset,P4,9008,40,4.0,0.5,12.198885090449837,-48.499871530008065,0.17011634752176227,0.05002008054526842,949979919.4547316,38.14000000000002,38.139076282191304,2.3628524127852217,0.34614969888844266,inf,0,0,0,0,-1,inf,1,39,0,1,6080,46,0,0,1352,4682,1.7831738194278899,4.136500871474583,False
following_lateral_offset,P0,9009,40,4.0,0.5,13.794567577979317,-18.42195609412335,0.1663562796091217,0.042117471804985374,957882528.1950146,37.85000000000003,37.85000000000003,2.565638322133475,0.42453783193611844,inf,0,0,0,0,-1,inf,0,-1,0,0,6080,0,0,0,1167,4913,1.7224418192182853,3.9984919015509846,False
following_lateral_offset,P1,9009,40,4.0,0.5,13.794567577979317,-18.42195609412335,0.1663562796091217,0.042117471804985374,957882528.1950146,37.85000000000003,37.85000000000003,2.565638322133475,0.42453783193611844,inf,0,0,0,0,-1,inf,0,-1,0,0,6080,0,0,0,1167,4913,1.7224418192182853,3.9984919015509846,False
following_lateral_offset,P2,9009,40,4.0,0.5,16.2945866396753,4.97972555747825,0.06563285904318195,0.000640760975404336,999359239.0245956,37.65000000000001,37.64323556453863,2.6161760073540097,0.4087651833244414,inf,0,0,0,0,-1,inf,0,-1,0,0,6080,269,0,0,950,4861,1.7224418192182853,3.9984919015509846,False
following_lateral_offset,P3,9009,40,4.0,0.5,15.414637520168588,-4.9949276011814945,0.10590203399064121,0.015214094262216782,984785905.7377832,37.650000000000006,37.6474677802472,2.6608333734547505,0.5023384074155448,inf,0,0,0,0,-1,inf,0,-1,0,0,6080,154,0,0,1039,4887,1.7224418192182853,3.9984919015509846,False
following_lateral_offset,P4,9009,40,4.0,0.5,15.414637520168588,-4.9949276011814945,0.10590203399064121,0.015214094262216782,984785905.7377832,37.650000000000006,37.6474677802472,2.6608333734547505,0.5023384074155448,inf,0,0,0,0,-1,inf,0,-1,0,0,6080,154,0,0,1039,4887,1.7224418192182853,3.9984919015509846,False
following_lateral_offset,P0,9010,40,4.0,0.5,13.505821123588134,-22.03525183458011,0.17014911688008505,0.04626367901662947,953736320.9833705,37.95000000000003,37.95000000000003,2.482438317461256,0.24868572571655967,inf,0,0,0,0,-1,inf,0,-1,0,0,6080,0,0,0,1208,4872,1.766760224737339,4.090673845711061,False
following_lateral_offset,P1,9010,40,4.0,0.5,13.505821123588134,-22.03525183458011,0.17014911688008505,0.04626367901662947,953736320.9833705,37.95000000000003,37.95000000000003,2.482438317461256,0.24868572571655967,inf,0,0,0,0,-1,inf,0,-1,0,0,6080,0,0,0,1208,4872,1.766760224737339,4.090673845711061,False
following_lateral_offset,P2,9010,40,4.0,0.5,15.215882370189188,1.8673186228214185,0.14852307900469058,0.005378410109733289,994621589.8902668,37.87000000000001,37.8641288439339,2.4544799686809218,0.24898157230685514,inf,0,0,0,0,-1,inf,0,-1,0,0,6080,177,0,0,1059,4844,1.766760224737339,4.090673845711061,False
following_lateral_offset,P3,9010,40,4.0,0.5,15.031923952318895,0.7601374146848734,0.15876190812606375,0.009717576514514902,990282423.4854851,37.87000000000001,37.865375979499284,2.4663269208955207,0.25536931910200084,inf,0,0,0,0,-1,inf,0,-1,0,0,6080,149,0,0,1079,4852,1.766760224737339,4.090673845711061,False
following_lateral_offset,P4,9010,40,4.0,0.5,14.541418860086527,-7.784326551401314,0.1636411405704329,0.026976500093120564,973023499.9068794,37.88000000000001,37.878235033529705,2.4840543711217737,0.2575956866347614,inf,0,0,0,0,-1,inf,0,-1,0,0,6080,93,0,0,1121,4866,1.766760224737339,4.090673845711061,False
following_lateral_offset,P0,9011,40,4.0,0.5,13.187219115764307,-32.97208947630226,0.16712758250671916,0.04542682153885453,954573178.4611454,38.050000000000026,38.050000000000026,2.4005207768315397,0.3075176734927773,inf,0,0,0,0,-1,inf,0,-1,0,0,6080,0,0,0,1274,4806,1.670234023426736,3.8544424832234063,False
following_lateral_offset,P1,9011,40,4.0,0.5,13.187219115764307,-32.97208947630226,0.16712758250671916,0.04542682153885453,954573178.4611454,38.050000000000026,38.050000000000026,2.4005207768315397,0.3075176734927773,inf,0,0,0,0,-1,inf,0,-1,0,0,6080,0,0,0,1274,4806,1.670234023426736,3.8544424832234063,False
following_lateral_offset,P2,9011,40,4.0,0.5,15.859257780370777,4.70981388161827,0.09277973179396448,0.0009305671845389332,999069432.8154609,37.860000000000014,37.85430322238199,2.435537844689609,0.268262772696377,inf,0,0,0,0,-1,inf,0,-1,0,0,6080,255,0,0,982,4843,1.670234023426736,3.8544424832234063,False
following_lateral_offset,P3,9011,40,4.0,0.5,15.119039692204415,-9.899856349149054,0.11418108372115354,0.021216689796802933,978783310.2031971,37.86000000000002,37.857384818385114,2.473920980950502,0.3628885598220882,inf,0,0,0,0,-1,inf,0,-1,0,0,6080,169,0,0,1056,4855,1.670234023426736,3.8544424832234063,False
following_lateral_offset,P4,9011,40,4.0,0.5,14.96446295224683,-16.082925947452523,0.114184179596586,0.022128292498340155,977871707.5016598,37.86000000000002,37.857384818385114,2.473920980950502,0.38952113570803565,inf,0,0,0,0,-1,inf,0,-1,0,0,6080,169,0,0,1056,4855,1.670234023426736,3.8544424832234063,False
following_lateral_offset,P0,9012,40,4.0,0.5,14.332666707150091,-13.68827988214846,0.15147301744410838,0.0343780244362393,965621975.5637608,37.70000000000001,37.70000000000001,2.6925824035672434,0.41510205442448617,inf,0,0,0,0,-1,inf,0,-1,0,0,6080,0,0,0,1244,4836,1.7752639000756976,4.070058892455026,False
following_lateral_offset,P1,9012,40,4.0,0.5,14.332666707150091,-13.68827988214846,0.15147301744410838,0.0343780244362393,965621975.5637608,37.70000000000001,37.70000000000001,2.6925824035672434,0.41510205442448617,inf,0,0,0,0,-1,inf,0,-1,0,0,6080,0,0,0,1244,4836,1.7752639000756976,4.070058892455026,False
following_lateral_offset,P2,9012,40,4.0,0.5,14.837365850318786,-4.59573308714306,0.15039271491349965,0.022116846521333396,977883153.4786667,37.67000000000001,37.669036956312034,2.6907480832975694,0.49672202218076045,inf,0,0,0,0,-1,inf,0,-1,0,0,6080,46,0,0,1201,4833,1.7752639000756976,4.070058892455026,False
following_lateral_offset,P3,9012,40,4.0,0.5,14.024010959028113,-12.240054614847054,0.15605527685859708,0.042928093726743145,957071906.2732569,37.81000000000001,37.80953034310361,2.613856789926779,0.3624478223628349,inf,0,0,0,0,-1,inf,0,-1,0,0,6080,23,0,0,1283,4774,1.7752639000756976,4.070058892455026,False
following_lateral_offset,P4,9012,40,4.0,0.5,18.350962004188926,16.13407088197926,0.006800753815688386,3.9440250503655594e-20,1000000000.0,37.15000000000003,37.13768194657539,3.0159152248785563,0.6231446120525421,inf,0,0,0,0,-1,inf,0,-1,0,0,6080,498,0,0,809,4773,1.7752639000756976,4.070058892455026,False
following_lateral_offset,P0,9013,40,4.0,0.5,14.773514870917387,-8.757746632785604,0.1441384629211928,0.023630882665579955,976369117.33442,37.51333333333336,37.51333333333336,2.8536837791021967,0.48848352967295733,inf,0,0,0,0,-1,inf,0,-1,0,0,6080,0,0,0,1024,5056,1.981701932017885,4.444373793152747,False
following_lateral_offset,P1,9013,40,4.0,0.5,14.773514870917387,-8.757746632785604,0.1441384629211928,0.023630882665579955,976369117.33442,37.51333333333336,37.51333333333336,2.8536837791021967,0.48848352967295733,inf,0,0,0,0,-1,inf,0,-1,0,0,6080,0,0,0,1024,5056,1.981701932017885,4.444373793152747,False
following_lateral_offset,P2,9013,40,4.0,0.5,15.65752802504112,0.8327827839106448,0.11473277593866596,0.007902452730980804,992097547.2690191,37.37000000000001,37.36866191540966,2.9526699884763152,0.51633077982466,inf,0,0,0,0,-1,inf,0,-1,0,0,6080,87,0,0,885,5108,1.981701932017885,4.444373793152747,False
following_lateral_offset,P3,9013,40,4.0,0.5,15.65752802504112,0.8327827839106448,0.11473277593866596,0.007902452730980804,992097547.2690191,37.37000000000001,37.36866191540966,2.9526699884763152,0.51633077982466,inf,0,0,0,0,-1,inf,0,-1,0,0,6080,87,0,0,885,5108,1.981701932017885,4.444373793152747,False
following_lateral_offset,P4,9013,40,4.0,0.5,14.773514870917387,-8.757746632785604,0.1441384629211928,0.023630882665579955,976369117.33442,37.51333333333336,37.51333333333336,2.8536837791021967,0.48848352967295733,inf,0,0,0,0,-1,inf,0,-1,0,0,6080,0,0,0,1024,5056,1.981701932017885,4.444373793152747,False
following_lateral_offset,P0,9014,40,4.0,0.5,13.24134304467255,-31.63522968320293,0.16889813791768876,0.045438753072854346,954561246.9271456,38.020000000000024,38.020000000000024,2.424953607803643,0.3254208866772264,inf,0,0,0,0,-1,inf,0,-1,0,0,6080,0,0,0,1237,4843,1.756685556084228,4.128074026068781,False
following_lateral_offset,P1,9014,40,4.0,0.5,13.24134304467255,-31.63522968320293,0.16889813791768876,0.045438753072854346,954561246.9271456,38.020000000000024,38.020000000000024,2.424953607803643,0.3254208866772264,inf,0,0,0,0,-1,inf,0,-1,0,0,6080,0,0,0,1237,4843,1.756685556084228,4.128074026068781,False
following_lateral_offset,P2,9014,40,4.0,0.5,16.326107550653152,10.114966013453692,0.04244780772472344,7.358268838324568e-07,999999264.1731163,37.660000000000025,37.65127542657632,2.5987337511724875,0.48810422024954914,inf,0,0,0,0,-1,inf,0,-1,0,0,6080,288,0,0,888,4904,1.756685556084228,4.128074026068781,False
following_lateral_offset,P3,9014,40,4.0,0.5,15.27173323245558,-1.8748854012111629,0.12673423441696735,0.011592093032054388,988407906.9679457,37.75000000000003,37.747524615519666,2.572000550127595,0.4365796232201185,inf,0,0,0,0,-1,inf,0,-1,0,0,6080,148,0,0,1002,4930,1.756685556084228,4.128074026068781,False
following_lateral_offset,P4,9014,40,4.0,0.5,15.129128004971449,-7.579094500576343,0.12690193354109364,0.015559811686928863,984440188.3130713,37.75000000000003,37.747524615519666,2.572000550127595,0.4459065129346871,inf,0,0,0,0,-1,inf,0,-1,0,0,6080,148,0,0,1002,4930,1.756685556084228,4.128074026068781,False
following_lateral_offset,P0,9015,40,4.0,0.5,12.60101048834057,-38.34630708784418,0.1702491778363185,0.0512635003531771,948736499.6468227,37.880000000000024,37.878582265413606,2.588473240899489,0.5692919053023807,inf,0,0,0,0,-1,inf,0,-1,0,0,6080,70,0,0,1206,4804,1.8995312191166895,4.306306944201667,False
following_lateral_offset,P1,9015,40,4.0,0.5,12.60101048834057,-38.34630708784418,0.1702491778363185,0.0512635003531771,948736499.6468227,37.880000000000024,37.878582265413606,2.588473240899489,0.5692919053023807,inf,0,0,0,0,-1,inf,0,-1,0,0,6080,70,0,0,1206,4804,1.8995312191166895,4.306306944201667,False
following_lateral_offset,P2,9015,40,4.0,0.5,12.60101048834057,-38.34630708784418,0.1702491778363185,0.0512635003531771,948736499.6468227,37.880000000000024,37.878582265413606,2.588473240899489,0.5692919053023807,inf,0,0,0,0,-1,inf,0,-1,0,0,6080,70,0,0,1206,4804,1.8995312191166895,4.306306944201667,False
following_lateral_offset,P3,9015,40,4.0,0.5,12.60101048834057,-38.34630708784418,0.1702491778363185,0.0512635003531771,948736499.6468227,37.880000000000024,37.878582265413606,2.588473240899489,0.5692919053023807,inf,0,0,0,0,-1,inf,0,-1,0,0,6080,70,0,0,1206,4804,1.8995312191166895,4.306306944201667,False
following_lateral_offset,P4,9015,40,4.0,0.5,12.60101048834057,-38.34630708784418,0.1702491778363185,0.0512635003531771,948736499.6468227,37.880000000000024,37.878582265413606,2.588473240899489,0.5692919053023807,inf,0,0,0,0,-1,inf,0,-1,0,0,6080,70,0,0,1206,4804,1.8995312191166895,4.306306944201667,False
following_lateral_offset,P0,9016,40,4.0,0.5,14.971846138573678,-2.154795392417526,0.15149829868042097,0.01513970488445888,984860295.1155411,37.19000000000002,37.19000000000002,3.139442625690091,0.9211428761942754,inf,0,0,0,0,-1,inf,0,-1,0,0,6080,0,0,0,986,5094,1.869212881245237,4.183759337828542,False
following_lateral_offset,P1,9016,40,4.0,0.5,14.971846138573678,-2.154795392417526,0.15149829868042097,0.01513970488445888,984860295.1155411,37.19000000000002,37.19000000000002,3.139442625690091,0.9211428761942754,inf,0,0,0,0,-1,inf,0,-1,0,0,6080,0,0,0,986,5094,1.869212881245237,4.183759337828542,False
following_lateral_offset,P2,9016,40,4.0,0.5,15.349274697745141,-0.7740721059914826,0.13285000107776418,0.010421403701362703,989578596.2986374,37.19000000000001,37.189102481466094,3.121274822536624,0.8769296775444927,inf,0,0,0,0,-1,inf,0,-1,0,0,6080,57,0,0,936,5087,1.869212881245237,4.183759337828542,False
following_lateral_offset,P3,9016,40,4.0,0.5,15.162640773127254,-1.4662981532296868,0.1425698689343707,0.012686662272748303,987313337.7272518,37.19000000000001,37.189545731928696,3.130428115422238,0.8769296775444927,inf,0,0,0,0,-1,inf,0,-1,0,0,6080,27,0,0,963,5090,1.869212881245237,4.183759337828542,False
following_lateral_offset,P4,9016,40,4.0,0.5,16.359338186636815,9.876043242471095,0.042282166390074635,1.2678623546860946e-06,999998732.1376454,37.09333333333334,37.0904555165183,3.1563308923783624,0.8873670620211654,inf,0,0,0,0,-1,inf,0,-1,0,0,6080,161,0,0,823,5096,1.869212881245237,4.183759337828542,False
following_lateral_offset,P0,9017,40,4.0,0.5,12.26405908513762,-49.664637094114916,0.16808435837808294,0.04828829024734189,951711709.7526581,38.170000000000016,38.169103742895786,2.339355685616534,0.30066987801704964,inf,0,0,0,0,-1,inf,0,-1,0,0,6080,50,0,0,1260,4770,1.8228974527554247,4.255027039391308,False
following_lateral_offset,P1,9017,40,4.0,0.5,12.26405908513762,-49.664637094114916,0.16808435837808294,0.04828829024734189,951711709.7526581,38.170000000000016,38.169103742895786,2.339355685616534,0.30066987801704964,inf,0,0,0,0,-1,inf,0,-1,0,0,6080,50,0,0,1260,4770,1.8228974527554247,4.255027039391308,False
following_lateral_offset,P2,9017,40,4.0,0.5,12.26405908513762,-49.664637094114916,0.16808435837808294,0.04828829024734189,951711709.7526581,38.170000000000016,38.169103742895786,2.339355685616534,0.30066987801704964,inf,0,0,0,0,-1,inf,0,-1,0,0,6080,50,0,0,1260,4770,1.8228974527554247,4.255027039391308,False
following_lateral_offset,P3,9017,40,4.0,0.5,12.26405908513762,-49.664637094114916,0.16808435837808294,0.04828829024734189,951711709.7526581,38.170000000000016,38.169103742895786,2.339355685616534,0.30066987801704964,inf,0,0,0,0,-1,inf,0,-1,0,0,6080,50,0,0,1260,4770,1.8228974527554247,4.255027039391308,False
following_lateral_offset,P4,9017,40,4.0,0.5,12.26405908513762,-49.664637094114916,0.16808435837808294,0.04828829024734189,951711709.7526581,38.170000000000016,38.169103742895786,2.339355685616534,0.30066987801704964,inf,0,0,0,0,-1,inf,0,-1,0,0,6080,50,0,0,1260,4770,1.8228974527554247,4.255027039391308,False
following_lateral_offset,P0,9018,40,4.0,0.5,13.583514101382258,-22.807073180078504,0.16854914038026106,0.04321263813445915,956787361.8655409,37.97000000000003,37.97000000000003,2.465948093533173,0.28653062585304934,inf,0,0,0,0,-1,inf,0,-1,0,0,6080,0,0,0,1265,4815,1.91662785355989,4.3680535268931,False
following_lateral_offset,P1,9018,40,4.0,0.5,13.583514101382258,-22.807073180078504,0.16854914038026106,0.04321263813445915,956787361.8655409,37.97000000000003,37.97000000000003,2.465948093533173,0.28653062585304934,inf,0,0,0,0,-1,inf,0,-1,0,0,6080,0,0,0,1265,4815,1.91662785355989,4.3680535268931,False
following_lateral_offset,P2,9018,40,4.0,0.5,16.37667071063155,9.710823776046517,0.04010279333450646,1.2333786037285545e-06,999998766.6213963,37.750000000000014,37.74109198194314,2.5153197106896523,0.3315075555039566,inf,0,0,0,0,-1,inf,0,-1,0,0,6080,305,0,0,970,4805,1.91662785355989,4.3680535268931,False
following_lateral_offset,P3,9018,40,4.0,0.5,15.338790477872601,0.12246847577172915,0.12626506863126086,0.00878932607197173,991210673.9280283,37.82000000000002,37.81749043861362,2.509873139547096,0.29787499227831266,inf,0,0,0,0,-1,inf,0,-1,0,0,6080,151,0,0,1094,4835,1.91662785355989,4.3680535268931,False
following_lateral_offset,P4,9018,40,4.0,0.5,15.067794227969213,-9.122586878361794,0.1272961036587149,0.017018100197351595,982981899.8026485,37.82000000000002,37.81749043861362,2.509873139547096,0.3679297217077317,inf,0,0,0,0,-1,inf,0,-1,0,0,6080,151,0,0,1094,4835,1.91662785355989,4.3680535268931,False
following_lateral_offset,P0,9019,40,4.0,0.5,13.477533505352966,-30.37757016159948,0.1648777686161561,0.04148948204016204,958510517.9598379,38.00000000000002,38.00000000000002,2.4413111231467233,0.25999716058194094,inf,0,0,0,0,-1,inf,0,-1,0,0,6080,0,0,0,1301,4779,1.9201337927204647,4.433619742590105,False
following_lateral_offset,P1,9019,40,4.0,0.5,13.477533505352966,-30.37757016159948,0.1648777686161561,0.04148948204016204,958510517.9598379,38.00000000000002,38.00000000000002,2.4413111231467233,0.25999716058194094,inf,0,0,0,0,-1,inf,0,-1,0,0,6080,0,0,0,1301,4779,1.9201337927204647,4.433619742590105,False
following_lateral_offset,P2,9019,40,4.0,0.5,15.600329627440454,-1.2387633350730312,0.10454320985794611,0.008270331103168441,991729668.8968318,37.79000000000002,37.78703637400479,2.522328108788826,0.2850769294109193,inf,0,0,0,0,-1,inf,0,-1,0,0,6080,191,0,0,1119,4770,1.9201337927204647,4.433619742590105,False
following_lateral_offset,P3,9019,40,4.0,0.5,13.748876303534757,-28.34402591941567,0.15663370610409516,0.03893463301799959,961065366.9820004,37.980000000000025,37.979545888843255,2.4459200606938576,0.2602980678485128,inf,0,0,0,0,-1,inf,0,-1,0,0,6080,27,0,0,1272,4781,1.9201337927204647,4.433619742590105,False
following_lateral_offset,P4,9019,40,4.0,0.5,15.469165372447303,-6.48533353479894,0.10476940364461415,0.012361737957041081,987638262.042959,37.79000000000002,37.78703637400479,2.522328108788826,0.3147027714300181,inf,0,0,0,0,-1,inf,0,-1,0,0,6080,191,0,0,1119,4770,1.9201337927204647,4.433619742590105,False
lane_choice,P0,9000,40,4.0,0.5,-1.4841772517946126,-13.800125353527465,0.7112488585418857,0.27149979741639463,728500202.5836054,12.99999999999999,12.882786325056207,16.782438462261936,inf,1.5013499953110632,0,0,0,0,-1,inf,0,-1,0,0,6080,1879,0,1762,0,2439,2.029125558473347,4.66962881291847,False
lane_choice,P1,9000,40,4.0,0.5,11.415283391778743,7.917465961148334,0.1974985300149305,9.757018575009285e-05,999902429.81425,12.999999999999991,12.91210617836171,16.755131274768452,6.1060366622275195,1.5001885304115121,0,0,0,0,-1,inf,0,-1,0,0,6080,1784,0,1780,0,2516,2.029125558473347,4.66962881291847,False
lane_choice,P2,9000,40,4.0,0.5,12.07815978933448,8.783780876789407,0.14867584991876967,1.6790858746630924e-05,999983209.1412532,12.99999999999999,12.905382024182275,16.74847084715829,6.1060366622275195,1.502980198132632,0,0,0,0,-1,inf,0,-1,0,0,6080,1651,0,1763,0,2666,2.029125558473347,4.66962881291847,False
lane_choice,P3,9000,40,4.0,0.5,12.076728932495755,9.263228055490746,0.13843144961890505,8.189156185971114e-06,999991810.8438139,12.99999999999999,12.911716648644994,16.757163456939804,6.1060366622275195,1.5028868179940864,0,0,0,0,-1,inf,0,-1,0,0,6080,1729,0,1751,0,2600,2.029125558473347,4.66962881291847,False
lane_choice,P4,9000,40,4.0,0.5,12.011930681626641,8.339167020023577,0.15681014940403565,3.197086409443261e-05,999968029.1359055,12.99999999999999,12.903358507552323,16.74847084715829,6.1060366622275195,1.508038196389593,0,0,0,0,-1,inf,0,-1,0,0,6080,1616,0,1788,0,2676,2.029125558473347,4.66962881291847,False
lane_choice,P0,9001,40,4.0,0.5,-1.4841772517946126,-13.800125353527465,0.7112488585418857,0.27149979741639463,728500202.5836054,12.99999999999999,12.882786325056207,16.782438462261936,inf,1.5013499953110632,0,0,0,0,-1,inf,0,-1,0,0,6080,1879,0,1762,0,2439,1.9577667412643556,4.5736679661701585,False
lane_choice,P1,9001,40,4.0,0.5,11.435182525296545,8.012373056845629,0.19517708609454484,8.383575704004449e-05,999916164.24296,12.99999999999999,12.910819574708963,16.753017151880435,6.1060366622275195,1.501167547298801,0,0,0,0,-1,inf,0,-1,0,0,6080,1768,0,1784,0,2528,1.9577667412643556,4.5736679661701585,False
lane_choice,P2,9001,40,4.0,0.5,12.008701804632036,8.229738049872287,0.15881413145339823,3.7394747089857576e-05,999962605.2529103,12.999999999999991,12.904499009576284,16.74847084715829,6.1060366622275195,1.5001177930900464,0,0,0,0,-1,inf,0,-1,0,0,6080,1612,0,1861,0,2607,1.9577667412643556,4.5736679661701585,False
lane_choice,P3,9001,40,4.0,0.5,11.435182525296545,8.012373056845629,0.19517708609454484,8.383575704004449e-05,999916164.24296,12.99999999999999,12.910819574708963,16.753017151880435,6.1060366622275195,1.501167547298801,0,0,0,0,-1,inf,0,-1,0,0,6080,1768,0,1784,0,2528,1.9577667412643556,4.5736679661701585,False
lane_choice,P4,9001,40,4.0,0.5,12.011930681626641,8.339167020023577,0.15681014940403565,3.197086409443261e-05,999968029.1359055,12.99999999999999,12.903358507552323,16.74847084715829,6.1060366622275195,1.508038196389593,0,0,0,0,-1,inf,0,-1,0,0,6080,1616,0,1788,0,2676,1.9577667412643556,4.5736679661701585,False
lane_choice,P0,9002,40,4.0,0.5,-1.4841772517946126,-13.800125353527465,0.7112488585418857,0.27149979741639463,728500202.5836054,12.99999999999999,12.882786325056207,16.782438462261936,inf,1.5013499953110632,0,0,0,0,-1,inf,0,-1,0,0,6080,1879,0,1762,0,2439,1.8498662915709285,4.259405347310816,False
lane_choice,P1,9002,40,4.0,0.5,11.415283391778743,7.917465961148334,0.1974985300149305,9.757018575009285e-05,999902429.81425,12.999999999999991,12.91210617836171,16.755131274768452,6.1060366622275195,1.5001885304115121,0,0,0,0,-1,inf,0,-1,0,0,6080,1784,0,1780,0,2516,1.8498662915709285,4.259405347310816,False
lane_choice,P2,9002,40,4.0,0.5,11.028111337726806,7.23980144955763,0.24191058486635467,0.00019969995777805268,999800300.0422218,12.99999999999999,12.897486192459832,16.743070553705927,6.1060366622275195,1.504848049346676,0,0,0,0,-1,inf,0,-1,0,0,6080,1594,0,1882,0,2604,1.8498662915709285,4.259405347310816,False
lane_choice,P3,9002,40,4.0,0.5,11.957187492873938,8.479828962353654,0.15821367999825334,2.6711618496039258e-05,999973288.381504,12.999999999999991,12.900504861170035,16.746449236149434,6.1060366622275195,1.5099068651872138,0,0,0,0,-1,inf,0,-1,0,0,6080,1576,0,1824,0,2680,1.8498662915709285,4.259405347310816,False
lane_choice,P4,9002,40,4.0,0.5,12.011930681626641,8.339167020023577,0.15681014940403565,3.197086409443261e-05,999968029.1359055,12.99999999999999,12.903358507552323,16.74847084715829,6.1060366622275195,1.508038196389593,0,0,0,0,-1,inf,0,-1,0,0,6080,1616,0,1788,0,2676,1.8498662915709285,4.259405347310816,False
lane_choice,P0,9003,40,4.0,0.5,-1.4841772517946126,-13.800125353527465,0.7112488585418857,0.27149979741639463,728500202.5836054,12.99999999999999,12.882786325056207,16.782438462261936,inf,1.5013499953110632,0,0,0,0,-1,inf,0,-1,0,0,6080,1879,0,1762,0,2439,1.9381424965602363,4.4720647876721955,False
lane_choice,P1,9003,40,4.0,0.5,11.415283391778743,7.917465961148334,0.1974985300149305,9.757018575009285e-05,999902429.81425,12.999999999999991,12.91210617836171,16.755131274768452,6.1060366622275195,1.5001885304115121,0,0,0,0,-1,inf,0,-1,0,0,6080,1784,0,1780,0,2516,1.9381424965602363,4.4720647876721955,False
lane_choice,P2,9003,40,4.0,0.5,10.770105304555937,7.155063173351711,0.2733025459464627,0.0004579120371930109,999542087.962807,12.999999999999988,12.911372753138188,16.753017151880435,6.1060366622275195,1.5017602450667762,0,0,0,0,-1,inf,0,-1,0,0,6080,1835,0,1728,0,2517,1.9381424965602363,4.4720647876721955,False
lane_choice,P3,9003,40,4.0,0.5,11.761369247674176,8.763759785661756,0.16494697501400696,2.2891689134287736e-05,999977108.3108658,12.99999999999999,12.909748525722138,16.7508040885184,6.1060366622275195,1.500368498496405,0,0,0,0,-1,inf,0,-1,0,0,6080,1706,0,1817,0,2557,1.9381424965602363,4.4720647876721955,False
lane_choice,P4,9003,40,4.0,0.5,12.011930681626641,8.339167020023577,0.15681014940403565,3.197086409443261e-05,999968029.1359055,12.99999999999999,12.903358507552323,16.74847084715829,6.1060366622275195,1.508038196389593,0,0,0,0,-1,inf,0,-1,0,0,6080,1616,0,1788,0,2676,1.9381424965602363,4.4720647876721955,False
lane_choice,P0,9004,40,4.0,0.5,-1.4841772517946126,-13.800125353527465,0.7112488585418857,0.27149979741639463,728500202.5836054,12.99999999999999,12.882786325056207,16.782438462261936,inf,1.5013499953110632,0,0,0,0,-1,inf,0,-1,0,0,6080,1879,0,1762,0,2439,1.9527272637700872,4.528901061361135,False
lane_choice,P1,9004,40,4.0,0.5,11.415283391778743,7.917465961148334,0.1974985300149305,9.757018575009285e-05,999902429.81425,12.999999999999991,12.91210617836171,16.755131274768452,6.1060366622275195,1.5001885304115121,0,0,0,0,-1,inf,0,-1,0,0,6080,1784,0,1780,0,2516,1.9527272637700872,4.528901061361135,False
lane_choice,P2,9004,40,4.0,0.5,11.272316043486196,7.844264988462617,0.21469494542599654,0.00012119080085557692,999878809.1991444,12.99999999999999,12.911082833631983,16.753017151880435,6.1060366622275195,1.5010204144252062,0,0,0,0,-1,inf,0,-1,0,0,6080,1786,0,1785,0,2509,1.9527272637700872,4.528901061361135,False
lane_choice,P3,9004,40,4.0,0.5,11.946263706406146,9.238320755861485,0.15402062385469292,1.3564703045248826e-05,999986435.2969548,12.99999999999999,12.906029403435662,16.747476673586238,6.1060366622275195,1.5003194677257392,0,0,0,0,-1,inf,0,-1,0,0,6080,1653,0,1877,0,2550,1.9527272637700872,4.528901061361135,False
lane_choice,P4,9004,40,4.0,0.5,12.011930681626641,8.339167020023577,0.15681014940403565,3.197086409443261e-05,999968029.1359055,12.99999999999999,12.903358507552323,16.74847084715829,6.1060366622275195,1.508038196389593,0,0,0,0,-1,inf,0,-1,0,0,6080,1616,0,1788,0,2676,1.9527272637700872,4.528901061361135,False
lane_choice,P0,9005,40,4.0,0.5,-1.4841772517946126,-13.800125353527465,0.7112488585418857,0.27149979741639463,728500202.5836054,12.99999999999999,12.882786325056207,16.782438462261936,inf,1.5013499953110632,0,0,0,0,-1,inf,0,-1,0,0,6080,1879,0,1762,0,2439,1.758726241371972,4.242788529118885,False
lane_choice,P1,9005,40,4.0,0.5,11.415283391778743,7.917465961148334,0.1974985300149305,9.757018575009285e-05,999902429.81425,12.999999999999991,12.91210617836171,16.755131274768452,6.1060366622275195,1.5001885304115121,0,0,0,0,-1,inf,0,-1,0,0,6080,1784,0,1780,0,2516,1.758726241371972,4.242788529118885,False
lane_choice,P2,9005,40,4.0,0.5,12.008701804632036,8.229738049872287,0.15881413145339823,3.7394747089857576e-05,999962605.2529103,12.999999999999991,12.904499009576284,16.74847084715829,6.1060366622275195,1.5001177930900464,0,0,0,0,-1,inf,0,-1,0,0,6080,1612,0,1861,0,2607,1.758726241371972,4.242788529118885,False
lane_choice,P3,9005,40,4.0,0.5,11.415283391778743,7.917465961148334,0.1974985300149305,9.757018575009285e-05,999902429.81425,12.999999999999991,12.91210617836171,16.755131274768452,6.1060366622275195,1.5001885304115121,0,0,0,0,-1,inf,0,-1,0,0,6080,1784,0,1780,0,2516,1.758726241371972,4.242788529118885,False
lane_choice,P4,9005,40,4.0,0.5,12.011930681626641,8.339167020023577,0.15681014940403565,3.197086409443261e-05,999968029.1359055,12.99999999999999,12.903358507552323,16.74847084715829,6.1060366622275195,1.508038196389593,0,0,0,0,-1,inf,0,-1,0,0,6080,1616,0,1788,0,2676,1.758726241371972,4.242788529118885,False
lane_choice,P0,9006,40,4.0,0.5,-1.4841772517946126,-13.800125353527465,0.7112488585418857,0.27149979741639463,728500202.5836054,12.99999999999999,12.882786325056207,16.782438462261936,inf,1.5013499953110632,0,0,0,0,-1,inf,0,-1,0,0,6080,1879,0,1762,0,2439,1.9412977003763452,4.5573602831183795,False
lane_choice,P1,9006,40,4.0,0.5,11.43164033473314,7.97072833400294,0.19631392238432374,8.974218320885683e-05,999910257.8167912,12.99999999999999,12.911978679206724,16.755131274768452,6.1060366622275195,1.5002839596935633,0,0,0,0,-1,inf,0,-1,0,0,6080,1777,0,1784,0,2519,1.9412977003763452,4.5573602831183795,False
lane_choice,P2,9006,40,4.0,0.5,3.6528413593923803,-9.323983547960253,0.6022828479467119,0.18828540351882672,811714596.4811733,12.999999999999991,12.8907238293399,16.747476673586238,6.1060366622275195,1.5033409140563228,0,0,0,0,-1,inf,0,-1,0,0,6080,2002,0,1697,0,2381,1.9412977003763452,4.5573602831183795,False
lane_choice,P3,9006,40,4.0,0.5,11.745317892373032,8.685339274074892,0.16510820070869775,2.5949230389124718e-05,999974050.769611,12.999999999999996,12.910190221619104,16.75414086214862,6.1060366622275195,1.5000540543503091,0,0,0,0,-1,inf,0,-1,0,0,6080,1704,0,1816,0,2560,1.9412977003763452,4.5573602831183795,False
lane_choice,P4,9006,40,4.0,0.5,12.011930681626641,8.339167020023577,0.15681014940403565,3.197086409443261e-05,999968029.1359055,12.99999999999999,12.903358507552323,16.74847084715829,6.1060366622275195,1.508038196389593,0,0,0,0,-1,inf,0,-1,0,0,6080,1616,0,1788,0,2676,1.9412977003763452,4.5573602831183795,False
lane_choice,P0,9007,40,4.0,0.5,-1.4841772517946126,-13.800125353527465,0.7112488585418857,0.27149979741639463,728500202.5836054,12.99999999999999,12.882786325056207,16.782438462261936,inf,1.5013499953110632,0,0,0,0,-1,inf,0,-1,0,0,6080,1879,0,1762,0,2439,1.919373541678981,4.460609253518941,False
lane_choice,P1,9007,40,4.0,0.5,11.761369247674176,8.763759785661756,0.16494697501400696,2.2891689134287736e-05,999977108.3108658,12.99999999999999,12.909748525722138,16.7508040885184,6.1060366622275195,1.500368498496405,0,0,0,0,-1,inf,0,-1,0,0,6080,1706,0,1817,0,2557,1.919373541678981,4.460609253518941,False
lane_choice,P2,9007,40,4.0,0.5,12.003801535674015,8.30317609867053,0.15770970069748805,3.362030996009834e-05,999966379.6900399,12.999999999999993,12.90378423508218,16.747476673586238,6.1060366622275195,1.5006896560409806,0,0,0,0,-1,inf,0,-1,0,0,6080,1603,0,1869,0,2608,1.919373541678981,4.460609253518941,False
lane_choice,P3,9007,40,4.0,0.5,11.967059743362135,8.4329418123197,0.1586427196786054,2.8490085230152824e-05,999971509.9147699,12.999999999999993,12.90133401449049,16.747476673586238,6.1060366622275195,1.5092503614896562,0,0,0,0,-1,inf,0,-1,0,0,6080,1585,0,1817,0,2678,1.919373541678981,4.460609253518941,False
lane_choice,P4,9007,40,4.0,0.5,12.011930681626641,8.339167020023577,0.15681014940403565,3.197086409443261e-05,999968029.1359055,12.99999999999999,12.903358507552323,16.74847084715829,6.1060366622275195,1.508038196389593,0,0,0,0,-1,inf,0,-1,0,0,6080,1616,0,1788,0,2676,1.919373541678981,4.460609253518941,False
lane_choice,P0,9008,40,4.0,0.5,-1.4841772517946126,-13.800125353527465,0.7112488585418857,0.27149979741639463,728500202.5836054,12.99999999999999,12.882786325056207,16.782438462261936,inf,1.5013499953110632,0,0,0,0,-1,inf,0,-1,0,0,6080,1879,0,1762,0,2439,1.9017855362211904,4.534932778662671,False
lane_choice,P1,9008,40,4.0,0.5,11.415283391778743,7.917465961148334,0.1974985300149305,9.757018575009285e-05,999902429.81425,12.999999999999991,12.91210617836171,16.755131274768452,6.1060366622275195,1.5001885304115121,0,0,0,0,-1,inf,0,-1,0,0,6080,1784,0,1780,0,2516,1.9017855362211904,4.534932778662671,False
lane_choice,P2,9008,40,4.0,0.5,12.003801535674015,8.30317609867053,0.15770970069748805,3.362030996009834e-05,999966379.6900399,12.999999999999993,12.90378423508218,16.747476673586238,6.1060366622275195,1.5006896560409806,0,0,0,0,-1,inf,0,-1,0,0,6080,1603,0,1869,0,2608,1.9017855362211904,4.534932778662671,False
lane_choice,P3,9008,40,4.0,0.5,12.023936119321124,9.136985536205104,0.14269111116874683,1.0637499126205956e-05,999989362.5008739,12.99999999999999,12.911716648644994,16.757163456939804,6.1060366622275195,1.5028868179940864,0,0,0,0,-1,inf,0,-1,0,0,6080,1729,0,1751,0,2600,1.9017855362211904,4.534932778662671,False
lane_choice,P4,9008,40,4.0,0.5,12.011930681626641,8.339167020023577,0.15681014940403565,3.197086409443261e-05,999968029.1359055,12.99999999999999,12.903358507552323,16.74847084715829,6.1060366622275195,1.508038196389593,0,0,0,0,-1,inf,0,-1,0,0,6080,1616,0,1788,0,2676,1.9017855362211904,4.534932778662671,False
lane_choice,P0,9009,40,4.0,0.5,-1.4841772517946126,-13.800125353527465,0.7112488585418857,0.27149979741639463,728500202.5836054,12.99999999999999,12.882786325056207,16.782438462261936,inf,1.5013499953110632,0,0,0,0,-1,inf,0,-1,0,0,6080,1879,0,1762,0,2439,1.7500594111147367,4.220654627067576,False
lane_choice,P1,9009,40,4.0,0.5,11.415283391778743,7.917465961148334,0.1974985300149305,9.757018575009285e-05,999902429.81425,12.999999999999991,12.91210617836171,16.755131274768452,6.1060366622275195,1.5001885304115121,0,0,0,0,-1,inf,0,-1,0,0,6080,1784,0,1780,0,2516,1.7500594111147367,4.220654627067576,False
lane_choice,P2,9009,40,4.0,0.5,11.716477214786526,7.746483206623606,0.18069851313027172,7.952567790053056e-05,999920474.3220994,12.999999999999993,12.901956790544096,16.746449236149434,6.1060366622275195,1.51015467471698,0,0,0,0,-1,inf,0,-1,0,0,6080,1634,0,1817,0,2629,1.7500594111147367,4.220654627067576,False
lane_choice,P3,9009,40,4.0,0.5,11.745317892373032,8.685339274074892,0.16510820070869775,2.5949230389124718e-05,999974050.769611,12.999999999999996,12.910190221619104,16.75414086214862,6.1060366622275195,1.5000540543503091,0,0,0,0,-1,inf,0,-1,0,0,6080,1704,0,1816,0,2560,1.7500594111147367,4.220654627067576,False
lane_choice,P4,9009,40,4.0,0.5,12.011930681626641,8.339167020023577,0.15681014940403565,3.197086409443261e-05,999968029.1359055,12.99999999999999,12.903358507552323,16.74847084715829,6.1060366622275195,1.508038196389593,0,0,0,0,-1,inf,0,-1,0,0,6080,1616,0,1788,0,2676,1.7500594111147367,4.220654627067576,False
lane_choice,P0,9010,40,4.0,0.5,-1.4841772517946126,-13.800125353527465,0.7112488585418857,0.27149979741639463,728500202.5836054,12.99999999999999,12.882786325056207,16.782438462261936,inf,1.5013499953110632,0,0,0,0,-1,inf,0,-1,0,0,6080,1879,0,1762,0,2439,1.7713305110539124,4.268821640627037,False
lane_choice,P1,9010,40,4.0,0.5,11.415283391778743,7.917465961148334,0.1974985300149305,9.757018575009285e-05,999902429.81425,12.999999999999991,12.91210617836171,16.755131274768452,6.1060366622275195,1.5001885304115121,0,0,0,0,-1,inf,0,-1,0,0,6080,1784,0,1780,0,2516,1.7713305110539124,4.268821640627037,False
lane_choice,P2,9010,40,4.0,0.5,12.014251034487225,8.229738049872287,0.1584477921853936,3.731306736108154e-05,999962686.9326389,12.999999999999991,12.904499009576284,16.74847084715829,6.1060366622275195,1.5001177930900464,0,0,0,0,-1,inf,0,-1,0,0,6080,1597,0,1876,0,2607,1.7713305110539124,4.268821640627037,False
lane_choice,P3,9010,40,4.0,0.5,11.415283391778743,7.917465961148334,0.1974985300149305,9.757018575009285e-05,999902429.81425,12.999999999999991,12.91210617836171,16.755131274768452,6.1060366622275195,1.5001885304115121,0,0,0,0,-1,inf,0,-1,0,0,6080,1784,0,1780,0,2516,1.7713305110539124,4.268821640627037,False
lane_choice,P4,9010,40,4.0,0.5,12.011930681626641,8.339167020023577,0.15681014940403565,3.197086409443261e-05,999968029.1359055,12.99999999999999,12.903358507552323,16.74847084715829,6.1060366622275195,1.508038196389593,0,0,0,0,-1,inf,0,-1,0,0,6080,1616,0,1788,0,2676,1.7713305110539124,4.268821640627037,False
lane_choice,P0,9011,40,4.0,0.5,-1.4841772517946126,-13.800125353527465,0.7112488585418857,0.27149979741639463,728500202.5836054,12.99999999999999,12.882786325056207,16.782438462261936,inf,1.5013499953110632,0,0,0,0,-1,inf,0,-1,0,0,6080,1879,0,1762,0,2439,1.7436137995682202,4.189080685436053,False
lane_choice,P1,9011,40,4.0,0.5,11.415283391778743,7.917465961148334,0.1974985300149305,9.757018575009285e-05,999902429.81425,12.999999999999991,12.91210617836171,16.755131274768452,6.1060366622275195,1.5001885304115121,0,0,0,0,-1,inf,0,-1,0,0,6080,1784,0,1780,0,2516,1.7436137995682202,4.189080685436053,False
lane_choice,P2,9011,40,4.0,0.5,12.011930681626641,8.339167020023577,0.15681014940403565,3.197086409443261e-05,999968029.1359055,12.99999999999999,12.903358507552323,16.74847084715829,6.1060366622275195,1.508038196389593,0,0,0,0,-1,inf,0,-1,0,0,6080,1616,0,1788,0,2676,1.7436137995682202,4.189080685436053,False
lane_choice,P3,9011,40,4.0,0.5,11.745317892373032,8.685339274074892,0.16510820070869775,2.5949230389124718e-05,999974050.769611,12.999999999999996,12.910190221619104,16.75414086214862,6.1060366622275195,1.5000540543503091,0,0,0,0,-1,inf,0,-1,0,0,6080,1704,0,1816,0,2560,1.7436137995682202,4.189080685436053,False
lane_choice,P4,9011,40,4.0,0.5,12.011930681626641,8.339167020023577,0.15681014940403565,3.197086409443261e-05,999968029.1359055,12.99999999999999,12.903358507552323,16.74847084715829,6.1060366622275195,1.508038196389593,0,0,0,0,-1,inf,0,-1,0,0,6080,1616,0,1788,0,2676,1.7436137995682202,4.189080685436053,False
lane_choice,P0,9012,40,4.0,0.5,-1.4841772517946126,-13.800125353527465,0.7112488585418857,0.27149979741639463,728500202.5836054,12.99999999999999,12.882786325056207,16.782438462261936,inf,1.5013499953110632,0,0,0,0,-1,inf,0,-1,0,0,6080,1879,0,1762,0,2439,1.9271662141782415,4.464680301858925,False
lane_choice,P1,9012,40,4.0,0.5,11.415283391778743,7.917465961148334,0.1974985300149305,9.757018575009285e-05,999902429.81425,12.999999999999991,12.91210617836171,16.755131274768452,6.1060366622275195,1.5001885304115121,0,0,0,0,-1,inf,0,-1,0,0,6080,1784,0,1780,0,2516,1.9271662141782415,4.464680301858925,False
lane_choice,P2,9012,40,4.0,0.5,12.003801535674015,8.30317609867053,0.15770970069748805,3.362030996009834e-05,999966379.6900399,12.999999999999993,12.90378423508218,16.747476673586238,6.1060366622275195,1.5006896560409806,0,0,0,0,-1,inf,0,-1,0,0,6080,1603,0,1869,0,2608,1.9271662141782415,4.464680301858925,False
lane_choice,P3,9012,40,4.0,0.5,12.09113893437139,9.006803560801242,0.14705775191847859,1.3226576274694849e-05,999986773.4237254,12.999999999999991,12.902048996397474,16.74847084715829,6.1060366622275195,1.502900537386866,0,0,0,0,-1,inf,0,-1,0,0,6080,1599,0,1824,0,2657,1.9271662141782415,4.464680301858925,False
lane_choice,P4,9012,40,4.0,0.5,12.011930681626641,8.339167020023577,0.15681014940403565,3.197086409443261e-05,999968029.1359055,12.99999999999999,12.903358507552323,16.74847084715829,6.1060366622275195,1.508038196389593,0,0,0,0,-1,inf,0,-1,0,0,6080,1616,0,1788,0,2676,1.9271662141782415,4.464680301858925,False
lane_choice,P0,9013,40,4.0,0.5,-1.4841772517946126,-13.800125353527465,0.7112488585418857,0.27149979741639463,728500202.5836054,12.99999999999999,12.882786325056207,16.782438462261936,inf,1.5013499953110632,0,0,0,0,-1,inf,0,-1,0,0,6080,1879,0,1762,0,2439,2.0373201874958418,4.768205476191905,False
lane_choice,P1,9013,40,4.0,0.5,11.745317892373032,8.685339274074892,0.16510820070869775,2.5949230389124718e-05,999974050.769611,12.999999999999996,12.910190221619104,16.75414086214862,6.1060366622275195,1.5000540543503091,0,0,0,0,-1,inf,0,-1,0,0,6080,1704,0,1816,0,2560,2.0373201874958418,4.768205476191905,False
lane_choice,P2,9013,40,4.0,0.5,12.004846002929833,8.39448333904421,0.15610001630200873,2.9520593791208435e-05,999970479.4062088,12.999999999999993,12.902589135019047,16.747476673586238,6.1060366622275195,1.5086487573915592,0,0,0,0,-1,inf,0,-1,0,0,6080,1608,0,1796,0,2676,2.0373201874958418,4.768205476191905,False
lane_choice,P3,9013,40,4.0,0.5,12.148535119881036,9.396533745662039,0.13270908330728692,6.12299878901973e-06,999993877.0012109,12.999999999999988,12.909309920487678,16.75414086214862,6.1060366622275195,1.5000811382163608,0,0,0,0,-1,inf,0,-1,0,0,6080,1697,0,1792,0,2591,2.0373201874958418,4.768205476191905,False
lane_choice,P4,9013,40,4.0,0.5,12.011930681626641,8.339167020023577,0.15681014940403565,3.197086409443261e-05,999968029.1359055,12.99999999999999,12.903358507552323,16.74847084715829,6.1060366622275195,1.508038196389593,0,0,0,0,-1,inf,0,-1,0,0,6080,1616,0,1788,0,2676,2.0373201874958418,4.768205476191905,False
lane_choice,P0,9014,40,4.0,0.5,-1.4841772517946126,-13.800125353527465,0.7112488585418857,0.27149979741639463,728500202.5836054,12.99999999999999,12.882786325056207,16.782438462261936,inf,1.5013499953110632,0,0,0,0,-1,inf,0,-1,0,0,6080,1879,0,1762,0,2439,1.7642691193038558,4.258177711704969,False
lane_choice,P1,9014,40,4.0,0.5,11.43164033473314,7.97072833400294,0.19631392238432374,8.974218320885683e-05,999910257.8167912,12.99999999999999,12.911978679206724,16.755131274768452,6.1060366622275195,1.5002839596935633,0,0,0,0,-1,inf,0,-1,0,0,6080,1777,0,1784,0,2519,1.7642691193038558,4.258177711704969,False
lane_choice,P2,9014,40,4.0,0.5,11.01269869819661,6.852514500971516,0.2512075756008333,0.00031252468418453667,999687475.3158153,12.99999999999999,12.902811185911144,16.74847084715829,6.1060366622275195,1.508949992395216,0,0,0,0,-1,inf,0,-1,0,0,6080,1698,0,1785,0,2597,1.7642691193038558,4.258177711704969,False
lane_choice,P3,9014,40,4.0,0.5,11.415283391778743,7.917465961148334,0.1974985300149305,9.757018575009285e-05,999902429.81425,12.999999999999991,12.91210617836171,16.755131274768452,6.1060366622275195,1.5001885304115121,0,0,0,0,-1,inf,0,-1,0,0,6080,1784,0,1780,0,2516,1.7642691193038558,4.258177711704969,False
lane_choice,P4,9014,40,4.0,0.5,12.011930681626641,8.339167020023577,0.15681014940403565,3.197086409443261e-05,999968029.1359055,12.99999999999999,12.903358507552323,16.74847084715829,6.1060366622275195,1.508038196389593,0,0,0,0,-1,inf,0,-1,0,0,6080,1616,0,1788,0,2676,1.7642691193038558,4.258177711704969,False
lane_choice,P0,9015,40,4.0,0.5,-1.4841772517946126,-13.800125353527465,0.7112488585418857,0.27149979741639463,728500202.5836054,12.99999999999999,12.882786325056207,16.782438462261936,inf,1.5013499953110632,0,0,0,0,-1,inf,0,-1,0,0,6080,1879,0,1762,0,2439,1.9980412422365326,4.660037518418148,False
lane_choice,P1,9015,40,4.0,0.5,11.415283391778743,7.917465961148334,0.1974985300149305,9.757018575009285e-05,999902429.81425,12.999999999999991,12.91210617836171,16.755131274768452,6.1060366622275195,1.5001885304115121,0,0,0,0,-1,inf,0,-1,0,0,6080,1784,0,1780,0,2516,1.9980412422365326,4.660037518418148,False
lane_choice,P2,9015,40,4.0,0.5,11.507890071768447,7.586935738170933,0.193672601716863,0.00011453171076863226,999885468.2892313,12.999999999999995,12.911064964602275,16.757163456939804,6.1060366622275195,1.509690408012185,0,0,0,0,-1,inf,0,-1,0,0,6080,1763,0,1741,0,2576,1.9980412422365326,4.660037518418148,False
lane_choice,P3,9015,40,4.0,0.5,11.774323011411733,8.879290723098984,0.16411768005911043,1.9645857822031818e-05,999980354.1421779,12.999999999999986,12.907490514004136,16.74981122510734,6.1060366622275195,1.5021093107878127,0,0,0,0,-1,inf,0,-1,0,0,6080,1685,0,1833,0,2562,1.9980412422365326,4.660037518418148,False
lane_choice,P4,9015,40,4.0,0.5,12.011930681626641,8.339167020023577,0.15681014940403565,3.197086409443261e-05,999968029.1359055,12.99999999999999,12.903358507552323,16.74847084715829,6.1060366622275195,1.508038196389593,0,0,0,0,-1,inf,0,-1,0,0,6080,1616,0,1788,0,2676,1.9980412422365326,4.660037518418148,False
lane_choice,P0,9016,40,4.0,0.5,-1.4841772517946126,-13.800125353527465,0.7112488585418857,0.27149979741639463,728500202.5836054,12.99999999999999,12.882786325056207,16.782438462261936,inf,1.5013499953110632,0,0,0,0,-1,inf,0,-1,0,0,6080,1879,0,1762,0,2439,1.9299018766507394,4.486875731446117,False
lane_choice,P1,9016,40,4.0,0.5,11.435182525296545,8.012373056845629,0.19517708609454484,8.383575704004449e-05,999916164.24296,12.99999999999999,12.910819574708963,16.753017151880435,6.1060366622275195,1.501167547298801,0,0,0,0,-1,inf,0,-1,0,0,6080,1768,0,1784,0,2528,1.9299018766507394,4.486875731446117,False
lane_choice,P2,9016,40,4.0,0.5,10.377378381691624,6.359241483953542,0.32074078480850243,0.0010118365022896841,998988163.4977102,12.999999999999993,12.908228620119699,16.74847084715829,6.1060366622275195,1.5054522843923368,0,0,0,0,-1,inf,0,-1,0,0,6080,1834,0,1711,0,2535,1.9299018766507394,4.486875731446117,False
lane_choice,P3,9016,40,4.0,0.5,12.217394029583092,9.563958712468255,0.13327248817366621,5.690294279877467e-06,999994309.7057202,12.999999999999991,12.906959667058455,16.7508040885184,6.1060366622275195,1.5003354388882966,0,0,0,0,-1,inf,0,-1,0,0,6080,1668,0,1821,0,2591,1.9299018766507394,4.486875731446117,False
lane_choice,P4,9016,40,4.0,0.5,12.011930681626641,8.339167020023577,0.15681014940403565,3.197086409443261e-05,999968029.1359055,12.99999999999999,12.903358507552323,16.74847084715829,6.1060366622275195,1.508038196389593,0,0,0,0,-1,inf,0,-1,0,0,6080,1616,0,1788,0,2676,1.9299018766507394,4.486875731446117,False
lane_choice,P0,9017,40,4.0,0.5,-1.4841772517946126,-13.800125353527465,0.7112488585418857,0.27149979741639463,728500202.5836054,12.99999999999999,12.882786325056207,16.782438462261936,inf,1.5013499953110632,0,0,0,0,-1,inf,0,-1,0,0,6080,1879,0,1762,0,2439,1.8993400315457243,4.5334260532590545,False
lane_choice,P1,9017,40,4.0,0.5,11.415283391778743,7.917465961148334,0.1974985300149305,9.757018575009285e-05,999902429.81425,12.999999999999991,12.91210617836171,16.755131274768452,6.1060366622275195,1.5001885304115121,0,0,0,0,-1,inf,0,-1,0,0,6080,1784,0,1780,0,2516,1.8993400315457243,4.5334260532590545,False
lane_choice,P2,9017,40,4.0,0.5,11.710265089585121,7.57851716733349,0.18461764915124,9.98620855735829e-05,999900137.9144264,12.999999999999995,12.903315582714269,16.74847084715829,6.1060366622275195,1.5090698357111858,0,0,0,0,-1,inf,0,-1,0,0,6080,1649,0,1801,0,2630,1.8993400315457243,4.5334260532590545,False
lane_choice,P3,9017,40,4.0,0.5,12.06103769144737,8.820796964255665,0.149943528783212,1.6485141721720045e-05,999983514.8582783,12.999999999999988,12.905142032963575,16.74847084715829,6.1060366622275195,1.5011711343190912,0,0,0,0,-1,inf,0,-1,0,0,6080,1641,0,1855,0,2584,1.8993400315457243,4.5334260532590545,False
lane_choice,P4,9017,40,4.0,0.5,12.011930681626641,8.339167020023577,0.15681014940403565,3.197086409443261e-05,999968029.1359055,12.99999999999999,12.903358507552323,16.74847084715829,6.1060366622275195,1.508038196389593,0,0,0,0,-1,inf,0,-1,0,0,6080,1616,0,1788,0,2676,1.8993400315457243,4.5334260532590545,False
lane_choice,P0,9018,40,4.0,0.5,-1.4841772517946126,-13.800125353527465,0.7112488585418857,0.27149979741639463,728500202.5836054,12.99999999999999,12.882786325056207,16.782438462261936,inf,1.5013499953110632,0,0,0,0,-1,inf,0,-1,0,0,6080,1879,0,1762,0,2439,1.9219556957696475,4.52666371183305,False
lane_choice,P1,9018,40,4.0,0.5,11.435182525296545,8.012373056845629,0.19517708609454484,8.383575704004449e-05,999916164.24296,12.99999999999999,12.910819574708963,16.753017151880435,6.1060366622275195,1.501167547298801,0,0,0,0,-1,inf,0,-1,0,0,6080,1768,0,1784,0,2528,1.9219556957696475,4.52666371183305,False
lane_choice,P2,9018,40,4.0,0.5,11.781337647654865,8.844884109477269,0.16482138816439776,2.1245657122117595e-05,999978754.342878,12.999999999999993,12.909531264591376,16.7508040885184,6.1060366622275195,1.5005320806178246,0,0,0,0,-1,inf,0,-1,0,0,6080,1709,0,1822,0,2549,1.9219556957696475,4.52666371183305,False
lane_choice,P3,9018,40,4.0,0.5,11.435182525296545,8.012373056845629,0.19517708609454484,8.383575704004449e-05,999916164.24296,12.99999999999999,12.910819574708963,16.753017151880435,6.1060366622275195,1.501167547298801,0,0,0,0,-1,inf,0,-1,0,0,6080,1768,0,1784,0,2528,1.9219556957696475,4.52666371183305,False
lane_choice,P4,9018,40,4.0,0.5,12.011930681626641,8.339167020023577,0.15681014940403565,3.197086409443261e-05,999968029.1359055,12.99999999999999,12.903358507552323,16.74847084715829,6.1060366622275195,1.508038196389593,0,0,0,0,-1,inf,0,-1,0,0,6080,1616,0,1788,0,2676,1.9219556957696475,4.52666371183305,False
lane_choice,P0,9019,40,4.0,0.5,-1.4841772517946126,-13.800125353527465,0.7112488585418857,0.27149979741639463,728500202.5836054,12.99999999999999,12.882786325056207,16.782438462261936,inf,1.5013499953110632,0,0,0,0,-1,inf,0,-1,0,0,6080,1879,0,1762,0,2439,1.9161500471131703,4.4972553711419705,False
lane_choice,P1,9019,40,4.0,0.5,11.43164033473314,7.97072833400294,0.19631392238432374,8.974218320885683e-05,999910257.8167912,12.99999999999999,12.911978679206724,16.755131274768452,6.1060366622275195,1.5002839596935633,0,0,0,0,-1,inf,0,-1,0,0,6080,1777,0,1784,0,2519,1.9161500471131703,4.4972553711419705,False
lane_choice,P2,9019,40,4.0,0.5,6.22114497142759,-1.1398083544380668,0.5961647634082897,0.09343108099395504,906568919.006045,12.999999999999991,12.89533766925217,16.74847084715829,6.1060366622275195,1.5013019280306392,0,0,0,0,-1,inf,0,-1,0,0,6080,1996,0,1651,0,2433,1.9161500471131703,4.4972553711419705,False
lane_choice,P3,9019,40,4.0,0.5,4.6257594699021665,-4.70667090739293,0.6005005259340285,0.15813931424911634,841860685.7508837,12.999999999999991,12.894723046559127,16.74847084715829,6.1060366622275195,1.5013550789311432,0,0,0,0,-1,inf,0,-1,0,0,6080,2014,0,1684,0,2382,1.9161500471131703,4.4972553711419705,False
lane_choice,P4,9019,40,4.0,0.5,12.011930681626641,8.339167020023577,0.15681014940403565,3.197086409443261e-05,999968029.1359055,12.99999999999999,12.903358507552323,16.74847084715829,6.1060366622275195,1.508038196389593,0,0,0,0,-1,inf,0,-1,0,0,6080,1616,0,1788,0,2676,1.9161500471131703,4.4972553711419705,False
overtake,P0,9000,50,5.0,0.5,22.046682538738363,17.202168997219456,0.0027962152070115293,2.198531920033225e-25,1000000000.0,46.458666666666595,46.458666666666595,2.5499511372282906,0.31988368815280155,inf,0,0,0,0,-1,inf,0,-1,0,0,7600,0,0,0,1452,6148,1.8026145351021226,4.0529100391618895,False
overtake,P1,9000,50,5.0,0.5,23.371080576393737,17.202168997219456,0.002387369904831108,2.1851098415832407e-25,1000000000.0,47.119999999999976,47.119999999999976,1.8916330751867465,0.0,inf,0,0,1,2,49,4.9,0,-1,0,0,7600,0,0,0,1964,5636,1.8026145351021226,4.0529100391618895,False
overtake,P2,9000,50,5.0,0.5,22.042816392052227,17.202168997219456,0.002794436961938647,2.198531920033225e-25,1000000000.0,46.46399999999992,46.46399999999992,2.544635866119312,0.303888426783617,inf,0,0,0,0,-1,inf,0,-1,0,0,7600,0,0,0,1451,6149,1.8026145351021226,4.0529100391618895,False
overtake,P3,9000,50,5.0,0.5,22.044659762644923,17.202168997219456,0.002796739002678901,2.198531920033225e-25,1000000000.0,46.47199999999992,46.47199999999992,2.5366631016240144,0.32469829410271617,inf,0,0,0,0,-1,inf,0,-1,0,0,7600,0,0,0,1451,6149,1.8026145351021226,4.0529100391618895,False
overtake,P4,9000,50,5.0,0.5,22.044659762644923,17.202168997219456,0.002796739002678901,2.198531920033225e-25,1000000000.0,46.47199999999992,46.47199999999992,2.5366631016240144,0.32469829410271617,inf,0,0,0,0,-1,inf,0,-1,0,0,7600,0,0,0,1451,6149,1.8026145351021226,4.0529100391618895,False
overtake,P0,9001,50,5.0,0.5,22.069682062929054,17.202168997219456,0.002795080208570748,2.198531920033225e-25,1000000000.0,46.42199999999993,46.42199999999993,2.586495639111097,0.4288828894736672,inf,0,0,0,0,-1,inf,0,-1,0,0,7600,0,0,0,1454,6146,1.6787658847738165,3.8153876236167967,False
overtake,P1,9001,50,5.0,0.5,23.44525151551025,17.202168997219456,0.0023812570551462143,2.1851098415832407e-25,1000000000.0,46.965,46.965,2.045751864508588,0.10454356411459498,inf,0,0,0,0,-1,inf,0,-1,0,0,7600,0,0,0,2055,5545,1.6787658847738165,3.8153876236167967,False
overtake,P2,9001,50,5.0,0.5,22.08817779716362,17.202168997219456,0.002793719949934097,2.198531920033225e-25,1000000000.0,46.44366666666658,46.44366666666658,2.5649007392591106,0.44438577144427305,inf,0,0,0,0,-1,inf,0,-1,0,0,7600,0,0,0,1468,6132,1.6787658847738165,3.8153876236167967,False
overtake,P3,9001,50,5.0,0.5,22.069682062929054,17.202168997219456,0.002795080208570748,2.198531920033225e-25,1000000000.0,46.42199999999993,46.42199999999993,2.586495639111097,0.4288828894736672,inf,0,0,0,0,-1,inf,0,-1,0,0,7600,0,0,0,1454,6146,1.6787658847738165,3.8153876236167967,False
overtake,P4,9001,50,5.0,0.5,22.053301656412295,17.202168997219456,0.0027954594606628036,2.198531920033225e-25,1000000000.0,46.37199999999991,46.37199999999991,2.636334518064971,0.47686505090338066,inf,0,0,0,0,-1,inf,0,-1,0,0,7600,0,0,0,1446,6154,1.6787658847738165,3.8153876236167967,False
overtake,P0,9002,50,5.0,0.5,22.003659842643746,17.202168997219456,0.0027981582304244567,2.198531920033225e-25,1000000000.0,46.35199999999993,46.35199999999993,2.6562717653020242,0.5953716730929939,inf,0,0,0,0,-1,inf,0,-1,0,0,7600,0,0,0,1414,6186,1.6481510573939013,3.7795771014469737,False
overtake,P1,9002,50,5.0,0.5,23.19966420564302,17.202168997219456,0.0023922211861619217,2.1851098415832407e-25,1000000000.0,46.889999999999965,46.889999999999965,2.120371592702686,0.33782722255604575,inf,0,0,0,0,-1,inf,0,-1,0,0,7600,0,0,0,2069,5531,1.6481510573939013,3.7795771014469737,False
overtake,P2,9002,50,5.0,0.5,21.999266151218904,17.202168997219456,0.002798815002024197,2.198531920033225e-25,1000000000.0,46.35299999999993,46.35299999999993,2.6552748805238124,0.5909396258987576,inf,0,0,0,0,-1,inf,0,-1,0,0,7600,0,0,0,1412,6188,1.6481510573939013,3.7795771014469737,False
overtake,P3,9002,50,5.0,0.5,21.990664070641472,17.202168997219456,0.0027992206466829943,2.198531920033225e-25,1000000000.0,46.33199999999992,46.33199999999992,2.6762099490026547,0.6103716730930014,inf,0,0,0,0,-1,inf,0,-1,0,0,7600,0,0,0,1404,6196,1.6481510573939013,3.7795771014469737,False
overtake,P4,9002,50,5.0,0.5,21.990664070641472,17.202168997219456,0.0027992206466829943,2.198531920033225e-25,1000000000.0,46.33199999999992,46.33199999999992,2.6762099490026547,0.6103716730930014,inf,0,0,0,0,-1,inf,0,-1,0,0,7600,0,0,0,1404,6196,1.6481510573939013,3.7795771014469737,False
overtake,P0,9003,50,5.0,0.5,22.012584143939435,17.202168997219456,0.002796070117686771,2.198531920033225e-25,1000000000.0,46.2859999999999,46.2859999999999,2.7220712134587717,0.5253617160945915,inf,0,0,0,0,-1,inf,0,-1,0,0,7600,0,0,0,1354,6246,1.7406826412036944,3.951445728676361,False
overtake,P1,9003,50,5.0,0.5,23.298045831081254,17.202168997219456,0.0023871310609829767,2.1851098415832407e-25,1000000000.0,46.83333333333333,46.83333333333333,2.1767682778800417,0.2664987523156463,inf,0,0,0,0,-1,inf,0,-1,0,0,7600,0,0,0,2014,5586,1.7406826412036944,3.951445728676361,False
overtake,P2,9003,50,5.0,0.5,22.090543873863698,17.202168997219456,0.002771854209380358,2.198254193701115e-25,1000000000.0,46.371999999999915,46.371999999999915,2.636334518064964,0.46529065646397233,inf,0,0,0,0,-1,inf,0,-1,0,0,7600,0,0,0,1415,6185,1.7406826412036944,3.951445728676361,False
overtake,P3,9003,50,5.0,0.5,22.012584143939435,17.202168997219456,0.002796070117686771,2.198531920033225e-25,1000000000.0,46.2859999999999,46.2859999999999,2.7220712134587717,0.5253617160945915,inf,0,0,0,0,-1,inf,0,-1,0,0,7600,0,0,0,1354,6246,1.7406826412036944,3.951445728676361,False
overtake,P4,9003,50,5.0,0.5,22.012584143939435,17.202168997219456,0.002796070117686771,2.198531920033225e-25,1000000000.0,46.2859999999999,46.2859999999999,2.7220712134587717,0.5253617160945915,inf,0,0,0,0,-1,inf,0,-1,0,0,7600,0,0,0,1354,6246,1.7406826412036944,3.951445728676361,False
overtake,P0,9004,50,5.0,0.5,22.06101894978482,17.202168997219456,0.002796485977433056,2.198531920033225e-25,1000000000.0,46.57899999999992,46.57899999999992,2.4300445862454363,0.2979304608348343,inf,0,0,0,0,-1,inf,0,-1,0,0,7600,0,0,0,1466,6134,1.725855587385584,3.9416641517277653,False
overtake,P1,9004,50,5.0,0.5,23.386631745810536,17.202168997219456,0.002385797041029863,2.1851098415832407e-25,1000000000.0,47.11999999999999,47.11999999999999,1.8916330751867323,0.0,inf,0,0,1,2,49,4.9,0,-1,0,0,7600,0,0,0,2187,5413,1.725855587385584,3.9416641517277653,False
overtake,P2,9004,50,5.0,0.5,22.225296550263703,17.202168997219456,0.0027301972386887486,2.197319403053107e-25,1000000000.0,46.651999999999916,46.651999999999916,2.357324689375813,0.2754469321308291,inf,0,0,0,0,-1,inf,0,-1,0,0,7600,0,0,0,1562,6038,1.725855587385584,3.9416641517277653,False
overtake,P3,9004,50,5.0,0.5,22.06404778289215,17.202168997219456,0.0027961447631859922,2.198531920033225e-25,1000000000.0,46.57933333333325,46.57933333333325,2.4297124937432164,0.299075636173565,inf,0,0,0,0,-1,inf,0,-1,0,0,7600,0,0,0,1470,6130,1.725855587385584,3.9416641517277653,False
overtake,P4,9004,50,5.0,0.5,22.06101894978482,17.202168997219456,0.002796485977433056,2.198531920033225e-25,1000000000.0,46.57899999999992,46.57899999999992,2.4300445862454363,0.2979304608348343,inf,0,0,0,0,-1,inf,0,-1,0,0,7600,0,0,0,1466,6134,1.725855587385584,3.9416641517277653,False
overtake,P0,9005,50,5.0,0.5,21.975614948553513,17.202168997219456,0.0027976334152701125,2.198531920033225e-25,1000000000.0,46.18499999999992,46.18499999999992,2.8227824377980046,0.7276899313608648,inf,0,0,0,0,-1,inf,0,-1,0,0,7600,0,0,0,1444,6156,1.5318607094345342,3.558985847465987,False
overtake,P1,9005,50,5.0,0.5,23.20844750791053,17.202168997219456,0.0023877011865684685,2.1851098415832407e-25,1000000000.0,46.65999999999998,46.65999999999998,2.3493564419092436,0.5518025400640363,inf,0,0,0,0,-1,inf,0,-1,0,0,7600,0,0,0,1996,5604,1.5318607094345342,3.558985847465987,False
overtake,P2,9005,50,5.0,0.5,21.975614948553513,17.202168997219456,0.0027976334152701125,2.198531920033225e-25,1000000000.0,46.18499999999992,46.18499999999992,2.8227824377980046,0.7276899313608648,inf,0,0,0,0,-1,inf,0,-1,0,0,7600,0,0,0,1444,6156,1.5318607094345342,3.558985847465987,False
overtake,P3,9005,50,5.0,0.5,21.975614948553513,17.202168997219456,0.0027976334152701125,2.198531920033225e-25,1000000000.0,46.18499999999992,46.18499999999992,2.8227824377980046,0.7276899313608648,inf,0,0,0,0,-1,inf,0,-1,0,0,7600,0,0,0,1444,6156,1.5318607094345342,3.558985847465987,False
overtake,P4,9005,50,5.0,0.5,21.975614948553513,17.202168997219456,0.0027976334152701125,2.198531920033225e-25,1000000000.0,46.18499999999992,46.18499999999992,2.8227824377980046,0.7276899313608648,inf,0,0,0,0,-1,inf,0,-1,0,0,7600,0,0,0,1444,6156,1.5318607094345342,3.558985847465987,False
overtake,P0,9006,50,5.0,0.5,21.9569196925077,17.202168997219456,0.002796103808533163,2.198531920033225e-25,1000000000.0,45.97399999999989,45.97399999999989,3.0332411198487077,0.8385438017875136,inf,0,0,0,0,-1,inf,0,-1,0,0,7600,0,0,0,1289,6311,1.6017793428370208,3.6880865781645213,False
overtake,P1,9006,50,5.0,0.5,23.357203021953787,17.202168997219456,0.002383848302167882,2.1851098415832407e-25,1000000000.0,46.734999999999964,46.73449262644752,2.276958100056899,0.5233026494451664,inf,0,0,0,0,-1,inf,0,-1,0,0,7600,23,0,0,1891,5686,1.6017793428370208,3.6880865781645213,False
overtake,P2,9006,50,5.0,0.5,21.96401289280127,17.202168997219456,0.0027958230201195343,2.198531920033225e-25,1000000000.0,45.992999999999924,45.992999999999924,3.014286763256083,0.8165768728961411,inf,0,0,0,0,-1,inf,0,-1,0,0,7600,0,0,0,1298,6302,1.6017793428370208,3.6880865781645213,False
overtake,P3,9006,50,5.0,0.5,21.960503502314477,17.202168997219456,0.0027960937470557497,2.198531920033225e-25,1000000000.0,45.99633333333325,45.99633333333325,3.0109614968619804,0.8031655685043797,inf,0,0,0,0,-1,inf,0,-1,0,0,7600,0,0,0,1283,6317,1.6017793428370208,3.6880865781645213,False
overtake,P4,9006,50,5.0,0.5,21.9569196925077,17.202168997219456,0.002796103808533163,2.198531920033225e-25,1000000000.0,45.97399999999989,45.97399999999989,3.0332411198487077,0.8385438017875136,inf,0,0,0,0,-1,inf,0,-1,0,0,7600,0,0,0,1289,6311,1.6017793428370208,3.6880865781645213,False
overtake,P0,9007,50,5.0,0.5,21.96915900413163,17.202168997219456,0.0027959215478499527,2.198531920033225e-25,1000000000.0,46.26133333333324,46.26133333333324,2.746665396849787,0.49327865486423267,inf,0,0,0,0,-1,inf,0,-1,0,0,7600,0,0,0,1416,6184,1.6729096877533374,3.855863466851665,False
overtake,P1,9007,50,5.0,0.5,23.25353229456572,17.202168997219456,0.002386464961463205,2.1851098415832407e-25,1000000000.0,46.74599999999999,46.74599999999999,2.2637119275960074,0.2819140087345085,inf,0,0,0,0,-1,inf,0,-1,0,0,7600,0,0,0,1893,5707,1.6729096877533374,3.855863466851665,False
overtake,P2,9007,50,5.0,0.5,21.96915900413163,17.202168997219456,0.0027959215478499527,2.198531920033225e-25,1000000000.0,46.26133333333324,46.26133333333324,2.746665396849787,0.49327865486423267,inf,0,0,0,0,-1,inf,0,-1,0,0,7600,0,0,0,1416,6184,1.6729096877533374,3.855863466851665,False
overtake,P3,9007,50,5.0,0.5,21.96915900413163,17.202168997219456,0.0027959215478499527,2.198531920033225e-25,1000000000.0,46.26133333333324,46.26133333333324,2.746665396849787,0.49327865486423267,inf,0,0,0,0,-1,inf,0,-1,0,0,7600,0,0,0,1416,6184,1.6729096877533374,3.855863466851665,False
overtake,P4,9007,50,5.0,0.5,21.958682446805323,17.202168997219456,0.0027962459186352683,2.198531920033225e-25,1000000000.0,46.23133333333325,46.23133333333325,2.7765789746110174,0.5125856852767682,inf,0,0,0,0,-1,inf,0,-1,0,0,7600,0,0,0,1406,6194,1.6729096877533374,3.855863466851665,False
overtake,P0,9008,50,5.0,0.5,21.959483928483227,17.202168997219456,0.0027977775948262833,2.198531920033225e-25,1000000000.0,46.17333333333326,46.17333333333326,2.8344170715660795,0.628249376157884,inf,0,0,0,0,-1,inf,0,-1,0,0,7600,0,0,0,1330,6270,1.6221160007640243,3.758897473583504,False
overtake,P1,9008,50,5.0,0.5,23.373795141464115,17.202168997219456,0.0023885178047773252,2.1851098415832407e-25,1000000000.0,46.98333333333331,46.98333333333331,2.0275157547069527,0.08299750463133684,inf,0,0,0,0,-1,inf,0,-1,0,0,7600,0,0,0,1930,5670,1.6221160007640243,3.758897473583504,False
overtake,P2,9008,50,5.0,0.5,21.986068791301513,17.202168997219456,0.002796681823265063,2.198531920033225e-25,1000000000.0,46.24733333333325,46.24733333333325,2.7606248330620016,0.5547209454313696,inf,0,0,0,0,-1,inf,0,-1,0,0,7600,0,0,0,1368,6232,1.6221160007640243,3.758897473583504,False
overtake,P3,9008,50,5.0,0.5,21.959483928483227,17.202168997219456,0.0027977775948262833,2.198531920033225e-25,1000000000.0,46.17333333333326,46.17333333333326,2.8344170715660795,0.628249376157884,inf,0,0,0,0,-1,inf,0,-1,0,0,7600,0,0,0,1330,6270,1.6221160007640243,3.758897473583504,False
overtake,P4,9008,50,5.0,0.5,21.959483928483227,17.202168997219456,0.0027977775948262833,2.198531920033225e-25,1000000000.0,46.17333333333326,46.17333333333326,2.8344170715660795,0.628249376157884,inf,0,0,0,0,-1,inf,0,-1,0,0,7600,0,0,0,1330,6270,1.6221160007640243,3.758897473583504,False
overtake,P0,9009,50,5.0,0.5,21.898470649649525,17.202168997219456,0.0028000235001788736,2.198531920033225e-25,1000000000.0,45.98899999999991,45.98899999999991,3.0182771064203013,0.7048270125589867,inf,0,0,0,0,-1,inf,0,-1,0,0,7600,0,0,0,1360,6240,1.4965532936838892,3.531104416482918,False
overtake,P1,9009,50,5.0,0.5,23.15860754728043,17.202168997219456,0.002390500541777291,2.1851098415832407e-25,1000000000.0,46.699999999999996,46.699999999999996,2.309518497683099,0.42327127323164193,inf,0,0,0,0,-1,inf,0,-1,0,0,7600,0,0,0,1982,5618,1.4965532936838892,3.531104416482918,False
overtake,P2,9009,50,5.0,0.5,21.974356802869412,17.202168997219456,0.002773388543457802,2.197331358113668e-25,1000000000.0,46.06766666666658,46.06766666666658,2.939805175333673,0.669030142938907,inf,0,0,0,0,-1,inf,0,-1,0,0,7600,0,0,0,1414,6186,1.4965532936838892,3.531104416482918,False
overtake,P3,9009,50,5.0,0.5,21.92874230034693,17.202168997219456,0.0027899291310789476,2.1980766220599543e-25,1000000000.0,46.022666666666574,46.022666666666574,2.984692525021415,0.692756426315795,inf,0,0,0,0,-1,inf,0,-1,0,0,7600,0,0,0,1374,6226,1.4965532936838892,3.531104416482918,False
overtake,P4,9009,50,5.0,0.5,21.898470649649525,17.202168997219456,0.0028000235001788736,2.198531920033225e-25,1000000000.0,45.98899999999991,45.98899999999991,3.0182771064203013,0.7048270125589867,inf,0,0,0,0,-1,inf,0,-1,0,0,7600,0,0,0,1360,6240,1.4965532936838892,3.531104416482918,False
overtake,P0,9010,50,5.0,0.5,21.999003485020317,17.202168997219456,0.002796172547920435,2.198531920033225e-25,1000000000.0,46.56399999999992,46.563515075709105,2.448091696814625,0.42039611370917523,inf,0,0,0,0,-1,inf,0,-1,0,0,7600,23,0,0,1591,5986,1.5339110196654433,3.583314711264141,False
overtake,P1,9010,50,5.0,0.5,23.35069074262826,17.202168997219456,0.002388058606870402,2.1851098415832407e-25,1000000000.0,47.076666666666654,47.076666666666654,1.9347058696999753,0.0,inf,0,0,1,2,49,4.9,2,49,0,2,7600,0,0,0,2303,5297,1.5339110196654433,3.583314711264141,False
overtake,P2,9010,50,5.0,0.5,22.041957625728866,17.202168997219456,0.002796461895246686,2.198531920033225e-25,1000000000.0,46.53399999999992,46.53399999999992,2.4748801367219317,0.42773668775616486,inf,0,0,0,0,-1,inf,0,-1,0,0,7600,0,0,0,1561,6039,1.5339110196654433,3.583314711264141,False
overtake,P3,9010,50,5.0,0.5,22.041957625728866,17.202168997219456,0.002796461895246686,2.198531920033225e-25,1000000000.0,46.53399999999992,46.53399999999992,2.4748801367219317,0.42773668775616486,inf,0,0,0,0,-1,inf,0,-1,0,0,7600,0,0,0,1561,6039,1.5339110196654433,3.583314711264141,False
overtake,P4,9010,50,5.0,0.5,22.041957625728866,17.202168997219456,0.002796461895246686,2.198531920033225e-25,1000000000.0,46.53399999999992,46.53399999999992,2.4748801367219317,0.42773668775616486,inf,0,0,0,0,-1,inf,0,-1,0,0,7600,0,0,0,1561,6039,1.5339110196654433,3.583314711264141,False
overtake,P0,9011,50,5.0,0.5,22.00555944698463,17.202168997219456,0.0027982469471115106,2.198531920033225e-25,1000000000.0,46.23266666666657,46.23266666666657,2.775249442648121,0.6704153791762265,inf,0,0,0,0,-1,inf,0,-1,0,0,7600,0,0,0,1521,6079,1.5113356402439646,3.585860869439825,False
overtake,P1,9011,50,5.0,0.5,23.210198716734162,17.202168997219456,0.002391249752886673,2.1851098415832407e-25,1000000000.0,46.74666666666665,46.74666666666665,2.2510944265785415,0.412700263033776,inf,0,0,0,0,-1,inf,1,49,0,1,7600,0,0,0,2198,5402,1.5113356402439646,3.585860869439825,False
overtake,P2,9011,50,5.0,0.5,22.094665005834553,17.202168997219456,0.0027717935098688995,2.197331358113668e-25,1000000000.0,46.35133333333323,46.35133333333323,2.656936356454937,0.6158787799637093,inf,0,0,0,0,-1,inf,0,-1,0,0,7600,0,0,0,1584,6016,1.5113356402439646,3.585860869439825,False
overtake,P3,9011,50,5.0,0.5,22.00555944698463,17.202168997219456,0.0027982469471115106,2.198531920033225e-25,1000000000.0,46.23266666666657,46.23266666666657,2.775249442648121,0.6704153791762265,inf,0,0,0,0,-1,inf,0,-1,0,0,7600,0,0,0,1521,6079,1.5113356402439646,3.585860869439825,False
overtake,P4,9011,50,5.0,0.5,22.00555944698463,17.202168997219456,0.0027982469471115106,2.198531920033225e-25,1000000000.0,46.23266666666657,46.23266666666657,2.775249442648121,0.6704153791762265,inf,0,0,0,0,-1,inf,0,-1,0,0,7600,0,0,0,1521,6079,1.5113356402439646,3.585860869439825,False
overtake,P0,9012,50,5.0,0.5,21.976907665920653,17.202168997219456,0.0027976774224478074,2.198531920033225e-25,1000000000.0,46.195999999999906,46.195999999999906,2.8118128833798504,0.5712610992129896,inf,0,0,0,0,-1,inf,0,-1,0,0,7600,0,0,0,1449,6151,1.6696234808616635,3.8839542123264392,False
overtake,P1,9012,50,5.0,0.5,23.242742047579554,17.202168997219456,0.002389417494910627,2.1851098415832407e-25,1000000000.0,46.800000000000004,46.800000000000004,2.2099492508065337,0.32461410493911114,inf,0,0,0,0,-1,inf,0,-1,0,0,7600,0,0,0,2010,5590,1.6696234808616635,3.8839542123264392,False
overtake,P2,9012,50,5.0,0.5,21.928971524454433,17.202168997219456,0.0028001514355405965,2.198531920033225e-25,1000000000.0,46.10766666666658,46.10766666666658,2.8999082403158862,0.6258654745107555,inf,0,0,0,0,-1,inf,0,-1,0,0,7600,0,0,0,1390,6210,1.6696234808616635,3.8839542123264392,False
overtake,P3,9012,50,5.0,0.5,21.928971524454433,17.202168997219456,0.0028001514355405965,2.198531920033225e-25,1000000000.0,46.10766666666658,46.10766666666658,2.8999082403158862,0.6258654745107555,inf,0,0,0,0,-1,inf,0,-1,0,0,7600,0,0,0,1390,6210,1.6696234808616635,3.8839542123264392,False
overtake,P4,9012,50,5.0,0.5,21.928971524454433,17.202168997219456,0.0028001514355405965,2.198531920033225e-25,1000000000.0,46.10766666666658,46.10766666666658,2.8999082403158862,0.6258654745107555,inf,0,0,0,0,-1,inf,0,-1,0,0,7600,0,0,0,1390,6210,1.6696234808616635,3.8839542123264392,False
overtake,P0,9013,50,5.0,0.5,21.889945335371586,17.202168997219456,0.002801989746539078,2.198531920033225e-25,1000000000.0,46.03399999999992,46.03399999999992,2.9733872420424565,0.7040096074839547,inf,0,0,0,0,-1,inf,0,-1,0,0,7600,0,0,0,1452,6148,1.7397502475244335,3.9757968498745773,False
overtake,P1,9013,50,5.0,0.5,23.04767421750081,17.202168997219456,0.0023950746280801466,2.1851098415832407e-25,1000000000.0,46.66666666666665,46.66666666666665,2.342716401015048,0.4143899067793359,inf,0,0,0,0,-1,inf,0,-1,0,0,7600,0,0,0,1783,5817,1.7397502475244335,3.9757968498745773,False
overtake,P2,9013,50,5.0,0.5,21.895377290635384,17.202168997219456,0.0028024386444036376,2.198531920033225e-25,1000000000.0,46.1006666666666,46.1006666666666,2.906889999452775,0.6406100182553327,inf,0,0,0,0,-1,inf,0,-1,0,0,7600,0,0,0,1431,6169,1.7397502475244335,3.9757968498745773,False
overtake,P3,9013,50,5.0,0.5,21.889945335371586,17.202168997219456,0.002801989746539078,2.198531920033225e-25,1000000000.0,46.03399999999992,46.03399999999992,2.9733872420424565,0.7040096074839547,inf,0,0,0,0,-1,inf,0,-1,0,0,7600,0,0,0,1452,6148,1.7397502475244335,3.9757968498745773,False
overtake,P4,9013,50,5.0,0.5,21.889945335371586,17.202168997219456,0.002801989746539078,2.198531920033225e-25,1000000000.0,46.03399999999992,46.03399999999992,2.9733872420424565,0.7040096074839547,inf,0,0,0,0,-1,inf,0,-1,0,0,7600,0,0,0,1452,6148,1.7397502475244335,3.9757968498745773,False
overtake,P0,9014,50,5.0,0.5,22.003809480710927,17.202168997219456,0.0027968143173265547,2.198531920033225e-25,1000000000.0,46.35999999999993,46.35999999999993,2.6482967528471493,0.3426311411634236,inf,0,0,0,0,-1,inf,0,-1,0,0,7600,0,0,0,1428,6172,1.4756193938599602,3.537789174473412,False
overtake,P1,9014,50,5.0,0.5,23.32579048513752,17.202168997219456,0.002386695850945481,2.1851098415832407e-25,1000000000.0,46.89999999999999,46.89999999999999,2.110420737943127,0.12333240912270395,inf,0,0,0,0,-1,inf,0,-1,0,0,7600,0,0,0,2007,5593,1.4756193938599602,3.537789174473412,False
overtake,P2,9014,50,5.0,0.5,22.0504169332779,17.202168997219456,0.0027880534426999778,2.1985319200328954e-25,1000000000.0,46.395999999999916,46.395999999999916,2.612411087700559,0.3366783767575824,inf,0,0,0,0,-1,inf,0,-1,0,0,7600,0,0,0,1448,6152,1.4756193938599602,3.537789174473412,False
overtake,P3,9014,50,5.0,0.5,22.003809480710927,17.202168997219456,0.0027968143173265547,2.198531920033225e-25,1000000000.0,46.35999999999993,46.35999999999993,2.6482967528471493,0.3426311411634236,inf,0,0,0,0,-1,inf,0,-1,0,0,7600,0,0,0,1428,6172,1.4756193938599602,3.537789174473412,False
overtake,P4,9014,50,5.0,0.5,22.003809480710927,17.202168997219456,0.0027968143173265547,2.198531920033225e-25,1000000000.0,46.35999999999993,46.35999999999993,2.6482967528471493,0.3426311411634236,inf,0,0,0,0,-1,inf,0,-1,0,0,7600,0,0,0,1428,6172,1.4756193938599602,3.537789174473412,False
overtake,P0,9015,50,5.0,0.5,21.908367541914643,17.202168997219456,0.0027992115968332658,2.198531920033225e-25,1000000000.0,46.03199999999992,46.03199999999992,2.9753822764715228,0.7305963941869585,inf,0,0,0,0,-1,inf,0,-1,0,0,7600,0,0,0,1299,6301,1.7054485788917324,3.8853451910131684,False
overtake,P1,9015,50,5.0,0.5,23.24370834526919,17.202168997219456,0.002386895707648927,2.1851098415832407e-25,1000000000.0,46.729999999999976,46.729999999999976,2.2796437640869436,0.4683319470174199,inf,0,0,0,0,-1,inf,0,-1,0,0,7600,0,0,0,1979,5621,1.7054485788917324,3.8853451910131684,False
overtake,P2,9015,50,5.0,0.5,21.94482845733153,17.202168997219456,0.002773926812923272,2.197331358113668e-25,1000000000.0,46.02066666666657,46.02066666666657,2.98668759702987,0.7617942319568245,inf,0,0,0,0,-1,inf,0,-1,0,0,7600,0,0,0,1300,6300,1.7054485788917324,3.8853451910131684,False
overtake,P3,9015,50,5.0,0.5,21.908367541914643,17.202168997219456,0.0027992115968332658,2.198531920033225e-25,1000000000.0,46.03199999999992,46.03199999999992,2.9753822764715228,0.7305963941869585,inf,0,0,0,0,-1,inf,0,-1,0,0,7600,0,0,0,1299,6301,1.7054485788917324,3.8853451910131684,False
overtake,P4,9015,50,5.0,0.5,21.908367541914643,17.202168997219456,0.0027992115968332658,2.198531920033225e-25,1000000000.0,46.03199999999992,46.03199999999992,2.9753822764715228,0.7305963941869585,inf,0,0,0,0,-1,inf,0,-1,0,0,7600,0,0,0,1299,6301,1.7054485788917324,3.8853451910131684,False
overtake,P0,9016,50,5.0,0.5,21.99930023836899,17.202168997219456,0.0027974448371159634,2.198531920033225e-25,1000000000.0,46.23399999999991,46.23399999999991,2.7739199143343845,0.6511166214054743,inf,0,0,0,0,-1,inf,0,-1,0,0,7600,0,0,0,1428,6172,1.7295659107402748,3.857901806231145,False
overtake,P1,9016,50,5.0,0.5,23.083691511285238,17.202168997219456,0.002389950777316656,2.1851098415832407e-25,1000000000.0,46.62500000000001,46.62449010909501,2.3870063919384172,0.5419531082750888,inf,0,0,0,0,-1,inf,0,-1,0,0,7600,23,0,0,1756,5821,1.7295659107402748,3.857901806231145,False
overtake,P2,9016,50,5.0,0.5,22.021050271927166,17.202168997219456,0.0027770363662149313,2.1984727898461514e-25,1000000000.0,46.20199999999992,46.20199999999992,2.8058295905383894,0.6855925154326448,inf,0,0,0,0,-1,inf,0,-1,0,0,7600,0,0,0,1396,6204,1.7295659107402748,3.857901806231145,False
overtake,P3,9016,50,5.0,0.5,21.942007767772296,17.202168997219456,0.0027993916152869343,2.198531920033225e-25,1000000000.0,46.09999999999991,46.09999999999991,2.9075549334691693,0.7098694817224944,inf,0,0,0,0,-1,inf,0,-1,0,0,7600,0,0,0,1377,6223,1.7295659107402748,3.857901806231145,False
overtake,P4,9016,50,5.0,0.5,21.942007767772296,17.202168997219456,0.0027993916152869343,2.198531920033225e-25,1000000000.0,46.09999999999991,46.09999999999991,2.9075549334691693,0.7098694817224944,inf,0,0,0,0,-1,inf,0,-1,0,0,7600,0,0,0,1377,6223,1.7295659107402748,3.857901806231145,False
overtake,P0,9017,50,5.0,0.5,22.00590793461257,17.202168997219456,0.0027973165067807365,2.198531920033225e-25,1000000000.0,46.23999999999992,46.23999999999992,2.7679370822222165,0.7129896091660967,inf,0,0,0,0,-1,inf,0,-1,0,0,7600,0,0,0,1382,6218,1.6019623543179136,3.7139958725942073,False
overtake,P1,9017,50,5.0,0.5,23.265315174948437,17.202168997219456,0.002390671249455207,2.1851098415832407e-25,1000000000.0,46.83666666666666,46.83666666666666,2.168187544582811,0.3474437912423892,inf,0,0,0,0,-1,inf,0,-1,0,0,7600,0,0,0,1944,5656,1.6019623543179136,3.7139958725942073,False
overtake,P2,9017,50,5.0,0.5,22.00590793461257,17.202168997219456,0.0027973165067807365,2.198531920033225e-25,1000000000.0,46.23999999999992,46.23999999999992,2.7679370822222165,0.7129896091660967,inf,0,0,0,0,-1,inf,0,-1,0,0,7600,0,0,0,1382,6218,1.6019623543179136,3.7139958725942073,False
overtake,P3,9017,50,5.0,0.5,22.00590793461257,17.202168997219456,0.0027973165067807365,2.198531920033225e-25,1000000000.0,46.23999999999992,46.23999999999992,2.7679370822222165,0.7129896091660967,inf,0,0,0,0,-1,inf,0,-1,0,0,7600,0,0,0,1382,6218,1.6019623543179136,3.7139958725942073,False
overtake,P4,9017,50,5.0,0.5,22.00590793461257,17.202168997219456,0.0027973165067807365,2.198531920033225e-25,1000000000.0,46.23999999999992,46.23999999999992,2.7679370822222165,0.7129896091660967,inf,0,0,0,0,-1,inf,0,-1,0,0,7600,0,0,0,1382,6218,1.6019623543179136,3.7139958725942073,False
overtake,P0,9018,50,5.0,0.5,21.977561235520213,17.202168997219456,0.0027969137144105856,2.198531920033225e-25,1000000000.0,46.18999999999992,46.18999999999992,2.817796247272118,0.6607924300845524,inf,0,0,0,0,-1,inf,0,-1,0,0,7600,0,0,0,1355,6245,1.6244253770872066,3.7901867091228025,False
overtake,P1,9018,50,5.0,0.5,23.32057322911292,17.202168997219456,0.0023868987692651964,2.1851098415832407e-25,1000000000.0,46.933333333333316,46.933333333333316,2.0772546310579165,0.28268207105522924,inf,0,0,0,0,-1,inf,0,-1,0,0,7600,0,0,0,2055,5545,1.6244253770872066,3.7901867091228025,False
overtake,P2,9018,50,5.0,0.5,21.98642302501539,17.202168997219456,0.0027951440486386416,2.198531920033225e-25,1000000000.0,46.195333333333245,46.195333333333245,2.812477698089708,0.6597001580758102,inf,0,0,0,0,-1,inf,0,-1,0,0,7600,0,0,0,1364,6236,1.6244253770872066,3.7901867091228025,False
overtake,P3,9018,50,5.0,0.5,21.924343378279524,17.202168997219456,0.0027986080179956837,2.198531920033225e-25,1000000000.0,46.06333333333324,46.06333333333324,2.9441275112080376,0.6432121051202717,inf,0,0,0,0,-1,inf,0,-1,0,0,7600,0,0,0,1307,6293,1.6244253770872066,3.7901867091228025,False
overtake,P4,9018,50,5.0,0.5,21.95184762030812,17.202168997219456,0.00279795358831807,2.198531920033225e-25,1000000000.0,46.12333333333325,46.12333333333325,2.8842827188491715,0.6657493761578942,inf,0,0,0,0,-1,inf,0,-1,0,0,7600,0,0,0,1328,6272,1.6244253770872066,3.7901867091228025,False
overtake,P0,9019,50,5.0,0.5,21.997759154509502,17.202168997219456,0.002796672824796588,2.198531920033225e-25,1000000000.0,46.21399999999991,46.21399999999991,2.793863219833938,0.5458898412400861,inf,0,0,0,0,-1,inf,0,-1,0,0,7600,0,0,0,1281,6319,1.6346609010236943,3.77174078988068,False
overtake,P1,9019,50,5.0,0.5,23.296429059615136,17.202168997219456,0.002385177137309221,2.1851098415832407e-25,1000000000.0,46.68000000000001,46.68000000000001,2.3294367755189977,0.5040596470209456,inf,0,0,0,0,-1,inf,0,-1,0,0,7600,0,0,0,1758,5842,1.6346609010236943,3.77174078988068,False
overtake,P2,9019,50,5.0,0.5,22.05067665280675,17.202168997219456,0.0027852624517116682,2.198531920033225e-25,1000000000.0,46.145999999999916,46.145999999999916,2.8616763777794407,0.6268109914569024,inf,0,0,0,0,-1,inf,0,-1,0,0,7600,0,0,0,1295,6305,1.6346609010236943,3.77174078988068,False
overtake,P3,9019,50,5.0,0.5,21.997759154509502,17.202168997219456,0.002796672824796588,2.198531920033225e-25,1000000000.0,46.21399999999991,46.21399999999991,2.793863219833938,0.5458898412400861,inf,0,0,0,0,-1,inf,0,-1,0,0,7600,0,0,0,1281,6319,1.6346609010236943,3.77174078988068,False
overtake,P4,9019,50,5.0,0.5,21.997759154509502,17.202168997219456,0.002796672824796588,2.198531920033225e-25,1000000000.0,46.21399999999991,46.21399999999991,2.793863219833938,0.5458898412400861,inf,0,0,0,0,-1,inf,0,-1,0,0,7600,0,0,0,1281,6319,1.6346609010236943,3.77174078988068,False
intersection_turn,P0,9000,50,5.0,0.5,18.876406789176084,14.72403780401211,0.008717449750456744,2.1131514094617817e-15,999999999.9999979,44.30000000000003,44.30000000000003,3.785498646149508,3.2696391047406856,inf,0,0,0,0,-1,inf,0,-1,0,0,7600,0,0,0,939,6661,1.7750604023869527,3.977239932993864,False
intersection_turn,P1,9000,50,5.0,0.5,18.876683246166966,14.72403780401211,0.008717322211376987,2.1131514094617817e-15,999999999.9999979,44.300000000000026,44.300000000000026,3.7854986461495153,3.2696391047406856,inf,0,0,0,0,-1,inf,0,-1,0,0,7600,0,0,0,942,6658,1.7750604023869527,3.977239932993864,False
intersection_turn,P2,9000,50,5.0,0.5,18.876406789176084,14.72403780401211,0.008717449750456744,2.1131514094617817e-15,999999999.9999979,44.30000000000003,44.30000000000003,3.785498646149508,3.2696391047406856,inf,0,0,0,0,-1,inf,0,-1,0,0,7600,0,0,0,939,6661,1.7750604023869527,3.977239932993864,False
intersection_turn,P3,9000,50,5.0,0.5,18.876406789176084,14.72403780401211,0.008717449750456744,2.1131514094617817e-15,999999999.9999979,44.30000000000003,44.30000000000003,3.785498646149508,3.2696391047406856,inf,0,0,0,0,-1,inf,0,-1,0,0,7600,0,0,0,939,6661,1.7750604023869527,3.977239932993864,False
intersection_turn,P4,9000,50,5.0,0.5,18.876406789176084,14.72403780401211,0.008717449750456744,2.1131514094617817e-15,999999999.9999979,44.30000000000003,44.30000000000003,3.785498646149508,3.2696391047406856,inf,0,0,0,0,-1,inf,0,-1,0,0,7600,0,0,0,939,6661,1.7750604023869527,3.977239932993864,False
intersection_turn,P0,9001,50,5.0,0.5,18.882751648945085,14.72403780401211,0.008714268329959477,2.1131514094617817e-15,999999999.9999979,44.146666666666704,44.146666666666704,3.935502226880007,3.2696391047406856,inf,0,0,0,0,-1,inf,0,-1,0,0,7600,0,0,0,817,6783,1.682506057521995,3.6673418076132815,False
intersection_turn,P1,9001,50,5.0,0.5,18.88360982845371,14.72403780401211,0.008713852388905981,2.1131514094617817e-15,999999999.9999979,44.12000000000002,44.12000000000002,3.9616158319554224,3.2696391047406856,inf,0,0,0,0,-1,inf,0,-1,0,0,7600,0,0,0,806,6794,1.682506057521995,3.6673418076132815,False
intersection_turn,P2,9001,50,5.0,0.5,18.882751648945085,14.72403780401211,0.008714268329959477,2.1131514094617817e-15,999999999.9999979,44.146666666666704,44.146666666666704,3.935502226880007,3.2696391047406856,inf,0,0,0,0,-1,inf,0,-1,0,0,7600,0,0,0,817,6783,1.682506057521995,3.6673418076132815,False
intersection_turn,P3,9001,50,5.0,0.5,18.882751648945085,14.72403780401211,0.008714268329959477,2.1131514094617817e-15,999999999.9999979,44.146666666666704,44.146666666666704,3.935502226880007,3.2696391047406856,inf,0,0,0,0,-1,inf,0,-1,0,0,7600,0,0,0,817,6783,1.682506057521995,3.6673418076132815,False
intersection_turn,P4,9001,50,5.0,0.5,18.882751648945085,14.72403780401211,0.008714268329959477,2.1131514094617817e-15,999999999.9999979,44.146666666666704,44.146666666666704,3.935502226880007,3.2696391047406856,inf,0,0,0,0,-1,inf,0,-1,0,0,7600,0,0,0,817,6783,1.682506057521995,3.6673418076132815,False
intersection_turn,P0,9002,50,5.0,0.5,18.957214114220346,14.72403780401211,0.008495189391646542,2.0707175358668105e-15,999999999.9999979,44.72999999999998,44.72999999999998,3.3664372859152025,3.075487864675807,inf,0,0,0,0,-1,inf,0,-1,0,0,7600,0,0,0,958,6642,1.6613156227064898,3.6929355065140435,False
intersection_turn,P1,9002,50,5.0,0.5,18.957214114220346,14.72403780401211,0.008495189391646542,2.0707175358668105e-15,999999999.9999979,44.72999999999998,44.72999999999998,3.3664372859152025,3.075487864675807,inf,0,0,0,0,-1,inf,0,-1,0,0,7600,0,0,0,958,6642,1.6613156227064898,3.6929355065140435,False
intersection_turn,P2,9002,50,5.0,0.5,18.961580934517123,14.72403780401211,0.00849219218043055,2.0707175358668105e-15,999999999.9999979,44.69333333333329,44.69333333333329,3.4020647325476796,3.075487864675807,inf,0,0,0,0,-1,inf,0,-1,0,0,7600,0,0,0,950,6650,1.6613156227064898,3.6929355065140435,False
intersection_turn,P3,9002,50,5.0,0.5,18.957214114220346,14.72403780401211,0.008495189391646542,2.0707175358668105e-15,999999999.9999979,44.72999999999998,44.72999999999998,3.3664372859152025,3.075487864675807,inf,0,0,0,0,-1,inf,0,-1,0,0,7600,0,0,0,958,6642,1.6613156227064898,3.6929355065140435,False
intersection_turn,P4,9002,50,5.0,0.5,18.957214114220346,14.72403780401211,0.008495189391646542,2.0707175358668105e-15,999999999.9999979,44.72999999999998,44.72999999999998,3.3664372859152025,3.075487864675807,inf,0,0,0,0,-1,inf,0,-1,0,0,7600,0,0,0,958,6642,1.6613156227064898,3.6929355065140435,False
intersection_turn,P0,9003,50,5.0,0.5,18.877680497339618,14.72403780401211,0.008716764880160946,2.1131514094617817e-15,999999999.9999979,44.24000000000003,44.24000000000003,3.8441644085548385,3.2696391047406856,inf,0,0,0,0,-1,inf,0,-1,0,0,7600,0,0,0,917,6683,1.7389684518276498,3.7694450536013955,False
intersection_turn,P1,9003,50,5.0,0.5,18.877680497339618,14.72403780401211,0.008716764880160946,2.1131514094617817e-15,999999999.9999979,44.24000000000003,44.24000000000003,3.8441644085548385,3.2696391047406856,inf,0,0,0,0,-1,inf,0,-1,0,0,7600,0,0,0,917,6683,1.7389684518276498,3.7694450536013955,False
intersection_turn,P2,9003,50,5.0,0.5,18.877680497339618,14.72403780401211,0.008716764880160946,2.1131514094617817e-15,999999999.9999979,44.24000000000003,44.24000000000003,3.8441644085548385,3.2696391047406856,inf,0,0,0,0,-1,inf,0,-1,0,0,7600,0,0,0,917,6683,1.7389684518276498,3.7694450536013955,False
intersection_turn,P3,9003,50,5.0,0.5,18.877680497339618,14.72403780401211,0.008716764880160946,2.1131514094617817e-15,999999999.9999979,44.24000000000003,44.24000000000003,3.8441644085548385,3.2696391047406856,inf,0,0,0,0,-1,inf,0,-1,0,0,7600,0,0,0,917,6683,1.7389684518276498,3.7694450536013955,False
intersection_turn,P4,9003,50,5.0,0.5,18.877680497339618,14.72403780401211,0.008716764880160946,2.1131514094617817e-15,999999999.9999979,44.24000000000003,44.24000000000003,3.8441644085548385,3.2696391047406856,inf,0,0,0,0,-1,inf,0,-1,0,0,7600,0,0,0,917,6683,1.7389684518276498,3.7694450536013955,False
intersection_turn,P0,9004,50,5.0,0.5,18.880504530364988,14.72403780401211,0.008715338336544712,2.1131514094617817e-15,999999999.9999979,44.19000000000002,44.19000000000002,3.893083610712703,3.2696391047406856,inf,0,0,0,0,-1,inf,0,-1,0,0,7600,0,0,0,828,6772,1.7685627662764722,3.863197801095528,False
intersection_turn,P1,9004,50,5.0,0.5,18.8810413906524,14.72403780401211,0.00871507758318852,2.1131514094617817e-15,999999999.9999979,44.18000000000003,44.18000000000003,3.9028707383155523,3.2696391047406856,inf,0,0,0,0,-1,inf,0,-1,0,0,7600,0,0,0,825,6775,1.7685627662764722,3.863197801095528,False
intersection_turn,P2,9004,50,5.0,0.5,18.880504530364988,14.72403780401211,0.008715338336544712,2.1131514094617817e-15,999999999.9999979,44.19000000000002,44.19000000000002,3.893083610712703,3.2696391047406856,inf,0,0,0,0,-1,inf,0,-1,0,0,7600,0,0,0,828,6772,1.7685627662764722,3.863197801095528,False
intersection_turn,P3,9004,50,5.0,0.5,18.880504530364988,14.72403780401211,0.008715338336544712,2.1131514094617817e-15,999999999.9999979,44.19000000000002,44.19000000000002,3.893083610712703,3.2696391047406856,inf,0,0,0,0,-1,inf,0,-1,0,0,7600,0,0,0,828,6772,1.7685627662764722,3.863197801095528,False
intersection_turn,P4,9004,50,5.0,0.5,18.880504530364988,14.72403780401211,0.008715338336544712,2.1131514094617817e-15,999999999.9999979,44.19000000000002,44.19000000000002,3.893083610712703,3.2696391047406856,inf,0,0,0,0,-1,inf,0,-1,0,0,7600,0,0,0,828,6772,1.7685627662764722,3.863197801095528,False
intersection_turn,P0,9005,50,5.0,0.5,18.87245280879492,14.72403780401211,0.008719450642296537,2.1131514094617817e-15,999999999.9999979,44.35000000000002,44.35000000000002,3.736642878306654,3.2696391047406856,inf,0,0,0,0,-1,inf,0,-1,0,0,7600,0,0,0,1029,6571,1.6097246868287052,3.587151959502908,False
intersection_turn,P1,9005,50,5.0,0.5,18.87245280879492,14.72403780401211,0.008719450642296537,2.1131514094617817e-15,999999999.9999979,44.35000000000002,44.35000000000002,3.736642878306654,3.2696391047406856,inf,0,0,0,0,-1,inf,0,-1,0,0,7600,0,0,0,1029,6571,1.6097246868287052,3.587151959502908,False
intersection_turn,P2,9005,50,5.0,0.5,18.87245280879492,14.72403780401211,0.008719450642296537,2.1131514094617817e-15,999999999.9999979,44.35000000000002,44.35000000000002,3.736642878306654,3.2696391047406856,inf,0,0,0,0,-1,inf,0,-1,0,0,7600,0,0,0,1029,6571,1.6097246868287052,3.587151959502908,False
intersection_turn,P3,9005,50,5.0,0.5,18.87245280879492,14.72403780401211,0.008719450642296537,2.1131514094617817e-15,999999999.9999979,44.35000000000002,44.35000000000002,3.736642878306654,3.2696391047406856,inf,0,0,0,0,-1,inf,0,-1,0,0,7600,0,0,0,1029,6571,1.6097246868287052,3.587151959502908,False
intersection_turn,P4,9005,50,5.0,0.5,18.87245280879492,14.72403780401211,0.008719450642296537,2.1131514094617817e-15,999999999.9999979,44.35000000000002,44.35000000000002,3.736642878306654,3.2696391047406856,inf,0,0,0,0,-1,inf,0,-1,0,0,7600,0,0,0,1029,6571,1.6097246868287052,3.587151959502908,False
intersection_turn,P0,9006,50,5.0,0.5,18.883208307412744,14.72403780401211,0.00871403642551426,2.1131514094617817e-15,999999999.9999979,44.13000000000004,44.13000000000004,3.9518223644288093,3.2696391047406856,inf,0,0,0,0,-1,inf,0,-1,0,0,7600,0,0,0,910,6690,1.621137218101975,3.5977236448731134,False
intersection_turn,P1,9006,50,5.0,0.5,18.883208307412744,14.72403780401211,0.00871403642551426,2.1131514094617817e-15,999999999.9999979,44.13000000000004,44.13000000000004,3.9518223644288093,3.2696391047406856,inf,0,0,0,0,-1,inf,0,-1,0,0,7600,0,0,0,910,6690,1.621137218101975,3.5977236448731134,False
intersection_turn,P2,9006,50,5.0,0.5,18.883208307412744,14.72403780401211,0.00871403642551426,2.1131514094617817e-15,999999999.9999979,44.13000000000004,44.13000000000004,3.9518223644288093,3.2696391047406856,inf,0,0,0,0,-1,inf,0,-1,0,0,7600,0,0,0,910,6690,1.621137218101975,3.5977236448731134,False
intersection_turn,P3,9006,50,5.0,0.5,18.883208307412744,14.72403780401211,0.00871403642551426,2.1131514094617817e-15,999999999.9999979,44.13000000000004,44.13000000000004,3.9518223644288093,3.2696391047406856,inf,0,0,0,0,-1,inf,0,-1,0,0,7600,0,0,0,910,6690,1.621137218101975,3.5977236448731134,False
intersection_turn,P4,9006,50,5.0,0.5,19.283001232480615,14.72403780401211,0.008615226415409082,2.1131514094617817e-15,999999999.9999979,44.06000000000002,44.05671663459969,3.9894557668099355,3.2696391047406856,inf,0,0,0,0,-1,inf,0,-1,0,0,7600,171,0,0,756,6673,1.621137218101975,3.5977236448731134,False
intersection_turn,P0,9007,50,5.0,0.5,18.9956400058232,14.72403780401211,0.008472190642242236,2.0707175358668105e-15,999999999.9999979,44.33999999999998,44.33999999999998,3.7464116164671672,3.075487864675807,inf,0,0,0,0,-1,inf,0,-1,0,0,7600,0,0,0,795,6805,1.7660825452214206,3.846577997886988,False
intersection_turn,P1,9007,50,5.0,0.5,18.9956400058232,14.72403780401211,0.008472190642242236,2.0707175358668105e-15,999999999.9999979,44.33999999999998,44.33999999999998,3.7464116164671672,3.075487864675807,inf,0,0,0,0,-1,inf,0,-1,0,0,7600,0,0,0,795,6805,1.7660825452214206,3.846577997886988,False
intersection_turn,P2,9007,50,5.0,0.5,18.9956400058232,14.72403780401211,0.008472190642242236,2.0707175358668105e-15,999999999.9999979,44.33999999999998,44.33999999999998,3.7464116164671672,3.075487864675807,inf,0,0,0,0,-1,inf,0,-1,0,0,7600,0,0,0,795,6805,1.7660825452214206,3.846577997886988,False
intersection_turn,P3,9007,50,5.0,0.5,18.9956400058232,14.72403780401211,0.008472190642242236,2.0707175358668105e-15,999999999.9999979,44.33999999999998,44.33999999999998,3.7464116164671672,3.075487864675807,inf,0,0,0,0,-1,inf,0,-1,0,0,7600,0,0,0,795,6805,1.7660825452214206,3.846577997886988,False
intersection_turn,P4,9007,50,5.0,0.5,19.44326499511478,14.72403780401211,0.008364231562344938,2.0707175358668105e-15,999999999.9999979,44.35499999999995,44.35153530268805,3.6976951662853645,3.075487864675807,inf,0,0,0,0,-1,inf,0,-1,0,0,7600,180,0,0,707,6713,1.7660825452214206,3.846577997886988,False
intersection_turn,P0,9008,50,5.0,0.5,18.96709849966408,14.72403780401211,0.00848825319311969,2.0707175358668105e-15,999999999.9999979,44.62999999999997,44.62999999999997,3.4636541397778475,3.075487864675807,inf,0,0,0,0,-1,inf,0,-1,0,0,7600,0,0,0,863,6737,1.612874512419017,3.614449253108861,False
intersection_turn,P1,9008,50,5.0,0.5,18.96709849966408,14.72403780401211,0.00848825319311969,2.0707175358668105e-15,999999999.9999979,44.62999999999997,44.62999999999997,3.4636541397778475,3.075487864675807,inf,0,0,0,0,-1,inf,0,-1,0,0,7600,0,0,0,863,6737,1.612874512419017,3.614449253108861,False
intersection_turn,P2,9008,50,5.0,0.5,18.96709849966408,14.72403780401211,0.00848825319311969,2.0707175358668105e-15,999999999.9999979,44.62999999999997,44.62999999999997,3.4636541397778475,3.075487864675807,inf,0,0,0,0,-1,inf,0,-1,0,0,7600,0,0,0,863,6737,1.612874512419017,3.614449253108861,False
intersection_turn,P3,9008,50,5.0,0.5,18.96709849966408,14.72403780401211,0.00848825319311969,2.0707175358668105e-15,999999999.9999979,44.62999999999997,44.62999999999997,3.4636541397778475,3.075487864675807,inf,0,0,0,0,-1,inf,0,-1,0,0,7600,0,0,0,863,6737,1.612874512419017,3.614449253108861,False
intersection_turn,P4,9008,50,5.0,0.5,18.96709849966408,14.72403780401211,0.00848825319311969,2.0707175358668105e-15,999999999.9999979,44.62999999999997,44.62999999999997,3.4636541397778475,3.075487864675807,inf,0,0,0,0,-1,inf,0,-1,0,0,7600,0,0,0,863,6737,1.612874512419017,3.614449253108861,False
intersection_turn,P0,9009,50,5.0,0.5,18.984332050089858,14.72403780401211,0.008478379836862946,2.0707175358668105e-15,999999999.9999979,44.499999999999964,44.499999999999964,3.5902646142032832,3.075487864675807,inf,0,0,0,0,-1,inf,0,-1,0,0,7600,0,0,0,882,6718,1.578875368870595,3.5968439904691327,False
intersection_turn,P1,9009,50,5.0,0.5,18.984332050089858,14.72403780401211,0.008478379836862946,2.0707175358668105e-15,999999999.9999979,44.499999999999964,44.499999999999964,3.5902646142032832,3.075487864675807,inf,0,0,0,0,-1,inf,0,-1,0,0,7600,0,0,0,882,6718,1.578875368870595,3.5968439904691327,False
intersection_turn,P2,9009,50,5.0,0.5,18.984332050089858,14.72403780401211,0.008478379836862946,2.0707175358668105e-15,999999999.9999979,44.499999999999964,44.499999999999964,3.5902646142032832,3.075487864675807,inf,0,0,0,0,-1,inf,0,-1,0,0,7600,0,0,0,882,6718,1.578875368870595,3.5968439904691327,False
intersection_turn,P3,9009,50,5.0,0.5,18.984332050089858,14.72403780401211,0.008478379836862946,2.0707175358668105e-15,999999999.9999979,44.499999999999964,44.499999999999964,3.5902646142032832,3.075487864675807,inf,0,0,0,0,-1,inf,0,-1,0,0,7600,0,0,0,882,6718,1.578875368870595,3.5968439904691327,False
intersection_turn,P4,9009,50,5.0,0.5,18.984332050089858,14.72403780401211,0.008478379836862946,2.0707175358668105e-15,999999999.9999979,44.499999999999964,44.499999999999964,3.5902646142032832,3.075487864675807,inf,0,0,0,0,-1,inf,0,-1,0,0,7600,0,0,0,882,6718,1.578875368870595,3.5968439904691327,False
intersection_turn,P0,9010,50,5.0,0.5,18.869555658315914,14.72403780401211,0.008721096123274203,2.1131514094617817e-15,999999999.9999979,44.416666666666686,44.416666666666686,3.6715497787416207,3.2696391047406856,inf,0,0,0,0,-1,inf,0,-1,0,0,7600,0,0,0,762,6838,1.5752701426179627,3.613638173581725,False
intersection_turn,P1,9010,50,5.0,0.5,18.871113809725045,14.72403780401211,0.008720237779686663,2.1131514094617817e-15,999999999.9999979,44.39000000000004,44.39000000000004,3.69758028986521,3.2696391047406856,inf,0,0,0,0,-1,inf,0,-1,0,0,7600,0,0,0,758,6842,1.5752701426179627,3.613638173581725,False
intersection_turn,P2,9010,50,5.0,0.5,18.869555658315914,14.72403780401211,0.008721096123274203,2.1131514094617817e-15,999999999.9999979,44.416666666666686,44.416666666666686,3.6715497787416207,3.2696391047406856,inf,0,0,0,0,-1,inf,0,-1,0,0,7600,0,0,0,762,6838,1.5752701426179627,3.613638173581725,False
intersection_turn,P3,9010,50,5.0,0.5,18.869555658315914,14.72403780401211,0.008721096123274203,2.1131514094617817e-15,999999999.9999979,44.416666666666686,44.416666666666686,3.6715497787416207,3.2696391047406856,inf,0,0,0,0,-1,inf,0,-1,0,0,7600,0,0,0,762,6838,1.5752701426179627,3.613638173581725,False
intersection_turn,P4,9010,50,5.0,0.5,18.869555658315914,14.72403780401211,0.008721096123274203,2.1131514094617817e-15,999999999.9999979,44.416666666666686,44.416666666666686,3.6715497787416207,3.2696391047406856,inf,0,0,0,0,-1,inf,0,-1,0,0,7600,0,0,0,762,6838,1.5752701426179627,3.613638173581725,False
intersection_turn,P0,9011,50,5.0,0.5,18.875284016114048,14.72403780401211,0.008717905217331005,2.1131514094617817e-15,999999999.9999979,44.27000000000003,44.27000000000003,3.8148263394288033,3.2696391047406856,inf,0,0,0,0,-1,inf,0,-1,0,0,7600,0,0,0,777,6823,1.5627160130129893,3.6435845367889272,False
intersection_turn,P1,9011,50,5.0,0.5,18.875284016114048,14.72403780401211,0.008717905217331005,2.1131514094617817e-15,999999999.9999979,44.27000000000003,44.27000000000003,3.8148263394288033,3.2696391047406856,inf,0,0,0,0,-1,inf,0,-1,0,0,7600,0,0,0,777,6823,1.5627160130129893,3.6435845367889272,False
intersection_turn,P2,9011,50,5.0,0.5,18.875284016114048,14.72403780401211,0.008717905217331005,2.1131514094617817e-15,999999999.9999979,44.27000000000003,44.27000000000003,3.8148263394288033,3.2696391047406856,inf,0,0,0,0,-1,inf,0,-1,0,0,7600,0,0,0,777,6823,1.5627160130129893,3.6435845367889272,False
intersection_turn,P3,9011,50,5.0,0.5,18.875284016114048,14.72403780401211,0.008717905217331005,2.1131514094617817e-15,999999999.9999979,44.27000000000003,44.27000000000003,3.8148263394288033,3.2696391047406856,inf,0,0,0,0,-1,inf,0,-1,0,0,7600,0,0,0,777,6823,1.5627160130129893,3.6435845367889272,False
intersection_turn,P4,9011,50,5.0,0.5,18.875284016114048,14.72403780401211,0.008717905217331005,2.1131514094617817e-15,999999999.9999979,44.27000000000003,44.27000000000003,3.8148263394288033,3.2696391047406856,inf,0,0,0,0,-1,inf,0,-1,0,0,7600,0,0,0,777,6823,1.5627160130129893,3.6435845367889272,False
intersection_turn,P0,9012,50,5.0,0.5,18.959234793194423,14.72403780401211,0.008494144045827153,2.0707175358668105e-15,999999999.9999979,44.739999999999974,44.739999999999974,3.356724594005319,3.075487864675807,inf,0,0,0,0,-1,inf,0,-1,0,0,7600,0,0,0,1061,6539,1.7126610683333732,3.81788998531909,False
intersection_turn,P1,9012,50,5.0,0.5,18.959234793194423,14.72403780401211,0.008494144045827153,2.0707175358668105e-15,999999999.9999979,44.739999999999974,44.739999999999974,3.356724594005319,3.075487864675807,inf,0,0,0,0,-1,inf,0,-1,0,0,7600,0,0,0,1061,6539,1.7126610683333732,3.81788998531909,False
intersection_turn,P2,9012,50,5.0,0.5,18.969143725377773,14.72403780401211,0.00848747454061741,2.0707175358668105e-15,999999999.9999979,44.64999999999997,44.64999999999997,3.4441980198589337,3.075487864675807,inf,0,0,0,0,-1,inf,0,-1,0,0,7600,0,0,0,1047,6553,1.7126610683333732,3.81788998531909,False
intersection_turn,P3,9012,50,5.0,0.5,18.959234793194423,14.72403780401211,0.008494144045827153,2.0707175358668105e-15,999999999.9999979,44.739999999999974,44.739999999999974,3.356724594005319,3.075487864675807,inf,0,0,0,0,-1,inf,0,-1,0,0,7600,0,0,0,1061,6539,1.7126610683333732,3.81788998531909,False
intersection_turn,P4,9012,50,5.0,0.5,18.959234793194423,14.72403780401211,0.008494144045827153,2.0707175358668105e-15,999999999.9999979,44.739999999999974,44.739999999999974,3.356724594005319,3.075487864675807,inf,0,0,0,0,-1,inf,0,-1,0,0,7600,0,0,0,1061,6539,1.7126610683333732,3.81788998531909,False
intersection_turn,P0,9013,50,5.0,0.5,18.87060789209564,14.72403780401211,0.008720522784796686,2.1131514094617817e-15,999999999.9999979,44.40000000000004,44.40000000000004,3.6878177829171146,3.2696391047406856,inf,0,0,0,0,-1,inf,0,-1,0,0,7600,0,0,0,909,6691,1.7837190472773954,3.9643585836287603,False
intersection_turn,P1,9013,50,5.0,0.5,18.87060789209564,14.72403780401211,0.008720522784796686,2.1131514094617817e-15,999999999.9999979,44.40000000000004,44.40000000000004,3.6878177829171146,3.2696391047406856,inf,0,0,0,0,-1,inf,0,-1,0,0,7600,0,0,0,909,6691,1.7837190472773954,3.9643585836287603,False
intersection_turn,P2,9013,50,5.0,0.5,18.87060789209564,14.72403780401211,0.008720522784796686,2.1131514094617817e-15,999999999.9999979,44.40000000000004,44.40000000000004,3.6878177829171146,3.2696391047406856,inf,0,0,0,0,-1,inf,0,-1,0,0,7600,0,0,0,909,6691,1.7837190472773954,3.9643585836287603,False
intersection_turn,P3,9013,50,5.0,0.5,18.87060789209564,14.72403780401211,0.008720522784796686,2.1131514094617817e-15,999999999.9999979,44.40000000000004,44.40000000000004,3.6878177829171146,3.2696391047406856,inf,0,0,0,0,-1,inf,0,-1,0,0,7600,0,0,0,909,6691,1.7837190472773954,3.9643585836287603,False
intersection_turn,P4,9013,50,5.0,0.5,18.87060789209564,14.72403780401211,0.008720522784796686,2.1131514094617817e-15,999999999.9999979,44.40000000000004,44.40000000000004,3.6878177829171146,3.2696391047406856,inf,0,0,0,0,-1,inf,0,-1,0,0,7600,0,0,0,909,6691,1.7837190472773954,3.9643585836287603,False
intersection_turn,P0,9014,50,5.0,0.5,18.867127182119365,14.72403780401211,0.008722431263250292,2.1131514094617817e-15,999999999.9999979,44.45000000000003,44.45000000000003,3.639024594585722,3.2696391047406856,inf,0,0,0,0,-1,inf,0,-1,0,0,7600,0,0,0,823,6777,1.5667190559384374,3.5372148251850284,False
intersection_turn,P1,9014,50,5.0,0.5,18.867127182119365,14.72403780401211,0.008722431263250292,2.1131514094617817e-15,999999999.9999979,44.45000000000003,44.45000000000003,3.639024594585722,3.2696391047406856,inf,0,0,0,0,-1,inf,0,-1,0,0,7600,0,0,0,823,6777,1.5667190559384374,3.5372148251850284,False
intersection_turn,P2,9014,50,5.0,0.5,18.867127182119365,14.72403780401211,0.008722431263250292,2.1131514094617817e-15,999999999.9999979,44.45000000000003,44.45000000000003,3.639024594585722,3.2696391047406856,inf,0,0,0,0,-1,inf,0,-1,0,0,7600,0,0,0,823,6777,1.5667190559384374,3.5372148251850284,False
intersection_turn,P3,9014,50,5.0,0.5,18.867127182119365,14.72403780401211,0.008722431263250292,2.1131514094617817e-15,999999999.9999979,44.45000000000003,44.45000000000003,3.639024594585722,3.2696391047406856,inf,0,0,0,0,-1,inf,0,-1,0,0,7600,0,0,0,823,6777,1.5667190559384374,3.5372148251850284,False
intersection_turn,P4,9014,50,5.0,0.5,18.867127182119365,14.72403780401211,0.008722431263250292,2.1131514094617817e-15,999999999.9999979,44.45000000000003,44.45000000000003,3.639024594585722,3.2696391047406856,inf,0,0,0,0,-1,inf,0,-1,0,0,7600,0,0,0,823,6777,1.5667190559384374,3.5372148251850284,False
intersection_turn,P0,9015,50,5.0,0.5,18.877444098950637,14.72403780401211,0.008716892999202627,2.1131514094617817e-15,999999999.9999979,44.27000000000002,44.27000000000002,3.8148263394288175,3.2696391047406856,inf,0,0,0,0,-1,inf,0,-1,0,0,7600,0,0,0,909,6691,1.7507140148664397,3.833633017140656,False
intersection_turn,P1,9015,50,5.0,0.5,18.877444098950637,14.72403780401211,0.008716892999202627,2.1131514094617817e-15,999999999.9999979,44.27000000000002,44.27000000000002,3.8148263394288175,3.2696391047406856,inf,0,0,0,0,-1,inf,0,-1,0,0,7600,0,0,0,909,6691,1.7507140148664397,3.833633017140656,False
intersection_turn,P2,9015,50,5.0,0.5,18.877444098950637,14.72403780401211,0.008716892999202627,2.1131514094617817e-15,999999999.9999979,44.27000000000002,44.27000000000002,3.8148263394288175,3.2696391047406856,inf,0,0,0,0,-1,inf,0,-1,0,0,7600,0,0,0,909,6691,1.7507140148664397,3.833633017140656,False
intersection_turn,P3,9015,50,5.0,0.5,18.877444098950637,14.72403780401211,0.008716892999202627,2.1131514094617817e-15,999999999.9999979,44.27000000000002,44.27000000000002,3.8148263394288175,3.2696391047406856,inf,0,0,0,0,-1,inf,0,-1,0,0,7600,0,0,0,909,6691,1.7507140148664397,3.833633017140656,False
intersection_turn,P4,9015,50,5.0,0.5,18.877444098950637,14.72403780401211,0.008716892999202627,2.1131514094617817e-15,999999999.9999979,44.27000000000002,44.27000000000002,3.8148263394288175,3.2696391047406856,inf,0,0,0,0,-1,inf,0,-1,0,0,7600,0,0,0,909,6691,1.7507140148664397,3.833633017140656,False
intersection_turn,P0,9016,50,5.0,0.5,18.883576293711965,14.72403780401211,0.008713876454718942,2.1131514094617817e-15,999999999.9999979,44.133333333333354,44.133333333333354,3.9485581053228724,3.2696391047406856,inf,0,0,0,0,-1,inf,0,-1,0,0,7600,0,0,0,751,6849,1.8224816788831766,3.8649352115622553,False
intersection_turn,P1,9016,50,5.0,0.5,18.88439919851565,14.72403780401211,0.008713481620797558,2.1131514094617817e-15,999999999.9999979,44.11000000000003,44.11000000000003,3.9714103288378277,3.2696391047406856,inf,0,0,0,0,-1,inf,0,-1,0,0,7600,0,0,0,742,6858,1.8224816788831766,3.8649352115622553,False
intersection_turn,P2,9016,50,5.0,0.5,18.883576293711965,14.72403780401211,0.008713876454718942,2.1131514094617817e-15,999999999.9999979,44.133333333333354,44.133333333333354,3.9485581053228724,3.2696391047406856,inf,0,0,0,0,-1,inf,0,-1,0,0,7600,0,0,0,751,6849,1.8224816788831766,3.8649352115622553,False
intersection_turn,P3,9016,50,5.0,0.5,18.883576293711965,14.72403780401211,0.008713876454718942,2.1131514094617817e-15,999999999.9999979,44.133333333333354,44.133333333333354,3.9485581053228724,3.2696391047406856,inf,0,0,0,0,-1,inf,0,-1,0,0,7600,0,0,0,751,6849,1.8224816788831766,3.8649352115622553,False
intersection_turn,P4,9016,50,5.0,0.5,18.883576293711965,14.72403780401211,0.008713876454718942,2.1131514094617817e-15,999999999.9999979,44.133333333333354,44.133333333333354,3.9485581053228724,3.2696391047406856,inf,0,0,0,0,-1,inf,0,-1,0,0,7600,0,0,0,751,6849,1.8224816788831766,3.8649352115622553,False
intersection_turn,P0,9017,50,5.0,0.5,18.951078165653428,14.72403780401211,0.008499150662995808,2.0707175358668105e-15,999999999.9999979,44.75999999999996,44.75999999999996,3.3373043013786208,3.075487864675807,inf,0,0,0,0,-1,inf,0,-1,0,0,7600,0,0,0,1014,6586,1.6013145330173364,3.6399410007587303,False
intersection_turn,P1,9017,50,5.0,0.5,18.951078165653428,14.72403780401211,0.008499150662995808,2.0707175358668105e-15,999999999.9999979,44.75999999999996,44.75999999999996,3.3373043013786208,3.075487864675807,inf,0,0,0,0,-1,inf,0,-1,0,0,7600,0,0,0,1014,6586,1.6013145330173364,3.6399410007587303,False
intersection_turn,P2,9017,50,5.0,0.5,18.953922093505,14.72403780401211,0.00849709233300357,2.0707175358668105e-15,999999999.9999979,44.73599999999997,44.73599999999997,3.360609468533975,3.075487864675807,inf,0,0,0,0,-1,inf,0,-1,0,0,7600,0,0,0,1012,6588,1.6013145330173364,3.6399410007587303,False
intersection_turn,P3,9017,50,5.0,0.5,18.951078165653428,14.72403780401211,0.008499150662995808,2.0707175358668105e-15,999999999.9999979,44.75999999999996,44.75999999999996,3.3373043013786208,3.075487864675807,inf,0,0,0,0,-1,inf,0,-1,0,0,7600,0,0,0,1014,6586,1.6013145330173364,3.6399410007587303,False
intersection_turn,P4,9017,50,5.0,0.5,18.951078165653428,14.72403780401211,0.008499150662995808,2.0707175358668105e-15,999999999.9999979,44.75999999999996,44.75999999999996,3.3373043013786208,3.075487864675807,inf,0,0,0,0,-1,inf,0,-1,0,0,7600,0,0,0,1014,6586,1.6013145330173364,3.6399410007587303,False
intersection_turn,P0,9018,50,5.0,0.5,18.963833893391097,14.72403780401211,0.008490580935027182,2.0707175358668105e-15,999999999.9999979,44.674999999999976,44.674999999999976,3.41988669402952,3.075487864675807,inf,0,0,0,0,-1,inf,0,-1,0,0,7600,0,0,0,999,6601,1.7093776381043788,3.8440636066910634,False
intersection_turn,P1,9018,50,5.0,0.5,18.96464829343752,14.72403780401211,0.008490031887323576,2.0707175358668105e-15,999999999.9999979,44.666666666666636,44.666666666666636,3.4279893685820144,3.075487864675807,inf,0,0,0,0,-1,inf,0,-1,0,0,7600,0,0,0,996,6604,1.7093776381043788,3.8440636066910634,False
intersection_turn,P2,9018,50,5.0,0.5,18.963833893391097,14.72403780401211,0.008490580935027182,2.0707175358668105e-15,999999999.9999979,44.674999999999976,44.674999999999976,3.41988669402952,3.075487864675807,inf,0,0,0,0,-1,inf,0,-1,0,0,7600,0,0,0,999,6601,1.7093776381043788,3.8440636066910634,False
intersection_turn,P3,9018,50,5.0,0.5,18.963833893391097,14.72403780401211,0.008490580935027182,2.0707175358668105e-15,999999999.9999979,44.674999999999976,44.674999999999976,3.41988669402952,3.075487864675807,inf,0,0,0,0,-1,inf,0,-1,0,0,7600,0,0,0,999,6601,1.7093776381043788,3.8440636066910634,False
intersection_turn,P4,9018,50,5.0,0.5,18.963833893391097,14.72403780401211,0.008490580935027182,2.0707175358668105e-15,999999999.9999979,44.674999999999976,44.674999999999976,3.41988669402952,3.075487864675807,inf,0,0,0,0,-1,inf,0,-1,0,0,7600,0,0,0,999,6601,1.7093776381043788,3.8440636066910634,False
intersection_turn,P0,9019,50,5.0,0.5,18.97050092759835,14.72403780401211,0.00848678703752262,2.0707175358668105e-15,999999999.9999979,44.64999999999998,44.64999999999998,3.444198019858927,3.075487864675807,inf,0,0,0,0,-1,inf,0,-1,0,0,7600,0,0,0,916,6684,1.7344524602526286,3.79068039860401,False
intersection_turn,P1,9019,50,5.0,0.5,18.97050092759835,14.72403780401211,0.00848678703752262,2.0707175358668105e-15,999999999.9999979,44.64999999999998,44.64999999999998,3.444198019858927,3.075487864675807,inf,0,0,0,0,-1,inf,0,-1,0,0,7600,0,0,0,916,6684,1.7344524602526286,3.79068039860401,False
intersection_turn,P2,9019,50,5.0,0.5,18.97050092759835,14.72403780401211,0.00848678703752262,2.0707175358668105e-15,999999999.9999979,44.64999999999998,44.64999999999998,3.444198019858927,3.075487864675807,inf,0,0,0,0,-1,inf,0,-1,0,0,7600,0,0,0,916,6684,1.7344524602526286,3.79068039860401,False
intersection_turn,P3,9019,50,5.0,0.5,18.97050092759835,14.72403780401211,0.00848678703752262,2.0707175358668105e-15,999999999.9999979,44.64999999999998,44.64999999999998,3.444198019858927,3.075487864675807,inf,0,0,0,0,-1,inf,0,-1,0,0,7600,0,0,0,916,6684,1.7344524602526286,3.79068039860401,False
intersection_turn,P4,9019,50,5.0,0.5,18.97050092759835,14.72403780401211,0.00848678703752262,2.0707175358668105e-15,999999999.9999979,44.64999999999998,44.64999999999998,3.444198019858927,3.075487864675807,inf,0,0,0,0,-1,inf,0,-1,0,0,7600,0,0,0,916,6684,1.7344524602526286,3.79068039860401,False
occluding_cut_in,P0,9000,50,5.0,0.5,11.267888282720728,7.327224075401506,0.2107706627715266,0.00021432353040528026,999785676.4695947,17.087302883832308,17.087302883832308,19.431160541768985,11.331044181969368,1.912697116167692,0,0,0,0,-1,inf,0,-1,0,0,7600,182,0,3814,0,3604,2.236508710247554,5.049424401377409,False
occluding_cut_in,P1,9000,50,5.0,0.5,11.332110574919035,7.317204022519822,0.2083959278339579,0.00021492416088724126,999785075.8391128,17.12178035333541,17.115394505041873,19.430094201262467,11.331044181969368,1.884920524226191,0,0,0,0,-1,inf,0,-1,0,0,7600,321,0,3697,0,3582,2.236508710247554,5.049424401377409,False
occluding_cut_in,P2,9000,50,5.0,0.5,11.18816933512213,7.346569653191002,0.21586657007766732,0.0002080808762265537,999791919.1237735,17.151780353335415,17.141282313467723,19.429070033382242,11.331044181969368,1.8631485915805577,0,0,0,0,-1,inf,0,-1,0,0,7600,355,0,3670,0,3575,2.236508710247554,5.049424401377409,False
occluding_cut_in,P3,9000,50,5.0,0.5,11.110482535262593,7.326894548691421,0.2222887307412461,0.00021561099413591555,999784389.0058641,17.15178035333542,17.14141999371464,19.430094201262467,11.331044181969368,1.871072585264871,0,0,0,0,-1,inf,0,-1,0,0,7600,330,0,3695,0,3575,2.236508710247554,5.049424401377409,False
occluding_cut_in,P4,9000,50,5.0,0.5,11.267888282720728,7.327224075401506,0.2107706627715266,0.00021432353040528026,999785676.4695947,17.087302883832308,17.087302883832308,19.431160541768985,11.331044181969368,1.912697116167692,0,0,0,0,-1,inf,0,-1,0,0,7600,182,0,3814,0,3604,2.236508710247554,5.049424401377409,False
occluding_cut_in,P0,9001,50,5.0,0.5,11.267888282720728,7.327224075401506,0.2107706627715266,0.00021432353040528026,999785676.4695947,17.087302883832308,17.087302883832308,19.431160541768985,11.331044181969368,1.912697116167692,0,0,0,0,-1,inf,0,-1,0,0,7600,182,0,3814,0,3604,2.0694366379210174,4.7190311108022716,False
occluding_cut_in,P1,9001,50,5.0,0.5,11.328220731869775,7.326331172501157,0.2081802931586817,0.0002123833658676743,999787616.6341324,17.121780353335406,17.11591623790376,19.43013353196599,11.331044181969368,1.884317558638751,0,0,0,0,-1,inf,0,-1,0,0,7600,296,0,3726,0,3578,2.0694366379210174,4.7190311108022716,False
occluding_cut_in,P2,9001,50,5.0,0.5,11.18503284799463,7.339654199503235,0.21578966851087075,0.0002091103767101219,999790889.62329,17.15178035333542,17.141898185769094,19.430094201262467,11.331044181969368,1.863837459608201,0,0,0,0,-1,inf,0,-1,0,0,7600,329,0,3696,0,3575,2.0694366379210174,4.7190311108022716,False
occluding_cut_in,P3,9001,50,5.0,0.5,11.188730860473086,7.323169320534642,0.21491378570597813,0.0002136283809497396,999786371.6190503,17.15178035333541,17.145196624852222,19.431160541768985,11.331044181969368,1.862832600337549,0,0,0,0,-1,inf,0,-1,0,0,7600,282,0,3743,0,3575,2.0694366379210174,4.7190311108022716,False
occluding_cut_in,P4,9001,50,5.0,0.5,11.267888282720728,7.327224075401506,0.2107706627715266,0.00021432353040528026,999785676.4695947,17.087302883832308,17.087302883832308,19.431160541768985,11.331044181969368,1.912697116167692,0,0,0,0,-1,inf,0,-1,0,0,7600,182,0,3814,0,3604,2.0694366379210174,4.7190311108022716,False
occluding_cut_in,P0,9002,50,5.0,0.5,11.267888282720728,7.327224075401506,0.2107706627715266,0.00021432353040528026,999785676.4695947,17.087302883832308,17.087302883832308,19.431160541768985,11.331044181969368,1.912697116167692,0,0,0,0,-1,inf,0,-1,0,0,7600,182,0,3814,0,3604,2.045198073203585,4.605688830064313,False
occluding_cut_in,P1,9002,50,5.0,0.5,11.32259098532521,7.330849635099795,0.20818126146480598,0.00021115231607467784,999788847.6839255,17.121780353335417,17.116341439325343,19.431160541768985,11.331044181969368,1.8837879858002218,0,0,0,0,-1,inf,0,-1,0,0,7600,270,0,3750,0,3580,2.045198073203585,4.605688830064313,False
occluding_cut_in,P2,9002,50,5.0,0.5,11.196766385412548,7.328414488419855,0.2174767325720963,0.0002145978516012744,999785402.1483989,17.139263734065537,17.128619776554984,19.433133628587235,11.331044181969368,1.8730956592448713,0,0,0,0,-1,inf,0,-1,0,0,7600,328,0,3696,0,3576,2.045198073203585,4.605688830064313,False
occluding_cut_in,P3,9002,50,5.0,0.5,11.188730860473086,7.323169320534642,0.21491378570597813,0.0002136283809497396,999786371.6190503,17.15178035333541,17.145196624852222,19.431160541768985,11.331044181969368,1.862832600337549,0,0,0,0,-1,inf,0,-1,0,0,7600,282,0,3743,0,3575,2.045198073203585,4.605688830064313,False
occluding_cut_in,P4,9002,50,5.0,0.5,11.267888282720728,7.327224075401506,0.2107706627715266,0.00021432353040528026,999785676.4695947,17.087302883832308,17.087302883832308,19.431160541768985,11.331044181969368,1.912697116167692,0,0,0,0,-1,inf,0,-1,0,0,7600,182,0,3814,0,3604,2.045198073203585,4.605688830064313,False
occluding_cut_in,P0,9003,50,5.0,0.5,11.267888282720728,7.327224075401506,0.2107706627715266,0.00021432353040528026,999785676.4695947,17.087302883832308,17.087302883832308,19.431160541768985,11.331044181969368,1.912697116167692,0,0,0,0,-1,inf,0,-1,0,0,7600,182,0,3814,0,3604,2.020775338962199,4.67894251683254,False
occluding_cut_in,P1,9003,50,5.0,0.5,11.276963380877083,7.330914167477342,0.21037900968694642,0.00021314547187283376,999786854.5281272,17.087302883832308,17.08684058791738,19.43013353196599,11.331044181969368,1.913174713293892,0,0,0,0,-1,inf,0,-1,0,0,7600,211,0,3789,0,3600,2.020775338962199,4.67894251683254,False
occluding_cut_in,P2,9003,50,5.0,0.5,11.196786944937497,7.337191093635807,0.2154759439718455,0.00021095573300218003,999789044.2669979,17.151780353335425,17.142163523128445,19.428020504095343,11.331044181969368,1.8616610242549663,0,0,0,0,-1,inf,0,-1,0,0,7600,368,0,3657,0,3575,2.020775338962199,4.67894251683254,False
occluding_cut_in,P3,9003,50,5.0,0.5,11.199130816814181,7.356061034498325,0.21413805358081653,0.000205079719788151,999794920.2802118,17.151780353335415,17.14460914194521,19.43013353196599,11.331044181969368,1.8618445850186753,0,0,0,0,-1,inf,0,-1,0,0,7600,308,0,3721,0,3571,2.020775338962199,4.67894251683254,False
occluding_cut_in,P4,9003,50,5.0,0.5,11.267888282720728,7.327224075401506,0.2107706627715266,0.00021432353040528026,999785676.4695947,17.087302883832308,17.087302883832308,19.431160541768985,11.331044181969368,1.912697116167692,0,0,0,0,-1,inf,0,-1,0,0,7600,182,0,3814,0,3604,2.020775338962199,4.67894251683254,False
occluding_cut_in,P0,9004,50,5.0,0.5,11.267888282720728,7.327224075401506,0.2107706627715266,0.00021432353040528026,999785676.4695947,17.087302883832308,17.087302883832308,19.431160541768985,11.331044181969368,1.912697116167692,0,0,0,0,-1,inf,0,-1,0,0,7600,182,0,3814,0,3604,2.122312493233909,4.859681844703765,False
occluding_cut_in,P1,9004,50,5.0,0.5,11.323529922543887,7.344714577229324,0.20783637704025407,0.00020744801661319413,999792551.9833866,17.121780353335428,17.116769463525344,19.431160541768985,11.331044181969368,1.8835758807025362,0,0,0,0,-1,inf,0,-1,0,0,7600,299,0,3720,0,3581,2.122312493233909,4.859681844703765,False
occluding_cut_in,P2,9004,50,5.0,0.5,11.201647634344402,7.358379049554543,0.2151735306038816,0.00020446212536482774,999795537.8746353,17.15178035333541,17.141062881760497,19.42810077019037,11.331044181969368,1.8635751868897756,0,0,0,0,-1,inf,0,-1,0,0,7600,395,0,3638,0,3567,2.122312493233909,4.859681844703765,False
occluding_cut_in,P3,9004,50,5.0,0.5,11.202189795197482,7.357528109595406,0.21421375202681323,0.000204669026887397,999795330.9731126,17.151780353335415,17.143840049942327,19.42906718105352,11.331044181969368,1.8620315890357273,0,0,0,0,-1,inf,0,-1,0,0,7600,338,0,3695,0,3567,2.122312493233909,4.859681844703765,False
occluding_cut_in,P4,9004,50,5.0,0.5,11.267888282720728,7.327224075401506,0.2107706627715266,0.00021432353040528026,999785676.4695947,17.087302883832308,17.087302883832308,19.431160541768985,11.331044181969368,1.912697116167692,0,0,0,0,-1,inf,0,-1,0,0,7600,182,0,3814,0,3604,2.122312493233909,4.859681844703765,False
occluding_cut_in,P0,9005,50,5.0,0.5,11.267888282720728,7.327224075401506,0.2107706627715266,0.00021432353040528026,999785676.4695947,17.087302883832308,17.087302883832308,19.431160541768985,11.331044181969368,1.912697116167692,0,0,0,0,-1,inf,0,-1,0,0,7600,182,0,3814,0,3604,1.9231246571925498,4.458599560991289,False
occluding_cut_in,P1,9005,50,5.0,0.5,11.3001277500668,7.353114950902221,0.208425261639691,0.00020585546103420025,999794144.5389657,17.121780353335414,17.118624309963533,19.43013353196599,11.331044181969368,1.8816690398021683,0,0,0,0,-1,inf,0,-1,0,0,7600,250,0,3773,0,3577,1.9231246571925498,4.458599560991289,False
occluding_cut_in,P2,9005,50,5.0,0.5,11.241532334536684,7.348806511430331,0.2134431764884724,0.0002080407196453287,999791959.2803547,17.096720715219124,17.092105632699788,19.42902108482531,11.331044181969368,1.9098528538218829,0,0,0,0,-1,inf,0,-1,0,0,7600,273,0,3731,0,3596,1.9231246571925498,4.458599560991289,False
occluding_cut_in,P3,9005,50,5.0,0.5,11.199130816814181,7.356061034498325,0.21413805358081653,0.000205079719788151,999794920.2802118,17.151780353335415,17.14460914194521,19.43013353196599,11.331044181969368,1.8618445850186753,0,0,0,0,-1,inf,0,-1,0,0,7600,308,0,3721,0,3571,1.9231246571925498,4.458599560991289,False
occluding_cut_in,P4,9005,50,5.0,0.5,11.267888282720728,7.327224075401506,0.2107706627715266,0.00021432353040528026,999785676.4695947,17.087302883832308,17.087302883832308,19.431160541768985,11.331044181969368,1.912697116167692,0,0,0,0,-1,inf,0,-1,0,0,7600,182,0,3814,0,3604,1.9231246571925498,4.458599560991289,False
occluding_cut_in,P0,9006,50,5.0,0.5,11.267888282720728,7.327224075401506,0.2107706627715266,0.00021432353040528026,999785676.4695947,17.087302883832308,17.087302883832308,19.431160541768985,11.331044181969368,1.912697116167692,0,0,0,0,-1,inf,0,-1,0,0,7600,182,0,3814,0,3604,1.9990717305850219,4.5711068011340314,False
occluding_cut_in,P1,9006,50,5.0,0.5,11.302438581173565,7.353591518223721,0.208176956459349,0.00020539113233300558,999794608.8676671,17.121780353335414,17.11831932101108,19.431160541768985,11.331044181969368,1.8818062231194883,0,0,0,0,-1,inf,0,-1,0,0,7600,232,0,3787,0,3581,1.9990717305850219,4.5711068011340314,False
occluding_cut_in,P2,9006,50,5.0,0.5,11.107775349567344,7.325385328508848,0.22251478459329055,0.00021610844700436602,999783891.5529958,17.151780353335425,17.141289758271174,19.430073758811165,11.331044181969368,1.8713197526690561,0,0,0,0,-1,inf,0,-1,0,0,7600,333,0,3692,0,3575,1.9990717305850219,4.5711068011340314,False
occluding_cut_in,P3,9006,50,5.0,0.5,11.111649839346782,7.332463616707964,0.22175011372850684,0.00021383137110448101,999786168.6288955,17.15178035333541,17.14231219455394,19.431160541768985,11.331044181969368,1.8710232551863193,0,0,0,0,-1,inf,0,-1,0,0,7600,304,0,3721,0,3575,1.9990717305850219,4.5711068011340314,False
occluding_cut_in,P4,9006,50,5.0,0.5,11.267888282720728,7.327224075401506,0.2107706627715266,0.00021432353040528026,999785676.4695947,17.087302883832308,17.087302883832308,19.431160541768985,11.331044181969368,1.912697116167692,0,0,0,0,-1,inf,0,-1,0,0,7600,182,0,3814,0,3604,1.9990717305850219,4.5711068011340314,False
occluding_cut_in,P0,9007,50,5.0,0.5,11.267888282720728,7.327224075401506,0.2107706627715266,0.00021432353040528026,999785676.4695947,17.087302883832308,17.087302883832308,19.431160541768985,11.331044181969368,1.912697116167692,0,0,0,0,-1,inf,0,-1,0,0,7600,182,0,3814,0,3604,2.0271637120754717,4.624597932615985,False
occluding_cut_in,P1,9007,50,5.0,0.5,11.311378602159753,7.349014587157961,0.2079716628434389,0.00020637574603807674,999793624.2539618,17.121780353335414,17.117622715201758,19.431160541768985,11.331044181969368,1.8824849619202388,0,0,0,0,-1,inf,0,-1,0,0,7600,237,0,3784,0,3579,2.0271637120754717,4.624597932615985,False
occluding_cut_in,P2,9007,50,5.0,0.5,11.230696940318678,7.351286970130206,0.21341323529873268,0.00020714780381925966,999792852.1961806,17.109263734065536,17.103890552950787,19.433133628587235,11.331044181969368,1.898345575441665,0,0,0,0,-1,inf,0,-1,0,0,7600,258,0,3751,0,3591,2.0271637120754717,4.624597932615985,False
occluding_cut_in,P3,9007,50,5.0,0.5,11.171875733710857,7.333605833077077,0.21495380087290047,0.00021066228407198067,999789337.7159281,17.15178035333541,17.14487247370373,19.435032721914393,11.331044181969368,1.864576446601228,0,0,0,0,-1,inf,0,-1,0,0,7600,342,0,3691,0,3567,2.0271637120754717,4.624597932615985,False
occluding_cut_in,P4,9007,50,5.0,0.5,11.267888282720728,7.327224075401506,0.2107706627715266,0.00021432353040528026,999785676.4695947,17.087302883832308,17.087302883832308,19.431160541768985,11.331044181969368,1.912697116167692,0,0,0,0,-1,inf,0,-1,0,0,7600,182,0,3814,0,3604,2.0271637120754717,4.624597932615985,False
occluding_cut_in,P0,9008,50,5.0,0.5,11.267888282720728,7.327224075401506,0.2107706627715266,0.00021432353040528026,999785676.4695947,17.087302883832308,17.087302883832308,19.431160541768985,11.331044181969368,1.912697116167692,0,0,0,0,-1,inf,0,-1,0,0,7600,182,0,3814,0,3604,2.0446041312115977,4.708559449648159,False
occluding_cut_in,P1,9008,50,5.0,0.5,11.32641752979756,7.319765403233969,0.20844227475307264,0.00021422358668181642,999785776.4133182,17.12178035333541,17.115760141865753,19.431160541768985,11.331044181969368,1.8844060385324797,0,0,0,0,-1,inf,0,-1,0,0,7600,295,0,3725,0,3580,2.0446041312115977,4.708559449648159,False
occluding_cut_in,P2,9008,50,5.0,0.5,11.175019714200964,7.36219329629697,0.21644261492479372,0.00020343671155943966,999796563.2884406,17.17353720412902,17.15966099532262,19.431160541768985,11.331044181969368,1.8432977905978762,0,0,0,0,-1,inf,0,-1,0,0,7600,371,0,3669,0,3560,2.0446041312115977,4.708559449648159,False
occluding_cut_in,P3,9008,50,5.0,0.5,11.111649839346782,7.332463616707964,0.22175011372850684,0.00021383137110448101,999786168.6288955,17.15178035333541,17.14231219455394,19.431160541768985,11.331044181969368,1.8710232551863193,0,0,0,0,-1,inf,0,-1,0,0,7600,304,0,3721,0,3575,2.0446041312115977,4.708559449648159,False
occluding_cut_in,P4,9008,50,5.0,0.5,11.267888282720728,7.327224075401506,0.2107706627715266,0.00021432353040528026,999785676.4695947,17.087302883832308,17.087302883832308,19.431160541768985,11.331044181969368,1.912697116167692,0,0,0,0,-1,inf,0,-1,0,0,7600,182,0,3814,0,3604,2.0446041312115977,4.708559449648159,False
occluding_cut_in,P0,9009,50,5.0,0.5,11.267888282720728,7.327224075401506,0.2107706627715266,0.00021432353040528026,999785676.4695947,17.087302883832308,17.087302883832308,19.431160541768985,11.331044181969368,1.912697116167692,0,0,0,0,-1,inf,0,-1,0,0,7600,182,0,3814,0,3604,1.9841330657377356,4.574813734233022,False
occluding_cut_in,P1,9009,50,5.0,0.5,11.318117202915344,7.346777872757504,0.2078571064664496,0.0002069281249115017,999793071.8750887,17.121780353335417,17.117194242825846,19.43013353196599,11.331044181969368,1.8830099866060035,0,0,0,0,-1,inf,0,-1,0,0,7600,266,0,3757,0,3577,1.9841330657377356,4.574813734233022,False
occluding_cut_in,P2,9009,50,5.0,0.5,11.184655886519955,7.344973534918988,0.2154781521159735,0.00020687544511968677,999793124.5548804,17.135545583644515,17.123580622550783,19.43013353196599,11.331044181969368,1.8788502045275304,0,0,0,0,-1,inf,0,-1,0,0,7600,344,0,3649,0,3607,1.9841330657377356,4.574813734233022,False
occluding_cut_in,P3,9009,50,5.0,0.5,11.197714630725336,7.356509060113466,0.21426811040009994,0.00020471969377836862,999795280.3062217,17.151780353335422,17.144674857593426,19.43013353196599,11.331044181969368,1.861175591180816,0,0,0,0,-1,inf,0,-1,0,0,7600,303,0,3726,0,3571,1.9841330657377356,4.574813734233022,False
occluding_cut_in,P4,9009,50,5.0,0.5,11.267888282720728,7.327224075401506,0.2107706627715266,0.00021432353040528026,999785676.4695947,17.087302883832308,17.087302883832308,19.431160541768985,11.331044181969368,1.912697116167692,0,0,0,0,-1,inf,0,-1,0,0,7600,182,0,3814,0,3604,1.9841330657377356,4.574813734233022,False
occluding_cut_in,P0,9010,50,5.0,0.5,11.267888282720728,7.327224075401506,0.2107706627715266,0.00021432353040528026,999785676.4695947,17.087302883832308,17.087302883832308,19.431160541768985,11.331044181969368,1.912697116167692,0,0,0,0,-1,inf,0,-1,0,0,7600,182,0,3814,0,3604,1.9371861556321617,4.495257527242439,False
occluding_cut_in,P1,9010,50,5.0,0.5,11.289445943630772,7.342689165104604,0.2094229478708295,0.00020923845846061495,999790761.5415394,17.087302883832304,17.085957907423442,19.43013353196599,11.331044181969368,1.914046008693127,0,0,0,0,-1,inf,0,-1,0,0,7600,220,0,3780,0,3600,1.9371861556321617,4.495257527242439,False
occluding_cut_in,P2,9010,50,5.0,0.5,11.237984396402712,7.348411669860199,0.2133351507000627,0.00020808773445762894,999791912.2655423,17.096720715219103,17.092765427591445,19.430094201262467,11.331044181969368,1.9095319180822474,0,0,0,0,-1,inf,0,-1,0,0,7600,241,0,3759,0,3600,1.9371861556321617,4.495257527242439,False
occluding_cut_in,P3,9010,50,5.0,0.5,11.234115978422913,7.347532739074193,0.2132565692115898,0.00020827732696175155,999791722.6730384,17.09672071521911,17.09343247158598,19.431160541768985,11.331044181969368,1.9092338673411526,0,0,0,0,-1,inf,0,-1,0,0,7600,216,0,3784,0,3600,1.9371861556321617,4.495257527242439,False
occluding_cut_in,P4,9010,50,5.0,0.5,11.267888282720728,7.327224075401506,0.2107706627715266,0.00021432353040528026,999785676.4695947,17.087302883832308,17.087302883832308,19.431160541768985,11.331044181969368,1.912697116167692,0,0,0,0,-1,inf,0,-1,0,0,7600,182,0,3814,0,3604,1.9371861556321617,4.495257527242439,False
occluding_cut_in,P0,9011,50,5.0,0.5,11.267888282720728,7.327224075401506,0.2107706627715266,0.00021432353040528026,999785676.4695947,17.087302883832308,17.087302883832308,19.431160541768985,11.331044181969368,1.912697116167692,0,0,0,0,-1,inf,0,-1,0,0,7600,182,0,3814,0,3604,1.993312493236331,4.662031427717469,False
occluding_cut_in,P1,9011,50,5.0,0.5,11.32259098532521,7.330849635099795,0.20818126146480598,0.00021115231607467784,999788847.6839255,17.121780353335417,17.116341439325343,19.431160541768985,11.331044181969368,1.8837879858002218,0,0,0,0,-1,inf,0,-1,0,0,7600,270,0,3750,0,3580,1.993312493236331,4.662031427717469,False
occluding_cut_in,P2,9011,50,5.0,0.5,11.186075618820407,7.330539289814475,0.21570086009281156,0.00021294527912640434,999787054.7208736,17.151780353335415,17.143391869241814,19.430094201262467,11.331044181969368,1.8615756950911542,0,0,0,0,-1,inf,0,-1,0,0,7600,316,0,3709,0,3575,1.993312493236331,4.662031427717469,False
occluding_cut_in,P3,9011,50,5.0,0.5,11.110193745786946,7.321493843175827,0.22275828606353712,0.00021733650592131214,999782663.4940786,17.151780353335415,17.14059414129135,19.42906718105352,11.331044181969368,1.8710372311344217,0,0,0,0,-1,inf,0,-1,0,0,7600,366,0,3667,0,3567,1.993312493236331,4.662031427717469,False
occluding_cut_in,P4,9011,50,5.0,0.5,11.267888282720728,7.327224075401506,0.2107706627715266,0.00021432353040528026,999785676.4695947,17.087302883832308,17.087302883832308,19.431160541768985,11.331044181969368,1.912697116167692,0,0,0,0,-1,inf,0,-1,0,0,7600,182,0,3814,0,3604,1.993312493236331,4.662031427717469,False
occluding_cut_in,P0,9012,50,5.0,0.5,11.267888282720728,7.327224075401506,0.2107706627715266,0.00021432353040528026,999785676.4695947,17.087302883832308,17.087302883832308,19.431160541768985,11.331044181969368,1.912697116167692,0,0,0,0,-1,inf,0,-1,0,0,7600,182,0,3814,0,3604,2.039523884466683,4.783729763623461,False
occluding_cut_in,P1,9012,50,5.0,0.5,11.32641752979756,7.319765403233969,0.20844227475307264,0.00021422358668181642,999785776.4133182,17.12178035333541,17.115760141865753,19.431160541768985,11.331044181969368,1.8844060385324797,0,0,0,0,-1,inf,0,-1,0,0,7600,295,0,3725,0,3580,2.039523884466683,4.783729763623461,False
occluding_cut_in,P2,9012,50,5.0,0.5,11.247849540917121,7.340815012458834,0.21461636854754762,0.00021060421127506,999789395.788725,17.10926373406554,17.101305601602693,19.42902108482531,11.331044181969368,1.8996968893496033,0,0,0,0,-1,inf,0,-1,0,0,7600,326,0,3687,0,3587,2.039523884466683,4.783729763623461,False
occluding_cut_in,P3,9012,50,5.0,0.5,11.234115978422913,7.347532739074193,0.2132565692115898,0.00020827732696175155,999791722.6730384,17.09672071521911,17.09343247158598,19.431160541768985,11.331044181969368,1.9092338673411526,0,0,0,0,-1,inf,0,-1,0,0,7600,216,0,3784,0,3600,2.039523884466683,4.783729763623461,False
occluding_cut_in,P4,9012,50,5.0,0.5,11.267888282720728,7.327224075401506,0.2107706627715266,0.00021432353040528026,999785676.4695947,17.087302883832308,17.087302883832308,19.431160541768985,11.331044181969368,1.912697116167692,0,0,0,0,-1,inf,0,-1,0,0,7600,182,0,3814,0,3604,2.039523884466683,4.783729763623461,False
occluding_cut_in,P0,9013,50,5.0,0.5,11.267888282720728,7.327224075401506,0.2107706627715266,0.00021432353040528026,999785676.4695947,17.087302883832308,17.087302883832308,19.431160541768985,11.331044181969368,1.912697116167692,0,0,0,0,-1,inf,0,-1,0,0,7600,182,0,3814,0,3604,2.066445214034944,4.802323028794282,False
occluding_cut_in,P1,9013,50,5.0,0.5,11.27959823775745,7.3462779110606355,0.2100196495923135,0.00020811949895195854,999791880.501048,17.087302883832304,17.08643884012282,19.430094201262467,11.331044181969368,1.9136055059923018,0,0,0,0,-1,inf,0,-1,0,0,7600,216,0,3780,0,3604,2.066445214034944,4.802323028794282,False
occluding_cut_in,P2,9013,50,5.0,0.5,11.239816059035615,7.348858456009843,0.21357968894979265,0.0002080533438758597,999791946.6561241,17.096720715219128,17.09198709612105,19.429027819371885,11.331044181969368,1.910035992509385,0,0,0,0,-1,inf,0,-1,0,0,7600,270,0,3730,0,3600,2.066445214034944,4.802323028794282,False
occluding_cut_in,P3,9013,50,5.0,0.5,11.195220078189754,7.354345850186862,0.21412403749681036,0.00020556110229852885,999794438.8977014,17.151780353335408,17.145345201145346,19.431160541768985,11.331044181969368,1.8617540578986738,0,0,0,0,-1,inf,0,-1,0,0,7600,279,0,3746,0,3575,2.066445214034944,4.802323028794282,False
occluding_cut_in,P4,9013,50,5.0,0.5,11.267888282720728,7.327224075401506,0.2107706627715266,0.00021432353040528026,999785676.4695947,17.087302883832308,17.087302883832308,19.431160541768985,11.331044181969368,1.912697116167692,0,0,0,0,-1,inf,0,-1,0,0,7600,182,0,3814,0,3604,2.066445214034944,4.802323028794282,False
occluding_cut_in,P0,9014,50,5.0,0.5,11.267888282720728,7.327224075401506,0.2107706627715266,0.00021432353040528026,999785676.4695947,17.087302883832308,17.087302883832308,19.431160541768985,11.331044181969368,1.912697116167692,0,0,0,0,-1,inf,0,-1,0,0,7600,182,0,3814,0,3604,1.8754138311910105,4.451606663516725,False
occluding_cut_in,P1,9014,50,5.0,0.5,11.311378602159753,7.349014587157961,0.2079716628434389,0.00020637574603807674,999793624.2539618,17.121780353335414,17.117622715201758,19.431160541768985,11.331044181969368,1.8824849619202388,0,0,0,0,-1,inf,0,-1,0,0,7600,237,0,3784,0,3579,1.8754138311910105,4.451606663516725,False
occluding_cut_in,P2,9014,50,5.0,0.5,11.222601870957808,7.344685878004649,0.21524704515085424,0.00020936202785666778,999790637.9721433,17.139263734065544,17.130520724208843,19.430094201262467,11.331044181969368,1.870638421737648,0,0,0,0,-1,inf,0,-1,0,0,7600,296,0,3728,0,3576,1.8754138311910105,4.451606663516725,False
occluding_cut_in,P3,9014,50,5.0,0.5,11.195220078189754,7.354345850186862,0.21412403749681036,0.00020556110229852885,999794438.8977014,17.151780353335408,17.145345201145346,19.431160541768985,11.331044181969368,1.8617540578986738,0,0,0,0,-1,inf,0,-1,0,0,7600,279,0,3746,0,3575,1.8754138311910105,4.451606663516725,False
occluding_cut_in,P4,9014,50,5.0,0.5,11.267888282720728,7.327224075401506,0.2107706627715266,0.00021432353040528026,999785676.4695947,17.087302883832308,17.087302883832308,19.431160541768985,11.331044181969368,1.912697116167692,0,0,0,0,-1,inf,0,-1,0,0,7600,182,0,3814,0,3604,1.8754138311910105,4.451606663516725,False
occluding_cut_in,P0,9015,50,5.0,0.5,11.267888282720728,7.327224075401506,0.2107706627715266,0.00021432353040528026,999785676.4695947,17.087302883832308,17.087302883832308,19.431160541768985,11.331044181969368,1.912697116167692,0,0,0,0,-1,inf,0,-1,0,0,7600,182,0,3814,0,3604,2.055938133199836,4.7406857387731645,False
occluding_cut_in,P1,9015,50,5.0,0.5,11.295418314240075,7.339360492320376,0.20953016730312896,0.00021039180284611168,999789608.1971539,17.087302883832308,17.085812480747336,19.42902108482531,11.331044181969368,1.9142924455010761,0,0,0,0,-1,inf,0,-1,0,0,7600,263,0,3737,0,3600,2.055938133199836,4.7406857387731645,False
occluding_cut_in,P2,9015,50,5.0,0.5,11.243941675404542,7.347368074154136,0.2140636836089802,0.00020866313146191432,999791336.8685383,17.096720715219117,17.090576267391267,19.428020504095343,11.331044181969368,1.9108983617464803,0,0,0,0,-1,inf,0,-1,0,0,7600,314,0,3686,0,3600,2.055938133199836,4.7406857387731645,False
occluding_cut_in,P3,9015,50,5.0,0.5,11.196457491852643,7.356078480514971,0.21434967398794555,0.00020482149822213837,999795178.501778,17.15178035333541,17.14458172147624,19.430048105437574,11.331044181969368,1.8613389248502736,0,0,0,0,-1,inf,0,-1,0,0,7600,300,0,3725,0,3575,2.055938133199836,4.7406857387731645,False
occluding_cut_in,P4,9015,50,5.0,0.5,11.267888282720728,7.327224075401506,0.2107706627715266,0.00021432353040528026,999785676.4695947,17.087302883832308,17.087302883832308,19.431160541768985,11.331044181969368,1.912697116167692,0,0,0,0,-1,inf,0,-1,0,0,7600,182,0,3814,0,3604,2.055938133199836,4.7406857387731645,False
occluding_cut_in,P0,9016,50,5.0,0.5,11.267888282720728,7.327224075401506,0.2107706627715266,0.00021432353040528026,999785676.4695947,17.087302883832308,17.087302883832308,19.431160541768985,11.331044181969368,1.912697116167692,0,0,0,0,-1,inf,0,-1,0,0,7600,182,0,3814,0,3604,1.9453876142750834,4.462424339071997,False
occluding_cut_in,P1,9016,50,5.0,0.5,11.297869342228044,7.343466673689892,0.20923779931311032,0.00020898105217346914,999791018.9478265,17.087302883832308,17.08552342188271,19.430073758811165,11.331044181969368,1.9145226843294183,0,0,0,0,-1,inf,0,-1,0,0,7600,248,0,3748,0,3604,1.9453876142750834,4.462424339071997,False
occluding_cut_in,P2,9016,50,5.0,0.5,11.241042283227243,7.34834648612017,0.21388584832584492,0.00020830622371436619,999791693.7762855,17.096720715219117,17.09120928887516,19.429027819371885,11.331044181969368,1.9105636526441665,0,0,0,0,-1,inf,0,-1,0,0,7600,292,0,3708,0,3600,1.9453876142750834,4.462424339071997,False
occluding_cut_in,P3,9016,50,5.0,0.5,11.188730860473086,7.323169320534642,0.21491378570597813,0.0002136283809497396,999786371.6190503,17.15178035333541,17.145196624852222,19.431160541768985,11.331044181969368,1.862832600337549,0,0,0,0,-1,inf,0,-1,0,0,7600,282,0,3743,0,3575,1.9453876142750834,4.462424339071997,False
occluding_cut_in,P4,9016,50,5.0,0.5,11.267888282720728,7.327224075401506,0.2107706627715266,0.00021432353040528026,999785676.4695947,17.087302883832308,17.087302883832308,19.431160541768985,11.331044181969368,1.912697116167692,0,0,0,0,-1,inf,0,-1,0,0,7600,182,0,3814,0,3604,1.9453876142750834,4.462424339071997,False
occluding_cut_in,P0,9017,50,5.0,0.5,11.267888282720728,7.327224075401506,0.2107706627715266,0.00021432353040528026,999785676.4695947,17.087302883832308,17.087302883832308,19.431160541768985,11.331044181969368,1.912697116167692,0,0,0,0,-1,inf,0,-1,0,0,7600,182,0,3814,0,3604,2.004324368321974,4.612497842378737,False
occluding_cut_in,P1,9017,50,5.0,0.5,11.317783592570613,7.340924320324938,0.20800412073676305,0.00020844263878270098,999791557.3612175,17.121780353335406,17.116962367430588,19.431160541768985,11.331044181969368,1.88314773956537,0,0,0,0,-1,inf,0,-1,0,0,7600,257,0,3763,0,3580,2.004324368321974,4.612497842378737,False
occluding_cut_in,P2,9017,50,5.0,0.5,11.175127974755581,7.332945383751173,0.2159798629118412,0.00021217371145124502,999787826.2885487,17.151780353335404,17.143658201067584,19.431160541768985,11.331044181969368,1.8622859975209516,0,0,0,0,-1,inf,0,-1,0,0,7600,283,0,3742,0,3575,2.004324368321974,4.612497842378737,False
occluding_cut_in,P3,9017,50,5.0,0.5,11.17982647253661,7.309945239514288,0.21592928226700317,0.00021928228020077524,999780717.7197994,17.15178035333542,17.145397845880034,19.431160541768985,11.331044181969368,1.8602356327073468,0,0,0,0,-1,inf,0,-1,0,0,7600,271,0,3754,0,3575,2.004324368321974,4.612497842378737,False
occluding_cut_in,P4,9017,50,5.0,0.5,11.267888282720728,7.327224075401506,0.2107706627715266,0.00021432353040528026,999785676.4695947,17.087302883832308,17.087302883832308,19.431160541768985,11.331044181969368,1.912697116167692,0,0,0,0,-1,inf,0,-1,0,0,7600,182,0,3814,0,3604,2.004324368321974,4.612497842378737,False
occluding_cut_in,P0,9018,50,5.0,0.5,11.267888282720728,7.327224075401506,0.2107706627715266,0.00021432353040528026,999785676.4695947,17.087302883832308,17.087302883832308,19.431160541768985,11.331044181969368,1.912697116167692,0,0,0,0,-1,inf,0,-1,0,0,7600,182,0,3814,0,3604,1.976186555234266,4.603608206986899,False
occluding_cut_in,P1,9018,50,5.0,0.5,11.321771043070433,7.3391346447995085,0.20825445283837796,0.00021042990867270784,999789570.0913273,17.121780353335417,17.116548502169948,19.431160541768985,11.331044181969368,1.8837522492727996,0,0,0,0,-1,inf,0,-1,0,0,7600,272,0,3748,0,3580,1.976186555234266,4.603608206986899,False
occluding_cut_in,P2,9018,50,5.0,0.5,11.238473942199763,7.348331817929137,0.213296932476458,0.00020810353427264775,999791896.4657272,17.096720715219107,17.09280097618688,19.43013353196599,11.331044181969368,1.9094763375039747,0,0,0,0,-1,inf,0,-1,0,0,7600,245,0,3759,0,3596,1.976186555234266,4.603608206986899,False
occluding_cut_in,P3,9018,50,5.0,0.5,11.111649839346782,7.332463616707964,0.22175011372850684,0.00021383137110448101,999786168.6288955,17.15178035333541,17.14231219455394,19.431160541768985,11.331044181969368,1.8710232551863193,0,0,0,0,-1,inf,0,-1,0,0,7600,304,0,3721,0,3575,1.976186555234266,4.603608206986899,False
occluding_cut_in,P4,9018,50,5.0,0.5,11.267888282720728,7.327224075401506,0.2107706627715266,0.00021432353040528026,999785676.4695947,17.087302883832308,17.087302883832308,19.431160541768985,11.331044181969368,1.912697116167692,0,0,0,0,-1,inf,0,-1,0,0,7600,182,0,3814,0,3604,1.976186555234266,4.603608206986899,False
occluding_cut_in,P0,9019,50,5.0,0.5,11.267888282720728,7.327224075401506,0.2107706627715266,0.00021432353040528026,999785676.4695947,17.087302883832308,17.087302883832308,19.431160541768985,11.331044181969368,1.912697116167692,0,0,0,0,-1,inf,0,-1,0,0,7600,182,0,3814,0,3604,1.8593987034300925,4.278714910622801,False
occluding_cut_in,P1,9019,50,5.0,0.5,11.302438581173565,7.353591518223721,0.208176956459349,0.00020539113233300558,999794608.8676671,17.121780353335414,17.11831932101108,19.431160541768985,11.331044181969368,1.8818062231194883,0,0,0,0,-1,inf,0,-1,0,0,7600,232,0,3787,0,3581,1.8593987034300925,4.278714910622801,False
occluding_cut_in,P2,9019,50,5.0,0.5,11.238473942199763,7.348331817929137,0.213296932476458,0.00020810353427264775,999791896.4657272,17.096720715219107,17.09280097618688,19.43013353196599,11.331044181969368,1.9094763375039747,0,0,0,0,-1,inf,0,-1,0,0,7600,245,0,3759,0,3596,1.8593987034300925,4.278714910622801,False
occluding_cut_in,P3,9019,50,5.0,0.5,11.234115978422913,7.347532739074193,0.2132565692115898,0.00020827732696175155,999791722.6730384,17.09672071521911,17.09343247158598,19.431160541768985,11.331044181969368,1.9092338673411526,0,0,0,0,-1,inf,0,-1,0,0,7600,216,0,3784,0,3600,1.8593987034300925,4.278714910622801,False
occluding_cut_in,P4,9019,50,5.0,0.5,11.267888282720728,7.327224075401506,0.2107706627715266,0.00021432353040528026,999785676.4695947,17.087302883832308,17.087302883832308,19.431160541768985,11.331044181969368,1.912697116167692,0,0,0,0,-1,inf,0,-1,0,0,7600,182,0,3814,0,3604,1.8593987034300925,4.278714910622801,False
