scenario,planner,seed,steps,duration_s,planning_safety_margin_m,mean_snr_db,min_snr_db,mean_outage_probability,mean_ber_model,mean_goodput_bps_model,path_length_m,progress_m,min_target_distance_m,min_realized_ttc_s,min_static_obstacle_clearance_m,static_clearance_violation_steps,static_clearance_violation_indicator,collision_indicator,collision_steps,first_collision_step,first_collision_time_s,no_candidate_steps,first_no_candidate_step,zero_candidate_after_static_steps,zero_candidate_after_dynamic_steps,candidate_evaluations,candidate_road_rejections,candidate_speed_rejections,candidate_static_rejections,candidate_dynamic_rejections,candidate_feasible,prediction_ade_m,prediction_fde_m,measured_optical_link
following_lateral_offset,P0,12000,40,4.0,1.5,20.647998964230585,16.001791007316,0.004205820055801282,7.636400952430603e-20,1000000000.0,35.13333333333334,35.118560146803986,4.900583602609764,1.9895244094463884,inf,0,0,0,0,-1,inf,0,-1,0,0,6080,1668,0,0,1657,2755,1.6338930626009258,3.8139706020221498,False
following_lateral_offset,P1,12000,40,4.0,1.5,20.632932259033687,16.001791007316,0.004225371316820483,7.636400952431205e-20,1000000000.0,34.96666666666669,34.9513828130073,5.0629845931641935,2.1841490751475394,inf,0,0,0,0,-1,inf,0,-1,0,0,6080,1717,0,0,1585,2778,1.6338930626009258,3.8139706020221498,False
following_lateral_offset,P2,12000,40,4.0,1.5,20.721179678715465,16.001791007316,0.004198958163105506,7.636400952430603e-20,1000000000.0,35.17166666666667,35.15629056992582,4.858204284217471,2.0132940814556965,inf,0,0,0,0,-1,inf,0,-1,0,0,6080,1729,0,0,1616,2735,1.6338930626009258,3.8139706020221498,False
following_lateral_offset,P3,12000,40,4.0,1.5,20.649833920569307,16.001791007316,0.004205602699578949,7.636400952430603e-20,1000000000.0,35.14500000000001,35.13022406374488,4.888935051015462,1.969792479027246,inf,0,0,0,0,-1,inf,0,-1,0,0,6080,1668,0,0,1657,2755,1.6338930626009258,3.8139706020221498,False
following_lateral_offset,P4,12000,40,4.0,1.5,20.67150444832649,16.001791007316,0.0042088467276404085,7.636400952430603e-20,1000000000.0,35.03333333333333,35.01801948192388,4.996387393749507,2.156947929207239,inf,0,0,0,0,-1,inf,0,-1,0,0,6080,1725,0,0,1590,2765,1.6338930626009258,3.8139706020221498,False
following_lateral_offset,P0,12001,40,4.0,1.5,16.97936635347895,11.79539753388019,0.019877939460637085,3.954784904332774e-09,999999996.0452152,35.733333333333334,35.733333333333334,4.490483765079709,1.8398979693897914,inf,0,0,0,0,-1,inf,1,1,0,1,6080,0,0,0,2846,3234,1.621066885958316,3.849767745652082,False
following_lateral_offset,P1,12001,40,4.0,1.5,16.97936635347895,11.79539753388019,0.019877939460637085,3.954784904332774e-09,999999996.0452152,35.733333333333334,35.733333333333334,4.490483765079709,1.8398979693897914,inf,0,0,0,0,-1,inf,1,1,0,1,6080,0,0,0,2846,3234,1.621066885958316,3.849767745652082,False
following_lateral_offset,P2,12001,40,4.0,1.5,16.97936635347895,11.79539753388019,0.019877939460637085,3.954784904332774e-09,999999996.0452152,35.733333333333334,35.733333333333334,4.490483765079709,1.8398979693897914,inf,0,0,0,0,-1,inf,1,1,0,1,6080,0,0,0,2846,3234,1.621066885958316,3.849767745652082,False
following_lateral_offset,P3,12001,40,4.0,1.5,17.00383987515521,11.937682690993006,0.019187727154449163,2.3853150634003738e-09,999999997.614685,35.70333333333333,35.70333333333333,4.518998168227605,1.8506122551040771,inf,0,0,0,0,-1,inf,1,1,0,1,6080,0,0,0,2838,3242,1.621066885958316,3.849767745652082,False
following_lateral_offset,P4,12001,40,4.0,1.5,18.44807722577749,16.137508032910766,0.006258315202215282,2.0684856690520753e-20,1000000000.0,35.47833333333334,35.473447765718234,4.661475307508163,1.8506122551040771,inf,0,0,0,0,-1,inf,1,1,0,1,6080,263,0,0,2567,3250,1.621066885958316,3.849767745652082,False
following_lateral_offset,P0,12002,40,4.0,1.5,11.785614819078996,0.4758211309776499,0.31661181845673203,0.014417177268177312,985582822.7318226,36.09166666666666,36.07441253707198,4.37748010893312,1.5612388582995085,inf,0,0,0,0,-1,inf,0,-1,0,0,6080,1331,0,0,1894,2855,1.6801316419628702,3.8251668060312,False
following_lateral_offset,P1,12002,40,4.0,1.5,11.788036352927772,0.5425315006983098,0.31657896888496867,0.014317424045869881,985682575.9541302,36.085,36.06775058284951,4.383566086496861,1.592705619421734,inf,0,0,0,0,-1,inf,0,-1,0,0,6080,1330,0,0,1895,2855,1.6801316419628702,3.8251668060312,False
following_lateral_offset,P2,12002,40,4.0,1.5,11.795027141803384,0.6914590032592223,0.31646128376967847,0.01403915759120109,985960842.4087989,36.07,36.052761185848944,4.397265693415765,1.6449148112059857,inf,0,0,0,0,-1,inf,0,-1,0,0,6080,1329,0,0,1893,2858,1.6801316419628702,3.8251668060312,False
following_lateral_offset,P3,12002,40,4.0,1.5,11.790373253941555,0.5923535413463732,0.3165402471979619,0.014224186548609288,985775813.4513909,36.079999999999984,36.06275411718264,4.388131677143944,1.6097824958589508,inf,0,0,0,0,-1,inf,0,-1,0,0,6080,1330,0,0,1895,2855,1.6801316419628702,3.8251668060312,False
following_lateral_offset,P4,12002,40,4.0,1.5,20.328888044672787,16.001791007316,0.004254719840659755,7.636400952429459e-20,1000000000.0,35.051666666666684,35.039229591354626,5.000597713915193,2.17366361082604,inf,0,0,0,0,-1,inf,0,-1,0,0,6080,1402,0,0,1766,2912,1.6801316419628702,3.8251668060312,False
following_lateral_offset,P0,12003,40,4.0,1.5,17.08322725624598,13.010693186970466,0.01476053453123101,2.8060618087736947e-11,999999999.9719394,35.449999999999996,35.449999999999996,4.760514678057409,1.7446857257165724,inf,0,0,0,0,-1,inf,0,-1,0,0,6080,0,0,0,2851,3229,1.63505044890626,3.9169352334224983,False
following_lateral_offset,P1,12003,40,4.0,1.5,17.08322725624598,13.010693186970466,0.01476053453123101,2.8060618087736947e-11,999999999.9719394,35.449999999999996,35.449999999999996,4.760514678057409,1.7446857257165724,inf,0,0,0,0,-1,inf,0,-1,0,0,6080,0,0,0,2851,3229,1.63505044890626,3.9169352334224983,False
following_lateral_offset,P2,12003,40,4.0,1.5,17.76796299767339,16.01220876693607,0.008272426664350862,8.074646238773279e-20,1000000000.0,35.42,35.41716015640351,4.747396191440076,1.7446857257165724,inf,0,0,0,0,-1,inf,0,-1,0,0,6080,142,0,0,2721,3217,1.63505044890626,3.9169352334224983,False
following_lateral_offset,P3,12003,40,4.0,1.5,17.766867400744218,16.01220876693607,0.008275271022930186,8.074646238773614e-20,1000000000.0,35.435,35.43215081481273,4.732788218119821,1.7446857257165724,inf,0,0,0,0,-1,inf,0,-1,0,0,6080,142,0,0,2724,3214,1.63505044890626,3.9169352334224983,False
following_lateral_offset,P4,12003,40,4.0,1.5,18.18464582376803,15.95217205522081,0.007820229209848761,1.7908743143388696e-19,1000000000.0,35.399999999999984,35.3883718343732,4.742834669045494,1.7415933332283593,inf,0,0,0,0,-1,inf,0,-1,0,0,6080,344,0,0,2556,3180,1.63505044890626,3.9169352334224983,False
following_lateral_offset,P0,12004,40,4.0,1.5,8.695775681822582,-15.52210674755231,0.37843336639730696,0.10040455906340928,899595440.9365908,36.210000000000015,36.19653698864017,4.426012176593663,2.674968826188792,inf,0,0,0,0,-1,inf,0,-1,0,0,6080,1572,0,0,1888,2620,1.6009649607209575,3.727581109761543,False
following_lateral_offset,P1,12004,40,4.0,1.5,19.689949680243508,16.001791007316,0.004563904706935411,7.636400952429459e-20,1000000000.0,35.29000000000002,35.2810057241975,4.795656174599137,2.127370170034661,inf,0,0,0,0,-1,inf,0,-1,0,0,6080,1072,0,0,2127,2881,1.6009649607209575,3.727581109761543,False
following_lateral_offset,P2,12004,40,4.0,1.5,19.729753520209805,16.001791007316,0.004534629574170041,7.636400952429459e-20,1000000000.0,35.31666666666667,35.307656946959135,4.768460144974521,2.163730838768783,inf,0,0,0,0,-1,inf,0,-1,0,0,6080,1074,0,0,2132,2874,1.6009649607209575,3.727581109761543,False
following_lateral_offset,P3,12004,40,4.0,1.5,19.73088281492295,16.001791007316,0.004533852446037649,7.636400952429459e-20,1000000000.0,35.396666666666675,35.387656565471545,4.689803850422013,2.0665472667626457,inf,0,0,0,0,-1,inf,0,-1,0,0,6080,1078,0,0,2152,2850,1.6009649607209575,3.727581109761543,False
following_lateral_offset,P4,12004,40,4.0,1.5,19.729569543353414,16.001791007316,0.004534743223607469,7.636400952429459e-20,1000000000.0,35.350000000000016,35.34099012133931,4.735681218068241,2.121798010017929,inf,0,0,0,0,-1,inf,0,-1,0,0,6080,1078,0,0,2140,2862,1.6009649607209575,3.727581109761543,False
following_lateral_offset,P0,12005,40,4.0,1.5,16.975231515286698,11.795397533880095,0.019982866720355697,3.921973017925434e-09,999999996.078027,35.733333333333356,35.733333333333356,4.490483765079689,1.8700995846164261,inf,0,0,0,0,-1,inf,1,1,0,1,6080,0,0,0,2802,3278,1.6408010684568168,3.7153364667535724,False
following_lateral_offset,P1,12005,40,4.0,1.5,16.975231515286698,11.795397533880095,0.019982866720355697,3.921973017925434e-09,999999996.078027,35.733333333333356,35.733333333333356,4.490483765079689,1.8700995846164261,inf,0,0,0,0,-1,inf,1,1,0,1,6080,0,0,0,2802,3278,1.6408010684568168,3.7153364667535724,False
following_lateral_offset,P2,12005,40,4.0,1.5,18.634286500465365,16.137508032910766,0.005788349789844655,2.066870272159569e-20,1000000000.0,35.53000000000001,35.52481953183875,4.608687941049045,1.8700995846164261,inf,0,0,0,0,-1,inf,1,1,0,1,6080,306,0,0,2481,3293,1.6408010684568168,3.7153364667535724,False
following_lateral_offset,P3,12005,40,4.0,1.5,18.548223944547043,16.137508032910766,0.00598729176283488,2.066874919452965e-20,1000000000.0,35.545000000000016,35.53987032061628,4.596983270974761,1.8700995846164261,inf,0,0,0,0,-1,inf,1,1,0,1,6080,292,0,0,2495,3293,1.6408010684568168,3.7153364667535724,False
following_lateral_offset,P4,12005,40,4.0,1.5,17.479245234992884,14.071684069275495,0.011161297881957698,1.0525421649041178e-13,999999999.9998947,35.733333333333356,35.73134314754138,4.463227775696889,1.8700995846164261,inf,0,0,0,0,-1,inf,1,1,0,1,6080,94,0,0,2720,3266,1.6408010684568168,3.7153364667535724,False
following_lateral_offset,P0,12006,40,4.0,1.5,16.929499505745333,11.312462988809223,0.021383986513869906,1.8150415221301963e-08,999999981.8495848,35.83,35.83,4.398738455511991,1.8134562304165915,inf,0,0,0,0,-1,inf,1,1,0,1,6080,0,0,0,2828,3252,1.6414959151305535,3.7808952782077476,False
following_lateral_offset,P1,12006,40,4.0,1.5,16.929499505745333,11.312462988809223,0.021383986513869906,1.8150415221301963e-08,999999981.8495848,35.83,35.83,4.398738455511991,1.8134562304165915,inf,0,0,0,0,-1,inf,1,1,0,1,6080,0,0,0,2828,3252,1.6414959151305535,3.7808952782077476,False
following_lateral_offset,P2,12006,40,4.0,1.5,18.655132826580186,16.137508032910766,0.005739831946716065,2.0669598804247745e-20,1000000000.0,35.656000000000006,35.65045986660136,4.477772249711018,1.8134562304165915,inf,0,0,0,0,-1,inf,1,1,0,1,6080,320,0,0,2527,3233,1.6414959151305535,3.7808952782077476,False
following_lateral_offset,P3,12006,40,4.0,1.5,18.65320069626094,16.137508032910766,0.005741933011115848,2.0669598804247745e-20,1000000000.0,35.67933333333333,35.673780521454965,4.454939281166955,1.7903033773583383,inf,0,0,0,0,-1,inf,1,1,0,1,6080,322,0,0,2528,3230,1.6414959151305535,3.7808952782077476,False
following_lateral_offset,P4,12006,40,4.0,1.5,18.65320069626094,16.137508032910766,0.005741933011115848,2.0669598804247745e-20,1000000000.0,35.67933333333333,35.673780521454965,4.454939281166955,1.7903033773583383,inf,0,0,0,0,-1,inf,1,1,0,1,6080,322,0,0,2528,3230,1.6414959151305535,3.7808952782077476,False
following_lateral_offset,P0,12007,40,4.0,1.5,9.647991702463269,-9.124362922661682,0.36842813078692405,0.08144115457151957,918558845.4284804,35.760000000000005,35.74629929423352,4.824768513627193,2.827943401537708,inf,0,0,0,0,-1,inf,0,-1,0,0,6080,1572,0,0,1827,2681,1.6247781342598788,3.7146295702408905,False
following_lateral_offset,P1,12007,40,4.0,1.5,9.647991702463269,-9.124362922661682,0.36842813078692405,0.08144115457151957,918558845.4284804,35.760000000000005,35.74629929423352,4.824768513627193,2.827943401537708,inf,0,0,0,0,-1,inf,0,-1,0,0,6080,1572,0,0,1827,2681,1.6247781342598788,3.7146295702408905,False
following_lateral_offset,P2,12007,40,4.0,1.5,9.647991702463269,-9.124362922661682,0.36842813078692405,0.08144115457151957,918558845.4284804,35.760000000000005,35.74629929423352,4.824768513627193,2.827943401537708,inf,0,0,0,0,-1,inf,0,-1,0,0,6080,1572,0,0,1827,2681,1.6247781342598788,3.7146295702408905,False
following_lateral_offset,P3,12007,40,4.0,1.5,9.647991702463269,-9.124362922661682,0.36842813078692405,0.08144115457151957,918558845.4284804,35.760000000000005,35.74629929423352,4.824768513627193,2.827943401537708,inf,0,0,0,0,-1,inf,0,-1,0,0,6080,1572,0,0,1827,2681,1.6247781342598788,3.7146295702408905,False
following_lateral_offset,P4,12007,40,4.0,1.5,20.63812567100853,16.001791007316,0.00430785994013964,7.653070323556471e-20,1000000000.0,34.92666666666668,34.91140081165732,5.102943783602202,2.140857084153397,inf,0,0,0,0,-1,inf,0,-1,0,0,6080,1721,0,0,1658,2701,1.6247781342598788,3.7146295702408905,False
following_lateral_offset,P0,12008,40,4.0,1.5,8.917860599756775,-15.404705120856832,0.37187657763757226,0.09545826180576462,904541738.1942352,36.20000000000001,36.18658355419475,4.434312938688402,2.8702981878284466,inf,0,0,0,0,-1,inf,0,-1,0,0,6080,1562,0,0,1765,2753,1.7921005100060856,4.0244366586893445,False
following_lateral_offset,P1,12008,40,4.0,1.5,8.917860599756775,-15.404705120856832,0.37187657763757226,0.09545826180576462,904541738.1942352,36.20000000000001,36.18658355419475,4.434312938688402,2.8702981878284466,inf,0,0,0,0,-1,inf,0,-1,0,0,6080,1562,0,0,1765,2753,1.7921005100060856,4.0244366586893445,False
following_lateral_offset,P2,12008,40,4.0,1.5,8.917860599756775,-15.404705120856832,0.37187657763757226,0.09545826180576462,904541738.1942352,36.20000000000001,36.18658355419475,4.434312938688402,2.8702981878284466,inf,0,0,0,0,-1,inf,0,-1,0,0,6080,1562,0,0,1765,2753,1.7921005100060856,4.0244366586893445,False
following_lateral_offset,P3,12008,40,4.0,1.5,8.917860599756775,-15.404705120856832,0.37187657763757226,0.09545826180576462,904541738.1942352,36.20000000000001,36.18658355419475,4.434312938688402,2.8702981878284466,inf,0,0,0,0,-1,inf,0,-1,0,0,6080,1562,0,0,1765,2753,1.7921005100060856,4.0244366586893445,False
following_lateral_offset,P4,12008,40,4.0,1.5,8.917860599756775,-15.404705120856832,0.37187657763757226,0.09545826180576462,904541738.1942352,36.20000000000001,36.18658355419475,4.434312938688402,2.8702981878284466,inf,0,0,0,0,-1,inf,0,-1,0,0,6080,1562,0,0,1765,2753,1.7921005100060856,4.0244366586893445,False
following_lateral_offset,P0,12009,40,4.0,1.5,19.60385886838069,16.001791007316,0.0046941624740587705,7.636400952429448e-20,1000000000.0,35.19333333333334,35.18216889799754,4.896568882730043,1.8419085588129827,inf,0,0,0,0,-1,inf,0,-1,0,0,6080,1136,0,0,2001,2943,1.790726771125032,3.911528822730304,False
following_lateral_offset,P1,12009,40,4.0,1.5,20.656014588531228,16.001791007316,0.004181046505702593,7.636400952429443e-20,1000000000.0,35.093333333333355,35.07857678975611,4.940505765220678,2.009534560410524,inf,0,0,0,0,-1,inf,0,-1,0,0,6080,1658,0,0,1702,2720,1.790726771125032,3.911528822730304,False
following_lateral_offset,P2,12009,40,4.0,1.5,20.705984149953025,16.001791007316,0.004170180779513978,7.636400952429443e-20,1000000000.0,35.23000000000001,35.215194345822674,4.804065864927012,1.8733491606042478,inf,0,0,0,0,-1,inf,0,-1,0,0,6080,1671,0,0,1725,2684,1.790726771125032,3.911528822730304,False
following_lateral_offset,P3,12009,40,4.0,1.5,19.60385886838069,16.001791007316,0.0046941624740587705,7.636400952429448e-20,1000000000.0,35.19333333333334,35.18216889799754,4.896568882730043,1.8419085588129827,inf,0,0,0,0,-1,inf,0,-1,0,0,6080,1136,0,0,2001,2943,1.790726771125032,3.911528822730304,False
following_lateral_offset,P4,12009,40,4.0,1.5,20.704032361802017,16.001791007316,0.004170615810283937,7.636400952429443e-20,1000000000.0,35.24000000000002,35.22519715706131,4.794078375935616,1.823111140908698,inf,0,0,0,0,-1,inf,0,-1,0,0,6080,1672,0,0,1725,2683,1.790726771125032,3.911528822730304,False
following_lateral_offset,P0,12010,40,4.0,1.5,9.648900706545112,-9.554212672863866,0.3591093826242593,0.08352066637254427,916479333.6274557,35.866666666666674,35.8526481130941,4.745651800039152,2.4988944033888685,inf,0,0,0,0,-1,inf,0,-1,0,0,6080,1605,0,0,1789,2686,1.5257504913454665,3.67541868266481,False
following_lateral_offset,P1,12010,40,4.0,1.5,20.561271987571654,16.001791007316,0.004296044588440663,7.650667914844491e-20,1000000000.0,34.97333333333334,34.95804647989895,5.0563247908335756,2.1598651255338766,inf,0,0,0,0,-1,inf,0,-1,0,0,6080,1698,0,0,1654,2728,1.5257504913454665,3.67541868266481,False
following_lateral_offset,P2,12010,40,4.0,1.5,20.347748248428175,16.001791007316,0.00432148979073871,7.650667914844474e-20,1000000000.0,34.998333333333335,34.98526962425447,5.047714530483171,2.0795116426349685,inf,0,0,0,0,-1,inf,0,-1,0,0,6080,1480,0,0,1812,2788,1.5257504913454665,3.67541868266481,False
following_lateral_offset,P3,12010,40,4.0,1.5,20.34252291950274,16.001791007316,0.004322508322205651,7.650667914844474e-20,1000000000.0,34.97000000000001,34.95693537691657,5.075975785377071,2.1168378830407013,inf,0,0,0,0,-1,inf,0,-1,0,0,6080,1480,0,0,1807,2793,1.5257504913454665,3.67541868266481,False
following_lateral_offset,P4,12010,40,4.0,1.5,20.341100881607385,16.001791007316,0.0043231337775121725,7.650667914844474e-20,1000000000.0,34.97366666666667,34.96060703007038,5.072306006928665,2.1028944229179345,inf,0,0,0,0,-1,inf,0,-1,0,0,6080,1480,0,0,1801,2799,1.5257504913454665,3.67541868266481,False
following_lateral_offset,P0,12011,40,4.0,1.5,17.119991959754337,12.44495550518662,0.016240832530289927,3.1895355279803687e-10,999999999.6810462,35.59000000000001,35.59000000000001,4.626888803504998,2.0698522315300427,inf,0,0,0,0,-1,inf,1,1,0,1,6080,0,0,0,2832,3248,1.6502077549209624,3.8568435138372927,False
following_lateral_offset,P1,12011,40,4.0,1.5,17.119991959754337,12.44495550518662,0.016240832530289927,3.1895355279803687e-10,999999999.6810462,35.59000000000001,35.59000000000001,4.626888803504998,2.0698522315300427,inf,0,0,0,0,-1,inf,1,1,0,1,6080,0,0,0,2832,3248,1.6502077549209624,3.8568435138372927,False
following_lateral_offset,P2,12011,40,4.0,1.5,17.12034760665057,12.459181381035872,0.016225194203648464,3.023859648567836e-10,999999999.697614,35.58666666666668,35.58666666666668,4.6300659942500815,2.0698522315300427,inf,0,0,0,0,-1,inf,1,1,0,1,6080,0,0,0,2830,3250,1.6502077549209624,3.8568435138372927,False
following_lateral_offset,P3,12011,40,4.0,1.5,17.119991959754337,12.44495550518662,0.016240832530289927,3.1895355279803687e-10,999999999.6810462,35.59000000000001,35.59000000000001,4.626888803504998,2.0698522315300427,inf,0,0,0,0,-1,inf,1,1,0,1,6080,0,0,0,2832,3248,1.6502077549209624,3.8568435138372927,False
following_lateral_offset,P4,12011,40,4.0,1.5,17.119991959754337,12.44495550518662,0.016240832530289927,3.1895355279803687e-10,999999999.6810462,35.59000000000001,35.59000000000001,4.626888803504998,2.0698522315300427,inf,0,0,0,0,-1,inf,1,1,0,1,6080,0,0,0,2832,3248,1.6502077549209624,3.8568435138372927,False
following_lateral_offset,P0,12012,40,4.0,1.5,9.324726095839,-9.835259045526918,0.36488887749876664,0.08987012029477577,910129879.7052243,35.67000000000002,35.6553108389031,4.942058724390902,2.85704575021501,inf,0,0,0,0,-1,inf,0,-1,0,0,6080,1656,0,0,1724,2700,1.6868918368375574,3.813198429029641,False
following_lateral_offset,P1,12012,40,4.0,1.5,20.66547687551178,16.001791007316,0.004269218114543844,7.638811232751652e-20,1000000000.0,34.96000000000004,34.94471914611565,5.069644413538949,2.2962479135915883,inf,0,0,0,0,-1,inf,0,-1,0,0,6080,1718,0,0,1644,2718,1.6868918368375574,3.813198429029641,False
following_lateral_offset,P2,12012,40,4.0,1.5,19.86357020747694,16.001791007316,0.0045206001379643635,7.638811232751652e-20,1000000000.0,35.125000000000014,35.11484107479298,4.947613930280935,2.197783399331614,inf,0,0,0,0,-1,inf,0,-1,0,0,6080,1177,0,0,2018,2885,1.6868918368375574,3.813198429029641,False
following_lateral_offset,P3,12012,40,4.0,1.5,19.86461173817644,16.001791007316,0.0045201182314521275,7.638811232751652e-20,1000000000.0,35.1466666666667,35.13650752376282,4.926237629266864,2.157064336618909,inf,0,0,0,0,-1,inf,0,-1,0,0,6080,1177,0,0,2024,2879,1.6868918368375574,3.813198429029641,False
following_lateral_offset,P4,12012,40,4.0,1.5,19.862246392945146,16.001791007316,0.004521312410149507,7.638811232751652e-20,1000000000.0,35.12500000000003,35.11484107479298,4.947613930280935,2.17249810872523,inf,0,0,0,0,-1,inf,0,-1,0,0,6080,1177,0,0,2019,2884,1.6868918368375574,3.813198429029641,False
following_lateral_offset,P0,12013,40,4.0,1.5,10.989109388249764,-0.4190199939402284,0.3562630468557259,0.03537392673906188,964626073.260938,35.89666666666667,35.879954530776274,4.6096346154608545,2.0996308682198332,inf,0,0,0,0,-1,inf,0,-1,0,0,6080,1417,0,0,1834,2829,1.8151463058859285,4.071078574595581,False
following_lateral_offset,P1,12013,40,4.0,1.5,11.564830843682143,1.1749518755844939,0.3342617383400639,0.01782524384124105,982174756.1587589,35.91000000000002,35.89274311551442,4.564288787071363,2.0112762604779943,inf,0,0,0,0,-1,inf,0,-1,0,0,6080,1360,0,0,1880,2840,1.8151463058859285,4.071078574595581,False
following_lateral_offset,P2,12013,40,4.0,1.5,10.99147872073193,-0.35443166070881915,0.3562436717644299,0.035273897955982146,964726102.044018,35.89,35.87329340898387,4.615710995202277,2.105165250937295,inf,0,0,0,0,-1,inf,0,-1,0,0,6080,1417,0,0,1834,2829,1.8151463058859285,4.071078574595581,False
following_lateral_offset,P3,12013,40,4.0,1.5,10.99147872073193,-0.35443166070881915,0.3562436717644299,0.035273897955982146,964726102.044018,35.89,35.87329340898387,4.615710995202277,2.105165250937295,inf,0,0,0,0,-1,inf,0,-1,0,0,6080,1417,0,0,1834,2829,1.8151463058859285,4.071078574595581,False
following_lateral_offset,P4,12013,40,4.0,1.5,20.55824809602732,16.001791007316,0.004199134064134251,7.636400952431185e-20,1000000000.0,35.238333333333344,35.224814979030675,4.805710397200332,1.9289057123531268,inf,0,0,0,0,-1,inf,0,-1,0,0,6080,1537,0,0,1761,2782,1.8151463058859285,4.071078574595581,False
following_lateral_offset,P0,12014,40,4.0,1.5,17.18105362415121,14.200664668066919,0.011932705759249113,4.9680810679584196e-14,999999999.9999504,35.02999999999998,35.02911097886383,5.169034062222363,1.9671807851143825,inf,0,0,0,0,-1,inf,0,-1,0,0,6080,55,0,0,2597,3428,1.9004120167716714,4.256666215673691,False
following_lateral_offset,P1,12014,40,4.0,1.5,17.18105362415121,14.200664668066919,0.011932705759249113,4.9680810679584196e-14,999999999.9999504,35.02999999999998,35.02911097886383,5.169034062222363,1.9671807851143825,inf,0,0,0,0,-1,inf,0,-1,0,0,6080,55,0,0,2597,3428,1.9004120167716714,4.256666215673691,False
following_lateral_offset,P2,12014,40,4.0,1.5,17.18105362415121,14.200664668066919,0.011932705759249113,4.9680810679584196e-14,999999999.9999504,35.02999999999998,35.02911097886383,5.169034062222363,1.9671807851143825,inf,0,0,0,0,-1,inf,0,-1,0,0,6080,55,0,0,2597,3428,1.9004120167716714,4.256666215673691,False
following_lateral_offset,P3,12014,40,4.0,1.5,17.18105362415121,14.200664668066919,0.011932705759249113,4.9680810679584196e-14,999999999.9999504,35.02999999999998,35.02911097886383,5.169034062222363,1.9671807851143825,inf,0,0,0,0,-1,inf,0,-1,0,0,6080,55,0,0,2597,3428,1.9004120167716714,4.256666215673691,False
following_lateral_offset,P4,12014,40,4.0,1.5,17.18105362415121,14.200664668066919,0.011932705759249113,4.9680810679584196e-14,999999999.9999504,35.02999999999998,35.02911097886383,5.169034062222363,1.9671807851143825,inf,0,0,0,0,-1,inf,0,-1,0,0,6080,55,0,0,2597,3428,1.9004120167716714,4.256666215673691,False
following_lateral_offset,P0,12015,40,4.0,1.5,12.131946419916344,3.866811511705187,0.29836850791570557,0.0058211891527674186,994178810.8472325,35.710000000000015,35.69292337935255,4.730075730501833,2.1593137625087464,inf,0,0,0,0,-1,inf,0,-1,0,0,6080,1328,0,0,1927,2825,1.6726833477217198,3.867220187458268,False
following_lateral_offset,P1,12015,40,4.0,1.5,12.131946419916344,3.866811511705187,0.29836850791570557,0.0058211891527674186,994178810.8472325,35.710000000000015,35.69292337935255,4.730075730501833,2.1593137625087464,inf,0,0,0,0,-1,inf,0,-1,0,0,6080,1328,0,0,1927,2825,1.6726833477217198,3.867220187458268,False
following_lateral_offset,P2,12015,40,4.0,1.5,12.135559165027695,3.866811511705187,0.2981520177232054,0.005746659343280785,994253340.6567192,35.70000000000001,35.68293147273284,4.739341848251967,2.1610520281249377,inf,0,0,0,0,-1,inf,0,-1,0,0,6080,1328,0,0,1925,2827,1.6726833477217198,3.867220187458268,False
following_lateral_offset,P3,12015,40,4.0,1.5,12.135559165027695,3.866811511705187,0.2981520177232054,0.005746659343280785,994253340.6567192,35.70000000000001,35.68293147273284,4.739341848251967,2.1610520281249377,inf,0,0,0,0,-1,inf,0,-1,0,0,6080,1328,0,0,1925,2827,1.6726833477217198,3.867220187458268,False
following_lateral_offset,P4,12015,40,4.0,1.5,12.131946419916344,3.866811511705187,0.29836850791570557,0.0058211891527674186,994178810.8472325,35.710000000000015,35.69292337935255,4.730075730501833,2.1593137625087464,inf,0,0,0,0,-1,inf,0,-1,0,0,6080,1328,0,0,1927,2825,1.6726833477217198,3.867220187458268,False
following_lateral_offset,P0,12016,40,4.0,1.5,16.992994910972055,11.567024001535575,0.01987854063407147,8.23592243343404e-09,999999991.7640775,35.780000000000015,35.780000000000015,4.4461668884557035,1.8176190634952338,inf,0,0,0,0,-1,inf,1,1,0,1,6080,0,0,0,2830,3250,1.5951514309383694,3.712459018270901,False
following_lateral_offset,P1,12016,40,4.0,1.5,16.992994910972055,11.567024001535575,0.01987854063407147,8.23592243343404e-09,999999991.7640775,35.780000000000015,35.780000000000015,4.4461668884557035,1.8176190634952338,inf,0,0,0,0,-1,inf,1,1,0,1,6080,0,0,0,2830,3250,1.5951514309383694,3.712459018270901,False
following_lateral_offset,P2,12016,40,4.0,1.5,18.651422062890465,16.137508032910766,0.005774046148111272,2.0669405880886954e-20,1000000000.0,35.64,35.634038542271846,4.490516571364833,1.726562911733831,inf,0,0,0,0,-1,inf,1,1,0,1,6080,337,0,0,2517,3226,1.5951514309383694,3.712459018270901,False
following_lateral_offset,P3,12016,40,4.0,1.5,18.57803353201582,16.137508032910766,0.005924041381323074,2.0669406238184027e-20,1000000000.0,35.64,35.6344464594713,4.496851763372237,1.726562911733831,inf,0,0,0,0,-1,inf,1,1,0,1,6080,313,0,0,2541,3226,1.5951514309383694,3.712459018270901,False
following_lateral_offset,P4,12016,40,4.0,1.5,18.720619943736427,16.137508032910766,0.005649061678878601,2.0669405876052924e-20,1000000000.0,35.65166666666668,35.64569843015293,4.479087702479589,1.7045186322487538,inf,0,0,0,0,-1,inf,1,1,0,1,6080,337,0,0,2519,3224,1.5951514309383694,3.712459018270901,False
following_lateral_offset,P0,12017,40,4.0,1.5,16.8070606667928,10.59942800770736,0.026000657623096946,1.446043331459665e-07,999999855.3956668,35.959999999999994,35.959999999999994,4.275698773300109,1.5105714380971427,inf,0,0,0,0,-1,inf,1,1,0,1,6080,0,0,0,2840,3240,1.801205369290858,4.117179011834026,False
following_lateral_offset,P1,12017,40,4.0,1.5,16.8070606667928,10.59942800770736,0.026000657623096946,1.446043331459665e-07,999999855.3956668,35.959999999999994,35.959999999999994,4.275698773300109,1.5105714380971427,inf,0,0,0,0,-1,inf,1,1,0,1,6080,0,0,0,2840,3240,1.801205369290858,4.117179011834026,False
following_lateral_offset,P2,12017,40,4.0,1.5,18.02392938326647,16.137508032910766,0.007419701796493446,2.796101605863154e-20,1000000000.0,35.76333333333334,35.75954294357412,4.399597862200437,1.5066020049648712,inf,0,0,0,0,-1,inf,1,1,0,1,6080,212,0,0,2605,3263,1.801205369290858,4.117179011834026,False
following_lateral_offset,P3,12017,40,4.0,1.5,17.224921486615944,12.099049508752762,0.016557156667067096,1.2174750451492633e-09,999999998.7825248,35.82999999999998,35.828575208848946,4.381592159855551,1.5066020049648712,inf,0,0,0,0,-1,inf,1,1,0,1,6080,81,0,0,2717,3282,1.801205369290858,4.117179011834026,False
following_lateral_offset,P4,12017,40,4.0,1.5,18.82292098834041,16.137508032910766,0.006379522490630127,2.6927978809666248e-20,1000000000.0,35.67333333333333,35.65891905976095,4.447286326441711,1.549448061690258,inf,0,0,0,0,-1,inf,1,1,0,1,6080,435,0,0,2436,3209,1.801205369290858,4.117179011834026,False
following_lateral_offset,P0,12018,40,4.0,1.5,16.937174423738444,11.550375795901392,0.021277216449293822,9.106975227973386e-09,999999990.8930248,35.78333333333334,35.78333333333334,4.443003238551344,1.519890120881315,inf,0,0,0,0,-1,inf,1,1,0,1,6080,0,0,0,2857,3223,1.617099010048954,3.808095799431264,False
following_lateral_offset,P1,12018,40,4.0,1.5,16.937174423738444,11.550375795901392,0.021277216449293822,9.106975227973386e-09,999999990.8930248,35.78333333333334,35.78333333333334,4.443003238551344,1.519890120881315,inf,0,0,0,0,-1,inf,1,1,0,1,6080,0,0,0,2857,3223,1.617099010048954,3.808095799431264,False
following_lateral_offset,P2,12018,40,4.0,1.5,17.051111961527777,11.862443684379226,0.01891700276749573,3.060651591679963e-09,999999996.9393486,35.78333333333333,35.78282913287012,4.436496550689816,1.519890120881315,inf,0,0,0,0,-1,inf,1,1,0,1,6080,23,0,0,2834,3223,1.617099010048954,3.808095799431264,False
following_lateral_offset,P3,12018,40,4.0,1.5,16.937174423738444,11.550375795901392,0.021277216449293822,9.106975227973386e-09,999999990.8930248,35.78333333333334,35.78333333333334,4.443003238551344,1.519890120881315,inf,0,0,0,0,-1,inf,1,1,0,1,6080,0,0,0,2857,3223,1.617099010048954,3.808095799431264,False
following_lateral_offset,P4,12018,40,4.0,1.5,16.937174423738444,11.550375795901392,0.021277216449293822,9.106975227973386e-09,999999990.8930248,35.78333333333334,35.78333333333334,4.443003238551344,1.519890120881315,inf,0,0,0,0,-1,inf,1,1,0,1,6080,0,0,0,2857,3223,1.617099010048954,3.808095799431264,False
following_lateral_offset,P0,12019,40,4.0,1.5,16.857264558578386,11.510994619115923,0.021199700880935188,1.0382189714976104e-08,999999989.6178102,35.709999999999965,35.70954166521496,4.517267883108536,1.7626613259948336,inf,0,0,0,0,-1,inf,0,-1,0,0,6080,28,0,0,2803,3249,1.6156316956677756,3.845953073019101,False
following_lateral_offset,P1,12019,40,4.0,1.5,16.857264558578386,11.510994619115923,0.021199700880935188,1.0382189714976104e-08,999999989.6178102,35.709999999999965,35.70954166521496,4.517267883108536,1.7626613259948336,inf,0,0,0,0,-1,inf,0,-1,0,0,6080,28,0,0,2803,3249,1.6156316956677756,3.845953073019101,False
following_lateral_offset,P2,12019,40,4.0,1.5,17.8641352258989,15.182144602126648,0.00858268946765543,6.275949755500398e-17,1000000000.0,35.5,35.49654771358207,4.671001653944373,1.6498419426714575,inf,0,0,0,0,-1,inf,0,-1,0,0,6080,197,0,0,2644,3239,1.6156316956677756,3.845953073019101,False
following_lateral_offset,P3,12019,40,4.0,1.5,20.40514848160701,16.001791007316,0.0044346817584427975,7.697400243077452e-20,1000000000.0,35.013333333333314,34.99955479675099,5.027239067837698,2.0237783335875577,inf,0,0,0,0,-1,inf,0,-1,0,0,6080,1559,0,0,1734,2787,1.6156316956677756,3.845953073019101,False
following_lateral_offset,P4,12019,40,4.0,1.5,19.16766809892887,16.001791007316,0.00587084880495758,6.607942027230565e-20,1000000000.0,35.38000000000001,35.355528808257304,4.71556521850544,1.6498419426714575,inf,0,0,0,0,-1,inf,0,-1,0,0,6080,612,0,0,2286,3182,1.6156316956677756,3.845953073019101,False
lane_choice,P0,12000,40,4.0,1.5,-1.4841772517946121,-13.800125353527465,0.7112488585418857,0.27149979741639463,728500202.5836054,12.99999999999999,12.882786325056207,16.782438462261936,inf,1.5013499953110632,0,0,0,0,-1,inf,0,-1,0,0,6080,1879,0,1762,0,2439,1.688974805067767,4.091561986001411,False
lane_choice,P1,12000,40,4.0,1.5,11.415283391778742,7.917465961148334,0.19749853001493048,9.757018575009277e-05,999902429.81425,12.999999999999991,12.91210617836171,16.755131274768452,6.1060366622275195,1.5001885304115121,0,0,0,0,-1,inf,0,-1,0,0,6080,1784,0,1780,0,2516,1.688974805067767,4.091561986001411,False
lane_choice,P2,12000,40,4.0,1.5,11.994151129574023,8.339167020023577,0.1581424021019724,3.244000943071595e-05,999967559.9905694,12.99999999999999,12.903343972408566,16.74847084715829,6.1060366622275195,1.5076951843659407,0,0,0,0,-1,inf,0,-1,0,0,6080,1600,0,1804,0,2676,1.688974805067767,4.091561986001411,False
lane_choice,P3,12000,40,4.0,1.5,11.415283391778742,7.917465961148334,0.19749853001493048,9.757018575009277e-05,999902429.81425,12.999999999999991,12.91210617836171,16.755131274768452,6.1060366622275195,1.5001885304115121,0,0,0,0,-1,inf,0,-1,0,0,6080,1784,0,1780,0,2516,1.688974805067767,4.091561986001411,False
lane_choice,P4,12000,40,4.0,1.5,12.011930681626641,8.339167020023577,0.15681014940403565,3.197086409443261e-05,999968029.1359055,12.99999999999999,12.903358507552323,16.74847084715829,6.1060366622275195,1.508038196389593,0,0,0,0,-1,inf,0,-1,0,0,6080,1616,0,1788,0,2676,1.688974805067767,4.091561986001411,False
lane_choice,P0,12001,40,4.0,1.5,-1.4841772517946121,-13.800125353527465,0.7112488585418857,0.27149979741639463,728500202.5836054,12.99999999999999,12.882786325056207,16.782438462261936,inf,1.5013499953110632,0,0,0,0,-1,inf,0,-1,0,0,6080,1879,0,1762,0,2439,1.7108780164075768,4.159321742865619,False
lane_choice,P1,12001,40,4.0,1.5,11.415283391778742,7.917465961148334,0.19749853001493048,9.757018575009277e-05,999902429.81425,12.999999999999991,12.91210617836171,16.755131274768452,6.1060366622275195,1.5001885304115121,0,0,0,0,-1,inf,0,-1,0,0,6080,1784,0,1780,0,2516,1.7108780164075768,4.159321742865619,False
lane_choice,P2,12001,40,4.0,1.5,12.107883195357731,8.783780876789407,0.14676623799851551,1.630308050043053e-05,999983696.9194996,12.999999999999991,12.905360561870957,16.74847084715829,6.1060366622275195,1.5014044797033903,0,0,0,0,-1,inf,0,-1,0,0,6080,1618,0,1796,0,2666,1.7108780164075768,4.159321742865619,False
lane_choice,P3,12001,40,4.0,1.5,11.415283391778742,7.917465961148334,0.19749853001493048,9.757018575009277e-05,999902429.81425,12.999999999999991,12.91210617836171,16.755131274768452,6.1060366622275195,1.5001885304115121,0,0,0,0,-1,inf,0,-1,0,0,6080,1784,0,1780,0,2516,1.7108780164075768,4.159321742865619,False
lane_choice,P4,12001,40,4.0,1.5,12.011930681626641,8.339167020023577,0.15681014940403565,3.197086409443261e-05,999968029.1359055,12.99999999999999,12.903358507552323,16.74847084715829,6.1060366622275195,1.508038196389593,0,0,0,0,-1,inf,0,-1,0,0,6080,1616,0,1788,0,2676,1.7108780164075768,4.159321742865619,False
lane_choice,P0,12002,40,4.0,1.5,-1.4841772517946121,-13.800125353527465,0.7112488585418857,0.27149979741639463,728500202.5836054,12.99999999999999,12.882786325056207,16.782438462261936,inf,1.5013499953110632,0,0,0,0,-1,inf,0,-1,0,0,6080,1879,0,1762,0,2439,1.7357444426868276,4.108951726599504,False
lane_choice,P1,12002,40,4.0,1.5,11.415283391778742,7.917465961148334,0.19749853001493048,9.757018575009277e-05,999902429.81425,12.999999999999991,12.91210617836171,16.755131274768452,6.1060366622275195,1.5001885304115121,0,0,0,0,-1,inf,0,-1,0,0,6080,1784,0,1780,0,2516,1.7357444426868276,4.108951726599504,False
lane_choice,P2,12002,40,4.0,1.5,12.008701804632036,8.229738049872287,0.15881413145339823,3.739474708985757e-05,999962605.2529103,12.999999999999991,12.904499009576284,16.74847084715829,6.1060366622275195,1.5001177930900464,0,0,0,0,-1,inf,0,-1,0,0,6080,1612,0,1861,0,2607,1.7357444426868276,4.108951726599504,False
lane_choice,P3,12002,40,4.0,1.5,11.415283391778742,7.917465961148334,0.19749853001493048,9.757018575009277e-05,999902429.81425,12.999999999999991,12.91210617836171,16.755131274768452,6.1060366622275195,1.5001885304115121,0,0,0,0,-1,inf,0,-1,0,0,6080,1784,0,1780,0,2516,1.7357444426868276,4.108951726599504,False
lane_choice,P4,12002,40,4.0,1.5,12.011930681626641,8.339167020023577,0.15681014940403565,3.197086409443261e-05,999968029.1359055,12.99999999999999,12.903358507552323,16.74847084715829,6.1060366622275195,1.508038196389593,0,0,0,0,-1,inf,0,-1,0,0,6080,1616,0,1788,0,2676,1.7357444426868276,4.108951726599504,False
lane_choice,P0,12003,40,4.0,1.5,-1.4841772517946121,-13.800125353527465,0.7112488585418857,0.27149979741639463,728500202.5836054,12.99999999999999,12.882786325056207,16.782438462261936,inf,1.5013499953110632,0,0,0,0,-1,inf,0,-1,0,0,6080,1879,0,1762,0,2439,1.7161119915357759,4.212669572592107,False
lane_choice,P1,12003,40,4.0,1.5,11.435182525296545,8.012373056845629,0.19517708609454484,8.383575704004454e-05,999916164.24296,12.99999999999999,12.910819574708963,16.753017151880435,6.1060366622275195,1.501167547298801,0,0,0,0,-1,inf,0,-1,0,0,6080,1768,0,1784,0,2528,1.7161119915357759,4.212669572592107,False
lane_choice,P2,12003,40,4.0,1.5,12.011930681626641,8.339167020023577,0.15681014940403565,3.197086409443261e-05,999968029.1359055,12.99999999999999,12.903358507552323,16.74847084715829,6.1060366622275195,1.508038196389593,0,0,0,0,-1,inf,0,-1,0,0,6080,1616,0,1788,0,2676,1.7161119915357759,4.212669572592107,False
lane_choice,P3,12003,40,4.0,1.5,12.076728932495755,9.263228055490746,0.13843144961890505,8.18915618597111e-06,999991810.8438139,12.99999999999999,12.911716648644994,16.757163456939804,6.1060366622275195,1.5028868179940864,0,0,0,0,-1,inf,0,-1,0,0,6080,1729,0,1751,0,2600,1.7161119915357759,4.212669572592107,False
lane_choice,P4,12003,40,4.0,1.5,12.011930681626641,8.339167020023577,0.15681014940403565,3.197086409443261e-05,999968029.1359055,12.99999999999999,12.903358507552323,16.74847084715829,6.1060366622275195,1.508038196389593,0,0,0,0,-1,inf,0,-1,0,0,6080,1616,0,1788,0,2676,1.7161119915357759,4.212669572592107,False
lane_choice,P0,12004,40,4.0,1.5,-1.4841772517946121,-13.800125353527465,0.7112488585418857,0.27149979741639463,728500202.5836054,12.99999999999999,12.882786325056207,16.782438462261936,inf,1.5013499953110632,0,0,0,0,-1,inf,0,-1,0,0,6080,1879,0,1762,0,2439,1.678953648108712,4.00584386704021,False
lane_choice,P1,12004,40,4.0,1.5,11.415283391778742,7.917465961148334,0.19749853001493048,9.757018575009277e-05,999902429.81425,12.999999999999991,12.91210617836171,16.755131274768452,6.1060366622275195,1.5001885304115121,0,0,0,0,-1,inf,0,-1,0,0,6080,1784,0,1780,0,2516,1.678953648108712,4.00584386704021,False
lane_choice,P2,12004,40,4.0,1.5,12.008621702981113,8.339167020023577,0.15701360302838382,3.2002794464293644e-05,999967997.2055357,12.99999999999999,12.903358507552323,16.74847084715829,6.1060366622275195,1.508038196389593,0,0,0,0,-1,inf,0,-1,0,0,6080,1631,0,1773,0,2676,1.678953648108712,4.00584386704021,False
lane_choice,P3,12004,40,4.0,1.5,11.415283391778742,7.917465961148334,0.19749853001493048,9.757018575009277e-05,999902429.81425,12.999999999999991,12.91210617836171,16.755131274768452,6.1060366622275195,1.5001885304115121,0,0,0,0,-1,inf,0,-1,0,0,6080,1784,0,1780,0,2516,1.678953648108712,4.00584386704021,False
lane_choice,P4,12004,40,4.0,1.5,12.011930681626641,8.339167020023577,0.15681014940403565,3.197086409443261e-05,999968029.1359055,12.99999999999999,12.903358507552323,16.74847084715829,6.1060366622275195,1.508038196389593,0,0,0,0,-1,inf,0,-1,0,0,6080,1616,0,1788,0,2676,1.678953648108712,4.00584386704021,False
lane_choice,P0,12005,40,4.0,1.5,-1.4841772517946121,-13.800125353527465,0.7112488585418857,0.27149979741639463,728500202.5836054,12.99999999999999,12.882786325056207,16.782438462261936,inf,1.5013499953110632,0,0,0,0,-1,inf,0,-1,0,0,6080,1879,0,1762,0,2439,1.7102921748415312,4.032619742445293,False
lane_choice,P1,12005,40,4.0,1.5,11.415283391778742,7.917465961148334,0.19749853001493048,9.757018575009277e-05,999902429.81425,12.999999999999991,12.91210617836171,16.755131274768452,6.1060366622275195,1.5001885304115121,0,0,0,0,-1,inf,0,-1,0,0,6080,1784,0,1780,0,2516,1.7102921748415312,4.032619742445293,False
lane_choice,P2,12005,40,4.0,1.5,11.85355211077398,8.193428658539322,0.16768438967953742,4.0276790482610676e-05,999959723.2095175,12.999999999999993,12.90302634466848,16.747476673586238,6.1060366622275195,1.5074147958698756,0,0,0,0,-1,inf,0,-1,0,0,6080,1623,0,1824,0,2633,1.7102921748415312,4.032619742445293,False
lane_choice,P3,12005,40,4.0,1.5,12.076728932495755,9.263228055490746,0.13843144961890505,8.18915618597111e-06,999991810.8438139,12.99999999999999,12.911716648644994,16.757163456939804,6.1060366622275195,1.5028868179940864,0,0,0,0,-1,inf,0,-1,0,0,6080,1729,0,1751,0,2600,1.7102921748415312,4.032619742445293,False
lane_choice,P4,12005,40,4.0,1.5,12.011930681626641,8.339167020023577,0.15681014940403565,3.197086409443261e-05,999968029.1359055,12.99999999999999,12.903358507552323,16.74847084715829,6.1060366622275195,1.508038196389593,0,0,0,0,-1,inf,0,-1,0,0,6080,1616,0,1788,0,2676,1.7102921748415312,4.032619742445293,False
lane_choice,P0,12006,40,4.0,1.5,-1.4841772517946121,-13.800125353527465,0.7112488585418857,0.27149979741639463,728500202.5836054,12.99999999999999,12.882786325056207,16.782438462261936,inf,1.5013499953110632,0,0,0,0,-1,inf,0,-1,0,0,6080,1879,0,1762,0,2439,1.7070857147587346,4.076338745458299,False
lane_choice,P1,12006,40,4.0,1.5,11.415283391778742,7.917465961148334,0.19749853001493048,9.757018575009277e-05,999902429.81425,12.999999999999991,12.91210617836171,16.755131274768452,6.1060366622275195,1.5001885304115121,0,0,0,0,-1,inf,0,-1,0,0,6080,1784,0,1780,0,2516,1.7070857147587346,4.076338745458299,False
lane_choice,P2,12006,40,4.0,1.5,12.003801535674015,8.30317609867053,0.15770970069748805,3.362030996009836e-05,999966379.6900399,12.999999999999993,12.90378423508218,16.747476673586238,6.1060366622275195,1.5006896560409806,0,0,0,0,-1,inf,0,-1,0,0,6080,1603,0,1869,0,2608,1.7070857147587346,4.076338745458299,False
lane_choice,P3,12006,40,4.0,1.5,11.435182525296545,8.012373056845629,0.19517708609454484,8.383575704004454e-05,999916164.24296,12.99999999999999,12.910819574708963,16.753017151880435,6.1060366622275195,1.501167547298801,0,0,0,0,-1,inf,0,-1,0,0,6080,1768,0,1784,0,2528,1.7070857147587346,4.076338745458299,False
lane_choice,P4,12006,40,4.0,1.5,12.011930681626641,8.339167020023577,0.15681014940403565,3.197086409443261e-05,999968029.1359055,12.99999999999999,12.903358507552323,16.74847084715829,6.1060366622275195,1.508038196389593,0,0,0,0,-1,inf,0,-1,0,0,6080,1616,0,1788,0,2676,1.7070857147587346,4.076338745458299,False
lane_choice,P0,12007,40,4.0,1.5,-1.4841772517946121,-13.800125353527465,0.7112488585418857,0.27149979741639463,728500202.5836054,12.99999999999999,12.882786325056207,16.782438462261936,inf,1.5013499953110632,0,0,0,0,-1,inf,0,-1,0,0,6080,1879,0,1762,0,2439,1.6853179586269484,3.9953777741018235,False
lane_choice,P1,12007,40,4.0,1.5,11.435182525296545,8.012373056845629,0.19517708609454484,8.383575704004454e-05,999916164.24296,12.99999999999999,12.910819574708963,16.753017151880435,6.1060366622275195,1.501167547298801,0,0,0,0,-1,inf,0,-1,0,0,6080,1768,0,1784,0,2528,1.6853179586269484,3.9953777741018235,False
lane_choice,P2,12007,40,4.0,1.5,11.994151129574023,8.339167020023577,0.1581424021019724,3.244000943071595e-05,999967559.9905694,12.99999999999999,12.903343972408566,16.74847084715829,6.1060366622275195,1.5076951843659407,0,0,0,0,-1,inf,0,-1,0,0,6080,1600,0,1804,0,2676,1.6853179586269484,3.9953777741018235,False
lane_choice,P3,12007,40,4.0,1.5,11.774571468909128,8.864510842673633,0.1650053882993474,2.0320664283531382e-05,999979679.3357166,12.999999999999991,12.90832076244491,16.74847084715829,6.1060366622275195,1.5014545503952075,0,0,0,0,-1,inf,0,-1,0,0,6080,1691,0,1829,0,2560,1.6853179586269484,3.9953777741018235,False
lane_choice,P4,12007,40,4.0,1.5,12.011930681626641,8.339167020023577,0.15681014940403565,3.197086409443261e-05,999968029.1359055,12.99999999999999,12.903358507552323,16.74847084715829,6.1060366622275195,1.508038196389593,0,0,0,0,-1,inf,0,-1,0,0,6080,1616,0,1788,0,2676,1.6853179586269484,3.9953777741018235,False
lane_choice,P0,12008,40,4.0,1.5,-1.4841772517946121,-13.800125353527465,0.7112488585418857,0.27149979741639463,728500202.5836054,12.99999999999999,12.882786325056207,16.782438462261936,inf,1.5013499953110632,0,0,0,0,-1,inf,0,-1,0,0,6080,1879,0,1762,0,2439,1.811627553265889,4.265497009580975,False
lane_choice,P1,12008,40,4.0,1.5,11.415283391778742,7.917465961148334,0.19749853001493048,9.757018575009277e-05,999902429.81425,12.999999999999991,12.91210617836171,16.755131274768452,6.1060366622275195,1.5001885304115121,0,0,0,0,-1,inf,0,-1,0,0,6080,1784,0,1780,0,2516,1.811627553265889,4.265497009580975,False
lane_choice,P2,12008,40,4.0,1.5,12.011930681626641,8.339167020023577,0.15681014940403565,3.197086409443261e-05,999968029.1359055,12.99999999999999,12.903358507552323,16.74847084715829,6.1060366622275195,1.508038196389593,0,0,0,0,-1,inf,0,-1,0,0,6080,1616,0,1788,0,2676,1.811627553265889,4.265497009580975,False
lane_choice,P3,12008,40,4.0,1.5,11.415283391778742,7.917465961148334,0.19749853001493048,9.757018575009277e-05,999902429.81425,12.999999999999991,12.91210617836171,16.755131274768452,6.1060366622275195,1.5001885304115121,0,0,0,0,-1,inf,0,-1,0,0,6080,1784,0,1780,0,2516,1.811627553265889,4.265497009580975,False
lane_choice,P4,12008,40,4.0,1.5,12.011930681626641,8.339167020023577,0.15681014940403565,3.197086409443261e-05,999968029.1359055,12.99999999999999,12.903358507552323,16.74847084715829,6.1060366622275195,1.508038196389593,0,0,0,0,-1,inf,0,-1,0,0,6080,1616,0,1788,0,2676,1.811627553265889,4.265497009580975,False
lane_choice,P0,12009,40,4.0,1.5,-1.4841772517946121,-13.800125353527465,0.7112488585418857,0.27149979741639463,728500202.5836054,12.99999999999999,12.882786325056207,16.782438462261936,inf,1.5013499953110632,0,0,0,0,-1,inf,0,-1,0,0,6080,1879,0,1762,0,2439,1.8501987730986174,4.222102837419873,False
lane_choice,P1,12009,40,4.0,1.5,11.435182525296545,8.012373056845629,0.19517708609454484,8.383575704004454e-05,999916164.24296,12.99999999999999,12.910819574708963,16.753017151880435,6.1060366622275195,1.501167547298801,0,0,0,0,-1,inf,0,-1,0,0,6080,1768,0,1784,0,2528,1.8501987730986174,4.222102837419873,False
lane_choice,P2,12009,40,4.0,1.5,12.011930681626641,8.339167020023577,0.15681014940403565,3.197086409443261e-05,999968029.1359055,12.99999999999999,12.903358507552323,16.74847084715829,6.1060366622275195,1.508038196389593,0,0,0,0,-1,inf,0,-1,0,0,6080,1616,0,1788,0,2676,1.8501987730986174,4.222102837419873,False
lane_choice,P3,12009,40,4.0,1.5,11.415283391778742,7.917465961148334,0.19749853001493048,9.757018575009277e-05,999902429.81425,12.999999999999991,12.91210617836171,16.755131274768452,6.1060366622275195,1.5001885304115121,0,0,0,0,-1,inf,0,-1,0,0,6080,1784,0,1780,0,2516,1.8501987730986174,4.222102837419873,False
lane_choice,P4,12009,40,4.0,1.5,12.011930681626641,8.339167020023577,0.15681014940403565,3.197086409443261e-05,999968029.1359055,12.99999999999999,12.903358507552323,16.74847084715829,6.1060366622275195,1.508038196389593,0,0,0,0,-1,inf,0,-1,0,0,6080,1616,0,1788,0,2676,1.8501987730986174,4.222102837419873,False
lane_choice,P0,12010,40,4.0,1.5,-1.4841772517946121,-13.800125353527465,0.7112488585418857,0.27149979741639463,728500202.5836054,12.99999999999999,12.882786325056207,16.782438462261936,inf,1.5013499953110632,0,0,0,0,-1,inf,0,-1,0,0,6080,1879,0,1762,0,2439,1.5919530369352142,3.967041836778246,False
lane_choice,P1,12010,40,4.0,1.5,11.415283391778742,7.917465961148334,0.19749853001493048,9.757018575009277e-05,999902429.81425,12.999999999999991,12.91210617836171,16.755131274768452,6.1060366622275195,1.5001885304115121,0,0,0,0,-1,inf,0,-1,0,0,6080,1784,0,1780,0,2516,1.5919530369352142,3.967041836778246,False
lane_choice,P2,12010,40,4.0,1.5,12.011930681626641,8.339167020023577,0.15681014940403565,3.197086409443261e-05,999968029.1359055,12.99999999999999,12.903358507552323,16.74847084715829,6.1060366622275195,1.508038196389593,0,0,0,0,-1,inf,0,-1,0,0,6080,1616,0,1788,0,2676,1.5919530369352142,3.967041836778246,False
lane_choice,P3,12010,40,4.0,1.5,12.076728932495755,9.263228055490746,0.13843144961890505,8.18915618597111e-06,999991810.8438139,12.99999999999999,12.911716648644994,16.757163456939804,6.1060366622275195,1.5028868179940864,0,0,0,0,-1,inf,0,-1,0,0,6080,1729,0,1751,0,2600,1.5919530369352142,3.967041836778246,False
lane_choice,P4,12010,40,4.0,1.5,12.011930681626641,8.339167020023577,0.15681014940403565,3.197086409443261e-05,999968029.1359055,12.99999999999999,12.903358507552323,16.74847084715829,6.1060366622275195,1.508038196389593,0,0,0,0,-1,inf,0,-1,0,0,6080,1616,0,1788,0,2676,1.5919530369352142,3.967041836778246,False
lane_choice,P0,12011,40,4.0,1.5,-1.4841772517946121,-13.800125353527465,0.7112488585418857,0.27149979741639463,728500202.5836054,12.99999999999999,12.882786325056207,16.782438462261936,inf,1.5013499953110632,0,0,0,0,-1,inf,0,-1,0,0,6080,1879,0,1762,0,2439,1.7566366753791798,4.189685578391737,False
lane_choice,P1,12011,40,4.0,1.5,11.435182525296545,8.012373056845629,0.19517708609454484,8.383575704004454e-05,999916164.24296,12.99999999999999,12.910819574708963,16.753017151880435,6.1060366622275195,1.501167547298801,0,0,0,0,-1,inf,0,-1,0,0,6080,1768,0,1784,0,2528,1.7566366753791798,4.189685578391737,False
lane_choice,P2,12011,40,4.0,1.5,12.101132847578397,8.783780876789407,0.14732170842461895,1.6529403731088244e-05,999983470.5962689,12.99999999999999,12.905349679254607,16.74847084715829,6.1060366622275195,1.5010597912286787,0,0,0,0,-1,inf,0,-1,0,0,6080,1602,0,1812,0,2666,1.7566366753791798,4.189685578391737,False
lane_choice,P3,12011,40,4.0,1.5,11.435182525296545,8.012373056845629,0.19517708609454484,8.383575704004454e-05,999916164.24296,12.99999999999999,12.910819574708963,16.753017151880435,6.1060366622275195,1.501167547298801,0,0,0,0,-1,inf,0,-1,0,0,6080,1768,0,1784,0,2528,1.7566366753791798,4.189685578391737,False
lane_choice,P4,12011,40,4.0,1.5,12.011930681626641,8.339167020023577,0.15681014940403565,3.197086409443261e-05,999968029.1359055,12.99999999999999,12.903358507552323,16.74847084715829,6.1060366622275195,1.508038196389593,0,0,0,0,-1,inf,0,-1,0,0,6080,1616,0,1788,0,2676,1.7566366753791798,4.189685578391737,False
lane_choice,P0,12012,40,4.0,1.5,-1.4841772517946121,-13.800125353527465,0.7112488585418857,0.27149979741639463,728500202.5836054,12.99999999999999,12.882786325056207,16.782438462261936,inf,1.5013499953110632,0,0,0,0,-1,inf,0,-1,0,0,6080,1879,0,1762,0,2439,1.7154928838578087,4.02566517713351,False
lane_choice,P1,12012,40,4.0,1.5,11.435182525296545,8.012373056845629,0.19517708609454484,8.383575704004454e-05,999916164.24296,12.99999999999999,12.910819574708963,16.753017151880435,6.1060366622275195,1.501167547298801,0,0,0,0,-1,inf,0,-1,0,0,6080,1768,0,1784,0,2528,1.7154928838578087,4.02566517713351,False
lane_choice,P2,12012,40,4.0,1.5,10.097163224020916,5.864452961638088,0.3556042036767588,0.0016046030005739443,998395396.9994259,12.99999999999999,12.905176103758798,16.74847084715829,6.1060366622275195,1.507810195754565,0,0,0,0,-1,inf,0,-1,0,0,6080,1856,0,1682,0,2542,1.7154928838578087,4.02566517713351,False
lane_choice,P3,12012,40,4.0,1.5,11.435182525296545,8.012373056845629,0.19517708609454484,8.383575704004454e-05,999916164.24296,12.99999999999999,12.910819574708963,16.753017151880435,6.1060366622275195,1.501167547298801,0,0,0,0,-1,inf,0,-1,0,0,6080,1768,0,1784,0,2528,1.7154928838578087,4.02566517713351,False
lane_choice,P4,12012,40,4.0,1.5,12.011930681626641,8.339167020023577,0.15681014940403565,3.197086409443261e-05,999968029.1359055,12.99999999999999,12.903358507552323,16.74847084715829,6.1060366622275195,1.508038196389593,0,0,0,0,-1,inf,0,-1,0,0,6080,1616,0,1788,0,2676,1.7154928838578087,4.02566517713351,False
lane_choice,P0,12013,40,4.0,1.5,-1.4841772517946121,-13.800125353527465,0.7112488585418857,0.27149979741639463,728500202.5836054,12.99999999999999,12.882786325056207,16.782438462261936,inf,1.5013499953110632,0,0,0,0,-1,inf,0,-1,0,0,6080,1879,0,1762,0,2439,1.8388076946589436,4.308277738359172,False
lane_choice,P1,12013,40,4.0,1.5,11.761369247674178,8.763759785661756,0.16494697501400693,2.2891689134287736e-05,999977108.3108658,12.99999999999999,12.909748525722138,16.7508040885184,6.1060366622275195,1.500368498496405,0,0,0,0,-1,inf,0,-1,0,0,6080,1706,0,1817,0,2557,1.8388076946589436,4.308277738359172,False
lane_choice,P2,12013,40,4.0,1.5,12.008621702981113,8.339167020023577,0.15701360302838382,3.2002794464293644e-05,999967997.2055357,12.99999999999999,12.903358507552323,16.74847084715829,6.1060366622275195,1.508038196389593,0,0,0,0,-1,inf,0,-1,0,0,6080,1631,0,1773,0,2676,1.8388076946589436,4.308277738359172,False
lane_choice,P3,12013,40,4.0,1.5,11.761369247674178,8.763759785661756,0.16494697501400693,2.2891689134287736e-05,999977108.3108658,12.99999999999999,12.909748525722138,16.7508040885184,6.1060366622275195,1.500368498496405,0,0,0,0,-1,inf,0,-1,0,0,6080,1706,0,1817,0,2557,1.8388076946589436,4.308277738359172,False
lane_choice,P4,12013,40,4.0,1.5,12.011930681626641,8.339167020023577,0.15681014940403565,3.197086409443261e-05,999968029.1359055,12.99999999999999,12.903358507552323,16.74847084715829,6.1060366622275195,1.508038196389593,0,0,0,0,-1,inf,0,-1,0,0,6080,1616,0,1788,0,2676,1.8388076946589436,4.308277738359172,False
lane_choice,P0,12014,40,4.0,1.5,-1.4841772517946121,-13.800125353527465,0.7112488585418857,0.27149979741639463,728500202.5836054,12.99999999999999,12.882786325056207,16.782438462261936,inf,1.5013499953110632,0,0,0,0,-1,inf,0,-1,0,0,6080,1879,0,1762,0,2439,1.9794169096915692,4.588578276728024,False
lane_choice,P1,12014,40,4.0,1.5,11.43164033473314,7.97072833400294,0.19631392238432377,8.974218320885683e-05,999910257.8167912,12.99999999999999,12.911978679206724,16.755131274768452,6.1060366622275195,1.5002839596935633,0,0,0,0,-1,inf,0,-1,0,0,6080,1777,0,1784,0,2519,1.9794169096915692,4.588578276728024,False
lane_choice,P2,12014,40,4.0,1.5,12.011930681626641,8.339167020023577,0.15681014940403565,3.197086409443261e-05,999968029.1359055,12.99999999999999,12.903358507552323,16.74847084715829,6.1060366622275195,1.508038196389593,0,0,0,0,-1,inf,0,-1,0,0,6080,1616,0,1788,0,2676,1.9794169096915692,4.588578276728024,False
lane_choice,P3,12014,40,4.0,1.5,11.415283391778742,7.917465961148334,0.19749853001493048,9.757018575009277e-05,999902429.81425,12.999999999999991,12.91210617836171,16.755131274768452,6.1060366622275195,1.5001885304115121,0,0,0,0,-1,inf,0,-1,0,0,6080,1784,0,1780,0,2516,1.9794169096915692,4.588578276728024,False
lane_choice,P4,12014,40,4.0,1.5,12.011930681626641,8.339167020023577,0.15681014940403565,3.197086409443261e-05,999968029.1359055,12.99999999999999,12.903358507552323,16.74847084715829,6.1060366622275195,1.508038196389593,0,0,0,0,-1,inf,0,-1,0,0,6080,1616,0,1788,0,2676,1.9794169096915692,4.588578276728024,False
lane_choice,P0,12015,40,4.0,1.5,-1.4841772517946121,-13.800125353527465,0.7112488585418857,0.27149979741639463,728500202.5836054,12.99999999999999,12.882786325056207,16.782438462261936,inf,1.5013499953110632,0,0,0,0,-1,inf,0,-1,0,0,6080,1879,0,1762,0,2439,1.7275240215075278,4.140273670725392,False
lane_choice,P1,12015,40,4.0,1.5,11.415283391778742,7.917465961148334,0.19749853001493048,9.757018575009277e-05,999902429.81425,12.999999999999991,12.91210617836171,16.755131274768452,6.1060366622275195,1.5001885304115121,0,0,0,0,-1,inf,0,-1,0,0,6080,1784,0,1780,0,2516,1.7275240215075278,4.140273670725392,False
lane_choice,P2,12015,40,4.0,1.5,12.011930681626641,8.339167020023577,0.15681014940403565,3.197086409443261e-05,999968029.1359055,12.99999999999999,12.903358507552323,16.74847084715829,6.1060366622275195,1.508038196389593,0,0,0,0,-1,inf,0,-1,0,0,6080,1616,0,1788,0,2676,1.7275240215075278,4.140273670725392,False
lane_choice,P3,12015,40,4.0,1.5,11.415283391778742,7.917465961148334,0.19749853001493048,9.757018575009277e-05,999902429.81425,12.999999999999991,12.91210617836171,16.755131274768452,6.1060366622275195,1.5001885304115121,0,0,0,0,-1,inf,0,-1,0,0,6080,1784,0,1780,0,2516,1.7275240215075278,4.140273670725392,False
lane_choice,P4,12015,40,4.0,1.5,12.011930681626641,8.339167020023577,0.15681014940403565,3.197086409443261e-05,999968029.1359055,12.99999999999999,12.903358507552323,16.74847084715829,6.1060366622275195,1.508038196389593,0,0,0,0,-1,inf,0,-1,0,0,6080,1616,0,1788,0,2676,1.7275240215075278,4.140273670725392,False
lane_choice,P0,12016,40,4.0,1.5,-1.4841772517946121,-13.800125353527465,0.7112488585418857,0.27149979741639463,728500202.5836054,12.99999999999999,12.882786325056207,16.782438462261936,inf,1.5013499953110632,0,0,0,0,-1,inf,0,-1,0,0,6080,1879,0,1762,0,2439,1.6612458786914026,4.026972751484534,False
lane_choice,P1,12016,40,4.0,1.5,11.415283391778742,7.917465961148334,0.19749853001493048,9.757018575009277e-05,999902429.81425,12.999999999999991,12.91210617836171,16.755131274768452,6.1060366622275195,1.5001885304115121,0,0,0,0,-1,inf,0,-1,0,0,6080,1784,0,1780,0,2516,1.6612458786914026,4.026972751484534,False
lane_choice,P2,12016,40,4.0,1.5,12.004846002929833,8.39448333904421,0.15610001630200873,2.9520593791208425e-05,999970479.4062088,12.999999999999993,12.902589135019047,16.747476673586238,6.1060366622275195,1.5086487573915592,0,0,0,0,-1,inf,0,-1,0,0,6080,1608,0,1796,0,2676,1.6612458786914026,4.026972751484534,False
lane_choice,P3,12016,40,4.0,1.5,12.076728932495755,9.263228055490746,0.13843144961890505,8.18915618597111e-06,999991810.8438139,12.99999999999999,12.911716648644994,16.757163456939804,6.1060366622275195,1.5028868179940864,0,0,0,0,-1,inf,0,-1,0,0,6080,1729,0,1751,0,2600,1.6612458786914026,4.026972751484534,False
lane_choice,P4,12016,40,4.0,1.5,12.011930681626641,8.339167020023577,0.15681014940403565,3.197086409443261e-05,999968029.1359055,12.99999999999999,12.903358507552323,16.74847084715829,6.1060366622275195,1.508038196389593,0,0,0,0,-1,inf,0,-1,0,0,6080,1616,0,1788,0,2676,1.6612458786914026,4.026972751484534,False
lane_choice,P0,12017,40,4.0,1.5,-1.4841772517946121,-13.800125353527465,0.7112488585418857,0.27149979741639463,728500202.5836054,12.99999999999999,12.882786325056207,16.782438462261936,inf,1.5013499953110632,0,0,0,0,-1,inf,0,-1,0,0,6080,1879,0,1762,0,2439,1.850548397141478,4.409933711478084,False
lane_choice,P1,12017,40,4.0,1.5,11.435182525296545,8.012373056845629,0.19517708609454484,8.383575704004454e-05,999916164.24296,12.99999999999999,12.910819574708963,16.753017151880435,6.1060366622275195,1.501167547298801,0,0,0,0,-1,inf,0,-1,0,0,6080,1768,0,1784,0,2528,1.850548397141478,4.409933711478084,False
lane_choice,P2,12017,40,4.0,1.5,12.008621702981113,8.339167020023577,0.15701360302838382,3.2002794464293644e-05,999967997.2055357,12.99999999999999,12.903358507552323,16.74847084715829,6.1060366622275195,1.508038196389593,0,0,0,0,-1,inf,0,-1,0,0,6080,1631,0,1773,0,2676,1.850548397141478,4.409933711478084,False
lane_choice,P3,12017,40,4.0,1.5,11.774571468909128,8.864510842673633,0.1650053882993474,2.0320664283531382e-05,999979679.3357166,12.999999999999991,12.90832076244491,16.74847084715829,6.1060366622275195,1.5014545503952075,0,0,0,0,-1,inf,0,-1,0,0,6080,1691,0,1829,0,2560,1.850548397141478,4.409933711478084,False
lane_choice,P4,12017,40,4.0,1.5,12.011930681626641,8.339167020023577,0.15681014940403565,3.197086409443261e-05,999968029.1359055,12.99999999999999,12.903358507552323,16.74847084715829,6.1060366622275195,1.508038196389593,0,0,0,0,-1,inf,0,-1,0,0,6080,1616,0,1788,0,2676,1.850548397141478,4.409933711478084,False
lane_choice,P0,12018,40,4.0,1.5,-1.4841772517946121,-13.800125353527465,0.7112488585418857,0.27149979741639463,728500202.5836054,12.99999999999999,12.882786325056207,16.782438462261936,inf,1.5013499953110632,0,0,0,0,-1,inf,0,-1,0,0,6080,1879,0,1762,0,2439,1.6996636532230405,4.112250994043594,False
lane_choice,P1,12018,40,4.0,1.5,11.415283391778742,7.917465961148334,0.19749853001493048,9.757018575009277e-05,999902429.81425,12.999999999999991,12.91210617836171,16.755131274768452,6.1060366622275195,1.5001885304115121,0,0,0,0,-1,inf,0,-1,0,0,6080,1784,0,1780,0,2516,1.6996636532230405,4.112250994043594,False
lane_choice,P2,12018,40,4.0,1.5,12.004846002929833,8.39448333904421,0.15610001630200873,2.9520593791208425e-05,999970479.4062088,12.999999999999993,12.902589135019047,16.747476673586238,6.1060366622275195,1.5086487573915592,0,0,0,0,-1,inf,0,-1,0,0,6080,1608,0,1796,0,2676,1.6996636532230405,4.112250994043594,False
lane_choice,P3,12018,40,4.0,1.5,12.076728932495755,9.263228055490746,0.13843144961890505,8.18915618597111e-06,999991810.8438139,12.99999999999999,12.911716648644994,16.757163456939804,6.1060366622275195,1.5028868179940864,0,0,0,0,-1,inf,0,-1,0,0,6080,1729,0,1751,0,2600,1.6996636532230405,4.112250994043594,False
lane_choice,P4,12018,40,4.0,1.5,12.011930681626641,8.339167020023577,0.15681014940403565,3.197086409443261e-05,999968029.1359055,12.99999999999999,12.903358507552323,16.74847084715829,6.1060366622275195,1.508038196389593,0,0,0,0,-1,inf,0,-1,0,0,6080,1616,0,1788,0,2676,1.6996636532230405,4.112250994043594,False
lane_choice,P0,12019,40,4.0,1.5,-1.4841772517946121,-13.800125353527465,0.7112488585418857,0.27149979741639463,728500202.5836054,12.99999999999999,12.882786325056207,16.782438462261936,inf,1.5013499953110632,0,0,0,0,-1,inf,0,-1,0,0,6080,1879,0,1762,0,2439,1.7231585432988623,4.192194586139385,False
lane_choice,P1,12019,40,4.0,1.5,11.435182525296545,8.012373056845629,0.19517708609454484,8.383575704004454e-05,999916164.24296,12.99999999999999,12.910819574708963,16.753017151880435,6.1060366622275195,1.501167547298801,0,0,0,0,-1,inf,0,-1,0,0,6080,1768,0,1784,0,2528,1.7231585432988623,4.192194586139385,False
lane_choice,P2,12019,40,4.0,1.5,11.774571468909128,8.864510842673633,0.1650053882993474,2.0320664283531382e-05,999979679.3357166,12.999999999999991,12.90832076244491,16.74847084715829,6.1060366622275195,1.5014545503952075,0,0,0,0,-1,inf,0,-1,0,0,6080,1691,0,1829,0,2560,1.7231585432988623,4.192194586139385,False
lane_choice,P3,12019,40,4.0,1.5,12.076728932495755,9.263228055490746,0.13843144961890505,8.18915618597111e-06,999991810.8438139,12.99999999999999,12.911716648644994,16.757163456939804,6.1060366622275195,1.5028868179940864,0,0,0,0,-1,inf,0,-1,0,0,6080,1729,0,1751,0,2600,1.7231585432988623,4.192194586139385,False
lane_choice,P4,12019,40,4.0,1.5,12.011930681626641,8.339167020023577,0.15681014940403565,3.197086409443261e-05,999968029.1359055,12.99999999999999,12.903358507552323,16.74847084715829,6.1060366622275195,1.508038196389593,0,0,0,0,-1,inf,0,-1,0,0,6080,1616,0,1788,0,2676,1.7231585432988623,4.192194586139385,False
overtake,P0,12000,50,5.0,1.5,21.560447591751128,17.202168997219456,0.0027087651525873487,2.1981730397199558e-25,1000000000.0,44.74199999999998,44.74199999999998,4.263149034591745,2.231165668095341,inf,0,0,0,0,-1,inf,0,-1,0,0,7600,0,0,0,2781,4819,1.4661146003629009,3.4794881401075686,False
overtake,P1,12000,50,5.0,1.5,14.748675037214944,3.4771585391283395,0.13378226521231787,0.002468307626817892,997531692.373182,44.559999999999995,44.53574669024602,4.7644742326575855,inf,inf,0,0,0,0,-1,inf,0,-1,0,0,7600,2867,0,0,1235,3498,1.4661146003629009,3.4794881401075686,False
overtake,P2,12000,50,5.0,1.5,14.61924288222619,2.804932206230884,0.1431581130692512,0.0036002946622248635,996399705.3377751,44.64466666666667,44.62036632423077,4.686283153858398,inf,inf,0,0,0,0,-1,inf,0,-1,0,0,7600,2874,0,0,1243,3483,1.4661146003629009,3.4794881401075686,False
overtake,P3,12000,50,5.0,1.5,14.646731924419791,2.788572325296144,0.140738301071023,0.0035980547755523574,996401945.2244476,44.646666666666654,44.622365213222544,4.684438842308024,inf,inf,0,0,0,0,-1,inf,0,-1,0,0,7600,2869,0,0,1241,3490,1.4661146003629009,3.4794881401075686,False
overtake,P4,12000,50,5.0,1.5,18.82983937271384,13.868199079450857,0.00667041111344986,2.6262010091377694e-13,999999999.9997374,44.21666666666667,44.19260407999293,4.9632849224864914,2.942016116298261,inf,0,0,0,0,-1,inf,0,-1,0,0,7600,2828,0,0,1195,3577,1.4661146003629009,3.4794881401075686,False
overtake,P0,12001,50,5.0,1.5,18.864065732067072,13.384436595299842,0.007180653189249228,3.4301203557525308e-12,999999999.99657,44.36033333333335,44.33619093923476,4.825567102002568,2.724256354524662,inf,0,0,0,0,-1,inf,0,-1,0,0,7600,2845,0,0,1239,3516,1.4939372381566918,3.4896592813424183,False
overtake,P1,12001,50,5.0,1.5,18.92040119159081,13.349837572734584,0.007133840751779279,4.076932917568638e-12,999999999.9959232,44.37,44.34585223602828,4.816313185023036,2.7441187096203357,inf,0,0,0,0,-1,inf,0,-1,0,0,7600,2858,0,0,1271,3471,1.4939372381566918,3.4896592813424183,False
overtake,P2,12001,50,5.0,1.5,18.885944759807437,13.52017409734688,0.006960993319610195,1.7155740449395373e-12,999999999.9982845,44.321666666666665,44.297545752060614,4.8625988302172285,2.7921601499470095,inf,0,0,0,0,-1,inf,0,-1,0,0,7600,2843,0,0,1250,3507,1.4939372381566918,3.4896592813424183,False
overtake,P3,12001,50,5.0,1.5,18.864065732067072,13.384436595299842,0.007180653189249228,3.4301203557525308e-12,999999999.99657,44.36033333333335,44.33619093923476,4.825567102002568,2.724256354524662,inf,0,0,0,0,-1,inf,0,-1,0,0,7600,2845,0,0,1239,3516,1.4939372381566918,3.4896592813424183,False
overtake,P4,12001,50,5.0,1.5,18.864065732067072,13.384436595299842,0.007180653189249228,3.4301203557525308e-12,999999999.99657,44.36033333333335,44.33619093923476,4.825567102002568,2.724256354524662,inf,0,0,0,0,-1,inf,0,-1,0,0,7600,2845,0,0,1239,3516,1.4939372381566918,3.4896592813424183,False
overtake,P0,12002,50,5.0,1.5,21.621474704960054,17.202168997219456,0.002674253905638668,2.1981081512359177e-25,1000000000.0,44.841333333333345,44.841333333333345,4.163938536480182,2.0327853686562944,inf,0,0,0,0,-1,inf,0,-1,0,0,7600,0,0,0,2760,4840,1.4998051658004539,3.469227454173347,False
overtake,P1,12002,50,5.0,1.5,21.633402422878675,17.202168997219456,0.00261679421638573,2.1851098425672805e-25,1000000000.0,44.72,44.72,4.285122599312695,2.245655787004031,inf,0,0,0,0,-1,inf,0,-1,0,0,7600,0,0,0,2724,4876,1.4998051658004539,3.469227454173347,False
overtake,P2,12002,50,5.0,1.5,21.621474704960054,17.202168997219456,0.002674253905638668,2.1981081512359177e-25,1000000000.0,44.841333333333345,44.841333333333345,4.163938536480182,2.0327853686562944,inf,0,0,0,0,-1,inf,0,-1,0,0,7600,0,0,0,2760,4840,1.4998051658004539,3.469227454173347,False
overtake,P3,12002,50,5.0,1.5,21.621474704960054,17.202168997219456,0.002674253905638668,2.1981081512359177e-25,1000000000.0,44.841333333333345,44.841333333333345,4.163938536480182,2.0327853686562944,inf,0,0,0,0,-1,inf,0,-1,0,0,7600,0,0,0,2760,4840,1.4998051658004539,3.469227454173347,False
overtake,P4,12002,50,5.0,1.5,18.787581045713143,13.027304490250703,0.007664396843513844,1.9145875536979908e-11,999999999.980854,44.45666666666667,44.4324707590048,4.733420737419671,2.842752261897009,inf,0,0,0,0,-1,inf,0,-1,0,0,7600,2852,0,0,1198,3550,1.4998051658004539,3.469227454173347,False
overtake,P0,12003,50,5.0,1.5,21.26967531089969,17.202168997219456,0.0028370913295396654,2.212620647264391e-25,1000000000.0,44.34666666666667,44.34666666666667,4.658045384305679,2.3859694043675397,inf,0,0,0,0,-1,inf,0,-1,0,0,7600,0,0,0,2709,4891,1.497664480626844,3.4367013398593413,False
overtake,P1,12003,50,5.0,1.5,21.223386805612822,17.202168997219456,0.002841681559137306,2.212620647264391e-25,1000000000.0,44.159999999999975,44.159999999999975,4.844530492332629,2.58278761387746,inf,0,0,0,0,-1,inf,0,-1,0,0,7600,0,0,0,2651,4949,1.497664480626844,3.4367013398593413,False
overtake,P2,12003,50,5.0,1.5,21.26967531089969,17.202168997219456,0.0028370913295396654,2.212620647264391e-25,1000000000.0,44.34666666666667,44.34666666666667,4.658045384305679,2.3859694043675397,inf,0,0,0,0,-1,inf,0,-1,0,0,7600,0,0,0,2709,4891,1.497664480626844,3.4367013398593413,False
overtake,P3,12003,50,5.0,1.5,21.26967531089969,17.202168997219456,0.0028370913295396654,2.212620647264391e-25,1000000000.0,44.34666666666667,44.34666666666667,4.658045384305679,2.3859694043675397,inf,0,0,0,0,-1,inf,0,-1,0,0,7600,0,0,0,2709,4891,1.497664480626844,3.4367013398593413,False
overtake,P4,12003,50,5.0,1.5,21.264449902537134,17.202168997219456,0.0028375289921576696,2.212620647264391e-25,1000000000.0,44.323333333333345,44.323333333333345,4.68135523136745,2.4433325771609837,inf,0,0,0,0,-1,inf,0,-1,0,0,7600,0,0,0,2703,4897,1.497664480626844,3.4367013398593413,False
overtake,P0,12004,50,5.0,1.5,21.56622804988042,17.202168997219456,0.0026319285112320558,2.190642851945628e-25,1000000000.0,44.65533333333332,44.65533333333332,4.349713109572281,2.2172115845424534,inf,0,0,0,0,-1,inf,0,-1,0,0,7600,0,0,0,2770,4830,1.4466386610651387,3.454230377007302,False
overtake,P1,12004,50,5.0,1.5,21.57074402587549,17.202168997219456,0.0026072802157420857,2.185109842567168e-25,1000000000.0,44.55999999999999,44.55999999999999,4.444938210047524,2.405919136173364,inf,0,0,0,0,-1,inf,0,-1,0,0,7600,0,0,0,2728,4872,1.4466386610651387,3.454230377007302,False
overtake,P2,12004,50,5.0,1.5,21.56622804988042,17.202168997219456,0.0026319285112320558,2.190642851945628e-25,1000000000.0,44.65533333333332,44.65533333333332,4.349713109572281,2.2172115845424534,inf,0,0,0,0,-1,inf,0,-1,0,0,7600,0,0,0,2770,4830,1.4466386610651387,3.454230377007302,False
overtake,P3,12004,50,5.0,1.5,21.56622804988042,17.202168997219456,0.0026319285112320558,2.190642851945628e-25,1000000000.0,44.65533333333332,44.65533333333332,4.349713109572281,2.2172115845424534,inf,0,0,0,0,-1,inf,0,-1,0,0,7600,0,0,0,2770,4830,1.4466386610651387,3.454230377007302,False
overtake,P4,12004,50,5.0,1.5,18.89490654780563,13.793373795980465,0.006556663296983005,3.973806636689074e-13,999999999.9996027,44.24000000000004,44.21592445156355,4.940894715644235,3.1274608460718483,inf,0,0,0,0,-1,inf,0,-1,0,0,7600,2832,0,0,1220,3548,1.4466386610651387,3.454230377007302,False
overtake,P0,12005,50,5.0,1.5,18.209378437805675,17.021873918939484,0.0063290633688202645,2.5110504237606066e-24,1000000000.0,44.736666666666665,44.72364408106042,4.398684204957091,2.6173329222396253,inf,0,0,0,0,-1,inf,0,-1,0,0,7600,1798,0,0,1732,4070,1.5467023109989746,3.5161390922572404,False
overtake,P1,12005,50,5.0,1.5,18.202528511217693,17.021873918939484,0.0063028130809932225,2.46058558652751e-24,1000000000.0,44.71966666666666,44.70647025623822,4.416427196260099,2.703533359529713,inf,0,0,0,0,-1,inf,0,-1,0,0,7600,1824,0,0,1766,4010,1.5467023109989746,3.5161390922572404,False
overtake,P2,12005,50,5.0,1.5,18.21027137367249,17.021873918939484,0.006326813320483142,2.5110504232653675e-24,1000000000.0,44.72766666666665,44.71464409998544,4.407430084909563,2.6173329222396253,inf,0,0,0,0,-1,inf,0,-1,0,0,7600,1798,0,0,1732,4070,1.5467023109989746,3.5161390922572404,False
overtake,P3,12005,50,5.0,1.5,18.21027137367249,17.021873918939484,0.006326813320483142,2.5110504232653675e-24,1000000000.0,44.72766666666665,44.71464409998544,4.407430084909563,2.6173329222396253,inf,0,0,0,0,-1,inf,0,-1,0,0,7600,1798,0,0,1732,4070,1.5467023109989746,3.5161390922572404,False
overtake,P4,12005,50,5.0,1.5,18.220625678995134,17.021873918939484,0.0063014596868398364,2.5110504206896728e-24,1000000000.0,44.68866666666667,44.67564418199393,4.445340620606627,2.6173329222396253,inf,0,0,0,0,-1,inf,0,-1,0,0,7600,1796,0,0,1727,4077,1.5467023109989746,3.5161390922572404,False
overtake,P0,12006,50,5.0,1.5,14.513746889940423,2.98876870280019,0.15066568176599313,0.00368413868402743,996315861.3159726,44.62200000000001,44.59771224899077,4.7071942377379665,3.9861896573734517,inf,0,0,0,0,-1,inf,0,-1,0,0,7600,2876,0,0,1250,3474,1.4554887605100435,3.466151599127011,False
overtake,P1,12006,50,5.0,1.5,14.418704605868822,2.428471420766005,0.15798718718372012,0.004866534531678497,995133465.4683217,44.69,44.665674474710805,4.644510402344956,3.9011144179585995,inf,0,0,0,0,-1,inf,0,-1,0,0,7600,2890,0,0,1268,3442,1.4554887605100435,3.466151599127011,False
overtake,P2,12006,50,5.0,1.5,14.513746889940423,2.98876870280019,0.15066568176599313,0.00368413868402743,996315861.3159726,44.62200000000001,44.59771224899077,4.7071942377379665,3.9861896573734517,inf,0,0,0,0,-1,inf,0,-1,0,0,7600,2876,0,0,1250,3474,1.4554887605100435,3.466151599127011,False
overtake,P3,12006,50,5.0,1.5,14.513746889940423,2.98876870280019,0.15066568176599313,0.00368413868402743,996315861.3159726,44.62200000000001,44.59771224899077,4.7071942377379665,3.9861896573734517,inf,0,0,0,0,-1,inf,0,-1,0,0,7600,2876,0,0,1250,3474,1.4554887605100435,3.466151599127011,False
overtake,P4,12006,50,5.0,1.5,18.889270015578287,13.966502391179118,0.006559513567150745,1.505034011828984e-13,999999999.9998496,44.18533333333332,44.161288152455256,4.993365356769196,2.8342833784462145,inf,0,0,0,0,-1,inf,0,-1,0,0,7600,2840,0,0,1200,3560,1.4554887605100435,3.466151599127011,False
overtake,P0,12007,50,5.0,1.5,21.45890001008229,17.202168997219456,0.002693664531244776,2.189000454259516e-25,1000000000.0,44.53766666666665,44.53766666666665,4.467246855605619,2.340427775406776,inf,0,0,0,0,-1,inf,0,-1,0,0,7600,0,0,0,2757,4843,1.5573539939283736,3.444879142383064,False
overtake,P1,12007,50,5.0,1.5,21.45975775267592,17.202168997219456,0.002663422464724842,2.1889376772926713e-25,1000000000.0,44.399999999999984,44.399999999999984,4.6047666272179875,2.507784411931396,inf,0,0,0,0,-1,inf,0,-1,0,0,7600,0,0,0,2720,4880,1.5573539939283736,3.444879142383064,False
overtake,P2,12007,50,5.0,1.5,21.45890001008229,17.202168997219456,0.002693664531244776,2.189000454259516e-25,1000000000.0,44.53766666666665,44.53766666666665,4.467246855605619,2.340427775406776,inf,0,0,0,0,-1,inf,0,-1,0,0,7600,0,0,0,2757,4843,1.5573539939283736,3.444879142383064,False
overtake,P3,12007,50,5.0,1.5,21.45890001008229,17.202168997219456,0.002693664531244776,2.189000454259516e-25,1000000000.0,44.53766666666665,44.53766666666665,4.467246855605619,2.340427775406776,inf,0,0,0,0,-1,inf,0,-1,0,0,7600,0,0,0,2757,4843,1.5573539939283736,3.444879142383064,False
overtake,P4,12007,50,5.0,1.5,18.85188458286393,13.57170570615837,0.00695420338879726,1.3117482612678157e-12,999999999.9986883,44.30666666666668,44.28255408462239,4.87697141858054,2.843788543032907,inf,0,0,0,0,-1,inf,0,-1,0,0,7600,2834,0,0,1258,3508,1.5573539939283736,3.444879142383064,False
overtake,P0,12008,50,5.0,1.5,14.893340771282597,4.0286031030951825,0.12200233408394164,0.0016965898064947938,998303410.1935053,44.48666666666666,44.46245409388129,4.832375164693936,inf,inf,0,0,0,0,-1,inf,0,-1,0,0,7600,2849,0,0,1208,3543,1.553285045559235,3.6483003846066784,False
overtake,P1,12008,50,5.0,1.5,14.771917612321669,3.930387178591914,0.13160423241518066,0.0019232756265433154,998076724.3734566,44.5,44.47578002049305,4.820017701009313,3.916034718721348,inf,0,0,0,0,-1,inf,0,-1,0,0,7600,2871,0,0,1265,3464,1.553285045559235,3.6483003846066784,False
overtake,P2,12008,50,5.0,1.5,14.977952464519285,4.6226659597704725,0.11475224817745171,0.0011407873949438412,998859212.605056,44.40333333333334,44.37916705255772,4.90972500526556,inf,inf,0,0,0,0,-1,inf,0,-1,0,0,7600,2839,0,0,1202,3559,1.553285045559235,3.6483003846066784,False
overtake,P3,12008,50,5.0,1.5,14.893340771282597,4.0286031030951825,0.12200233408394164,0.0016965898064947938,998303410.1935053,44.48666666666666,44.46245409388129,4.832375164693936,inf,inf,0,0,0,0,-1,inf,0,-1,0,0,7600,2849,0,0,1208,3543,1.553285045559235,3.6483003846066784,False
overtake,P4,12008,50,5.0,1.5,14.965296732578866,4.613422950724509,0.11508594070022017,0.0011263151459368064,998873684.8540633,44.40466666666668,44.380499645218904,4.9084858658935575,inf,inf,0,0,0,0,-1,inf,0,-1,0,0,7600,2841,0,0,1203,3556,1.553285045559235,3.6483003846066784,False
overtake,P0,12009,50,5.0,1.5,21.664849508597854,17.202168997219456,0.002622089149950468,2.185850462060306e-25,1000000000.0,44.64666666666665,44.64666666666665,4.358369741342703,2.014742478195341,inf,0,0,0,0,-1,inf,0,-1,0,0,7600,0,0,0,2825,4775,1.5348255184463877,3.561233303756469,False
overtake,P1,12009,50,5.0,1.5,21.670253217693347,17.202168997219456,0.0026112753379278725,2.185849447163755e-25,1000000000.0,44.68333333333331,44.68333333333331,4.321745804909366,2.1143285018842617,inf,0,0,0,0,-1,inf,0,-1,0,0,7600,0,0,0,2838,4762,1.5348255184463877,3.561233303756469,False
overtake,P2,12009,50,5.0,1.5,21.664849508597854,17.202168997219456,0.002622089149950468,2.185850462060306e-25,1000000000.0,44.64666666666665,44.64666666666665,4.358369741342703,2.014742478195341,inf,0,0,0,0,-1,inf,0,-1,0,0,7600,0,0,0,2825,4775,1.5348255184463877,3.561233303756469,False
overtake,P3,12009,50,5.0,1.5,21.664849508597854,17.202168997219456,0.002622089149950468,2.185850462060306e-25,1000000000.0,44.64666666666665,44.64666666666665,4.358369741342703,2.014742478195341,inf,0,0,0,0,-1,inf,0,-1,0,0,7600,0,0,0,2825,4775,1.5348255184463877,3.561233303756469,False
overtake,P4,12009,50,5.0,1.5,18.959065762095737,15.585757960308069,0.00533185595470758,1.9210852948244402e-18,1000000000.0,44.496666666666655,44.473287966324165,4.679710338837278,2.6272914314527287,inf,0,0,0,0,-1,inf,0,-1,0,0,7600,2789,0,0,1307,3504,1.5348255184463877,3.561233303756469,False
overtake,P0,12010,50,5.0,1.5,21.38903222145632,17.202168997219456,0.0027426030158071626,2.2025242356308903e-25,1000000000.0,44.39833333333332,44.39833333333332,4.606431569257446,2.376047943866781,inf,0,0,0,0,-1,inf,0,-1,0,0,7600,0,0,0,2627,4973,1.3687886064869808,3.2727451673874257,False
overtake,P1,12010,50,5.0,1.5,21.54773396196648,17.202168997219456,0.0026718273300276596,2.2024539338775593e-25,1000000000.0,44.52999999999999,44.52999999999999,4.474905104149192,2.3394380424817705,inf,0,0,0,0,-1,inf,0,-1,0,0,7600,0,0,0,2744,4856,1.3687886064869808,3.2727451673874257,False
overtake,P2,12010,50,5.0,1.5,21.38903222145632,17.202168997219456,0.0027426030158071626,2.2025242356308903e-25,1000000000.0,44.39833333333332,44.39833333333332,4.606431569257446,2.376047943866781,inf,0,0,0,0,-1,inf,0,-1,0,0,7600,0,0,0,2627,4973,1.3687886064869808,3.2727451673874257,False
overtake,P3,12010,50,5.0,1.5,21.38903222145632,17.202168997219456,0.0027426030158071626,2.2025242356308903e-25,1000000000.0,44.39833333333332,44.39833333333332,4.606431569257446,2.376047943866781,inf,0,0,0,0,-1,inf,0,-1,0,0,7600,0,0,0,2627,4973,1.3687886064869808,3.2727451673874257,False
overtake,P4,12010,50,5.0,1.5,19.7005247514922,17.04736030859877,0.003623279384906057,1.4513474221704923e-24,1000000000.0,44.371666666666634,44.35136819666417,4.751760801919325,2.584345747546506,inf,0,0,0,0,-1,inf,0,-1,0,0,7600,2455,0,0,1438,3707,1.3687886064869808,3.2727451673874257,False
overtake,P0,12011,50,5.0,1.5,14.96028782807304,3.8312726904814376,0.11709487250033934,0.0018161182101970358,998183881.789803,44.51333333333333,44.48910594710484,4.807665452097379,inf,inf,0,0,0,0,-1,inf,0,-1,0,0,7600,2853,0,0,1207,3540,1.5093259895039137,3.5815277556345904,False
overtake,P1,12011,50,5.0,1.5,14.57378697202296,2.086284539356736,0.14644909231988845,0.0049542151715845206,995045784.8284154,44.73000000000001,44.705652254546116,4.607707990736884,3.8107811598836574,inf,0,0,0,0,-1,inf,0,-1,0,0,7600,2888,0,0,1277,3435,1.5093259895039137,3.5815277556345904,False
overtake,P2,12011,50,5.0,1.5,14.888273716272174,3.5182048261834176,0.12316928164328315,0.0022589332859117464,997741066.7140883,44.554666666666684,44.53041631960132,4.769407057980525,inf,inf,0,0,0,0,-1,inf,0,-1,0,0,7600,2854,0,0,1219,3527,1.5093259895039137,3.5815277556345904,False
overtake,P3,12011,50,5.0,1.5,18.81386779564468,13.17896755807089,0.007450293589643715,9.389137361750153e-12,999999999.990611,44.41666666666666,44.392492979169496,4.7716621249650215,3.1786905887163237,inf,0,0,0,0,-1,inf,0,-1,0,0,7600,2842,0,0,1219,3539,1.5093259895039137,3.5815277556345904,False
overtake,P4,12011,50,5.0,1.5,18.81386779564468,13.17896755807089,0.007450293589643715,9.389137361750153e-12,999999999.990611,44.41666666666666,44.392492979169496,4.7716621249650215,3.1786905887163237,inf,0,0,0,0,-1,inf,0,-1,0,0,7600,2842,0,0,1219,3539,1.5093259895039137,3.5815277556345904,False
overtake,P0,12012,50,5.0,1.5,21.61551247641034,17.202168997219456,0.0026517779814798875,2.1948133447571857e-25,1000000000.0,44.54333333333333,44.54333333333333,4.461586429614268,2.3192114046382244,inf,0,0,0,0,-1,inf,0,-1,0,0,7600,0,0,0,2858,4742,1.401883525567821,3.3403574658579624,False
overtake,P1,12012,50,5.0,1.5,21.5257081243167,17.202168997219456,0.0026682456933142047,2.189855142556124e-25,1000000000.0,44.39,44.39,4.61475629813107,2.539081572135714,inf,0,0,0,0,-1,inf,0,-1,0,0,7600,0,0,0,2769,4831,1.401883525567821,3.3403574658579624,False
overtake,P2,12012,50,5.0,1.5,21.61551247641034,17.202168997219456,0.0026517779814798875,2.1948133447571857e-25,1000000000.0,44.54333333333333,44.54333333333333,4.461586429614268,2.3192114046382244,inf,0,0,0,0,-1,inf,0,-1,0,0,7600,0,0,0,2858,4742,1.401883525567821,3.3403574658579624,False
overtake,P3,12012,50,5.0,1.5,21.61551247641034,17.202168997219456,0.0026517779814798875,2.1948133447571857e-25,1000000000.0,44.54333333333333,44.54333333333333,4.461586429614268,2.3192114046382244,inf,0,0,0,0,-1,inf,0,-1,0,0,7600,0,0,0,2858,4742,1.401883525567821,3.3403574658579624,False
overtake,P4,12012,50,5.0,1.5,21.61551247641034,17.202168997219456,0.0026517779814798875,2.1948133447571857e-25,1000000000.0,44.54333333333333,44.54333333333333,4.461586429614268,2.3192114046382244,inf,0,0,0,0,-1,inf,0,-1,0,0,7600,0,0,0,2858,4742,1.401883525567821,3.3403574658579624,False
overtake,P0,12013,50,5.0,1.5,21.625060639019885,17.202168997219456,0.0026881862138126893,2.1971983497918183e-25,1000000000.0,44.800333333333334,44.800333333333334,4.204887133116831,2.1912847813627656,inf,0,0,0,0,-1,inf,0,-1,0,0,7600,0,0,0,2754,4846,1.5833668881154852,3.5677374063953384,False
overtake,P1,12013,50,5.0,1.5,21.748255518551304,17.202168997219456,0.0025650374065629197,2.185109842512363e-25,1000000000.0,44.61000000000001,44.61000000000001,4.394994390342304,2.300178918225282,inf,0,0,0,0,-1,inf,0,-1,0,0,7600,0,0,0,2729,4871,1.5833668881154852,3.5677374063953384,False
overtake,P2,12013,50,5.0,1.5,21.625060639019885,17.202168997219456,0.0026881862138126893,2.1971983497918183e-25,1000000000.0,44.800333333333334,44.800333333333334,4.204887133116831,2.1912847813627656,inf,0,0,0,0,-1,inf,0,-1,0,0,7600,0,0,0,2754,4846,1.5833668881154852,3.5677374063953384,False
overtake,P3,12013,50,5.0,1.5,21.625060639019885,17.202168997219456,0.0026881862138126893,2.1971983497918183e-25,1000000000.0,44.800333333333334,44.800333333333334,4.204887133116831,2.1912847813627656,inf,0,0,0,0,-1,inf,0,-1,0,0,7600,0,0,0,2754,4846,1.5833668881154852,3.5677374063953384,False
overtake,P4,12013,50,5.0,1.5,21.630157931428666,17.202168997219456,0.0026878953855709476,2.1971983497918183e-25,1000000000.0,44.82199999999999,44.82199999999999,4.183247505364759,2.1424526629449305,inf,0,0,0,0,-1,inf,0,-1,0,0,7600,0,0,0,2760,4840,1.5833668881154852,3.5677374063953384,False
overtake,P0,12014,50,5.0,1.5,21.165793397514808,17.202168997219456,0.0029577367652390833,2.2079833963720016e-25,1000000000.0,44.35633333333332,44.35633333333332,4.648388516706799,2.2967374136293293,inf,0,0,0,0,-1,inf,0,-1,0,0,7600,0,0,0,2780,4820,1.6369551706238403,3.81680713607936,False
overtake,P1,12014,50,5.0,1.5,21.142150204875097,17.202168997219456,0.002949368490969705,2.196129633047839e-25,1000000000.0,44.31999999999999,44.31999999999999,4.684685228608262,2.278977440340733,inf,0,0,0,0,-1,inf,0,-1,0,0,7600,0,0,0,2758,4842,1.6369551706238403,3.81680713607936,False
overtake,P2,12014,50,5.0,1.5,21.165793397514808,17.202168997219456,0.0029577367652390833,2.2079833963720016e-25,1000000000.0,44.35633333333332,44.35633333333332,4.648388516706799,2.2967374136293293,inf,0,0,0,0,-1,inf,0,-1,0,0,7600,0,0,0,2780,4820,1.6369551706238403,3.81680713607936,False
overtake,P3,12014,50,5.0,1.5,21.165793397514808,17.202168997219456,0.0029577367652390833,2.2079833963720016e-25,1000000000.0,44.35633333333332,44.35633333333332,4.648388516706799,2.2967374136293293,inf,0,0,0,0,-1,inf,0,-1,0,0,7600,0,0,0,2780,4820,1.6369551706238403,3.81680713607936,False
overtake,P4,12014,50,5.0,1.5,21.161528644925852,17.202168997219456,0.002958124384367721,2.2079833963720016e-25,1000000000.0,44.342999999999975,44.342999999999975,4.661708344710189,2.3455789996649905,inf,0,0,0,0,-1,inf,0,-1,0,0,7600,0,0,0,2774,4826,1.6369551706238403,3.81680713607936,False
overtake,P0,12015,50,5.0,1.5,21.688539308211002,17.202168997219456,0.002630893278601548,2.1954009873519474e-25,1000000000.0,44.68833333333332,44.68833333333332,4.316751687969202,2.2857365200593027,inf,0,0,0,0,-1,inf,0,-1,0,0,7600,0,0,0,2844,4756,1.5135888098794208,3.534211880306296,False
overtake,P1,12015,50,5.0,1.5,21.726043813565862,17.202168997219456,0.002585781797360417,2.185233249443347e-25,1000000000.0,44.62666666666665,44.62666666666665,4.378346735422511,2.3779704610246046,inf,0,0,0,0,-1,inf,0,-1,0,0,7600,0,0,0,2842,4758,1.5135888098794208,3.534211880306296,False
overtake,P2,12015,50,5.0,1.5,21.688539308211002,17.202168997219456,0.002630893278601548,2.1954009873519474e-25,1000000000.0,44.68833333333332,44.68833333333332,4.316751687969202,2.2857365200593027,inf,0,0,0,0,-1,inf,0,-1,0,0,7600,0,0,0,2844,4756,1.5135888098794208,3.534211880306296,False
overtake,P3,12015,50,5.0,1.5,21.688539308211002,17.202168997219456,0.002630893278601548,2.1954009873519474e-25,1000000000.0,44.68833333333332,44.68833333333332,4.316751687969202,2.2857365200593027,inf,0,0,0,0,-1,inf,0,-1,0,0,7600,0,0,0,2844,4756,1.5135888098794208,3.534211880306296,False
overtake,P4,12015,50,5.0,1.5,14.443235213850762,2.3438180562682085,0.15553337545293494,0.004830141507330252,995169858.4926698,44.70000000000003,44.675668919669654,4.635304832488671,4.199283773189017,inf,0,0,0,0,-1,inf,0,-1,0,0,7600,2880,0,0,1293,3427,1.5135888098794208,3.534211880306296,False
overtake,P0,12016,50,5.0,1.5,19.835661203255533,17.04736030859877,0.0035533192295900008,1.4622684041352494e-24,1000000000.0,44.40200000000001,44.382716723077884,4.710474781864043,2.795029139329897,inf,0,0,0,0,-1,inf,0,-1,0,0,7600,2366,0,0,1464,3770,1.4870590301278994,3.492262365065703,False
overtake,P1,12016,50,5.0,1.5,18.89700604474867,13.661798614455483,0.006758492013369863,8.139268889493504e-13,999999999.999186,44.279999999999994,44.25590223139883,4.9025319683156505,3.0871537458937146,inf,0,0,0,0,-1,inf,0,-1,0,0,7600,2847,0,0,1228,3525,1.4870590301278994,3.492262365065703,False
overtake,P2,12016,50,5.0,1.5,19.835661203255533,17.04736030859877,0.0035533192295900008,1.4622684041352494e-24,1000000000.0,44.40200000000001,44.382716723077884,4.710474781864043,2.795029139329897,inf,0,0,0,0,-1,inf,0,-1,0,0,7600,2366,0,0,1464,3770,1.4870590301278994,3.492262365065703,False
overtake,P3,12016,50,5.0,1.5,19.835764527373218,17.04736030859877,0.0035532330300817997,1.4622684041352494e-24,1000000000.0,44.39799999999998,44.37871672840278,4.714396998353993,2.795029139329897,inf,0,0,0,0,-1,inf,0,-1,0,0,7600,2366,0,0,1464,3770,1.4870590301278994,3.492262365065703,False
overtake,P4,12016,50,5.0,1.5,19.835661203255533,17.04736030859877,0.0035533192295900008,1.4622684041352494e-24,1000000000.0,44.40200000000001,44.382716723077884,4.710474781864043,2.795029139329897,inf,0,0,0,0,-1,inf,0,-1,0,0,7600,2366,0,0,1464,3770,1.4870590301278994,3.492262365065703,False
overtake,P0,12017,50,5.0,1.5,14.600341106281869,3.238198049202257,0.14536748967999436,0.0032585838656371325,996741416.1343628,44.59066666666667,44.56639632145311,4.736127334656807,3.809337541326382,inf,0,0,0,0,-1,inf,0,-1,0,0,7600,2874,0,0,1291,3435,1.5184609622154703,3.5145583883358915,False
overtake,P1,12017,50,5.0,1.5,18.85931707383163,13.92079528208639,0.00666289982137934,1.9582061123219702e-13,999999999.9998043,44.20000000000002,44.17594667172821,4.9792832297235226,2.9101900805051346,inf,0,0,0,0,-1,inf,0,-1,0,0,7600,2838,0,0,1253,3509,1.5184609622154703,3.5145583883358915,False
overtake,P2,12017,50,5.0,1.5,18.850949519747502,14.092461151026187,0.006527596499034353,7.243447143795475e-14,999999999.9999275,44.144,44.119977779958774,5.03306931492308,2.860819845509012,inf,0,0,0,0,-1,inf,0,-1,0,0,7600,2834,0,0,1237,3529,1.5184609622154703,3.5145583883358915,False
overtake,P3,12017,50,5.0,1.5,18.850949519747502,14.092461151026187,0.006527596499034353,7.243447143795475e-14,999999999.9999275,44.144,44.119977779958774,5.03306931492308,2.860819845509012,inf,0,0,0,0,-1,inf,0,-1,0,0,7600,2834,0,0,1237,3529,1.5184609622154703,3.5145583883358915,False
overtake,P4,12017,50,5.0,1.5,18.850949519747502,14.092461151026187,0.006527596499034353,7.243447143795475e-14,999999999.9999275,44.144,44.119977779958774,5.03306931492308,2.860819845509012,inf,0,0,0,0,-1,inf,0,-1,0,0,7600,2834,0,0,1237,3529,1.5184609622154703,3.5145583883358915,False
overtake,P0,12018,50,5.0,1.5,21.61395455534726,17.202168997219456,0.002670769324697568,2.1969359942692484e-25,1000000000.0,44.667999999999985,44.667999999999985,4.337061181392362,2.139395577095321,inf,0,0,0,0,-1,inf,0,-1,0,0,7600,0,0,0,2788,4812,1.437090272467808,3.3496102313922944,False
overtake,P1,12018,50,5.0,1.5,16.838782742064044,14.092817913795352,0.014494873324988625,8.709677716170334e-14,999999999.999913,44.70033333333335,44.680747381055106,4.482606049658718,2.7585834998276675,inf,0,0,0,0,-1,inf,0,-1,0,0,7600,2213,0,0,1613,3774,1.437090272467808,3.3496102313922944,False
overtake,P2,12018,50,5.0,1.5,16.974440730909638,14.761335010831997,0.01279981413495763,2.3818038774731088e-15,999999999.9999976,44.73466666666664,44.71569105252244,4.442966765658913,2.5803701107825785,inf,0,0,0,0,-1,inf,0,-1,0,0,7600,2158,0,0,1644,3798,1.437090272467808,3.3496102313922944,False
overtake,P3,12018,50,5.0,1.5,21.61395455534726,17.202168997219456,0.002670769324697568,2.1969359942692484e-25,1000000000.0,44.667999999999985,44.667999999999985,4.337061181392362,2.139395577095321,inf,0,0,0,0,-1,inf,0,-1,0,0,7600,0,0,0,2788,4812,1.437090272467808,3.3496102313922944,False
overtake,P4,12018,50,5.0,1.5,18.794227656555545,12.967856535255434,0.007921240831486372,2.5270864853860556e-11,999999999.9747292,44.47199999999998,44.447795574608335,4.718769270146515,2.7279663018679035,inf,0,0,0,0,-1,inf,0,-1,0,0,7600,2854,0,0,1255,3491,1.437090272467808,3.3496102313922944,False
overtake,P0,12019,50,5.0,1.5,21.089506112397018,17.202168997219456,0.0031113520336764726,2.3118915614107263e-25,1000000000.0,44.38899999999997,44.38899999999997,4.615755267682709,2.355472165610929,inf,0,0,0,0,-1,inf,0,-1,0,0,7600,0,0,0,2636,4964,1.4837016757779895,3.3754186118820524,False
overtake,P1,12019,50,5.0,1.5,21.321534213350738,17.202168997219456,0.00290699648491729,2.301793921694645e-25,1000000000.0,44.36,44.36,4.644725577592328,2.460334211001894,inf,0,0,0,0,-1,inf,0,-1,0,0,7600,0,0,0,2698,4902,1.4837016757779895,3.3754186118820524,False
overtake,P2,12019,50,5.0,1.5,21.089506112397018,17.202168997219456,0.0031113520336764726,2.3118915614107263e-25,1000000000.0,44.38899999999997,44.38899999999997,4.615755267682709,2.355472165610929,inf,0,0,0,0,-1,inf,0,-1,0,0,7600,0,0,0,2636,4964,1.4837016757779895,3.3754186118820524,False
overtake,P3,12019,50,5.0,1.5,21.089506112397018,17.202168997219456,0.0031113520336764726,2.3118915614107263e-25,1000000000.0,44.38899999999997,44.38899999999997,4.615755267682709,2.355472165610929,inf,0,0,0,0,-1,inf,0,-1,0,0,7600,0,0,0,2636,4964,1.4837016757779895,3.3754186118820524,False
overtake,P4,12019,50,5.0,1.5,21.044370548021178,17.04736030859877,0.003138562811443638,1.06247327217038e-24,1000000000.0,44.3996666666666,44.39913768661651,4.607482989790287,2.3549857180186184,inf,0,0,0,0,-1,inf,0,-1,0,0,7600,42,0,0,2594,4964,1.4837016757779895,3.3754186118820524,False
intersection_turn,P0,12000,50,5.0,1.5,18.452041507493472,14.72403780401211,0.00958206115412411,2.2614855272116717e-15,999999999.9999979,42.48333333333331,42.48333333333331,5.574370916176222,3.9550147740798045,inf,0,0,0,0,-1,inf,0,-1,0,0,7600,0,0,0,2438,5162,1.4578250413582836,3.3853238124954625,False
intersection_turn,P1,12000,50,5.0,1.5,18.449635225470466,14.72403780401211,0.009583331514383344,2.2614855272116717e-15,999999999.9999979,42.42999999999999,42.42999999999999,5.627157364069365,3.9550147740798045,inf,0,0,0,0,-1,inf,0,-1,0,0,7600,0,0,0,2420,5180,1.4578250413582836,3.3853238124954625,False
intersection_turn,P2,12000,50,5.0,1.5,18.452041507493472,14.72403780401211,0.00958206115412411,2.2614855272116717e-15,999999999.9999979,42.48333333333331,42.48333333333331,5.574370916176222,3.9550147740798045,inf,0,0,0,0,-1,inf,0,-1,0,0,7600,0,0,0,2438,5162,1.4578250413582836,3.3853238124954625,False
intersection_turn,P3,12000,50,5.0,1.5,18.452041507493472,14.72403780401211,0.00958206115412411,2.2614855272116717e-15,999999999.9999979,42.48333333333331,42.48333333333331,5.574370916176222,3.9550147740798045,inf,0,0,0,0,-1,inf,0,-1,0,0,7600,0,0,0,2438,5162,1.4578250413582836,3.3853238124954625,False
intersection_turn,P4,12000,50,5.0,1.5,18.452041507493472,14.72403780401211,0.00958206115412411,2.2614855272116717e-15,999999999.9999979,42.48333333333331,42.48333333333331,5.574370916176222,3.9550147740798045,inf,0,0,0,0,-1,inf,0,-1,0,0,7600,0,0,0,2438,5162,1.4578250413582836,3.3853238124954625,False
intersection_turn,P0,12001,50,5.0,1.5,18.44751882547759,14.72403780401211,0.009585779279623658,2.2614855272116717e-15,999999999.9999979,42.513333333333335,42.513333333333335,5.544683138927876,3.9550147740798045,inf,0,0,0,0,-1,inf,0,-1,0,0,7600,0,0,0,2456,5144,1.5002729879920178,3.408824821313841,False
intersection_turn,P1,12001,50,5.0,1.5,18.440550376389734,14.72403780401211,0.009590057851258544,2.2614855272116717e-15,999999999.9999979,42.39999999999999,42.39999999999999,5.656854249492389,3.9550147740798045,inf,0,0,0,0,-1,inf,0,-1,0,0,7600,0,0,0,2429,5171,1.5002729879920178,3.408824821313841,False
intersection_turn,P2,12001,50,5.0,1.5,18.44751882547759,14.72403780401211,0.009585779279623658,2.2614855272116717e-15,999999999.9999979,42.513333333333335,42.513333333333335,5.544683138927876,3.9550147740798045,inf,0,0,0,0,-1,inf,0,-1,0,0,7600,0,0,0,2456,5144,1.5002729879920178,3.408824821313841,False
intersection_turn,P3,12001,50,5.0,1.5,18.44751882547759,14.72403780401211,0.009585779279623658,2.2614855272116717e-15,999999999.9999979,42.513333333333335,42.513333333333335,5.544683138927876,3.9550147740798045,inf,0,0,0,0,-1,inf,0,-1,0,0,7600,0,0,0,2456,5144,1.5002729879920178,3.408824821313841,False
intersection_turn,P4,12001,50,5.0,1.5,18.44751882547759,14.72403780401211,0.009585779279623658,2.2614855272116717e-15,999999999.9999979,42.513333333333335,42.513333333333335,5.544683138927876,3.9550147740798045,inf,0,0,0,0,-1,inf,0,-1,0,0,7600,0,0,0,2456,5144,1.5002729879920178,3.408824821313841,False
intersection_turn,P0,12002,50,5.0,1.5,18.458538870076655,14.72403780401211,0.009578357121570425,2.2614855272116717e-15,999999999.9999979,42.599999999999994,42.599999999999994,5.458937625582478,3.9550147740798045,inf,0,0,0,0,-1,inf,0,-1,0,0,7600,0,0,0,2426,5174,1.513943120578305,3.4015269751476067,False
intersection_turn,P1,12002,50,5.0,1.5,18.458242094556084,14.72403780401211,0.009578499679110328,2.2614855272116717e-15,999999999.9999979,42.58666666666666,42.58666666666666,5.472127353943607,3.9550147740798045,inf,0,0,0,0,-1,inf,0,-1,0,0,7600,0,0,0,2423,5177,1.513943120578305,3.4015269751476067,False
intersection_turn,P2,12002,50,5.0,1.5,18.458538870076655,14.72403780401211,0.009578357121570425,2.2614855272116717e-15,999999999.9999979,42.599999999999994,42.599999999999994,5.458937625582478,3.9550147740798045,inf,0,0,0,0,-1,inf,0,-1,0,0,7600,0,0,0,2426,5174,1.513943120578305,3.4015269751476067,False
intersection_turn,P3,12002,50,5.0,1.5,18.458538870076655,14.72403780401211,0.009578357121570425,2.2614855272116717e-15,999999999.9999979,42.599999999999994,42.599999999999994,5.458937625582478,3.9550147740798045,inf,0,0,0,0,-1,inf,0,-1,0,0,7600,0,0,0,2426,5174,1.513943120578305,3.4015269751476067,False
intersection_turn,P4,12002,50,5.0,1.5,18.458538870076655,14.72403780401211,0.009578357121570425,2.2614855272116717e-15,999999999.9999979,42.599999999999994,42.599999999999994,5.458937625582478,3.9550147740798045,inf,0,0,0,0,-1,inf,0,-1,0,0,7600,0,0,0,2426,5174,1.513943120578305,3.4015269751476067,False
intersection_turn,P0,12003,50,5.0,1.5,18.285192960129518,14.72403780401211,0.009886220191313851,2.2713399047539326e-15,999999999.9999977,41.97333333333336,41.97333333333336,6.07953214574204,4.196377922200296,inf,0,0,0,0,-1,inf,0,-1,0,0,7600,0,0,0,2413,5187,1.5326538013380002,3.372871383441655,False
intersection_turn,P1,12003,50,5.0,1.5,18.284311980046553,14.72403780401211,0.009886737017595407,2.2713399047539326e-15,999999999.9999977,41.95,41.95,6.1026633529959655,4.196377922200296,inf,0,0,0,0,-1,inf,0,-1,0,0,7600,0,0,0,2405,5195,1.5326538013380002,3.372871383441655,False
intersection_turn,P2,12003,50,5.0,1.5,18.285192960129518,14.72403780401211,0.009886220191313851,2.2713399047539326e-15,999999999.9999977,41.97333333333336,41.97333333333336,6.07953214574204,4.196377922200296,inf,0,0,0,0,-1,inf,0,-1,0,0,7600,0,0,0,2413,5187,1.5326538013380002,3.372871383441655,False
intersection_turn,P3,12003,50,5.0,1.5,18.285192960129518,14.72403780401211,0.009886220191313851,2.2713399047539326e-15,999999999.9999977,41.97333333333336,41.97333333333336,6.07953214574204,4.196377922200296,inf,0,0,0,0,-1,inf,0,-1,0,0,7600,0,0,0,2413,5187,1.5326538013380002,3.372871383441655,False
intersection_turn,P4,12003,50,5.0,1.5,18.285192960129518,14.72403780401211,0.009886220191313851,2.2713399047539326e-15,999999999.9999977,41.97333333333336,41.97333333333336,6.07953214574204,4.196377922200296,inf,0,0,0,0,-1,inf,0,-1,0,0,7600,0,0,0,2413,5187,1.5326538013380002,3.372871383441655,False
intersection_turn,P0,12004,50,5.0,1.5,18.449894490746768,14.72403780401211,0.009584090721329498,2.2614855272116717e-15,999999999.9999979,42.50999999999999,42.50999999999999,5.547981614965942,3.9550147740798045,inf,0,0,0,0,-1,inf,0,-1,0,0,7600,0,0,0,2560,5040,1.4238684241052866,3.3361544395880536,False
intersection_turn,P1,12004,50,5.0,1.5,18.44450166675485,14.72403780401211,0.009587115360490353,2.2614855272116717e-15,999999999.9999979,42.419999999999995,42.419999999999995,5.637055969209465,3.9550147740798045,inf,0,0,0,0,-1,inf,0,-1,0,0,7600,0,0,0,2537,5063,1.4238684241052866,3.3361544395880536,False
intersection_turn,P2,12004,50,5.0,1.5,18.449894490746768,14.72403780401211,0.009584090721329498,2.2614855272116717e-15,999999999.9999979,42.50999999999999,42.50999999999999,5.547981614965942,3.9550147740798045,inf,0,0,0,0,-1,inf,0,-1,0,0,7600,0,0,0,2560,5040,1.4238684241052866,3.3361544395880536,False
intersection_turn,P3,12004,50,5.0,1.5,18.449894490746768,14.72403780401211,0.009584090721329498,2.2614855272116717e-15,999999999.9999979,42.50999999999999,42.50999999999999,5.547981614965942,3.9550147740798045,inf,0,0,0,0,-1,inf,0,-1,0,0,7600,0,0,0,2560,5040,1.4238684241052866,3.3361544395880536,False
intersection_turn,P4,12004,50,5.0,1.5,18.447879531045313,14.72403780401211,0.009585292534116562,2.2614855272116717e-15,999999999.9999979,42.495,42.495,5.562825271388634,3.9550147740798045,inf,0,0,0,0,-1,inf,0,-1,0,0,7600,0,0,0,2559,5041,1.4238684241052866,3.3361544395880536,False
intersection_turn,P0,12005,50,5.0,1.5,18.40614931942043,14.72403780401211,0.00961984477163498,2.2614855272116717e-15,999999999.9999979,42.251666666666665,42.251666666666665,5.803734669254887,3.9550147740798045,inf,0,0,0,0,-1,inf,0,-1,0,0,7600,0,0,0,2305,5295,1.5547773886875556,3.4064080079672707,False
intersection_turn,P1,12005,50,5.0,1.5,18.39620473293664,14.72403780401211,0.009629632207331887,2.2614855272116717e-15,999999999.9999979,42.199999999999996,42.199999999999996,5.854912467321784,3.9550147740798045,inf,0,0,0,0,-1,inf,0,-1,0,0,7600,0,0,0,2290,5310,1.5547773886875556,3.4064080079672707,False
intersection_turn,P2,12005,50,5.0,1.5,18.40614931942043,14.72403780401211,0.00961984477163498,2.2614855272116717e-15,999999999.9999979,42.251666666666665,42.251666666666665,5.803734669254887,3.9550147740798045,inf,0,0,0,0,-1,inf,0,-1,0,0,7600,0,0,0,2305,5295,1.5547773886875556,3.4064080079672707,False
intersection_turn,P3,12005,50,5.0,1.5,18.40614931942043,14.72403780401211,0.00961984477163498,2.2614855272116717e-15,999999999.9999979,42.251666666666665,42.251666666666665,5.803734669254887,3.9550147740798045,inf,0,0,0,0,-1,inf,0,-1,0,0,7600,0,0,0,2305,5295,1.5547773886875556,3.4064080079672707,False
intersection_turn,P4,12005,50,5.0,1.5,18.40614931942043,14.72403780401211,0.00961984477163498,2.2614855272116717e-15,999999999.9999979,42.251666666666665,42.251666666666665,5.803734669254887,3.9550147740798045,inf,0,0,0,0,-1,inf,0,-1,0,0,7600,0,0,0,2305,5295,1.5547773886875556,3.4064080079672707,False
intersection_turn,P0,12006,50,5.0,1.5,18.452044630707668,14.72403780401211,0.00958233799674544,2.2614855272116717e-15,999999999.9999979,42.48,42.48,5.577669764337078,3.9550147740798045,inf,0,0,0,0,-1,inf,0,-1,0,0,7600,0,0,0,2449,5151,1.4856520879924617,3.405233322014023,False
intersection_turn,P1,12006,50,5.0,1.5,18.452044630707668,14.72403780401211,0.00958233799674544,2.2614855272116717e-15,999999999.9999979,42.48,42.48,5.577669764337078,3.9550147740798045,inf,0,0,0,0,-1,inf,0,-1,0,0,7600,0,0,0,2449,5151,1.4856520879924617,3.405233322014023,False
intersection_turn,P2,12006,50,5.0,1.5,18.452044630707668,14.72403780401211,0.00958233799674544,2.2614855272116717e-15,999999999.9999979,42.48,42.48,5.577669764337078,3.9550147740798045,inf,0,0,0,0,-1,inf,0,-1,0,0,7600,0,0,0,2449,5151,1.4856520879924617,3.405233322014023,False
intersection_turn,P3,12006,50,5.0,1.5,18.452044630707668,14.72403780401211,0.00958233799674544,2.2614855272116717e-15,999999999.9999979,42.48,42.48,5.577669764337078,3.9550147740798045,inf,0,0,0,0,-1,inf,0,-1,0,0,7600,0,0,0,2449,5151,1.4856520879924617,3.405233322014023,False
intersection_turn,P4,12006,50,5.0,1.5,18.452044630707668,14.72403780401211,0.00958233799674544,2.2614855272116717e-15,999999999.9999979,42.48,42.48,5.577669764337078,3.9550147740798045,inf,0,0,0,0,-1,inf,0,-1,0,0,7600,0,0,0,2449,5151,1.4856520879924617,3.405233322014023,False
intersection_turn,P0,12007,50,5.0,1.5,18.400405361627726,14.72403780401211,0.009621332038510216,2.2614855272116717e-15,999999999.9999979,42.179999999999986,42.179999999999986,5.874725525503313,3.9550147740798045,inf,0,0,0,0,-1,inf,0,-1,0,0,7600,0,0,0,2421,5179,1.5196910830525099,3.2728414419800957,False
intersection_turn,P1,12007,50,5.0,1.5,18.39326636407023,14.72403780401211,0.009626516499547867,2.2614855272116717e-15,999999999.9999979,42.10000000000001,42.10000000000001,5.95399025864167,3.9550147740798045,inf,0,0,0,0,-1,inf,0,-1,0,0,7600,0,0,0,2400,5200,1.5196910830525099,3.2728414419800957,False
intersection_turn,P2,12007,50,5.0,1.5,18.400405361627726,14.72403780401211,0.009621332038510216,2.2614855272116717e-15,999999999.9999979,42.179999999999986,42.179999999999986,5.874725525503313,3.9550147740798045,inf,0,0,0,0,-1,inf,0,-1,0,0,7600,0,0,0,2421,5179,1.5196910830525099,3.2728414419800957,False
intersection_turn,P3,12007,50,5.0,1.5,18.400405361627726,14.72403780401211,0.009621332038510216,2.2614855272116717e-15,999999999.9999979,42.179999999999986,42.179999999999986,5.874725525503313,3.9550147740798045,inf,0,0,0,0,-1,inf,0,-1,0,0,7600,0,0,0,2421,5179,1.5196910830525099,3.2728414419800957,False
intersection_turn,P4,12007,50,5.0,1.5,18.400405361627726,14.72403780401211,0.009621332038510216,2.2614855272116717e-15,999999999.9999979,42.179999999999986,42.179999999999986,5.874725525503313,3.9550147740798045,inf,0,0,0,0,-1,inf,0,-1,0,0,7600,0,0,0,2421,5179,1.5196910830525099,3.2728414419800957,False
intersection_turn,P0,12008,50,5.0,1.5,18.44541232959069,14.72403780401211,0.009588325662107882,2.2614855272116717e-15,999999999.9999979,42.47999999999998,42.47999999999998,5.577669764337092,3.9550147740798045,inf,0,0,0,0,-1,inf,0,-1,0,0,7600,0,0,0,2444,5156,1.566907807228359,3.5149590290470565,False
intersection_turn,P1,12008,50,5.0,1.5,18.43451443495089,14.72403780401211,0.009595899705231767,2.2614855272116717e-15,999999999.9999979,42.370000000000005,42.370000000000005,5.686554316983172,3.9550147740798045,inf,0,0,0,0,-1,inf,0,-1,0,0,7600,0,0,0,2416,5184,1.566907807228359,3.5149590290470565,False
intersection_turn,P2,12008,50,5.0,1.5,18.44541232959069,14.72403780401211,0.009588325662107882,2.2614855272116717e-15,999999999.9999979,42.47999999999998,42.47999999999998,5.577669764337092,3.9550147740798045,inf,0,0,0,0,-1,inf,0,-1,0,0,7600,0,0,0,2444,5156,1.566907807228359,3.5149590290470565,False
intersection_turn,P3,12008,50,5.0,1.5,18.44541232959069,14.72403780401211,0.009588325662107882,2.2614855272116717e-15,999999999.9999979,42.47999999999998,42.47999999999998,5.577669764337092,3.9550147740798045,inf,0,0,0,0,-1,inf,0,-1,0,0,7600,0,0,0,2444,5156,1.566907807228359,3.5149590290470565,False
intersection_turn,P4,12008,50,5.0,1.5,18.44541232959069,14.72403780401211,0.009588325662107882,2.2614855272116717e-15,999999999.9999979,42.47999999999998,42.47999999999998,5.577669764337092,3.9550147740798045,inf,0,0,0,0,-1,inf,0,-1,0,0,7600,0,0,0,2444,5156,1.566907807228359,3.5149590290470565,False
intersection_turn,P0,12009,50,5.0,1.5,18.45446388701701,14.72403780401211,0.009580803413905386,2.2614855272116717e-15,999999999.9999979,42.499999999999986,42.499999999999986,5.557877292636116,3.9550147740798045,inf,0,0,0,0,-1,inf,0,-1,0,0,7600,0,0,0,2483,5117,1.564693801739322,3.4513602551465463,False
intersection_turn,P1,12009,50,5.0,1.5,18.45446388701701,14.72403780401211,0.009580803413905386,2.2614855272116717e-15,999999999.9999979,42.499999999999986,42.499999999999986,5.557877292636116,3.9550147740798045,inf,0,0,0,0,-1,inf,0,-1,0,0,7600,0,0,0,2483,5117,1.564693801739322,3.4513602551465463,False
intersection_turn,P2,12009,50,5.0,1.5,18.45446388701701,14.72403780401211,0.009580803413905386,2.2614855272116717e-15,999999999.9999979,42.499999999999986,42.499999999999986,5.557877292636116,3.9550147740798045,inf,0,0,0,0,-1,inf,0,-1,0,0,7600,0,0,0,2483,5117,1.564693801739322,3.4513602551465463,False
intersection_turn,P3,12009,50,5.0,1.5,18.45446388701701,14.72403780401211,0.009580803413905386,2.2614855272116717e-15,999999999.9999979,42.499999999999986,42.499999999999986,5.557877292636116,3.9550147740798045,inf,0,0,0,0,-1,inf,0,-1,0,0,7600,0,0,0,2483,5117,1.564693801739322,3.4513602551465463,False
intersection_turn,P4,12009,50,5.0,1.5,18.45446388701701,14.72403780401211,0.009580803413905386,2.2614855272116717e-15,999999999.9999979,42.499999999999986,42.499999999999986,5.557877292636116,3.9550147740798045,inf,0,0,0,0,-1,inf,0,-1,0,0,7600,0,0,0,2483,5117,1.564693801739322,3.4513602551465463,False
intersection_turn,P0,12010,50,5.0,1.5,18.436198763815558,14.72403780401211,0.009593645584693057,2.2614855272116717e-15,999999999.9999979,42.39333333333334,42.39333333333334,5.663453991259314,3.9550147740798045,inf,0,0,0,0,-1,inf,0,-1,0,0,7600,0,0,0,2453,5147,1.4052322313451742,3.223388989670567,False
intersection_turn,P1,12010,50,5.0,1.5,18.435001143634697,14.72403780401211,0.009594278666034791,2.2614855272116717e-15,999999999.9999979,42.35999999999999,42.35999999999999,5.696455038003906,3.9550147740798045,inf,0,0,0,0,-1,inf,0,-1,0,0,7600,0,0,0,2445,5155,1.4052322313451742,3.223388989670567,False
intersection_turn,P2,12010,50,5.0,1.5,18.436198763815558,14.72403780401211,0.009593645584693057,2.2614855272116717e-15,999999999.9999979,42.39333333333334,42.39333333333334,5.663453991259314,3.9550147740798045,inf,0,0,0,0,-1,inf,0,-1,0,0,7600,0,0,0,2453,5147,1.4052322313451742,3.223388989670567,False
intersection_turn,P3,12010,50,5.0,1.5,18.436198763815558,14.72403780401211,0.009593645584693057,2.2614855272116717e-15,999999999.9999979,42.39333333333334,42.39333333333334,5.663453991259314,3.9550147740798045,inf,0,0,0,0,-1,inf,0,-1,0,0,7600,0,0,0,2453,5147,1.4052322313451742,3.223388989670567,False
intersection_turn,P4,12010,50,5.0,1.5,18.436198763815558,14.72403780401211,0.009593645584693057,2.2614855272116717e-15,999999999.9999979,42.39333333333334,42.39333333333334,5.663453991259314,3.9550147740798045,inf,0,0,0,0,-1,inf,0,-1,0,0,7600,0,0,0,2453,5147,1.4052322313451742,3.223388989670567,False
intersection_turn,P0,12011,50,5.0,1.5,18.457770575300643,14.72403780401211,0.00957946158828577,2.2614855272116717e-15,999999999.9999979,42.620000000000005,42.620000000000005,5.439154346035783,3.9550147740798045,inf,0,0,0,0,-1,inf,0,-1,0,0,7600,0,0,0,2476,5124,1.5576804227192316,3.521724549256914,False
intersection_turn,P1,12011,50,5.0,1.5,18.45711243426758,14.72403780401211,0.00957978908784648,2.2614855272116717e-15,999999999.9999979,42.6,42.6,5.458937625582471,3.9550147740798045,inf,0,0,0,0,-1,inf,0,-1,0,0,7600,0,0,0,2474,5126,1.5576804227192316,3.521724549256914,False
intersection_turn,P2,12011,50,5.0,1.5,18.457770575300643,14.72403780401211,0.00957946158828577,2.2614855272116717e-15,999999999.9999979,42.620000000000005,42.620000000000005,5.439154346035783,3.9550147740798045,inf,0,0,0,0,-1,inf,0,-1,0,0,7600,0,0,0,2476,5124,1.5576804227192316,3.521724549256914,False
intersection_turn,P3,12011,50,5.0,1.5,18.457770575300643,14.72403780401211,0.00957946158828577,2.2614855272116717e-15,999999999.9999979,42.620000000000005,42.620000000000005,5.439154346035783,3.9550147740798045,inf,0,0,0,0,-1,inf,0,-1,0,0,7600,0,0,0,2476,5124,1.5576804227192316,3.521724549256914,False
intersection_turn,P4,12011,50,5.0,1.5,18.457770575300643,14.72403780401211,0.00957946158828577,2.2614855272116717e-15,999999999.9999979,42.620000000000005,42.620000000000005,5.439154346035783,3.9550147740798045,inf,0,0,0,0,-1,inf,0,-1,0,0,7600,0,0,0,2476,5124,1.5576804227192316,3.521724549256914,False
intersection_turn,P0,12012,50,5.0,1.5,18.443471510372916,14.72403780401211,0.009586925346219537,2.2614855272116717e-15,999999999.9999979,42.27333333333332,42.27333333333332,5.782275599719481,3.9550147740798045,inf,0,0,0,0,-1,inf,0,-1,0,0,7600,0,0,0,2554,5046,1.3681391135848753,3.14307152620977,False
intersection_turn,P1,12012,50,5.0,1.5,18.445788335227984,14.72403780401211,0.00958584379908355,2.2614855272116717e-15,999999999.9999979,42.36999999999999,42.36999999999999,5.686554316983186,3.9550147740798045,inf,0,0,0,0,-1,inf,0,-1,0,0,7600,0,0,0,2584,5016,1.3681391135848753,3.14307152620977,False
intersection_turn,P2,12012,50,5.0,1.5,18.443471510372916,14.72403780401211,0.009586925346219537,2.2614855272116717e-15,999999999.9999979,42.27333333333332,42.27333333333332,5.782275599719481,3.9550147740798045,inf,0,0,0,0,-1,inf,0,-1,0,0,7600,0,0,0,2554,5046,1.3681391135848753,3.14307152620977,False
intersection_turn,P3,12012,50,5.0,1.5,18.443471510372916,14.72403780401211,0.009586925346219537,2.2614855272116717e-15,999999999.9999979,42.27333333333332,42.27333333333332,5.782275599719481,3.9550147740798045,inf,0,0,0,0,-1,inf,0,-1,0,0,7600,0,0,0,2554,5046,1.3681391135848753,3.14307152620977,False
intersection_turn,P4,12012,50,5.0,1.5,18.63357335420264,14.72403780401211,0.0095168927927274,2.2614855272116717e-15,999999999.9999979,42.26533333333333,42.26272665638727,5.775158207789197,3.9550147740798045,inf,0,0,0,0,-1,inf,0,-1,0,0,7600,119,0,0,2460,5021,1.3681391135848753,3.14307152620977,False
intersection_turn,P0,12013,50,5.0,1.5,18.452752899697895,14.72403780401211,0.00958177315420563,2.2614855272116717e-15,999999999.9999979,42.54,42.54,5.51829683869942,3.9550147740798045,inf,0,0,0,0,-1,inf,0,-1,0,0,7600,0,0,0,2388,5212,1.6365972134395892,3.484972227568952,False
intersection_turn,P1,12013,50,5.0,1.5,18.45206139542624,14.72403780401211,0.009582124584375093,2.2614855272116717e-15,999999999.9999979,42.519999999999975,42.519999999999975,5.538086312075705,3.9550147740798045,inf,0,0,0,0,-1,inf,0,-1,0,0,7600,0,0,0,2382,5218,1.6365972134395892,3.484972227568952,False
intersection_turn,P2,12013,50,5.0,1.5,18.452752899697895,14.72403780401211,0.00958177315420563,2.2614855272116717e-15,999999999.9999979,42.54,42.54,5.51829683869942,3.9550147740798045,inf,0,0,0,0,-1,inf,0,-1,0,0,7600,0,0,0,2388,5212,1.6365972134395892,3.484972227568952,False
intersection_turn,P3,12013,50,5.0,1.5,18.452752899697895,14.72403780401211,0.00958177315420563,2.2614855272116717e-15,999999999.9999979,42.54,42.54,5.51829683869942,3.9550147740798045,inf,0,0,0,0,-1,inf,0,-1,0,0,7600,0,0,0,2388,5212,1.6365972134395892,3.484972227568952,False
intersection_turn,P4,12013,50,5.0,1.5,18.452752899697895,14.72403780401211,0.00958177315420563,2.2614855272116717e-15,999999999.9999979,42.54,42.54,5.51829683869942,3.9550147740798045,inf,0,0,0,0,-1,inf,0,-1,0,0,7600,0,0,0,2388,5212,1.6365972134395892,3.484972227568952,False
intersection_turn,P0,12014,50,5.0,1.5,18.173195652673893,14.72403780401211,0.010147895291267951,2.2756946621172708e-15,999999999.9999977,41.76000000000002,41.76000000000002,6.291073040427981,4.455448553233025,inf,0,0,0,0,-1,inf,0,-1,0,0,7600,0,0,0,2375,5225,1.6302134528231258,3.6947339688336664,False
intersection_turn,P1,12014,50,5.0,1.5,18.173195652673893,14.72403780401211,0.010147895291267951,2.2756946621172708e-15,999999999.9999977,41.76000000000002,41.76000000000002,6.291073040427981,4.455448553233025,inf,0,0,0,0,-1,inf,0,-1,0,0,7600,0,0,0,2375,5225,1.6302134528231258,3.6947339688336664,False
intersection_turn,P2,12014,50,5.0,1.5,18.173195652673893,14.72403780401211,0.010147895291267951,2.2756946621172708e-15,999999999.9999977,41.76000000000002,41.76000000000002,6.291073040427981,4.455448553233025,inf,0,0,0,0,-1,inf,0,-1,0,0,7600,0,0,0,2375,5225,1.6302134528231258,3.6947339688336664,False
intersection_turn,P3,12014,50,5.0,1.5,18.173195652673893,14.72403780401211,0.010147895291267951,2.2756946621172708e-15,999999999.9999977,41.76000000000002,41.76000000000002,6.291073040427981,4.455448553233025,inf,0,0,0,0,-1,inf,0,-1,0,0,7600,0,0,0,2375,5225,1.6302134528231258,3.6947339688336664,False
intersection_turn,P4,12014,50,5.0,1.5,18.173195652673893,14.72403780401211,0.010147895291267951,2.2756946621172708e-15,999999999.9999977,41.76000000000002,41.76000000000002,6.291073040427981,4.455448553233025,inf,0,0,0,0,-1,inf,0,-1,0,0,7600,0,0,0,2375,5225,1.6302134528231258,3.6947339688336664,False
intersection_turn,P0,12015,50,5.0,1.5,18.41681424497959,14.72403780401211,0.009609772685627698,2.2614855272116717e-15,999999999.9999979,42.273333333333326,42.273333333333326,5.782275599719473,3.9550147740798045,inf,0,0,0,0,-1,inf,0,-1,0,0,7600,0,0,0,2460,5140,1.520780968598029,3.432404587827008,False
intersection_turn,P1,12015,50,5.0,1.5,18.40865114652713,14.72403780401211,0.009616487272420952,2.2614855272116717e-15,999999999.9999979,42.19,42.19,5.86481883778178,3.9550147740798045,inf,0,0,0,0,-1,inf,0,-1,0,0,7600,0,0,0,2433,5167,1.520780968598029,3.432404587827008,False
intersection_turn,P2,12015,50,5.0,1.5,18.41681424497959,14.72403780401211,0.009609772685627698,2.2614855272116717e-15,999999999.9999979,42.273333333333326,42.273333333333326,5.782275599719473,3.9550147740798045,inf,0,0,0,0,-1,inf,0,-1,0,0,7600,0,0,0,2460,5140,1.520780968598029,3.432404587827008,False
intersection_turn,P3,12015,50,5.0,1.5,18.41681424497959,14.72403780401211,0.009609772685627698,2.2614855272116717e-15,999999999.9999979,42.273333333333326,42.273333333333326,5.782275599719473,3.9550147740798045,inf,0,0,0,0,-1,inf,0,-1,0,0,7600,0,0,0,2460,5140,1.520780968598029,3.432404587827008,False
intersection_turn,P4,12015,50,5.0,1.5,18.414210923017762,14.72403780401211,0.009611356242233415,2.2614855272116717e-15,999999999.9999979,42.236666666666665,42.236666666666665,5.818591849503721,3.9550147740798045,inf,0,0,0,0,-1,inf,0,-1,0,0,7600,0,0,0,2452,5148,1.520780968598029,3.432404587827008,False
intersection_turn,P0,12016,50,5.0,1.5,18.424820816721365,14.72403780401211,0.00960478479431885,2.2614855272116717e-15,999999999.9999979,42.39,42.39,5.6667539208968645,3.9550147740798045,inf,0,0,0,0,-1,inf,0,-1,0,0,7600,0,0,0,2368,5232,1.5335599961021475,3.4730356000760123,False
intersection_turn,P1,12016,50,5.0,1.5,18.40742165508884,14.72403780401211,0.009618581578495461,2.2614855272116717e-15,999999999.9999979,42.27,42.27,5.785576894312266,3.9550147740798045,inf,0,0,0,0,-1,inf,0,-1,0,0,7600,0,0,0,2330,5270,1.5335599961021475,3.4730356000760123,False
intersection_turn,P2,12016,50,5.0,1.5,18.424820816721365,14.72403780401211,0.00960478479431885,2.2614855272116717e-15,999999999.9999979,42.39,42.39,5.6667539208968645,3.9550147740798045,inf,0,0,0,0,-1,inf,0,-1,0,0,7600,0,0,0,2368,5232,1.5335599961021475,3.4730356000760123,False
intersection_turn,P3,12016,50,5.0,1.5,18.424820816721365,14.72403780401211,0.00960478479431885,2.2614855272116717e-15,999999999.9999979,42.39,42.39,5.6667539208968645,3.9550147740798045,inf,0,0,0,0,-1,inf,0,-1,0,0,7600,0,0,0,2368,5232,1.5335599961021475,3.4730356000760123,False
intersection_turn,P4,12016,50,5.0,1.5,18.424820816721365,14.72403780401211,0.00960478479431885,2.2614855272116717e-15,999999999.9999979,42.39,42.39,5.6667539208968645,3.9550147740798045,inf,0,0,0,0,-1,inf,0,-1,0,0,7600,0,0,0,2368,5232,1.5335599961021475,3.4730356000760123,False
intersection_turn,P0,12017,50,5.0,1.5,18.418711709257078,14.72403780401211,0.009607128419742154,2.2614855272116717e-15,999999999.9999979,42.20999999999999,42.20999999999999,5.8450064157364405,3.9550147740798045,inf,0,0,0,0,-1,inf,0,-1,0,0,7600,0,0,0,2437,5163,1.524847593227926,3.372989315503943,False
intersection_turn,P1,12017,50,5.0,1.5,18.42040331816176,14.72403780401211,0.009606453592009316,2.2614855272116717e-15,999999999.9999979,42.230000000000004,42.230000000000004,5.825195275696768,3.9550147740798045,inf,0,0,0,0,-1,inf,0,-1,0,0,7600,0,0,0,2441,5159,1.524847593227926,3.372989315503943,False
intersection_turn,P2,12017,50,5.0,1.5,18.418711709257078,14.72403780401211,0.009607128419742154,2.2614855272116717e-15,999999999.9999979,42.20999999999999,42.20999999999999,5.8450064157364405,3.9550147740798045,inf,0,0,0,0,-1,inf,0,-1,0,0,7600,0,0,0,2437,5163,1.524847593227926,3.372989315503943,False
intersection_turn,P3,12017,50,5.0,1.5,18.418711709257078,14.72403780401211,0.009607128419742154,2.2614855272116717e-15,999999999.9999979,42.20999999999999,42.20999999999999,5.8450064157364405,3.9550147740798045,inf,0,0,0,0,-1,inf,0,-1,0,0,7600,0,0,0,2437,5163,1.524847593227926,3.372989315503943,False
intersection_turn,P4,12017,50,5.0,1.5,18.418711709257078,14.72403780401211,0.009607128419742154,2.2614855272116717e-15,999999999.9999979,42.20999999999999,42.20999999999999,5.8450064157364405,3.9550147740798045,inf,0,0,0,0,-1,inf,0,-1,0,0,7600,0,0,0,2437,5163,1.524847593227926,3.372989315503943,False
intersection_turn,P0,12018,50,5.0,1.5,18.456027652435115,14.72403780401211,0.009580528365769204,2.2614855272116717e-15,999999999.9999979,42.56666666666666,42.56666666666666,5.491913246866811,3.9550147740798045,inf,0,0,0,0,-1,inf,0,-1,0,0,7600,0,0,0,2500,5100,1.4511817219769272,3.277277940038073,False
intersection_turn,P1,12018,50,5.0,1.5,18.454808453180632,14.72403780401211,0.009581168432495542,2.2614855272116717e-15,999999999.9999979,42.54,42.54,5.51829683869942,3.9550147740798045,inf,0,0,0,0,-1,inf,0,-1,0,0,7600,0,0,0,2497,5103,1.4511817219769272,3.277277940038073,False
intersection_turn,P2,12018,50,5.0,1.5,18.456027652435115,14.72403780401211,0.009580528365769204,2.2614855272116717e-15,999999999.9999979,42.56666666666666,42.56666666666666,5.491913246866811,3.9550147740798045,inf,0,0,0,0,-1,inf,0,-1,0,0,7600,0,0,0,2500,5100,1.4511817219769272,3.277277940038073,False
intersection_turn,P3,12018,50,5.0,1.5,18.456027652435115,14.72403780401211,0.009580528365769204,2.2614855272116717e-15,999999999.9999979,42.56666666666666,42.56666666666666,5.491913246866811,3.9550147740798045,inf,0,0,0,0,-1,inf,0,-1,0,0,7600,0,0,0,2500,5100,1.4511817219769272,3.277277940038073,False
intersection_turn,P4,12018,50,5.0,1.5,18.456027652435115,14.72403780401211,0.009580528365769204,2.2614855272116717e-15,999999999.9999979,42.56666666666666,42.56666666666666,5.491913246866811,3.9550147740798045,inf,0,0,0,0,-1,inf,0,-1,0,0,7600,0,0,0,2500,5100,1.4511817219769272,3.277277940038073,False
intersection_turn,P0,12019,50,5.0,1.5,18.406315662484516,14.72403780401211,0.009613285297272305,2.2614855272116717e-15,999999999.9999979,42.083333333333336,42.083333333333336,5.970506213416448,3.9550147740798045,inf,0,0,0,0,-1,inf,0,-1,0,0,7600,0,0,0,2412,5188,1.4940110170676189,3.301075918051497,False
intersection_turn,P1,12019,50,5.0,1.5,18.40055692631993,14.72403780401211,0.00961742548986812,2.2614855272116717e-15,999999999.9999979,42.02999999999999,42.02999999999999,6.023362848110693,3.9550147740798045,inf,0,0,0,0,-1,inf,0,-1,0,0,7600,0,0,0,2403,5197,1.4940110170676189,3.301075918051497,False
intersection_turn,P2,12019,50,5.0,1.5,18.406315662484516,14.72403780401211,0.009613285297272305,2.2614855272116717e-15,999999999.9999979,42.083333333333336,42.083333333333336,5.970506213416448,3.9550147740798045,inf,0,0,0,0,-1,inf,0,-1,0,0,7600,0,0,0,2412,5188,1.4940110170676189,3.301075918051497,False
intersection_turn,P3,12019,50,5.0,1.5,18.406315662484516,14.72403780401211,0.009613285297272305,2.2614855272116717e-15,999999999.9999979,42.083333333333336,42.083333333333336,5.970506213416448,3.9550147740798045,inf,0,0,0,0,-1,inf,0,-1,0,0,7600,0,0,0,2412,5188,1.4940110170676189,3.301075918051497,False
intersection_turn,P4,12019,50,5.0,1.5,18.406315662484516,14.72403780401211,0.009613285297272305,2.2614855272116717e-15,999999999.9999979,42.083333333333336,42.083333333333336,5.970506213416448,3.9550147740798045,inf,0,0,0,0,-1,inf,0,-1,0,0,7600,0,0,0,2412,5188,1.4940110170676189,3.301075918051497,False
occluding_cut_in,P0,12000,50,5.0,1.5,11.267888282720728,7.327224075401506,0.2107706627715266,0.00021432353040528015,999785676.4695947,17.087302883832308,17.087302883832308,19.431160541768985,11.331044181969368,1.912697116167692,0,0,0,0,-1,inf,0,-1,0,0,7600,182,0,3814,0,3604,1.8530116152646803,4.277157322549461,False
occluding_cut_in,P1,12000,50,5.0,1.5,11.32259098532521,7.330849635099795,0.20818126146480595,0.00021115231607467776,999788847.6839255,17.121780353335417,17.116341439325343,19.431160541768985,11.331044181969368,1.8837879858002218,0,0,0,0,-1,inf,0,-1,0,0,7600,270,0,3750,0,3580,1.8530116152646803,4.277157322549461,False
occluding_cut_in,P2,12000,50,5.0,1.5,11.225860703385898,7.306477124987945,0.21426607060065175,0.00021907488638274686,999780925.1136171,17.096720715219107,17.093275839460258,19.431160541768985,11.331044181969368,1.9098437800511956,0,0,0,0,-1,inf,0,-1,0,0,7600,221,0,3779,0,3600,1.8530116152646803,4.277157322549461,False
occluding_cut_in,P3,12000,50,5.0,1.5,11.225860703385898,7.306477124987945,0.21426607060065175,0.00021907488638274686,999780925.1136171,17.096720715219107,17.093275839460258,19.431160541768985,11.331044181969368,1.9098437800511956,0,0,0,0,-1,inf,0,-1,0,0,7600,221,0,3779,0,3600,1.8530116152646803,4.277157322549461,False
occluding_cut_in,P4,12000,50,5.0,1.5,11.267888282720728,7.327224075401506,0.2107706627715266,0.00021432353040528015,999785676.4695947,17.087302883832308,17.087302883832308,19.431160541768985,11.331044181969368,1.912697116167692,0,0,0,0,-1,inf,0,-1,0,0,7600,182,0,3814,0,3604,1.8530116152646803,4.277157322549461,False
occluding_cut_in,P0,12001,50,5.0,1.5,11.267888282720728,7.327224075401506,0.2107706627715266,0.00021432353040528015,999785676.4695947,17.087302883832308,17.087302883832308,19.431160541768985,11.331044181969368,1.912697116167692,0,0,0,0,-1,inf,0,-1,0,0,7600,182,0,3814,0,3604,1.839376403080066,4.253035118191845,False
occluding_cut_in,P1,12001,50,5.0,1.5,11.32259098532521,7.330849635099795,0.20818126146480595,0.00021115231607467776,999788847.6839255,17.121780353335417,17.116341439325343,19.431160541768985,11.331044181969368,1.8837879858002218,0,0,0,0,-1,inf,0,-1,0,0,7600,270,0,3750,0,3580,1.839376403080066,4.253035118191845,False
occluding_cut_in,P2,12001,50,5.0,1.5,11.282156749901992,7.339083015449275,0.20979903336939157,0.0002104442857797887,999789555.7142202,17.087302883832308,17.086495692957413,19.431160541768985,11.331044181969368,1.9135048985407561,0,0,0,0,-1,inf,0,-1,0,0,7600,195,0,3801,0,3604,1.839376403080066,4.253035118191845,False
occluding_cut_in,P3,12001,50,5.0,1.5,11.271959506513124,7.335881601140441,0.21027690254954082,0.00021045185835408037,999789548.1416459,17.087302883832308,17.087194917016916,19.431160541768985,11.331044181969368,1.9128245916561997,0,0,0,0,-1,inf,0,-1,0,0,7600,182,0,3814,0,3604,1.839376403080066,4.253035118191845,False
occluding_cut_in,P4,12001,50,5.0,1.5,11.267888282720728,7.327224075401506,0.2107706627715266,0.00021432353040528015,999785676.4695947,17.087302883832308,17.087302883832308,19.431160541768985,11.331044181969368,1.912697116167692,0,0,0,0,-1,inf,0,-1,0,0,7600,182,0,3814,0,3604,1.839376403080066,4.253035118191845,False
occluding_cut_in,P0,12002,50,5.0,1.5,11.267888282720728,7.327224075401506,0.2107706627715266,0.00021432353040528015,999785676.4695947,17.087302883832308,17.087302883832308,19.431160541768985,11.331044181969368,1.912697116167692,0,0,0,0,-1,inf,0,-1,0,0,7600,182,0,3814,0,3604,1.8511400055167602,4.2412543982591036,False
occluding_cut_in,P1,12002,50,5.0,1.5,11.317753207123207,7.34224651504949,0.20797865754746134,0.00020809445996341938,999791905.5400367,17.121780353335417,17.117000901250513,19.431160541768985,11.331044181969368,1.8831258715027146,0,0,0,0,-1,inf,0,-1,0,0,7600,258,0,3762,0,3580,1.8511400055167602,4.2412543982591036,False
occluding_cut_in,P2,12002,50,5.0,1.5,11.225860703385898,7.306477124987945,0.21426607060065175,0.00021907488638274686,999780925.1136171,17.096720715219107,17.093275839460258,19.431160541768985,11.331044181969368,1.9098437800511956,0,0,0,0,-1,inf,0,-1,0,0,7600,221,0,3779,0,3600,1.8511400055167602,4.2412543982591036,False
occluding_cut_in,P3,12002,50,5.0,1.5,11.225860703385898,7.306477124987945,0.21426607060065175,0.00021907488638274686,999780925.1136171,17.096720715219107,17.093275839460258,19.431160541768985,11.331044181969368,1.9098437800511956,0,0,0,0,-1,inf,0,-1,0,0,7600,221,0,3779,0,3600,1.8511400055167602,4.2412543982591036,False
occluding_cut_in,P4,12002,50,5.0,1.5,11.267888282720728,7.327224075401506,0.2107706627715266,0.00021432353040528015,999785676.4695947,17.087302883832308,17.087302883832308,19.431160541768985,11.331044181969368,1.912697116167692,0,0,0,0,-1,inf,0,-1,0,0,7600,182,0,3814,0,3604,1.8511400055167602,4.2412543982591036,False
occluding_cut_in,P0,12003,50,5.0,1.5,11.267888282720728,7.327224075401506,0.2107706627715266,0.00021432353040528015,999785676.4695947,17.087302883832308,17.087302883832308,19.431160541768985,11.331044181969368,1.912697116167692,0,0,0,0,-1,inf,0,-1,0,0,7600,182,0,3814,0,3604,1.8438080058530295,4.147854103976422,False
occluding_cut_in,P1,12003,50,5.0,1.5,11.326417529797562,7.319765403233969,0.20844227475307264,0.00021422358668181637,999785776.4133182,17.12178035333541,17.115760141865753,19.431160541768985,11.331044181969368,1.8844060385324797,0,0,0,0,-1,inf,0,-1,0,0,7600,295,0,3725,0,3580,1.8438080058530295,4.147854103976422,False
occluding_cut_in,P2,12003,50,5.0,1.5,11.293166311522455,7.345059159874626,0.2091792288500988,0.0002083999505940377,999791600.0494059,17.08730288383232,17.085739932297194,19.431160541768985,11.331044181969368,1.9142604347966024,0,0,0,0,-1,inf,0,-1,0,0,7600,210,0,3786,0,3604,1.8438080058530295,4.147854103976422,False
occluding_cut_in,P3,12003,50,5.0,1.5,11.271959506513124,7.335881601140441,0.21027690254954082,0.00021045185835408037,999789548.1416459,17.087302883832308,17.087194917016916,19.431160541768985,11.331044181969368,1.9128245916561997,0,0,0,0,-1,inf,0,-1,0,0,7600,182,0,3814,0,3604,1.8438080058530295,4.147854103976422,False
occluding_cut_in,P4,12003,50,5.0,1.5,11.267888282720728,7.327224075401506,0.2107706627715266,0.00021432353040528015,999785676.4695947,17.087302883832308,17.087302883832308,19.431160541768985,11.331044181969368,1.912697116167692,0,0,0,0,-1,inf,0,-1,0,0,7600,182,0,3814,0,3604,1.8438080058530295,4.147854103976422,False
occluding_cut_in,P0,12004,50,5.0,1.5,11.267888282720728,7.327224075401506,0.2107706627715266,0.00021432353040528015,999785676.4695947,17.087302883832308,17.087302883832308,19.431160541768985,11.331044181969368,1.912697116167692,0,0,0,0,-1,inf,0,-1,0,0,7600,182,0,3814,0,3604,1.7939331977357644,4.227692118242271,False
occluding_cut_in,P1,12004,50,5.0,1.5,11.330542028345441,7.3466437559200495,0.2079361223944305,0.0002081010537113367,999791898.9462886,17.121780353335417,17.115973467558156,19.431160541768985,11.331044181969368,1.8843586929951255,0,0,0,0,-1,inf,0,-1,0,0,7600,295,0,3725,0,3580,1.7939331977357644,4.227692118242271,False
occluding_cut_in,P2,12004,50,5.0,1.5,11.304662266597454,7.351504675742082,0.20837432312261125,0.00020585025197970033,999794149.7480203,17.109263734065536,17.106786860918128,19.431160541768985,11.331044181969368,1.8932202090741326,0,0,0,0,-1,inf,0,-1,0,0,7600,219,0,3790,0,3591,1.7939331977357644,4.227692118242271,False
occluding_cut_in,P3,12004,50,5.0,1.5,11.271959506513124,7.335881601140441,0.21027690254954082,0.00021045185835408037,999789548.1416459,17.087302883832308,17.087194917016916,19.431160541768985,11.331044181969368,1.9128245916561997,0,0,0,0,-1,inf,0,-1,0,0,7600,182,0,3814,0,3604,1.7939331977357644,4.227692118242271,False
occluding_cut_in,P4,12004,50,5.0,1.5,11.267888282720728,7.327224075401506,0.2107706627715266,0.00021432353040528015,999785676.4695947,17.087302883832308,17.087302883832308,19.431160541768985,11.331044181969368,1.912697116167692,0,0,0,0,-1,inf,0,-1,0,0,7600,182,0,3814,0,3604,1.7939331977357644,4.227692118242271,False
occluding_cut_in,P0,12005,50,5.0,1.5,11.267888282720728,7.327224075401506,0.2107706627715266,0.00021432353040528015,999785676.4695947,17.087302883832308,17.087302883832308,19.431160541768985,11.331044181969368,1.912697116167692,0,0,0,0,-1,inf,0,-1,0,0,7600,182,0,3814,0,3604,1.8554791754421718,4.207124462402721,False
occluding_cut_in,P1,12005,50,5.0,1.5,11.323929889722908,7.33746240387935,0.2079504854985344,0.00020935444522376598,999790645.5547763,17.121780353335428,17.11653427941325,19.43013353196599,11.331044181969368,1.8836732888752445,0,0,0,0,-1,inf,0,-1,0,0,7600,282,0,3740,0,3578,1.8554791754421718,4.207124462402721,False
occluding_cut_in,P2,12005,50,5.0,1.5,11.228614066528687,7.300354009098931,0.21450229470560145,0.00022090388589893185,999779096.1141013,17.096720715219114,17.092630514779742,19.43013353196599,11.331044181969368,1.910067044276711,0,0,0,0,-1,inf,0,-1,0,0,7600,250,0,3754,0,3596,1.8554791754421718,4.207124462402721,False
occluding_cut_in,P3,12005,50,5.0,1.5,11.225860703385898,7.306477124987945,0.21426607060065175,0.00021907488638274686,999780925.1136171,17.096720715219107,17.093275839460258,19.431160541768985,11.331044181969368,1.9098437800511956,0,0,0,0,-1,inf,0,-1,0,0,7600,221,0,3779,0,3600,1.8554791754421718,4.207124462402721,False
occluding_cut_in,P4,12005,50,5.0,1.5,11.267888282720728,7.327224075401506,0.2107706627715266,0.00021432353040528015,999785676.4695947,17.087302883832308,17.087302883832308,19.431160541768985,11.331044181969368,1.912697116167692,0,0,0,0,-1,inf,0,-1,0,0,7600,182,0,3814,0,3604,1.8554791754421718,4.207124462402721,False
occluding_cut_in,P0,12006,50,5.0,1.5,11.267888282720728,7.327224075401506,0.2107706627715266,0.00021432353040528015,999785676.4695947,17.087302883832308,17.087302883832308,19.431160541768985,11.331044181969368,1.912697116167692,0,0,0,0,-1,inf,0,-1,0,0,7600,182,0,3814,0,3604,1.783652598642224,4.172091266568451,False
occluding_cut_in,P1,12006,50,5.0,1.5,11.31744621564497,7.34583941902452,0.20792576471881422,0.0002071656600921934,999792834.339908,17.121780353335417,17.117127084401904,19.431160541768985,11.331044181969368,1.8830578660570314,0,0,0,0,-1,inf,0,-1,0,0,7600,266,0,3753,0,3581,1.783652598642224,4.172091266568451,False
occluding_cut_in,P2,12006,50,5.0,1.5,11.277576899286018,7.332354824585808,0.21030162012870104,0.00021267207853304293,999787327.921467,17.087302883832322,17.086774099891596,19.430073758811165,11.331044181969368,1.9132360633659076,0,0,0,0,-1,inf,0,-1,0,0,7600,209,0,3787,0,3604,1.783652598642224,4.172091266568451,False
occluding_cut_in,P3,12006,50,5.0,1.5,11.271959506513124,7.335881601140441,0.21027690254954082,0.00021045185835408037,999789548.1416459,17.087302883832308,17.087194917016916,19.431160541768985,11.331044181969368,1.9128245916561997,0,0,0,0,-1,inf,0,-1,0,0,7600,182,0,3814,0,3604,1.783652598642224,4.172091266568451,False
occluding_cut_in,P4,12006,50,5.0,1.5,11.267888282720728,7.327224075401506,0.2107706627715266,0.00021432353040528015,999785676.4695947,17.087302883832308,17.087302883832308,19.431160541768985,11.331044181969368,1.912697116167692,0,0,0,0,-1,inf,0,-1,0,0,7600,182,0,3814,0,3604,1.783652598642224,4.172091266568451,False
occluding_cut_in,P0,12007,50,5.0,1.5,11.267888282720728,7.327224075401506,0.2107706627715266,0.00021432353040528015,999785676.4695947,17.087302883832308,17.087302883832308,19.431160541768985,11.331044181969368,1.912697116167692,0,0,0,0,-1,inf,0,-1,0,0,7600,182,0,3814,0,3604,1.9021316891843185,4.158357619485676,False
occluding_cut_in,P1,12007,50,5.0,1.5,11.32259098532521,7.330849635099795,0.20818126146480595,0.00021115231607467776,999788847.6839255,17.121780353335417,17.116341439325343,19.431160541768985,11.331044181969368,1.8837879858002218,0,0,0,0,-1,inf,0,-1,0,0,7600,270,0,3750,0,3580,1.9021316891843185,4.158357619485676,False
occluding_cut_in,P2,12007,50,5.0,1.5,11.228614066528687,7.300354009098931,0.21450229470560145,0.00022090388589893185,999779096.1141013,17.096720715219114,17.092630514779742,19.43013353196599,11.331044181969368,1.910067044276711,0,0,0,0,-1,inf,0,-1,0,0,7600,250,0,3754,0,3596,1.9021316891843185,4.158357619485676,False
occluding_cut_in,P3,12007,50,5.0,1.5,11.225860703385898,7.306477124987945,0.21426607060065175,0.00021907488638274686,999780925.1136171,17.096720715219107,17.093275839460258,19.431160541768985,11.331044181969368,1.9098437800511956,0,0,0,0,-1,inf,0,-1,0,0,7600,221,0,3779,0,3600,1.9021316891843185,4.158357619485676,False
occluding_cut_in,P4,12007,50,5.0,1.5,11.267888282720728,7.327224075401506,0.2107706627715266,0.00021432353040528015,999785676.4695947,17.087302883832308,17.087302883832308,19.431160541768985,11.331044181969368,1.912697116167692,0,0,0,0,-1,inf,0,-1,0,0,7600,182,0,3814,0,3604,1.9021316891843185,4.158357619485676,False
occluding_cut_in,P0,12008,50,5.0,1.5,11.267888282720728,7.327224075401506,0.2107706627715266,0.00021432353040528015,999785676.4695947,17.087302883832308,17.087302883832308,19.431160541768985,11.331044181969368,1.912697116167692,0,0,0,0,-1,inf,0,-1,0,0,7600,182,0,3814,0,3604,1.8287972323811164,4.285369501392548,False
occluding_cut_in,P1,12008,50,5.0,1.5,11.317783592570613,7.340924320324938,0.20800412073676305,0.00020844263878270109,999791557.3612175,17.121780353335406,17.116962367430588,19.431160541768985,11.331044181969368,1.88314773956537,0,0,0,0,-1,inf,0,-1,0,0,7600,257,0,3763,0,3580,1.8287972323811164,4.285369501392548,False
occluding_cut_in,P2,12008,50,5.0,1.5,11.271959506513124,7.335881601140441,0.21027690254954082,0.00021045185835408037,999789548.1416459,17.087302883832308,17.087194917016916,19.431160541768985,11.331044181969368,1.9128245916561997,0,0,0,0,-1,inf,0,-1,0,0,7600,182,0,3814,0,3604,1.8287972323811164,4.285369501392548,False
occluding_cut_in,P3,12008,50,5.0,1.5,11.257199423301138,7.273733856146152,0.21206156064236167,0.00022808005852821168,999771919.9414717,17.08730288383231,17.086714965745724,19.431160541768985,11.331044181969368,1.9135034068202357,0,0,0,0,-1,inf,0,-1,0,0,7600,194,0,3802,0,3604,1.8287972323811164,4.285369501392548,False
occluding_cut_in,P4,12008,50,5.0,1.5,11.267888282720728,7.327224075401506,0.2107706627715266,0.00021432353040528015,999785676.4695947,17.087302883832308,17.087302883832308,19.431160541768985,11.331044181969368,1.912697116167692,0,0,0,0,-1,inf,0,-1,0,0,7600,182,0,3814,0,3604,1.8287972323811164,4.285369501392548,False
occluding_cut_in,P0,12009,50,5.0,1.5,11.267888282720728,7.327224075401506,0.2107706627715266,0.00021432353040528015,999785676.4695947,17.087302883832308,17.087302883832308,19.431160541768985,11.331044181969368,1.912697116167692,0,0,0,0,-1,inf,0,-1,0,0,7600,182,0,3814,0,3604,1.819660410516981,4.204699872992078,False
occluding_cut_in,P1,12009,50,5.0,1.5,11.279402230947529,7.3325272748345185,0.21008453913158626,0.00021127208617207884,999788727.9138278,17.087302883832304,17.08671813657334,19.43013353196599,11.331044181969368,1.9132821182943816,0,0,0,0,-1,inf,0,-1,0,0,7600,211,0,3789,0,3600,1.819660410516981,4.204699872992078,False
occluding_cut_in,P2,12009,50,5.0,1.5,11.279402230947529,7.3325272748345185,0.21008453913158626,0.00021127208617207884,999788727.9138278,17.087302883832304,17.08671813657334,19.43013353196599,11.331044181969368,1.9132821182943816,0,0,0,0,-1,inf,0,-1,0,0,7600,211,0,3789,0,3600,1.819660410516981,4.204699872992078,False
occluding_cut_in,P3,12009,50,5.0,1.5,11.272727078473352,7.347277451802598,0.21016357905894725,0.00020785407926597092,999792145.920734,17.087302883832304,17.086958375649086,19.431160541768985,11.331044181969368,1.913149005085399,0,0,0,0,-1,inf,0,-1,0,0,7600,191,0,3805,0,3604,1.819660410516981,4.204699872992078,False
occluding_cut_in,P4,12009,50,5.0,1.5,11.267888282720728,7.327224075401506,0.2107706627715266,0.00021432353040528015,999785676.4695947,17.087302883832308,17.087302883832308,19.431160541768985,11.331044181969368,1.912697116167692,0,0,0,0,-1,inf,0,-1,0,0,7600,182,0,3814,0,3604,1.819660410516981,4.204699872992078,False
occluding_cut_in,P0,12010,50,5.0,1.5,11.267888282720728,7.327224075401506,0.2107706627715266,0.00021432353040528015,999785676.4695947,17.087302883832308,17.087302883832308,19.431160541768985,11.331044181969368,1.912697116167692,0,0,0,0,-1,inf,0,-1,0,0,7600,182,0,3814,0,3604,1.7473953531062045,4.054540145324168,False
occluding_cut_in,P1,12010,50,5.0,1.5,11.32259098532521,7.330849635099795,0.20818126146480595,0.00021115231607467776,999788847.6839255,17.121780353335417,17.116341439325343,19.431160541768985,11.331044181969368,1.8837879858002218,0,0,0,0,-1,inf,0,-1,0,0,7600,270,0,3750,0,3580,1.7473953531062045,4.054540145324168,False
occluding_cut_in,P2,12010,50,5.0,1.5,11.267888282720728,7.327224075401506,0.2107706627715266,0.00021432353040528015,999785676.4695947,17.087302883832308,17.087302883832308,19.431160541768985,11.331044181969368,1.912697116167692,0,0,0,0,-1,inf,0,-1,0,0,7600,182,0,3814,0,3604,1.7473953531062045,4.054540145324168,False
occluding_cut_in,P3,12010,50,5.0,1.5,11.271755487271896,7.334259161228186,0.21030210393144963,0.00021079719794503822,999789202.802055,17.079263734065538,17.07915741619279,19.431160541768985,11.331044181969368,1.9208614490774019,0,0,0,0,-1,inf,0,-1,0,0,7600,181,0,3815,0,3604,1.7473953531062045,4.054540145324168,False
occluding_cut_in,P4,12010,50,5.0,1.5,11.267888282720728,7.327224075401506,0.2107706627715266,0.00021432353040528015,999785676.4695947,17.087302883832308,17.087302883832308,19.431160541768985,11.331044181969368,1.912697116167692,0,0,0,0,-1,inf,0,-1,0,0,7600,182,0,3814,0,3604,1.7473953531062045,4.054540145324168,False
occluding_cut_in,P0,12011,50,5.0,1.5,11.267888282720728,7.327224075401506,0.2107706627715266,0.00021432353040528015,999785676.4695947,17.087302883832308,17.087302883832308,19.431160541768985,11.331044181969368,1.912697116167692,0,0,0,0,-1,inf,0,-1,0,0,7600,182,0,3814,0,3604,1.8783856567021042,4.321464687102339,False
occluding_cut_in,P1,12011,50,5.0,1.5,11.329673852016835,7.308297328394994,0.20874687184628107,0.00021747211789432654,999782527.8821057,17.121780353335428,17.115217134114186,19.431160541768985,11.331044181969368,1.885005814258689,0,0,0,0,-1,inf,0,-1,0,0,7600,316,0,3702,0,3582,1.8783856567021042,4.321464687102339,False
occluding_cut_in,P2,12011,50,5.0,1.5,11.234115978422913,7.347532739074193,0.2132565692115898,0.0002082773269617516,999791722.6730384,17.09672071521911,17.09343247158598,19.431160541768985,11.331044181969368,1.9092338673411526,0,0,0,0,-1,inf,0,-1,0,0,7600,216,0,3784,0,3600,1.8783856567021042,4.321464687102339,False
occluding_cut_in,P3,12011,50,5.0,1.5,11.225860703385898,7.306477124987945,0.21426607060065175,0.00021907488638274686,999780925.1136171,17.096720715219107,17.093275839460258,19.431160541768985,11.331044181969368,1.9098437800511956,0,0,0,0,-1,inf,0,-1,0,0,7600,221,0,3779,0,3600,1.8783856567021042,4.321464687102339,False
occluding_cut_in,P4,12011,50,5.0,1.5,11.267888282720728,7.327224075401506,0.2107706627715266,0.00021432353040528015,999785676.4695947,17.087302883832308,17.087302883832308,19.431160541768985,11.331044181969368,1.912697116167692,0,0,0,0,-1,inf,0,-1,0,0,7600,182,0,3814,0,3604,1.8783856567021042,4.321464687102339,False
occluding_cut_in,P0,12012,50,5.0,1.5,11.267888282720728,7.327224075401506,0.2107706627715266,0.00021432353040528015,999785676.4695947,17.087302883832308,17.087302883832308,19.431160541768985,11.331044181969368,1.912697116167692,0,0,0,0,-1,inf,0,-1,0,0,7600,182,0,3814,0,3604,1.6778256722655371,3.9811394483862306,False
occluding_cut_in,P1,12012,50,5.0,1.5,11.178614368321243,7.349712723624069,0.21459116985008658,0.00020643489525510282,999793565.1047449,17.14353720412902,17.133991580734083,19.431160541768985,11.331044181969368,1.8672446868865649,0,0,0,0,-1,inf,0,-1,0,0,7600,285,0,3734,0,3581,1.6778256722655371,3.9811394483862306,False
occluding_cut_in,P2,12012,50,5.0,1.5,11.234115978422913,7.347532739074193,0.2132565692115898,0.0002082773269617516,999791722.6730384,17.09672071521911,17.09343247158598,19.431160541768985,11.331044181969368,1.9092338673411526,0,0,0,0,-1,inf,0,-1,0,0,7600,216,0,3784,0,3600,1.6778256722655371,3.9811394483862306,False
occluding_cut_in,P3,12012,50,5.0,1.5,11.272727078473352,7.347277451802598,0.21016357905894725,0.00020785407926597092,999792145.920734,17.087302883832304,17.086958375649086,19.431160541768985,11.331044181969368,1.913149005085399,0,0,0,0,-1,inf,0,-1,0,0,7600,191,0,3805,0,3604,1.6778256722655371,3.9811394483862306,False
occluding_cut_in,P4,12012,50,5.0,1.5,11.267888282720728,7.327224075401506,0.2107706627715266,0.00021432353040528015,999785676.4695947,17.087302883832308,17.087302883832308,19.431160541768985,11.331044181969368,1.912697116167692,0,0,0,0,-1,inf,0,-1,0,0,7600,182,0,3814,0,3604,1.6778256722655371,3.9811394483862306,False
occluding_cut_in,P0,12013,50,5.0,1.5,11.267888282720728,7.327224075401506,0.2107706627715266,0.00021432353040528015,999785676.4695947,17.087302883832308,17.087302883832308,19.431160541768985,11.331044181969368,1.912697116167692,0,0,0,0,-1,inf,0,-1,0,0,7600,182,0,3814,0,3604,1.853860524193201,4.203499510967257,False
occluding_cut_in,P1,12013,50,5.0,1.5,11.279704603516379,7.346397526329796,0.2100100123135853,0.00020808701946142477,999791912.9805385,17.0873028838323,17.08646209581056,19.43013353196599,11.331044181969368,1.9135795070334352,0,0,0,0,-1,inf,0,-1,0,0,7600,220,0,3780,0,3600,1.853860524193201,4.203499510967257,False
occluding_cut_in,P2,12013,50,5.0,1.5,11.279704603516379,7.346397526329796,0.2100100123135853,0.00020808701946142477,999791912.9805385,17.0873028838323,17.08646209581056,19.43013353196599,11.331044181969368,1.9135795070334352,0,0,0,0,-1,inf,0,-1,0,0,7600,220,0,3780,0,3600,1.853860524193201,4.203499510967257,False
occluding_cut_in,P3,12013,50,5.0,1.5,11.262544596352384,7.265809620764898,0.21210737669105537,0.00023045853746672562,999769541.4625331,17.087302883832308,17.08620420453665,19.43013353196599,11.331044181969368,1.9139138373262345,0,0,0,0,-1,inf,0,-1,0,0,7600,223,0,3777,0,3600,1.853860524193201,4.203499510967257,False
occluding_cut_in,P4,12013,50,5.0,1.5,11.267888282720728,7.327224075401506,0.2107706627715266,0.00021432353040528015,999785676.4695947,17.087302883832308,17.087302883832308,19.431160541768985,11.331044181969368,1.912697116167692,0,0,0,0,-1,inf,0,-1,0,0,7600,182,0,3814,0,3604,1.853860524193201,4.203499510967257,False
occluding_cut_in,P0,12014,50,5.0,1.5,11.267888282720728,7.327224075401506,0.2107706627715266,0.00021432353040528015,999785676.4695947,17.087302883832308,17.087302883832308,19.431160541768985,11.331044181969368,1.912697116167692,0,0,0,0,-1,inf,0,-1,0,0,7600,182,0,3814,0,3604,1.9396177277323168,4.462337188227592,False
occluding_cut_in,P1,12014,50,5.0,1.5,11.293166311522455,7.345059159874626,0.2091792288500988,0.0002083999505940377,999791600.0494059,17.08730288383232,17.085739932297194,19.431160541768985,11.331044181969368,1.9142604347966024,0,0,0,0,-1,inf,0,-1,0,0,7600,210,0,3786,0,3604,1.9396177277323168,4.462337188227592,False
occluding_cut_in,P2,12014,50,5.0,1.5,11.234115978422913,7.347532739074193,0.2132565692115898,0.0002082773269617516,999791722.6730384,17.09672071521911,17.09343247158598,19.431160541768985,11.331044181969368,1.9092338673411526,0,0,0,0,-1,inf,0,-1,0,0,7600,216,0,3784,0,3600,1.9396177277323168,4.462337188227592,False
occluding_cut_in,P3,12014,50,5.0,1.5,11.234115978422913,7.347532739074193,0.2132565692115898,0.0002082773269617516,999791722.6730384,17.09672071521911,17.09343247158598,19.431160541768985,11.331044181969368,1.9092338673411526,0,0,0,0,-1,inf,0,-1,0,0,7600,216,0,3784,0,3600,1.9396177277323168,4.462337188227592,False
occluding_cut_in,P4,12014,50,5.0,1.5,11.267888282720728,7.327224075401506,0.2107706627715266,0.00021432353040528015,999785676.4695947,17.087302883832308,17.087302883832308,19.431160541768985,11.331044181969368,1.912697116167692,0,0,0,0,-1,inf,0,-1,0,0,7600,182,0,3814,0,3604,1.9396177277323168,4.462337188227592,False
occluding_cut_in,P0,12015,50,5.0,1.5,11.267888282720728,7.327224075401506,0.2107706627715266,0.00021432353040528015,999785676.4695947,17.087302883832308,17.087302883832308,19.431160541768985,11.331044181969368,1.912697116167692,0,0,0,0,-1,inf,0,-1,0,0,7600,182,0,3814,0,3604,1.8158432384241212,4.197884232478916,False
occluding_cut_in,P1,12015,50,5.0,1.5,11.32259098532521,7.330849635099795,0.20818126146480595,0.00021115231607467776,999788847.6839255,17.121780353335417,17.116341439325343,19.431160541768985,11.331044181969368,1.8837879858002218,0,0,0,0,-1,inf,0,-1,0,0,7600,270,0,3750,0,3580,1.8158432384241212,4.197884232478916,False
occluding_cut_in,P2,12015,50,5.0,1.5,11.304662266597454,7.351504675742082,0.20837432312261125,0.00020585025197970033,999794149.7480203,17.109263734065536,17.106786860918128,19.431160541768985,11.331044181969368,1.8932202090741326,0,0,0,0,-1,inf,0,-1,0,0,7600,219,0,3790,0,3591,1.8158432384241212,4.197884232478916,False
occluding_cut_in,P3,12015,50,5.0,1.5,11.272727078473352,7.347277451802598,0.21016357905894725,0.00020785407926597092,999792145.920734,17.087302883832304,17.086958375649086,19.431160541768985,11.331044181969368,1.913149005085399,0,0,0,0,-1,inf,0,-1,0,0,7600,191,0,3805,0,3604,1.8158432384241212,4.197884232478916,False
occluding_cut_in,P4,12015,50,5.0,1.5,11.267888282720728,7.327224075401506,0.2107706627715266,0.00021432353040528015,999785676.4695947,17.087302883832308,17.087302883832308,19.431160541768985,11.331044181969368,1.912697116167692,0,0,0,0,-1,inf,0,-1,0,0,7600,182,0,3814,0,3604,1.8158432384241212,4.197884232478916,False
occluding_cut_in,P0,12016,50,5.0,1.5,11.267888282720728,7.327224075401506,0.2107706627715266,0.00021432353040528015,999785676.4695947,17.087302883832308,17.087302883832308,19.431160541768985,11.331044181969368,1.912697116167692,0,0,0,0,-1,inf,0,-1,0,0,7600,182,0,3814,0,3604,1.8614445409121583,4.267729266258325,False
occluding_cut_in,P1,12016,50,5.0,1.5,11.323929889722908,7.33746240387935,0.2079504854985344,0.00020935444522376598,999790645.5547763,17.121780353335428,17.11653427941325,19.43013353196599,11.331044181969368,1.8836732888752445,0,0,0,0,-1,inf,0,-1,0,0,7600,282,0,3740,0,3578,1.8614445409121583,4.267729266258325,False
occluding_cut_in,P2,12016,50,5.0,1.5,11.276963380877083,7.330914167477342,0.21037900968694642,0.00021314547187283378,999786854.5281272,17.087302883832308,17.08684058791738,19.43013353196599,11.331044181969368,1.913174713293892,0,0,0,0,-1,inf,0,-1,0,0,7600,211,0,3789,0,3600,1.8614445409121583,4.267729266258325,False
occluding_cut_in,P3,12016,50,5.0,1.5,11.267888282720728,7.327224075401506,0.2107706627715266,0.00021432353040528015,999785676.4695947,17.087302883832308,17.087302883832308,19.431160541768985,11.331044181969368,1.912697116167692,0,0,0,0,-1,inf,0,-1,0,0,7600,182,0,3814,0,3604,1.8614445409121583,4.267729266258325,False
occluding_cut_in,P4,12016,50,5.0,1.5,11.267888282720728,7.327224075401506,0.2107706627715266,0.00021432353040528015,999785676.4695947,17.087302883832308,17.087302883832308,19.431160541768985,11.331044181969368,1.912697116167692,0,0,0,0,-1,inf,0,-1,0,0,7600,182,0,3814,0,3604,1.8614445409121583,4.267729266258325,False
occluding_cut_in,P0,12017,50,5.0,1.5,11.267888282720728,7.327224075401506,0.2107706627715266,0.00021432353040528015,999785676.4695947,17.087302883832308,17.087302883832308,19.431160541768985,11.331044181969368,1.912697116167692,0,0,0,0,-1,inf,0,-1,0,0,7600,182,0,3814,0,3604,1.7983749267244453,4.152015182844185,False
occluding_cut_in,P1,12017,50,5.0,1.5,11.323929889722908,7.33746240387935,0.2079504854985344,0.00020935444522376598,999790645.5547763,17.121780353335428,17.11653427941325,19.43013353196599,11.331044181969368,1.8836732888752445,0,0,0,0,-1,inf,0,-1,0,0,7600,282,0,3740,0,3578,1.7983749267244453,4.152015182844185,False
occluding_cut_in,P2,12017,50,5.0,1.5,11.279402230947529,7.3325272748345185,0.21008453913158626,0.00021127208617207884,999788727.9138278,17.087302883832304,17.08671813657334,19.43013353196599,11.331044181969368,1.9132821182943816,0,0,0,0,-1,inf,0,-1,0,0,7600,211,0,3789,0,3600,1.7983749267244453,4.152015182844185,False
occluding_cut_in,P3,12017,50,5.0,1.5,11.271959506513124,7.335881601140441,0.21027690254954082,0.00021045185835408037,999789548.1416459,17.087302883832308,17.087194917016916,19.431160541768985,11.331044181969368,1.9128245916561997,0,0,0,0,-1,inf,0,-1,0,0,7600,182,0,3814,0,3604,1.7983749267244453,4.152015182844185,False
occluding_cut_in,P4,12017,50,5.0,1.5,11.267888282720728,7.327224075401506,0.2107706627715266,0.00021432353040528015,999785676.4695947,17.087302883832308,17.087302883832308,19.431160541768985,11.331044181969368,1.912697116167692,0,0,0,0,-1,inf,0,-1,0,0,7600,182,0,3814,0,3604,1.7983749267244453,4.152015182844185,False
occluding_cut_in,P0,12018,50,5.0,1.5,11.267888282720728,7.327224075401506,0.2107706627715266,0.00021432353040528015,999785676.4695947,17.087302883832308,17.087302883832308,19.431160541768985,11.331044181969368,1.912697116167692,0,0,0,0,-1,inf,0,-1,0,0,7600,182,0,3814,0,3604,1.7981876681929199,4.123016403908623,False
occluding_cut_in,P1,12018,50,5.0,1.5,11.332635162965522,7.2968468754087175,0.20906811882705212,0.00022077520280912,999779224.797191,17.121780353335417,17.114710306963037,19.431160541768985,11.331044181969368,1.885592952331776,0,0,0,0,-1,inf,0,-1,0,0,7600,351,0,3667,0,3582,1.7981876681929199,4.123016403908623,False
occluding_cut_in,P2,12018,50,5.0,1.5,11.285993691216454,7.30833693068272,0.21004580967076453,0.00021764251711441334,999782357.4828857,17.08730288383231,17.08560516159999,19.431160541768985,11.331044181969368,1.9144130276938296,0,0,0,0,-1,inf,0,-1,0,0,7600,215,0,3781,0,3604,1.7981876681929199,4.123016403908623,False
occluding_cut_in,P3,12018,50,5.0,1.5,11.271959506513124,7.335881601140441,0.21027690254954082,0.00021045185835408037,999789548.1416459,17.087302883832308,17.087194917016916,19.431160541768985,11.331044181969368,1.9128245916561997,0,0,0,0,-1,inf,0,-1,0,0,7600,182,0,3814,0,3604,1.7981876681929199,4.123016403908623,False
occluding_cut_in,P4,12018,50,5.0,1.5,11.267888282720728,7.327224075401506,0.2107706627715266,0.00021432353040528015,999785676.4695947,17.087302883832308,17.087302883832308,19.431160541768985,11.331044181969368,1.912697116167692,0,0,0,0,-1,inf,0,-1,0,0,7600,182,0,3814,0,3604,1.7981876681929199,4.123016403908623,False
occluding_cut_in,P0,12019,50,5.0,1.5,11.267888282720728,7.327224075401506,0.2107706627715266,0.00021432353040528015,999785676.4695947,17.087302883832308,17.087302883832308,19.431160541768985,11.331044181969368,1.912697116167692,0,0,0,0,-1,inf,0,-1,0,0,7600,182,0,3814,0,3604,1.8197781026011992,4.104613483036919,False
occluding_cut_in,P1,12019,50,5.0,1.5,11.330542028345441,7.3466437559200495,0.2079361223944305,0.0002081010537113367,999791898.9462886,17.121780353335417,17.115973467558156,19.431160541768985,11.331044181969368,1.8843586929951255,0,0,0,0,-1,inf,0,-1,0,0,7600,295,0,3725,0,3580,1.8197781026011992,4.104613483036919,False
occluding_cut_in,P2,12019,50,5.0,1.5,11.300967259640549,7.34609500698083,0.20892083246936025,0.00020801564955933913,999791984.3504406,17.087302883832315,17.085275650404522,19.43013353196599,11.331044181969368,1.9147352770743513,0,0,0,0,-1,inf,0,-1,0,0,7600,236,0,3764,0,3600,1.8197781026011992,4.104613483036919,False
occluding_cut_in,P3,12019,50,5.0,1.5,11.271755487271896,7.334259161228186,0.21030210393144963,0.00021079719794503822,999789202.802055,17.079263734065538,17.07915741619279,19.431160541768985,11.331044181969368,1.9208614490774019,0,0,0,0,-1,inf,0,-1,0,0,7600,181,0,3815,0,3604,1.8197781026011992,4.104613483036919,False
occluding_cut_in,P4,12019,50,5.0,1.5,11.267888282720728,7.327224075401506,0.2107706627715266,0.00021432353040528015,999785676.4695947,17.087302883832308,17.087302883832308,19.431160541768985,11.331044181969368,1.912697116167692,0,0,0,0,-1,inf,0,-1,0,0,7600,182,0,3814,0,3604,1.8197781026011992,4.104613483036919,False
