scenario,planner,seed,steps,duration_s,planning_safety_margin_m,mean_snr_db,min_snr_db,mean_outage_probability,mean_ber_model,mean_goodput_bps_model,path_length_m,progress_m,min_target_distance_m,min_realized_ttc_s,min_static_obstacle_clearance_m,static_clearance_violation_steps,static_clearance_violation_indicator,collision_indicator,collision_steps,first_collision_step,first_collision_time_s,no_candidate_steps,first_no_candidate_step,margin_relaxation_steps,margin_relaxation_indicator,first_margin_relaxation_step,zero_candidate_after_static_steps,zero_candidate_after_dynamic_steps,candidate_evaluations,candidate_road_rejections,candidate_speed_rejections,candidate_static_rejections,candidate_dynamic_rejections,candidate_feasible,prediction_ade_m,prediction_fde_m,measured_optical_link
following_lateral_offset,P0,15000,40,4.0,0.5,15.08822390118694,-3.9748292173231192,0.1385951174903103,0.01713132933766471,982868670.6623352,37.289999999999985,37.289999999999985,3.0502622838044733,0.7745864812060268,inf,0,0,0,0,-1,inf,0,-1,0,0,-1,0,0,6080,0,0,0,2884,3196,1.6048957577899443,3.7007883893794555,False
following_lateral_offset,P1,15000,40,4.0,0.5,15.08822390118694,-3.9748292173231192,0.1385951174903103,0.01713132933766471,982868670.6623352,37.289999999999985,37.289999999999985,3.0502622838044733,0.7745864812060268,inf,0,0,0,0,-1,inf,0,-1,0,0,-1,0,0,6080,0,0,0,2884,3196,1.6048957577899443,3.7007883893794555,False
following_lateral_offset,P2,15000,40,4.0,0.5,16.744442824592376,10.65703843767347,0.024587859106204157,1.1226945791762364e-07,999999887.7305422,37.23999999999999,37.23224225872233,3.000235286721987,0.7036424161680641,inf,0,0,0,0,-1,inf,0,-1,0,0,-1,0,0,6080,228,0,0,2694,3158,1.6048957577899443,3.7007883893794555,False
following_lateral_offset,P3,15000,40,4.0,0.5,16.068335257138095,6.610857643463426,0.070644493169386,0.00016564323952451433,999834356.7604755,37.23999999999998,37.23778353857263,3.038945736337056,0.7818953521584415,inf,0,0,0,0,-1,inf,0,-1,0,0,-1,0,0,6080,117,0,0,2787,3176,1.6048957577899443,3.7007883893794555,False
following_lateral_offset,P4,15000,40,4.0,0.5,15.944384081102395,1.652810602035359,0.07796562772504871,0.0029316540354138044,997068345.9645863,37.23999999999998,37.23778353857263,3.038945736337056,0.7818953521584415,inf,0,0,0,0,-1,inf,0,-1,0,0,-1,0,0,6080,117,0,0,2787,3176,1.6048957577899443,3.7007883893794555,False
following_lateral_offset,P0,15001,40,4.0,0.5,15.779798395440276,-1.3092064520880875,0.09729639259222964,0.00869362730302407,991306372.696976,37.14,37.14,3.184273857569414,0.6965476309547664,inf,0,0,0,0,-1,inf,0,-1,0,0,-1,0,0,6080,0,0,0,2749,3331,1.7747964430522576,3.95850468599878,False
following_lateral_offset,P1,15001,40,4.0,0.5,15.779798395440276,-1.3092064520880875,0.09729639259222964,0.00869362730302407,991306372.696976,37.14,37.14,3.184273857569414,0.6965476309547664,inf,0,0,0,0,-1,inf,0,-1,0,0,-1,0,0,6080,0,0,0,2749,3331,1.7747964430522576,3.95850468599878,False
following_lateral_offset,P2,15001,40,4.0,0.5,16.155782851417932,5.0798337228904415,0.07360431070235825,0.0005834833346666194,999416516.6653334,37.139999999999986,37.13908561978043,3.1608479992717107,0.6247393936371323,inf,0,0,0,0,-1,inf,0,-1,0,0,-1,0,0,6080,46,0,0,2731,3303,1.7747964430522576,3.95850468599878,False
following_lateral_offset,P3,15001,40,4.0,0.5,16.031522053021046,3.0594417263142972,0.08304540908856835,0.002554875092701977,997445124.9072978,37.139999999999986,37.13953125484044,3.172725527866347,0.6315747302584309,inf,0,0,0,0,-1,inf,0,-1,0,0,-1,0,0,6080,23,0,0,2746,3311,1.7747964430522576,3.95850468599878,False
following_lateral_offset,P4,15001,40,4.0,0.5,15.779798395440276,-1.3092064520880875,0.09729639259222964,0.00869362730302407,991306372.696976,37.14,37.14,3.184273857569414,0.6965476309547664,inf,0,0,0,0,-1,inf,0,-1,0,0,-1,0,0,6080,0,0,0,2749,3331,1.7747964430522576,3.95850468599878,False
following_lateral_offset,P0,15002,40,4.0,0.5,15.890700903256294,1.0923615944448812,0.09403279385222038,0.004505719264042218,995494280.7359577,36.983333333333356,36.983333333333356,3.3256995922328345,0.657261095568858,inf,0,0,0,0,-1,inf,0,-1,0,0,-1,0,0,6080,0,0,0,2673,3407,1.9265213423358218,4.295468048218334,False
following_lateral_offset,P1,15002,40,4.0,0.5,15.886659623734861,1.0923615944449772,0.09449487490585413,0.004568034569522283,995431965.4304777,36.98333333333335,36.98333333333335,3.325699592232841,0.6807347061248917,inf,0,0,0,0,-1,inf,0,-1,0,0,-1,0,0,6080,0,0,0,2674,3406,1.9265213423358218,4.295468048218334,False
following_lateral_offset,P2,15002,40,4.0,0.5,17.34851330338438,14.343624300279918,0.01188505913316568,2.1600407148620063e-14,999999999.9999784,36.65666666666669,36.65245422971898,3.554014740288566,0.9690839452698842,inf,0,0,0,0,-1,inf,0,-1,0,0,-1,0,0,6080,194,0,0,2467,3419,1.9265213423358218,4.295468048218334,False
following_lateral_offset,P3,15002,40,4.0,0.5,17.246451714305238,14.048748539380094,0.012735445922016943,1.235386070089979e-13,999999999.9998764,36.63666666666669,36.633671237758016,3.579209027478419,0.9646749644439907,inf,0,0,0,0,-1,inf,0,-1,0,0,-1,0,0,6080,165,0,0,2488,3427,1.9265213423358218,4.295468048218334,False
following_lateral_offset,P4,15002,40,4.0,0.5,16.667972839564268,10.84872580608532,0.028355525061656554,7.632526315867197e-08,999999923.6747367,36.80666666666669,36.80477754708247,3.445888148697335,0.8670515102903127,inf,0,0,0,0,-1,inf,0,-1,0,0,-1,0,0,6080,94,0,0,2568,3418,1.9265213423358218,4.295468048218334,False
following_lateral_offset,P0,15003,40,4.0,0.5,14.385597197889098,-9.901971740877137,0.16340108140216508,0.0315400354648865,968459964.5351136,37.560000000000024,37.560000000000024,2.8131121556027385,0.6324812180481117,inf,0,0,0,0,-1,inf,0,-1,0,0,-1,0,0,6080,0,0,0,2830,3250,1.6701978024952815,3.841872605197355,False
following_lateral_offset,P1,15003,40,4.0,0.5,14.385597197889098,-9.901971740877137,0.16340108140216508,0.0315400354648865,968459964.5351136,37.560000000000024,37.560000000000024,2.8131121556027385,0.6324812180481117,inf,0,0,0,0,-1,inf,0,-1,0,0,-1,0,0,6080,0,0,0,2830,3250,1.6701978024952815,3.841872605197355,False
following_lateral_offset,P2,15003,40,4.0,0.5,16.343892217276437,8.909539634295847,0.043339320397405276,5.66236349739977e-06,999994337.6365026,37.41000000000002,37.40443793366141,2.8457817218142494,0.7177550907590973,inf,0,0,0,0,-1,inf,0,-1,0,0,-1,0,0,6080,219,0,0,2645,3216,1.6701978024952815,3.841872605197355,False
following_lateral_offset,P3,15003,40,4.0,0.5,15.924148500913052,5.009596917943696,0.0858764931708652,0.0007559879649838499,999244012.0350163,37.45000000000002,37.44720237611985,2.8297588680795647,0.7080324217796476,inf,0,0,0,0,-1,inf,0,-1,0,0,-1,0,0,6080,171,0,0,2690,3219,1.6701978024952815,3.841872605197355,False
following_lateral_offset,P4,15003,40,4.0,0.5,15.791761976225256,-0.28586406956802435,0.09006434741933282,0.005131524358739375,994868475.6412607,37.45000000000002,37.44720237611985,2.8297588680795647,0.7080324217796476,inf,0,0,0,0,-1,inf,0,-1,0,0,-1,0,0,6080,171,0,0,2690,3219,1.6701978024952815,3.841872605197355,False
following_lateral_offset,P0,15004,40,4.0,0.5,14.77837837791055,-8.892670508713984,0.13579596239672975,0.027166468397134207,972833531.6028658,37.47000000000001,37.46948985014695,2.905904436195932,0.6423809642880921,inf,0,0,0,0,-1,inf,0,-1,1,1,40,0,0,6080,23,0,0,2685,3372,1.7117403531429396,3.9201001928302945,False
following_lateral_offset,P1,15004,40,4.0,0.5,14.77837837791055,-8.892670508713984,0.13579596239672975,0.027166468397134207,972833531.6028658,37.47000000000001,37.46948985014695,2.905904436195932,0.6423809642880921,inf,0,0,0,0,-1,inf,0,-1,1,1,40,0,0,6080,23,0,0,2685,3372,1.7117403531429396,3.9201001928302945,False
following_lateral_offset,P2,15004,40,4.0,0.5,16.81512240713189,10.527394073509509,0.02563467532029936,1.7423865364170892e-07,999999825.7613465,37.100000000000016,37.09588164792011,3.1402486978586235,0.8116663926984409,inf,0,0,0,0,-1,inf,0,-1,0,0,-1,0,0,6080,202,0,0,2457,3421,1.7117403531429396,3.9201001928302945,False
following_lateral_offset,P3,15004,40,4.0,0.5,16.470558636225018,4.228984351642858,0.04903187023148141,0.0008857872052020583,999114212.7947979,37.19000000000001,37.18703624071217,3.063863192786858,0.7434714207058092,inf,0,0,0,0,-1,inf,0,-1,0,0,-1,0,0,6080,170,0,0,2534,3376,1.7117403531429396,3.9201001928302945,False
following_lateral_offset,P4,15004,40,4.0,0.5,14.77837837791055,-8.892670508713984,0.13579596239672975,0.027166468397134207,972833531.6028658,37.47000000000001,37.46948985014695,2.905904436195932,0.6423809642880921,inf,0,0,0,0,-1,inf,0,-1,1,1,40,0,0,6080,23,0,0,2685,3372,1.7117403531429396,3.9201001928302945,False
following_lateral_offset,P0,15005,40,4.0,0.5,14.528509103316082,-10.927734952336781,0.15007242253397068,0.029684611603227617,970315388.3967724,37.600000000000016,37.600000000000016,2.7784887978899473,0.5627211020435344,inf,0,0,0,0,-1,inf,0,-1,1,1,40,0,0,6080,0,0,0,2669,3411,1.8553560057015506,4.1506239888747585,False
following_lateral_offset,P1,15005,40,4.0,0.5,14.528509103316082,-10.927734952336781,0.15007242253397068,0.029684611603227617,970315388.3967724,37.600000000000016,37.600000000000016,2.7784887978899473,0.5627211020435344,inf,0,0,0,0,-1,inf,0,-1,1,1,40,0,0,6080,0,0,0,2669,3411,1.8553560057015506,4.1506239888747585,False
following_lateral_offset,P2,15005,40,4.0,0.5,17.761392170733075,14.900183016712216,0.009295989204891567,4.800953829968924e-16,999999999.9999996,37.08333333333335,37.07159258633276,3.096213792888718,0.7860264443708495,inf,0,0,0,0,-1,inf,0,-1,0,0,-1,0,0,6080,406,0,0,2282,3392,1.8553560057015506,4.1506239888747585,False
following_lateral_offset,P3,15005,40,4.0,0.5,16.911167167370373,11.41344094427432,0.021018230603870654,1.3039914444457959e-08,999999986.9600856,37.096666666666664,37.09309436624959,3.1340482011487296,0.842131265771311,inf,0,0,0,0,-1,inf,0,-1,0,0,-1,0,0,6080,219,0,0,2421,3440,1.8553560057015506,4.1506239888747585,False
following_lateral_offset,P4,15005,40,4.0,0.5,14.528509103316082,-10.927734952336781,0.15007242253397068,0.029684611603227617,970315388.3967724,37.600000000000016,37.600000000000016,2.7784887978899473,0.5627211020435344,inf,0,0,0,0,-1,inf,0,-1,1,1,40,0,0,6080,0,0,0,2669,3411,1.8553560057015506,4.1506239888747585,False
following_lateral_offset,P0,15006,40,4.0,0.5,14.754893906832018,-3.9748292173236557,0.15817233052313098,0.018925307390550702,981074692.6094494,37.29000000000001,37.29000000000001,3.050262283804448,0.7539495966420107,inf,0,0,0,0,-1,inf,0,-1,0,0,-1,0,0,6080,0,0,0,2811,3269,1.5734816876710536,3.6255237591843965,False
following_lateral_offset,P1,15006,40,4.0,0.5,14.754893906832018,-3.9748292173236557,0.15817233052313098,0.018925307390550702,981074692.6094494,37.29000000000001,37.29000000000001,3.050262283804448,0.7539495966420107,inf,0,0,0,0,-1,inf,0,-1,0,0,-1,0,0,6080,0,0,0,2811,3269,1.5734816876710536,3.6255237591843965,False
following_lateral_offset,P2,15006,40,4.0,0.5,17.103571354474173,11.415541317344687,0.01893919083849387,1.2166975500515593e-08,999999987.8330246,36.89000000000003,36.881251736476706,3.3183117175406935,1.0338095317476153,inf,0,0,0,0,-1,inf,0,-1,0,0,-1,0,0,6080,239,0,0,2530,3311,1.5734816876710536,3.6255237591843965,False
following_lateral_offset,P3,15006,40,4.0,0.5,16.43964241312877,10.832530085302896,0.03516747342821537,1.0633482995193731e-07,999999893.6651701,36.99000000000002,36.9871048995839,3.25728606722434,0.9809632923107824,inf,0,0,0,0,-1,inf,0,-1,0,0,-1,0,0,6080,143,0,0,2622,3315,1.5734816876710536,3.6255237591843965,False
following_lateral_offset,P4,15006,40,4.0,0.5,16.43964241312877,10.832530085302896,0.03516747342821537,1.0633482995193731e-07,999999893.6651701,36.99000000000002,36.9871048995839,3.25728606722434,0.9809632923107824,inf,0,0,0,0,-1,inf,0,-1,0,0,-1,0,0,6080,143,0,0,2622,3315,1.5734816876710536,3.6255237591843965,False
following_lateral_offset,P0,15007,40,4.0,0.5,13.74617867856747,-11.120582667254368,0.17890367174957036,0.04709430434070789,952905695.6592922,37.56999999999999,37.569497918146936,2.817349077151267,0.73142858241978,inf,0,0,0,0,-1,inf,0,-1,1,1,38,0,0,6080,23,0,0,2773,3284,1.7563163619065378,4.004216182476936,False
following_lateral_offset,P1,15007,40,4.0,0.5,13.74617867856747,-11.120582667254368,0.17890367174957036,0.04709430434070789,952905695.6592922,37.56999999999999,37.569497918146936,2.817349077151267,0.73142858241978,inf,0,0,0,0,-1,inf,0,-1,1,1,38,0,0,6080,23,0,0,2773,3284,1.7563163619065378,4.004216182476936,False
following_lateral_offset,P2,15007,40,4.0,0.5,16.18765328466366,3.1523148312310525,0.07783500289485198,0.0023191379771137508,997680862.0228863,37.23000000000001,37.223909142143015,3.028457403368855,0.775889377695909,inf,0,0,0,0,-1,inf,0,-1,0,0,-1,0,0,6080,212,0,0,2499,3369,1.7563163619065378,4.004216182476936,False
following_lateral_offset,P3,15007,40,4.0,0.5,15.509686614401394,0.12794952161099715,0.11367379171477836,0.008997102951861369,991002897.0481386,37.23000000000001,37.22824310521608,3.0643672315541473,0.8161715887378141,inf,0,0,0,0,-1,inf,0,-1,0,0,-1,0,0,6080,102,0,0,2593,3385,1.7563163619065378,4.004216182476936,False
following_lateral_offset,P4,15007,40,4.0,0.5,16.131201043354682,8.254788466573363,0.06201664467924526,3.052546411957184e-05,999969474.5358803,37.22000000000001,37.21720428891922,3.0404158590434953,0.8161715887378141,inf,0,0,0,0,-1,inf,0,-1,0,0,-1,0,0,6080,162,0,0,2541,3377,1.7563163619065378,4.004216182476936,False
following_lateral_offset,P0,15008,40,4.0,0.5,13.069635208995418,-18.40797870257128,0.17013015875082327,0.05573909363251526,944260906.3674848,37.710000000000015,37.707207597405045,2.7421571721458604,0.6539047714304695,inf,0,0,0,0,-1,inf,0,-1,3,1,38,0,0,6080,100,0,0,2811,3169,1.584998077215367,3.7399322959350707,False
following_lateral_offset,P1,15008,40,4.0,0.5,13.069635208995418,-18.40797870257128,0.17013015875082327,0.05573909363251526,944260906.3674848,37.710000000000015,37.707207597405045,2.7421571721458604,0.6539047714304695,inf,0,0,0,0,-1,inf,0,-1,3,1,38,0,0,6080,100,0,0,2811,3169,1.584998077215367,3.7399322959350707,False
following_lateral_offset,P2,15008,40,4.0,0.5,14.505213298339925,-10.572021711090763,0.15463209788912277,0.027975386686875485,972024613.3131244,37.71000000000003,37.70863572899779,2.645711721330928,0.5622859975374334,inf,0,0,0,0,-1,inf,0,-1,4,1,37,0,0,6080,75,0,0,2839,3166,1.584998077215367,3.7399322959350707,False
following_lateral_offset,P3,15008,40,4.0,0.5,14.320240017519444,-11.746357070245061,0.15536341745606352,0.03365964852869982,966340351.4713001,37.71000000000003,37.709074296603376,2.6590074666243715,0.566379120196714,inf,0,0,0,0,-1,inf,0,-1,4,1,37,0,0,6080,52,0,0,2840,3188,1.584998077215367,3.7399322959350707,False
following_lateral_offset,P4,15008,40,4.0,0.5,14.12300079690483,-12.889573774776068,0.15770440276702974,0.03932023319706747,960679766.8029325,37.71000000000003,37.709538467554665,2.671908684249374,0.6043174217288839,inf,0,0,0,0,-1,inf,0,-1,4,1,37,0,0,6080,27,0,0,2854,3199,1.584998077215367,3.7399322959350707,False
following_lateral_offset,P0,15009,40,4.0,0.5,14.464654906348633,-10.154428846980178,0.15573971058301447,0.03169169976104808,968308300.2389519,37.570000000000014,37.570000000000014,2.8044429036797895,0.6272180601533797,inf,0,0,0,0,-1,inf,0,-1,0,0,-1,0,0,6080,0,0,0,2831,3249,1.638089197511475,3.8831112232401495,False
following_lateral_offset,P1,15009,40,4.0,0.5,14.464654906348633,-10.154428846980178,0.15573971058301447,0.03169169976104808,968308300.2389519,37.570000000000014,37.570000000000014,2.8044429036797895,0.6272180601533797,inf,0,0,0,0,-1,inf,0,-1,0,0,-1,0,0,6080,0,0,0,2831,3249,1.638089197511475,3.8831112232401495,False
following_lateral_offset,P2,15009,40,4.0,0.5,15.546833298289437,2.0676425268640664,0.11543308121756798,0.00406673353246405,995933266.4675362,37.51000000000001,37.50787739531003,2.7963438281421222,0.6310687312972734,inf,0,0,0,0,-1,inf,0,-1,0,0,-1,0,0,6080,119,0,0,2703,3258,1.638089197511475,3.8831112232401495,False
following_lateral_offset,P3,15009,40,4.0,0.5,15.546833298289437,2.0676425268640664,0.11543308121756798,0.00406673353246405,995933266.4675362,37.51000000000001,37.50787739531003,2.7963438281421222,0.6310687312972734,inf,0,0,0,0,-1,inf,0,-1,0,0,-1,0,0,6080,119,0,0,2703,3258,1.638089197511475,3.8831112232401495,False
following_lateral_offset,P4,15009,40,4.0,0.5,18.39059628983503,16.137508032910766,0.006622290127602305,3.537388296892728e-20,1000000000.0,36.731666666666676,36.72134091064415,3.428750452465703,1.0704731920440511,inf,0,0,0,0,-1,inf,0,-1,0,0,-1,0,0,6080,431,0,0,2364,3285,1.638089197511475,3.8831112232401495,False
following_lateral_offset,P0,15010,40,4.0,0.5,16.254763699298696,5.065358994687266,0.06501394861161743,0.0005693257760153297,999430674.2239845,36.65999999999999,36.65999999999999,3.62154663092995,0.8311801366484534,inf,0,0,0,0,-1,inf,0,-1,0,0,-1,0,0,6080,0,0,0,2572,3508,1.7875495615945431,4.117033358825645,False
following_lateral_offset,P1,15010,40,4.0,0.5,16.254763699298696,5.065358994687266,0.06501394861161743,0.0005693257760153297,999430674.2239845,36.65999999999999,36.65999999999999,3.62154663092995,0.8311801366484534,inf,0,0,0,0,-1,inf,0,-1,0,0,-1,0,0,6080,0,0,0,2572,3508,1.7875495615945431,4.117033358825645,False
following_lateral_offset,P2,15010,40,4.0,0.5,16.901340570364837,12.80852609103297,0.01824164376283857,1.305966053814471e-10,999999999.8694035,36.57999999999999,36.5780410315462,3.656223086207257,0.9508389275817667,inf,0,0,0,0,-1,inf,0,-1,0,0,-1,0,0,6080,95,0,0,2486,3499,1.7875495615945431,4.117033358825645,False
following_lateral_offset,P3,15010,40,4.0,0.5,16.208624563662028,4.744069661749705,0.06845500105854532,0.0007267551959646935,999273244.8040352,36.69,36.69,3.5938976056643592,0.8301680798344563,inf,0,0,0,0,-1,inf,0,-1,0,0,-1,0,0,6080,0,0,0,2575,3505,1.7875495615945431,4.117033358825645,False
following_lateral_offset,P4,15010,40,4.0,0.5,16.901340570364837,12.80852609103297,0.01824164376283857,1.305966053814471e-10,999999999.8694035,36.57999999999999,36.5780410315462,3.656223086207257,0.9508389275817667,inf,0,0,0,0,-1,inf,0,-1,0,0,-1,0,0,6080,95,0,0,2486,3499,1.7875495615945431,4.117033358825645,False
following_lateral_offset,P0,15011,40,4.0,0.5,14.74871205974261,-8.205914385104077,0.14749372295533017,0.026128602342062456,973871397.6579376,37.48999999999999,37.48999999999999,2.874038969812355,0.6009523968285794,inf,0,0,0,0,-1,inf,0,-1,0,0,-1,0,0,6080,0,0,0,2728,3352,1.7477541353049002,3.975544140041761,False
following_lateral_offset,P1,15011,40,4.0,0.5,14.74871205974261,-8.205914385104077,0.14749372295533017,0.026128602342062456,973871397.6579376,37.48999999999999,37.48999999999999,2.874038969812355,0.6009523968285794,inf,0,0,0,0,-1,inf,0,-1,0,0,-1,0,0,6080,0,0,0,2728,3352,1.7477541353049002,3.975544140041761,False
following_lateral_offset,P2,15011,40,4.0,0.5,15.984585032383217,4.350297505032124,0.08260697645609062,0.0010831854023345112,998916814.5976654,37.44,37.437502146646366,2.847543090012529,0.5618298205274985,inf,0,0,0,0,-1,inf,0,-1,0,0,-1,0,0,6080,145,0,0,2593,3342,1.7477541353049002,3.975544140041761,False
following_lateral_offset,P3,15011,40,4.0,0.5,16.073235439381648,1.5821102489124286,0.0744638879414308,0.0039606379115599746,996039362.08844,37.24000000000003,37.23785444354133,3.0403503111957852,0.7290716038670099,inf,0,0,0,0,-1,inf,0,-1,0,0,-1,0,0,6080,122,0,0,2574,3384,1.7477541353049002,3.975544140041761,False
following_lateral_offset,P4,15011,40,4.0,0.5,15.984585032383217,4.350297505032124,0.08260697645609062,0.0010831854023345112,998916814.5976654,37.44,37.437502146646366,2.847543090012529,0.5618298205274985,inf,0,0,0,0,-1,inf,0,-1,0,0,-1,0,0,6080,145,0,0,2593,3342,1.7477541353049002,3.975544140041761,False
following_lateral_offset,P0,15012,40,4.0,0.5,15.248886009565718,-4.524648357657984,0.11887171938206835,0.02069355430019237,979306445.6998078,37.27,37.26951087329703,3.081046549727915,0.7220408265326549,inf,0,0,0,0,-1,inf,0,-1,0,0,-1,0,0,6080,23,0,0,2782,3275,1.59936882192798,3.7844504347352057,False
following_lateral_offset,P1,15012,40,4.0,0.5,15.248886009565718,-4.524648357657984,0.11887171938206835,0.02069355430019237,979306445.6998078,37.27,37.26951087329703,3.081046549727915,0.7220408265326549,inf,0,0,0,0,-1,inf,0,-1,0,0,-1,0,0,6080,23,0,0,2782,3275,1.59936882192798,3.7844504347352057,False
following_lateral_offset,P2,15012,40,4.0,0.5,15.379315503384982,-1.3274632108794684,0.1182882823045682,0.015778064012365412,984221935.9876347,37.27,37.26951087329703,3.081046549727915,0.7160142262850631,inf,0,0,0,0,-1,inf,0,-1,0,0,-1,0,0,6080,23,0,0,2782,3275,1.59936882192798,3.7844504347352057,False
following_lateral_offset,P3,15012,40,4.0,0.5,15.379315503384982,-1.3274632108794684,0.1182882823045682,0.015778064012365412,984221935.9876347,37.27,37.26951087329703,3.081046549727915,0.7160142262850631,inf,0,0,0,0,-1,inf,0,-1,0,0,-1,0,0,6080,23,0,0,2782,3275,1.59936882192798,3.7844504347352057,False
following_lateral_offset,P4,15012,40,4.0,0.5,19.117623345164382,16.137508032910766,0.005823562125032516,2.0985470945021147e-20,1000000000.0,36.223333333333336,36.2065885671417,3.891151379358278,1.351877070026177,inf,0,0,0,0,-1,inf,0,-1,0,0,-1,0,0,6080,583,0,0,2204,3293,1.59936882192798,3.7844504347352057,False
following_lateral_offset,P0,15013,40,4.0,0.5,14.476138521152132,-10.927734952336031,0.15370093787745662,0.03220898544038664,967791014.5596135,37.59999999999999,37.59999999999999,2.7784887978899717,0.5114285864691801,inf,0,0,0,0,-1,inf,0,-1,0,0,-1,0,0,6080,0,0,0,2801,3279,1.766201502272724,3.9559436272319433,False
following_lateral_offset,P1,15013,40,4.0,0.5,14.476138521152132,-10.927734952336031,0.15370093787745662,0.03220898544038664,967791014.5596135,37.59999999999999,37.59999999999999,2.7784887978899717,0.5114285864691801,inf,0,0,0,0,-1,inf,0,-1,0,0,-1,0,0,6080,0,0,0,2801,3279,1.766201502272724,3.9559436272319433,False
following_lateral_offset,P2,15013,40,4.0,0.5,15.972037576754037,7.434297105083427,0.07721627432922337,7.27262750915019e-05,999927273.7249085,37.509999999999984,37.50407970476456,2.7745560015330906,0.565489049246325,inf,0,0,0,0,-1,inf,0,-1,0,0,-1,0,0,6080,175,0,0,2641,3264,1.766201502272724,3.9559436272319433,False
following_lateral_offset,P3,15013,40,4.0,0.5,15.374571142947378,0.5699394382841803,0.13106667264522126,0.00700208223297088,992997917.7670292,37.539999999999985,37.53820572170165,2.780397101931219,0.5218103864694957,inf,0,0,0,0,-1,inf,0,-1,0,0,-1,0,0,6080,93,0,0,2711,3276,1.766201502272724,3.9559436272319433,False
following_lateral_offset,P4,15013,40,4.0,0.5,15.374571142947378,0.5699394382841803,0.13106667264522126,0.00700208223297088,992997917.7670292,37.539999999999985,37.53820572170165,2.780397101931219,0.5218103864694957,inf,0,0,0,0,-1,inf,0,-1,0,0,-1,0,0,6080,93,0,0,2711,3276,1.766201502272724,3.9559436272319433,False
following_lateral_offset,P0,15014,40,4.0,0.5,13.777245312321346,-27.59708496475681,0.1427875619982657,0.03716352826504729,962836471.7349527,37.599999999999994,37.59756361268156,2.824045312289198,0.604183683675515,inf,0,0,0,0,-1,inf,0,-1,0,0,-1,0,0,6080,75,0,0,2840,3165,1.6227211704508258,3.8131753024748334,False
following_lateral_offset,P1,15014,40,4.0,0.5,13.777245312321346,-27.59708496475681,0.1427875619982657,0.03716352826504729,962836471.7349527,37.599999999999994,37.59756361268156,2.824045312289198,0.604183683675515,inf,0,0,0,0,-1,inf,0,-1,0,0,-1,0,0,6080,75,0,0,2840,3165,1.6227211704508258,3.8131753024748334,False
following_lateral_offset,P2,15014,40,4.0,0.5,17.441045208284113,13.683485809154151,0.012093807896911753,9.151821800344944e-13,999999999.9990848,36.99999999999999,36.98890347338757,3.1966655479976787,0.8540262930403507,inf,0,0,0,0,-1,inf,0,-1,0,0,-1,0,0,6080,337,0,0,2464,3279,1.6227211704508258,3.8131753024748334,False
following_lateral_offset,P3,15014,40,4.0,0.5,16.355093560744535,3.6704718596562103,0.0544103663003197,0.001220702409409272,998779297.5905907,37.209999999999994,37.207108273562646,3.046477143783542,0.7572443109377445,inf,0,0,0,0,-1,inf,0,-1,0,0,-1,0,0,6080,169,0,0,2603,3308,1.6227211704508258,3.8131753024748334,False
following_lateral_offset,P4,15014,40,4.0,0.5,14.656492025035572,-15.918580896156612,0.13597860234105738,0.027085939322934842,972914060.6770653,37.59999999999998,37.59953037605793,2.7657578931297,0.5549998245805695,inf,0,0,0,0,-1,inf,0,-1,1,1,39,0,0,6080,23,0,0,2883,3174,1.6227211704508258,3.8131753024748334,False
following_lateral_offset,P0,15015,40,4.0,0.5,15.69681995602057,0.7084007890395476,0.10893012295775244,0.006188042872799997,993811957.1271999,37.01,37.01,3.3015299483724223,0.9526857257165728,inf,0,0,0,0,-1,inf,0,-1,0,0,-1,0,0,6080,0,0,0,2638,3442,1.7795284872409582,3.965218208658702,False
following_lateral_offset,P1,15015,40,4.0,0.5,15.69681995602057,0.7084007890395476,0.10893012295775244,0.006188042872799997,993811957.1271999,37.01,37.01,3.3015299483724223,0.9526857257165728,inf,0,0,0,0,-1,inf,0,-1,0,0,-1,0,0,6080,0,0,0,2638,3442,1.7795284872409582,3.965218208658702,False
following_lateral_offset,P2,15015,40,4.0,0.5,16.023676144503224,2.5221826015522417,0.08711565950061587,0.0029460598700342126,997053940.1299658,36.98,36.97906353818825,3.30936493052455,0.9098436583471327,inf,0,0,0,0,-1,inf,0,-1,0,0,-1,0,0,6080,51,0,0,2590,3439,1.7795284872409582,3.965218208658702,False
following_lateral_offset,P3,15015,40,4.0,0.5,16.71651267761656,10.803208342121227,0.027243351422358265,9.540080038067335e-08,999999904.5991997,36.93000000000001,36.92751772085263,3.3151461566493987,0.9006144925625499,inf,0,0,0,0,-1,inf,0,-1,0,0,-1,0,0,6080,142,0,0,2503,3435,1.7795284872409582,3.965218208658702,False
following_lateral_offset,P4,15015,40,4.0,0.5,16.800220406027726,11.561178993720297,0.023345613351411495,1.001773048602415e-08,999999989.9822695,36.849999999999994,36.84750281801178,3.3895032074181044,0.9329795078309353,inf,0,0,0,0,-1,inf,0,-1,0,0,-1,0,0,6080,142,0,0,2498,3440,1.7795284872409582,3.965218208658702,False
following_lateral_offset,P0,15016,40,4.0,0.5,14.645432913418778,-7.973422517544769,0.15464907041205891,0.025614167559487106,974385832.4405129,37.480000000000025,37.480000000000025,2.8827764394763378,0.6198639591863871,inf,0,0,0,0,-1,inf,0,-1,0,0,-1,0,0,6080,0,0,0,2691,3389,1.8109798780404769,4.01727152529453,False
following_lateral_offset,P1,15016,40,4.0,0.5,14.645432913418778,-7.973422517544769,0.15464907041205891,0.025614167559487106,974385832.4405129,37.480000000000025,37.480000000000025,2.8827764394763378,0.6198639591863871,inf,0,0,0,0,-1,inf,0,-1,0,0,-1,0,0,6080,0,0,0,2691,3389,1.8109798780404769,4.01727152529453,False
following_lateral_offset,P2,15016,40,4.0,0.5,16.5213824789006,9.337129385329874,0.03641879322644453,2.585748361322241e-06,999997414.2516388,37.310000000000024,37.30680201807766,2.9465517106329857,0.6858348987832149,inf,0,0,0,0,-1,inf,0,-1,0,0,-1,0,0,6080,195,0,0,2487,3398,1.8109798780404769,4.01727152529453,False
following_lateral_offset,P3,15016,40,4.0,0.5,15.515770579871788,0.5097371724535549,0.12362383874778496,0.00841727422879776,991582725.7712021,37.36000000000003,37.35867158136938,2.9596204707924803,0.6406731656909473,inf,0,0,0,0,-1,inf,0,-1,0,0,-1,0,0,6080,85,0,0,2586,3409,1.8109798780404769,4.01727152529453,False
following_lateral_offset,P4,15016,40,4.0,0.5,16.114520889107006,2.625406710331035,0.06507737510317692,0.0020126274955533483,997987372.5044467,37.31000000000001,37.307006999630175,2.9549875029241046,0.6908886359444505,inf,0,0,0,0,-1,inf,0,-1,0,0,-1,0,0,6080,165,0,0,2510,3405,1.8109798780404769,4.01727152529453,False
following_lateral_offset,P0,15017,40,4.0,0.5,14.153349305080898,-10.154428846979275,0.17652453933821538,0.03407601189275534,965923988.1072447,37.56999999999998,37.56999999999998,2.8044429036798206,0.5892437142890892,inf,0,0,0,0,-1,inf,0,-1,0,0,-1,0,0,6080,0,0,0,2882,3198,1.6497324450352906,3.8604211648494995,False
following_lateral_offset,P1,15017,40,4.0,0.5,14.153349305080898,-10.154428846979275,0.17652453933821538,0.03407601189275534,965923988.1072447,37.56999999999998,37.56999999999998,2.8044429036798206,0.5892437142890892,inf,0,0,0,0,-1,inf,0,-1,0,0,-1,0,0,6080,0,0,0,2882,3198,1.6497324450352906,3.8604211648494995,False
following_lateral_offset,P2,15017,40,4.0,0.5,16.370009225930467,8.630390806172255,0.04724188829503244,1.0838185227800476e-05,999989161.8147722,37.31999999999997,37.3165424161241,2.9300044418675633,0.7750260929459887,inf,0,0,0,0,-1,inf,0,-1,0,0,-1,0,0,6080,217,0,0,2658,3205,1.6497324450352906,3.8604211648494995,False
following_lateral_offset,P3,15017,40,4.0,0.5,15.280315853675114,-3.222450182275203,0.13224831780323262,0.014946181095944474,985053818.9040556,37.399999999999984,37.39826429668097,2.91553125401036,0.6607870214898002,inf,0,0,0,0,-1,inf,0,-1,0,0,-1,0,0,6080,109,0,0,2763,3208,1.6497324450352906,3.8604211648494995,False
following_lateral_offset,P4,15017,40,4.0,0.5,15.61173066581953,5.031151158310635,0.10714455620686478,0.0008347202311729323,999165279.7688271,37.41666666666665,37.41397839398091,2.8689414735867294,0.7084066949485306,inf,0,0,0,0,-1,inf,0,-1,0,0,-1,0,0,6080,141,0,0,2733,3206,1.6497324450352906,3.8604211648494995,False
following_lateral_offset,P0,15018,40,4.0,0.5,13.440462849033327,-21.496971888858926,0.17204898318575937,0.04392186457480045,956078135.4251995,37.64999999999999,37.64898286182401,2.765148320336212,0.664415597405199,inf,0,0,0,0,-1,inf,0,-1,0,0,-1,0,0,6080,46,0,0,3009,3025,1.7498627482627356,3.9444650579306924,False
following_lateral_offset,P1,15018,40,4.0,0.5,13.440462849033327,-21.496971888858926,0.17204898318575937,0.04392186457480045,956078135.4251995,37.64999999999999,37.64898286182401,2.765148320336212,0.664415597405199,inf,0,0,0,0,-1,inf,0,-1,0,0,-1,0,0,6080,46,0,0,3009,3025,1.7498627482627356,3.9444650579306924,False
following_lateral_offset,P2,15018,40,4.0,0.5,17.15037038521207,12.440143837265285,0.01608190118021448,3.923534624503446e-10,999999999.6076466,37.289999999999985,37.279819096861786,2.9170681961757636,0.7715715297706731,inf,0,0,0,0,-1,inf,0,-1,0,0,-1,0,0,6080,357,0,0,2618,3105,1.7498627482627356,3.9444650579306924,False
following_lateral_offset,P3,15018,40,4.0,0.5,16.04533730102205,2.472019241479135,0.07176505284401254,0.0021546578850041723,997845342.1149957,37.31999999999999,37.31692021574542,2.9395532733695244,0.8123974760550968,inf,0,0,0,0,-1,inf,0,-1,0,0,-1,0,0,6080,191,0,0,2749,3140,1.7498627482627356,3.9444650579306924,False
following_lateral_offset,P4,15018,40,4.0,0.5,13.440462849033327,-21.496971888858926,0.17204898318575937,0.04392186457480045,956078135.4251995,37.64999999999999,37.64898286182401,2.765148320336212,0.664415597405199,inf,0,0,0,0,-1,inf,0,-1,0,0,-1,0,0,6080,46,0,0,3009,3025,1.7498627482627356,3.9444650579306924,False
following_lateral_offset,P0,15019,40,4.0,0.5,14.992539085851444,-3.225323767587639,0.14495401256644144,0.017600221191625957,982399778.808374,37.25000000000002,37.25000000000002,3.0858548248418756,0.8737362747274657,inf,0,0,0,0,-1,inf,0,-1,0,0,-1,0,0,6080,0,0,0,2725,3355,1.7486208977068478,4.010405597993836,False
following_lateral_offset,P1,15019,40,4.0,0.5,14.992539085851444,-3.225323767587639,0.14495401256644144,0.017600221191625957,982399778.808374,37.25000000000002,37.25000000000002,3.0858548248418756,0.8737362747274657,inf,0,0,0,0,-1,inf,0,-1,0,0,-1,0,0,6080,0,0,0,2725,3355,1.7486208977068478,4.010405597993836,False
following_lateral_offset,P2,15019,40,4.0,0.5,16.027672066246517,6.54904612489856,0.07939674192660369,0.00019892467469544245,999801075.3253046,37.22,37.217839921011546,3.060595436562061,0.8095738595110774,inf,0,0,0,0,-1,inf,0,-1,0,0,-1,0,0,6080,120,0,0,2622,3338,1.7486208977068478,4.010405597993836,False
following_lateral_offset,P3,15019,40,4.0,0.5,16.53850815170626,10.339476860434907,0.03278863521331892,3.0714403976317697e-07,999999692.8559601,37.059999999999995,37.057070793598974,3.1859230663303433,0.9307850983106971,inf,0,0,0,0,-1,inf,0,-1,0,0,-1,0,0,6080,164,0,0,2568,3348,1.7486208977068478,4.010405597993836,False
following_lateral_offset,P4,15019,40,4.0,0.5,18.977121486244506,16.13407088197926,0.006005755652525045,3.9440245180844273e-20,1000000000.0,36.64000000000003,36.62357075198285,3.48694933508985,1.1839261635124199,inf,0,0,0,0,-1,inf,0,-1,0,0,-1,0,0,6080,581,0,0,2225,3274,1.7486208977068478,4.010405597993836,False
lane_choice,P0,15000,40,4.0,0.5,-1.4841772517946121,-13.800125353527465,0.7112488585418857,0.27149979741639463,728500202.5836054,12.99999999999999,12.882786325056207,16.782438462261936,inf,1.5013499953110632,0,0,0,0,-1,inf,0,-1,0,0,-1,0,0,6080,1879,0,1762,0,2439,1.649674481586056,3.9807249007015764,False
lane_choice,P1,15000,40,4.0,0.5,11.415283391778742,7.917465961148334,0.19749853001493048,9.757018575009277e-05,999902429.81425,12.999999999999991,12.91210617836171,16.755131274768452,6.1060366622275195,1.5001885304115121,0,0,0,0,-1,inf,0,-1,0,0,-1,0,0,6080,1784,0,1780,0,2516,1.649674481586056,3.9807249007015764,False
lane_choice,P2,15000,40,4.0,0.5,12.008701804632036,8.229738049872287,0.15881413145339823,3.739474708985757e-05,999962605.2529103,12.999999999999991,12.904499009576284,16.74847084715829,6.1060366622275195,1.5001177930900464,0,0,0,0,-1,inf,0,-1,0,0,-1,0,0,6080,1612,0,1861,0,2607,1.649674481586056,3.9807249007015764,False
lane_choice,P3,15000,40,4.0,0.5,11.415283391778742,7.917465961148334,0.19749853001493048,9.757018575009277e-05,999902429.81425,12.999999999999991,12.91210617836171,16.755131274768452,6.1060366622275195,1.5001885304115121,0,0,0,0,-1,inf,0,-1,0,0,-1,0,0,6080,1784,0,1780,0,2516,1.649674481586056,3.9807249007015764,False
lane_choice,P4,15000,40,4.0,0.5,12.011930681626641,8.339167020023577,0.15681014940403565,3.197086409443261e-05,999968029.1359055,12.99999999999999,12.903358507552323,16.74847084715829,6.1060366622275195,1.508038196389593,0,0,0,0,-1,inf,0,-1,0,0,-1,0,0,6080,1616,0,1788,0,2676,1.649674481586056,3.9807249007015764,False
lane_choice,P0,15001,40,4.0,0.5,-1.4841772517946121,-13.800125353527465,0.7112488585418857,0.27149979741639463,728500202.5836054,12.99999999999999,12.882786325056207,16.782438462261936,inf,1.5013499953110632,0,0,0,0,-1,inf,0,-1,0,0,-1,0,0,6080,1879,0,1762,0,2439,1.8292554926996782,4.262830557993312,False
lane_choice,P1,15001,40,4.0,0.5,11.415283391778742,7.917465961148334,0.19749853001493048,9.757018575009277e-05,999902429.81425,12.999999999999991,12.91210617836171,16.755131274768452,6.1060366622275195,1.5001885304115121,0,0,0,0,-1,inf,0,-1,0,0,-1,0,0,6080,1784,0,1780,0,2516,1.8292554926996782,4.262830557993312,False
lane_choice,P2,15001,40,4.0,0.5,12.011930681626641,8.339167020023577,0.15681014940403565,3.197086409443261e-05,999968029.1359055,12.99999999999999,12.903358507552323,16.74847084715829,6.1060366622275195,1.508038196389593,0,0,0,0,-1,inf,0,-1,0,0,-1,0,0,6080,1616,0,1788,0,2676,1.8292554926996782,4.262830557993312,False
lane_choice,P3,15001,40,4.0,0.5,12.076728932495755,9.263228055490746,0.13843144961890505,8.18915618597111e-06,999991810.8438139,12.99999999999999,12.911716648644994,16.757163456939804,6.1060366622275195,1.5028868179940864,0,0,0,0,-1,inf,0,-1,0,0,-1,0,0,6080,1729,0,1751,0,2600,1.8292554926996782,4.262830557993312,False
lane_choice,P4,15001,40,4.0,0.5,12.011930681626641,8.339167020023577,0.15681014940403565,3.197086409443261e-05,999968029.1359055,12.99999999999999,12.903358507552323,16.74847084715829,6.1060366622275195,1.508038196389593,0,0,0,0,-1,inf,0,-1,0,0,-1,0,0,6080,1616,0,1788,0,2676,1.8292554926996782,4.262830557993312,False
lane_choice,P0,15002,40,4.0,0.5,-1.4841772517946121,-13.800125353527465,0.7112488585418857,0.27149979741639463,728500202.5836054,12.99999999999999,12.882786325056207,16.782438462261936,inf,1.5013499953110632,0,0,0,0,-1,inf,0,-1,0,0,-1,0,0,6080,1879,0,1762,0,2439,2.008957958564018,4.630339818696669,False
lane_choice,P1,15002,40,4.0,0.5,11.415283391778742,7.917465961148334,0.19749853001493048,9.757018575009277e-05,999902429.81425,12.999999999999991,12.91210617836171,16.755131274768452,6.1060366622275195,1.5001885304115121,0,0,0,0,-1,inf,0,-1,0,0,-1,0,0,6080,1784,0,1780,0,2516,2.008957958564018,4.630339818696669,False
lane_choice,P2,15002,40,4.0,0.5,12.011930681626641,8.339167020023577,0.15681014940403565,3.197086409443261e-05,999968029.1359055,12.99999999999999,12.903358507552323,16.74847084715829,6.1060366622275195,1.508038196389593,0,0,0,0,-1,inf,0,-1,0,0,-1,0,0,6080,1616,0,1788,0,2676,2.008957958564018,4.630339818696669,False
lane_choice,P3,15002,40,4.0,0.5,11.745317892373032,8.685339274074892,0.16510820070869772,2.59492303891247e-05,999974050.769611,12.999999999999996,12.910190221619104,16.75414086214862,6.1060366622275195,1.5000540543503091,0,0,0,0,-1,inf,0,-1,0,0,-1,0,0,6080,1704,0,1816,0,2560,2.008957958564018,4.630339818696669,False
lane_choice,P4,15002,40,4.0,0.5,12.011930681626641,8.339167020023577,0.15681014940403565,3.197086409443261e-05,999968029.1359055,12.99999999999999,12.903358507552323,16.74847084715829,6.1060366622275195,1.508038196389593,0,0,0,0,-1,inf,0,-1,0,0,-1,0,0,6080,1616,0,1788,0,2676,2.008957958564018,4.630339818696669,False
lane_choice,P0,15003,40,4.0,0.5,-1.4841772517946121,-13.800125353527465,0.7112488585418857,0.27149979741639463,728500202.5836054,12.99999999999999,12.882786325056207,16.782438462261936,inf,1.5013499953110632,0,0,0,0,-1,inf,0,-1,0,0,-1,0,0,6080,1879,0,1762,0,2439,1.728947102137066,4.132884947513448,False
lane_choice,P1,15003,40,4.0,0.5,11.415283391778742,7.917465961148334,0.19749853001493048,9.757018575009277e-05,999902429.81425,12.999999999999991,12.91210617836171,16.755131274768452,6.1060366622275195,1.5001885304115121,0,0,0,0,-1,inf,0,-1,0,0,-1,0,0,6080,1784,0,1780,0,2516,1.728947102137066,4.132884947513448,False
lane_choice,P2,15003,40,4.0,0.5,12.011930681626641,8.339167020023577,0.15681014940403565,3.197086409443261e-05,999968029.1359055,12.99999999999999,12.903358507552323,16.74847084715829,6.1060366622275195,1.508038196389593,0,0,0,0,-1,inf,0,-1,0,0,-1,0,0,6080,1616,0,1788,0,2676,1.728947102137066,4.132884947513448,False
lane_choice,P3,15003,40,4.0,0.5,11.745317892373032,8.685339274074892,0.16510820070869772,2.59492303891247e-05,999974050.769611,12.999999999999996,12.910190221619104,16.75414086214862,6.1060366622275195,1.5000540543503091,0,0,0,0,-1,inf,0,-1,0,0,-1,0,0,6080,1704,0,1816,0,2560,1.728947102137066,4.132884947513448,False
lane_choice,P4,15003,40,4.0,0.5,12.011930681626641,8.339167020023577,0.15681014940403565,3.197086409443261e-05,999968029.1359055,12.99999999999999,12.903358507552323,16.74847084715829,6.1060366622275195,1.508038196389593,0,0,0,0,-1,inf,0,-1,0,0,-1,0,0,6080,1616,0,1788,0,2676,1.728947102137066,4.132884947513448,False
lane_choice,P0,15004,40,4.0,0.5,-1.4841772517946121,-13.800125353527465,0.7112488585418857,0.27149979741639463,728500202.5836054,12.99999999999999,12.882786325056207,16.782438462261936,inf,1.5013499953110632,0,0,0,0,-1,inf,0,-1,0,0,-1,0,0,6080,1879,0,1762,0,2439,1.7703965073196195,4.2130087649858785,False
lane_choice,P1,15004,40,4.0,0.5,11.415283391778742,7.917465961148334,0.19749853001493048,9.757018575009277e-05,999902429.81425,12.999999999999991,12.91210617836171,16.755131274768452,6.1060366622275195,1.5001885304115121,0,0,0,0,-1,inf,0,-1,0,0,-1,0,0,6080,1784,0,1780,0,2516,1.7703965073196195,4.2130087649858785,False
lane_choice,P2,15004,40,4.0,0.5,11.692534694579816,7.737611167851467,0.18323134530947305,8.033966742415669e-05,999919660.332576,12.99999999999999,12.90094040479751,16.74537999526075,6.1060366622275195,1.5026651257413706,0,0,0,0,-1,inf,0,-1,0,0,-1,0,0,6080,1577,0,1866,0,2637,1.7703965073196195,4.2130087649858785,False
lane_choice,P3,15004,40,4.0,0.5,11.967059743362135,8.4329418123197,0.15864271967860538,2.849008523015281e-05,999971509.9147699,12.999999999999993,12.90133401449049,16.747476673586238,6.1060366622275195,1.5092503614896562,0,0,0,0,-1,inf,0,-1,0,0,-1,0,0,6080,1585,0,1817,0,2678,1.7703965073196195,4.2130087649858785,False
lane_choice,P4,15004,40,4.0,0.5,12.011930681626641,8.339167020023577,0.15681014940403565,3.197086409443261e-05,999968029.1359055,12.99999999999999,12.903358507552323,16.74847084715829,6.1060366622275195,1.508038196389593,0,0,0,0,-1,inf,0,-1,0,0,-1,0,0,6080,1616,0,1788,0,2676,1.7703965073196195,4.2130087649858785,False
lane_choice,P0,15005,40,4.0,0.5,-1.4841772517946121,-13.800125353527465,0.7112488585418857,0.27149979741639463,728500202.5836054,12.99999999999999,12.882786325056207,16.782438462261936,inf,1.5013499953110632,0,0,0,0,-1,inf,0,-1,0,0,-1,0,0,6080,1879,0,1762,0,2439,1.8550941879393488,4.36707037215241,False
lane_choice,P1,15005,40,4.0,0.5,11.774571468909128,8.864510842673633,0.1650053882993474,2.0320664283531382e-05,999979679.3357166,12.999999999999991,12.90832076244491,16.74847084715829,6.1060366622275195,1.5014545503952075,0,0,0,0,-1,inf,0,-1,0,0,-1,0,0,6080,1691,0,1829,0,2560,1.8550941879393488,4.36707037215241,False
lane_choice,P2,15005,40,4.0,0.5,9.442138725861042,5.261737385831458,0.42628233700490614,0.0032248009077124316,996775199.0922874,12.99999999999999,12.898306838071617,16.743070553705927,6.1060366622275195,1.5008971974299756,0,0,0,0,-1,inf,0,-1,0,0,-1,0,0,6080,1770,0,1799,0,2511,1.8550941879393488,4.36707037215241,False
lane_choice,P3,15005,40,4.0,0.5,11.644041212935715,7.922005714062466,0.18339310862800912,6.358736524925005e-05,999936412.6347507,12.999999999999996,12.897657439087379,16.744258271972367,6.1060366622275195,1.5134672466476218,0,0,0,0,-1,inf,0,-1,0,0,-1,0,0,6080,1596,0,1826,0,2658,1.8550941879393488,4.36707037215241,False
lane_choice,P4,15005,40,4.0,0.5,12.011930681626641,8.339167020023577,0.15681014940403565,3.197086409443261e-05,999968029.1359055,12.99999999999999,12.903358507552323,16.74847084715829,6.1060366622275195,1.508038196389593,0,0,0,0,-1,inf,0,-1,0,0,-1,0,0,6080,1616,0,1788,0,2676,1.8550941879393488,4.36707037215241,False
lane_choice,P0,15006,40,4.0,0.5,-1.4841772517946121,-13.800125353527465,0.7112488585418857,0.27149979741639463,728500202.5836054,12.99999999999999,12.882786325056207,16.782438462261936,inf,1.5013499953110632,0,0,0,0,-1,inf,0,-1,0,0,-1,0,0,6080,1879,0,1762,0,2439,1.6740155964770103,3.9817003595050124,False
lane_choice,P1,15006,40,4.0,0.5,11.415283391778742,7.917465961148334,0.19749853001493048,9.757018575009277e-05,999902429.81425,12.999999999999991,12.91210617836171,16.755131274768452,6.1060366622275195,1.5001885304115121,0,0,0,0,-1,inf,0,-1,0,0,-1,0,0,6080,1784,0,1780,0,2516,1.6740155964770103,3.9817003595050124,False
lane_choice,P2,15006,40,4.0,0.5,12.030364578987355,8.274701614065629,0.15568613803943815,3.5044396621258736e-05,999964955.6033787,12.999999999999991,12.904611142055042,16.74847084715829,6.1060366622275195,1.5070833792626344,0,0,0,0,-1,inf,0,-1,0,0,-1,0,0,6080,1621,0,1786,0,2673,1.6740155964770103,3.9817003595050124,False
lane_choice,P3,15006,40,4.0,0.5,11.415283391778742,7.917465961148334,0.19749853001493048,9.757018575009277e-05,999902429.81425,12.999999999999991,12.91210617836171,16.755131274768452,6.1060366622275195,1.5001885304115121,0,0,0,0,-1,inf,0,-1,0,0,-1,0,0,6080,1784,0,1780,0,2516,1.6740155964770103,3.9817003595050124,False
lane_choice,P4,15006,40,4.0,0.5,12.011930681626641,8.339167020023577,0.15681014940403565,3.197086409443261e-05,999968029.1359055,12.99999999999999,12.903358507552323,16.74847084715829,6.1060366622275195,1.508038196389593,0,0,0,0,-1,inf,0,-1,0,0,-1,0,0,6080,1616,0,1788,0,2676,1.6740155964770103,3.9817003595050124,False
lane_choice,P0,15007,40,4.0,0.5,-1.4841772517946121,-13.800125353527465,0.7112488585418857,0.27149979741639463,728500202.5836054,12.99999999999999,12.882786325056207,16.782438462261936,inf,1.5013499953110632,0,0,0,0,-1,inf,0,-1,0,0,-1,0,0,6080,1879,0,1762,0,2439,1.815551637675488,4.306373864150535,False
lane_choice,P1,15007,40,4.0,0.5,11.415283391778742,7.917465961148334,0.19749853001493048,9.757018575009277e-05,999902429.81425,12.999999999999991,12.91210617836171,16.755131274768452,6.1060366622275195,1.5001885304115121,0,0,0,0,-1,inf,0,-1,0,0,-1,0,0,6080,1784,0,1780,0,2516,1.815551637675488,4.306373864150535,False
lane_choice,P2,15007,40,4.0,0.5,12.006669292576891,8.339167020023577,0.15719914595329887,3.211108957552374e-05,999967888.9104245,12.99999999999999,12.903343972408566,16.74847084715829,6.1060366622275195,1.5076951843659407,0,0,0,0,-1,inf,0,-1,0,0,-1,0,0,6080,1600,0,1804,0,2676,1.815551637675488,4.306373864150535,False
lane_choice,P3,15007,40,4.0,0.5,11.415283391778742,7.917465961148334,0.19749853001493048,9.757018575009277e-05,999902429.81425,12.999999999999991,12.91210617836171,16.755131274768452,6.1060366622275195,1.5001885304115121,0,0,0,0,-1,inf,0,-1,0,0,-1,0,0,6080,1784,0,1780,0,2516,1.815551637675488,4.306373864150535,False
lane_choice,P4,15007,40,4.0,0.5,12.011930681626641,8.339167020023577,0.15681014940403565,3.197086409443261e-05,999968029.1359055,12.99999999999999,12.903358507552323,16.74847084715829,6.1060366622275195,1.508038196389593,0,0,0,0,-1,inf,0,-1,0,0,-1,0,0,6080,1616,0,1788,0,2676,1.815551637675488,4.306373864150535,False
lane_choice,P0,15008,40,4.0,0.5,-1.4841772517946121,-13.800125353527465,0.7112488585418857,0.27149979741639463,728500202.5836054,12.99999999999999,12.882786325056207,16.782438462261936,inf,1.5013499953110632,0,0,0,0,-1,inf,0,-1,0,0,-1,0,0,6080,1879,0,1762,0,2439,1.6389142043786642,4.035794492444502,False
lane_choice,P1,15008,40,4.0,0.5,11.415283391778742,7.917465961148334,0.19749853001493048,9.757018575009277e-05,999902429.81425,12.999999999999991,12.91210617836171,16.755131274768452,6.1060366622275195,1.5001885304115121,0,0,0,0,-1,inf,0,-1,0,0,-1,0,0,6080,1784,0,1780,0,2516,1.6389142043786642,4.035794492444502,False
lane_choice,P2,15008,40,4.0,0.5,12.008701804632036,8.229738049872287,0.15881413145339823,3.739474708985757e-05,999962605.2529103,12.999999999999991,12.904499009576284,16.74847084715829,6.1060366622275195,1.5001177930900464,0,0,0,0,-1,inf,0,-1,0,0,-1,0,0,6080,1612,0,1861,0,2607,1.6389142043786642,4.035794492444502,False
lane_choice,P3,15008,40,4.0,0.5,11.415283391778742,7.917465961148334,0.19749853001493048,9.757018575009277e-05,999902429.81425,12.999999999999991,12.91210617836171,16.755131274768452,6.1060366622275195,1.5001885304115121,0,0,0,0,-1,inf,0,-1,0,0,-1,0,0,6080,1784,0,1780,0,2516,1.6389142043786642,4.035794492444502,False
lane_choice,P4,15008,40,4.0,0.5,12.011930681626641,8.339167020023577,0.15681014940403565,3.197086409443261e-05,999968029.1359055,12.99999999999999,12.903358507552323,16.74847084715829,6.1060366622275195,1.508038196389593,0,0,0,0,-1,inf,0,-1,0,0,-1,0,0,6080,1616,0,1788,0,2676,1.6389142043786642,4.035794492444502,False
lane_choice,P0,15009,40,4.0,0.5,-1.4841772517946121,-13.800125353527465,0.7112488585418857,0.27149979741639463,728500202.5836054,12.99999999999999,12.882786325056207,16.782438462261936,inf,1.5013499953110632,0,0,0,0,-1,inf,0,-1,0,0,-1,0,0,6080,1879,0,1762,0,2439,1.7216598038848225,4.200261905416722,False
lane_choice,P1,15009,40,4.0,0.5,11.415283391778742,7.917465961148334,0.19749853001493048,9.757018575009277e-05,999902429.81425,12.999999999999991,12.91210617836171,16.755131274768452,6.1060366622275195,1.5001885304115121,0,0,0,0,-1,inf,0,-1,0,0,-1,0,0,6080,1784,0,1780,0,2516,1.7216598038848225,4.200261905416722,False
lane_choice,P2,15009,40,4.0,0.5,12.10846277555633,8.783780876789407,0.1467584698392844,1.6328797180109017e-05,999983671.2028201,12.99999999999999,12.905349679254607,16.74847084715829,6.1060366622275195,1.5010597912286787,0,0,0,0,-1,inf,0,-1,0,0,-1,0,0,6080,1617,0,1797,0,2666,1.7216598038848225,4.200261905416722,False
lane_choice,P3,15009,40,4.0,0.5,11.415283391778742,7.917465961148334,0.19749853001493048,9.757018575009277e-05,999902429.81425,12.999999999999991,12.91210617836171,16.755131274768452,6.1060366622275195,1.5001885304115121,0,0,0,0,-1,inf,0,-1,0,0,-1,0,0,6080,1784,0,1780,0,2516,1.7216598038848225,4.200261905416722,False
lane_choice,P4,15009,40,4.0,0.5,12.011930681626641,8.339167020023577,0.15681014940403565,3.197086409443261e-05,999968029.1359055,12.99999999999999,12.903358507552323,16.74847084715829,6.1060366622275195,1.508038196389593,0,0,0,0,-1,inf,0,-1,0,0,-1,0,0,6080,1616,0,1788,0,2676,1.7216598038848225,4.200261905416722,False
lane_choice,P0,15010,40,4.0,0.5,-1.4841772517946121,-13.800125353527465,0.7112488585418857,0.27149979741639463,728500202.5836054,12.99999999999999,12.882786325056207,16.782438462261936,inf,1.5013499953110632,0,0,0,0,-1,inf,0,-1,0,0,-1,0,0,6080,1879,0,1762,0,2439,1.8414214584696857,4.423991052042945,False
lane_choice,P1,15010,40,4.0,0.5,11.415283391778742,7.917465961148334,0.19749853001493048,9.757018575009277e-05,999902429.81425,12.999999999999991,12.91210617836171,16.755131274768452,6.1060366622275195,1.5001885304115121,0,0,0,0,-1,inf,0,-1,0,0,-1,0,0,6080,1784,0,1780,0,2516,1.8414214584696857,4.423991052042945,False
lane_choice,P2,15010,40,4.0,0.5,12.006669292576891,8.339167020023577,0.15719914595329887,3.211108957552374e-05,999967888.9104245,12.99999999999999,12.903343972408566,16.74847084715829,6.1060366622275195,1.5076951843659407,0,0,0,0,-1,inf,0,-1,0,0,-1,0,0,6080,1600,0,1804,0,2676,1.8414214584696857,4.423991052042945,False
lane_choice,P3,15010,40,4.0,0.5,12.076728932495755,9.263228055490746,0.13843144961890505,8.18915618597111e-06,999991810.8438139,12.99999999999999,12.911716648644994,16.757163456939804,6.1060366622275195,1.5028868179940864,0,0,0,0,-1,inf,0,-1,0,0,-1,0,0,6080,1729,0,1751,0,2600,1.8414214584696857,4.423991052042945,False
lane_choice,P4,15010,40,4.0,0.5,12.011930681626641,8.339167020023577,0.15681014940403565,3.197086409443261e-05,999968029.1359055,12.99999999999999,12.903358507552323,16.74847084715829,6.1060366622275195,1.508038196389593,0,0,0,0,-1,inf,0,-1,0,0,-1,0,0,6080,1616,0,1788,0,2676,1.8414214584696857,4.423991052042945,False
lane_choice,P0,15011,40,4.0,0.5,-1.4841772517946121,-13.800125353527465,0.7112488585418857,0.27149979741639463,728500202.5836054,12.99999999999999,12.882786325056207,16.782438462261936,inf,1.5013499953110632,0,0,0,0,-1,inf,0,-1,0,0,-1,0,0,6080,1879,0,1762,0,2439,1.8891145874597755,4.394991433133544,False
lane_choice,P1,15011,40,4.0,0.5,11.415283391778742,7.917465961148334,0.19749853001493048,9.757018575009277e-05,999902429.81425,12.999999999999991,12.91210617836171,16.755131274768452,6.1060366622275195,1.5001885304115121,0,0,0,0,-1,inf,0,-1,0,0,-1,0,0,6080,1784,0,1780,0,2516,1.8891145874597755,4.394991433133544,False
lane_choice,P2,15011,40,4.0,0.5,11.994151129574023,8.339167020023577,0.1581424021019724,3.244000943071595e-05,999967559.9905694,12.99999999999999,12.903343972408566,16.74847084715829,6.1060366622275195,1.5076951843659407,0,0,0,0,-1,inf,0,-1,0,0,-1,0,0,6080,1600,0,1804,0,2676,1.8891145874597755,4.394991433133544,False
lane_choice,P3,15011,40,4.0,0.5,11.745317892373032,8.685339274074892,0.16510820070869772,2.59492303891247e-05,999974050.769611,12.999999999999996,12.910190221619104,16.75414086214862,6.1060366622275195,1.5000540543503091,0,0,0,0,-1,inf,0,-1,0,0,-1,0,0,6080,1704,0,1816,0,2560,1.8891145874597755,4.394991433133544,False
lane_choice,P4,15011,40,4.0,0.5,12.011930681626641,8.339167020023577,0.15681014940403565,3.197086409443261e-05,999968029.1359055,12.99999999999999,12.903358507552323,16.74847084715829,6.1060366622275195,1.508038196389593,0,0,0,0,-1,inf,0,-1,0,0,-1,0,0,6080,1616,0,1788,0,2676,1.8891145874597755,4.394991433133544,False
lane_choice,P0,15012,40,4.0,0.5,-1.4841772517946121,-13.800125353527465,0.7112488585418857,0.27149979741639463,728500202.5836054,12.99999999999999,12.882786325056207,16.782438462261936,inf,1.5013499953110632,0,0,0,0,-1,inf,0,-1,0,0,-1,0,0,6080,1879,0,1762,0,2439,1.7215546000258442,4.132036440735199,False
lane_choice,P1,15012,40,4.0,0.5,11.415283391778742,7.917465961148334,0.19749853001493048,9.757018575009277e-05,999902429.81425,12.999999999999991,12.91210617836171,16.755131274768452,6.1060366622275195,1.5001885304115121,0,0,0,0,-1,inf,0,-1,0,0,-1,0,0,6080,1784,0,1780,0,2516,1.7215546000258442,4.132036440735199,False
lane_choice,P2,15012,40,4.0,0.5,12.004846002929833,8.39448333904421,0.15610001630200873,2.9520593791208425e-05,999970479.4062088,12.999999999999993,12.902589135019047,16.747476673586238,6.1060366622275195,1.5086487573915592,0,0,0,0,-1,inf,0,-1,0,0,-1,0,0,6080,1608,0,1796,0,2676,1.7215546000258442,4.132036440735199,False
lane_choice,P3,15012,40,4.0,0.5,12.076728932495755,9.263228055490746,0.13843144961890505,8.18915618597111e-06,999991810.8438139,12.99999999999999,12.911716648644994,16.757163456939804,6.1060366622275195,1.5028868179940864,0,0,0,0,-1,inf,0,-1,0,0,-1,0,0,6080,1729,0,1751,0,2600,1.7215546000258442,4.132036440735199,False
lane_choice,P4,15012,40,4.0,0.5,12.011930681626641,8.339167020023577,0.15681014940403565,3.197086409443261e-05,999968029.1359055,12.99999999999999,12.903358507552323,16.74847084715829,6.1060366622275195,1.508038196389593,0,0,0,0,-1,inf,0,-1,0,0,-1,0,0,6080,1616,0,1788,0,2676,1.7215546000258442,4.132036440735199,False
lane_choice,P0,15013,40,4.0,0.5,-1.4841772517946121,-13.800125353527465,0.7112488585418857,0.27149979741639463,728500202.5836054,12.99999999999999,12.882786325056207,16.782438462261936,inf,1.5013499953110632,0,0,0,0,-1,inf,0,-1,0,0,-1,0,0,6080,1879,0,1762,0,2439,1.8750042090334176,4.295805285838297,False
lane_choice,P1,15013,40,4.0,0.5,11.415283391778742,7.917465961148334,0.19749853001493048,9.757018575009277e-05,999902429.81425,12.999999999999991,12.91210617836171,16.755131274768452,6.1060366622275195,1.5001885304115121,0,0,0,0,-1,inf,0,-1,0,0,-1,0,0,6080,1784,0,1780,0,2516,1.8750042090334176,4.295805285838297,False
lane_choice,P2,15013,40,4.0,0.5,12.101132847578397,8.783780876789407,0.14732170842461895,1.6529403731088244e-05,999983470.5962689,12.99999999999999,12.905349679254607,16.74847084715829,6.1060366622275195,1.5010597912286787,0,0,0,0,-1,inf,0,-1,0,0,-1,0,0,6080,1602,0,1812,0,2666,1.8750042090334176,4.295805285838297,False
lane_choice,P3,15013,40,4.0,0.5,11.415283391778742,7.917465961148334,0.19749853001493048,9.757018575009277e-05,999902429.81425,12.999999999999991,12.91210617836171,16.755131274768452,6.1060366622275195,1.5001885304115121,0,0,0,0,-1,inf,0,-1,0,0,-1,0,0,6080,1784,0,1780,0,2516,1.8750042090334176,4.295805285838297,False
lane_choice,P4,15013,40,4.0,0.5,12.011930681626641,8.339167020023577,0.15681014940403565,3.197086409443261e-05,999968029.1359055,12.99999999999999,12.903358507552323,16.74847084715829,6.1060366622275195,1.508038196389593,0,0,0,0,-1,inf,0,-1,0,0,-1,0,0,6080,1616,0,1788,0,2676,1.8750042090334176,4.295805285838297,False
lane_choice,P0,15014,40,4.0,0.5,-1.4841772517946121,-13.800125353527465,0.7112488585418857,0.27149979741639463,728500202.5836054,12.99999999999999,12.882786325056207,16.782438462261936,inf,1.5013499953110632,0,0,0,0,-1,inf,0,-1,0,0,-1,0,0,6080,1879,0,1762,0,2439,1.6658550528625464,4.040942121384396,False
lane_choice,P1,15014,40,4.0,0.5,11.415283391778742,7.917465961148334,0.19749853001493048,9.757018575009277e-05,999902429.81425,12.999999999999991,12.91210617836171,16.755131274768452,6.1060366622275195,1.5001885304115121,0,0,0,0,-1,inf,0,-1,0,0,-1,0,0,6080,1784,0,1780,0,2516,1.6658550528625464,4.040942121384396,False
lane_choice,P2,15014,40,4.0,0.5,12.003633799522168,8.350570069085126,0.15675953905088255,3.134923525812653e-05,999968650.7647419,12.999999999999991,12.902939065224487,16.746449236149434,6.1060366622275195,1.5001257136001795,0,0,0,0,-1,inf,0,-1,0,0,-1,0,0,6080,1578,0,1891,0,2611,1.6658550528625464,4.040942121384396,False
lane_choice,P3,15014,40,4.0,0.5,11.415283391778742,7.917465961148334,0.19749853001493048,9.757018575009277e-05,999902429.81425,12.999999999999991,12.91210617836171,16.755131274768452,6.1060366622275195,1.5001885304115121,0,0,0,0,-1,inf,0,-1,0,0,-1,0,0,6080,1784,0,1780,0,2516,1.6658550528625464,4.040942121384396,False
lane_choice,P4,15014,40,4.0,0.5,12.011930681626641,8.339167020023577,0.15681014940403565,3.197086409443261e-05,999968029.1359055,12.99999999999999,12.903358507552323,16.74847084715829,6.1060366622275195,1.508038196389593,0,0,0,0,-1,inf,0,-1,0,0,-1,0,0,6080,1616,0,1788,0,2676,1.6658550528625464,4.040942121384396,False
lane_choice,P0,15015,40,4.0,0.5,-1.4841772517946121,-13.800125353527465,0.7112488585418857,0.27149979741639463,728500202.5836054,12.99999999999999,12.882786325056207,16.782438462261936,inf,1.5013499953110632,0,0,0,0,-1,inf,0,-1,0,0,-1,0,0,6080,1879,0,1762,0,2439,1.8910398438856024,4.359036561409913,False
lane_choice,P1,15015,40,4.0,0.5,11.745317892373032,8.685339274074892,0.16510820070869772,2.59492303891247e-05,999974050.769611,12.999999999999996,12.910190221619104,16.75414086214862,6.1060366622275195,1.5000540543503091,0,0,0,0,-1,inf,0,-1,0,0,-1,0,0,6080,1704,0,1816,0,2560,1.8910398438856024,4.359036561409913,False
lane_choice,P2,15015,40,4.0,0.5,10.377378381691624,6.359241483953542,0.32074078480850243,0.0010118365022896846,998988163.4977102,12.999999999999993,12.908228620119699,16.74847084715829,6.1060366622275195,1.5054522843923368,0,0,0,0,-1,inf,0,-1,0,0,-1,0,0,6080,1834,0,1711,0,2535,1.8910398438856024,4.359036561409913,False
lane_choice,P3,15015,40,4.0,0.5,11.724101155926135,8.71113664209406,0.16877881955397006,2.629946675616684e-05,999973700.5332439,12.999999999999995,12.906925786351799,16.751005614868024,6.1060366622275195,1.5002385066918666,0,0,0,0,-1,inf,0,-1,0,0,-1,0,0,6080,1670,0,1885,0,2525,1.8910398438856024,4.359036561409913,False
lane_choice,P4,15015,40,4.0,0.5,12.011930681626641,8.339167020023577,0.15681014940403565,3.197086409443261e-05,999968029.1359055,12.99999999999999,12.903358507552323,16.74847084715829,6.1060366622275195,1.508038196389593,0,0,0,0,-1,inf,0,-1,0,0,-1,0,0,6080,1616,0,1788,0,2676,1.8910398438856024,4.359036561409913,False
lane_choice,P0,15016,40,4.0,0.5,-1.4841772517946121,-13.800125353527465,0.7112488585418857,0.27149979741639463,728500202.5836054,12.99999999999999,12.882786325056207,16.782438462261936,inf,1.5013499953110632,0,0,0,0,-1,inf,0,-1,0,0,-1,0,0,6080,1879,0,1762,0,2439,1.875002078047911,4.29309322084531,False
lane_choice,P1,15016,40,4.0,0.5,11.435182525296545,8.012373056845629,0.19517708609454484,8.383575704004454e-05,999916164.24296,12.99999999999999,12.910819574708963,16.753017151880435,6.1060366622275195,1.501167547298801,0,0,0,0,-1,inf,0,-1,0,0,-1,0,0,6080,1768,0,1784,0,2528,1.875002078047911,4.29309322084531,False
lane_choice,P2,15016,40,4.0,0.5,11.688149806161638,7.78461867199141,0.18227791446486424,7.531207105671113e-05,999924687.9289434,12.999999999999995,12.900021753913492,16.744258271972367,6.1060366622275195,1.503391720901357,0,0,0,0,-1,inf,0,-1,0,0,-1,0,0,6080,1567,0,1874,0,2639,1.875002078047911,4.29309322084531,False
lane_choice,P3,15016,40,4.0,0.5,11.863250199052144,9.22089698890259,0.15799043770156984,1.4034168112434699e-05,999985965.8318875,12.999999999999998,12.904472044256531,16.747725155669244,6.1060366622275195,1.5002284245268873,0,0,0,0,-1,inf,0,-1,0,0,-1,0,0,6080,1618,0,1856,0,2606,1.875002078047911,4.29309322084531,False
lane_choice,P4,15016,40,4.0,0.5,12.011930681626641,8.339167020023577,0.15681014940403565,3.197086409443261e-05,999968029.1359055,12.99999999999999,12.903358507552323,16.74847084715829,6.1060366622275195,1.508038196389593,0,0,0,0,-1,inf,0,-1,0,0,-1,0,0,6080,1616,0,1788,0,2676,1.875002078047911,4.29309322084531,False
lane_choice,P0,15017,40,4.0,0.5,-1.4841772517946121,-13.800125353527465,0.7112488585418857,0.27149979741639463,728500202.5836054,12.99999999999999,12.882786325056207,16.782438462261936,inf,1.5013499953110632,0,0,0,0,-1,inf,0,-1,0,0,-1,0,0,6080,1879,0,1762,0,2439,1.772212189971428,4.2095508718758365,False
lane_choice,P1,15017,40,4.0,0.5,11.415283391778742,7.917465961148334,0.19749853001493048,9.757018575009277e-05,999902429.81425,12.999999999999991,12.91210617836171,16.755131274768452,6.1060366622275195,1.5001885304115121,0,0,0,0,-1,inf,0,-1,0,0,-1,0,0,6080,1784,0,1780,0,2516,1.772212189971428,4.2095508718758365,False
lane_choice,P2,15017,40,4.0,0.5,12.008701804632036,8.229738049872287,0.15881413145339823,3.739474708985757e-05,999962605.2529103,12.999999999999991,12.904499009576284,16.74847084715829,6.1060366622275195,1.5001177930900464,0,0,0,0,-1,inf,0,-1,0,0,-1,0,0,6080,1612,0,1861,0,2607,1.772212189971428,4.2095508718758365,False
lane_choice,P3,15017,40,4.0,0.5,12.076728932495755,9.263228055490746,0.13843144961890505,8.18915618597111e-06,999991810.8438139,12.99999999999999,12.911716648644994,16.757163456939804,6.1060366622275195,1.5028868179940864,0,0,0,0,-1,inf,0,-1,0,0,-1,0,0,6080,1729,0,1751,0,2600,1.772212189971428,4.2095508718758365,False
lane_choice,P4,15017,40,4.0,0.5,12.011930681626641,8.339167020023577,0.15681014940403565,3.197086409443261e-05,999968029.1359055,12.99999999999999,12.903358507552323,16.74847084715829,6.1060366622275195,1.508038196389593,0,0,0,0,-1,inf,0,-1,0,0,-1,0,0,6080,1616,0,1788,0,2676,1.772212189971428,4.2095508718758365,False
lane_choice,P0,15018,40,4.0,0.5,-1.4841772517946121,-13.800125353527465,0.7112488585418857,0.27149979741639463,728500202.5836054,12.99999999999999,12.882786325056207,16.782438462261936,inf,1.5013499953110632,0,0,0,0,-1,inf,0,-1,0,0,-1,0,0,6080,1879,0,1762,0,2439,1.818527263769576,4.23623287545256,False
lane_choice,P1,15018,40,4.0,0.5,11.415283391778742,7.917465961148334,0.19749853001493048,9.757018575009277e-05,999902429.81425,12.999999999999991,12.91210617836171,16.755131274768452,6.1060366622275195,1.5001885304115121,0,0,0,0,-1,inf,0,-1,0,0,-1,0,0,6080,1784,0,1780,0,2516,1.818527263769576,4.23623287545256,False
lane_choice,P2,15018,40,4.0,0.5,12.003801535674015,8.30317609867053,0.15770970069748805,3.362030996009836e-05,999966379.6900399,12.999999999999993,12.90378423508218,16.747476673586238,6.1060366622275195,1.5006896560409806,0,0,0,0,-1,inf,0,-1,0,0,-1,0,0,6080,1603,0,1869,0,2608,1.818527263769576,4.23623287545256,False
lane_choice,P3,15018,40,4.0,0.5,11.745317892373032,8.685339274074892,0.16510820070869772,2.59492303891247e-05,999974050.769611,12.999999999999996,12.910190221619104,16.75414086214862,6.1060366622275195,1.5000540543503091,0,0,0,0,-1,inf,0,-1,0,0,-1,0,0,6080,1704,0,1816,0,2560,1.818527263769576,4.23623287545256,False
lane_choice,P4,15018,40,4.0,0.5,12.011930681626641,8.339167020023577,0.15681014940403565,3.197086409443261e-05,999968029.1359055,12.99999999999999,12.903358507552323,16.74847084715829,6.1060366622275195,1.508038196389593,0,0,0,0,-1,inf,0,-1,0,0,-1,0,0,6080,1616,0,1788,0,2676,1.818527263769576,4.23623287545256,False
lane_choice,P0,15019,40,4.0,0.5,-1.4841772517946121,-13.800125353527465,0.7112488585418857,0.27149979741639463,728500202.5836054,12.99999999999999,12.882786325056207,16.782438462261936,inf,1.5013499953110632,0,0,0,0,-1,inf,0,-1,0,0,-1,0,0,6080,1879,0,1762,0,2439,1.8203285523707358,4.281639014270608,False
lane_choice,P1,15019,40,4.0,0.5,11.758934634062106,8.774627668072814,0.1643701125898196,2.2394814054187174e-05,999977605.1859459,12.999999999999993,12.90887192507583,16.752025539288738,6.1060366622275195,1.501057888153312,0,0,0,0,-1,inf,0,-1,0,0,-1,0,0,6080,1698,0,1823,0,2559,1.8203285523707358,4.281639014270608,False
lane_choice,P2,15019,40,4.0,0.5,11.832741258051616,8.335939670729472,0.16651268150172335,3.2794177612824545e-05,999967205.8223871,12.999999999999995,12.900148708289226,16.74537999526075,6.1060366622275195,1.5096519956738716,0,0,0,0,-1,inf,0,-1,0,0,-1,0,0,6080,1593,0,1842,0,2645,1.8203285523707358,4.281639014270608,False
lane_choice,P3,15019,40,4.0,0.5,11.758934634062106,8.774627668072814,0.1643701125898196,2.2394814054187174e-05,999977605.1859459,12.999999999999993,12.90887192507583,16.752025539288738,6.1060366622275195,1.501057888153312,0,0,0,0,-1,inf,0,-1,0,0,-1,0,0,6080,1698,0,1823,0,2559,1.8203285523707358,4.281639014270608,False
lane_choice,P4,15019,40,4.0,0.5,12.011930681626641,8.339167020023577,0.15681014940403565,3.197086409443261e-05,999968029.1359055,12.99999999999999,12.903358507552323,16.74847084715829,6.1060366622275195,1.508038196389593,0,0,0,0,-1,inf,0,-1,0,0,-1,0,0,6080,1616,0,1788,0,2676,1.8203285523707358,4.281639014270608,False
overtake,P0,15000,50,5.0,0.5,22.114907741980872,17.202168997219456,0.0025558367733289154,2.2024632250793155e-25,1000000000.0,45.49999999999999,45.49999999999999,3.506262353438548,1.2769007055299442,inf,0,0,0,0,-1,inf,0,-1,0,0,-1,0,0,7600,0,0,0,2831,4769,1.4657649397857977,3.4119738841445475,False
overtake,P1,15000,50,5.0,0.5,22.0731917537099,17.202168997219456,0.0025465704931976986,2.202453933722134e-25,1000000000.0,45.40333333333334,45.40333333333334,3.602760997103668,1.3397215290642353,inf,0,0,0,0,-1,inf,0,-1,0,0,-1,0,0,7600,0,0,0,2794,4806,1.4657649397857977,3.4119738841445475,False
overtake,P2,15000,50,5.0,0.5,22.057360351564185,17.202168997219456,0.00258311892228477,2.2024632250795607e-25,1000000000.0,45.576666666666654,45.576666666666654,3.429735675274638,1.2121119731355825,inf,0,0,0,0,-1,inf,0,-1,0,0,-1,0,0,7600,0,0,0,2833,4767,1.4657649397857977,3.4119738841445475,False
overtake,P3,15000,50,5.0,0.5,22.13209099086121,17.202168997219456,0.0025604029848512104,2.2024632250793155e-25,1000000000.0,45.62333333333331,45.62333333333331,3.3831573225196445,1.2066659433714024,inf,0,0,0,0,-1,inf,0,-1,0,0,-1,0,0,7600,0,0,0,2878,4722,1.4657649397857977,3.4119738841445475,False
overtake,P4,15000,50,5.0,0.5,22.13209099086121,17.202168997219456,0.0025604029848512104,2.2024632250793155e-25,1000000000.0,45.62333333333331,45.62333333333331,3.3831573225196445,1.2066659433714024,inf,0,0,0,0,-1,inf,0,-1,0,0,-1,0,0,7600,0,0,0,2878,4722,1.4657649397857977,3.4119738841445475,False
overtake,P0,15001,50,5.0,0.5,22.100556646471382,17.202168997219456,0.002645561346509092,2.2257009715393593e-25,1000000000.0,45.734666666666655,45.734666666666655,3.2720448451875215,1.1891296598233871,inf,0,0,0,0,-1,inf,0,-1,0,0,-1,0,0,7600,0,0,0,2891,4709,1.5777884826685784,3.7168434310554472,False
overtake,P1,15001,50,5.0,0.5,22.167823221424023,17.202168997219456,0.0026083318019206503,2.222258465301526e-25,1000000000.0,45.79333333333334,45.79333333333334,3.2135007083010683,1.1415617201972685,inf,0,0,0,0,-1,inf,0,-1,0,0,-1,0,0,7600,0,0,0,2928,4672,1.5777884826685784,3.7168434310554472,False
overtake,P2,15001,50,5.0,0.5,22.100556646471382,17.202168997219456,0.002645561346509092,2.2257009715393593e-25,1000000000.0,45.734666666666655,45.734666666666655,3.2720448451875215,1.1891296598233871,inf,0,0,0,0,-1,inf,0,-1,0,0,-1,0,0,7600,0,0,0,2891,4709,1.5777884826685784,3.7168434310554472,False
overtake,P3,15001,50,5.0,0.5,22.100556646471382,17.202168997219456,0.002645561346509092,2.2257009715393593e-25,1000000000.0,45.734666666666655,45.734666666666655,3.2720448451875215,1.1891296598233871,inf,0,0,0,0,-1,inf,0,-1,0,0,-1,0,0,7600,0,0,0,2891,4709,1.5777884826685784,3.7168434310554472,False
overtake,P4,15001,50,5.0,0.5,22.100556646471382,17.202168997219456,0.002645561346509092,2.2257009715393593e-25,1000000000.0,45.734666666666655,45.734666666666655,3.2720448451875215,1.1891296598233871,inf,0,0,0,0,-1,inf,0,-1,0,0,-1,0,0,7600,0,0,0,2891,4709,1.5777884826685784,3.7168434310554472,False
overtake,P0,15002,50,5.0,0.5,22.154588834340903,17.202168997219456,0.002554037176131785,2.1869628352265347e-25,1000000000.0,45.563333333333325,45.563333333333325,3.443044215359165,1.433141745694776,inf,0,0,0,0,-1,inf,0,-1,0,0,-1,0,0,7600,0,0,0,2857,4743,1.7176817730536116,3.8018688815184594,False
overtake,P1,15002,50,5.0,0.5,22.14117407162321,17.202168997219456,0.002506217776703844,2.185109841583271e-25,1000000000.0,45.38999999999999,45.38999999999999,3.6160718592335006,1.6000855253648734,inf,0,0,0,0,-1,inf,0,-1,0,0,-1,0,0,7600,0,0,0,2837,4763,1.7176817730536116,3.8018688815184594,False
overtake,P2,15002,50,5.0,0.5,22.05395808873648,17.202168997219456,0.0025641254246302468,2.1869628352265347e-25,1000000000.0,45.400000000000006,45.400000000000006,3.6060886970705996,1.5587032658695135,inf,0,0,0,0,-1,inf,0,-1,0,0,-1,0,0,7600,0,0,0,2798,4802,1.7176817730536116,3.8018688815184594,False
overtake,P3,15002,50,5.0,0.5,22.106966040107828,17.202168997219456,0.002557739566475526,2.1869628352265347e-25,1000000000.0,45.486666666666665,45.486666666666665,3.5195719629312174,1.4887180014846375,inf,0,0,0,0,-1,inf,0,-1,0,0,-1,0,0,7600,0,0,0,2824,4776,1.7176817730536116,3.8018688815184594,False
overtake,P4,15002,50,5.0,0.5,22.081402714317143,17.202168997219456,0.0025612819787489715,2.1869628352265347e-25,1000000000.0,45.453333333333326,45.453333333333326,3.552846765001957,1.5114452742119138,inf,0,0,0,0,-1,inf,0,-1,0,0,-1,0,0,7600,0,0,0,2810,4790,1.7176817730536116,3.8018688815184594,False
overtake,P0,15003,50,5.0,0.5,22.225258431940368,17.202168997219456,0.0025206441101079907,2.1910388553223033e-25,1000000000.0,45.51666666666668,45.51666666666668,3.4896255962855665,1.5491986655901975,inf,0,0,0,0,-1,inf,0,-1,0,0,-1,0,0,7600,0,0,0,2858,4742,1.426992255625306,3.3585772683325645,False
overtake,P1,15003,50,5.0,0.5,22.19744168843247,17.202168997219456,0.0024918796713696424,2.1851098415845865e-25,1000000000.0,45.48000000000001,45.48000000000001,3.5262268348959482,1.6816336662377724,inf,0,0,0,0,-1,inf,0,-1,0,0,-1,0,0,7600,0,0,0,2850,4750,1.426992255625306,3.3585772683325645,False
overtake,P2,15003,50,5.0,0.5,22.21455212873082,17.202168997219456,0.0025283455583227383,2.1910388553223033e-25,1000000000.0,45.53866666666665,45.53866666666665,3.4676655166819272,1.5102754095574542,inf,0,0,0,0,-1,inf,0,-1,0,0,-1,0,0,7600,0,0,0,2853,4747,1.426992255625306,3.3585772683325645,False
overtake,P3,15003,50,5.0,0.5,22.21455212873082,17.202168997219456,0.0025283455583227383,2.1910388553223033e-25,1000000000.0,45.53866666666665,45.53866666666665,3.4676655166819272,1.5102754095574542,inf,0,0,0,0,-1,inf,0,-1,0,0,-1,0,0,7600,0,0,0,2853,4747,1.426992255625306,3.3585772683325645,False
overtake,P4,15003,50,5.0,0.5,22.185113355152556,17.202168997219456,0.0025365094255533805,2.1910388553223066e-25,1000000000.0,45.57000000000001,45.57000000000001,3.4363899212895395,1.5799678963594332,inf,0,0,0,0,-1,inf,0,-1,0,0,-1,0,0,7600,0,0,0,2878,4722,1.426992255625306,3.3585772683325645,False
overtake,P0,15004,50,5.0,0.5,22.023562935460372,17.202168997219456,0.002627374540722399,2.1979396766966173e-25,1000000000.0,45.497000000000014,45.497000000000014,3.509256999870525,1.410558231251932,inf,0,0,0,0,-1,inf,0,-1,0,0,-1,0,0,7600,0,0,0,2676,4924,1.5563016276200892,3.5477200223659584,False
overtake,P1,15004,50,5.0,0.5,22.243094984039786,17.202168997219456,0.002480985823865621,2.1851098416266174e-25,1000000000.0,45.556666666666665,45.556666666666665,3.4496985572053736,1.4074185498810559,inf,0,0,0,0,-1,inf,0,-1,0,0,-1,0,0,7600,0,0,0,2741,4859,1.5563016276200892,3.5477200223659584,False
overtake,P2,15004,50,5.0,0.5,22.038664343972915,17.202168997219456,0.0026330785155239005,2.1979396766966173e-25,1000000000.0,45.59200000000001,45.59200000000001,3.41443109333609,1.2632040073089679,inf,0,0,0,0,-1,inf,0,-1,0,0,-1,0,0,7600,0,0,0,2707,4893,1.5563016276200892,3.5477200223659584,False
overtake,P3,15004,50,5.0,0.5,22.038664343972915,17.202168997219456,0.0026330785155239005,2.1979396766966173e-25,1000000000.0,45.59200000000001,45.59200000000001,3.41443109333609,1.2632040073089679,inf,0,0,0,0,-1,inf,0,-1,0,0,-1,0,0,7600,0,0,0,2707,4893,1.5563016276200892,3.5477200223659584,False
overtake,P4,15004,50,5.0,0.5,22.038664343972915,17.202168997219456,0.0026330785155239005,2.1979396766966173e-25,1000000000.0,45.59200000000001,45.59200000000001,3.41443109333609,1.2632040073089679,inf,0,0,0,0,-1,inf,0,-1,0,0,-1,0,0,7600,0,0,0,2707,4893,1.5563016276200892,3.5477200223659584,False
overtake,P0,15005,50,5.0,0.5,21.99917459737351,17.202168997219456,0.002649992154902706,2.1985155671662567e-25,1000000000.0,45.59066666666665,45.59066666666665,3.41576191631066,1.33986810661003,inf,0,0,0,0,-1,inf,0,-1,0,0,-1,0,0,7600,0,0,0,2729,4871,1.521704009981525,3.5426194572194443,False
overtake,P1,15005,50,5.0,0.5,22.300671924058562,17.202168997219456,0.0024761392254299044,2.185109841583241e-25,1000000000.0,45.68,45.68,3.3266012221395544,1.3914702893371413,inf,0,0,0,0,-1,inf,0,-1,0,0,-1,0,0,7600,0,0,0,2831,4769,1.521704009981525,3.5426194572194443,False
overtake,P2,15005,50,5.0,0.5,21.99917459737351,17.202168997219456,0.002649992154902706,2.1985155671662567e-25,1000000000.0,45.59066666666665,45.59066666666665,3.41576191631066,1.33986810661003,inf,0,0,0,0,-1,inf,0,-1,0,0,-1,0,0,7600,0,0,0,2729,4871,1.521704009981525,3.5426194572194443,False
overtake,P3,15005,50,5.0,0.5,21.99917459737351,17.202168997219456,0.002649992154902706,2.1985155671662567e-25,1000000000.0,45.59066666666665,45.59066666666665,3.41576191631066,1.33986810661003,inf,0,0,0,0,-1,inf,0,-1,0,0,-1,0,0,7600,0,0,0,2729,4871,1.521704009981525,3.5426194572194443,False
overtake,P4,15005,50,5.0,0.5,21.99917459737351,17.202168997219456,0.002649992154902706,2.1985155671662567e-25,1000000000.0,45.59066666666665,45.59066666666665,3.41576191631066,1.33986810661003,inf,0,0,0,0,-1,inf,0,-1,0,0,-1,0,0,7600,0,0,0,2729,4871,1.521704009981525,3.5426194572194443,False
overtake,P0,15006,50,5.0,0.5,22.15314158402874,17.202168997219456,0.0025502029491259685,2.1922884328877856e-25,1000000000.0,45.64499999999996,45.64499999999996,3.361532491459906,1.2232828372034004,inf,0,0,0,0,-1,inf,0,-1,0,0,-1,0,0,7600,0,0,0,2768,4832,1.4848390639047315,3.4367703701239445,False
overtake,P1,15006,50,5.0,0.5,22.298248574503326,17.202168997219456,0.0024634341551115105,2.1851098415832407e-25,1000000000.0,45.66333333333333,45.66333333333333,3.343234980611573,1.2634367201972774,inf,0,0,0,0,-1,inf,0,-1,0,0,-1,0,0,7600,0,0,0,2796,4804,1.4848390639047315,3.4367703701239445,False
overtake,P2,15006,50,5.0,0.5,22.152854316366486,17.202168997219456,0.0025553050903102097,2.1922884328877856e-25,1000000000.0,45.706666666666635,45.706666666666635,3.299987899308879,1.1179992870375326,inf,0,0,0,0,-1,inf,0,-1,0,0,-1,0,0,7600,0,0,0,2790,4810,1.4848390639047315,3.4367703701239445,False
overtake,P3,15006,50,5.0,0.5,22.152854316366486,17.202168997219456,0.0025553050903102097,2.1922884328877856e-25,1000000000.0,45.706666666666635,45.706666666666635,3.299987899308879,1.1179992870375326,inf,0,0,0,0,-1,inf,0,-1,0,0,-1,0,0,7600,0,0,0,2790,4810,1.4848390639047315,3.4367703701239445,False
overtake,P4,15006,50,5.0,0.5,22.152854316366486,17.202168997219456,0.0025553050903102097,2.1922884328877856e-25,1000000000.0,45.706666666666635,45.706666666666635,3.299987899308879,1.1179992870375326,inf,0,0,0,0,-1,inf,0,-1,0,0,-1,0,0,7600,0,0,0,2790,4810,1.4848390639047315,3.4367703701239445,False
overtake,P0,15007,50,5.0,0.5,22.267685899843094,17.202168997219456,0.002571812021854709,2.1978583667478766e-25,1000000000.0,45.87166666666665,45.87166666666665,3.1353381214128944,0.9549441905430553,inf,0,0,0,0,-1,inf,0,-1,0,0,-1,0,0,7600,0,0,0,2747,4853,1.655053232859164,3.768433429183625,False
overtake,P1,15007,50,5.0,0.5,22.32079137071738,17.202168997219456,0.002469185173076896,2.1851098415832407e-25,1000000000.0,45.73000000000001,45.73000000000001,3.276701953358026,1.1569398651600877,inf,0,0,0,0,-1,inf,0,-1,0,0,-1,0,0,7600,0,0,0,2761,4839,1.655053232859164,3.768433429183625,False
overtake,P2,15007,50,5.0,0.5,22.186350611080535,17.202168997219456,0.0025846065631904207,2.197858366747877e-25,1000000000.0,45.754666666666644,45.754666666666644,3.252086120567069,1.0329096902884225,inf,0,0,0,0,-1,inf,0,-1,0,0,-1,0,0,7600,0,0,0,2710,4890,1.655053232859164,3.768433429183625,False
overtake,P3,15007,50,5.0,0.5,22.195519398512808,17.202168997219456,0.002581882811805053,2.1978583667478766e-25,1000000000.0,45.761666666666656,45.761666666666656,3.245100687023166,1.0331224684583886,inf,0,0,0,0,-1,inf,0,-1,0,0,-1,0,0,7600,0,0,0,2713,4887,1.655053232859164,3.768433429183625,False
overtake,P4,15007,50,5.0,0.5,22.186350611080535,17.202168997219456,0.0025846065631904207,2.197858366747877e-25,1000000000.0,45.754666666666644,45.754666666666644,3.252086120567069,1.0329096902884225,inf,0,0,0,0,-1,inf,0,-1,0,0,-1,0,0,7600,0,0,0,2710,4890,1.655053232859164,3.768433429183625,False
overtake,P0,15008,50,5.0,0.5,22.235208174262407,17.202168997219456,0.00253590342931842,2.185417335905081e-25,1000000000.0,45.67999999999997,45.67999999999997,3.3266012221395833,1.2215961774011799,inf,0,0,0,0,-1,inf,0,-1,0,0,-1,0,0,7600,0,0,0,2803,4797,1.3973449727883525,3.3392896167853308,False
overtake,P1,15008,50,5.0,0.5,22.31579331669944,17.202168997219456,0.0024728547483646984,2.185109841583241e-25,1000000000.0,45.66999999999998,45.66999999999998,3.336581437810339,1.3434472783212714,inf,0,0,0,0,-1,inf,0,-1,0,0,-1,0,0,7600,0,0,0,2826,4774,1.3973449727883525,3.3392896167853308,False
overtake,P2,15008,50,5.0,0.5,22.175330541741637,17.202168997219456,0.0025467052330693974,2.185417335905081e-25,1000000000.0,45.63999999999999,45.63999999999999,3.3665227893392347,1.2764247692490789,inf,0,0,0,0,-1,inf,0,-1,0,0,-1,0,0,7600,0,0,0,2785,4815,1.3973449727883525,3.3392896167853308,False
overtake,P3,15008,50,5.0,0.5,22.175330541741637,17.202168997219456,0.0025467052330693974,2.185417335905081e-25,1000000000.0,45.63999999999999,45.63999999999999,3.3665227893392347,1.2764247692490789,inf,0,0,0,0,-1,inf,0,-1,0,0,-1,0,0,7600,0,0,0,2785,4815,1.3973449727883525,3.3392896167853308,False
overtake,P4,15008,50,5.0,0.5,22.175330541741637,17.202168997219456,0.0025467052330693974,2.185417335905081e-25,1000000000.0,45.63999999999999,45.63999999999999,3.3665227893392347,1.2764247692490789,inf,0,0,0,0,-1,inf,0,-1,0,0,-1,0,0,7600,0,0,0,2785,4815,1.3973449727883525,3.3392896167853308,False
overtake,P0,15009,50,5.0,0.5,22.151441351101884,17.202168997219456,0.002565944376336678,2.19668742010513e-25,1000000000.0,45.641999999999996,45.641999999999996,3.364526666730464,1.2559625396425973,inf,0,0,0,0,-1,inf,0,-1,0,0,-1,0,0,7600,0,0,0,2797,4803,1.4617118443510362,3.4759650553814936,False
overtake,P1,15009,50,5.0,0.5,22.202323747081646,17.202168997219456,0.002498093250374187,2.185109841583271e-25,1000000000.0,45.58666666666666,45.58666666666666,3.419754396968425,1.4243325015437633,inf,0,0,0,0,-1,inf,0,-1,0,0,-1,0,0,7600,0,0,0,2808,4792,1.4617118443510362,3.4759650553814936,False
overtake,P2,15009,50,5.0,0.5,22.12638835427551,17.202168997219456,0.002570226572488432,2.19668742010513e-25,1000000000.0,45.636999999999965,45.636999999999965,3.369516981874496,1.2415655134431876,inf,0,0,0,0,-1,inf,0,-1,0,0,-1,0,0,7600,0,0,0,2786,4814,1.4617118443510362,3.4759650553814936,False
overtake,P3,15009,50,5.0,0.5,22.12638835427551,17.202168997219456,0.002570226572488432,2.19668742010513e-25,1000000000.0,45.636999999999965,45.636999999999965,3.369516981874496,1.2415655134431876,inf,0,0,0,0,-1,inf,0,-1,0,0,-1,0,0,7600,0,0,0,2786,4814,1.4617118443510362,3.4759650553814936,False
overtake,P4,15009,50,5.0,0.5,22.12638835427551,17.202168997219456,0.002570226572488432,2.19668742010513e-25,1000000000.0,45.636999999999965,45.636999999999965,3.369516981874496,1.2415655134431876,inf,0,0,0,0,-1,inf,0,-1,0,0,-1,0,0,7600,0,0,0,2786,4814,1.4617118443510362,3.4759650553814936,False
overtake,P0,15010,50,5.0,0.5,22.30020740410953,17.202168997219456,0.002520446061979922,2.18515530436197e-25,1000000000.0,45.74666666666664,45.74666666666664,3.2600695497056993,1.2782620494088772,inf,0,0,0,0,-1,inf,0,-1,0,0,-1,0,0,7600,0,0,0,2980,4620,1.514953795008625,3.5520794648134113,False
overtake,P1,15010,50,5.0,0.5,22.369922787702432,17.202168997219456,0.0024840876841526398,2.185109841584627e-25,1000000000.0,45.73666666666665,45.73666666666665,3.270048950028872,1.3476618352175944,inf,0,0,0,0,-1,inf,0,-1,0,0,-1,0,0,7600,0,0,0,2989,4611,1.514953795008625,3.5520794648134113,False
overtake,P2,15010,50,5.0,0.5,22.175719176208627,17.202168997219456,0.002538241483396418,2.18515530436197e-25,1000000000.0,45.64333333333331,45.64333333333331,3.3631959208841296,1.4218990740599136,inf,0,0,0,0,-1,inf,0,-1,0,0,-1,0,0,7600,0,0,0,2914,4686,1.514953795008625,3.5520794648134113,False
overtake,P3,15010,50,5.0,0.5,22.253235335187625,17.202168997219456,0.0025227711057385343,2.18515530436197e-25,1000000000.0,45.66333333333332,45.66333333333332,3.34323498061158,1.3457945169413348,inf,0,0,0,0,-1,inf,0,-1,0,0,-1,0,0,7600,0,0,0,2944,4656,1.514953795008625,3.5520794648134113,False
overtake,P4,15010,50,5.0,0.5,22.253235335187625,17.202168997219456,0.0025227711057385343,2.18515530436197e-25,1000000000.0,45.66333333333332,45.66333333333332,3.34323498061158,1.3457945169413348,inf,0,0,0,0,-1,inf,0,-1,0,0,-1,0,0,7600,0,0,0,2944,4656,1.514953795008625,3.5520794648134113,False
overtake,P0,15011,50,5.0,0.5,22.117687177122423,17.202168997219456,0.0026120758925423705,2.186816507979906e-25,1000000000.0,45.77666666666665,45.77666666666665,3.230132113229777,1.184060436366021,inf,0,0,0,0,-1,inf,0,-1,0,0,-1,0,0,7600,0,0,0,2763,4837,1.568896114441345,3.625192643987379,False
overtake,P1,15011,50,5.0,0.5,22.31956248311189,17.202168997219456,0.0024856507132695244,2.185109841583271e-25,1000000000.0,45.81666666666666,45.81666666666666,3.1902173597188503,1.2476663159189392,inf,0,0,0,0,-1,inf,0,-1,0,0,-1,0,0,7600,0,0,0,2819,4781,1.568896114441345,3.625192643987379,False
overtake,P2,15011,50,5.0,0.5,22.117687177122423,17.202168997219456,0.0026120758925423705,2.186816507979906e-25,1000000000.0,45.77666666666665,45.77666666666665,3.230132113229777,1.184060436366021,inf,0,0,0,0,-1,inf,0,-1,0,0,-1,0,0,7600,0,0,0,2763,4837,1.568896114441345,3.625192643987379,False
overtake,P3,15011,50,5.0,0.5,22.117687177122423,17.202168997219456,0.0026120758925423705,2.186816507979906e-25,1000000000.0,45.77666666666665,45.77666666666665,3.230132113229777,1.184060436366021,inf,0,0,0,0,-1,inf,0,-1,0,0,-1,0,0,7600,0,0,0,2763,4837,1.568896114441345,3.625192643987379,False
overtake,P4,15011,50,5.0,0.5,22.117687177122423,17.202168997219456,0.0026120758925423705,2.186816507979906e-25,1000000000.0,45.77666666666665,45.77666666666665,3.230132113229777,1.184060436366021,inf,0,0,0,0,-1,inf,0,-1,0,0,-1,0,0,7600,0,0,0,2763,4837,1.568896114441345,3.625192643987379,False
overtake,P0,15012,50,5.0,0.5,22.351830482489035,17.202168997219456,0.0025245922508715817,2.1856104654988854e-25,1000000000.0,45.95566666666666,45.95566666666666,3.0515309494718994,1.1001535307166468,inf,0,0,0,0,-1,inf,0,-1,0,0,-1,0,0,7600,0,0,0,2948,4652,1.4831061589104169,3.4407602585657195,False
overtake,P1,15012,50,5.0,0.5,22.365272955708456,17.202168997219456,0.002477889150249813,2.1851098416248403e-25,1000000000.0,45.87333333333333,45.87333333333333,3.1336751802930785,1.1976663159189422,inf,0,0,0,0,-1,inf,0,-1,0,0,-1,0,0,7600,0,0,0,2936,4664,1.4831061589104169,3.4407602585657195,False
overtake,P2,15012,50,5.0,0.5,22.29550346159924,17.202168997219456,0.0025376410302683904,2.1856104654988854e-25,1000000000.0,45.92233333333333,45.92233333333333,3.0847865083748545,1.0638428353847857,inf,0,0,0,0,-1,inf,0,-1,0,0,-1,0,0,7600,0,0,0,2914,4686,1.4831061589104169,3.4407602585657195,False
overtake,P3,15012,50,5.0,0.5,22.351830482489035,17.202168997219456,0.0025245922508715817,2.1856104654988854e-25,1000000000.0,45.95566666666666,45.95566666666666,3.0515309494718994,1.1001535307166468,inf,0,0,0,0,-1,inf,0,-1,0,0,-1,0,0,7600,0,0,0,2948,4652,1.4831061589104169,3.4407602585657195,False
overtake,P4,15012,50,5.0,0.5,22.29550346159924,17.202168997219456,0.0025376410302683904,2.1856104654988854e-25,1000000000.0,45.92233333333333,45.92233333333333,3.0847865083748545,1.0638428353847857,inf,0,0,0,0,-1,inf,0,-1,0,0,-1,0,0,7600,0,0,0,2914,4686,1.4831061589104169,3.4407602585657195,False
overtake,P0,15013,50,5.0,0.5,22.199388186643564,17.202168997219456,0.0025571675569271224,2.1977859982386514e-25,1000000000.0,45.72333333333331,45.72333333333331,3.283355012115654,1.3664866901625432,inf,0,0,0,0,-1,inf,0,-1,0,0,-1,0,0,7600,0,0,0,2852,4748,1.5358843170614005,3.6269636664524194,False
overtake,P1,15013,50,5.0,0.5,22.30815942967401,17.202168997219456,0.0024873434367631607,2.185109841584627e-25,1000000000.0,45.74333333333333,45.74333333333333,3.2633960024670867,1.4066361941919423,inf,0,0,0,0,-1,inf,0,-1,0,0,-1,0,0,7600,0,0,0,2877,4723,1.5358843170614005,3.6269636664524194,False
overtake,P2,15013,50,5.0,0.5,22.199388186643564,17.202168997219456,0.0025571675569271224,2.1977859982386514e-25,1000000000.0,45.72333333333331,45.72333333333331,3.283355012115654,1.3664866901625432,inf,0,0,0,0,-1,inf,0,-1,0,0,-1,0,0,7600,0,0,0,2852,4748,1.5358843170614005,3.6269636664524194,False
overtake,P3,15013,50,5.0,0.5,22.199388186643564,17.202168997219456,0.0025571675569271224,2.1977859982386514e-25,1000000000.0,45.72333333333331,45.72333333333331,3.283355012115654,1.3664866901625432,inf,0,0,0,0,-1,inf,0,-1,0,0,-1,0,0,7600,0,0,0,2852,4748,1.5358843170614005,3.6269636664524194,False
overtake,P4,15013,50,5.0,0.5,22.199388186643564,17.202168997219456,0.0025571675569271224,2.1977859982386514e-25,1000000000.0,45.72333333333331,45.72333333333331,3.283355012115654,1.3664866901625432,inf,0,0,0,0,-1,inf,0,-1,0,0,-1,0,0,7600,0,0,0,2852,4748,1.5358843170614005,3.6269636664524194,False
overtake,P0,15014,50,5.0,0.5,22.296334611960663,17.202168997219456,0.002515140939122187,2.1855190191364676e-25,1000000000.0,45.771666666666654,45.771666666666654,3.235121605481248,1.1824544976724118,inf,0,0,0,0,-1,inf,0,-1,0,0,-1,0,0,7600,0,0,0,2864,4736,1.4123828046753801,3.3596745180432475,False
overtake,P1,15014,50,5.0,0.5,22.356198074575303,17.202168997219456,0.0024646343093495285,2.185109841583241e-25,1000000000.0,45.69666666666665,45.69666666666665,3.309967794745379,1.3266602342695117,inf,0,0,0,0,-1,inf,0,-1,0,0,-1,0,0,7600,0,0,0,2857,4743,1.4123828046753801,3.3596745180432475,False
overtake,P2,15014,50,5.0,0.5,22.296334611960663,17.202168997219456,0.002515140939122187,2.1855190191364676e-25,1000000000.0,45.771666666666654,45.771666666666654,3.235121605481248,1.1824544976724118,inf,0,0,0,0,-1,inf,0,-1,0,0,-1,0,0,7600,0,0,0,2864,4736,1.4123828046753801,3.3596745180432475,False
overtake,P3,15014,50,5.0,0.5,22.296334611960663,17.202168997219456,0.002515140939122187,2.1855190191364676e-25,1000000000.0,45.771666666666654,45.771666666666654,3.235121605481248,1.1824544976724118,inf,0,0,0,0,-1,inf,0,-1,0,0,-1,0,0,7600,0,0,0,2864,4736,1.4123828046753801,3.3596745180432475,False
overtake,P4,15014,50,5.0,0.5,22.296334611960663,17.202168997219456,0.002515140939122187,2.1855190191364676e-25,1000000000.0,45.771666666666654,45.771666666666654,3.235121605481248,1.1824544976724118,inf,0,0,0,0,-1,inf,0,-1,0,0,-1,0,0,7600,0,0,0,2864,4736,1.4123828046753801,3.3596745180432475,False
overtake,P0,15015,50,5.0,0.5,22.1458230308429,17.202168997219456,0.00260205214293574,2.197797136061089e-25,1000000000.0,45.72666666666663,45.72666666666663,3.2800284758293974,1.2905823124604476,inf,0,0,0,0,-1,inf,0,-1,0,0,-1,0,0,7600,0,0,0,2822,4778,1.615679451618593,3.7056495780477996,False
overtake,P1,15015,50,5.0,0.5,22.270368099510236,17.202168997219456,0.0024993602890780895,2.185109841584627e-25,1000000000.0,45.73666666666666,45.73666666666666,3.2700489500288645,1.3346731265715384,inf,0,0,0,0,-1,inf,0,-1,0,0,-1,0,0,7600,0,0,0,2855,4745,1.615679451618593,3.7056495780477996,False
overtake,P2,15015,50,5.0,0.5,22.02191233406684,17.202168997219456,0.002625982221584214,2.197797136061089e-25,1000000000.0,45.62999999999998,45.62999999999998,3.3765034712170077,1.3056647361545937,inf,0,0,0,0,-1,inf,0,-1,0,0,-1,0,0,7600,0,0,0,2768,4832,1.615679451618593,3.7056495780477996,False
overtake,P3,15015,50,5.0,0.5,22.1458230308429,17.202168997219456,0.00260205214293574,2.197797136061089e-25,1000000000.0,45.72666666666663,45.72666666666663,3.2800284758293974,1.2905823124604476,inf,0,0,0,0,-1,inf,0,-1,0,0,-1,0,0,7600,0,0,0,2822,4778,1.615679451618593,3.7056495780477996,False
overtake,P4,15015,50,5.0,0.5,22.02191233406684,17.202168997219456,0.002625982221584214,2.197797136061089e-25,1000000000.0,45.62999999999998,45.62999999999998,3.3765034712170077,1.3056647361545937,inf,0,0,0,0,-1,inf,0,-1,0,0,-1,0,0,7600,0,0,0,2768,4832,1.615679451618593,3.7056495780477996,False
overtake,P0,15016,50,5.0,0.5,21.885194681545304,17.202168997219456,0.0026445270857012,2.198173249032937e-25,1000000000.0,45.408333333333296,45.408333333333296,3.597769466709212,1.3776497147940945,inf,0,0,0,0,-1,inf,0,-1,0,0,-1,0,0,7600,0,0,0,2584,5016,1.5716009617353368,3.6211761131772295,False
overtake,P1,15016,50,5.0,0.5,22.299763280074867,17.202168997219456,0.0024785899539421217,2.185109841583241e-25,1000000000.0,45.72333333333334,45.72333333333334,3.283355012115619,1.2461282273003993,inf,0,0,0,0,-1,inf,0,-1,0,0,-1,0,0,7600,0,0,0,2768,4832,1.5716009617353368,3.6211761131772295,False
overtake,P2,15016,50,5.0,0.5,21.885194681545304,17.202168997219456,0.0026445270857012,2.198173249032937e-25,1000000000.0,45.408333333333296,45.408333333333296,3.597769466709212,1.3776497147940945,inf,0,0,0,0,-1,inf,0,-1,0,0,-1,0,0,7600,0,0,0,2584,5016,1.5716009617353368,3.6211761131772295,False
overtake,P3,15016,50,5.0,0.5,21.885194681545304,17.202168997219456,0.0026445270857012,2.198173249032937e-25,1000000000.0,45.408333333333296,45.408333333333296,3.597769466709212,1.3776497147940945,inf,0,0,0,0,-1,inf,0,-1,0,0,-1,0,0,7600,0,0,0,2584,5016,1.5716009617353368,3.6211761131772295,False
overtake,P4,15016,50,5.0,0.5,21.885194681545304,17.202168997219456,0.0026445270857012,2.198173249032937e-25,1000000000.0,45.408333333333296,45.408333333333296,3.597769466709212,1.3776497147940945,inf,0,0,0,0,-1,inf,0,-1,0,0,-1,0,0,7600,0,0,0,2584,5016,1.5716009617353368,3.6211761131772295,False
overtake,P0,15017,50,5.0,0.5,22.36759503405701,17.202168997219456,0.0025007877773164434,2.190649485366885e-25,1000000000.0,45.866666666666646,45.866666666666646,3.1403269684729147,1.2498662997305945,inf,0,0,0,0,-1,inf,0,-1,0,0,-1,0,0,7600,0,0,0,2956,4644,1.4642838654022652,3.4671220449163127,False
overtake,P1,15017,50,5.0,0.5,22.274233333868757,17.202168997219456,0.0024802363841471492,2.185109841583241e-25,1000000000.0,45.70000000000001,45.70000000000001,3.3066411494355283,1.385474386098287,inf,0,0,0,0,-1,inf,0,-1,0,0,-1,0,0,7600,0,0,0,2895,4705,1.4642838654022652,3.4671220449163127,False
overtake,P2,15017,50,5.0,0.5,22.264949343884595,17.202168997219456,0.0025244706644116013,2.190649485366985e-25,1000000000.0,45.776666666666664,45.776666666666664,3.2301321132297627,1.2991240221266873,inf,0,0,0,0,-1,inf,0,-1,0,0,-1,0,0,7600,0,0,0,2914,4686,1.4642838654022652,3.4671220449163127,False
overtake,P3,15017,50,5.0,0.5,22.274779667134343,17.202168997219456,0.002521260702696573,2.190649485366887e-25,1000000000.0,45.78666666666667,45.78666666666667,3.2201532265175636,1.2901687982460854,inf,0,0,0,0,-1,inf,0,-1,0,0,-1,0,0,7600,0,0,0,2915,4685,1.4642838654022652,3.4671220449163127,False
overtake,P4,15017,50,5.0,0.5,22.274779667134343,17.202168997219456,0.002521260702696573,2.190649485366887e-25,1000000000.0,45.78666666666667,45.78666666666667,3.2201532265175636,1.2901687982460854,inf,0,0,0,0,-1,inf,0,-1,0,0,-1,0,0,7600,0,0,0,2915,4685,1.4642838654022652,3.4671220449163127,False
overtake,P0,15018,50,5.0,0.5,22.38989136865087,17.202168997219456,0.0024591073496228895,2.1851098415832407e-25,1000000000.0,45.81166666666665,45.81166666666665,3.195206587309326,1.264846096889569,inf,0,0,0,0,-1,inf,0,-1,0,0,-1,0,0,7600,0,0,0,3024,4576,1.5729259062166374,3.626472585213832,False
overtake,P1,15018,50,5.0,0.5,22.322645293598995,17.202168997219456,0.002462320689204243,2.1851098415832407e-25,1000000000.0,45.65,45.65,3.3565422224575676,1.4784377216608475,inf,0,0,0,0,-1,inf,0,-1,0,0,-1,0,0,7600,0,0,0,2958,4642,1.5729259062166374,3.626472585213832,False
overtake,P2,15018,50,5.0,0.5,22.38989136865087,17.202168997219456,0.0024591073496228895,2.1851098415832407e-25,1000000000.0,45.81166666666665,45.81166666666665,3.195206587309326,1.264846096889569,inf,0,0,0,0,-1,inf,0,-1,0,0,-1,0,0,7600,0,0,0,3024,4576,1.5729259062166374,3.626472585213832,False
overtake,P3,15018,50,5.0,0.5,22.38989136865087,17.202168997219456,0.0024591073496228895,2.1851098415832407e-25,1000000000.0,45.81166666666665,45.81166666666665,3.195206587309326,1.264846096889569,inf,0,0,0,0,-1,inf,0,-1,0,0,-1,0,0,7600,0,0,0,3024,4576,1.5729259062166374,3.626472585213832,False
overtake,P4,15018,50,5.0,0.5,22.38989136865087,17.202168997219456,0.0024591073496228895,2.1851098415832407e-25,1000000000.0,45.81166666666665,45.81166666666665,3.195206587309326,1.264846096889569,inf,0,0,0,0,-1,inf,0,-1,0,0,-1,0,0,7600,0,0,0,3024,4576,1.5729259062166374,3.626472585213832,False
overtake,P0,15019,50,5.0,0.5,22.13285314126504,17.202168997219456,0.00259222421151956,2.198354085265049e-25,1000000000.0,45.65,45.65,3.3565422224575676,1.1533891256020559,inf,0,0,0,0,-1,inf,0,-1,0,0,-1,0,0,7600,0,0,0,2729,4871,1.5877012024587824,3.629217301029708,False
overtake,P1,15019,50,5.0,0.5,22.169921560679132,17.202168997219456,0.0024980512034442283,2.1851098416266174e-25,1000000000.0,45.51333333333335,45.51333333333335,3.4929529249024682,1.349301858992137,inf,0,0,0,0,-1,inf,0,-1,0,0,-1,0,0,7600,0,0,0,2709,4891,1.5877012024587824,3.629217301029708,False
overtake,P2,15019,50,5.0,0.5,22.043507201202043,17.202168997219456,0.002609534580903358,2.198354085265049e-25,1000000000.0,45.563333333333325,45.563333333333325,3.443044215359165,1.1931311825910156,inf,0,0,0,0,-1,inf,0,-1,0,0,-1,0,0,7600,0,0,0,2682,4918,1.5877012024587824,3.629217301029708,False
overtake,P3,15019,50,5.0,0.5,22.13285314126504,17.202168997219456,0.00259222421151956,2.198354085265049e-25,1000000000.0,45.65,45.65,3.3565422224575676,1.1533891256020559,inf,0,0,0,0,-1,inf,0,-1,0,0,-1,0,0,7600,0,0,0,2729,4871,1.5877012024587824,3.629217301029708,False
overtake,P4,15019,50,5.0,0.5,22.13285314126504,17.202168997219456,0.00259222421151956,2.198354085265049e-25,1000000000.0,45.65,45.65,3.3565422224575676,1.1533891256020559,inf,0,0,0,0,-1,inf,0,-1,0,0,-1,0,0,7600,0,0,0,2729,4871,1.5877012024587824,3.629217301029708,False
intersection_turn,P0,15000,50,5.0,0.5,18.472267007843364,14.72403780401211,0.009571103430665114,2.2614855272116717e-15,999999999.9999979,42.879999999999995,42.879999999999995,5.182123117024532,3.9550147740798045,inf,0,0,0,0,-1,inf,0,-1,0,0,-1,0,0,7600,0,0,0,2361,5239,1.469761835278087,3.3191295440929127,False
intersection_turn,P1,15000,50,5.0,0.5,18.471970974944146,14.72403780401211,0.009571238224203082,2.2614855272116717e-15,999999999.9999979,42.85999999999999,42.85999999999999,5.2018842739915,3.9550147740798045,inf,0,0,0,0,-1,inf,0,-1,0,0,-1,0,0,7600,0,0,0,2351,5249,1.469761835278087,3.3191295440929127,False
intersection_turn,P2,15000,50,5.0,0.5,18.472267007843364,14.72403780401211,0.009571103430665114,2.2614855272116717e-15,999999999.9999979,42.879999999999995,42.879999999999995,5.182123117024532,3.9550147740798045,inf,0,0,0,0,-1,inf,0,-1,0,0,-1,0,0,7600,0,0,0,2361,5239,1.469761835278087,3.3191295440929127,False
intersection_turn,P3,15000,50,5.0,0.5,18.472267007843364,14.72403780401211,0.009571103430665114,2.2614855272116717e-15,999999999.9999979,42.879999999999995,42.879999999999995,5.182123117024532,3.9550147740798045,inf,0,0,0,0,-1,inf,0,-1,0,0,-1,0,0,7600,0,0,0,2361,5239,1.469761835278087,3.3191295440929127,False
intersection_turn,P4,15000,50,5.0,0.5,18.472267007843364,14.72403780401211,0.009571103430665114,2.2614855272116717e-15,999999999.9999979,42.879999999999995,42.879999999999995,5.182123117024532,3.9550147740798045,inf,0,0,0,0,-1,inf,0,-1,0,0,-1,0,0,7600,0,0,0,2361,5239,1.469761835278087,3.3191295440929127,False
intersection_turn,P0,15001,50,5.0,0.5,18.322521357334434,14.72403780401211,0.00987917615980673,2.2857810681714177e-15,999999999.9999976,42.45000000000003,42.45000000000003,5.607361233236151,4.200509536258781,inf,0,0,0,0,-1,inf,0,-1,0,0,-1,0,0,7600,0,0,0,2153,5447,1.5579067593991536,3.5819924375117798,False
intersection_turn,P1,15001,50,5.0,0.5,18.322521357334434,14.72403780401211,0.00987917615980673,2.2857810681714177e-15,999999999.9999976,42.45000000000003,42.45000000000003,5.607361233236151,4.200509536258781,inf,0,0,0,0,-1,inf,0,-1,0,0,-1,0,0,7600,0,0,0,2153,5447,1.5579067593991536,3.5819924375117798,False
intersection_turn,P2,15001,50,5.0,0.5,18.322521357334434,14.72403780401211,0.00987917615980673,2.2857810681714177e-15,999999999.9999976,42.45000000000003,42.45000000000003,5.607361233236151,4.200509536258781,inf,0,0,0,0,-1,inf,0,-1,0,0,-1,0,0,7600,0,0,0,2153,5447,1.5579067593991536,3.5819924375117798,False
intersection_turn,P3,15001,50,5.0,0.5,18.322521357334434,14.72403780401211,0.00987917615980673,2.2857810681714177e-15,999999999.9999976,42.45000000000003,42.45000000000003,5.607361233236151,4.200509536258781,inf,0,0,0,0,-1,inf,0,-1,0,0,-1,0,0,7600,0,0,0,2153,5447,1.5579067593991536,3.5819924375117798,False
intersection_turn,P4,15001,50,5.0,0.5,18.322521357334434,14.72403780401211,0.00987917615980673,2.2857810681714177e-15,999999999.9999976,42.45000000000003,42.45000000000003,5.607361233236151,4.200509536258781,inf,0,0,0,0,-1,inf,0,-1,0,0,-1,0,0,7600,0,0,0,2153,5447,1.5579067593991536,3.5819924375117798,False
intersection_turn,P0,15002,50,5.0,0.5,18.495109131585554,14.72403780401211,0.009476983615594512,2.1405245082893112e-15,999999999.9999979,42.896666666666654,42.896666666666654,5.165656890571734,3.939213603707686,inf,0,0,0,0,-1,inf,0,-1,0,0,-1,0,0,7600,0,0,0,2309,5291,1.7191127703167337,3.6820174704778306,False
intersection_turn,P1,15002,50,5.0,0.5,18.496367496455235,14.72403780401211,0.009476380106939176,2.1405245082893112e-15,999999999.9999979,42.94,42.94,5.122850768859076,3.939213603707686,inf,0,0,0,0,-1,inf,0,-1,0,0,-1,0,0,7600,0,0,0,2314,5286,1.7191127703167337,3.6820174704778306,False
intersection_turn,P2,15002,50,5.0,0.5,18.495109131585554,14.72403780401211,0.009476983615594512,2.1405245082893112e-15,999999999.9999979,42.896666666666654,42.896666666666654,5.165656890571734,3.939213603707686,inf,0,0,0,0,-1,inf,0,-1,0,0,-1,0,0,7600,0,0,0,2309,5291,1.7191127703167337,3.6820174704778306,False
intersection_turn,P3,15002,50,5.0,0.5,18.495109131585554,14.72403780401211,0.009476983615594512,2.1405245082893112e-15,999999999.9999979,42.896666666666654,42.896666666666654,5.165656890571734,3.939213603707686,inf,0,0,0,0,-1,inf,0,-1,0,0,-1,0,0,7600,0,0,0,2309,5291,1.7191127703167337,3.6820174704778306,False
intersection_turn,P4,15002,50,5.0,0.5,18.495109131585554,14.72403780401211,0.009476983615594512,2.1405245082893112e-15,999999999.9999979,42.896666666666654,42.896666666666654,5.165656890571734,3.939213603707686,inf,0,0,0,0,-1,inf,0,-1,0,0,-1,0,0,7600,0,0,0,2309,5291,1.7191127703167337,3.6820174704778306,False
intersection_turn,P0,15003,50,5.0,0.5,18.475067846766407,14.72403780401211,0.009569670878400764,2.2614855272116717e-15,999999999.9999979,42.93999999999998,42.93999999999998,5.12285076885909,3.9550147740798045,inf,0,0,0,0,-1,inf,0,-1,0,0,-1,0,0,7600,0,0,0,2290,5310,1.4302722272908135,3.263213443061161,False
intersection_turn,P1,15003,50,5.0,0.5,18.475067846766407,14.72403780401211,0.009569670878400764,2.2614855272116717e-15,999999999.9999979,42.93999999999998,42.93999999999998,5.12285076885909,3.9550147740798045,inf,0,0,0,0,-1,inf,0,-1,0,0,-1,0,0,7600,0,0,0,2290,5310,1.4302722272908135,3.263213443061161,False
intersection_turn,P2,15003,50,5.0,0.5,18.475067846766407,14.72403780401211,0.009569670878400764,2.2614855272116717e-15,999999999.9999979,42.93999999999998,42.93999999999998,5.12285076885909,3.9550147740798045,inf,0,0,0,0,-1,inf,0,-1,0,0,-1,0,0,7600,0,0,0,2290,5310,1.4302722272908135,3.263213443061161,False
intersection_turn,P3,15003,50,5.0,0.5,18.475067846766407,14.72403780401211,0.009569670878400764,2.2614855272116717e-15,999999999.9999979,42.93999999999998,42.93999999999998,5.12285076885909,3.9550147740798045,inf,0,0,0,0,-1,inf,0,-1,0,0,-1,0,0,7600,0,0,0,2290,5310,1.4302722272908135,3.263213443061161,False
intersection_turn,P4,15003,50,5.0,0.5,18.475067846766407,14.72403780401211,0.009569670878400764,2.2614855272116717e-15,999999999.9999979,42.93999999999998,42.93999999999998,5.12285076885909,3.9550147740798045,inf,0,0,0,0,-1,inf,0,-1,0,0,-1,0,0,7600,0,0,0,2290,5310,1.4302722272908135,3.263213443061161,False
intersection_turn,P0,15004,50,5.0,0.5,18.991808251716762,14.72403780401211,0.008475250744956997,2.0707175358668105e-15,999999999.9999979,44.16333333333333,44.16333333333333,3.919185005981621,3.075487864675807,inf,0,0,0,0,-1,inf,0,-1,0,0,-1,0,0,7600,0,0,0,2715,4885,1.5313278720669194,3.3832182284545023,False
intersection_turn,P1,15004,50,5.0,0.5,18.991808251716762,14.72403780401211,0.008475250744956997,2.0707175358668105e-15,999999999.9999979,44.16333333333333,44.16333333333333,3.919185005981621,3.075487864675807,inf,0,0,0,0,-1,inf,0,-1,0,0,-1,0,0,7600,0,0,0,2715,4885,1.5313278720669194,3.3832182284545023,False
intersection_turn,P2,15004,50,5.0,0.5,18.991808251716762,14.72403780401211,0.008475250744956997,2.0707175358668105e-15,999999999.9999979,44.16333333333333,44.16333333333333,3.919185005981621,3.075487864675807,inf,0,0,0,0,-1,inf,0,-1,0,0,-1,0,0,7600,0,0,0,2715,4885,1.5313278720669194,3.3832182284545023,False
intersection_turn,P3,15004,50,5.0,0.5,18.991808251716762,14.72403780401211,0.008475250744956997,2.0707175358668105e-15,999999999.9999979,44.16333333333333,44.16333333333333,3.919185005981621,3.075487864675807,inf,0,0,0,0,-1,inf,0,-1,0,0,-1,0,0,7600,0,0,0,2715,4885,1.5313278720669194,3.3832182284545023,False
intersection_turn,P4,15004,50,5.0,0.5,18.98803777580953,14.72403780401211,0.00847816367186214,2.0707175358668105e-15,999999999.9999979,44.07,44.07,4.010598459083132,3.075487864675807,inf,0,0,0,0,-1,inf,0,-1,0,0,-1,0,0,7600,0,0,0,2695,4905,1.5313278720669194,3.3832182284545023,False
intersection_turn,P0,15005,50,5.0,0.5,18.989190447584402,14.72403780401211,0.00847556260051027,2.0707175358668105e-15,999999999.9999979,44.319999999999986,44.319999999999986,3.7659527347007558,3.075487864675807,inf,0,0,0,0,-1,inf,0,-1,0,0,-1,0,0,7600,0,0,0,2746,4854,1.5085951243976317,3.3672102026875415,False
intersection_turn,P1,15005,50,5.0,0.5,18.989190447584402,14.72403780401211,0.00847556260051027,2.0707175358668105e-15,999999999.9999979,44.319999999999986,44.319999999999986,3.7659527347007558,3.075487864675807,inf,0,0,0,0,-1,inf,0,-1,0,0,-1,0,0,7600,0,0,0,2746,4854,1.5085951243976317,3.3672102026875415,False
intersection_turn,P2,15005,50,5.0,0.5,19.048488015386933,14.72403780401211,0.008453983908247939,2.0707175358668105e-15,999999999.9999979,44.28999999999998,44.28949778784516,3.7906419371376403,3.075487864675807,inf,0,0,0,0,-1,inf,0,-1,0,0,-1,0,0,7600,23,0,0,2720,4857,1.5085951243976317,3.3672102026875415,False
intersection_turn,P3,15005,50,5.0,0.5,18.989190447584402,14.72403780401211,0.00847556260051027,2.0707175358668105e-15,999999999.9999979,44.319999999999986,44.319999999999986,3.7659527347007558,3.075487864675807,inf,0,0,0,0,-1,inf,0,-1,0,0,-1,0,0,7600,0,0,0,2746,4854,1.5085951243976317,3.3672102026875415,False
intersection_turn,P4,15005,50,5.0,0.5,18.989190447584402,14.72403780401211,0.00847556260051027,2.0707175358668105e-15,999999999.9999979,44.319999999999986,44.319999999999986,3.7659527347007558,3.075487864675807,inf,0,0,0,0,-1,inf,0,-1,0,0,-1,0,0,7600,0,0,0,2746,4854,1.5085951243976317,3.3672102026875415,False
intersection_turn,P0,15006,50,5.0,0.5,18.475669896925318,14.72403780401211,0.009569428096744062,2.2614855272116717e-15,999999999.9999979,43.01999999999998,43.01999999999998,5.043847737590835,3.9550147740798045,inf,0,0,0,0,-1,inf,0,-1,0,0,-1,0,0,7600,0,0,0,2184,5416,1.4998085948057618,3.3545243609270075,False
intersection_turn,P1,15006,50,5.0,0.5,18.475669896925318,14.72403780401211,0.009569428096744062,2.2614855272116717e-15,999999999.9999979,43.01999999999998,43.01999999999998,5.043847737590835,3.9550147740798045,inf,0,0,0,0,-1,inf,0,-1,0,0,-1,0,0,7600,0,0,0,2184,5416,1.4998085948057618,3.3545243609270075,False
intersection_turn,P2,15006,50,5.0,0.5,18.475669896925318,14.72403780401211,0.009569428096744062,2.2614855272116717e-15,999999999.9999979,43.01999999999998,43.01999999999998,5.043847737590835,3.9550147740798045,inf,0,0,0,0,-1,inf,0,-1,0,0,-1,0,0,7600,0,0,0,2184,5416,1.4998085948057618,3.3545243609270075,False
intersection_turn,P3,15006,50,5.0,0.5,18.475669896925318,14.72403780401211,0.009569428096744062,2.2614855272116717e-15,999999999.9999979,43.01999999999998,43.01999999999998,5.043847737590835,3.9550147740798045,inf,0,0,0,0,-1,inf,0,-1,0,0,-1,0,0,7600,0,0,0,2184,5416,1.4998085948057618,3.3545243609270075,False
intersection_turn,P4,15006,50,5.0,0.5,18.475669896925318,14.72403780401211,0.009569428096744062,2.2614855272116717e-15,999999999.9999979,43.01999999999998,43.01999999999998,5.043847737590835,3.9550147740798045,inf,0,0,0,0,-1,inf,0,-1,0,0,-1,0,0,7600,0,0,0,2184,5416,1.4998085948057618,3.3545243609270075,False
intersection_turn,P0,15007,50,5.0,0.5,18.475919379869335,14.72403780401211,0.009569284927175854,2.2614855272116717e-15,999999999.9999979,42.97999999999998,42.97999999999998,5.083345355177058,3.9550147740798045,inf,0,0,0,0,-1,inf,0,-1,0,0,-1,0,0,7600,0,0,0,2141,5459,1.6461129230859857,3.6511212159178457,False
intersection_turn,P1,15007,50,5.0,0.5,18.475919379869335,14.72403780401211,0.009569284927175854,2.2614855272116717e-15,999999999.9999979,42.97999999999998,42.97999999999998,5.083345355177058,3.9550147740798045,inf,0,0,0,0,-1,inf,0,-1,0,0,-1,0,0,7600,0,0,0,2141,5459,1.6461129230859857,3.6511212159178457,False
intersection_turn,P2,15007,50,5.0,0.5,18.475919379869335,14.72403780401211,0.009569284927175854,2.2614855272116717e-15,999999999.9999979,42.97999999999998,42.97999999999998,5.083345355177058,3.9550147740798045,inf,0,0,0,0,-1,inf,0,-1,0,0,-1,0,0,7600,0,0,0,2141,5459,1.6461129230859857,3.6511212159178457,False
intersection_turn,P3,15007,50,5.0,0.5,18.475919379869335,14.72403780401211,0.009569284927175854,2.2614855272116717e-15,999999999.9999979,42.97999999999998,42.97999999999998,5.083345355177058,3.9550147740798045,inf,0,0,0,0,-1,inf,0,-1,0,0,-1,0,0,7600,0,0,0,2141,5459,1.6461129230859857,3.6511212159178457,False
intersection_turn,P4,15007,50,5.0,0.5,18.475919379869335,14.72403780401211,0.009569284927175854,2.2614855272116717e-15,999999999.9999979,42.97999999999998,42.97999999999998,5.083345355177058,3.9550147740798045,inf,0,0,0,0,-1,inf,0,-1,0,0,-1,0,0,7600,0,0,0,2141,5459,1.6461129230859857,3.6511212159178457,False
intersection_turn,P0,15008,50,5.0,0.5,18.4751054471947,14.72403780401211,0.00956958186729845,2.2614855272116717e-15,999999999.9999979,42.93666666666665,42.93666666666665,5.1261432329232255,3.9550147740798045,inf,0,0,0,0,-1,inf,0,-1,0,0,-1,0,0,7600,0,0,0,2172,5428,1.4549191145271916,3.2770623293832437,False
intersection_turn,P1,15008,50,5.0,0.5,18.47505127714342,14.72403780401211,0.009569605634417569,2.2614855272116717e-15,999999999.9999979,42.929999999999986,42.929999999999986,5.132728319324933,3.9550147740798045,inf,0,0,0,0,-1,inf,0,-1,0,0,-1,0,0,7600,0,0,0,2171,5429,1.4549191145271916,3.2770623293832437,False
intersection_turn,P2,15008,50,5.0,0.5,18.4751054471947,14.72403780401211,0.00956958186729845,2.2614855272116717e-15,999999999.9999979,42.93666666666665,42.93666666666665,5.1261432329232255,3.9550147740798045,inf,0,0,0,0,-1,inf,0,-1,0,0,-1,0,0,7600,0,0,0,2172,5428,1.4549191145271916,3.2770623293832437,False
intersection_turn,P3,15008,50,5.0,0.5,18.4751054471947,14.72403780401211,0.00956958186729845,2.2614855272116717e-15,999999999.9999979,42.93666666666665,42.93666666666665,5.1261432329232255,3.9550147740798045,inf,0,0,0,0,-1,inf,0,-1,0,0,-1,0,0,7600,0,0,0,2172,5428,1.4549191145271916,3.2770623293832437,False
intersection_turn,P4,15008,50,5.0,0.5,18.4751054471947,14.72403780401211,0.00956958186729845,2.2614855272116717e-15,999999999.9999979,42.93666666666665,42.93666666666665,5.1261432329232255,3.9550147740798045,inf,0,0,0,0,-1,inf,0,-1,0,0,-1,0,0,7600,0,0,0,2172,5428,1.4549191145271916,3.2770623293832437,False
intersection_turn,P0,15009,50,5.0,0.5,18.466739059274616,14.72403780401211,0.009574018071135964,2.2614855272116717e-15,999999999.9999979,42.799999999999976,42.799999999999976,5.261178575186386,3.9550147740798045,inf,0,0,0,0,-1,inf,0,-1,0,0,-1,0,0,7600,0,0,0,2168,5432,1.4879110174261083,3.4214766107077583,False
intersection_turn,P1,15009,50,5.0,0.5,18.466739059274616,14.72403780401211,0.009574018071135964,2.2614855272116717e-15,999999999.9999979,42.799999999999976,42.799999999999976,5.261178575186386,3.9550147740798045,inf,0,0,0,0,-1,inf,0,-1,0,0,-1,0,0,7600,0,0,0,2168,5432,1.4879110174261083,3.4214766107077583,False
intersection_turn,P2,15009,50,5.0,0.5,18.466739059274616,14.72403780401211,0.009574018071135964,2.2614855272116717e-15,999999999.9999979,42.799999999999976,42.799999999999976,5.261178575186386,3.9550147740798045,inf,0,0,0,0,-1,inf,0,-1,0,0,-1,0,0,7600,0,0,0,2168,5432,1.4879110174261083,3.4214766107077583,False
intersection_turn,P3,15009,50,5.0,0.5,18.466739059274616,14.72403780401211,0.009574018071135964,2.2614855272116717e-15,999999999.9999979,42.799999999999976,42.799999999999976,5.261178575186386,3.9550147740798045,inf,0,0,0,0,-1,inf,0,-1,0,0,-1,0,0,7600,0,0,0,2168,5432,1.4879110174261083,3.4214766107077583,False
intersection_turn,P4,15009,50,5.0,0.5,18.466739059274616,14.72403780401211,0.009574018071135964,2.2614855272116717e-15,999999999.9999979,42.799999999999976,42.799999999999976,5.261178575186386,3.9550147740798045,inf,0,0,0,0,-1,inf,0,-1,0,0,-1,0,0,7600,0,0,0,2168,5432,1.4879110174261083,3.4214766107077583,False
intersection_turn,P0,15010,50,5.0,0.5,18.472202948588965,14.72403780401211,0.009571135958587086,2.2614855272116717e-15,999999999.9999979,42.889999999999986,42.889999999999986,5.17224322707277,3.9550147740798045,inf,0,0,0,0,-1,inf,0,-1,0,0,-1,0,0,7600,0,0,0,2261,5339,1.5456970052763614,3.4980015524828243,False
intersection_turn,P1,15010,50,5.0,0.5,18.472202948588965,14.72403780401211,0.009571135958587086,2.2614855272116717e-15,999999999.9999979,42.889999999999986,42.889999999999986,5.17224322707277,3.9550147740798045,inf,0,0,0,0,-1,inf,0,-1,0,0,-1,0,0,7600,0,0,0,2261,5339,1.5456970052763614,3.4980015524828243,False
intersection_turn,P2,15010,50,5.0,0.5,18.472202948588965,14.72403780401211,0.009571135958587086,2.2614855272116717e-15,999999999.9999979,42.889999999999986,42.889999999999986,5.17224322707277,3.9550147740798045,inf,0,0,0,0,-1,inf,0,-1,0,0,-1,0,0,7600,0,0,0,2261,5339,1.5456970052763614,3.4980015524828243,False
intersection_turn,P3,15010,50,5.0,0.5,18.472202948588965,14.72403780401211,0.009571135958587086,2.2614855272116717e-15,999999999.9999979,42.889999999999986,42.889999999999986,5.17224322707277,3.9550147740798045,inf,0,0,0,0,-1,inf,0,-1,0,0,-1,0,0,7600,0,0,0,2261,5339,1.5456970052763614,3.4980015524828243,False
intersection_turn,P4,15010,50,5.0,0.5,18.472202948588965,14.72403780401211,0.009571135958587086,2.2614855272116717e-15,999999999.9999979,42.889999999999986,42.889999999999986,5.17224322707277,3.9550147740798045,inf,0,0,0,0,-1,inf,0,-1,0,0,-1,0,0,7600,0,0,0,2261,5339,1.5456970052763614,3.4980015524828243,False
intersection_turn,P0,15011,50,5.0,0.5,18.473634813951303,14.72403780401211,0.009570406987820789,2.2614855272116717e-15,999999999.9999979,42.92999999999999,42.92999999999999,5.132728319324926,3.9550147740798045,inf,0,0,0,0,-1,inf,0,-1,0,0,-1,0,0,7600,0,0,0,2114,5486,1.5636106186991803,3.515793623321699,False
intersection_turn,P1,15011,50,5.0,0.5,18.473634813951303,14.72403780401211,0.009570406987820789,2.2614855272116717e-15,999999999.9999979,42.92999999999999,42.92999999999999,5.132728319324926,3.9550147740798045,inf,0,0,0,0,-1,inf,0,-1,0,0,-1,0,0,7600,0,0,0,2114,5486,1.5636106186991803,3.515793623321699,False
intersection_turn,P2,15011,50,5.0,0.5,18.473634813951303,14.72403780401211,0.009570406987820789,2.2614855272116717e-15,999999999.9999979,42.92999999999999,42.92999999999999,5.132728319324926,3.9550147740798045,inf,0,0,0,0,-1,inf,0,-1,0,0,-1,0,0,7600,0,0,0,2114,5486,1.5636106186991803,3.515793623321699,False
intersection_turn,P3,15011,50,5.0,0.5,18.473634813951303,14.72403780401211,0.009570406987820789,2.2614855272116717e-15,999999999.9999979,42.92999999999999,42.92999999999999,5.132728319324926,3.9550147740798045,inf,0,0,0,0,-1,inf,0,-1,0,0,-1,0,0,7600,0,0,0,2114,5486,1.5636106186991803,3.515793623321699,False
intersection_turn,P4,15011,50,5.0,0.5,18.473634813951303,14.72403780401211,0.009570406987820789,2.2614855272116717e-15,999999999.9999979,42.92999999999999,42.92999999999999,5.132728319324926,3.9550147740798045,inf,0,0,0,0,-1,inf,0,-1,0,0,-1,0,0,7600,0,0,0,2114,5486,1.5636106186991803,3.515793623321699,False
intersection_turn,P0,15012,50,5.0,0.5,18.473982602777326,14.72403780401211,0.0095701763099365,2.2614855272116717e-15,999999999.9999979,42.889999999999986,42.889999999999986,5.17224322707277,3.9550147740798045,inf,0,0,0,0,-1,inf,0,-1,0,0,-1,0,0,7600,0,0,0,2192,5408,1.4832489623529344,3.378397289049119,False
intersection_turn,P1,15012,50,5.0,0.5,18.473982602777326,14.72403780401211,0.0095701763099365,2.2614855272116717e-15,999999999.9999979,42.889999999999986,42.889999999999986,5.17224322707277,3.9550147740798045,inf,0,0,0,0,-1,inf,0,-1,0,0,-1,0,0,7600,0,0,0,2192,5408,1.4832489623529344,3.378397289049119,False
intersection_turn,P2,15012,50,5.0,0.5,18.473982602777326,14.72403780401211,0.0095701763099365,2.2614855272116717e-15,999999999.9999979,42.889999999999986,42.889999999999986,5.17224322707277,3.9550147740798045,inf,0,0,0,0,-1,inf,0,-1,0,0,-1,0,0,7600,0,0,0,2192,5408,1.4832489623529344,3.378397289049119,False
intersection_turn,P3,15012,50,5.0,0.5,18.473982602777326,14.72403780401211,0.0095701763099365,2.2614855272116717e-15,999999999.9999979,42.889999999999986,42.889999999999986,5.17224322707277,3.9550147740798045,inf,0,0,0,0,-1,inf,0,-1,0,0,-1,0,0,7600,0,0,0,2192,5408,1.4832489623529344,3.378397289049119,False
intersection_turn,P4,15012,50,5.0,0.5,18.473982602777326,14.72403780401211,0.0095701763099365,2.2614855272116717e-15,999999999.9999979,42.889999999999986,42.889999999999986,5.17224322707277,3.9550147740798045,inf,0,0,0,0,-1,inf,0,-1,0,0,-1,0,0,7600,0,0,0,2192,5408,1.4832489623529344,3.378397289049119,False
intersection_turn,P0,15013,50,5.0,0.5,18.46839251411939,14.72403780401211,0.009572987479367644,2.2614855272116717e-15,999999999.9999979,42.749999999999986,42.749999999999986,5.310602602341861,3.9550147740798045,inf,0,0,0,0,-1,inf,0,-1,0,0,-1,0,0,7600,0,0,0,2182,5418,1.4959453308662753,3.465446967016718,False
intersection_turn,P1,15013,50,5.0,0.5,18.46839251411939,14.72403780401211,0.009572987479367644,2.2614855272116717e-15,999999999.9999979,42.749999999999986,42.749999999999986,5.310602602341861,3.9550147740798045,inf,0,0,0,0,-1,inf,0,-1,0,0,-1,0,0,7600,0,0,0,2182,5418,1.4959453308662753,3.465446967016718,False
intersection_turn,P2,15013,50,5.0,0.5,18.46839251411939,14.72403780401211,0.009572987479367644,2.2614855272116717e-15,999999999.9999979,42.749999999999986,42.749999999999986,5.310602602341861,3.9550147740798045,inf,0,0,0,0,-1,inf,0,-1,0,0,-1,0,0,7600,0,0,0,2182,5418,1.4959453308662753,3.465446967016718,False
intersection_turn,P3,15013,50,5.0,0.5,18.46839251411939,14.72403780401211,0.009572987479367644,2.2614855272116717e-15,999999999.9999979,42.749999999999986,42.749999999999986,5.310602602341861,3.9550147740798045,inf,0,0,0,0,-1,inf,0,-1,0,0,-1,0,0,7600,0,0,0,2182,5418,1.4959453308662753,3.465446967016718,False
intersection_turn,P4,15013,50,5.0,0.5,18.46839251411939,14.72403780401211,0.009572987479367644,2.2614855272116717e-15,999999999.9999979,42.749999999999986,42.749999999999986,5.310602602341861,3.9550147740798045,inf,0,0,0,0,-1,inf,0,-1,0,0,-1,0,0,7600,0,0,0,2182,5418,1.4959453308662753,3.465446967016718,False
intersection_turn,P0,15014,50,5.0,0.5,18.475067846766407,14.72403780401211,0.009569670878400764,2.2614855272116717e-15,999999999.9999979,42.93999999999998,42.93999999999998,5.12285076885909,3.9550147740798045,inf,0,0,0,0,-1,inf,0,-1,0,0,-1,0,0,7600,0,0,0,2203,5397,1.3930366724141978,3.2661260145222544,False
intersection_turn,P1,15014,50,5.0,0.5,18.475067846766407,14.72403780401211,0.009569670878400764,2.2614855272116717e-15,999999999.9999979,42.93999999999998,42.93999999999998,5.12285076885909,3.9550147740798045,inf,0,0,0,0,-1,inf,0,-1,0,0,-1,0,0,7600,0,0,0,2203,5397,1.3930366724141978,3.2661260145222544,False
intersection_turn,P2,15014,50,5.0,0.5,18.475067846766407,14.72403780401211,0.009569670878400764,2.2614855272116717e-15,999999999.9999979,42.93999999999998,42.93999999999998,5.12285076885909,3.9550147740798045,inf,0,0,0,0,-1,inf,0,-1,0,0,-1,0,0,7600,0,0,0,2203,5397,1.3930366724141978,3.2661260145222544,False
intersection_turn,P3,15014,50,5.0,0.5,18.475067846766407,14.72403780401211,0.009569670878400764,2.2614855272116717e-15,999999999.9999979,42.93999999999998,42.93999999999998,5.12285076885909,3.9550147740798045,inf,0,0,0,0,-1,inf,0,-1,0,0,-1,0,0,7600,0,0,0,2203,5397,1.3930366724141978,3.2661260145222544,False
intersection_turn,P4,15014,50,5.0,0.5,18.475067846766407,14.72403780401211,0.009569670878400764,2.2614855272116717e-15,999999999.9999979,42.93999999999998,42.93999999999998,5.12285076885909,3.9550147740798045,inf,0,0,0,0,-1,inf,0,-1,0,0,-1,0,0,7600,0,0,0,2203,5397,1.3930366724141978,3.2661260145222544,False
intersection_turn,P0,15015,50,5.0,0.5,18.471553493780885,14.72403780401211,0.009571489898987132,2.2614855272116717e-15,999999999.9999979,42.893333333333324,42.893333333333324,5.16895003307679,3.9550147740798045,inf,0,0,0,0,-1,inf,0,-1,0,0,-1,0,0,7600,0,0,0,2153,5447,1.6304225320712176,3.6134589648228355,False
intersection_turn,P1,15015,50,5.0,0.5,18.47076602033112,14.72403780401211,0.009571879985467525,2.2614855272116717e-15,999999999.9999979,42.87,42.87,5.192003466870956,3.9550147740798045,inf,0,0,0,0,-1,inf,0,-1,0,0,-1,0,0,7600,0,0,0,2147,5453,1.6304225320712176,3.6134589648228355,False
intersection_turn,P2,15015,50,5.0,0.5,18.471553493780885,14.72403780401211,0.009571489898987132,2.2614855272116717e-15,999999999.9999979,42.893333333333324,42.893333333333324,5.16895003307679,3.9550147740798045,inf,0,0,0,0,-1,inf,0,-1,0,0,-1,0,0,7600,0,0,0,2153,5447,1.6304225320712176,3.6134589648228355,False
intersection_turn,P3,15015,50,5.0,0.5,18.471553493780885,14.72403780401211,0.009571489898987132,2.2614855272116717e-15,999999999.9999979,42.893333333333324,42.893333333333324,5.16895003307679,3.9550147740798045,inf,0,0,0,0,-1,inf,0,-1,0,0,-1,0,0,7600,0,0,0,2153,5447,1.6304225320712176,3.6134589648228355,False
intersection_turn,P4,15015,50,5.0,0.5,18.471553493780885,14.72403780401211,0.009571489898987132,2.2614855272116717e-15,999999999.9999979,42.893333333333324,42.893333333333324,5.16895003307679,3.9550147740798045,inf,0,0,0,0,-1,inf,0,-1,0,0,-1,0,0,7600,0,0,0,2153,5447,1.6304225320712176,3.6134589648228355,False
intersection_turn,P0,15016,50,5.0,0.5,18.97740076070694,14.72403780401211,0.00848659509663418,2.0707175358668105e-15,999999999.9999979,44.19000000000001,44.19000000000001,3.8930836107127096,3.075487864675807,inf,0,0,0,0,-1,inf,0,-1,0,0,-1,0,0,7600,0,0,0,2680,4920,1.5718591228631373,3.489412540494337,False
intersection_turn,P1,15016,50,5.0,0.5,18.97740076070694,14.72403780401211,0.00848659509663418,2.0707175358668105e-15,999999999.9999979,44.19000000000001,44.19000000000001,3.8930836107127096,3.075487864675807,inf,0,0,0,0,-1,inf,0,-1,0,0,-1,0,0,7600,0,0,0,2680,4920,1.5718591228631373,3.489412540494337,False
intersection_turn,P2,15016,50,5.0,0.5,18.97740076070694,14.72403780401211,0.00848659509663418,2.0707175358668105e-15,999999999.9999979,44.19000000000001,44.19000000000001,3.8930836107127096,3.075487864675807,inf,0,0,0,0,-1,inf,0,-1,0,0,-1,0,0,7600,0,0,0,2680,4920,1.5718591228631373,3.489412540494337,False
intersection_turn,P3,15016,50,5.0,0.5,18.97740076070694,14.72403780401211,0.00848659509663418,2.0707175358668105e-15,999999999.9999979,44.19000000000001,44.19000000000001,3.8930836107127096,3.075487864675807,inf,0,0,0,0,-1,inf,0,-1,0,0,-1,0,0,7600,0,0,0,2680,4920,1.5718591228631373,3.489412540494337,False
intersection_turn,P4,15016,50,5.0,0.5,18.97740076070694,14.72403780401211,0.00848659509663418,2.0707175358668105e-15,999999999.9999979,44.19000000000001,44.19000000000001,3.8930836107127096,3.075487864675807,inf,0,0,0,0,-1,inf,0,-1,0,0,-1,0,0,7600,0,0,0,2680,4920,1.5718591228631373,3.489412540494337,False
intersection_turn,P0,15017,50,5.0,0.5,18.468974319210112,14.72403780401211,0.00957272249190506,2.2614855272116717e-15,999999999.9999979,42.78999999999999,42.78999999999999,5.2710625114866625,3.9550147740798045,inf,0,0,0,0,-1,inf,0,-1,0,0,-1,0,0,7600,0,0,0,2187,5413,1.52269213325376,3.4426984879084,False
intersection_turn,P1,15017,50,5.0,0.5,18.468974319210112,14.72403780401211,0.00957272249190506,2.2614855272116717e-15,999999999.9999979,42.78999999999999,42.78999999999999,5.2710625114866625,3.9550147740798045,inf,0,0,0,0,-1,inf,0,-1,0,0,-1,0,0,7600,0,0,0,2187,5413,1.52269213325376,3.4426984879084,False
intersection_turn,P2,15017,50,5.0,0.5,18.468974319210112,14.72403780401211,0.00957272249190506,2.2614855272116717e-15,999999999.9999979,42.78999999999999,42.78999999999999,5.2710625114866625,3.9550147740798045,inf,0,0,0,0,-1,inf,0,-1,0,0,-1,0,0,7600,0,0,0,2187,5413,1.52269213325376,3.4426984879084,False
intersection_turn,P3,15017,50,5.0,0.5,18.468974319210112,14.72403780401211,0.00957272249190506,2.2614855272116717e-15,999999999.9999979,42.78999999999999,42.78999999999999,5.2710625114866625,3.9550147740798045,inf,0,0,0,0,-1,inf,0,-1,0,0,-1,0,0,7600,0,0,0,2187,5413,1.52269213325376,3.4426984879084,False
intersection_turn,P4,15017,50,5.0,0.5,18.468974319210112,14.72403780401211,0.00957272249190506,2.2614855272116717e-15,999999999.9999979,42.78999999999999,42.78999999999999,5.2710625114866625,3.9550147740798045,inf,0,0,0,0,-1,inf,0,-1,0,0,-1,0,0,7600,0,0,0,2187,5413,1.52269213325376,3.4426984879084,False
intersection_turn,P0,15018,50,5.0,0.5,18.499977248826504,14.72403780401211,0.009474589659227461,2.1405245082893112e-15,999999999.9999979,43.04999999999999,43.04999999999999,5.01422975141747,3.939213603707686,inf,0,0,0,0,-1,inf,0,-1,0,0,-1,0,0,7600,0,0,0,2395,5205,1.561547592606322,3.4951397003472353,False
intersection_turn,P1,15018,50,5.0,0.5,18.499977248826504,14.72403780401211,0.009474589659227461,2.1405245082893112e-15,999999999.9999979,43.04999999999999,43.04999999999999,5.01422975141747,3.939213603707686,inf,0,0,0,0,-1,inf,0,-1,0,0,-1,0,0,7600,0,0,0,2395,5205,1.561547592606322,3.4951397003472353,False
intersection_turn,P2,15018,50,5.0,0.5,18.499977248826504,14.72403780401211,0.009474589659227461,2.1405245082893112e-15,999999999.9999979,43.04999999999999,43.04999999999999,5.01422975141747,3.939213603707686,inf,0,0,0,0,-1,inf,0,-1,0,0,-1,0,0,7600,0,0,0,2395,5205,1.561547592606322,3.4951397003472353,False
intersection_turn,P3,15018,50,5.0,0.5,18.499977248826504,14.72403780401211,0.009474589659227461,2.1405245082893112e-15,999999999.9999979,43.04999999999999,43.04999999999999,5.01422975141747,3.939213603707686,inf,0,0,0,0,-1,inf,0,-1,0,0,-1,0,0,7600,0,0,0,2395,5205,1.561547592606322,3.4951397003472353,False
intersection_turn,P4,15018,50,5.0,0.5,18.499977248826504,14.72403780401211,0.009474589659227461,2.1405245082893112e-15,999999999.9999979,43.04999999999999,43.04999999999999,5.01422975141747,3.939213603707686,inf,0,0,0,0,-1,inf,0,-1,0,0,-1,0,0,7600,0,0,0,2395,5205,1.561547592606322,3.4951397003472353,False
intersection_turn,P0,15019,50,5.0,0.5,18.989975779148725,14.72403780401211,0.008475647801998719,2.0707175358668105e-15,999999999.9999979,44.309999999999995,44.309999999999995,3.7757250959252895,3.075487864675807,inf,0,0,0,0,-1,inf,0,-1,0,0,-1,0,0,7600,0,0,0,2724,4876,1.5743522403351407,3.4794510814667836,False
intersection_turn,P1,15019,50,5.0,0.5,18.989975779148725,14.72403780401211,0.008475647801998719,2.0707175358668105e-15,999999999.9999979,44.309999999999995,44.309999999999995,3.7757250959252895,3.075487864675807,inf,0,0,0,0,-1,inf,0,-1,0,0,-1,0,0,7600,0,0,0,2724,4876,1.5743522403351407,3.4794510814667836,False
intersection_turn,P2,15019,50,5.0,0.5,18.989975779148725,14.72403780401211,0.008475647801998719,2.0707175358668105e-15,999999999.9999979,44.309999999999995,44.309999999999995,3.7757250959252895,3.075487864675807,inf,0,0,0,0,-1,inf,0,-1,0,0,-1,0,0,7600,0,0,0,2724,4876,1.5743522403351407,3.4794510814667836,False
intersection_turn,P3,15019,50,5.0,0.5,18.989975779148725,14.72403780401211,0.008475647801998719,2.0707175358668105e-15,999999999.9999979,44.309999999999995,44.309999999999995,3.7757250959252895,3.075487864675807,inf,0,0,0,0,-1,inf,0,-1,0,0,-1,0,0,7600,0,0,0,2724,4876,1.5743522403351407,3.4794510814667836,False
intersection_turn,P4,15019,50,5.0,0.5,18.989975779148725,14.72403780401211,0.008475647801998719,2.0707175358668105e-15,999999999.9999979,44.309999999999995,44.309999999999995,3.7757250959252895,3.075487864675807,inf,0,0,0,0,-1,inf,0,-1,0,0,-1,0,0,7600,0,0,0,2724,4876,1.5743522403351407,3.4794510814667836,False
occluding_cut_in,P0,15000,50,5.0,0.5,11.267888282720728,7.327224075401506,0.2107706627715266,0.00021432353040528015,999785676.4695947,17.087302883832308,17.087302883832308,19.431160541768985,11.331044181969368,1.912697116167692,0,0,0,0,-1,inf,0,-1,0,0,-1,0,0,7600,182,0,3814,0,3604,1.8029692480110322,4.140925597920948,False
occluding_cut_in,P1,15000,50,5.0,0.5,11.317783592570613,7.340924320324938,0.20800412073676305,0.00020844263878270109,999791557.3612175,17.121780353335406,17.116962367430588,19.431160541768985,11.331044181969368,1.88314773956537,0,0,0,0,-1,inf,0,-1,0,0,-1,0,0,7600,257,0,3763,0,3580,1.8029692480110322,4.140925597920948,False
occluding_cut_in,P2,15000,50,5.0,0.5,11.281172157870188,7.340688870815291,0.2097296356476733,0.00020990463374568333,999790095.3662541,17.08730288383231,17.086426541833706,19.431160541768985,11.331044181969368,1.9135771939595783,0,0,0,0,-1,inf,0,-1,0,0,-1,0,0,7600,192,0,3804,0,3604,1.8029692480110322,4.140925597920948,False
occluding_cut_in,P3,15000,50,5.0,0.5,11.234115978422913,7.347532739074193,0.2132565692115898,0.0002082773269617516,999791722.6730384,17.09672071521911,17.09343247158598,19.431160541768985,11.331044181969368,1.9092338673411526,0,0,0,0,-1,inf,0,-1,0,0,-1,0,0,7600,216,0,3784,0,3600,1.8029692480110322,4.140925597920948,False
occluding_cut_in,P4,15000,50,5.0,0.5,11.267888282720728,7.327224075401506,0.2107706627715266,0.00021432353040528015,999785676.4695947,17.087302883832308,17.087302883832308,19.431160541768985,11.331044181969368,1.912697116167692,0,0,0,0,-1,inf,0,-1,0,0,-1,0,0,7600,182,0,3814,0,3604,1.8029692480110322,4.140925597920948,False
occluding_cut_in,P0,15001,50,5.0,0.5,11.267888282720728,7.327224075401506,0.2107706627715266,0.00021432353040528015,999785676.4695947,17.087302883832308,17.087302883832308,19.431160541768985,11.331044181969368,1.912697116167692,0,0,0,0,-1,inf,0,-1,0,0,-1,0,0,7600,182,0,3814,0,3604,1.8770559585775786,4.391566502196141,False
occluding_cut_in,P1,15001,50,5.0,0.5,11.308998829511795,7.347120509100741,0.20861593368995265,0.00020749174905207977,999792508.2509481,17.087302883832308,17.0846002770323,19.430094201262467,11.331044181969368,1.9154212449517773,0,0,0,0,-1,inf,0,-1,0,0,-1,0,0,7600,254,0,3742,0,3604,1.8770559585775786,4.391566502196141,False
occluding_cut_in,P2,15001,50,5.0,0.5,11.277123624067267,7.331337482424192,0.21035847978845165,0.00021300644759230826,999786993.5524075,17.087302883832304,17.08682042164354,19.430094201262467,11.331044181969368,1.913193285685995,0,0,0,0,-1,inf,0,-1,0,0,-1,0,0,7600,207,0,3789,0,3604,1.8770559585775786,4.391566502196141,False
occluding_cut_in,P3,15001,50,5.0,0.5,11.272727078473352,7.347277451802598,0.21016357905894725,0.00020785407926597092,999792145.920734,17.087302883832304,17.086958375649086,19.431160541768985,11.331044181969368,1.913149005085399,0,0,0,0,-1,inf,0,-1,0,0,-1,0,0,7600,191,0,3805,0,3604,1.8770559585775786,4.391566502196141,False
occluding_cut_in,P4,15001,50,5.0,0.5,11.267888282720728,7.327224075401506,0.2107706627715266,0.00021432353040528015,999785676.4695947,17.087302883832308,17.087302883832308,19.431160541768985,11.331044181969368,1.912697116167692,0,0,0,0,-1,inf,0,-1,0,0,-1,0,0,7600,182,0,3814,0,3604,1.8770559585775786,4.391566502196141,False
occluding_cut_in,P0,15002,50,5.0,0.5,11.267888282720728,7.327224075401506,0.2107706627715266,0.00021432353040528015,999785676.4695947,17.087302883832308,17.087302883832308,19.431160541768985,11.331044181969368,1.912697116167692,0,0,0,0,-1,inf,0,-1,0,0,-1,0,0,7600,182,0,3814,0,3604,1.9844408763674926,4.409632679218499,False
occluding_cut_in,P1,15002,50,5.0,0.5,11.317319119307221,7.34927735771918,0.20786128060150882,0.00020631348633499947,999793686.5136652,17.121780353335414,17.11729961532519,19.430094201262467,11.331044181969368,1.8829699810294924,0,0,0,0,-1,inf,0,-1,0,0,-1,0,0,7600,274,0,3745,0,3581,1.9844408763674926,4.409632679218499,False
occluding_cut_in,P2,15002,50,5.0,0.5,11.279361912896213,7.332113693679981,0.2100884834712571,0.00021137485237719998,999788625.147623,17.087302883832304,17.08669665353498,19.430094201262467,11.331044181969368,1.9133038564810327,0,0,0,0,-1,inf,0,-1,0,0,-1,0,0,7600,207,0,3789,0,3604,1.9844408763674926,4.409632679218499,False
occluding_cut_in,P3,15002,50,5.0,0.5,11.271959506513124,7.335881601140441,0.21027690254954082,0.00021045185835408037,999789548.1416459,17.087302883832308,17.087194917016916,19.431160541768985,11.331044181969368,1.9128245916561997,0,0,0,0,-1,inf,0,-1,0,0,-1,0,0,7600,182,0,3814,0,3604,1.9844408763674926,4.409632679218499,False
occluding_cut_in,P4,15002,50,5.0,0.5,11.267888282720728,7.327224075401506,0.2107706627715266,0.00021432353040528015,999785676.4695947,17.087302883832308,17.087302883832308,19.431160541768985,11.331044181969368,1.912697116167692,0,0,0,0,-1,inf,0,-1,0,0,-1,0,0,7600,182,0,3814,0,3604,1.9844408763674926,4.409632679218499,False
occluding_cut_in,P0,15003,50,5.0,0.5,11.267888282720728,7.327224075401506,0.2107706627715266,0.00021432353040528015,999785676.4695947,17.087302883832308,17.087302883832308,19.431160541768985,11.331044181969368,1.912697116167692,0,0,0,0,-1,inf,0,-1,0,0,-1,0,0,7600,182,0,3814,0,3604,1.7815224882299439,4.111772128384117,False
occluding_cut_in,P1,15003,50,5.0,0.5,11.317737018469153,7.347697923399429,0.20786527404869443,0.00020669870706799598,999793301.292932,17.1217803533354,17.11722384637169,19.430094201262467,11.331044181969368,1.8830018139341327,0,0,0,0,-1,inf,0,-1,0,0,-1,0,0,7600,265,0,3754,0,3581,1.7815224882299439,4.111772128384117,False
occluding_cut_in,P2,15003,50,5.0,0.5,11.237984396402712,7.348411669860199,0.2133351507000627,0.00020808773445762889,999791912.2655423,17.096720715219103,17.092765427591445,19.430094201262467,11.331044181969368,1.9095319180822474,0,0,0,0,-1,inf,0,-1,0,0,-1,0,0,7600,241,0,3759,0,3600,1.7815224882299439,4.111772128384117,False
occluding_cut_in,P3,15003,50,5.0,0.5,11.234115978422913,7.347532739074193,0.2132565692115898,0.0002082773269617516,999791722.6730384,17.09672071521911,17.09343247158598,19.431160541768985,11.331044181969368,1.9092338673411526,0,0,0,0,-1,inf,0,-1,0,0,-1,0,0,7600,216,0,3784,0,3600,1.7815224882299439,4.111772128384117,False
occluding_cut_in,P4,15003,50,5.0,0.5,11.267888282720728,7.327224075401506,0.2107706627715266,0.00021432353040528015,999785676.4695947,17.087302883832308,17.087302883832308,19.431160541768985,11.331044181969368,1.912697116167692,0,0,0,0,-1,inf,0,-1,0,0,-1,0,0,7600,182,0,3814,0,3604,1.7815224882299439,4.111772128384117,False
occluding_cut_in,P0,15004,50,5.0,0.5,11.267888282720728,7.327224075401506,0.2107706627715266,0.00021432353040528015,999785676.4695947,17.087302883832308,17.087302883832308,19.431160541768985,11.331044181969368,1.912697116167692,0,0,0,0,-1,inf,0,-1,0,0,-1,0,0,7600,182,0,3814,0,3604,1.8528979945337958,4.179216941300658,False
occluding_cut_in,P1,15004,50,5.0,0.5,11.317783592570613,7.340924320324938,0.20800412073676305,0.00020844263878270109,999791557.3612175,17.121780353335406,17.116962367430588,19.431160541768985,11.331044181969368,1.88314773956537,0,0,0,0,-1,inf,0,-1,0,0,-1,0,0,7600,257,0,3763,0,3580,1.8528979945337958,4.179216941300658,False
occluding_cut_in,P2,15004,50,5.0,0.5,11.311378602159753,7.349014587157961,0.2079716628434389,0.00020637574603807663,999793624.2539618,17.121780353335414,17.117622715201758,19.431160541768985,11.331044181969368,1.8824849619202388,0,0,0,0,-1,inf,0,-1,0,0,-1,0,0,7600,237,0,3784,0,3579,1.8528979945337958,4.179216941300658,False
occluding_cut_in,P3,15004,50,5.0,0.5,11.271959506513124,7.335881601140441,0.21027690254954082,0.00021045185835408037,999789548.1416459,17.087302883832308,17.087194917016916,19.431160541768985,11.331044181969368,1.9128245916561997,0,0,0,0,-1,inf,0,-1,0,0,-1,0,0,7600,182,0,3814,0,3604,1.8528979945337958,4.179216941300658,False
occluding_cut_in,P4,15004,50,5.0,0.5,11.267888282720728,7.327224075401506,0.2107706627715266,0.00021432353040528015,999785676.4695947,17.087302883832308,17.087302883832308,19.431160541768985,11.331044181969368,1.912697116167692,0,0,0,0,-1,inf,0,-1,0,0,-1,0,0,7600,182,0,3814,0,3604,1.8528979945337958,4.179216941300658,False
occluding_cut_in,P0,15005,50,5.0,0.5,11.267888282720728,7.327224075401506,0.2107706627715266,0.00021432353040528015,999785676.4695947,17.087302883832308,17.087302883832308,19.431160541768985,11.331044181969368,1.912697116167692,0,0,0,0,-1,inf,0,-1,0,0,-1,0,0,7600,182,0,3814,0,3604,1.7461476271457061,4.0820762434835,False
occluding_cut_in,P1,15005,50,5.0,0.5,11.281172157870188,7.340688870815291,0.2097296356476733,0.00020990463374568333,999790095.3662541,17.08730288383231,17.086426541833706,19.431160541768985,11.331044181969368,1.9135771939595783,0,0,0,0,-1,inf,0,-1,0,0,-1,0,0,7600,192,0,3804,0,3604,1.7461476271457061,4.0820762434835,False
occluding_cut_in,P2,15005,50,5.0,0.5,11.267888282720728,7.327224075401506,0.2107706627715266,0.00021432353040528015,999785676.4695947,17.087302883832308,17.087302883832308,19.431160541768985,11.331044181969368,1.912697116167692,0,0,0,0,-1,inf,0,-1,0,0,-1,0,0,7600,182,0,3814,0,3604,1.7461476271457061,4.0820762434835,False
occluding_cut_in,P3,15005,50,5.0,0.5,11.271959506513124,7.335881601140441,0.21027690254954082,0.00021045185835408037,999789548.1416459,17.087302883832308,17.087194917016916,19.431160541768985,11.331044181969368,1.9128245916561997,0,0,0,0,-1,inf,0,-1,0,0,-1,0,0,7600,182,0,3814,0,3604,1.7461476271457061,4.0820762434835,False
occluding_cut_in,P4,15005,50,5.0,0.5,11.267888282720728,7.327224075401506,0.2107706627715266,0.00021432353040528015,999785676.4695947,17.087302883832308,17.087302883832308,19.431160541768985,11.331044181969368,1.912697116167692,0,0,0,0,-1,inf,0,-1,0,0,-1,0,0,7600,182,0,3814,0,3604,1.7461476271457061,4.0820762434835,False
occluding_cut_in,P0,15006,50,5.0,0.5,11.267888282720728,7.327224075401506,0.2107706627715266,0.00021432353040528015,999785676.4695947,17.087302883832308,17.087302883832308,19.431160541768985,11.331044181969368,1.912697116167692,0,0,0,0,-1,inf,0,-1,0,0,-1,0,0,7600,182,0,3814,0,3604,1.8288023278894938,4.204243865628658,False
occluding_cut_in,P1,15006,50,5.0,0.5,11.30815976414788,7.346969508872786,0.20870055795720902,0.00020762557142257526,999792374.4285775,17.087302883832322,17.08472641182488,19.430048105437574,11.331044181969368,1.91531324796778,0,0,0,0,-1,inf,0,-1,0,0,-1,0,0,7600,260,0,3736,0,3604,1.8288023278894938,4.204243865628658,False
occluding_cut_in,P2,15006,50,5.0,0.5,11.237443136743446,7.348496364291064,0.21337678219934827,0.00020807168041350188,999791928.3195865,17.096720715219117,17.092725783096938,19.430048105437574,11.331044181969368,1.9095945638237422,0,0,0,0,-1,inf,0,-1,0,0,-1,0,0,7600,242,0,3758,0,3600,1.8288023278894938,4.204243865628658,False
occluding_cut_in,P3,15006,50,5.0,0.5,11.234115978422913,7.347532739074193,0.2132565692115898,0.0002082773269617516,999791722.6730384,17.09672071521911,17.09343247158598,19.431160541768985,11.331044181969368,1.9092338673411526,0,0,0,0,-1,inf,0,-1,0,0,-1,0,0,7600,216,0,3784,0,3600,1.8288023278894938,4.204243865628658,False
occluding_cut_in,P4,15006,50,5.0,0.5,11.267888282720728,7.327224075401506,0.2107706627715266,0.00021432353040528015,999785676.4695947,17.087302883832308,17.087302883832308,19.431160541768985,11.331044181969368,1.912697116167692,0,0,0,0,-1,inf,0,-1,0,0,-1,0,0,7600,182,0,3814,0,3604,1.8288023278894938,4.204243865628658,False
occluding_cut_in,P0,15007,50,5.0,0.5,11.267888282720728,7.327224075401506,0.2107706627715266,0.00021432353040528015,999785676.4695947,17.087302883832308,17.087302883832308,19.431160541768985,11.331044181969368,1.912697116167692,0,0,0,0,-1,inf,0,-1,0,0,-1,0,0,7600,182,0,3814,0,3604,1.9923192698093404,4.504491166825627,False
occluding_cut_in,P1,15007,50,5.0,0.5,11.317783592570613,7.340924320324938,0.20800412073676305,0.00020844263878270109,999791557.3612175,17.121780353335406,17.116962367430588,19.431160541768985,11.331044181969368,1.88314773956537,0,0,0,0,-1,inf,0,-1,0,0,-1,0,0,7600,257,0,3763,0,3580,1.9923192698093404,4.504491166825627,False
occluding_cut_in,P2,15007,50,5.0,0.5,11.271959506513124,7.335881601140441,0.21027690254954082,0.00021045185835408037,999789548.1416459,17.087302883832308,17.087194917016916,19.431160541768985,11.331044181969368,1.9128245916561997,0,0,0,0,-1,inf,0,-1,0,0,-1,0,0,7600,182,0,3814,0,3604,1.9923192698093404,4.504491166825627,False
occluding_cut_in,P3,15007,50,5.0,0.5,11.271959506513124,7.335881601140441,0.21027690254954082,0.00021045185835408037,999789548.1416459,17.087302883832308,17.087194917016916,19.431160541768985,11.331044181969368,1.9128245916561997,0,0,0,0,-1,inf,0,-1,0,0,-1,0,0,7600,182,0,3814,0,3604,1.9923192698093404,4.504491166825627,False
occluding_cut_in,P4,15007,50,5.0,0.5,11.267888282720728,7.327224075401506,0.2107706627715266,0.00021432353040528015,999785676.4695947,17.087302883832308,17.087302883832308,19.431160541768985,11.331044181969368,1.912697116167692,0,0,0,0,-1,inf,0,-1,0,0,-1,0,0,7600,182,0,3814,0,3604,1.9923192698093404,4.504491166825627,False
occluding_cut_in,P0,15008,50,5.0,0.5,11.267888282720728,7.327224075401506,0.2107706627715266,0.00021432353040528015,999785676.4695947,17.087302883832308,17.087302883832308,19.431160541768985,11.331044181969368,1.912697116167692,0,0,0,0,-1,inf,0,-1,0,0,-1,0,0,7600,182,0,3814,0,3604,1.7478089931394922,4.076344253157223,False
occluding_cut_in,P1,15008,50,5.0,0.5,11.30374712546382,7.351436410970007,0.2084816638955532,0.0002060536343597253,999793946.3656402,17.109263734065532,17.10706766941568,19.430094201262467,11.331044181969368,1.8929331610133158,0,0,0,0,-1,inf,0,-1,0,0,-1,0,0,7600,229,0,3780,0,3591,1.7478089931394922,4.076344253157223,False
occluding_cut_in,P2,15008,50,5.0,0.5,11.242095386263324,7.3487750725582055,0.21339878044954438,0.00020804090547800493,999791959.094522,17.096720715219114,17.092146062856212,19.42906718105352,11.331044181969368,1.9097912970261546,0,0,0,0,-1,inf,0,-1,0,0,-1,0,0,7600,276,0,3732,0,3592,1.7478089931394922,4.076344253157223,False
occluding_cut_in,P3,15008,50,5.0,0.5,11.234115978422913,7.347532739074193,0.2132565692115898,0.0002082773269617516,999791722.6730384,17.09672071521911,17.09343247158598,19.431160541768985,11.331044181969368,1.9092338673411526,0,0,0,0,-1,inf,0,-1,0,0,-1,0,0,7600,216,0,3784,0,3600,1.7478089931394922,4.076344253157223,False
occluding_cut_in,P4,15008,50,5.0,0.5,11.267888282720728,7.327224075401506,0.2107706627715266,0.00021432353040528015,999785676.4695947,17.087302883832308,17.087302883832308,19.431160541768985,11.331044181969368,1.912697116167692,0,0,0,0,-1,inf,0,-1,0,0,-1,0,0,7600,182,0,3814,0,3604,1.7478089931394922,4.076344253157223,False
occluding_cut_in,P0,15009,50,5.0,0.5,11.267888282720728,7.327224075401506,0.2107706627715266,0.00021432353040528015,999785676.4695947,17.087302883832308,17.087302883832308,19.431160541768985,11.331044181969368,1.912697116167692,0,0,0,0,-1,inf,0,-1,0,0,-1,0,0,7600,182,0,3814,0,3604,1.820219105147202,4.255274162271365,False
occluding_cut_in,P1,15009,50,5.0,0.5,11.30800178977677,7.346872248129354,0.20871911225034864,0.0002076778875018899,999792322.112498,17.087302883832308,17.084761037695827,19.430048105437574,11.331044181969368,1.9152843159252089,0,0,0,0,-1,inf,0,-1,0,0,-1,0,0,7600,264,0,3732,0,3604,1.820219105147202,4.255274162271365,False
occluding_cut_in,P2,15009,50,5.0,0.5,11.277324979066798,7.331814707253029,0.21033295076224431,0.00021284964618616586,999787150.3538138,17.087302883832315,17.086798357056182,19.430048105437574,11.331044181969368,1.9132136360357044,0,0,0,0,-1,inf,0,-1,0,0,-1,0,0,7600,208,0,3788,0,3604,1.820219105147202,4.255274162271365,False
occluding_cut_in,P3,15009,50,5.0,0.5,11.271959506513124,7.335881601140441,0.21027690254954082,0.00021045185835408037,999789548.1416459,17.087302883832308,17.087194917016916,19.431160541768985,11.331044181969368,1.9128245916561997,0,0,0,0,-1,inf,0,-1,0,0,-1,0,0,7600,182,0,3814,0,3604,1.820219105147202,4.255274162271365,False
occluding_cut_in,P4,15009,50,5.0,0.5,11.267888282720728,7.327224075401506,0.2107706627715266,0.00021432353040528015,999785676.4695947,17.087302883832308,17.087302883832308,19.431160541768985,11.331044181969368,1.912697116167692,0,0,0,0,-1,inf,0,-1,0,0,-1,0,0,7600,182,0,3814,0,3604,1.820219105147202,4.255274162271365,False
occluding_cut_in,P0,15010,50,5.0,0.5,11.267888282720728,7.327224075401506,0.2107706627715266,0.00021432353040528015,999785676.4695947,17.087302883832308,17.087302883832308,19.431160541768985,11.331044181969368,1.912697116167692,0,0,0,0,-1,inf,0,-1,0,0,-1,0,0,7600,182,0,3814,0,3604,1.8415667204913264,4.279935902521069,False
occluding_cut_in,P1,15010,50,5.0,0.5,11.323796424738557,7.340551811305513,0.20790138614253995,0.00020853186552129724,999791468.1344788,17.121780353335424,17.116618173303245,19.430073758811165,11.331044181969368,1.883639107197916,0,0,0,0,-1,inf,0,-1,0,0,-1,0,0,7600,290,0,3728,0,3582,1.8415667204913264,4.279935902521069,False
occluding_cut_in,P2,15010,50,5.0,0.5,11.286079728009017,7.344531283409557,0.20991135773334615,0.00020859818563513267,999791401.8143649,17.087302883832315,17.085899104253002,19.429105969747095,11.331044181969368,1.914111531967686,0,0,0,0,-1,inf,0,-1,0,0,-1,0,0,7600,247,0,3753,0,3600,1.8415667204913264,4.279935902521069,False
occluding_cut_in,P3,15010,50,5.0,0.5,11.272727078473352,7.347277451802598,0.21016357905894725,0.00020785407926597092,999792145.920734,17.087302883832304,17.086958375649086,19.431160541768985,11.331044181969368,1.913149005085399,0,0,0,0,-1,inf,0,-1,0,0,-1,0,0,7600,191,0,3805,0,3604,1.8415667204913264,4.279935902521069,False
occluding_cut_in,P4,15010,50,5.0,0.5,11.267888282720728,7.327224075401506,0.2107706627715266,0.00021432353040528015,999785676.4695947,17.087302883832308,17.087302883832308,19.431160541768985,11.331044181969368,1.912697116167692,0,0,0,0,-1,inf,0,-1,0,0,-1,0,0,7600,182,0,3814,0,3604,1.8415667204913264,4.279935902521069,False
occluding_cut_in,P0,15011,50,5.0,0.5,11.267888282720728,7.327224075401506,0.2107706627715266,0.00021432353040528015,999785676.4695947,17.087302883832308,17.087302883832308,19.431160541768985,11.331044181969368,1.912697116167692,0,0,0,0,-1,inf,0,-1,0,0,-1,0,0,7600,182,0,3814,0,3604,1.9324673733405848,4.387028370198084,False
occluding_cut_in,P1,15011,50,5.0,0.5,11.329320433898081,7.332106253957798,0.20798887156564894,0.00021079133868709152,999789208.661313,17.12178035333542,17.116065878104273,19.428979746309775,11.331044181969368,1.8842458135346978,0,0,0,0,-1,inf,0,-1,0,0,-1,0,0,7600,307,0,3711,0,3582,1.9324673733405848,4.387028370198084,False
occluding_cut_in,P2,15011,50,5.0,0.5,11.237081283433438,7.347109052039309,0.21466150889918045,0.00020886447096597603,999791135.5290341,17.11453108664462,17.10789203763665,19.42795271742619,11.331044181969368,1.893914251183964,0,0,0,0,-1,inf,0,-1,0,0,-1,0,0,7600,315,0,3697,0,3588,1.9324673733405848,4.387028370198084,False
occluding_cut_in,P3,15011,50,5.0,0.5,11.225860703385898,7.306477124987945,0.21426607060065175,0.00021907488638274686,999780925.1136171,17.096720715219107,17.093275839460258,19.431160541768985,11.331044181969368,1.9098437800511956,0,0,0,0,-1,inf,0,-1,0,0,-1,0,0,7600,221,0,3779,0,3600,1.9324673733405848,4.387028370198084,False
occluding_cut_in,P4,15011,50,5.0,0.5,11.267888282720728,7.327224075401506,0.2107706627715266,0.00021432353040528015,999785676.4695947,17.087302883832308,17.087302883832308,19.431160541768985,11.331044181969368,1.912697116167692,0,0,0,0,-1,inf,0,-1,0,0,-1,0,0,7600,182,0,3814,0,3604,1.9324673733405848,4.387028370198084,False
occluding_cut_in,P0,15012,50,5.0,0.5,11.267888282720728,7.327224075401506,0.2107706627715266,0.00021432353040528015,999785676.4695947,17.087302883832308,17.087302883832308,19.431160541768985,11.331044181969368,1.912697116167692,0,0,0,0,-1,inf,0,-1,0,0,-1,0,0,7600,182,0,3814,0,3604,1.875262938925473,4.2334912083064395,False
occluding_cut_in,P1,15012,50,5.0,0.5,11.323245775203263,7.336103709242501,0.20802947949944958,0.0002097203111315624,999790279.6888683,17.12178035333542,17.11647470765533,19.431160541768985,11.331044181969368,1.8837141271706073,0,0,0,0,-1,inf,0,-1,0,0,-1,0,0,7600,281,0,3737,0,3582,1.875262938925473,4.2334912083064395,False
occluding_cut_in,P2,15012,50,5.0,0.5,11.234115978422913,7.347532739074193,0.2132565692115898,0.0002082773269617516,999791722.6730384,17.09672071521911,17.09343247158598,19.431160541768985,11.331044181969368,1.9092338673411526,0,0,0,0,-1,inf,0,-1,0,0,-1,0,0,7600,216,0,3784,0,3600,1.875262938925473,4.2334912083064395,False
occluding_cut_in,P3,15012,50,5.0,0.5,11.225860703385898,7.306477124987945,0.21426607060065175,0.00021907488638274686,999780925.1136171,17.096720715219107,17.093275839460258,19.431160541768985,11.331044181969368,1.9098437800511956,0,0,0,0,-1,inf,0,-1,0,0,-1,0,0,7600,221,0,3779,0,3600,1.875262938925473,4.2334912083064395,False
occluding_cut_in,P4,15012,50,5.0,0.5,11.267888282720728,7.327224075401506,0.2107706627715266,0.00021432353040528015,999785676.4695947,17.087302883832308,17.087302883832308,19.431160541768985,11.331044181969368,1.912697116167692,0,0,0,0,-1,inf,0,-1,0,0,-1,0,0,7600,182,0,3814,0,3604,1.875262938925473,4.2334912083064395,False
occluding_cut_in,P0,15013,50,5.0,0.5,11.267888282720728,7.327224075401506,0.2107706627715266,0.00021432353040528015,999785676.4695947,17.087302883832308,17.087302883832308,19.431160541768985,11.331044181969368,1.912697116167692,0,0,0,0,-1,inf,0,-1,0,0,-1,0,0,7600,182,0,3814,0,3604,1.888614418193306,4.385670153201462,False
occluding_cut_in,P1,15013,50,5.0,0.5,11.323221865888478,7.336492199135528,0.20802345156181026,0.00020961554147513523,999790384.4585248,17.12178035333542,17.11648585854022,19.431160541768985,11.331044181969368,1.8837081838576055,0,0,0,0,-1,inf,0,-1,0,0,-1,0,0,7600,282,0,3736,0,3582,1.888614418193306,4.385670153201462,False
occluding_cut_in,P2,15013,50,5.0,0.5,11.237443136743446,7.348496364291064,0.21337678219934827,0.00020807168041350188,999791928.3195865,17.096720715219117,17.092725783096938,19.430048105437574,11.331044181969368,1.9095945638237422,0,0,0,0,-1,inf,0,-1,0,0,-1,0,0,7600,242,0,3758,0,3600,1.888614418193306,4.385670153201462,False
occluding_cut_in,P3,15013,50,5.0,0.5,11.234115978422913,7.347532739074193,0.2132565692115898,0.0002082773269617516,999791722.6730384,17.09672071521911,17.09343247158598,19.431160541768985,11.331044181969368,1.9092338673411526,0,0,0,0,-1,inf,0,-1,0,0,-1,0,0,7600,216,0,3784,0,3600,1.888614418193306,4.385670153201462,False
occluding_cut_in,P4,15013,50,5.0,0.5,11.267888282720728,7.327224075401506,0.2107706627715266,0.00021432353040528015,999785676.4695947,17.087302883832308,17.087302883832308,19.431160541768985,11.331044181969368,1.912697116167692,0,0,0,0,-1,inf,0,-1,0,0,-1,0,0,7600,182,0,3814,0,3604,1.888614418193306,4.385670153201462,False
occluding_cut_in,P0,15014,50,5.0,0.5,11.267888282720728,7.327224075401506,0.2107706627715266,0.00021432353040528015,999785676.4695947,17.087302883832308,17.087302883832308,19.431160541768985,11.331044181969368,1.912697116167692,0,0,0,0,-1,inf,0,-1,0,0,-1,0,0,7600,182,0,3814,0,3604,1.7619648705144504,4.103057296883126,False
occluding_cut_in,P1,15014,50,5.0,0.5,11.312940923933725,7.351209970811721,0.20821294100049745,0.00020590159378404969,999794098.4062161,17.10926373406553,17.106377819944512,19.431160541768985,11.331044181969368,1.893627307145357,0,0,0,0,-1,inf,0,-1,0,0,-1,0,0,7600,248,0,3761,0,3591,1.7619648705144504,4.103057296883126,False
occluding_cut_in,P2,15014,50,5.0,0.5,11.234115978422913,7.347532739074193,0.2132565692115898,0.0002082773269617516,999791722.6730384,17.09672071521911,17.09343247158598,19.431160541768985,11.331044181969368,1.9092338673411526,0,0,0,0,-1,inf,0,-1,0,0,-1,0,0,7600,216,0,3784,0,3600,1.7619648705144504,4.103057296883126,False
occluding_cut_in,P3,15014,50,5.0,0.5,11.234073069656134,7.347335823045719,0.2132618538943181,0.00020833406800779846,999791665.9319923,17.095747563781476,17.092459334514142,19.431160541768985,11.331044181969368,1.910205886567364,0,0,0,0,-1,inf,0,-1,0,0,-1,0,0,7600,216,0,3777,0,3607,1.7619648705144504,4.103057296883126,False
occluding_cut_in,P4,15014,50,5.0,0.5,11.267888282720728,7.327224075401506,0.2107706627715266,0.00021432353040528015,999785676.4695947,17.087302883832308,17.087302883832308,19.431160541768985,11.331044181969368,1.912697116167692,0,0,0,0,-1,inf,0,-1,0,0,-1,0,0,7600,182,0,3814,0,3604,1.7619648705144504,4.103057296883126,False
occluding_cut_in,P0,15015,50,5.0,0.5,11.267888282720728,7.327224075401506,0.2107706627715266,0.00021432353040528015,999785676.4695947,17.087302883832308,17.087302883832308,19.431160541768985,11.331044181969368,1.912697116167692,0,0,0,0,-1,inf,0,-1,0,0,-1,0,0,7600,182,0,3814,0,3604,1.9582336797398288,4.4675851407667775,False
occluding_cut_in,P1,15015,50,5.0,0.5,11.294827747378518,7.3381468969637,0.20960413055526295,0.00021080039267392812,999789199.6073259,17.0873028838323,17.085889491422154,19.42795271742619,11.331044181969368,1.9142331884842547,0,0,0,0,-1,inf,0,-1,0,0,-1,0,0,7600,269,0,3735,0,3596,1.9582336797398288,4.4675851407667775,False
occluding_cut_in,P2,15015,50,5.0,0.5,11.294827747378518,7.3381468969637,0.20960413055526295,0.00021080039267392812,999789199.6073259,17.0873028838323,17.085889491422154,19.42795271742619,11.331044181969368,1.9142331884842547,0,0,0,0,-1,inf,0,-1,0,0,-1,0,0,7600,269,0,3735,0,3596,1.9582336797398288,4.4675851407667775,False
occluding_cut_in,P3,15015,50,5.0,0.5,11.27959823775745,7.34627791106064,0.21001964959231348,0.00020811949895195827,999791880.501048,17.087302883832304,17.08643884012282,19.430094201262467,11.331044181969368,1.9136055059923018,0,0,0,0,-1,inf,0,-1,0,0,-1,0,0,7600,216,0,3780,0,3604,1.9582336797398288,4.4675851407667775,False
occluding_cut_in,P4,15015,50,5.0,0.5,11.267888282720728,7.327224075401506,0.2107706627715266,0.00021432353040528015,999785676.4695947,17.087302883832308,17.087302883832308,19.431160541768985,11.331044181969368,1.912697116167692,0,0,0,0,-1,inf,0,-1,0,0,-1,0,0,7600,182,0,3814,0,3604,1.9582336797398288,4.4675851407667775,False
occluding_cut_in,P0,15016,50,5.0,0.5,11.267888282720728,7.327224075401506,0.2107706627715266,0.00021432353040528015,999785676.4695947,17.087302883832308,17.087302883832308,19.431160541768985,11.331044181969368,1.912697116167692,0,0,0,0,-1,inf,0,-1,0,0,-1,0,0,7600,182,0,3814,0,3604,1.8751339988610303,4.255132238124313,False
occluding_cut_in,P1,15016,50,5.0,0.5,11.215314815311201,7.3562125437276515,0.2142774355330835,0.00020576808737174718,999794231.9126282,17.143537204129025,17.132519779316038,19.431160541768985,11.331044181969368,1.869272256776083,0,0,0,0,-1,inf,0,-1,0,0,-1,0,0,7600,369,0,3650,0,3581,1.8751339988610303,4.255132238124313,False
occluding_cut_in,P2,15016,50,5.0,0.5,11.234115978422913,7.347532739074193,0.2132565692115898,0.0002082773269617516,999791722.6730384,17.09672071521911,17.09343247158598,19.431160541768985,11.331044181969368,1.9092338673411526,0,0,0,0,-1,inf,0,-1,0,0,-1,0,0,7600,216,0,3784,0,3600,1.8751339988610303,4.255132238124313,False
occluding_cut_in,P3,15016,50,5.0,0.5,11.234115978422913,7.347532739074193,0.2132565692115898,0.0002082773269617516,999791722.6730384,17.09672071521911,17.09343247158598,19.431160541768985,11.331044181969368,1.9092338673411526,0,0,0,0,-1,inf,0,-1,0,0,-1,0,0,7600,216,0,3784,0,3600,1.8751339988610303,4.255132238124313,False
occluding_cut_in,P4,15016,50,5.0,0.5,11.267888282720728,7.327224075401506,0.2107706627715266,0.00021432353040528015,999785676.4695947,17.087302883832308,17.087302883832308,19.431160541768985,11.331044181969368,1.912697116167692,0,0,0,0,-1,inf,0,-1,0,0,-1,0,0,7600,182,0,3814,0,3604,1.8751339988610303,4.255132238124313,False
occluding_cut_in,P0,15017,50,5.0,0.5,11.267888282720728,7.327224075401506,0.2107706627715266,0.00021432353040528015,999785676.4695947,17.087302883832308,17.087302883832308,19.431160541768985,11.331044181969368,1.912697116167692,0,0,0,0,-1,inf,0,-1,0,0,-1,0,0,7600,182,0,3814,0,3604,1.8516435953845711,4.255737904041808,False
occluding_cut_in,P1,15017,50,5.0,0.5,11.317783592570613,7.340924320324938,0.20800412073676305,0.00020844263878270109,999791557.3612175,17.121780353335406,17.116962367430588,19.431160541768985,11.331044181969368,1.88314773956537,0,0,0,0,-1,inf,0,-1,0,0,-1,0,0,7600,257,0,3763,0,3580,1.8516435953845711,4.255737904041808,False
occluding_cut_in,P2,15017,50,5.0,0.5,11.309863290282236,7.352787589935944,0.20799125701341545,0.00020553158235295848,999794468.4176469,17.121780353335403,17.117893544408044,19.43013353196599,11.331044181969368,1.8823350330169113,0,0,0,0,-1,inf,0,-1,0,0,-1,0,0,7600,259,0,3764,0,3577,1.8516435953845711,4.255737904041808,False
occluding_cut_in,P3,15017,50,5.0,0.5,11.271959506513124,7.335881601140441,0.21027690254954082,0.00021045185835408037,999789548.1416459,17.087302883832308,17.087194917016916,19.431160541768985,11.331044181969368,1.9128245916561997,0,0,0,0,-1,inf,0,-1,0,0,-1,0,0,7600,182,0,3814,0,3604,1.8516435953845711,4.255737904041808,False
occluding_cut_in,P4,15017,50,5.0,0.5,11.267888282720728,7.327224075401506,0.2107706627715266,0.00021432353040528015,999785676.4695947,17.087302883832308,17.087302883832308,19.431160541768985,11.331044181969368,1.912697116167692,0,0,0,0,-1,inf,0,-1,0,0,-1,0,0,7600,182,0,3814,0,3604,1.8516435953845711,4.255737904041808,False
occluding_cut_in,P0,15018,50,5.0,0.5,11.267888282720728,7.327224075401506,0.2107706627715266,0.00021432353040528015,999785676.4695947,17.087302883832308,17.087302883832308,19.431160541768985,11.331044181969368,1.912697116167692,0,0,0,0,-1,inf,0,-1,0,0,-1,0,0,7600,182,0,3814,0,3604,1.8776757545007472,4.280567047228032,False
occluding_cut_in,P1,15018,50,5.0,0.5,11.322943974651084,7.334035547221251,0.20809220417928986,0.00021028078558816413,999789719.214412,17.1217803533354,17.116418816813685,19.431160541768985,11.331044181969368,1.8837443416425894,0,0,0,0,-1,inf,0,-1,0,0,-1,0,0,7600,275,0,3745,0,3580,1.8776757545007472,4.280567047228032,False
occluding_cut_in,P2,15018,50,5.0,0.5,11.311378602159753,7.349014587157961,0.2079716628434389,0.00020637574603807663,999793624.2539618,17.121780353335414,17.117622715201758,19.431160541768985,11.331044181969368,1.8824849619202388,0,0,0,0,-1,inf,0,-1,0,0,-1,0,0,7600,237,0,3784,0,3579,1.8776757545007472,4.280567047228032,False
occluding_cut_in,P3,15018,50,5.0,0.5,11.271959506513124,7.335881601140441,0.21027690254954082,0.00021045185835408037,999789548.1416459,17.087302883832308,17.087194917016916,19.431160541768985,11.331044181969368,1.9128245916561997,0,0,0,0,-1,inf,0,-1,0,0,-1,0,0,7600,182,0,3814,0,3604,1.8776757545007472,4.280567047228032,False
occluding_cut_in,P4,15018,50,5.0,0.5,11.267888282720728,7.327224075401506,0.2107706627715266,0.00021432353040528015,999785676.4695947,17.087302883832308,17.087302883832308,19.431160541768985,11.331044181969368,1.912697116167692,0,0,0,0,-1,inf,0,-1,0,0,-1,0,0,7600,182,0,3814,0,3604,1.8776757545007472,4.280567047228032,False
occluding_cut_in,P0,15019,50,5.0,0.5,11.267888282720728,7.327224075401506,0.2107706627715266,0.00021432353040528015,999785676.4695947,17.087302883832308,17.087302883832308,19.431160541768985,11.331044181969368,1.912697116167692,0,0,0,0,-1,inf,0,-1,0,0,-1,0,0,7600,182,0,3814,0,3604,1.8815068442314966,4.269814646692098,False
occluding_cut_in,P1,15019,50,5.0,0.5,11.331835967133403,7.3149064797177,0.20845588473934668,0.00021557699030110442,999784423.009699,17.121780353335417,17.11535503612542,19.43016726865015,15.062367217268713,1.8849336652263151,0,0,0,0,-1,inf,0,-1,0,0,-1,0,0,7600,322,0,3700,0,3578,1.8815068442314966,4.269814646692098,False
occluding_cut_in,P2,15019,50,5.0,0.5,11.29041419912351,7.342145767198837,0.20946651499948335,0.00020942562468207742,999790574.3753178,17.08730288383231,17.085952953616665,19.431160541768985,11.331044181969368,1.9140530995723863,0,0,0,0,-1,inf,0,-1,0,0,-1,0,0,7600,221,0,3775,0,3604,1.8815068442314966,4.269814646692098,False
occluding_cut_in,P3,15019,50,5.0,0.5,11.225860703385898,7.306477124987945,0.21426607060065175,0.00021907488638274686,999780925.1136171,17.096720715219107,17.093275839460258,19.431160541768985,11.331044181969368,1.9098437800511956,0,0,0,0,-1,inf,0,-1,0,0,-1,0,0,7600,221,0,3779,0,3600,1.8815068442314966,4.269814646692098,False
occluding_cut_in,P4,15019,50,5.0,0.5,11.267888282720728,7.327224075401506,0.2107706627715266,0.00021432353040528015,999785676.4695947,17.087302883832308,17.087302883832308,19.431160541768985,11.331044181969368,1.912697116167692,0,0,0,0,-1,inf,0,-1,0,0,-1,0,0,7600,182,0,3814,0,3604,1.8815068442314966,4.269814646692098,False
