scenario,planner,seed,steps,duration_s,planning_safety_margin_m,mean_snr_db,min_snr_db,mean_outage_probability,mean_ber_model,mean_goodput_bps_model,path_length_m,progress_m,min_target_distance_m,min_realized_ttc_s,min_static_obstacle_clearance_m,static_clearance_violation_steps,static_clearance_violation_indicator,collision_indicator,collision_steps,first_collision_step,first_collision_time_s,no_candidate_steps,first_no_candidate_step,margin_relaxation_steps,margin_relaxation_indicator,first_margin_relaxation_step,zero_candidate_after_static_steps,zero_candidate_after_dynamic_steps,candidate_evaluations,candidate_road_rejections,candidate_speed_rejections,candidate_static_rejections,candidate_dynamic_rejections,candidate_feasible,prediction_ade_m,prediction_fde_m,measured_optical_link
following_lateral_offset,P0,15000,40,4.0,0.0,14.412406638601222,-15.182155975164068,0.14678594673613535,0.032952552347411415,967047447.6525885,37.74999999999998,37.74999999999998,2.650000000000018,0.34238096428810494,inf,0,0,0,0,-1,inf,0,-1,0,0,-1,0,0,6080,0,0,0,2603,3477,1.6048957577899443,3.7007883893794555,False
following_lateral_offset,P1,15000,40,4.0,0.0,14.412406638601222,-15.182155975164068,0.14678594673613535,0.032952552347411415,967047447.6525885,37.74999999999998,37.74999999999998,2.650000000000018,0.34238096428810494,inf,0,0,0,0,-1,inf,0,-1,0,0,-1,0,0,6080,0,0,0,2603,3477,1.6048957577899443,3.7007883893794555,False
following_lateral_offset,P2,15000,40,4.0,0.0,15.120225831316294,-4.266901883135482,0.13899343400190156,0.01549812794040229,984501872.0595977,37.70999999999998,37.70857235441895,2.6416196671107715,0.33832187322607954,inf,0,0,0,0,-1,inf,0,-1,0,0,-1,0,0,6080,71,0,0,2540,3469,1.6048957577899443,3.7007883893794555,False
following_lateral_offset,P3,15000,40,4.0,0.0,15.120225831316294,-4.266901883135482,0.13899343400190156,0.01549812794040229,984501872.0595977,37.70999999999998,37.70857235441895,2.6416196671107715,0.33832187322607954,inf,0,0,0,0,-1,inf,0,-1,0,0,-1,0,0,6080,71,0,0,2540,3469,1.6048957577899443,3.7007883893794555,False
following_lateral_offset,P4,15000,40,4.0,0.0,14.985815219759493,-9.64332634540743,0.13904385667281965,0.018115733095988025,981884266.904012,37.70999999999998,37.70857235441895,2.6416196671107715,0.3758007359649611,inf,0,0,0,0,-1,inf,0,-1,0,0,-1,0,0,6080,71,0,0,2540,3469,1.6048957577899443,3.7007883893794555,False
following_lateral_offset,P0,15001,40,4.0,0.0,11.59836476093044,-58.60034847710405,0.17044193528750343,0.05084000147228642,949159998.5277138,38.290000000000035,38.287734637344265,2.266412695891948,0.17996508898341182,inf,0,0,0,0,-1,inf,0,-1,0,0,-1,0,0,6080,83,0,0,2645,3352,1.7747964430522576,3.95850468599878,False
following_lateral_offset,P1,15001,40,4.0,0.0,11.59836476093044,-58.60034847710405,0.17044193528750343,0.05084000147228642,949159998.5277138,38.290000000000035,38.287734637344265,2.266412695891948,0.17996508898341182,inf,0,0,0,0,-1,inf,0,-1,0,0,-1,0,0,6080,83,0,0,2645,3352,1.7747964430522576,3.95850468599878,False
following_lateral_offset,P2,15001,40,4.0,0.0,11.59836476093044,-58.60034847710405,0.17044193528750343,0.05084000147228642,949159998.5277138,38.290000000000035,38.287734637344265,2.266412695891948,0.17996508898341182,inf,0,0,0,0,-1,inf,0,-1,0,0,-1,0,0,6080,83,0,0,2645,3352,1.7747964430522576,3.95850468599878,False
following_lateral_offset,P3,15001,40,4.0,0.0,11.59836476093044,-58.60034847710405,0.17044193528750343,0.05084000147228642,949159998.5277138,38.290000000000035,38.287734637344265,2.266412695891948,0.17996508898341182,inf,0,0,0,0,-1,inf,0,-1,0,0,-1,0,0,6080,83,0,0,2645,3352,1.7747964430522576,3.95850468599878,False
following_lateral_offset,P4,15001,40,4.0,0.0,11.59836476093044,-58.60034847710405,0.17044193528750343,0.05084000147228642,949159998.5277138,38.290000000000035,38.287734637344265,2.266412695891948,0.17996508898341182,inf,0,0,0,0,-1,inf,0,-1,0,0,-1,0,0,6080,83,0,0,2645,3352,1.7747964430522576,3.95850468599878,False
following_lateral_offset,P0,15002,40,4.0,0.0,14.07467179618207,-18.421956094121928,0.1568214819952641,0.03753058274264855,962469417.2573515,37.84999999999999,37.84999999999999,2.5656383221335104,0.257755112246944,inf,0,0,0,0,-1,inf,0,-1,0,0,-1,0,0,6080,0,0,0,2536,3544,1.9265213423358218,4.295468048218334,False
following_lateral_offset,P1,15002,40,4.0,0.0,14.07467179618207,-18.421956094121928,0.1568214819952641,0.03753058274264855,962469417.2573515,37.84999999999999,37.84999999999999,2.5656383221335104,0.257755112246944,inf,0,0,0,0,-1,inf,0,-1,0,0,-1,0,0,6080,0,0,0,2536,3544,1.9265213423358218,4.295468048218334,False
following_lateral_offset,P2,15002,40,4.0,0.0,15.971609357902372,7.349343587894065,0.077013489012487,8.414539836583644e-05,999915854.6016343,37.66,37.653812026201436,2.627736574365672,0.3642563165743344,inf,0,0,0,0,-1,inf,0,-1,0,0,-1,0,0,6080,208,0,0,2360,3512,1.9265213423358218,4.295468048218334,False
following_lateral_offset,P3,15002,40,4.0,0.0,15.321405829833873,-2.522942579024445,0.12437253255851602,0.011597147701961536,988402852.2980385,37.73,37.72786610531865,2.6004758816207554,0.30160671124681077,inf,0,0,0,0,-1,inf,0,-1,0,0,-1,0,0,6080,121,0,0,2426,3533,1.9265213423358218,4.295468048218334,False
following_lateral_offset,P4,15002,40,4.0,0.0,15.321405829833873,-2.522942579024445,0.12437253255851602,0.011597147701961536,988402852.2980385,37.73,37.72786610531865,2.6004758816207554,0.30160671124681077,inf,0,0,0,0,-1,inf,0,-1,0,0,-1,0,0,6080,121,0,0,2426,3533,1.9265213423358218,4.295468048218334,False
following_lateral_offset,P0,15003,40,4.0,0.0,13.29763699306858,-26.072839818441203,0.17015325697163672,0.046972725525179795,953027274.4748201,38.050000000000026,38.050000000000026,2.4005207768315397,0.26085715714570235,inf,0,0,0,0,-1,inf,0,-1,0,0,-1,0,0,6080,0,0,0,2561,3519,1.6701978024952815,3.841872605197355,False
following_lateral_offset,P1,15003,40,4.0,0.0,13.29763699306858,-26.072839818441203,0.17015325697163672,0.046972725525179795,953027274.4748201,38.050000000000026,38.050000000000026,2.4005207768315397,0.26085715714570235,inf,0,0,0,0,-1,inf,0,-1,0,0,-1,0,0,6080,0,0,0,2561,3519,1.6701978024952815,3.841872605197355,False
following_lateral_offset,P2,15003,40,4.0,0.0,14.860434670665864,-2.5920817198235113,0.16157041840261474,0.01624629886750701,983753701.132493,37.990000000000016,37.98541013096598,2.361589740326808,0.21376381791540017,inf,0,0,0,0,-1,inf,0,-1,0,0,-1,0,0,6080,160,0,0,2428,3492,1.6701978024952815,3.841872605197355,False
following_lateral_offset,P3,15003,40,4.0,0.0,14.376622688698271,-11.035722941226439,0.16381964697354395,0.0305106848617323,969489315.1382678,37.99000000000002,37.98817655572497,2.3888952799916194,0.2538216433967355,inf,0,0,0,0,-1,inf,0,-1,0,0,-1,0,0,6080,100,0,0,2470,3510,1.6701978024952815,3.841872605197355,False
following_lateral_offset,P4,15003,40,4.0,0.0,14.045455080066455,-18.75375928503513,0.1638407621068536,0.03314645212245311,966853547.8775469,37.990000000000016,37.98860424436219,2.40407114191849,0.2554226529938222,inf,0,0,0,0,-1,inf,0,-1,0,0,-1,0,0,6080,76,0,0,2485,3519,1.6701978024952815,3.841872605197355,False
following_lateral_offset,P0,15004,40,4.0,0.0,12.69352082899451,-36.74979430365732,0.17038498601056712,0.04996351672535431,950036483.2746456,38.270000000000024,38.270000000000024,2.2255111772354494,0.1311801366484372,inf,0,0,0,0,-1,inf,2,39,0,0,-1,0,2,6080,0,0,0,2614,3466,1.7117403531429396,3.9201001928302945,False
following_lateral_offset,P1,15004,40,4.0,0.0,12.69352082899451,-36.74979430365732,0.17038498601056712,0.04996351672535431,950036483.2746456,38.270000000000024,38.270000000000024,2.2255111772354494,0.1311801366484372,inf,0,0,0,0,-1,inf,2,39,0,0,-1,0,2,6080,0,0,0,2614,3466,1.7117403531429396,3.9201001928302945,False
following_lateral_offset,P2,15004,40,4.0,0.0,12.69352082899451,-36.74979430365732,0.17038498601056712,0.04996351672535431,950036483.2746456,38.270000000000024,38.270000000000024,2.2255111772354494,0.1311801366484372,inf,0,0,0,0,-1,inf,2,39,0,0,-1,0,2,6080,0,0,0,2614,3466,1.7117403531429396,3.9201001928302945,False
following_lateral_offset,P3,15004,40,4.0,0.0,12.69352082899451,-36.74979430365732,0.17038498601056712,0.04996351672535431,950036483.2746456,38.270000000000024,38.270000000000024,2.2255111772354494,0.1311801366484372,inf,0,0,0,0,-1,inf,2,39,0,0,-1,0,2,6080,0,0,0,2614,3466,1.7117403531429396,3.9201001928302945,False
following_lateral_offset,P4,15004,40,4.0,0.0,12.69352082899451,-36.74979430365732,0.17038498601056712,0.04996351672535431,950036483.2746456,38.270000000000024,38.270000000000024,2.2255111772354494,0.1311801366484372,inf,0,0,0,0,-1,inf,2,39,0,0,-1,0,2,6080,0,0,0,2614,3466,1.7117403531429396,3.9201001928302945,False
following_lateral_offset,P0,15005,40,4.0,0.0,12.739741621663347,-36.20333457786013,0.1704377375568775,0.050117004482172524,949882995.5178276,38.260000000000026,38.260000000000026,2.233293531983628,0.1298809642880849,inf,0,0,0,0,-1,inf,1,40,0,0,-1,0,1,6080,0,0,0,2500,3580,1.8553560057015506,4.1506239888747585,False
following_lateral_offset,P1,15005,40,4.0,0.0,12.739741621663347,-36.20333457786013,0.1704377375568775,0.050117004482172524,949882995.5178276,38.260000000000026,38.260000000000026,2.233293531983628,0.1298809642880849,inf,0,0,0,0,-1,inf,1,40,0,0,-1,0,1,6080,0,0,0,2500,3580,1.8553560057015506,4.1506239888747585,False
following_lateral_offset,P2,15005,40,4.0,0.0,12.739741621663347,-36.20333457786013,0.1704377375568775,0.050117004482172524,949882995.5178276,38.260000000000026,38.260000000000026,2.233293531983628,0.1298809642880849,inf,0,0,0,0,-1,inf,1,40,0,0,-1,0,1,6080,0,0,0,2500,3580,1.8553560057015506,4.1506239888747585,False
following_lateral_offset,P3,15005,40,4.0,0.0,13.697698343686838,-19.505998961267437,0.17012892767994872,0.0434235270461283,956576472.9538717,38.160000000000025,38.15869872310322,2.2641644754108134,0.15964583774516874,inf,0,0,0,0,-1,inf,1,40,0,0,-1,0,1,6080,73,0,0,2413,3594,1.8553560057015506,4.1506239888747585,False
following_lateral_offset,P4,15005,40,4.0,0.0,12.739741621663347,-36.20333457786013,0.1704377375568775,0.050117004482172524,949882995.5178276,38.260000000000026,38.260000000000026,2.233293531983628,0.1298809642880849,inf,0,0,0,0,-1,inf,1,40,0,0,-1,0,1,6080,0,0,0,2500,3580,1.8553560057015506,4.1506239888747585,False
following_lateral_offset,P0,15006,40,4.0,0.0,13.86674225608677,-18.76569523866015,0.1645339221237673,0.04031953283686144,959680467.1631386,37.860000000000014,37.860000000000014,2.5572641631243225,0.2965476309547567,inf,0,0,0,0,-1,inf,0,-1,0,0,-1,0,0,6080,0,0,0,2549,3531,1.5734816876710536,3.6255237591843965,False
following_lateral_offset,P1,15006,40,4.0,0.0,13.86674225608677,-18.76569523866015,0.1645339221237673,0.04031953283686144,959680467.1631386,37.860000000000014,37.860000000000014,2.5572641631243225,0.2965476309547567,inf,0,0,0,0,-1,inf,0,-1,0,0,-1,0,0,6080,0,0,0,2549,3531,1.5734816876710536,3.6255237591843965,False
following_lateral_offset,P2,15006,40,4.0,0.0,16.659931735095153,11.6786181960125,0.025199848311458616,5.3512512616138765e-09,999999994.6487488,37.48000000000002,37.471773257243264,2.7606706191859165,0.4887974259366302,inf,0,0,0,0,-1,inf,0,-1,0,0,-1,0,0,6080,278,0,0,2253,3549,1.5734816876710536,3.6255237591843965,False
following_lateral_offset,P3,15006,40,4.0,0.0,15.863347087131558,3.0505381522085955,0.09034859206857562,0.00211881942475605,997881180.5752442,37.58000000000003,37.57707337341602,2.710346500200745,0.40197434578536906,inf,0,0,0,0,-1,inf,0,-1,0,0,-1,0,0,6080,169,0,0,2348,3563,1.5734816876710536,3.6255237591843965,False
following_lateral_offset,P4,15006,40,4.0,0.0,15.863347087131558,3.0505381522085955,0.09034859206857562,0.00211881942475605,997881180.5752442,37.58000000000003,37.57707337341602,2.710346500200745,0.40197434578536906,inf,0,0,0,0,-1,inf,0,-1,0,0,-1,0,0,6080,169,0,0,2348,3563,1.5734816876710536,3.6255237591843965,False
following_lateral_offset,P0,15007,40,4.0,0.0,11.486954772041845,-50.02299147648384,0.1710704676999803,0.057274609243958,942725390.7560421,38.04000000000002,38.03562147447212,2.510530618290235,0.5158624941979917,inf,0,0,0,0,-1,inf,0,-1,0,0,-1,0,0,6080,158,0,0,2397,3525,1.7563163619065378,4.004216182476936,False
following_lateral_offset,P1,15007,40,4.0,0.0,11.486954772041845,-50.02299147648384,0.1710704676999803,0.057274609243958,942725390.7560421,38.04000000000002,38.03562147447212,2.510530618290235,0.5158624941979917,inf,0,0,0,0,-1,inf,0,-1,0,0,-1,0,0,6080,158,0,0,2397,3525,1.7563163619065378,4.004216182476936,False
following_lateral_offset,P2,15007,40,4.0,0.0,11.486954772041845,-50.02299147648384,0.1710704676999803,0.057274609243958,942725390.7560421,38.04000000000002,38.03562147447212,2.510530618290235,0.5158624941979917,inf,0,0,0,0,-1,inf,0,-1,0,0,-1,0,0,6080,158,0,0,2397,3525,1.7563163619065378,4.004216182476936,False
following_lateral_offset,P3,15007,40,4.0,0.0,11.486954772041845,-50.02299147648384,0.1710704676999803,0.057274609243958,942725390.7560421,38.04000000000002,38.03562147447212,2.510530618290235,0.5158624941979917,inf,0,0,0,0,-1,inf,0,-1,0,0,-1,0,0,6080,158,0,0,2397,3525,1.7563163619065378,4.004216182476936,False
following_lateral_offset,P4,15007,40,4.0,0.0,11.486954772041845,-50.02299147648384,0.1710704676999803,0.057274609243958,942725390.7560421,38.04000000000002,38.03562147447212,2.510530618290235,0.5158624941979917,inf,0,0,0,0,-1,inf,0,-1,0,0,-1,0,0,6080,158,0,0,2397,3525,1.7563163619065378,4.004216182476936,False
following_lateral_offset,P0,15008,40,4.0,0.0,11.420731998429005,-56.15545254548523,0.17041907245181093,0.052480380705906805,947519619.2940931,37.99000000000002,37.983404688924665,2.55342602845747,0.51023042396497,inf,0,0,0,0,-1,inf,0,-1,0,0,-1,0,0,6080,149,0,0,2501,3430,1.584998077215367,3.7399322959350707,False
following_lateral_offset,P1,15008,40,4.0,0.0,11.420731998429005,-56.15545254548523,0.17041907245181093,0.052480380705906805,947519619.2940931,37.99000000000002,37.983404688924665,2.55342602845747,0.51023042396497,inf,0,0,0,0,-1,inf,0,-1,0,0,-1,0,0,6080,149,0,0,2501,3430,1.584998077215367,3.7399322959350707,False
following_lateral_offset,P2,15008,40,4.0,0.0,11.420731998429005,-56.15545254548523,0.17041907245181093,0.052480380705906805,947519619.2940931,37.99000000000002,37.983404688924665,2.55342602845747,0.51023042396497,inf,0,0,0,0,-1,inf,0,-1,0,0,-1,0,0,6080,149,0,0,2501,3430,1.584998077215367,3.7399322959350707,False
following_lateral_offset,P3,15008,40,4.0,0.0,11.420731998429005,-56.15545254548523,0.17041907245181093,0.052480380705906805,947519619.2940931,37.99000000000002,37.983404688924665,2.55342602845747,0.51023042396497,inf,0,0,0,0,-1,inf,0,-1,0,0,-1,0,0,6080,149,0,0,2501,3430,1.584998077215367,3.7399322959350707,False
following_lateral_offset,P4,15008,40,4.0,0.0,11.420731998429005,-56.15545254548523,0.17041907245181093,0.052480380705906805,947519619.2940931,37.99000000000002,37.983404688924665,2.55342602845747,0.51023042396497,inf,0,0,0,0,-1,inf,0,-1,0,0,-1,0,0,6080,149,0,0,2501,3430,1.584998077215367,3.7399322959350707,False
following_lateral_offset,P0,15009,40,4.0,0.0,13.263330879019254,-25.22869331743881,0.1703641057742979,0.04856716680595624,951432833.1940438,38.030000000000015,38.030000000000015,2.4167953988701525,0.2851127969954815,inf,0,0,0,0,-1,inf,0,-1,0,0,-1,0,0,6080,0,0,0,2580,3500,1.638089197511475,3.8831112232401495,False
following_lateral_offset,P1,15009,40,4.0,0.0,13.263330879019254,-25.22869331743881,0.1703641057742979,0.04856716680595624,951432833.1940438,38.030000000000015,38.030000000000015,2.4167953988701525,0.2851127969954815,inf,0,0,0,0,-1,inf,0,-1,0,0,-1,0,0,6080,0,0,0,2580,3500,1.638089197511475,3.8831112232401495,False
following_lateral_offset,P2,15009,40,4.0,0.0,14.565601214861823,-4.0707954346977,0.16885594875325682,0.026369688298289208,973630311.7017109,37.990000000000016,37.98584359645935,2.376934679176662,0.2484720764990183,inf,0,0,0,0,-1,inf,0,-1,0,0,-1,0,0,6080,126,0,0,2455,3499,1.638089197511475,3.8831112232401495,False
following_lateral_offset,P3,15009,40,4.0,0.0,14.062205016524416,-12.755023190863596,0.16979239879623625,0.038973431352785595,961026568.6472145,37.99000000000002,37.98864702509196,2.404677161664683,0.29784558424169993,inf,0,0,0,0,-1,inf,0,-1,0,0,-1,0,0,6080,69,0,0,2500,3511,1.638089197511475,3.8831112232401495,False
following_lateral_offset,P4,15009,40,4.0,0.0,13.263330879019254,-25.22869331743881,0.1703641057742979,0.04856716680595624,951432833.1940438,38.030000000000015,38.030000000000015,2.4167953988701525,0.2851127969954815,inf,0,0,0,0,-1,inf,0,-1,0,0,-1,0,0,6080,0,0,0,2580,3500,1.638089197511475,3.8831112232401495,False
following_lateral_offset,P0,15010,40,4.0,0.0,13.968124825150511,-17.412928624915047,0.16470093658416063,0.03851142914899601,961488570.851004,37.82000000000003,37.82000000000003,2.5908299828433115,0.3006857257165606,inf,0,0,0,0,-1,inf,0,-1,0,0,-1,0,0,6080,0,0,0,2516,3564,1.7875495615945431,4.117033358825645,False
following_lateral_offset,P1,15010,40,4.0,0.0,13.968124825150511,-17.412928624915047,0.16470093658416063,0.03851142914899601,961488570.851004,37.82000000000003,37.82000000000003,2.5908299828433115,0.3006857257165606,inf,0,0,0,0,-1,inf,0,-1,0,0,-1,0,0,6080,0,0,0,2516,3564,1.7875495615945431,4.117033358825645,False
following_lateral_offset,P2,15010,40,4.0,0.0,15.886550924649423,3.9158924693581447,0.08858165446201163,0.0013848197891219972,998615180.210878,37.52000000000002,37.517168199213806,2.7658411411174453,0.4552343345693729,inf,0,0,0,0,-1,inf,0,-1,0,0,-1,0,0,6080,171,0,0,2352,3557,1.7875495615945431,4.117033358825645,False
following_lateral_offset,P3,15010,40,4.0,0.0,15.886550924649423,3.9158924693581447,0.08858165446201163,0.0013848197891219972,998615180.210878,37.52000000000002,37.517168199213806,2.7658411411174453,0.4552343345693729,inf,0,0,0,0,-1,inf,0,-1,0,0,-1,0,0,6080,171,0,0,2352,3557,1.7875495615945431,4.117033358825645,False
following_lateral_offset,P4,15010,40,4.0,0.0,15.886550924649423,3.9158924693581447,0.08858165446201163,0.0013848197891219972,998615180.210878,37.52000000000002,37.517168199213806,2.7658411411174453,0.4552343345693729,inf,0,0,0,0,-1,inf,0,-1,0,0,-1,0,0,6080,171,0,0,2352,3557,1.7875495615945431,4.117033358825645,False
following_lateral_offset,P0,15011,40,4.0,0.0,11.781015378483186,-45.88497623654217,0.18469798003236582,0.060524368188692834,939475631.8113072,38.23999999999998,38.239098424885555,2.282744530674007,0.19337422734222243,inf,0,0,0,0,-1,inf,0,-1,0,0,-1,0,0,6080,50,0,0,2572,3458,1.7477541353049002,3.975544140041761,False
following_lateral_offset,P1,15011,40,4.0,0.0,11.781015378483186,-45.88497623654217,0.18469798003236582,0.060524368188692834,939475631.8113072,38.23999999999998,38.239098424885555,2.282744530674007,0.19337422734222243,inf,0,0,0,0,-1,inf,0,-1,0,0,-1,0,0,6080,50,0,0,2572,3458,1.7477541353049002,3.975544140041761,False
following_lateral_offset,P2,15011,40,4.0,0.0,10.943939776852766,-53.19692213547777,0.18482848412920533,0.06550672481951555,934493275.1804844,38.25999999999999,38.25783709008915,2.324188508140819,0.22486173133357923,inf,0,0,0,0,-1,inf,0,-1,0,0,-1,0,0,6080,138,0,0,2472,3470,1.7477541353049002,3.975544140041761,False
following_lateral_offset,P3,15011,40,4.0,0.0,10.943939776852766,-53.19692213547777,0.18482848412920533,0.06550672481951555,934493275.1804844,38.25999999999999,38.25783709008915,2.324188508140819,0.22486173133357923,inf,0,0,0,0,-1,inf,0,-1,0,0,-1,0,0,6080,138,0,0,2472,3470,1.7477541353049002,3.975544140041761,False
following_lateral_offset,P4,15011,40,4.0,0.0,11.781015378483186,-45.88497623654217,0.18469798003236582,0.060524368188692834,939475631.8113072,38.23999999999998,38.239098424885555,2.282744530674007,0.19337422734222243,inf,0,0,0,0,-1,inf,0,-1,0,0,-1,0,0,6080,50,0,0,2572,3458,1.7477541353049002,3.975544140041761,False
following_lateral_offset,P0,15012,40,4.0,0.0,12.035915663019418,-54.8234823724044,0.1704415422961971,0.050485809810340954,949514190.1896591,38.29000000000002,38.289527273827325,2.228639139342902,0.18684770061898057,inf,0,0,0,0,-1,inf,1,38,0,0,-1,0,1,6080,23,0,0,2647,3410,1.59936882192798,3.7844504347352057,False
following_lateral_offset,P1,15012,40,4.0,0.0,12.035915663019418,-54.8234823724044,0.1704415422961971,0.050485809810340954,949514190.1896591,38.29000000000002,38.289527273827325,2.228639139342902,0.18684770061898057,inf,0,0,0,0,-1,inf,1,38,0,0,-1,0,1,6080,23,0,0,2647,3410,1.59936882192798,3.7844504347352057,False
following_lateral_offset,P2,15012,40,4.0,0.0,12.035915663019418,-54.8234823724044,0.1704415422961971,0.050485809810340954,949514190.1896591,38.29000000000002,38.289527273827325,2.228639139342902,0.18684770061898057,inf,0,0,0,0,-1,inf,1,38,0,0,-1,0,1,6080,23,0,0,2647,3410,1.59936882192798,3.7844504347352057,False
following_lateral_offset,P3,15012,40,4.0,0.0,12.035915663019418,-54.8234823724044,0.1704415422961971,0.050485809810340954,949514190.1896591,38.29000000000002,38.289527273827325,2.228639139342902,0.18684770061898057,inf,0,0,0,0,-1,inf,1,38,0,0,-1,0,1,6080,23,0,0,2647,3410,1.59936882192798,3.7844504347352057,False
following_lateral_offset,P4,15012,40,4.0,0.0,12.035915663019418,-54.8234823724044,0.1704415422961971,0.050485809810340954,949514190.1896591,38.29000000000002,38.289527273827325,2.228639139342902,0.18684770061898057,inf,0,0,0,0,-1,inf,1,38,0,0,-1,0,1,6080,23,0,0,2647,3410,1.59936882192798,3.7844504347352057,False
following_lateral_offset,P0,15013,40,4.0,0.0,12.386641746937077,-34.60167222094282,0.1843739150494026,0.0564798896405451,943520110.3594548,38.22999999999999,38.22999999999999,2.2567454442182964,0.16272110204354304,inf,0,0,0,0,-1,inf,0,-1,0,0,-1,0,0,6080,0,0,0,2671,3409,1.766201502272724,3.9559436272319433,False
following_lateral_offset,P1,15013,40,4.0,0.0,12.386641746937077,-34.60167222094282,0.1843739150494026,0.0564798896405451,943520110.3594548,38.22999999999999,38.22999999999999,2.2567454442182964,0.16272110204354304,inf,0,0,0,0,-1,inf,0,-1,0,0,-1,0,0,6080,0,0,0,2671,3409,1.766201502272724,3.9559436272319433,False
following_lateral_offset,P2,15013,40,4.0,0.0,14.36892465670598,-5.124762778956914,0.18105138383818392,0.027707978537810547,972292021.4621894,38.109999999999985,38.1042518205765,2.2495908655565824,0.15629935162893338,inf,0,0,0,0,-1,inf,0,-1,0,0,-1,0,0,6080,183,0,0,2503,3394,1.766201502272724,3.9559436272319433,False
following_lateral_offset,P3,15013,40,4.0,0.0,13.59417424001359,-16.85792161353138,0.18304745411520446,0.044756586135101084,955243413.8648989,38.13999999999999,38.13825717507071,2.2661050427044027,0.1590963405357062,inf,0,0,0,0,-1,inf,0,-1,0,0,-1,0,0,6080,96,0,0,2573,3411,1.766201502272724,3.9559436272319433,False
following_lateral_offset,P4,15013,40,4.0,0.0,12.386641746937077,-34.60167222094282,0.1843739150494026,0.0564798896405451,943520110.3594548,38.22999999999999,38.22999999999999,2.2567454442182964,0.16272110204354304,inf,0,0,0,0,-1,inf,0,-1,0,0,-1,0,0,6080,0,0,0,2671,3409,1.766201502272724,3.9559436272319433,False
following_lateral_offset,P0,15014,40,4.0,0.0,11.93646285391423,-50.67526094436391,0.17044193871478971,0.05084408039569334,949155919.6043068,38.32000000000002,38.319121165273266,2.2239584205160368,0.14697995545334275,inf,0,0,0,0,-1,inf,2,39,0,0,-1,0,2,6080,53,0,0,2713,3314,1.6227211704508258,3.8131753024748334,False
following_lateral_offset,P1,15014,40,4.0,0.0,11.93646285391423,-50.67526094436391,0.17044193871478971,0.05084408039569334,949155919.6043068,38.32000000000002,38.319121165273266,2.2239584205160368,0.14697995545334275,inf,0,0,0,0,-1,inf,2,39,0,0,-1,0,2,6080,53,0,0,2713,3314,1.6227211704508258,3.8131753024748334,False
following_lateral_offset,P2,15014,40,4.0,0.0,11.93646285391423,-50.67526094436391,0.17044193871478971,0.05084408039569334,949155919.6043068,38.32000000000002,38.319121165273266,2.2239584205160368,0.14697995545334275,inf,0,0,0,0,-1,inf,2,39,0,0,-1,0,2,6080,53,0,0,2713,3314,1.6227211704508258,3.8131753024748334,False
following_lateral_offset,P3,15014,40,4.0,0.0,11.93646285391423,-50.67526094436391,0.17044193871478971,0.05084408039569334,949155919.6043068,38.32000000000002,38.319121165273266,2.2239584205160368,0.14697995545334275,inf,0,0,0,0,-1,inf,2,39,0,0,-1,0,2,6080,53,0,0,2713,3314,1.6227211704508258,3.8131753024748334,False
following_lateral_offset,P4,15014,40,4.0,0.0,11.93646285391423,-50.67526094436391,0.17044193871478971,0.05084408039569334,949155919.6043068,38.32000000000002,38.319121165273266,2.2239584205160368,0.14697995545334275,inf,0,0,0,0,-1,inf,2,39,0,0,-1,0,2,6080,53,0,0,2713,3314,1.6227211704508258,3.8131753024748334,False
following_lateral_offset,P0,15015,40,4.0,0.0,13.542629600342028,-20.178908581951415,0.1698108843415626,0.04612392503753978,953876074.9624603,37.90000000000002,37.90000000000002,2.523885892824776,0.35353384962705814,inf,0,0,0,0,-1,inf,0,-1,0,0,-1,0,0,6080,0,0,0,2434,3646,1.7795284872409582,3.965218208658702,False
following_lateral_offset,P1,15015,40,4.0,0.0,13.542629600342028,-20.178908581951415,0.1698108843415626,0.04612392503753978,953876074.9624603,37.90000000000002,37.90000000000002,2.523885892824776,0.35353384962705814,inf,0,0,0,0,-1,inf,0,-1,0,0,-1,0,0,6080,0,0,0,2434,3646,1.7795284872409582,3.965218208658702,False
following_lateral_offset,P2,15015,40,4.0,0.0,15.268261685831112,-1.7481935579657915,0.12358870649294325,0.012032756181951073,987967243.8180488,37.78000000000003,37.77538520057182,2.536168689908985,0.4118423349715862,inf,0,0,0,0,-1,inf,0,-1,0,0,-1,0,0,6080,180,0,0,2252,3648,1.7795284872409582,3.965218208658702,False
following_lateral_offset,P3,15015,40,4.0,0.0,14.891856260389986,-3.969519392698434,0.14852328135634296,0.01920705871345789,980792941.2865422,37.78000000000002,37.77793091987675,2.558881337184416,0.40274039752597596,inf,0,0,0,0,-1,inf,0,-1,0,0,-1,0,0,6080,118,0,0,2292,3670,1.7795284872409582,3.965218208658702,False
following_lateral_offset,P4,15015,40,4.0,0.0,14.891856260389986,-3.969519392698434,0.14852328135634296,0.01920705871345789,980792941.2865422,37.78000000000002,37.77793091987675,2.558881337184416,0.40274039752597596,inf,0,0,0,0,-1,inf,0,-1,0,0,-1,0,0,6080,118,0,0,2292,3670,1.7795284872409582,3.965218208658702,False
following_lateral_offset,P0,15016,40,4.0,0.0,13.633188127726157,-22.41901681738208,0.16854522610120776,0.042849980277618036,957150019.722382,37.96000000000002,37.96000000000002,2.47418673507072,0.22656085714496593,inf,0,0,0,0,-1,inf,0,-1,0,0,-1,0,0,6080,0,0,0,2419,3661,1.8109798780404769,4.01727152529453,False
following_lateral_offset,P1,15016,40,4.0,0.0,13.633188127726157,-22.41901681738208,0.16854522610120776,0.042849980277618036,957150019.722382,37.96000000000002,37.96000000000002,2.47418673507072,0.22656085714496593,inf,0,0,0,0,-1,inf,0,-1,0,0,-1,0,0,6080,0,0,0,2419,3661,1.8109798780404769,4.01727152529453,False
following_lateral_offset,P2,15016,40,4.0,0.0,15.76953811819978,7.141360289952193,0.09468787070639521,0.00016552667112515213,999834473.328875,37.69000000000001,37.68355615596512,2.6006399159051727,0.41196591001344146,inf,0,0,0,0,-1,inf,0,-1,0,0,-1,0,0,6080,202,0,0,2221,3657,1.8109798780404769,4.01727152529453,False
following_lateral_offset,P3,15016,40,4.0,0.0,15.113751239053869,-2.397850645897858,0.14065223664984722,0.012589406422445753,987410593.5775543,37.73000000000001,37.72780442424026,2.6007658943939185,0.32920656018186156,inf,0,0,0,0,-1,inf,0,-1,0,0,-1,0,0,6080,117,0,0,2285,3678,1.8109798780404769,4.01727152529453,False
following_lateral_offset,P4,15016,40,4.0,0.0,15.113751239053869,-2.397850645897858,0.14065223664984722,0.012589406422445753,987410593.5775543,37.73000000000001,37.72780442424026,2.6007658943939185,0.32920656018186156,inf,0,0,0,0,-1,inf,0,-1,0,0,-1,0,0,6080,117,0,0,2285,3678,1.8109798780404769,4.01727152529453,False
following_lateral_offset,P0,15017,40,4.0,0.0,13.606012051164475,-22.03525183458011,0.16856637965940136,0.043335769585976916,956664230.4140232,37.95000000000003,37.95000000000003,2.482438317461256,0.27031057143104303,inf,0,0,0,0,-1,inf,0,-1,0,0,-1,0,0,6080,0,0,0,2554,3526,1.6497324450352906,3.8604211648494995,False
following_lateral_offset,P1,15017,40,4.0,0.0,13.606012051164475,-22.03525183458011,0.16856637965940136,0.043335769585976916,956664230.4140232,37.95000000000003,37.95000000000003,2.482438317461256,0.27031057143104303,inf,0,0,0,0,-1,inf,0,-1,0,0,-1,0,0,6080,0,0,0,2554,3526,1.6497324450352906,3.8604211648494995,False
following_lateral_offset,P2,15017,40,4.0,0.0,15.496484834040706,-0.4156946349057904,0.1124912750525727,0.007682044791448401,992317955.2085516,37.730000000000025,37.72627104521822,2.5791865916175034,0.33232629312201095,inf,0,0,0,0,-1,inf,0,-1,0,0,-1,0,0,6080,178,0,0,2382,3520,1.6497324450352906,3.8604211648494995,False
following_lateral_offset,P3,15017,40,4.0,0.0,15.255831109971348,-2.3243814487793983,0.12682993785204594,0.012216730190203898,987783269.8097961,37.77000000000003,37.767514850689366,2.5542083062642003,0.33553024451527563,inf,0,0,0,0,-1,inf,0,-1,0,0,-1,0,0,6080,148,0,0,2408,3524,1.6497324450352906,3.8604211648494995,False
following_lateral_offset,P4,15017,40,4.0,0.0,15.255831109971348,-2.3243814487793983,0.12682993785204594,0.012216730190203898,987783269.8097961,37.77000000000003,37.767514850689366,2.5542083062642003,0.33553024451527563,inf,0,0,0,0,-1,inf,0,-1,0,0,-1,0,0,6080,148,0,0,2408,3524,1.6497324450352906,3.8604211648494995,False
following_lateral_offset,P0,15018,40,4.0,0.0,12.339395596287705,-46.355506569631316,0.17009611545328335,0.0493767172325041,950623282.7674959,38.100000000000016,38.0990762821913,2.394482286848174,0.36642866981101857,inf,0,0,0,0,-1,inf,0,-1,0,0,-1,0,0,6080,46,0,0,2741,3293,1.7498627482627356,3.9444650579306924,False
following_lateral_offset,P1,15018,40,4.0,0.0,12.339395596287705,-46.355506569631316,0.17009611545328335,0.0493767172325041,950623282.7674959,38.100000000000016,38.0990762821913,2.394482286848174,0.36642866981101857,inf,0,0,0,0,-1,inf,0,-1,0,0,-1,0,0,6080,46,0,0,2741,3293,1.7498627482627356,3.9444650579306924,False
following_lateral_offset,P2,15018,40,4.0,0.0,12.339395596287705,-46.355506569631316,0.17009611545328335,0.0493767172325041,950623282.7674959,38.100000000000016,38.0990762821913,2.394482286848174,0.36642866981101857,inf,0,0,0,0,-1,inf,0,-1,0,0,-1,0,0,6080,46,0,0,2741,3293,1.7498627482627356,3.9444650579306924,False
following_lateral_offset,P3,15018,40,4.0,0.0,12.339395596287705,-46.355506569631316,0.17009611545328335,0.0493767172325041,950623282.7674959,38.100000000000016,38.0990762821913,2.394482286848174,0.36642866981101857,inf,0,0,0,0,-1,inf,0,-1,0,0,-1,0,0,6080,46,0,0,2741,3293,1.7498627482627356,3.9444650579306924,False
following_lateral_offset,P4,15018,40,4.0,0.0,12.339395596287705,-46.355506569631316,0.17009611545328335,0.0493767172325041,950623282.7674959,38.100000000000016,38.0990762821913,2.394482286848174,0.36642866981101857,inf,0,0,0,0,-1,inf,0,-1,0,0,-1,0,0,6080,46,0,0,2741,3293,1.7498627482627356,3.9444650579306924,False
following_lateral_offset,P0,15019,40,4.0,0.0,12.704281865855025,-35.248067962953044,0.17009604565934586,0.049291007599191326,950708992.4008087,38.020000000000024,38.019013177455555,2.459233248215327,0.32638248663476643,inf,0,0,0,0,-1,inf,0,-1,0,0,-1,0,0,6080,47,0,0,2582,3451,1.7486208977068478,4.010405597993836,False
following_lateral_offset,P1,15019,40,4.0,0.0,12.704281865855025,-35.248067962953044,0.17009604565934586,0.049291007599191326,950708992.4008087,38.020000000000024,38.019013177455555,2.459233248215327,0.32638248663476643,inf,0,0,0,0,-1,inf,0,-1,0,0,-1,0,0,6080,47,0,0,2582,3451,1.7486208977068478,4.010405597993836,False
following_lateral_offset,P2,15019,40,4.0,0.0,12.704281865855025,-35.248067962953044,0.17009604565934586,0.049291007599191326,950708992.4008087,38.020000000000024,38.019013177455555,2.459233248215327,0.32638248663476643,inf,0,0,0,0,-1,inf,0,-1,0,0,-1,0,0,6080,47,0,0,2582,3451,1.7486208977068478,4.010405597993836,False
following_lateral_offset,P3,15019,40,4.0,0.0,12.704281865855025,-35.248067962953044,0.17009604565934586,0.049291007599191326,950708992.4008087,38.020000000000024,38.019013177455555,2.459233248215327,0.32638248663476643,inf,0,0,0,0,-1,inf,0,-1,0,0,-1,0,0,6080,47,0,0,2582,3451,1.7486208977068478,4.010405597993836,False
following_lateral_offset,P4,15019,40,4.0,0.0,12.704281865855025,-35.248067962953044,0.17009604565934586,0.049291007599191326,950708992.4008087,38.020000000000024,38.019013177455555,2.459233248215327,0.32638248663476643,inf,0,0,0,0,-1,inf,0,-1,0,0,-1,0,0,6080,47,0,0,2582,3451,1.7486208977068478,4.010405597993836,False
lane_choice,P0,15000,40,4.0,0.0,-1.4841772517946121,-13.800125353527465,0.7112488585418857,0.27149979741639463,728500202.5836054,12.99999999999999,12.882786325056207,16.782438462261936,inf,1.5013499953110632,0,0,0,0,-1,inf,0,-1,0,0,-1,0,0,6080,1879,0,1762,0,2439,1.649674481586056,3.9807249007015764,False
lane_choice,P1,15000,40,4.0,0.0,11.415283391778742,7.917465961148334,0.19749853001493048,9.757018575009277e-05,999902429.81425,12.999999999999991,12.91210617836171,16.755131274768452,6.1060366622275195,1.5001885304115121,0,0,0,0,-1,inf,0,-1,0,0,-1,0,0,6080,1784,0,1780,0,2516,1.649674481586056,3.9807249007015764,False
lane_choice,P2,15000,40,4.0,0.0,12.008701804632036,8.229738049872287,0.15881413145339823,3.739474708985757e-05,999962605.2529103,12.999999999999991,12.904499009576284,16.74847084715829,6.1060366622275195,1.5001177930900464,0,0,0,0,-1,inf,0,-1,0,0,-1,0,0,6080,1612,0,1861,0,2607,1.649674481586056,3.9807249007015764,False
lane_choice,P3,15000,40,4.0,0.0,11.415283391778742,7.917465961148334,0.19749853001493048,9.757018575009277e-05,999902429.81425,12.999999999999991,12.91210617836171,16.755131274768452,6.1060366622275195,1.5001885304115121,0,0,0,0,-1,inf,0,-1,0,0,-1,0,0,6080,1784,0,1780,0,2516,1.649674481586056,3.9807249007015764,False
lane_choice,P4,15000,40,4.0,0.0,12.011930681626641,8.339167020023577,0.15681014940403565,3.197086409443261e-05,999968029.1359055,12.99999999999999,12.903358507552323,16.74847084715829,6.1060366622275195,1.508038196389593,0,0,0,0,-1,inf,0,-1,0,0,-1,0,0,6080,1616,0,1788,0,2676,1.649674481586056,3.9807249007015764,False
lane_choice,P0,15001,40,4.0,0.0,-1.4841772517946121,-13.800125353527465,0.7112488585418857,0.27149979741639463,728500202.5836054,12.99999999999999,12.882786325056207,16.782438462261936,inf,1.5013499953110632,0,0,0,0,-1,inf,0,-1,0,0,-1,0,0,6080,1879,0,1762,0,2439,1.8292554926996782,4.262830557993312,False
lane_choice,P1,15001,40,4.0,0.0,11.415283391778742,7.917465961148334,0.19749853001493048,9.757018575009277e-05,999902429.81425,12.999999999999991,12.91210617836171,16.755131274768452,6.1060366622275195,1.5001885304115121,0,0,0,0,-1,inf,0,-1,0,0,-1,0,0,6080,1784,0,1780,0,2516,1.8292554926996782,4.262830557993312,False
lane_choice,P2,15001,40,4.0,0.0,12.011930681626641,8.339167020023577,0.15681014940403565,3.197086409443261e-05,999968029.1359055,12.99999999999999,12.903358507552323,16.74847084715829,6.1060366622275195,1.508038196389593,0,0,0,0,-1,inf,0,-1,0,0,-1,0,0,6080,1616,0,1788,0,2676,1.8292554926996782,4.262830557993312,False
lane_choice,P3,15001,40,4.0,0.0,12.076728932495755,9.263228055490746,0.13843144961890505,8.18915618597111e-06,999991810.8438139,12.99999999999999,12.911716648644994,16.757163456939804,6.1060366622275195,1.5028868179940864,0,0,0,0,-1,inf,0,-1,0,0,-1,0,0,6080,1729,0,1751,0,2600,1.8292554926996782,4.262830557993312,False
lane_choice,P4,15001,40,4.0,0.0,12.011930681626641,8.339167020023577,0.15681014940403565,3.197086409443261e-05,999968029.1359055,12.99999999999999,12.903358507552323,16.74847084715829,6.1060366622275195,1.508038196389593,0,0,0,0,-1,inf,0,-1,0,0,-1,0,0,6080,1616,0,1788,0,2676,1.8292554926996782,4.262830557993312,False
lane_choice,P0,15002,40,4.0,0.0,-1.4841772517946121,-13.800125353527465,0.7112488585418857,0.27149979741639463,728500202.5836054,12.99999999999999,12.882786325056207,16.782438462261936,inf,1.5013499953110632,0,0,0,0,-1,inf,0,-1,0,0,-1,0,0,6080,1879,0,1762,0,2439,2.008957958564018,4.630339818696669,False
lane_choice,P1,15002,40,4.0,0.0,11.415283391778742,7.917465961148334,0.19749853001493048,9.757018575009277e-05,999902429.81425,12.999999999999991,12.91210617836171,16.755131274768452,6.1060366622275195,1.5001885304115121,0,0,0,0,-1,inf,0,-1,0,0,-1,0,0,6080,1784,0,1780,0,2516,2.008957958564018,4.630339818696669,False
lane_choice,P2,15002,40,4.0,0.0,12.011930681626641,8.339167020023577,0.15681014940403565,3.197086409443261e-05,999968029.1359055,12.99999999999999,12.903358507552323,16.74847084715829,6.1060366622275195,1.508038196389593,0,0,0,0,-1,inf,0,-1,0,0,-1,0,0,6080,1616,0,1788,0,2676,2.008957958564018,4.630339818696669,False
lane_choice,P3,15002,40,4.0,0.0,11.745317892373032,8.685339274074892,0.16510820070869772,2.59492303891247e-05,999974050.769611,12.999999999999996,12.910190221619104,16.75414086214862,6.1060366622275195,1.5000540543503091,0,0,0,0,-1,inf,0,-1,0,0,-1,0,0,6080,1704,0,1816,0,2560,2.008957958564018,4.630339818696669,False
lane_choice,P4,15002,40,4.0,0.0,12.011930681626641,8.339167020023577,0.15681014940403565,3.197086409443261e-05,999968029.1359055,12.99999999999999,12.903358507552323,16.74847084715829,6.1060366622275195,1.508038196389593,0,0,0,0,-1,inf,0,-1,0,0,-1,0,0,6080,1616,0,1788,0,2676,2.008957958564018,4.630339818696669,False
lane_choice,P0,15003,40,4.0,0.0,-1.4841772517946121,-13.800125353527465,0.7112488585418857,0.27149979741639463,728500202.5836054,12.99999999999999,12.882786325056207,16.782438462261936,inf,1.5013499953110632,0,0,0,0,-1,inf,0,-1,0,0,-1,0,0,6080,1879,0,1762,0,2439,1.728947102137066,4.132884947513448,False
lane_choice,P1,15003,40,4.0,0.0,11.415283391778742,7.917465961148334,0.19749853001493048,9.757018575009277e-05,999902429.81425,12.999999999999991,12.91210617836171,16.755131274768452,6.1060366622275195,1.5001885304115121,0,0,0,0,-1,inf,0,-1,0,0,-1,0,0,6080,1784,0,1780,0,2516,1.728947102137066,4.132884947513448,False
lane_choice,P2,15003,40,4.0,0.0,12.011930681626641,8.339167020023577,0.15681014940403565,3.197086409443261e-05,999968029.1359055,12.99999999999999,12.903358507552323,16.74847084715829,6.1060366622275195,1.508038196389593,0,0,0,0,-1,inf,0,-1,0,0,-1,0,0,6080,1616,0,1788,0,2676,1.728947102137066,4.132884947513448,False
lane_choice,P3,15003,40,4.0,0.0,11.745317892373032,8.685339274074892,0.16510820070869772,2.59492303891247e-05,999974050.769611,12.999999999999996,12.910190221619104,16.75414086214862,6.1060366622275195,1.5000540543503091,0,0,0,0,-1,inf,0,-1,0,0,-1,0,0,6080,1704,0,1816,0,2560,1.728947102137066,4.132884947513448,False
lane_choice,P4,15003,40,4.0,0.0,12.011930681626641,8.339167020023577,0.15681014940403565,3.197086409443261e-05,999968029.1359055,12.99999999999999,12.903358507552323,16.74847084715829,6.1060366622275195,1.508038196389593,0,0,0,0,-1,inf,0,-1,0,0,-1,0,0,6080,1616,0,1788,0,2676,1.728947102137066,4.132884947513448,False
lane_choice,P0,15004,40,4.0,0.0,-1.4841772517946121,-13.800125353527465,0.7112488585418857,0.27149979741639463,728500202.5836054,12.99999999999999,12.882786325056207,16.782438462261936,inf,1.5013499953110632,0,0,0,0,-1,inf,0,-1,0,0,-1,0,0,6080,1879,0,1762,0,2439,1.7703965073196195,4.2130087649858785,False
lane_choice,P1,15004,40,4.0,0.0,11.415283391778742,7.917465961148334,0.19749853001493048,9.757018575009277e-05,999902429.81425,12.999999999999991,12.91210617836171,16.755131274768452,6.1060366622275195,1.5001885304115121,0,0,0,0,-1,inf,0,-1,0,0,-1,0,0,6080,1784,0,1780,0,2516,1.7703965073196195,4.2130087649858785,False
lane_choice,P2,15004,40,4.0,0.0,11.692534694579816,7.737611167851467,0.18323134530947305,8.033966742415669e-05,999919660.332576,12.99999999999999,12.90094040479751,16.74537999526075,6.1060366622275195,1.5026651257413706,0,0,0,0,-1,inf,0,-1,0,0,-1,0,0,6080,1577,0,1866,0,2637,1.7703965073196195,4.2130087649858785,False
lane_choice,P3,15004,40,4.0,0.0,11.967059743362135,8.4329418123197,0.15864271967860538,2.849008523015281e-05,999971509.9147699,12.999999999999993,12.90133401449049,16.747476673586238,6.1060366622275195,1.5092503614896562,0,0,0,0,-1,inf,0,-1,0,0,-1,0,0,6080,1585,0,1817,0,2678,1.7703965073196195,4.2130087649858785,False
lane_choice,P4,15004,40,4.0,0.0,12.011930681626641,8.339167020023577,0.15681014940403565,3.197086409443261e-05,999968029.1359055,12.99999999999999,12.903358507552323,16.74847084715829,6.1060366622275195,1.508038196389593,0,0,0,0,-1,inf,0,-1,0,0,-1,0,0,6080,1616,0,1788,0,2676,1.7703965073196195,4.2130087649858785,False
lane_choice,P0,15005,40,4.0,0.0,-1.4841772517946121,-13.800125353527465,0.7112488585418857,0.27149979741639463,728500202.5836054,12.99999999999999,12.882786325056207,16.782438462261936,inf,1.5013499953110632,0,0,0,0,-1,inf,0,-1,0,0,-1,0,0,6080,1879,0,1762,0,2439,1.8550941879393488,4.36707037215241,False
lane_choice,P1,15005,40,4.0,0.0,11.774571468909128,8.864510842673633,0.1650053882993474,2.0320664283531382e-05,999979679.3357166,12.999999999999991,12.90832076244491,16.74847084715829,6.1060366622275195,1.5014545503952075,0,0,0,0,-1,inf,0,-1,0,0,-1,0,0,6080,1691,0,1829,0,2560,1.8550941879393488,4.36707037215241,False
lane_choice,P2,15005,40,4.0,0.0,9.442138725861042,5.261737385831458,0.42628233700490614,0.0032248009077124316,996775199.0922874,12.99999999999999,12.898306838071617,16.743070553705927,6.1060366622275195,1.5008971974299756,0,0,0,0,-1,inf,0,-1,0,0,-1,0,0,6080,1770,0,1799,0,2511,1.8550941879393488,4.36707037215241,False
lane_choice,P3,15005,40,4.0,0.0,11.644041212935715,7.922005714062466,0.18339310862800912,6.358736524925005e-05,999936412.6347507,12.999999999999996,12.897657439087379,16.744258271972367,6.1060366622275195,1.5134672466476218,0,0,0,0,-1,inf,0,-1,0,0,-1,0,0,6080,1596,0,1826,0,2658,1.8550941879393488,4.36707037215241,False
lane_choice,P4,15005,40,4.0,0.0,12.011930681626641,8.339167020023577,0.15681014940403565,3.197086409443261e-05,999968029.1359055,12.99999999999999,12.903358507552323,16.74847084715829,6.1060366622275195,1.508038196389593,0,0,0,0,-1,inf,0,-1,0,0,-1,0,0,6080,1616,0,1788,0,2676,1.8550941879393488,4.36707037215241,False
lane_choice,P0,15006,40,4.0,0.0,-1.4841772517946121,-13.800125353527465,0.7112488585418857,0.27149979741639463,728500202.5836054,12.99999999999999,12.882786325056207,16.782438462261936,inf,1.5013499953110632,0,0,0,0,-1,inf,0,-1,0,0,-1,0,0,6080,1879,0,1762,0,2439,1.6740155964770103,3.9817003595050124,False
lane_choice,P1,15006,40,4.0,0.0,11.415283391778742,7.917465961148334,0.19749853001493048,9.757018575009277e-05,999902429.81425,12.999999999999991,12.91210617836171,16.755131274768452,6.1060366622275195,1.5001885304115121,0,0,0,0,-1,inf,0,-1,0,0,-1,0,0,6080,1784,0,1780,0,2516,1.6740155964770103,3.9817003595050124,False
lane_choice,P2,15006,40,4.0,0.0,12.030364578987355,8.274701614065629,0.15568613803943815,3.5044396621258736e-05,999964955.6033787,12.999999999999991,12.904611142055042,16.74847084715829,6.1060366622275195,1.5070833792626344,0,0,0,0,-1,inf,0,-1,0,0,-1,0,0,6080,1621,0,1786,0,2673,1.6740155964770103,3.9817003595050124,False
lane_choice,P3,15006,40,4.0,0.0,11.415283391778742,7.917465961148334,0.19749853001493048,9.757018575009277e-05,999902429.81425,12.999999999999991,12.91210617836171,16.755131274768452,6.1060366622275195,1.5001885304115121,0,0,0,0,-1,inf,0,-1,0,0,-1,0,0,6080,1784,0,1780,0,2516,1.6740155964770103,3.9817003595050124,False
lane_choice,P4,15006,40,4.0,0.0,12.011930681626641,8.339167020023577,0.15681014940403565,3.197086409443261e-05,999968029.1359055,12.99999999999999,12.903358507552323,16.74847084715829,6.1060366622275195,1.508038196389593,0,0,0,0,-1,inf,0,-1,0,0,-1,0,0,6080,1616,0,1788,0,2676,1.6740155964770103,3.9817003595050124,False
lane_choice,P0,15007,40,4.0,0.0,-1.4841772517946121,-13.800125353527465,0.7112488585418857,0.27149979741639463,728500202.5836054,12.99999999999999,12.882786325056207,16.782438462261936,inf,1.5013499953110632,0,0,0,0,-1,inf,0,-1,0,0,-1,0,0,6080,1879,0,1762,0,2439,1.815551637675488,4.306373864150535,False
lane_choice,P1,15007,40,4.0,0.0,11.415283391778742,7.917465961148334,0.19749853001493048,9.757018575009277e-05,999902429.81425,12.999999999999991,12.91210617836171,16.755131274768452,6.1060366622275195,1.5001885304115121,0,0,0,0,-1,inf,0,-1,0,0,-1,0,0,6080,1784,0,1780,0,2516,1.815551637675488,4.306373864150535,False
lane_choice,P2,15007,40,4.0,0.0,12.006669292576891,8.339167020023577,0.15719914595329887,3.211108957552374e-05,999967888.9104245,12.99999999999999,12.903343972408566,16.74847084715829,6.1060366622275195,1.5076951843659407,0,0,0,0,-1,inf,0,-1,0,0,-1,0,0,6080,1600,0,1804,0,2676,1.815551637675488,4.306373864150535,False
lane_choice,P3,15007,40,4.0,0.0,11.415283391778742,7.917465961148334,0.19749853001493048,9.757018575009277e-05,999902429.81425,12.999999999999991,12.91210617836171,16.755131274768452,6.1060366622275195,1.5001885304115121,0,0,0,0,-1,inf,0,-1,0,0,-1,0,0,6080,1784,0,1780,0,2516,1.815551637675488,4.306373864150535,False
lane_choice,P4,15007,40,4.0,0.0,12.011930681626641,8.339167020023577,0.15681014940403565,3.197086409443261e-05,999968029.1359055,12.99999999999999,12.903358507552323,16.74847084715829,6.1060366622275195,1.508038196389593,0,0,0,0,-1,inf,0,-1,0,0,-1,0,0,6080,1616,0,1788,0,2676,1.815551637675488,4.306373864150535,False
lane_choice,P0,15008,40,4.0,0.0,-1.4841772517946121,-13.800125353527465,0.7112488585418857,0.27149979741639463,728500202.5836054,12.99999999999999,12.882786325056207,16.782438462261936,inf,1.5013499953110632,0,0,0,0,-1,inf,0,-1,0,0,-1,0,0,6080,1879,0,1762,0,2439,1.6389142043786642,4.035794492444502,False
lane_choice,P1,15008,40,4.0,0.0,11.415283391778742,7.917465961148334,0.19749853001493048,9.757018575009277e-05,999902429.81425,12.999999999999991,12.91210617836171,16.755131274768452,6.1060366622275195,1.5001885304115121,0,0,0,0,-1,inf,0,-1,0,0,-1,0,0,6080,1784,0,1780,0,2516,1.6389142043786642,4.035794492444502,False
lane_choice,P2,15008,40,4.0,0.0,12.008701804632036,8.229738049872287,0.15881413145339823,3.739474708985757e-05,999962605.2529103,12.999999999999991,12.904499009576284,16.74847084715829,6.1060366622275195,1.5001177930900464,0,0,0,0,-1,inf,0,-1,0,0,-1,0,0,6080,1612,0,1861,0,2607,1.6389142043786642,4.035794492444502,False
lane_choice,P3,15008,40,4.0,0.0,11.415283391778742,7.917465961148334,0.19749853001493048,9.757018575009277e-05,999902429.81425,12.999999999999991,12.91210617836171,16.755131274768452,6.1060366622275195,1.5001885304115121,0,0,0,0,-1,inf,0,-1,0,0,-1,0,0,6080,1784,0,1780,0,2516,1.6389142043786642,4.035794492444502,False
lane_choice,P4,15008,40,4.0,0.0,12.011930681626641,8.339167020023577,0.15681014940403565,3.197086409443261e-05,999968029.1359055,12.99999999999999,12.903358507552323,16.74847084715829,6.1060366622275195,1.508038196389593,0,0,0,0,-1,inf,0,-1,0,0,-1,0,0,6080,1616,0,1788,0,2676,1.6389142043786642,4.035794492444502,False
lane_choice,P0,15009,40,4.0,0.0,-1.4841772517946121,-13.800125353527465,0.7112488585418857,0.27149979741639463,728500202.5836054,12.99999999999999,12.882786325056207,16.782438462261936,inf,1.5013499953110632,0,0,0,0,-1,inf,0,-1,0,0,-1,0,0,6080,1879,0,1762,0,2439,1.7216598038848225,4.200261905416722,False
lane_choice,P1,15009,40,4.0,0.0,11.415283391778742,7.917465961148334,0.19749853001493048,9.757018575009277e-05,999902429.81425,12.999999999999991,12.91210617836171,16.755131274768452,6.1060366622275195,1.5001885304115121,0,0,0,0,-1,inf,0,-1,0,0,-1,0,0,6080,1784,0,1780,0,2516,1.7216598038848225,4.200261905416722,False
lane_choice,P2,15009,40,4.0,0.0,12.10846277555633,8.783780876789407,0.1467584698392844,1.6328797180109017e-05,999983671.2028201,12.99999999999999,12.905349679254607,16.74847084715829,6.1060366622275195,1.5010597912286787,0,0,0,0,-1,inf,0,-1,0,0,-1,0,0,6080,1617,0,1797,0,2666,1.7216598038848225,4.200261905416722,False
lane_choice,P3,15009,40,4.0,0.0,11.415283391778742,7.917465961148334,0.19749853001493048,9.757018575009277e-05,999902429.81425,12.999999999999991,12.91210617836171,16.755131274768452,6.1060366622275195,1.5001885304115121,0,0,0,0,-1,inf,0,-1,0,0,-1,0,0,6080,1784,0,1780,0,2516,1.7216598038848225,4.200261905416722,False
lane_choice,P4,15009,40,4.0,0.0,12.011930681626641,8.339167020023577,0.15681014940403565,3.197086409443261e-05,999968029.1359055,12.99999999999999,12.903358507552323,16.74847084715829,6.1060366622275195,1.508038196389593,0,0,0,0,-1,inf,0,-1,0,0,-1,0,0,6080,1616,0,1788,0,2676,1.7216598038848225,4.200261905416722,False
lane_choice,P0,15010,40,4.0,0.0,-1.4841772517946121,-13.800125353527465,0.7112488585418857,0.27149979741639463,728500202.5836054,12.99999999999999,12.882786325056207,16.782438462261936,inf,1.5013499953110632,0,0,0,0,-1,inf,0,-1,0,0,-1,0,0,6080,1879,0,1762,0,2439,1.8414214584696857,4.423991052042945,False
lane_choice,P1,15010,40,4.0,0.0,11.415283391778742,7.917465961148334,0.19749853001493048,9.757018575009277e-05,999902429.81425,12.999999999999991,12.91210617836171,16.755131274768452,6.1060366622275195,1.5001885304115121,0,0,0,0,-1,inf,0,-1,0,0,-1,0,0,6080,1784,0,1780,0,2516,1.8414214584696857,4.423991052042945,False
lane_choice,P2,15010,40,4.0,0.0,12.006669292576891,8.339167020023577,0.15719914595329887,3.211108957552374e-05,999967888.9104245,12.99999999999999,12.903343972408566,16.74847084715829,6.1060366622275195,1.5076951843659407,0,0,0,0,-1,inf,0,-1,0,0,-1,0,0,6080,1600,0,1804,0,2676,1.8414214584696857,4.423991052042945,False
lane_choice,P3,15010,40,4.0,0.0,12.076728932495755,9.263228055490746,0.13843144961890505,8.18915618597111e-06,999991810.8438139,12.99999999999999,12.911716648644994,16.757163456939804,6.1060366622275195,1.5028868179940864,0,0,0,0,-1,inf,0,-1,0,0,-1,0,0,6080,1729,0,1751,0,2600,1.8414214584696857,4.423991052042945,False
lane_choice,P4,15010,40,4.0,0.0,12.011930681626641,8.339167020023577,0.15681014940403565,3.197086409443261e-05,999968029.1359055,12.99999999999999,12.903358507552323,16.74847084715829,6.1060366622275195,1.508038196389593,0,0,0,0,-1,inf,0,-1,0,0,-1,0,0,6080,1616,0,1788,0,2676,1.8414214584696857,4.423991052042945,False
lane_choice,P0,15011,40,4.0,0.0,-1.4841772517946121,-13.800125353527465,0.7112488585418857,0.27149979741639463,728500202.5836054,12.99999999999999,12.882786325056207,16.782438462261936,inf,1.5013499953110632,0,0,0,0,-1,inf,0,-1,0,0,-1,0,0,6080,1879,0,1762,0,2439,1.8891145874597755,4.394991433133544,False
lane_choice,P1,15011,40,4.0,0.0,11.415283391778742,7.917465961148334,0.19749853001493048,9.757018575009277e-05,999902429.81425,12.999999999999991,12.91210617836171,16.755131274768452,6.1060366622275195,1.5001885304115121,0,0,0,0,-1,inf,0,-1,0,0,-1,0,0,6080,1784,0,1780,0,2516,1.8891145874597755,4.394991433133544,False
lane_choice,P2,15011,40,4.0,0.0,11.994151129574023,8.339167020023577,0.1581424021019724,3.244000943071595e-05,999967559.9905694,12.99999999999999,12.903343972408566,16.74847084715829,6.1060366622275195,1.5076951843659407,0,0,0,0,-1,inf,0,-1,0,0,-1,0,0,6080,1600,0,1804,0,2676,1.8891145874597755,4.394991433133544,False
lane_choice,P3,15011,40,4.0,0.0,11.745317892373032,8.685339274074892,0.16510820070869772,2.59492303891247e-05,999974050.769611,12.999999999999996,12.910190221619104,16.75414086214862,6.1060366622275195,1.5000540543503091,0,0,0,0,-1,inf,0,-1,0,0,-1,0,0,6080,1704,0,1816,0,2560,1.8891145874597755,4.394991433133544,False
lane_choice,P4,15011,40,4.0,0.0,12.011930681626641,8.339167020023577,0.15681014940403565,3.197086409443261e-05,999968029.1359055,12.99999999999999,12.903358507552323,16.74847084715829,6.1060366622275195,1.508038196389593,0,0,0,0,-1,inf,0,-1,0,0,-1,0,0,6080,1616,0,1788,0,2676,1.8891145874597755,4.394991433133544,False
lane_choice,P0,15012,40,4.0,0.0,-1.4841772517946121,-13.800125353527465,0.7112488585418857,0.27149979741639463,728500202.5836054,12.99999999999999,12.882786325056207,16.782438462261936,inf,1.5013499953110632,0,0,0,0,-1,inf,0,-1,0,0,-1,0,0,6080,1879,0,1762,0,2439,1.7215546000258442,4.132036440735199,False
lane_choice,P1,15012,40,4.0,0.0,11.415283391778742,7.917465961148334,0.19749853001493048,9.757018575009277e-05,999902429.81425,12.999999999999991,12.91210617836171,16.755131274768452,6.1060366622275195,1.5001885304115121,0,0,0,0,-1,inf,0,-1,0,0,-1,0,0,6080,1784,0,1780,0,2516,1.7215546000258442,4.132036440735199,False
lane_choice,P2,15012,40,4.0,0.0,12.004846002929833,8.39448333904421,0.15610001630200873,2.9520593791208425e-05,999970479.4062088,12.999999999999993,12.902589135019047,16.747476673586238,6.1060366622275195,1.5086487573915592,0,0,0,0,-1,inf,0,-1,0,0,-1,0,0,6080,1608,0,1796,0,2676,1.7215546000258442,4.132036440735199,False
lane_choice,P3,15012,40,4.0,0.0,12.076728932495755,9.263228055490746,0.13843144961890505,8.18915618597111e-06,999991810.8438139,12.99999999999999,12.911716648644994,16.757163456939804,6.1060366622275195,1.5028868179940864,0,0,0,0,-1,inf,0,-1,0,0,-1,0,0,6080,1729,0,1751,0,2600,1.7215546000258442,4.132036440735199,False
lane_choice,P4,15012,40,4.0,0.0,12.011930681626641,8.339167020023577,0.15681014940403565,3.197086409443261e-05,999968029.1359055,12.99999999999999,12.903358507552323,16.74847084715829,6.1060366622275195,1.508038196389593,0,0,0,0,-1,inf,0,-1,0,0,-1,0,0,6080,1616,0,1788,0,2676,1.7215546000258442,4.132036440735199,False
lane_choice,P0,15013,40,4.0,0.0,-1.4841772517946121,-13.800125353527465,0.7112488585418857,0.27149979741639463,728500202.5836054,12.99999999999999,12.882786325056207,16.782438462261936,inf,1.5013499953110632,0,0,0,0,-1,inf,0,-1,0,0,-1,0,0,6080,1879,0,1762,0,2439,1.8750042090334176,4.295805285838297,False
lane_choice,P1,15013,40,4.0,0.0,11.415283391778742,7.917465961148334,0.19749853001493048,9.757018575009277e-05,999902429.81425,12.999999999999991,12.91210617836171,16.755131274768452,6.1060366622275195,1.5001885304115121,0,0,0,0,-1,inf,0,-1,0,0,-1,0,0,6080,1784,0,1780,0,2516,1.8750042090334176,4.295805285838297,False
lane_choice,P2,15013,40,4.0,0.0,12.101132847578397,8.783780876789407,0.14732170842461895,1.6529403731088244e-05,999983470.5962689,12.99999999999999,12.905349679254607,16.74847084715829,6.1060366622275195,1.5010597912286787,0,0,0,0,-1,inf,0,-1,0,0,-1,0,0,6080,1602,0,1812,0,2666,1.8750042090334176,4.295805285838297,False
lane_choice,P3,15013,40,4.0,0.0,11.415283391778742,7.917465961148334,0.19749853001493048,9.757018575009277e-05,999902429.81425,12.999999999999991,12.91210617836171,16.755131274768452,6.1060366622275195,1.5001885304115121,0,0,0,0,-1,inf,0,-1,0,0,-1,0,0,6080,1784,0,1780,0,2516,1.8750042090334176,4.295805285838297,False
lane_choice,P4,15013,40,4.0,0.0,12.011930681626641,8.339167020023577,0.15681014940403565,3.197086409443261e-05,999968029.1359055,12.99999999999999,12.903358507552323,16.74847084715829,6.1060366622275195,1.508038196389593,0,0,0,0,-1,inf,0,-1,0,0,-1,0,0,6080,1616,0,1788,0,2676,1.8750042090334176,4.295805285838297,False
lane_choice,P0,15014,40,4.0,0.0,-1.4841772517946121,-13.800125353527465,0.7112488585418857,0.27149979741639463,728500202.5836054,12.99999999999999,12.882786325056207,16.782438462261936,inf,1.5013499953110632,0,0,0,0,-1,inf,0,-1,0,0,-1,0,0,6080,1879,0,1762,0,2439,1.6658550528625464,4.040942121384396,False
lane_choice,P1,15014,40,4.0,0.0,11.415283391778742,7.917465961148334,0.19749853001493048,9.757018575009277e-05,999902429.81425,12.999999999999991,12.91210617836171,16.755131274768452,6.1060366622275195,1.5001885304115121,0,0,0,0,-1,inf,0,-1,0,0,-1,0,0,6080,1784,0,1780,0,2516,1.6658550528625464,4.040942121384396,False
lane_choice,P2,15014,40,4.0,0.0,12.003633799522168,8.350570069085126,0.15675953905088255,3.134923525812653e-05,999968650.7647419,12.999999999999991,12.902939065224487,16.746449236149434,6.1060366622275195,1.5001257136001795,0,0,0,0,-1,inf,0,-1,0,0,-1,0,0,6080,1578,0,1891,0,2611,1.6658550528625464,4.040942121384396,False
lane_choice,P3,15014,40,4.0,0.0,11.415283391778742,7.917465961148334,0.19749853001493048,9.757018575009277e-05,999902429.81425,12.999999999999991,12.91210617836171,16.755131274768452,6.1060366622275195,1.5001885304115121,0,0,0,0,-1,inf,0,-1,0,0,-1,0,0,6080,1784,0,1780,0,2516,1.6658550528625464,4.040942121384396,False
lane_choice,P4,15014,40,4.0,0.0,12.011930681626641,8.339167020023577,0.15681014940403565,3.197086409443261e-05,999968029.1359055,12.99999999999999,12.903358507552323,16.74847084715829,6.1060366622275195,1.508038196389593,0,0,0,0,-1,inf,0,-1,0,0,-1,0,0,6080,1616,0,1788,0,2676,1.6658550528625464,4.040942121384396,False
lane_choice,P0,15015,40,4.0,0.0,-1.4841772517946121,-13.800125353527465,0.7112488585418857,0.27149979741639463,728500202.5836054,12.99999999999999,12.882786325056207,16.782438462261936,inf,1.5013499953110632,0,0,0,0,-1,inf,0,-1,0,0,-1,0,0,6080,1879,0,1762,0,2439,1.8910398438856024,4.359036561409913,False
lane_choice,P1,15015,40,4.0,0.0,11.745317892373032,8.685339274074892,0.16510820070869772,2.59492303891247e-05,999974050.769611,12.999999999999996,12.910190221619104,16.75414086214862,6.1060366622275195,1.5000540543503091,0,0,0,0,-1,inf,0,-1,0,0,-1,0,0,6080,1704,0,1816,0,2560,1.8910398438856024,4.359036561409913,False
lane_choice,P2,15015,40,4.0,0.0,10.377378381691624,6.359241483953542,0.32074078480850243,0.0010118365022896846,998988163.4977102,12.999999999999993,12.908228620119699,16.74847084715829,6.1060366622275195,1.5054522843923368,0,0,0,0,-1,inf,0,-1,0,0,-1,0,0,6080,1834,0,1711,0,2535,1.8910398438856024,4.359036561409913,False
lane_choice,P3,15015,40,4.0,0.0,11.724101155926135,8.71113664209406,0.16877881955397006,2.629946675616684e-05,999973700.5332439,12.999999999999995,12.906925786351799,16.751005614868024,6.1060366622275195,1.5002385066918666,0,0,0,0,-1,inf,0,-1,0,0,-1,0,0,6080,1670,0,1885,0,2525,1.8910398438856024,4.359036561409913,False
lane_choice,P4,15015,40,4.0,0.0,12.011930681626641,8.339167020023577,0.15681014940403565,3.197086409443261e-05,999968029.1359055,12.99999999999999,12.903358507552323,16.74847084715829,6.1060366622275195,1.508038196389593,0,0,0,0,-1,inf,0,-1,0,0,-1,0,0,6080,1616,0,1788,0,2676,1.8910398438856024,4.359036561409913,False
lane_choice,P0,15016,40,4.0,0.0,-1.4841772517946121,-13.800125353527465,0.7112488585418857,0.27149979741639463,728500202.5836054,12.99999999999999,12.882786325056207,16.782438462261936,inf,1.5013499953110632,0,0,0,0,-1,inf,0,-1,0,0,-1,0,0,6080,1879,0,1762,0,2439,1.875002078047911,4.29309322084531,False
lane_choice,P1,15016,40,4.0,0.0,11.435182525296545,8.012373056845629,0.19517708609454484,8.383575704004454e-05,999916164.24296,12.99999999999999,12.910819574708963,16.753017151880435,6.1060366622275195,1.501167547298801,0,0,0,0,-1,inf,0,-1,0,0,-1,0,0,6080,1768,0,1784,0,2528,1.875002078047911,4.29309322084531,False
lane_choice,P2,15016,40,4.0,0.0,11.688149806161638,7.78461867199141,0.18227791446486424,7.531207105671113e-05,999924687.9289434,12.999999999999995,12.900021753913492,16.744258271972367,6.1060366622275195,1.503391720901357,0,0,0,0,-1,inf,0,-1,0,0,-1,0,0,6080,1567,0,1874,0,2639,1.875002078047911,4.29309322084531,False
lane_choice,P3,15016,40,4.0,0.0,11.863250199052144,9.22089698890259,0.15799043770156984,1.4034168112434699e-05,999985965.8318875,12.999999999999998,12.904472044256531,16.747725155669244,6.1060366622275195,1.5002284245268873,0,0,0,0,-1,inf,0,-1,0,0,-1,0,0,6080,1618,0,1856,0,2606,1.875002078047911,4.29309322084531,False
lane_choice,P4,15016,40,4.0,0.0,12.011930681626641,8.339167020023577,0.15681014940403565,3.197086409443261e-05,999968029.1359055,12.99999999999999,12.903358507552323,16.74847084715829,6.1060366622275195,1.508038196389593,0,0,0,0,-1,inf,0,-1,0,0,-1,0,0,6080,1616,0,1788,0,2676,1.875002078047911,4.29309322084531,False
lane_choice,P0,15017,40,4.0,0.0,-1.4841772517946121,-13.800125353527465,0.7112488585418857,0.27149979741639463,728500202.5836054,12.99999999999999,12.882786325056207,16.782438462261936,inf,1.5013499953110632,0,0,0,0,-1,inf,0,-1,0,0,-1,0,0,6080,1879,0,1762,0,2439,1.772212189971428,4.2095508718758365,False
lane_choice,P1,15017,40,4.0,0.0,11.415283391778742,7.917465961148334,0.19749853001493048,9.757018575009277e-05,999902429.81425,12.999999999999991,12.91210617836171,16.755131274768452,6.1060366622275195,1.5001885304115121,0,0,0,0,-1,inf,0,-1,0,0,-1,0,0,6080,1784,0,1780,0,2516,1.772212189971428,4.2095508718758365,False
lane_choice,P2,15017,40,4.0,0.0,12.008701804632036,8.229738049872287,0.15881413145339823,3.739474708985757e-05,999962605.2529103,12.999999999999991,12.904499009576284,16.74847084715829,6.1060366622275195,1.5001177930900464,0,0,0,0,-1,inf,0,-1,0,0,-1,0,0,6080,1612,0,1861,0,2607,1.772212189971428,4.2095508718758365,False
lane_choice,P3,15017,40,4.0,0.0,12.076728932495755,9.263228055490746,0.13843144961890505,8.18915618597111e-06,999991810.8438139,12.99999999999999,12.911716648644994,16.757163456939804,6.1060366622275195,1.5028868179940864,0,0,0,0,-1,inf,0,-1,0,0,-1,0,0,6080,1729,0,1751,0,2600,1.772212189971428,4.2095508718758365,False
lane_choice,P4,15017,40,4.0,0.0,12.011930681626641,8.339167020023577,0.15681014940403565,3.197086409443261e-05,999968029.1359055,12.99999999999999,12.903358507552323,16.74847084715829,6.1060366622275195,1.508038196389593,0,0,0,0,-1,inf,0,-1,0,0,-1,0,0,6080,1616,0,1788,0,2676,1.772212189971428,4.2095508718758365,False
lane_choice,P0,15018,40,4.0,0.0,-1.4841772517946121,-13.800125353527465,0.7112488585418857,0.27149979741639463,728500202.5836054,12.99999999999999,12.882786325056207,16.782438462261936,inf,1.5013499953110632,0,0,0,0,-1,inf,0,-1,0,0,-1,0,0,6080,1879,0,1762,0,2439,1.818527263769576,4.23623287545256,False
lane_choice,P1,15018,40,4.0,0.0,11.415283391778742,7.917465961148334,0.19749853001493048,9.757018575009277e-05,999902429.81425,12.999999999999991,12.91210617836171,16.755131274768452,6.1060366622275195,1.5001885304115121,0,0,0,0,-1,inf,0,-1,0,0,-1,0,0,6080,1784,0,1780,0,2516,1.818527263769576,4.23623287545256,False
lane_choice,P2,15018,40,4.0,0.0,12.003801535674015,8.30317609867053,0.15770970069748805,3.362030996009836e-05,999966379.6900399,12.999999999999993,12.90378423508218,16.747476673586238,6.1060366622275195,1.5006896560409806,0,0,0,0,-1,inf,0,-1,0,0,-1,0,0,6080,1603,0,1869,0,2608,1.818527263769576,4.23623287545256,False
lane_choice,P3,15018,40,4.0,0.0,11.745317892373032,8.685339274074892,0.16510820070869772,2.59492303891247e-05,999974050.769611,12.999999999999996,12.910190221619104,16.75414086214862,6.1060366622275195,1.5000540543503091,0,0,0,0,-1,inf,0,-1,0,0,-1,0,0,6080,1704,0,1816,0,2560,1.818527263769576,4.23623287545256,False
lane_choice,P4,15018,40,4.0,0.0,12.011930681626641,8.339167020023577,0.15681014940403565,3.197086409443261e-05,999968029.1359055,12.99999999999999,12.903358507552323,16.74847084715829,6.1060366622275195,1.508038196389593,0,0,0,0,-1,inf,0,-1,0,0,-1,0,0,6080,1616,0,1788,0,2676,1.818527263769576,4.23623287545256,False
lane_choice,P0,15019,40,4.0,0.0,-1.4841772517946121,-13.800125353527465,0.7112488585418857,0.27149979741639463,728500202.5836054,12.99999999999999,12.882786325056207,16.782438462261936,inf,1.5013499953110632,0,0,0,0,-1,inf,0,-1,0,0,-1,0,0,6080,1879,0,1762,0,2439,1.8203285523707358,4.281639014270608,False
lane_choice,P1,15019,40,4.0,0.0,11.758934634062106,8.774627668072814,0.1643701125898196,2.2394814054187174e-05,999977605.1859459,12.999999999999993,12.90887192507583,16.752025539288738,6.1060366622275195,1.501057888153312,0,0,0,0,-1,inf,0,-1,0,0,-1,0,0,6080,1698,0,1823,0,2559,1.8203285523707358,4.281639014270608,False
lane_choice,P2,15019,40,4.0,0.0,11.832741258051616,8.335939670729472,0.16651268150172335,3.2794177612824545e-05,999967205.8223871,12.999999999999995,12.900148708289226,16.74537999526075,6.1060366622275195,1.5096519956738716,0,0,0,0,-1,inf,0,-1,0,0,-1,0,0,6080,1593,0,1842,0,2645,1.8203285523707358,4.281639014270608,False
lane_choice,P3,15019,40,4.0,0.0,11.758934634062106,8.774627668072814,0.1643701125898196,2.2394814054187174e-05,999977605.1859459,12.999999999999993,12.90887192507583,16.752025539288738,6.1060366622275195,1.501057888153312,0,0,0,0,-1,inf,0,-1,0,0,-1,0,0,6080,1698,0,1823,0,2559,1.8203285523707358,4.281639014270608,False
lane_choice,P4,15019,40,4.0,0.0,12.011930681626641,8.339167020023577,0.15681014940403565,3.197086409443261e-05,999968029.1359055,12.99999999999999,12.903358507552323,16.74847084715829,6.1060366622275195,1.508038196389593,0,0,0,0,-1,inf,0,-1,0,0,-1,0,0,6080,1616,0,1788,0,2676,1.8203285523707358,4.281639014270608,False
overtake,P0,15000,50,5.0,0.0,22.76825310844972,17.202168997219456,0.0025333436304332264,2.203976300219968e-25,1000000000.0,46.633333333333304,46.633333333333304,2.375918096705277,0.3776658348771216,inf,0,0,0,0,-1,inf,0,-1,0,0,-1,0,0,7600,0,0,0,3020,4580,1.4657649397857977,3.4119738841445475,False
overtake,P1,15000,50,5.0,0.0,22.691622988509298,17.202168997219456,0.0025150884339491526,2.202453933722134e-25,1000000000.0,46.52666666666666,46.52666666666666,2.482187234863278,0.4273522072445029,inf,0,0,0,0,-1,inf,0,-1,0,0,-1,0,0,7600,0,0,0,2985,4615,1.4657649397857977,3.4119738841445475,False
overtake,P2,15000,50,5.0,0.0,22.628796960616867,17.202168997219456,0.0025525198857210525,2.2039763002199685e-25,1000000000.0,46.50333333333332,46.50333333333332,2.5054381125034544,0.4759367201972846,inf,0,0,0,0,-1,inf,0,-1,0,0,-1,0,0,7600,0,0,0,2958,4642,1.4657649397857977,3.4119738841445475,False
overtake,P3,15000,50,5.0,0.0,22.68661487331539,17.202168997219456,0.002540748198386422,2.203976300219968e-25,1000000000.0,46.563333333333325,46.563333333333325,2.4456533146758273,0.4196867201972818,inf,0,0,0,0,-1,inf,0,-1,0,0,-1,0,0,7600,0,0,0,2996,4604,1.4657649397857977,3.4119738841445475,False
overtake,P4,15000,50,5.0,0.0,22.628796960616867,17.202168997219456,0.0025525198857210525,2.2039763002199685e-25,1000000000.0,46.50333333333332,46.50333333333332,2.5054381125034544,0.4759367201972846,inf,0,0,0,0,-1,inf,0,-1,0,0,-1,0,0,7600,0,0,0,2958,4642,1.4657649397857977,3.4119738841445475,False
overtake,P0,15001,50,5.0,0.0,22.81673119691594,17.202168997219456,0.0024838793621986353,2.193044394195772e-25,1000000000.0,46.55133333333331,46.55133333333331,2.457609435118797,0.5943954761342033,inf,0,0,0,0,-1,inf,0,-1,0,0,-1,0,0,7600,0,0,0,2987,4613,1.5777884826685784,3.7168434310554472,False
overtake,P1,15001,50,5.0,0.0,22.901087148847473,17.202168997219456,0.002437863689889252,2.185109841583241e-25,1000000000.0,46.589999999999975,46.589999999999975,2.41908571388872,0.601427383157789,inf,0,0,0,0,-1,inf,0,-1,0,0,-1,0,0,7600,0,0,0,3011,4589,1.5777884826685784,3.7168434310554472,False
overtake,P2,15001,50,5.0,0.0,22.81673119691594,17.202168997219456,0.0024838793621986353,2.193044394195772e-25,1000000000.0,46.55133333333331,46.55133333333331,2.457609435118797,0.5943954761342033,inf,0,0,0,0,-1,inf,0,-1,0,0,-1,0,0,7600,0,0,0,2987,4613,1.5777884826685784,3.7168434310554472,False
overtake,P3,15001,50,5.0,0.0,22.81673119691594,17.202168997219456,0.0024838793621986353,2.193044394195772e-25,1000000000.0,46.55133333333331,46.55133333333331,2.457609435118797,0.5943954761342033,inf,0,0,0,0,-1,inf,0,-1,0,0,-1,0,0,7600,0,0,0,2987,4613,1.5777884826685784,3.7168434310554472,False
overtake,P4,15001,50,5.0,0.0,22.81673119691594,17.202168997219456,0.0024838793621986353,2.193044394195772e-25,1000000000.0,46.55133333333331,46.55133333333331,2.457609435118797,0.5943954761342033,inf,0,0,0,0,-1,inf,0,-1,0,0,-1,0,0,7600,0,0,0,2987,4613,1.5777884826685784,3.7168434310554472,False
overtake,P0,15002,50,5.0,0.0,22.574569738715667,17.202168997219456,0.0025147024551414056,2.1869628377617876e-25,1000000000.0,46.218999999999994,46.218999999999994,2.7888773173340575,0.7565613876139414,inf,0,0,0,0,-1,inf,0,-1,0,0,-1,0,0,7600,0,0,0,2858,4742,1.7176817730536116,3.8018688815184594,False
overtake,P1,15002,50,5.0,0.0,22.86184327750682,17.202168997219456,0.0024413488928879726,2.185109841583241e-25,1000000000.0,46.446666666666644,46.446666666666644,2.561910771719344,0.6766720744094715,inf,0,0,0,0,-1,inf,0,-1,0,0,-1,0,0,7600,0,0,0,2984,4616,1.7176817730536116,3.8018688815184594,False
overtake,P2,15002,50,5.0,0.0,22.506082214255795,17.202168997219456,0.002531171325565383,2.1869628377617876e-25,1000000000.0,46.23899999999998,46.23899999999998,2.7689342157480867,0.7748003115912476,inf,0,0,0,0,-1,inf,0,-1,0,0,-1,0,0,7600,0,0,0,2862,4738,1.7176817730536116,3.8018688815184594,False
overtake,P3,15002,50,5.0,0.0,22.574569738715667,17.202168997219456,0.0025147024551414056,2.1869628377617876e-25,1000000000.0,46.218999999999994,46.218999999999994,2.7888773173340575,0.7565613876139414,inf,0,0,0,0,-1,inf,0,-1,0,0,-1,0,0,7600,0,0,0,2858,4742,1.7176817730536116,3.8018688815184594,False
overtake,P4,15002,50,5.0,0.0,22.605404614532294,17.202168997219456,0.0025160860074032038,2.1869628377617876e-25,1000000000.0,46.29233333333333,46.29233333333333,2.7157567028211793,0.7531115124108423,inf,0,0,0,0,-1,inf,0,-1,0,0,-1,0,0,7600,0,0,0,2901,4699,1.7176817730536116,3.8018688815184594,False
overtake,P0,15003,50,5.0,0.0,22.830931854249787,17.202168997219456,0.0025059195301404217,2.1953653588454624e-25,1000000000.0,46.323333333333316,46.323333333333316,2.6848501141748886,0.8522553561802173,inf,0,0,0,0,-1,inf,0,-1,0,0,-1,0,0,7600,0,0,0,2903,4697,1.426992255625306,3.3585772683325645,False
overtake,P1,15003,50,5.0,0.0,22.95718191893395,17.202168997219456,0.0024231925338344005,2.185109841583241e-25,1000000000.0,46.409999999999975,46.409999999999975,2.598456405472392,0.7322287565781133,inf,0,0,0,0,-1,inf,0,-1,0,0,-1,0,0,7600,0,0,0,2940,4660,1.426992255625306,3.3585772683325645,False
overtake,P2,15003,50,5.0,0.0,22.830931854249787,17.202168997219456,0.0025059195301404217,2.1953653588454624e-25,1000000000.0,46.323333333333316,46.323333333333316,2.6848501141748886,0.8522553561802173,inf,0,0,0,0,-1,inf,0,-1,0,0,-1,0,0,7600,0,0,0,2903,4697,1.426992255625306,3.3585772683325645,False
overtake,P3,15003,50,5.0,0.0,22.830931854249787,17.202168997219456,0.0025059195301404217,2.1953653588454624e-25,1000000000.0,46.323333333333316,46.323333333333316,2.6848501141748886,0.8522553561802173,inf,0,0,0,0,-1,inf,0,-1,0,0,-1,0,0,7600,0,0,0,2903,4697,1.426992255625306,3.3585772683325645,False
overtake,P4,15003,50,5.0,0.0,22.830931854249787,17.202168997219456,0.0025059195301404217,2.1953653588454624e-25,1000000000.0,46.323333333333316,46.323333333333316,2.6848501141748886,0.8522553561802173,inf,0,0,0,0,-1,inf,0,-1,0,0,-1,0,0,7600,0,0,0,2903,4697,1.426992255625306,3.3585772683325645,False
overtake,P0,15004,50,5.0,0.0,22.466253513000073,17.202168997219456,0.00261592558896889,2.1984201037985214e-25,1000000000.0,46.27666666666667,46.27666666666667,2.731376966949967,0.6556540192354982,inf,0,0,0,0,-1,inf,0,-1,0,0,-1,0,0,7600,0,0,0,2707,4893,1.5563016276200892,3.5477200223659584,False
overtake,P1,15004,50,5.0,0.0,22.855620769650535,17.202168997219456,0.0024195692019411096,2.1851098415832407e-25,1000000000.0,46.409999999999975,46.409999999999975,2.598456405472392,0.6439276802254852,inf,0,0,0,0,-1,inf,0,-1,0,0,-1,0,0,7600,0,0,0,2854,4746,1.5563016276200892,3.5477200223659584,False
overtake,P2,15004,50,5.0,0.0,22.466253513000073,17.202168997219456,0.00261592558896889,2.1984201037985214e-25,1000000000.0,46.27666666666667,46.27666666666667,2.731376966949967,0.6556540192354982,inf,0,0,0,0,-1,inf,0,-1,0,0,-1,0,0,7600,0,0,0,2707,4893,1.5563016276200892,3.5477200223659584,False
overtake,P3,15004,50,5.0,0.0,22.466253513000073,17.202168997219456,0.00261592558896889,2.1984201037985214e-25,1000000000.0,46.27666666666667,46.27666666666667,2.731376966949967,0.6556540192354982,inf,0,0,0,0,-1,inf,0,-1,0,0,-1,0,0,7600,0,0,0,2707,4893,1.5563016276200892,3.5477200223659584,False
overtake,P4,15004,50,5.0,0.0,22.466253513000073,17.202168997219456,0.00261592558896889,2.1984201037985214e-25,1000000000.0,46.27666666666667,46.27666666666667,2.731376966949967,0.6556540192354982,inf,0,0,0,0,-1,inf,0,-1,0,0,-1,0,0,7600,0,0,0,2707,4893,1.5563016276200892,3.5477200223659584,False
overtake,P0,15005,50,5.0,0.0,22.580238666538367,17.202168997219456,0.0025961749556929568,2.1985225081765986e-25,1000000000.0,46.303999999999974,46.303999999999974,2.7041249400019445,0.8901799246663,inf,0,0,0,0,-1,inf,0,-1,0,0,-1,0,0,7600,0,0,0,2793,4807,1.521704009981525,3.5426194572194443,False
overtake,P1,15005,50,5.0,0.0,22.89903371399116,17.202168997219456,0.0024448600071397476,2.185109841583241e-25,1000000000.0,46.499999999999986,46.499999999999986,2.5087597914388793,0.7770151811621688,inf,0,0,0,0,-1,inf,0,-1,0,0,-1,0,0,7600,0,0,0,2917,4683,1.521704009981525,3.5426194572194443,False
overtake,P2,15005,50,5.0,0.0,22.40171313304615,17.202168997219456,0.002627709756131398,2.1985225081765986e-25,1000000000.0,46.215666666666635,46.215666666666635,2.792201246731987,0.915626438632866,inf,0,0,0,0,-1,inf,0,-1,0,0,-1,0,0,7600,0,0,0,2733,4867,1.521704009981525,3.5426194572194443,False
overtake,P3,15005,50,5.0,0.0,22.567945317426812,17.202168997219456,0.002603659328777051,2.1985225081765986e-25,1000000000.0,46.38399999999995,46.38399999999995,2.624372628103836,0.7740730471734295,inf,0,0,0,0,-1,inf,0,-1,0,0,-1,0,0,7600,0,0,0,2801,4799,1.521704009981525,3.5426194572194443,False
overtake,P4,15005,50,5.0,0.0,22.40171313304615,17.202168997219456,0.002627709756131398,2.1985225081765986e-25,1000000000.0,46.215666666666635,46.215666666666635,2.792201246731987,0.915626438632866,inf,0,0,0,0,-1,inf,0,-1,0,0,-1,0,0,7600,0,0,0,2733,4867,1.521704009981525,3.5426194572194443,False
overtake,P0,15006,50,5.0,0.0,22.659028428652324,17.202168997219456,0.0025236037022915857,2.192978471858666e-25,1000000000.0,46.428333333333335,46.428333333333335,2.58018315930959,0.5731139359446792,inf,0,0,0,0,-1,inf,0,-1,0,0,-1,0,0,7600,0,0,0,2845,4755,1.4848390639047315,3.4367703701239445,False
overtake,P1,15006,50,5.0,0.0,22.793088564054287,17.202168997219456,0.002436945456980964,2.1851098415832407e-25,1000000000.0,46.45666666666664,46.45666666666664,2.551944383325183,0.5734474153901211,inf,0,0,0,0,-1,inf,0,-1,0,0,-1,0,0,7600,0,0,0,2873,4727,1.4848390639047315,3.4367703701239445,False
overtake,P2,15006,50,5.0,0.0,22.692209022290186,17.202168997219456,0.0025250699685160872,2.192978471858666e-25,1000000000.0,46.45500000000001,46.45500000000001,2.553605429807102,0.5654228829258434,inf,0,0,0,0,-1,inf,0,-1,0,0,-1,0,0,7600,0,0,0,2835,4765,1.4848390639047315,3.4367703701239445,False
overtake,P3,15006,50,5.0,0.0,22.692209022290186,17.202168997219456,0.0025250699685160872,2.192978471858666e-25,1000000000.0,46.45500000000001,46.45500000000001,2.553605429807102,0.5654228829258434,inf,0,0,0,0,-1,inf,0,-1,0,0,-1,0,0,7600,0,0,0,2835,4765,1.4848390639047315,3.4367703701239445,False
overtake,P4,15006,50,5.0,0.0,22.692209022290186,17.202168997219456,0.0025250699685160872,2.192978471858666e-25,1000000000.0,46.45500000000001,46.45500000000001,2.553605429807102,0.5654228829258434,inf,0,0,0,0,-1,inf,0,-1,0,0,-1,0,0,7600,0,0,0,2835,4765,1.4848390639047315,3.4367703701239445,False
overtake,P0,15007,50,5.0,0.0,22.694655851227655,17.202168997219456,0.0025484073972109784,2.1978583667478766e-25,1000000000.0,46.66833333333331,46.66833333333331,2.341056414438776,0.4298409709585121,inf,0,0,0,0,-1,inf,1,49,0,0,-1,0,1,7600,0,0,0,2866,4734,1.655053232859164,3.768433429183625,False
overtake,P1,15007,50,5.0,0.0,23.072890819406737,17.202168997219456,0.002417482365476681,2.1851098415832407e-25,1000000000.0,46.86999999999997,46.86999999999997,2.140274676563854,0.29178396297778847,inf,0,0,0,0,-1,inf,1,49,0,0,-1,0,1,7600,0,0,0,3006,4594,1.655053232859164,3.768433429183625,False
overtake,P2,15007,50,5.0,0.0,22.694655851227655,17.202168997219456,0.0025484073972109784,2.1978583667478766e-25,1000000000.0,46.66833333333331,46.66833333333331,2.341056414438776,0.4298409709585121,inf,0,0,0,0,-1,inf,1,49,0,0,-1,0,1,7600,0,0,0,2866,4734,1.655053232859164,3.768433429183625,False
overtake,P3,15007,50,5.0,0.0,22.694655851227655,17.202168997219456,0.0025484073972109784,2.1978583667478766e-25,1000000000.0,46.66833333333331,46.66833333333331,2.341056414438776,0.4298409709585121,inf,0,0,0,0,-1,inf,1,49,0,0,-1,0,1,7600,0,0,0,2866,4734,1.655053232859164,3.768433429183625,False
overtake,P4,15007,50,5.0,0.0,22.680862495033203,17.202168997219456,0.002550648699066807,2.1978583667478766e-25,1000000000.0,46.6783333333333,46.6783333333333,2.331096695174108,0.42232217396603755,inf,0,0,0,0,-1,inf,1,49,0,0,-1,0,1,7600,0,0,0,2871,4729,1.655053232859164,3.768433429183625,False
overtake,P0,15008,50,5.0,0.0,22.688111810312037,17.202168997219456,0.0025158641321057214,2.1855419661485876e-25,1000000000.0,46.51499999999999,46.51499999999999,2.4938124811501785,0.5400161664504722,inf,0,0,0,0,-1,inf,0,-1,0,0,-1,0,0,7600,0,0,0,2863,4737,1.3973449727883525,3.3392896167853308,False
overtake,P1,15008,50,5.0,0.0,22.774411318782903,17.202168997219456,0.0024501775885644324,2.185109841583241e-25,1000000000.0,46.51666666666664,46.51666666666664,2.4921517079794655,0.5518116600319153,inf,0,0,0,0,-1,inf,0,-1,0,0,-1,0,0,7600,0,0,0,2899,4701,1.3973449727883525,3.3392896167853308,False
overtake,P2,15008,50,5.0,0.0,22.490776695629506,17.202168997219456,0.0025361159055990786,2.1855419661485876e-25,1000000000.0,46.30833333333331,46.30833333333331,2.699804647670819,0.6538785168464658,inf,0,0,0,0,-1,inf,0,-1,0,0,-1,0,0,7600,0,0,0,2787,4813,1.3973449727883525,3.3392896167853308,False
overtake,P3,15008,50,5.0,0.0,22.560953903379623,17.202168997219456,0.0025269636532916345,2.1855419661485876e-25,1000000000.0,46.374999999999986,46.374999999999986,2.6333440130640837,0.6278727319343836,inf,0,0,0,0,-1,inf,0,-1,0,0,-1,0,0,7600,0,0,0,2818,4782,1.3973449727883525,3.3392896167853308,False
overtake,P4,15008,50,5.0,0.0,22.524914830957997,17.202168997219456,0.0025307743424200606,2.1855419661485876e-25,1000000000.0,46.321666666666644,46.321666666666644,2.686511703973192,0.6659679700296278,inf,0,0,0,0,-1,inf,0,-1,0,0,-1,0,0,7600,0,0,0,2794,4806,1.3973449727883525,3.3392896167853308,False
overtake,P0,15009,50,5.0,0.0,22.684614249681566,17.202168997219456,0.002524642061198706,2.1966967885922825e-25,1000000000.0,46.51533333333332,46.51533333333332,2.493480325886873,0.44789081464798985,inf,0,0,0,0,-1,inf,0,-1,0,0,-1,0,0,7600,0,0,0,2891,4709,1.4617118443510362,3.4759650553814936,False
overtake,P1,15009,50,5.0,0.0,22.91562779511539,17.202168997219456,0.0024464685253863,2.1851098415832705e-25,1000000000.0,46.70333333333331,46.70333333333331,2.3061989222350823,0.3296419659397643,inf,0,0,0,0,-1,inf,0,-1,0,0,-1,0,0,7600,0,0,0,2960,4640,1.4617118443510362,3.4759650553814936,False
overtake,P2,15009,50,5.0,0.0,22.51235135371292,17.202168997219456,0.0025509207113105685,2.1966967885922825e-25,1000000000.0,46.398666666666664,46.398666666666664,2.609753015565171,0.5145651273476991,inf,0,0,0,0,-1,inf,0,-1,0,0,-1,0,0,7600,0,0,0,2837,4763,1.4617118443510362,3.4759650553814936,False
overtake,P3,15009,50,5.0,0.0,22.616032974558788,17.202168997219456,0.002532216577965163,2.1966967885922825e-25,1000000000.0,46.48866666666664,46.48866666666664,2.5200537300326813,0.458186404862971,inf,0,0,0,0,-1,inf,0,-1,0,0,-1,0,0,7600,0,0,0,2867,4733,1.4617118443510362,3.4759650553814936,False
overtake,P4,15009,50,5.0,0.0,22.49297574825757,17.202168997219456,0.0025500384405105735,2.1966967885922825e-25,1000000000.0,46.41033333333333,46.41033333333333,2.598124157076574,0.4539036535595197,inf,0,0,0,0,-1,inf,0,-1,0,0,-1,0,0,7600,0,0,0,2841,4759,1.4617118443510362,3.4759650553814936,False
overtake,P0,15010,50,5.0,0.0,22.884124437294666,17.202168997219456,0.0024728534561057947,2.185155311355124e-25,1000000000.0,46.62333333333333,46.62333333333333,2.3858793212534555,0.5282113698195614,inf,0,0,0,0,-1,inf,0,-1,0,0,-1,0,0,7600,0,0,0,3064,4536,1.514953795008625,3.5520794648134113,False
overtake,P1,15010,50,5.0,0.0,22.888234756666574,17.202168997219456,0.002444793142879772,2.185109841583241e-25,1000000000.0,46.53999999999999,46.53999999999999,2.4689017175943673,0.6516176641600271,inf,0,0,0,0,-1,inf,0,-1,0,0,-1,0,0,7600,0,0,0,3058,4542,1.514953795008625,3.5520794648134113,False
overtake,P2,15010,50,5.0,0.0,22.781905904787717,17.202168997219456,0.002491762963695611,2.1851553113551255e-25,1000000000.0,46.53666666666665,46.53666666666665,2.472223048645001,0.614597354815269,inf,0,0,0,0,-1,inf,0,-1,0,0,-1,0,0,7600,0,0,0,3023,4577,1.514953795008625,3.5520794648134113,False
overtake,P3,15010,50,5.0,0.0,22.83726468879161,17.202168997219456,0.002473079298160842,2.185155311355124e-25,1000000000.0,46.51666666666666,46.51666666666666,2.4921517079794446,0.6628272225560282,inf,0,0,0,0,-1,inf,0,-1,0,0,-1,0,0,7600,0,0,0,3030,4570,1.514953795008625,3.5520794648134113,False
overtake,P4,15010,50,5.0,0.0,22.89836291283419,17.202168997219456,0.0024769742084829872,2.1851553113551255e-25,1000000000.0,46.66666666666666,46.66666666666666,2.342716401015041,0.5217402119581195,inf,0,0,0,0,-1,inf,0,-1,0,0,-1,0,0,7600,0,0,0,3078,4522,1.514953795008625,3.5520794648134113,False
overtake,P0,15011,50,5.0,0.0,22.469457272890278,17.202168997219456,0.0026433868261370756,2.198519347356568e-25,1000000000.0,46.45399999999998,46.45399999999998,2.5546020612104114,0.5814616932102938,inf,0,0,0,0,-1,inf,0,-1,0,0,-1,0,0,7600,0,0,0,2768,4832,1.568896114441345,3.625192643987379,False
overtake,P1,15011,50,5.0,0.0,22.805499826903286,17.202168997219456,0.002449134470499983,2.185109841583241e-25,1000000000.0,46.613333333333294,46.613333333333294,2.3958408688638615,0.47421459136620603,inf,0,0,0,0,-1,inf,0,-1,0,0,-1,0,0,7600,0,0,0,2893,4707,1.568896114441345,3.625192643987379,False
overtake,P2,15011,50,5.0,0.0,22.402764471656564,17.202168997219456,0.002653855675760341,2.198519347356568e-25,1000000000.0,46.472333333333296,46.472333333333296,2.536330906825516,0.555807440691374,inf,0,0,0,0,-1,inf,0,-1,0,0,-1,0,0,7600,0,0,0,2761,4839,1.568896114441345,3.625192643987379,False
overtake,P3,15011,50,5.0,0.0,22.44460021959646,17.202168997219456,0.0026452151527536706,2.198519347356568e-25,1000000000.0,46.44899999999996,46.44899999999996,2.5595852576424503,0.5788914142696507,inf,0,0,0,0,-1,inf,0,-1,0,0,-1,0,0,7600,0,0,0,2767,4833,1.568896114441345,3.625192643987379,False
overtake,P4,15011,50,5.0,0.0,22.402764471656564,17.202168997219456,0.002653855675760341,2.198519347356568e-25,1000000000.0,46.472333333333296,46.472333333333296,2.536330906825516,0.555807440691374,inf,0,0,0,0,-1,inf,0,-1,0,0,-1,0,0,7600,0,0,0,2761,4839,1.568896114441345,3.625192643987379,False
overtake,P0,15012,50,5.0,0.0,22.908959013366804,17.202168997219456,0.0024872396897367166,2.185624719496216e-25,1000000000.0,46.73399999999998,46.73399999999998,2.275660715295772,0.4670605388508534,inf,0,0,0,0,-1,inf,0,-1,0,0,-1,0,0,7600,0,0,0,2976,4624,1.4831061589104169,3.4407602585657195,False
overtake,P1,15012,50,5.0,0.0,22.99767813578005,17.202168997219456,0.0024328766494046317,2.1851098416248403e-25,1000000000.0,46.74999999999998,46.74999999999998,2.259729118974324,0.4596025011051304,inf,0,0,0,0,-1,inf,0,-1,0,0,-1,0,0,7600,0,0,0,3027,4573,1.4831061589104169,3.4407602585657195,False
overtake,P2,15012,50,5.0,0.0,22.908959013366804,17.202168997219456,0.0024872396897367166,2.185624719496216e-25,1000000000.0,46.73399999999998,46.73399999999998,2.275660715295772,0.4670605388508534,inf,0,0,0,0,-1,inf,0,-1,0,0,-1,0,0,7600,0,0,0,2976,4624,1.4831061589104169,3.4407602585657195,False
overtake,P3,15012,50,5.0,0.0,22.908959013366804,17.202168997219456,0.0024872396897367166,2.185624719496216e-25,1000000000.0,46.73399999999998,46.73399999999998,2.275660715295772,0.4670605388508534,inf,0,0,0,0,-1,inf,0,-1,0,0,-1,0,0,7600,0,0,0,2976,4624,1.4831061589104169,3.4407602585657195,False
overtake,P4,15012,50,5.0,0.0,22.908959013366804,17.202168997219456,0.0024872396897367166,2.185624719496216e-25,1000000000.0,46.73399999999998,46.73399999999998,2.275660715295772,0.4670605388508534,inf,0,0,0,0,-1,inf,0,-1,0,0,-1,0,0,7600,0,0,0,2976,4624,1.4831061589104169,3.4407602585657195,False
overtake,P0,15013,50,5.0,0.0,22.99305521900702,17.202168997219456,0.002489127483241792,2.1977859982386454e-25,1000000000.0,46.70333333333331,46.70333333333331,2.3061989222350823,0.5515432820419037,inf,0,0,0,0,-1,inf,0,-1,0,0,-1,0,0,7600,0,0,0,2992,4608,1.5358843170614005,3.6269636664524194,False
overtake,P1,15013,50,5.0,0.0,23.046714547372357,17.202168997219456,0.0024203381376181866,2.1851098415832705e-25,1000000000.0,46.72999999999999,46.72999999999999,2.2796437640869294,0.5035650916056135,inf,0,0,0,0,-1,inf,0,-1,0,0,-1,0,0,7600,0,0,0,3042,4558,1.5358843170614005,3.6269636664524194,False
overtake,P2,15013,50,5.0,0.0,22.9228340330748,17.202168997219456,0.002504404626832423,2.197785998238651e-25,1000000000.0,46.673333333333304,46.673333333333304,2.3360765117860103,0.5777060727395852,inf,0,0,0,0,-1,inf,0,-1,0,0,-1,0,0,7600,0,0,0,2959,4641,1.5358843170614005,3.6269636664524194,False
overtake,P3,15013,50,5.0,0.0,22.99305521900702,17.202168997219456,0.002489127483241792,2.1977859982386454e-25,1000000000.0,46.70333333333331,46.70333333333331,2.3061989222350823,0.5515432820419037,inf,0,0,0,0,-1,inf,0,-1,0,0,-1,0,0,7600,0,0,0,2992,4608,1.5358843170614005,3.6269636664524194,False
overtake,P4,15013,50,5.0,0.0,22.99305521900702,17.202168997219456,0.002489127483241792,2.1977859982386454e-25,1000000000.0,46.70333333333331,46.70333333333331,2.3061989222350823,0.5515432820419037,inf,0,0,0,0,-1,inf,0,-1,0,0,-1,0,0,7600,0,0,0,2992,4608,1.5358843170614005,3.6269636664524194,False
overtake,P0,15014,50,5.0,0.0,22.799578083601272,17.202168997219456,0.0025129707095946723,2.1867745785551774e-25,1000000000.0,46.59833333333332,46.59833333333332,2.410783787260527,0.5423429295963899,inf,0,0,0,0,-1,inf,0,-1,0,0,-1,0,0,7600,0,0,0,2943,4657,1.4123828046753801,3.3596745180432475,False
overtake,P1,15014,50,5.0,0.0,23.010232940764244,17.202168997219456,0.0024156450869407464,2.1851098415832407e-25,1000000000.0,46.646666666666654,46.646666666666654,2.3626369735780854,0.5203272225560345,inf,0,0,0,0,-1,inf,0,-1,0,0,-1,0,0,7600,0,0,0,2994,4606,1.4123828046753801,3.3596745180432475,False
overtake,P2,15014,50,5.0,0.0,22.74354883056771,17.202168997219456,0.0025214208235959305,2.1867745785551774e-25,1000000000.0,46.53833333333332,46.53833333333332,2.470562379078541,0.5832520205054827,inf,0,0,0,0,-1,inf,0,-1,0,0,-1,0,0,7600,0,0,0,2916,4684,1.4123828046753801,3.3596745180432475,False
overtake,P3,15014,50,5.0,0.0,22.62823345900029,17.202168997219456,0.002525152919794258,2.1867745785551774e-25,1000000000.0,46.339999999999975,46.339999999999975,2.6682345644902568,0.7244388253388886,inf,0,0,0,0,-1,inf,0,-1,0,0,-1,0,0,7600,0,0,0,2836,4764,1.4123828046753801,3.3596745180432475,False
overtake,P4,15014,50,5.0,0.0,22.74354883056771,17.202168997219456,0.0025214208235959305,2.1867745785551774e-25,1000000000.0,46.53833333333332,46.53833333333332,2.470562379078541,0.5832520205054827,inf,0,0,0,0,-1,inf,0,-1,0,0,-1,0,0,7600,0,0,0,2916,4684,1.4123828046753801,3.3596745180432475,False
overtake,P0,15015,50,5.0,0.0,22.727082772321733,17.202168997219456,0.0025450506078542674,2.197797316801617e-25,1000000000.0,46.52166666666664,46.52166666666664,2.487169435774656,0.6410469452538714,inf,0,0,0,0,-1,inf,0,-1,0,0,-1,0,0,7600,0,0,0,2866,4734,1.615679451618593,3.7056495780477996,False
overtake,P1,15015,50,5.0,0.0,22.935380470461485,17.202168997219456,0.0024429360398739654,2.185109841583271e-25,1000000000.0,46.70333333333331,46.70333333333331,2.3061989222350823,0.45672565091223827,inf,0,0,0,0,-1,inf,0,-1,0,0,-1,0,0,7600,0,0,0,2993,4607,1.615679451618593,3.7056495780477996,False
overtake,P2,15015,50,5.0,0.0,22.699958080295822,17.202168997219456,0.002555455412899171,2.197797316801617e-25,1000000000.0,46.573333333333316,46.573333333333316,2.4356902106490415,0.5381137314062837,inf,0,0,0,0,-1,inf,0,-1,0,0,-1,0,0,7600,0,0,0,2880,4720,1.615679451618593,3.7056495780477996,False
overtake,P3,15015,50,5.0,0.0,22.82904333320878,17.202168997219456,0.0025423971208290335,2.197797316801617e-25,1000000000.0,46.746666666666655,46.746666666666655,2.2630481219478167,0.3910535373619656,inf,0,0,0,0,-1,inf,0,-1,0,0,-1,0,0,7600,0,0,0,2946,4654,1.615679451618593,3.7056495780477996,False
overtake,P4,15015,50,5.0,0.0,22.82904333320878,17.202168997219456,0.0025423971208290335,2.197797316801617e-25,1000000000.0,46.746666666666655,46.746666666666655,2.2630481219478167,0.3910535373619656,inf,0,0,0,0,-1,inf,0,-1,0,0,-1,0,0,7600,0,0,0,2946,4654,1.615679451618593,3.7056495780477996,False
overtake,P0,15016,50,5.0,0.0,22.368203883688786,17.202168997219456,0.0026211836169730794,2.198174990364036e-25,1000000000.0,46.20499999999996,46.20499999999996,2.802837970903881,0.7132736001862525,inf,0,0,0,0,-1,inf,0,-1,0,0,-1,0,0,7600,0,0,0,2641,4959,1.5716009617353368,3.6211761131772295,False
overtake,P1,15016,50,5.0,0.0,22.613887804404158,17.202168997219456,0.002462709764230537,2.185109841583241e-25,1000000000.0,46.31999999999998,46.31999999999998,2.6881733000572137,0.6281810620094977,inf,0,0,0,0,-1,inf,0,-1,0,0,-1,0,0,7600,0,0,0,2758,4842,1.5716009617353368,3.6211761131772295,False
overtake,P2,15016,50,5.0,0.0,22.226041296192644,17.202168997219456,0.0026355522963907273,2.198174990364036e-25,1000000000.0,46.11833333333331,46.11833333333331,2.8892695389870227,0.6711773194564771,inf,0,0,0,0,-1,inf,0,-1,0,0,-1,0,0,7600,0,0,0,2611,4989,1.5716009617353368,3.6211761131772295,False
overtake,P3,15016,50,5.0,0.0,22.368203883688786,17.202168997219456,0.0026211836169730794,2.198174990364036e-25,1000000000.0,46.20499999999996,46.20499999999996,2.802837970903881,0.7132736001862525,inf,0,0,0,0,-1,inf,0,-1,0,0,-1,0,0,7600,0,0,0,2641,4959,1.5716009617353368,3.6211761131772295,False
overtake,P4,15016,50,5.0,0.0,22.226041296192644,17.202168997219456,0.0026355522963907273,2.198174990364036e-25,1000000000.0,46.11833333333331,46.11833333333331,2.8892695389870227,0.6711773194564771,inf,0,0,0,0,-1,inf,0,-1,0,0,-1,0,0,7600,0,0,0,2611,4989,1.5716009617353368,3.6211761131772295,False
overtake,P0,15017,50,5.0,0.0,22.77681542173614,17.202168997219456,0.0024744214426828614,2.190649485366885e-25,1000000000.0,46.54833333333332,46.54833333333332,2.4605985319805623,0.5812135743655036,inf,0,0,0,0,-1,inf,0,-1,0,0,-1,0,0,7600,0,0,0,2973,4627,1.4642838654022652,3.4671220449163127,False
overtake,P1,15017,50,5.0,0.0,22.85680662632407,17.202168997219456,0.0024297916679722827,2.1851098415832407e-25,1000000000.0,46.56333333333333,46.56333333333333,2.44565331467582,0.5733531739770923,inf,0,0,0,0,-1,inf,0,-1,0,0,-1,0,0,7600,0,0,0,2999,4601,1.4642838654022652,3.4671220449163127,False
overtake,P2,15017,50,5.0,0.0,22.702258048561205,17.202168997219456,0.0024868299783005325,2.190649485366885e-25,1000000000.0,46.51333333333332,46.51333333333332,2.4954732621792504,0.5948758497498353,inf,0,0,0,0,-1,inf,0,-1,0,0,-1,0,0,7600,0,0,0,2949,4651,1.4642838654022652,3.4671220449163127,False
overtake,P3,15017,50,5.0,0.0,22.759727645899897,17.202168997219456,0.002478259380830557,2.190649485366885e-25,1000000000.0,46.62500000000001,46.62500000000001,2.3842190946178468,0.4585346849689802,inf,0,0,0,0,-1,inf,0,-1,0,0,-1,0,0,7600,0,0,0,2978,4622,1.4642838654022652,3.4671220449163127,False
overtake,P4,15017,50,5.0,0.0,22.759727645899897,17.202168997219456,0.002478259380830557,2.190649485366885e-25,1000000000.0,46.62500000000001,46.62500000000001,2.3842190946178468,0.4585346849689802,inf,0,0,0,0,-1,inf,0,-1,0,0,-1,0,0,7600,0,0,0,2978,4622,1.4642838654022652,3.4671220449163127,False
overtake,P0,15018,50,5.0,0.0,22.94120646857916,17.202168997219456,0.002434091051225402,2.1851098415832407e-25,1000000000.0,46.74666666666664,46.74666666666664,2.2630481219478304,0.4089483545480371,inf,0,0,0,0,-1,inf,0,-1,0,0,-1,0,0,7600,0,0,0,3120,4480,1.5729259062166374,3.626472585213832,False
overtake,P1,15018,50,5.0,0.0,22.92738776368328,17.202168997219456,0.0024328347746489787,2.1851098415832407e-25,1000000000.0,46.66999999999998,46.66999999999998,2.339396437361669,0.4735098086274167,inf,0,0,0,0,-1,inf,0,-1,0,0,-1,0,0,7600,0,0,0,3099,4501,1.5729259062166374,3.626472585213832,False
overtake,P2,15018,50,5.0,0.0,22.94120646857916,17.202168997219456,0.002434091051225402,2.1851098415832407e-25,1000000000.0,46.74666666666664,46.74666666666664,2.2630481219478304,0.4089483545480371,inf,0,0,0,0,-1,inf,0,-1,0,0,-1,0,0,7600,0,0,0,3120,4480,1.5729259062166374,3.626472585213832,False
overtake,P3,15018,50,5.0,0.0,22.94120646857916,17.202168997219456,0.002434091051225402,2.1851098415832407e-25,1000000000.0,46.74666666666664,46.74666666666664,2.2630481219478304,0.4089483545480371,inf,0,0,0,0,-1,inf,0,-1,0,0,-1,0,0,7600,0,0,0,3120,4480,1.5729259062166374,3.626472585213832,False
overtake,P4,15018,50,5.0,0.0,22.93296837838935,17.202168997219456,0.002436505760778477,2.1851098415832407e-25,1000000000.0,46.769999999999975,46.769999999999975,2.2398159949291574,0.3896876794397488,inf,0,0,0,0,-1,inf,0,-1,0,0,-1,0,0,7600,0,0,0,3126,4474,1.5729259062166374,3.626472585213832,False
overtake,P0,15019,50,5.0,0.0,22.521954942369348,17.202168997219456,0.0025805675893572685,2.198356052558781e-25,1000000000.0,46.53833333333332,46.53833333333332,2.470562379078541,0.41332305999378777,inf,0,0,0,0,-1,inf,0,-1,0,0,-1,0,0,7600,0,0,0,2820,4780,1.5877012024587824,3.629217301029708,False
overtake,P1,15019,50,5.0,0.0,22.845518393286326,17.202168997219456,0.002425828511155022,2.1851098415832407e-25,1000000000.0,46.63999999999999,46.63999999999999,2.3692774618310133,0.42268121647209256,inf,0,0,0,0,-1,inf,0,-1,0,0,-1,0,0,7600,0,0,0,2944,4656,1.5877012024587824,3.629217301029708,False
overtake,P2,15019,50,5.0,0.0,22.48467185665705,17.202168997219456,0.0025910306386448985,2.198356052558781e-25,1000000000.0,46.529999999999994,46.529999999999994,2.478865807408785,0.41535657785877284,inf,0,0,0,0,-1,inf,0,-1,0,0,-1,0,0,7600,0,0,0,2797,4803,1.5877012024587824,3.629217301029708,False
overtake,P3,15019,50,5.0,0.0,22.48467185665705,17.202168997219456,0.0025910306386448985,2.198356052558781e-25,1000000000.0,46.529999999999994,46.529999999999994,2.478865807408785,0.41535657785877284,inf,0,0,0,0,-1,inf,0,-1,0,0,-1,0,0,7600,0,0,0,2797,4803,1.5877012024587824,3.629217301029708,False
overtake,P4,15019,50,5.0,0.0,22.48467185665705,17.202168997219456,0.0025910306386448985,2.198356052558781e-25,1000000000.0,46.529999999999994,46.529999999999994,2.478865807408785,0.41535657785877284,inf,0,0,0,0,-1,inf,0,-1,0,0,-1,0,0,7600,0,0,0,2797,4803,1.5877012024587824,3.629217301029708,False
intersection_turn,P0,15000,50,5.0,0.0,18.951652417328948,14.72403780401211,0.00849981884161806,2.0707175358668105e-15,999999999.9999979,44.660000000000004,44.660000000000004,3.4344723029892053,3.075487864675807,inf,0,0,0,0,-1,inf,0,-1,0,0,-1,0,0,7600,0,0,0,2640,4960,1.469761835278087,3.3191295440929127,False
intersection_turn,P1,15000,50,5.0,0.0,18.951652417328948,14.72403780401211,0.00849981884161806,2.0707175358668105e-15,999999999.9999979,44.660000000000004,44.660000000000004,3.4344723029892053,3.075487864675807,inf,0,0,0,0,-1,inf,0,-1,0,0,-1,0,0,7600,0,0,0,2640,4960,1.469761835278087,3.3191295440929127,False
intersection_turn,P2,15000,50,5.0,0.0,18.951652417328948,14.72403780401211,0.00849981884161806,2.0707175358668105e-15,999999999.9999979,44.660000000000004,44.660000000000004,3.4344723029892053,3.075487864675807,inf,0,0,0,0,-1,inf,0,-1,0,0,-1,0,0,7600,0,0,0,2640,4960,1.469761835278087,3.3191295440929127,False
intersection_turn,P3,15000,50,5.0,0.0,18.951652417328948,14.72403780401211,0.00849981884161806,2.0707175358668105e-15,999999999.9999979,44.660000000000004,44.660000000000004,3.4344723029892053,3.075487864675807,inf,0,0,0,0,-1,inf,0,-1,0,0,-1,0,0,7600,0,0,0,2640,4960,1.469761835278087,3.3191295440929127,False
intersection_turn,P4,15000,50,5.0,0.0,18.951652417328948,14.72403780401211,0.00849981884161806,2.0707175358668105e-15,999999999.9999979,44.660000000000004,44.660000000000004,3.4344723029892053,3.075487864675807,inf,0,0,0,0,-1,inf,0,-1,0,0,-1,0,0,7600,0,0,0,2640,4960,1.469761835278087,3.3191295440929127,False
intersection_turn,P0,15001,50,5.0,0.0,18.8811544494287,14.72403780401211,0.00869664329310827,2.086234007352662e-15,999999999.9999979,44.32000000000003,44.32000000000003,3.7659527347007145,3.2659432938309263,inf,0,0,0,0,-1,inf,0,-1,0,0,-1,0,0,7600,0,0,0,2507,5093,1.5579067593991536,3.5819924375117798,False
intersection_turn,P1,15001,50,5.0,0.0,18.8811544494287,14.72403780401211,0.00869664329310827,2.086234007352662e-15,999999999.9999979,44.32000000000003,44.32000000000003,3.7659527347007145,3.2659432938309263,inf,0,0,0,0,-1,inf,0,-1,0,0,-1,0,0,7600,0,0,0,2507,5093,1.5579067593991536,3.5819924375117798,False
intersection_turn,P2,15001,50,5.0,0.0,18.8811544494287,14.72403780401211,0.00869664329310827,2.086234007352662e-15,999999999.9999979,44.32000000000003,44.32000000000003,3.7659527347007145,3.2659432938309263,inf,0,0,0,0,-1,inf,0,-1,0,0,-1,0,0,7600,0,0,0,2507,5093,1.5579067593991536,3.5819924375117798,False
intersection_turn,P3,15001,50,5.0,0.0,18.8811544494287,14.72403780401211,0.00869664329310827,2.086234007352662e-15,999999999.9999979,44.32000000000003,44.32000000000003,3.7659527347007145,3.2659432938309263,inf,0,0,0,0,-1,inf,0,-1,0,0,-1,0,0,7600,0,0,0,2507,5093,1.5579067593991536,3.5819924375117798,False
intersection_turn,P4,15001,50,5.0,0.0,18.8811544494287,14.72403780401211,0.00869664329310827,2.086234007352662e-15,999999999.9999979,44.32000000000003,44.32000000000003,3.7659527347007145,3.2659432938309263,inf,0,0,0,0,-1,inf,0,-1,0,0,-1,0,0,7600,0,0,0,2507,5093,1.5579067593991536,3.5819924375117798,False
intersection_turn,P0,15002,50,5.0,0.0,18.960677236807033,14.72403780401211,0.008492631512547184,2.0707175358668105e-15,999999999.9999979,44.69999999999997,44.69999999999997,3.395585369269961,3.075487864675807,inf,0,0,0,0,-1,inf,0,-1,0,0,-1,0,0,7600,0,0,0,2581,5019,1.7191127703167337,3.6820174704778306,False
intersection_turn,P1,15002,50,5.0,0.0,18.960677236807033,14.72403780401211,0.008492631512547184,2.0707175358668105e-15,999999999.9999979,44.69999999999997,44.69999999999997,3.395585369269961,3.075487864675807,inf,0,0,0,0,-1,inf,0,-1,0,0,-1,0,0,7600,0,0,0,2581,5019,1.7191127703167337,3.6820174704778306,False
intersection_turn,P2,15002,50,5.0,0.0,18.960677236807033,14.72403780401211,0.008492631512547184,2.0707175358668105e-15,999999999.9999979,44.69999999999997,44.69999999999997,3.395585369269961,3.075487864675807,inf,0,0,0,0,-1,inf,0,-1,0,0,-1,0,0,7600,0,0,0,2581,5019,1.7191127703167337,3.6820174704778306,False
intersection_turn,P3,15002,50,5.0,0.0,18.960677236807033,14.72403780401211,0.008492631512547184,2.0707175358668105e-15,999999999.9999979,44.69999999999997,44.69999999999997,3.395585369269961,3.075487864675807,inf,0,0,0,0,-1,inf,0,-1,0,0,-1,0,0,7600,0,0,0,2581,5019,1.7191127703167337,3.6820174704778306,False
intersection_turn,P4,15002,50,5.0,0.0,18.960677236807033,14.72403780401211,0.008492631512547184,2.0707175358668105e-15,999999999.9999979,44.69999999999997,44.69999999999997,3.395585369269961,3.075487864675807,inf,0,0,0,0,-1,inf,0,-1,0,0,-1,0,0,7600,0,0,0,2581,5019,1.7191127703167337,3.6820174704778306,False
intersection_turn,P0,15003,50,5.0,0.0,18.959510913349355,14.72403780401211,0.008493096745010125,2.0707175358668105e-15,999999999.9999979,44.68999999999996,44.68999999999996,3.4053046853402487,3.075487864675807,inf,0,0,0,0,-1,inf,0,-1,0,0,-1,0,0,7600,0,0,0,2595,5005,1.4302722272908135,3.263213443061161,False
intersection_turn,P1,15003,50,5.0,0.0,18.959510913349355,14.72403780401211,0.008493096745010125,2.0707175358668105e-15,999999999.9999979,44.68999999999996,44.68999999999996,3.4053046853402487,3.075487864675807,inf,0,0,0,0,-1,inf,0,-1,0,0,-1,0,0,7600,0,0,0,2595,5005,1.4302722272908135,3.263213443061161,False
intersection_turn,P2,15003,50,5.0,0.0,19.023817736990594,14.72403780401211,0.008465719420882244,2.0707175358668105e-15,999999999.9999979,44.689999999999955,44.68951934596224,3.400010529272018,3.075487864675807,inf,0,0,0,0,-1,inf,0,-1,0,0,-1,0,0,7600,23,0,0,2572,5005,1.4302722272908135,3.263213443061161,False
intersection_turn,P3,15003,50,5.0,0.0,18.959510913349355,14.72403780401211,0.008493096745010125,2.0707175358668105e-15,999999999.9999979,44.68999999999996,44.68999999999996,3.4053046853402487,3.075487864675807,inf,0,0,0,0,-1,inf,0,-1,0,0,-1,0,0,7600,0,0,0,2595,5005,1.4302722272908135,3.263213443061161,False
intersection_turn,P4,15003,50,5.0,0.0,18.959510913349355,14.72403780401211,0.008493096745010125,2.0707175358668105e-15,999999999.9999979,44.68999999999996,44.68999999999996,3.4053046853402487,3.075487864675807,inf,0,0,0,0,-1,inf,0,-1,0,0,-1,0,0,7600,0,0,0,2595,5005,1.4302722272908135,3.263213443061161,False
intersection_turn,P0,15004,50,5.0,0.0,18.95203102353358,14.72403780401211,0.008498905212430031,2.0707175358668105e-15,999999999.9999979,44.77999999999997,44.77999999999997,3.317890896337638,3.075487864675807,inf,0,0,0,0,-1,inf,0,-1,0,0,-1,0,0,7600,0,0,0,2544,5056,1.5313278720669194,3.3832182284545023,False
intersection_turn,P1,15004,50,5.0,0.0,18.95203102353358,14.72403780401211,0.008498905212430031,2.0707175358668105e-15,999999999.9999979,44.77999999999997,44.77999999999997,3.317890896337638,3.075487864675807,inf,0,0,0,0,-1,inf,0,-1,0,0,-1,0,0,7600,0,0,0,2544,5056,1.5313278720669194,3.3832182284545023,False
intersection_turn,P2,15004,50,5.0,0.0,18.95203102353358,14.72403780401211,0.008498905212430031,2.0707175358668105e-15,999999999.9999979,44.77999999999997,44.77999999999997,3.317890896337638,3.075487864675807,inf,0,0,0,0,-1,inf,0,-1,0,0,-1,0,0,7600,0,0,0,2544,5056,1.5313278720669194,3.3832182284545023,False
intersection_turn,P3,15004,50,5.0,0.0,18.95203102353358,14.72403780401211,0.008498905212430031,2.0707175358668105e-15,999999999.9999979,44.77999999999997,44.77999999999997,3.317890896337638,3.075487864675807,inf,0,0,0,0,-1,inf,0,-1,0,0,-1,0,0,7600,0,0,0,2544,5056,1.5313278720669194,3.3832182284545023,False
intersection_turn,P4,15004,50,5.0,0.0,18.95203102353358,14.72403780401211,0.008498905212430031,2.0707175358668105e-15,999999999.9999979,44.77999999999997,44.77999999999997,3.317890896337638,3.075487864675807,inf,0,0,0,0,-1,inf,0,-1,0,0,-1,0,0,7600,0,0,0,2544,5056,1.5313278720669194,3.3832182284545023,False
intersection_turn,P0,15005,50,5.0,0.0,18.940684109427323,14.72403780401211,0.008507392309313069,2.0707175358668105e-15,999999999.9999979,44.849999999999966,44.849999999999966,3.250000000000033,3.075487864675807,inf,0,0,0,0,-1,inf,0,-1,0,0,-1,0,0,7600,0,0,0,2486,5114,1.5085951243976317,3.3672102026875415,False
intersection_turn,P1,15005,50,5.0,0.0,18.940684109427323,14.72403780401211,0.008507392309313069,2.0707175358668105e-15,999999999.9999979,44.849999999999966,44.849999999999966,3.250000000000033,3.075487864675807,inf,0,0,0,0,-1,inf,0,-1,0,0,-1,0,0,7600,0,0,0,2486,5114,1.5085951243976317,3.3672102026875415,False
intersection_turn,P2,15005,50,5.0,0.0,18.940684109427323,14.72403780401211,0.008507392309313069,2.0707175358668105e-15,999999999.9999979,44.849999999999966,44.849999999999966,3.250000000000033,3.075487864675807,inf,0,0,0,0,-1,inf,0,-1,0,0,-1,0,0,7600,0,0,0,2486,5114,1.5085951243976317,3.3672102026875415,False
intersection_turn,P3,15005,50,5.0,0.0,18.940684109427323,14.72403780401211,0.008507392309313069,2.0707175358668105e-15,999999999.9999979,44.849999999999966,44.849999999999966,3.250000000000033,3.075487864675807,inf,0,0,0,0,-1,inf,0,-1,0,0,-1,0,0,7600,0,0,0,2486,5114,1.5085951243976317,3.3672102026875415,False
intersection_turn,P4,15005,50,5.0,0.0,18.940684109427323,14.72403780401211,0.008507392309313069,2.0707175358668105e-15,999999999.9999979,44.849999999999966,44.849999999999966,3.250000000000033,3.075487864675807,inf,0,0,0,0,-1,inf,0,-1,0,0,-1,0,0,7600,0,0,0,2486,5114,1.5085951243976317,3.3672102026875415,False
intersection_turn,P0,15006,50,5.0,0.0,18.93870367939835,14.72403780401211,0.008510148795798925,2.0707175358668105e-15,999999999.9999979,44.89999999999997,44.89999999999997,3.201562118716453,3.075487864675807,inf,0,0,0,0,-1,inf,0,-1,0,0,-1,0,0,7600,0,0,0,2473,5127,1.4998085948057618,3.3545243609270075,False
intersection_turn,P1,15006,50,5.0,0.0,18.93870367939835,14.72403780401211,0.008510148795798925,2.0707175358668105e-15,999999999.9999979,44.89999999999997,44.89999999999997,3.201562118716453,3.075487864675807,inf,0,0,0,0,-1,inf,0,-1,0,0,-1,0,0,7600,0,0,0,2473,5127,1.4998085948057618,3.3545243609270075,False
intersection_turn,P2,15006,50,5.0,0.0,18.942009404557414,14.72403780401211,0.008507504653155036,2.0707175358668105e-15,999999999.9999979,44.879999999999974,44.879999999999974,3.2209315422716083,3.075487864675807,inf,0,0,0,0,-1,inf,0,-1,0,0,-1,0,0,7600,0,0,0,2466,5134,1.4998085948057618,3.3545243609270075,False
intersection_turn,P3,15006,50,5.0,0.0,18.93870367939835,14.72403780401211,0.008510148795798925,2.0707175358668105e-15,999999999.9999979,44.89999999999997,44.89999999999997,3.201562118716453,3.075487864675807,inf,0,0,0,0,-1,inf,0,-1,0,0,-1,0,0,7600,0,0,0,2473,5127,1.4998085948057618,3.3545243609270075,False
intersection_turn,P4,15006,50,5.0,0.0,18.93870367939835,14.72403780401211,0.008510148795798925,2.0707175358668105e-15,999999999.9999979,44.89999999999997,44.89999999999997,3.201562118716453,3.075487864675807,inf,0,0,0,0,-1,inf,0,-1,0,0,-1,0,0,7600,0,0,0,2473,5127,1.4998085948057618,3.3545243609270075,False
intersection_turn,P0,15007,50,5.0,0.0,18.96622229122763,14.72403780401211,0.008489909335443285,2.0707175358668105e-15,999999999.9999979,44.539999999999985,44.539999999999985,3.551281458853987,3.075487864675807,inf,0,0,0,0,-1,inf,0,-1,0,0,-1,0,0,7600,0,0,0,2452,5148,1.6461129230859857,3.6511212159178457,False
intersection_turn,P1,15007,50,5.0,0.0,18.96622229122763,14.72403780401211,0.008489909335443285,2.0707175358668105e-15,999999999.9999979,44.539999999999985,44.539999999999985,3.551281458853987,3.075487864675807,inf,0,0,0,0,-1,inf,0,-1,0,0,-1,0,0,7600,0,0,0,2452,5148,1.6461129230859857,3.6511212159178457,False
intersection_turn,P2,15007,50,5.0,0.0,18.96622229122763,14.72403780401211,0.008489909335443285,2.0707175358668105e-15,999999999.9999979,44.539999999999985,44.539999999999985,3.551281458853987,3.075487864675807,inf,0,0,0,0,-1,inf,0,-1,0,0,-1,0,0,7600,0,0,0,2452,5148,1.6461129230859857,3.6511212159178457,False
intersection_turn,P3,15007,50,5.0,0.0,18.96622229122763,14.72403780401211,0.008489909335443285,2.0707175358668105e-15,999999999.9999979,44.539999999999985,44.539999999999985,3.551281458853987,3.075487864675807,inf,0,0,0,0,-1,inf,0,-1,0,0,-1,0,0,7600,0,0,0,2452,5148,1.6461129230859857,3.6511212159178457,False
intersection_turn,P4,15007,50,5.0,0.0,18.96622229122763,14.72403780401211,0.008489909335443285,2.0707175358668105e-15,999999999.9999979,44.539999999999985,44.539999999999985,3.551281458853987,3.075487864675807,inf,0,0,0,0,-1,inf,0,-1,0,0,-1,0,0,7600,0,0,0,2452,5148,1.6461129230859857,3.6511212159178457,False
intersection_turn,P0,15008,50,5.0,0.0,18.960750350421023,14.72403780401211,0.008493034828081069,2.0707175358668105e-15,999999999.9999979,44.71999999999996,44.71999999999996,3.3761516553615065,3.075487864675807,inf,0,0,0,0,-1,inf,0,-1,0,0,-1,0,0,7600,0,0,0,2447,5153,1.4549191145271916,3.2770623293832437,False
intersection_turn,P1,15008,50,5.0,0.0,18.960750350421023,14.72403780401211,0.008493034828081069,2.0707175358668105e-15,999999999.9999979,44.71999999999996,44.71999999999996,3.3761516553615065,3.075487864675807,inf,0,0,0,0,-1,inf,0,-1,0,0,-1,0,0,7600,0,0,0,2447,5153,1.4549191145271916,3.2770623293832437,False
intersection_turn,P2,15008,50,5.0,0.0,18.9526116770418,14.72403780401211,0.008498694340143524,2.0707175358668105e-15,999999999.9999979,44.77999999999997,44.77999999999997,3.317890896337638,3.075487864675807,inf,0,0,0,0,-1,inf,0,-1,0,0,-1,0,0,7600,0,0,0,2460,5140,1.4549191145271916,3.2770623293832437,False
intersection_turn,P3,15008,50,5.0,0.0,18.960750350421023,14.72403780401211,0.008493034828081069,2.0707175358668105e-15,999999999.9999979,44.71999999999996,44.71999999999996,3.3761516553615065,3.075487864675807,inf,0,0,0,0,-1,inf,0,-1,0,0,-1,0,0,7600,0,0,0,2447,5153,1.4549191145271916,3.2770623293832437,False
intersection_turn,P4,15008,50,5.0,0.0,18.960750350421023,14.72403780401211,0.008493034828081069,2.0707175358668105e-15,999999999.9999979,44.71999999999996,44.71999999999996,3.3761516553615065,3.075487864675807,inf,0,0,0,0,-1,inf,0,-1,0,0,-1,0,0,7600,0,0,0,2447,5153,1.4549191145271916,3.2770623293832437,False
intersection_turn,P0,15009,50,5.0,0.0,18.971015650241526,14.72403780401211,0.008486491704324002,2.0707175358668105e-15,999999999.9999979,44.64999999999997,44.64999999999997,3.4441980198589337,3.075487864675807,inf,0,0,0,0,-1,inf,0,-1,0,0,-1,0,0,7600,0,0,0,2522,5078,1.4879110174261083,3.4214766107077583,False
intersection_turn,P1,15009,50,5.0,0.0,18.971015650241526,14.72403780401211,0.008486491704324002,2.0707175358668105e-15,999999999.9999979,44.64999999999997,44.64999999999997,3.4441980198589337,3.075487864675807,inf,0,0,0,0,-1,inf,0,-1,0,0,-1,0,0,7600,0,0,0,2522,5078,1.4879110174261083,3.4214766107077583,False
intersection_turn,P2,15009,50,5.0,0.0,18.971015650241526,14.72403780401211,0.008486491704324002,2.0707175358668105e-15,999999999.9999979,44.64999999999997,44.64999999999997,3.4441980198589337,3.075487864675807,inf,0,0,0,0,-1,inf,0,-1,0,0,-1,0,0,7600,0,0,0,2522,5078,1.4879110174261083,3.4214766107077583,False
intersection_turn,P3,15009,50,5.0,0.0,18.971015650241526,14.72403780401211,0.008486491704324002,2.0707175358668105e-15,999999999.9999979,44.64999999999997,44.64999999999997,3.4441980198589337,3.075487864675807,inf,0,0,0,0,-1,inf,0,-1,0,0,-1,0,0,7600,0,0,0,2522,5078,1.4879110174261083,3.4214766107077583,False
intersection_turn,P4,15009,50,5.0,0.0,18.971015650241526,14.72403780401211,0.008486491704324002,2.0707175358668105e-15,999999999.9999979,44.64999999999997,44.64999999999997,3.4441980198589337,3.075487864675807,inf,0,0,0,0,-1,inf,0,-1,0,0,-1,0,0,7600,0,0,0,2522,5078,1.4879110174261083,3.4214766107077583,False
intersection_turn,P0,15010,50,5.0,0.0,18.95016809433347,14.72403780401211,0.008500357243450163,2.0707175358668105e-15,999999999.9999979,44.79999999999997,44.79999999999997,3.298484500494159,3.075487864675807,inf,0,0,0,0,-1,inf,0,-1,0,0,-1,0,0,7600,0,0,0,2576,5024,1.5456970052763614,3.4980015524828243,False
intersection_turn,P1,15010,50,5.0,0.0,18.95016809433347,14.72403780401211,0.008500357243450163,2.0707175358668105e-15,999999999.9999979,44.79999999999997,44.79999999999997,3.298484500494159,3.075487864675807,inf,0,0,0,0,-1,inf,0,-1,0,0,-1,0,0,7600,0,0,0,2576,5024,1.5456970052763614,3.4980015524828243,False
intersection_turn,P2,15010,50,5.0,0.0,18.994828320288875,14.72403780401211,0.008476007111687544,2.0707175358668105e-15,999999999.9999979,44.849999999999966,44.849999999999966,3.250000000000033,3.075487864675807,inf,0,0,0,0,-1,inf,0,-1,0,0,-1,0,0,7600,0,0,0,2590,5010,1.5456970052763614,3.4980015524828243,False
intersection_turn,P3,15010,50,5.0,0.0,18.999095486681988,14.72403780401211,0.008474289923861707,2.0707175358668105e-15,999999999.9999979,44.79999999999997,44.79999999999997,3.298484500494159,3.075487864675807,inf,0,0,0,0,-1,inf,0,-1,0,0,-1,0,0,7600,0,0,0,2576,5024,1.5456970052763614,3.4980015524828243,False
intersection_turn,P4,15010,50,5.0,0.0,18.95016809433347,14.72403780401211,0.008500357243450163,2.0707175358668105e-15,999999999.9999979,44.79999999999997,44.79999999999997,3.298484500494159,3.075487864675807,inf,0,0,0,0,-1,inf,0,-1,0,0,-1,0,0,7600,0,0,0,2576,5024,1.5456970052763614,3.4980015524828243,False
intersection_turn,P0,15011,50,5.0,0.0,18.93356779566372,14.72403780401211,0.008514394542450426,2.0707175358668105e-15,999999999.9999979,44.929999999999964,44.929999999999964,3.172522655553498,3.075487864675807,inf,0,0,0,0,-1,inf,0,-1,0,0,-1,0,0,7600,0,0,0,2457,5143,1.5636106186991803,3.515793623321699,False
intersection_turn,P1,15011,50,5.0,0.0,18.93356779566372,14.72403780401211,0.008514394542450426,2.0707175358668105e-15,999999999.9999979,44.929999999999964,44.929999999999964,3.172522655553498,3.075487864675807,inf,0,0,0,0,-1,inf,0,-1,0,0,-1,0,0,7600,0,0,0,2457,5143,1.5636106186991803,3.515793623321699,False
intersection_turn,P2,15011,50,5.0,0.0,18.946534830527487,14.72403780401211,0.008503622948245063,2.0707175358668105e-15,999999999.9999979,44.83999999999998,44.83999999999998,3.2596932371007115,3.075487864675807,inf,0,0,0,0,-1,inf,0,-1,0,0,-1,0,0,7600,0,0,0,2452,5148,1.5636106186991803,3.515793623321699,False
intersection_turn,P3,15011,50,5.0,0.0,18.93356779566372,14.72403780401211,0.008514394542450426,2.0707175358668105e-15,999999999.9999979,44.929999999999964,44.929999999999964,3.172522655553498,3.075487864675807,inf,0,0,0,0,-1,inf,0,-1,0,0,-1,0,0,7600,0,0,0,2457,5143,1.5636106186991803,3.515793623321699,False
intersection_turn,P4,15011,50,5.0,0.0,18.93356779566372,14.72403780401211,0.008514394542450426,2.0707175358668105e-15,999999999.9999979,44.929999999999964,44.929999999999964,3.172522655553498,3.075487864675807,inf,0,0,0,0,-1,inf,0,-1,0,0,-1,0,0,7600,0,0,0,2457,5143,1.5636106186991803,3.515793623321699,False
intersection_turn,P0,15012,50,5.0,0.0,18.970844331389316,14.72403780401211,0.00848598702070775,2.0707175358668105e-15,999999999.9999979,44.58999999999999,44.58999999999999,3.502584759859506,3.075487864675807,inf,0,0,0,0,-1,inf,0,-1,0,0,-1,0,0,7600,0,0,0,2510,5090,1.4832489623529344,3.378397289049119,False
intersection_turn,P1,15012,50,5.0,0.0,18.970844331389316,14.72403780401211,0.00848598702070775,2.0707175358668105e-15,999999999.9999979,44.58999999999999,44.58999999999999,3.502584759859506,3.075487864675807,inf,0,0,0,0,-1,inf,0,-1,0,0,-1,0,0,7600,0,0,0,2510,5090,1.4832489623529344,3.378397289049119,False
intersection_turn,P2,15012,50,5.0,0.0,18.970844331389316,14.72403780401211,0.00848598702070775,2.0707175358668105e-15,999999999.9999979,44.58999999999999,44.58999999999999,3.502584759859506,3.075487864675807,inf,0,0,0,0,-1,inf,0,-1,0,0,-1,0,0,7600,0,0,0,2510,5090,1.4832489623529344,3.378397289049119,False
intersection_turn,P3,15012,50,5.0,0.0,18.970844331389316,14.72403780401211,0.00848598702070775,2.0707175358668105e-15,999999999.9999979,44.58999999999999,44.58999999999999,3.502584759859506,3.075487864675807,inf,0,0,0,0,-1,inf,0,-1,0,0,-1,0,0,7600,0,0,0,2510,5090,1.4832489623529344,3.378397289049119,False
intersection_turn,P4,15012,50,5.0,0.0,18.970844331389316,14.72403780401211,0.00848598702070775,2.0707175358668105e-15,999999999.9999979,44.58999999999999,44.58999999999999,3.502584759859506,3.075487864675807,inf,0,0,0,0,-1,inf,0,-1,0,0,-1,0,0,7600,0,0,0,2510,5090,1.4832489623529344,3.378397289049119,False
intersection_turn,P0,15013,50,5.0,0.0,18.959016344429248,14.72403780401211,0.008493493384265085,2.0707175358668105e-15,999999999.9999979,44.69999999999997,44.69999999999997,3.395585369269961,3.075487864675807,inf,0,0,0,0,-1,inf,0,-1,0,0,-1,0,0,7600,0,0,0,2531,5069,1.4959453308662753,3.465446967016718,False
intersection_turn,P1,15013,50,5.0,0.0,18.959016344429248,14.72403780401211,0.008493493384265085,2.0707175358668105e-15,999999999.9999979,44.69999999999997,44.69999999999997,3.395585369269961,3.075487864675807,inf,0,0,0,0,-1,inf,0,-1,0,0,-1,0,0,7600,0,0,0,2531,5069,1.4959453308662753,3.465446967016718,False
intersection_turn,P2,15013,50,5.0,0.0,18.95822631314486,14.72403780401211,0.008494451385896561,2.0707175358668105e-15,999999999.9999979,44.729999999999976,44.729999999999976,3.366437285915209,3.075487864675807,inf,0,0,0,0,-1,inf,0,-1,0,0,-1,0,0,7600,0,0,0,2530,5070,1.4959453308662753,3.465446967016718,False
intersection_turn,P3,15013,50,5.0,0.0,18.959016344429248,14.72403780401211,0.008493493384265085,2.0707175358668105e-15,999999999.9999979,44.69999999999997,44.69999999999997,3.395585369269961,3.075487864675807,inf,0,0,0,0,-1,inf,0,-1,0,0,-1,0,0,7600,0,0,0,2531,5069,1.4959453308662753,3.465446967016718,False
intersection_turn,P4,15013,50,5.0,0.0,18.959016344429248,14.72403780401211,0.008493493384265085,2.0707175358668105e-15,999999999.9999979,44.69999999999997,44.69999999999997,3.395585369269961,3.075487864675807,inf,0,0,0,0,-1,inf,0,-1,0,0,-1,0,0,7600,0,0,0,2531,5069,1.4959453308662753,3.465446967016718,False
intersection_turn,P0,15014,50,5.0,0.0,18.959016344429248,14.72403780401211,0.008493493384265085,2.0707175358668105e-15,999999999.9999979,44.69999999999997,44.69999999999997,3.395585369269961,3.075487864675807,inf,0,0,0,0,-1,inf,0,-1,0,0,-1,0,0,7600,0,0,0,2510,5090,1.3930366724141978,3.2661260145222544,False
intersection_turn,P1,15014,50,5.0,0.0,18.959016344429248,14.72403780401211,0.008493493384265085,2.0707175358668105e-15,999999999.9999979,44.69999999999997,44.69999999999997,3.395585369269961,3.075487864675807,inf,0,0,0,0,-1,inf,0,-1,0,0,-1,0,0,7600,0,0,0,2510,5090,1.3930366724141978,3.2661260145222544,False
intersection_turn,P2,15014,50,5.0,0.0,18.959016344429248,14.72403780401211,0.008493493384265085,2.0707175358668105e-15,999999999.9999979,44.69999999999997,44.69999999999997,3.395585369269961,3.075487864675807,inf,0,0,0,0,-1,inf,0,-1,0,0,-1,0,0,7600,0,0,0,2510,5090,1.3930366724141978,3.2661260145222544,False
intersection_turn,P3,15014,50,5.0,0.0,18.959016344429248,14.72403780401211,0.008493493384265085,2.0707175358668105e-15,999999999.9999979,44.69999999999997,44.69999999999997,3.395585369269961,3.075487864675807,inf,0,0,0,0,-1,inf,0,-1,0,0,-1,0,0,7600,0,0,0,2510,5090,1.3930366724141978,3.2661260145222544,False
intersection_turn,P4,15014,50,5.0,0.0,18.959016344429248,14.72403780401211,0.008493493384265085,2.0707175358668105e-15,999999999.9999979,44.69999999999997,44.69999999999997,3.395585369269961,3.075487864675807,inf,0,0,0,0,-1,inf,0,-1,0,0,-1,0,0,7600,0,0,0,2510,5090,1.3930366724141978,3.2661260145222544,False
intersection_turn,P0,15015,50,5.0,0.0,19.022865630771047,14.72403780401211,0.008300876642569332,2.031222067962531e-15,999999999.999998,44.94000000000002,44.94000000000002,3.162846818927512,2.8782578666557557,inf,0,0,0,0,-1,inf,0,-1,0,0,-1,0,0,7600,0,0,0,2541,5059,1.6304225320712176,3.6134589648228355,False
intersection_turn,P1,15015,50,5.0,0.0,19.022865630771047,14.72403780401211,0.008300876642569332,2.031222067962531e-15,999999999.999998,44.94000000000002,44.94000000000002,3.162846818927512,2.8782578666557557,inf,0,0,0,0,-1,inf,0,-1,0,0,-1,0,0,7600,0,0,0,2541,5059,1.6304225320712176,3.6134589648228355,False
intersection_turn,P2,15015,50,5.0,0.0,19.072466941770337,14.72403780401211,0.008268091756577486,2.031222067962531e-15,999999999.999998,44.94000000000002,44.94000000000002,3.162846818927512,2.8782578666557557,inf,0,0,0,0,-1,inf,0,-1,0,0,-1,0,0,7600,0,0,0,2541,5059,1.6304225320712176,3.6134589648228355,False
intersection_turn,P3,15015,50,5.0,0.0,19.072466941770337,14.72403780401211,0.008268091756577486,2.031222067962531e-15,999999999.999998,44.94000000000002,44.94000000000002,3.162846818927512,2.8782578666557557,inf,0,0,0,0,-1,inf,0,-1,0,0,-1,0,0,7600,0,0,0,2541,5059,1.6304225320712176,3.6134589648228355,False
intersection_turn,P4,15015,50,5.0,0.0,19.022865630771047,14.72403780401211,0.008300876642569332,2.031222067962531e-15,999999999.999998,44.94000000000002,44.94000000000002,3.162846818927512,2.8782578666557557,inf,0,0,0,0,-1,inf,0,-1,0,0,-1,0,0,7600,0,0,0,2541,5059,1.6304225320712176,3.6134589648228355,False
intersection_turn,P0,15016,50,5.0,0.0,18.954925760783425,14.72403780401211,0.00849869084873567,2.0707175358668105e-15,999999999.9999979,44.53000000000001,44.53000000000001,3.5610251333007947,3.075487864675807,inf,0,0,0,0,-1,inf,0,-1,0,0,-1,0,0,7600,0,0,0,2405,5195,1.5718591228631373,3.489412540494337,False
intersection_turn,P1,15016,50,5.0,0.0,18.954925760783425,14.72403780401211,0.00849869084873567,2.0707175358668105e-15,999999999.9999979,44.53000000000001,44.53000000000001,3.5610251333007947,3.075487864675807,inf,0,0,0,0,-1,inf,0,-1,0,0,-1,0,0,7600,0,0,0,2405,5195,1.5718591228631373,3.489412540494337,False
intersection_turn,P2,15016,50,5.0,0.0,18.954925760783425,14.72403780401211,0.00849869084873567,2.0707175358668105e-15,999999999.9999979,44.53000000000001,44.53000000000001,3.5610251333007947,3.075487864675807,inf,0,0,0,0,-1,inf,0,-1,0,0,-1,0,0,7600,0,0,0,2405,5195,1.5718591228631373,3.489412540494337,False
intersection_turn,P3,15016,50,5.0,0.0,18.954925760783425,14.72403780401211,0.00849869084873567,2.0707175358668105e-15,999999999.9999979,44.53000000000001,44.53000000000001,3.5610251333007947,3.075487864675807,inf,0,0,0,0,-1,inf,0,-1,0,0,-1,0,0,7600,0,0,0,2405,5195,1.5718591228631373,3.489412540494337,False
intersection_turn,P4,15016,50,5.0,0.0,18.954925760783425,14.72403780401211,0.00849869084873567,2.0707175358668105e-15,999999999.9999979,44.53000000000001,44.53000000000001,3.5610251333007947,3.075487864675807,inf,0,0,0,0,-1,inf,0,-1,0,0,-1,0,0,7600,0,0,0,2405,5195,1.5718591228631373,3.489412540494337,False
intersection_turn,P0,15017,50,5.0,0.0,18.957409472783908,14.72403780401211,0.00849528303379611,2.0707175358668105e-15,999999999.9999979,44.74999999999998,44.74999999999998,3.347013594235933,3.075487864675807,inf,0,0,0,0,-1,inf,0,-1,0,0,-1,0,0,7600,0,0,0,2467,5133,1.52269213325376,3.4426984879084,False
intersection_turn,P1,15017,50,5.0,0.0,18.957409472783908,14.72403780401211,0.00849528303379611,2.0707175358668105e-15,999999999.9999979,44.74999999999998,44.74999999999998,3.347013594235933,3.075487864675807,inf,0,0,0,0,-1,inf,0,-1,0,0,-1,0,0,7600,0,0,0,2467,5133,1.52269213325376,3.4426984879084,False
intersection_turn,P2,15017,50,5.0,0.0,18.957836769489376,14.72403780401211,0.008495285612309215,2.0707175358668105e-15,999999999.9999979,44.75999999999998,44.75999999999998,3.337304301378607,3.075487864675807,inf,0,0,0,0,-1,inf,0,-1,0,0,-1,0,0,7600,0,0,0,2468,5132,1.52269213325376,3.4426984879084,False
intersection_turn,P3,15017,50,5.0,0.0,18.957409472783908,14.72403780401211,0.00849528303379611,2.0707175358668105e-15,999999999.9999979,44.74999999999998,44.74999999999998,3.347013594235933,3.075487864675807,inf,0,0,0,0,-1,inf,0,-1,0,0,-1,0,0,7600,0,0,0,2467,5133,1.52269213325376,3.4426984879084,False
intersection_turn,P4,15017,50,5.0,0.0,18.957409472783908,14.72403780401211,0.00849528303379611,2.0707175358668105e-15,999999999.9999979,44.74999999999998,44.74999999999998,3.347013594235933,3.075487864675807,inf,0,0,0,0,-1,inf,0,-1,0,0,-1,0,0,7600,0,0,0,2467,5133,1.52269213325376,3.4426984879084,False
intersection_turn,P0,15018,50,5.0,0.0,18.982452640688876,14.72403780401211,0.008357149108983131,2.056282436822771e-15,999999999.999998,45.11999999999997,45.11999999999997,2.989046670763135,2.8819810683239764,inf,0,0,0,0,-1,inf,0,-1,0,0,-1,0,0,7600,0,0,0,2758,4842,1.561547592606322,3.4951397003472353,False
intersection_turn,P1,15018,50,5.0,0.0,18.982452640688876,14.72403780401211,0.008357149108983131,2.056282436822771e-15,999999999.999998,45.11999999999997,45.11999999999997,2.989046670763135,2.8819810683239764,inf,0,0,0,0,-1,inf,0,-1,0,0,-1,0,0,7600,0,0,0,2758,4842,1.561547592606322,3.4951397003472353,False
intersection_turn,P2,15018,50,5.0,0.0,18.982452640688876,14.72403780401211,0.008357149108983131,2.056282436822771e-15,999999999.999998,45.11999999999997,45.11999999999997,2.989046670763135,2.8819810683239764,inf,0,0,0,0,-1,inf,0,-1,0,0,-1,0,0,7600,0,0,0,2758,4842,1.561547592606322,3.4951397003472353,False
intersection_turn,P3,15018,50,5.0,0.0,18.982452640688876,14.72403780401211,0.008357149108983131,2.056282436822771e-15,999999999.999998,45.11999999999997,45.11999999999997,2.989046670763135,2.8819810683239764,inf,0,0,0,0,-1,inf,0,-1,0,0,-1,0,0,7600,0,0,0,2758,4842,1.561547592606322,3.4951397003472353,False
intersection_turn,P4,15018,50,5.0,0.0,18.982452640688876,14.72403780401211,0.008357149108983131,2.056282436822771e-15,999999999.999998,45.11999999999997,45.11999999999997,2.989046670763135,2.8819810683239764,inf,0,0,0,0,-1,inf,0,-1,0,0,-1,0,0,7600,0,0,0,2758,4842,1.561547592606322,3.4951397003472353,False
intersection_turn,P0,15019,50,5.0,0.0,18.966358641249652,14.72403780401211,0.008489479679562581,2.0707175358668105e-15,999999999.9999979,44.689999999999976,44.689999999999976,3.405304685340235,3.075487864675807,inf,0,0,0,0,-1,inf,0,-1,0,0,-1,0,0,7600,0,0,0,2439,5161,1.5743522403351407,3.4794510814667836,False
intersection_turn,P1,15019,50,5.0,0.0,18.966358641249652,14.72403780401211,0.008489479679562581,2.0707175358668105e-15,999999999.9999979,44.689999999999976,44.689999999999976,3.405304685340235,3.075487864675807,inf,0,0,0,0,-1,inf,0,-1,0,0,-1,0,0,7600,0,0,0,2439,5161,1.5743522403351407,3.4794510814667836,False
intersection_turn,P2,15019,50,5.0,0.0,18.966358641249652,14.72403780401211,0.008489479679562581,2.0707175358668105e-15,999999999.9999979,44.689999999999976,44.689999999999976,3.405304685340235,3.075487864675807,inf,0,0,0,0,-1,inf,0,-1,0,0,-1,0,0,7600,0,0,0,2439,5161,1.5743522403351407,3.4794510814667836,False
intersection_turn,P3,15019,50,5.0,0.0,18.966358641249652,14.72403780401211,0.008489479679562581,2.0707175358668105e-15,999999999.9999979,44.689999999999976,44.689999999999976,3.405304685340235,3.075487864675807,inf,0,0,0,0,-1,inf,0,-1,0,0,-1,0,0,7600,0,0,0,2439,5161,1.5743522403351407,3.4794510814667836,False
intersection_turn,P4,15019,50,5.0,0.0,18.966358641249652,14.72403780401211,0.008489479679562581,2.0707175358668105e-15,999999999.9999979,44.689999999999976,44.689999999999976,3.405304685340235,3.075487864675807,inf,0,0,0,0,-1,inf,0,-1,0,0,-1,0,0,7600,0,0,0,2439,5161,1.5743522403351407,3.4794510814667836,False
occluding_cut_in,P0,15000,50,5.0,0.0,11.267888282720728,7.327224075401506,0.2107706627715266,0.00021432353040528015,999785676.4695947,17.087302883832308,17.087302883832308,19.431160541768985,11.331044181969368,1.912697116167692,0,0,0,0,-1,inf,0,-1,0,0,-1,0,0,7600,182,0,3814,0,3604,1.8029692480110322,4.140925597920948,False
occluding_cut_in,P1,15000,50,5.0,0.0,11.317783592570613,7.340924320324938,0.20800412073676305,0.00020844263878270109,999791557.3612175,17.121780353335406,17.116962367430588,19.431160541768985,11.331044181969368,1.88314773956537,0,0,0,0,-1,inf,0,-1,0,0,-1,0,0,7600,257,0,3763,0,3580,1.8029692480110322,4.140925597920948,False
occluding_cut_in,P2,15000,50,5.0,0.0,11.281172157870188,7.340688870815291,0.2097296356476733,0.00020990463374568333,999790095.3662541,17.08730288383231,17.086426541833706,19.431160541768985,11.331044181969368,1.9135771939595783,0,0,0,0,-1,inf,0,-1,0,0,-1,0,0,7600,192,0,3804,0,3604,1.8029692480110322,4.140925597920948,False
occluding_cut_in,P3,15000,50,5.0,0.0,11.234115978422913,7.347532739074193,0.2132565692115898,0.0002082773269617516,999791722.6730384,17.09672071521911,17.09343247158598,19.431160541768985,11.331044181969368,1.9092338673411526,0,0,0,0,-1,inf,0,-1,0,0,-1,0,0,7600,216,0,3784,0,3600,1.8029692480110322,4.140925597920948,False
occluding_cut_in,P4,15000,50,5.0,0.0,11.267888282720728,7.327224075401506,0.2107706627715266,0.00021432353040528015,999785676.4695947,17.087302883832308,17.087302883832308,19.431160541768985,11.331044181969368,1.912697116167692,0,0,0,0,-1,inf,0,-1,0,0,-1,0,0,7600,182,0,3814,0,3604,1.8029692480110322,4.140925597920948,False
occluding_cut_in,P0,15001,50,5.0,0.0,11.267888282720728,7.327224075401506,0.2107706627715266,0.00021432353040528015,999785676.4695947,17.087302883832308,17.087302883832308,19.431160541768985,11.331044181969368,1.912697116167692,0,0,0,0,-1,inf,0,-1,0,0,-1,0,0,7600,182,0,3814,0,3604,1.8770559585775786,4.391566502196141,False
occluding_cut_in,P1,15001,50,5.0,0.0,11.308998829511795,7.347120509100741,0.20861593368995265,0.00020749174905207977,999792508.2509481,17.087302883832308,17.0846002770323,19.430094201262467,11.331044181969368,1.9154212449517773,0,0,0,0,-1,inf,0,-1,0,0,-1,0,0,7600,254,0,3742,0,3604,1.8770559585775786,4.391566502196141,False
occluding_cut_in,P2,15001,50,5.0,0.0,11.277123624067267,7.331337482424192,0.21035847978845165,0.00021300644759230826,999786993.5524075,17.087302883832304,17.08682042164354,19.430094201262467,11.331044181969368,1.913193285685995,0,0,0,0,-1,inf,0,-1,0,0,-1,0,0,7600,207,0,3789,0,3604,1.8770559585775786,4.391566502196141,False
occluding_cut_in,P3,15001,50,5.0,0.0,11.272727078473352,7.347277451802598,0.21016357905894725,0.00020785407926597092,999792145.920734,17.087302883832304,17.086958375649086,19.431160541768985,11.331044181969368,1.913149005085399,0,0,0,0,-1,inf,0,-1,0,0,-1,0,0,7600,191,0,3805,0,3604,1.8770559585775786,4.391566502196141,False
occluding_cut_in,P4,15001,50,5.0,0.0,11.267888282720728,7.327224075401506,0.2107706627715266,0.00021432353040528015,999785676.4695947,17.087302883832308,17.087302883832308,19.431160541768985,11.331044181969368,1.912697116167692,0,0,0,0,-1,inf,0,-1,0,0,-1,0,0,7600,182,0,3814,0,3604,1.8770559585775786,4.391566502196141,False
occluding_cut_in,P0,15002,50,5.0,0.0,11.267888282720728,7.327224075401506,0.2107706627715266,0.00021432353040528015,999785676.4695947,17.087302883832308,17.087302883832308,19.431160541768985,11.331044181969368,1.912697116167692,0,0,0,0,-1,inf,0,-1,0,0,-1,0,0,7600,182,0,3814,0,3604,1.9844408763674926,4.409632679218499,False
occluding_cut_in,P1,15002,50,5.0,0.0,11.317319119307221,7.34927735771918,0.20786128060150882,0.00020631348633499947,999793686.5136652,17.121780353335414,17.11729961532519,19.430094201262467,11.331044181969368,1.8829699810294924,0,0,0,0,-1,inf,0,-1,0,0,-1,0,0,7600,274,0,3745,0,3581,1.9844408763674926,4.409632679218499,False
occluding_cut_in,P2,15002,50,5.0,0.0,11.279361912896213,7.332113693679981,0.2100884834712571,0.00021137485237719998,999788625.147623,17.087302883832304,17.08669665353498,19.430094201262467,11.331044181969368,1.9133038564810327,0,0,0,0,-1,inf,0,-1,0,0,-1,0,0,7600,207,0,3789,0,3604,1.9844408763674926,4.409632679218499,False
occluding_cut_in,P3,15002,50,5.0,0.0,11.271959506513124,7.335881601140441,0.21027690254954082,0.00021045185835408037,999789548.1416459,17.087302883832308,17.087194917016916,19.431160541768985,11.331044181969368,1.9128245916561997,0,0,0,0,-1,inf,0,-1,0,0,-1,0,0,7600,182,0,3814,0,3604,1.9844408763674926,4.409632679218499,False
occluding_cut_in,P4,15002,50,5.0,0.0,11.267888282720728,7.327224075401506,0.2107706627715266,0.00021432353040528015,999785676.4695947,17.087302883832308,17.087302883832308,19.431160541768985,11.331044181969368,1.912697116167692,0,0,0,0,-1,inf,0,-1,0,0,-1,0,0,7600,182,0,3814,0,3604,1.9844408763674926,4.409632679218499,False
occluding_cut_in,P0,15003,50,5.0,0.0,11.267888282720728,7.327224075401506,0.2107706627715266,0.00021432353040528015,999785676.4695947,17.087302883832308,17.087302883832308,19.431160541768985,11.331044181969368,1.912697116167692,0,0,0,0,-1,inf,0,-1,0,0,-1,0,0,7600,182,0,3814,0,3604,1.7815224882299439,4.111772128384117,False
occluding_cut_in,P1,15003,50,5.0,0.0,11.317737018469153,7.347697923399429,0.20786527404869443,0.00020669870706799598,999793301.292932,17.1217803533354,17.11722384637169,19.430094201262467,11.331044181969368,1.8830018139341327,0,0,0,0,-1,inf,0,-1,0,0,-1,0,0,7600,265,0,3754,0,3581,1.7815224882299439,4.111772128384117,False
occluding_cut_in,P2,15003,50,5.0,0.0,11.237984396402712,7.348411669860199,0.2133351507000627,0.00020808773445762889,999791912.2655423,17.096720715219103,17.092765427591445,19.430094201262467,11.331044181969368,1.9095319180822474,0,0,0,0,-1,inf,0,-1,0,0,-1,0,0,7600,241,0,3759,0,3600,1.7815224882299439,4.111772128384117,False
occluding_cut_in,P3,15003,50,5.0,0.0,11.234115978422913,7.347532739074193,0.2132565692115898,0.0002082773269617516,999791722.6730384,17.09672071521911,17.09343247158598,19.431160541768985,11.331044181969368,1.9092338673411526,0,0,0,0,-1,inf,0,-1,0,0,-1,0,0,7600,216,0,3784,0,3600,1.7815224882299439,4.111772128384117,False
occluding_cut_in,P4,15003,50,5.0,0.0,11.267888282720728,7.327224075401506,0.2107706627715266,0.00021432353040528015,999785676.4695947,17.087302883832308,17.087302883832308,19.431160541768985,11.331044181969368,1.912697116167692,0,0,0,0,-1,inf,0,-1,0,0,-1,0,0,7600,182,0,3814,0,3604,1.7815224882299439,4.111772128384117,False
occluding_cut_in,P0,15004,50,5.0,0.0,11.267888282720728,7.327224075401506,0.2107706627715266,0.00021432353040528015,999785676.4695947,17.087302883832308,17.087302883832308,19.431160541768985,11.331044181969368,1.912697116167692,0,0,0,0,-1,inf,0,-1,0,0,-1,0,0,7600,182,0,3814,0,3604,1.8528979945337958,4.179216941300658,False
occluding_cut_in,P1,15004,50,5.0,0.0,11.317783592570613,7.340924320324938,0.20800412073676305,0.00020844263878270109,999791557.3612175,17.121780353335406,17.116962367430588,19.431160541768985,11.331044181969368,1.88314773956537,0,0,0,0,-1,inf,0,-1,0,0,-1,0,0,7600,257,0,3763,0,3580,1.8528979945337958,4.179216941300658,False
occluding_cut_in,P2,15004,50,5.0,0.0,11.311378602159753,7.349014587157961,0.2079716628434389,0.00020637574603807663,999793624.2539618,17.121780353335414,17.117622715201758,19.431160541768985,11.331044181969368,1.8824849619202388,0,0,0,0,-1,inf,0,-1,0,0,-1,0,0,7600,237,0,3784,0,3579,1.8528979945337958,4.179216941300658,False
occluding_cut_in,P3,15004,50,5.0,0.0,11.271959506513124,7.335881601140441,0.21027690254954082,0.00021045185835408037,999789548.1416459,17.087302883832308,17.087194917016916,19.431160541768985,11.331044181969368,1.9128245916561997,0,0,0,0,-1,inf,0,-1,0,0,-1,0,0,7600,182,0,3814,0,3604,1.8528979945337958,4.179216941300658,False
occluding_cut_in,P4,15004,50,5.0,0.0,11.267888282720728,7.327224075401506,0.2107706627715266,0.00021432353040528015,999785676.4695947,17.087302883832308,17.087302883832308,19.431160541768985,11.331044181969368,1.912697116167692,0,0,0,0,-1,inf,0,-1,0,0,-1,0,0,7600,182,0,3814,0,3604,1.8528979945337958,4.179216941300658,False
occluding_cut_in,P0,15005,50,5.0,0.0,11.267888282720728,7.327224075401506,0.2107706627715266,0.00021432353040528015,999785676.4695947,17.087302883832308,17.087302883832308,19.431160541768985,11.331044181969368,1.912697116167692,0,0,0,0,-1,inf,0,-1,0,0,-1,0,0,7600,182,0,3814,0,3604,1.7461476271457061,4.0820762434835,False
occluding_cut_in,P1,15005,50,5.0,0.0,11.281172157870188,7.340688870815291,0.2097296356476733,0.00020990463374568333,999790095.3662541,17.08730288383231,17.086426541833706,19.431160541768985,11.331044181969368,1.9135771939595783,0,0,0,0,-1,inf,0,-1,0,0,-1,0,0,7600,192,0,3804,0,3604,1.7461476271457061,4.0820762434835,False
occluding_cut_in,P2,15005,50,5.0,0.0,11.267888282720728,7.327224075401506,0.2107706627715266,0.00021432353040528015,999785676.4695947,17.087302883832308,17.087302883832308,19.431160541768985,11.331044181969368,1.912697116167692,0,0,0,0,-1,inf,0,-1,0,0,-1,0,0,7600,182,0,3814,0,3604,1.7461476271457061,4.0820762434835,False
occluding_cut_in,P3,15005,50,5.0,0.0,11.271959506513124,7.335881601140441,0.21027690254954082,0.00021045185835408037,999789548.1416459,17.087302883832308,17.087194917016916,19.431160541768985,11.331044181969368,1.9128245916561997,0,0,0,0,-1,inf,0,-1,0,0,-1,0,0,7600,182,0,3814,0,3604,1.7461476271457061,4.0820762434835,False
occluding_cut_in,P4,15005,50,5.0,0.0,11.267888282720728,7.327224075401506,0.2107706627715266,0.00021432353040528015,999785676.4695947,17.087302883832308,17.087302883832308,19.431160541768985,11.331044181969368,1.912697116167692,0,0,0,0,-1,inf,0,-1,0,0,-1,0,0,7600,182,0,3814,0,3604,1.7461476271457061,4.0820762434835,False
occluding_cut_in,P0,15006,50,5.0,0.0,11.267888282720728,7.327224075401506,0.2107706627715266,0.00021432353040528015,999785676.4695947,17.087302883832308,17.087302883832308,19.431160541768985,11.331044181969368,1.912697116167692,0,0,0,0,-1,inf,0,-1,0,0,-1,0,0,7600,182,0,3814,0,3604,1.8288023278894938,4.204243865628658,False
occluding_cut_in,P1,15006,50,5.0,0.0,11.30815976414788,7.346969508872786,0.20870055795720902,0.00020762557142257526,999792374.4285775,17.087302883832322,17.08472641182488,19.430048105437574,11.331044181969368,1.91531324796778,0,0,0,0,-1,inf,0,-1,0,0,-1,0,0,7600,260,0,3736,0,3604,1.8288023278894938,4.204243865628658,False
occluding_cut_in,P2,15006,50,5.0,0.0,11.237443136743446,7.348496364291064,0.21337678219934827,0.00020807168041350188,999791928.3195865,17.096720715219117,17.092725783096938,19.430048105437574,11.331044181969368,1.9095945638237422,0,0,0,0,-1,inf,0,-1,0,0,-1,0,0,7600,242,0,3758,0,3600,1.8288023278894938,4.204243865628658,False
occluding_cut_in,P3,15006,50,5.0,0.0,11.234115978422913,7.347532739074193,0.2132565692115898,0.0002082773269617516,999791722.6730384,17.09672071521911,17.09343247158598,19.431160541768985,11.331044181969368,1.9092338673411526,0,0,0,0,-1,inf,0,-1,0,0,-1,0,0,7600,216,0,3784,0,3600,1.8288023278894938,4.204243865628658,False
occluding_cut_in,P4,15006,50,5.0,0.0,11.267888282720728,7.327224075401506,0.2107706627715266,0.00021432353040528015,999785676.4695947,17.087302883832308,17.087302883832308,19.431160541768985,11.331044181969368,1.912697116167692,0,0,0,0,-1,inf,0,-1,0,0,-1,0,0,7600,182,0,3814,0,3604,1.8288023278894938,4.204243865628658,False
occluding_cut_in,P0,15007,50,5.0,0.0,11.267888282720728,7.327224075401506,0.2107706627715266,0.00021432353040528015,999785676.4695947,17.087302883832308,17.087302883832308,19.431160541768985,11.331044181969368,1.912697116167692,0,0,0,0,-1,inf,0,-1,0,0,-1,0,0,7600,182,0,3814,0,3604,1.9923192698093404,4.504491166825627,False
occluding_cut_in,P1,15007,50,5.0,0.0,11.317783592570613,7.340924320324938,0.20800412073676305,0.00020844263878270109,999791557.3612175,17.121780353335406,17.116962367430588,19.431160541768985,11.331044181969368,1.88314773956537,0,0,0,0,-1,inf,0,-1,0,0,-1,0,0,7600,257,0,3763,0,3580,1.9923192698093404,4.504491166825627,False
occluding_cut_in,P2,15007,50,5.0,0.0,11.271959506513124,7.335881601140441,0.21027690254954082,0.00021045185835408037,999789548.1416459,17.087302883832308,17.087194917016916,19.431160541768985,11.331044181969368,1.9128245916561997,0,0,0,0,-1,inf,0,-1,0,0,-1,0,0,7600,182,0,3814,0,3604,1.9923192698093404,4.504491166825627,False
occluding_cut_in,P3,15007,50,5.0,0.0,11.271959506513124,7.335881601140441,0.21027690254954082,0.00021045185835408037,999789548.1416459,17.087302883832308,17.087194917016916,19.431160541768985,11.331044181969368,1.9128245916561997,0,0,0,0,-1,inf,0,-1,0,0,-1,0,0,7600,182,0,3814,0,3604,1.9923192698093404,4.504491166825627,False
occluding_cut_in,P4,15007,50,5.0,0.0,11.267888282720728,7.327224075401506,0.2107706627715266,0.00021432353040528015,999785676.4695947,17.087302883832308,17.087302883832308,19.431160541768985,11.331044181969368,1.912697116167692,0,0,0,0,-1,inf,0,-1,0,0,-1,0,0,7600,182,0,3814,0,3604,1.9923192698093404,4.504491166825627,False
occluding_cut_in,P0,15008,50,5.0,0.0,11.267888282720728,7.327224075401506,0.2107706627715266,0.00021432353040528015,999785676.4695947,17.087302883832308,17.087302883832308,19.431160541768985,11.331044181969368,1.912697116167692,0,0,0,0,-1,inf,0,-1,0,0,-1,0,0,7600,182,0,3814,0,3604,1.7478089931394922,4.076344253157223,False
occluding_cut_in,P1,15008,50,5.0,0.0,11.30374712546382,7.351436410970007,0.2084816638955532,0.0002060536343597253,999793946.3656402,17.109263734065532,17.10706766941568,19.430094201262467,11.331044181969368,1.8929331610133158,0,0,0,0,-1,inf,0,-1,0,0,-1,0,0,7600,229,0,3780,0,3591,1.7478089931394922,4.076344253157223,False
occluding_cut_in,P2,15008,50,5.0,0.0,11.242095386263324,7.3487750725582055,0.21339878044954438,0.00020804090547800493,999791959.094522,17.096720715219114,17.092146062856212,19.42906718105352,11.331044181969368,1.9097912970261546,0,0,0,0,-1,inf,0,-1,0,0,-1,0,0,7600,276,0,3732,0,3592,1.7478089931394922,4.076344253157223,False
occluding_cut_in,P3,15008,50,5.0,0.0,11.234115978422913,7.347532739074193,0.2132565692115898,0.0002082773269617516,999791722.6730384,17.09672071521911,17.09343247158598,19.431160541768985,11.331044181969368,1.9092338673411526,0,0,0,0,-1,inf,0,-1,0,0,-1,0,0,7600,216,0,3784,0,3600,1.7478089931394922,4.076344253157223,False
occluding_cut_in,P4,15008,50,5.0,0.0,11.267888282720728,7.327224075401506,0.2107706627715266,0.00021432353040528015,999785676.4695947,17.087302883832308,17.087302883832308,19.431160541768985,11.331044181969368,1.912697116167692,0,0,0,0,-1,inf,0,-1,0,0,-1,0,0,7600,182,0,3814,0,3604,1.7478089931394922,4.076344253157223,False
occluding_cut_in,P0,15009,50,5.0,0.0,11.267888282720728,7.327224075401506,0.2107706627715266,0.00021432353040528015,999785676.4695947,17.087302883832308,17.087302883832308,19.431160541768985,11.331044181969368,1.912697116167692,0,0,0,0,-1,inf,0,-1,0,0,-1,0,0,7600,182,0,3814,0,3604,1.820219105147202,4.255274162271365,False
occluding_cut_in,P1,15009,50,5.0,0.0,11.30800178977677,7.346872248129354,0.20871911225034864,0.0002076778875018899,999792322.112498,17.087302883832308,17.084761037695827,19.430048105437574,11.331044181969368,1.9152843159252089,0,0,0,0,-1,inf,0,-1,0,0,-1,0,0,7600,264,0,3732,0,3604,1.820219105147202,4.255274162271365,False
occluding_cut_in,P2,15009,50,5.0,0.0,11.277324979066798,7.331814707253029,0.21033295076224431,0.00021284964618616586,999787150.3538138,17.087302883832315,17.086798357056182,19.430048105437574,11.331044181969368,1.9132136360357044,0,0,0,0,-1,inf,0,-1,0,0,-1,0,0,7600,208,0,3788,0,3604,1.820219105147202,4.255274162271365,False
occluding_cut_in,P3,15009,50,5.0,0.0,11.271959506513124,7.335881601140441,0.21027690254954082,0.00021045185835408037,999789548.1416459,17.087302883832308,17.087194917016916,19.431160541768985,11.331044181969368,1.9128245916561997,0,0,0,0,-1,inf,0,-1,0,0,-1,0,0,7600,182,0,3814,0,3604,1.820219105147202,4.255274162271365,False
occluding_cut_in,P4,15009,50,5.0,0.0,11.267888282720728,7.327224075401506,0.2107706627715266,0.00021432353040528015,999785676.4695947,17.087302883832308,17.087302883832308,19.431160541768985,11.331044181969368,1.912697116167692,0,0,0,0,-1,inf,0,-1,0,0,-1,0,0,7600,182,0,3814,0,3604,1.820219105147202,4.255274162271365,False
occluding_cut_in,P0,15010,50,5.0,0.0,11.267888282720728,7.327224075401506,0.2107706627715266,0.00021432353040528015,999785676.4695947,17.087302883832308,17.087302883832308,19.431160541768985,11.331044181969368,1.912697116167692,0,0,0,0,-1,inf,0,-1,0,0,-1,0,0,7600,182,0,3814,0,3604,1.8415667204913264,4.279935902521069,False
occluding_cut_in,P1,15010,50,5.0,0.0,11.323796424738557,7.340551811305513,0.20790138614253995,0.00020853186552129724,999791468.1344788,17.121780353335424,17.116618173303245,19.430073758811165,11.331044181969368,1.883639107197916,0,0,0,0,-1,inf,0,-1,0,0,-1,0,0,7600,290,0,3728,0,3582,1.8415667204913264,4.279935902521069,False
occluding_cut_in,P2,15010,50,5.0,0.0,11.286079728009017,7.344531283409557,0.20991135773334615,0.00020859818563513267,999791401.8143649,17.087302883832315,17.085899104253002,19.429105969747095,11.331044181969368,1.914111531967686,0,0,0,0,-1,inf,0,-1,0,0,-1,0,0,7600,247,0,3753,0,3600,1.8415667204913264,4.279935902521069,False
occluding_cut_in,P3,15010,50,5.0,0.0,11.272727078473352,7.347277451802598,0.21016357905894725,0.00020785407926597092,999792145.920734,17.087302883832304,17.086958375649086,19.431160541768985,11.331044181969368,1.913149005085399,0,0,0,0,-1,inf,0,-1,0,0,-1,0,0,7600,191,0,3805,0,3604,1.8415667204913264,4.279935902521069,False
occluding_cut_in,P4,15010,50,5.0,0.0,11.267888282720728,7.327224075401506,0.2107706627715266,0.00021432353040528015,999785676.4695947,17.087302883832308,17.087302883832308,19.431160541768985,11.331044181969368,1.912697116167692,0,0,0,0,-1,inf,0,-1,0,0,-1,0,0,7600,182,0,3814,0,3604,1.8415667204913264,4.279935902521069,False
occluding_cut_in,P0,15011,50,5.0,0.0,11.267888282720728,7.327224075401506,0.2107706627715266,0.00021432353040528015,999785676.4695947,17.087302883832308,17.087302883832308,19.431160541768985,11.331044181969368,1.912697116167692,0,0,0,0,-1,inf,0,-1,0,0,-1,0,0,7600,182,0,3814,0,3604,1.9324673733405848,4.387028370198084,False
occluding_cut_in,P1,15011,50,5.0,0.0,11.329320433898081,7.332106253957798,0.20798887156564894,0.00021079133868709152,999789208.661313,17.12178035333542,17.116065878104273,19.428979746309775,11.331044181969368,1.8842458135346978,0,0,0,0,-1,inf,0,-1,0,0,-1,0,0,7600,307,0,3711,0,3582,1.9324673733405848,4.387028370198084,False
occluding_cut_in,P2,15011,50,5.0,0.0,11.237081283433438,7.347109052039309,0.21466150889918045,0.00020886447096597603,999791135.5290341,17.11453108664462,17.10789203763665,19.42795271742619,11.331044181969368,1.893914251183964,0,0,0,0,-1,inf,0,-1,0,0,-1,0,0,7600,315,0,3697,0,3588,1.9324673733405848,4.387028370198084,False
occluding_cut_in,P3,15011,50,5.0,0.0,11.225860703385898,7.306477124987945,0.21426607060065175,0.00021907488638274686,999780925.1136171,17.096720715219107,17.093275839460258,19.431160541768985,11.331044181969368,1.9098437800511956,0,0,0,0,-1,inf,0,-1,0,0,-1,0,0,7600,221,0,3779,0,3600,1.9324673733405848,4.387028370198084,False
occluding_cut_in,P4,15011,50,5.0,0.0,11.267888282720728,7.327224075401506,0.2107706627715266,0.00021432353040528015,999785676.4695947,17.087302883832308,17.087302883832308,19.431160541768985,11.331044181969368,1.912697116167692,0,0,0,0,-1,inf,0,-1,0,0,-1,0,0,7600,182,0,3814,0,3604,1.9324673733405848,4.387028370198084,False
occluding_cut_in,P0,15012,50,5.0,0.0,11.267888282720728,7.327224075401506,0.2107706627715266,0.00021432353040528015,999785676.4695947,17.087302883832308,17.087302883832308,19.431160541768985,11.331044181969368,1.912697116167692,0,0,0,0,-1,inf,0,-1,0,0,-1,0,0,7600,182,0,3814,0,3604,1.875262938925473,4.2334912083064395,False
occluding_cut_in,P1,15012,50,5.0,0.0,11.323245775203263,7.336103709242501,0.20802947949944958,0.0002097203111315624,999790279.6888683,17.12178035333542,17.11647470765533,19.431160541768985,11.331044181969368,1.8837141271706073,0,0,0,0,-1,inf,0,-1,0,0,-1,0,0,7600,281,0,3737,0,3582,1.875262938925473,4.2334912083064395,False
occluding_cut_in,P2,15012,50,5.0,0.0,11.234115978422913,7.347532739074193,0.2132565692115898,0.0002082773269617516,999791722.6730384,17.09672071521911,17.09343247158598,19.431160541768985,11.331044181969368,1.9092338673411526,0,0,0,0,-1,inf,0,-1,0,0,-1,0,0,7600,216,0,3784,0,3600,1.875262938925473,4.2334912083064395,False
occluding_cut_in,P3,15012,50,5.0,0.0,11.225860703385898,7.306477124987945,0.21426607060065175,0.00021907488638274686,999780925.1136171,17.096720715219107,17.093275839460258,19.431160541768985,11.331044181969368,1.9098437800511956,0,0,0,0,-1,inf,0,-1,0,0,-1,0,0,7600,221,0,3779,0,3600,1.875262938925473,4.2334912083064395,False
occluding_cut_in,P4,15012,50,5.0,0.0,11.267888282720728,7.327224075401506,0.2107706627715266,0.00021432353040528015,999785676.4695947,17.087302883832308,17.087302883832308,19.431160541768985,11.331044181969368,1.912697116167692,0,0,0,0,-1,inf,0,-1,0,0,-1,0,0,7600,182,0,3814,0,3604,1.875262938925473,4.2334912083064395,False
occluding_cut_in,P0,15013,50,5.0,0.0,11.267888282720728,7.327224075401506,0.2107706627715266,0.00021432353040528015,999785676.4695947,17.087302883832308,17.087302883832308,19.431160541768985,11.331044181969368,1.912697116167692,0,0,0,0,-1,inf,0,-1,0,0,-1,0,0,7600,182,0,3814,0,3604,1.888614418193306,4.385670153201462,False
occluding_cut_in,P1,15013,50,5.0,0.0,11.323221865888478,7.336492199135528,0.20802345156181026,0.00020961554147513523,999790384.4585248,17.12178035333542,17.11648585854022,19.431160541768985,11.331044181969368,1.8837081838576055,0,0,0,0,-1,inf,0,-1,0,0,-1,0,0,7600,282,0,3736,0,3582,1.888614418193306,4.385670153201462,False
occluding_cut_in,P2,15013,50,5.0,0.0,11.237443136743446,7.348496364291064,0.21337678219934827,0.00020807168041350188,999791928.3195865,17.096720715219117,17.092725783096938,19.430048105437574,11.331044181969368,1.9095945638237422,0,0,0,0,-1,inf,0,-1,0,0,-1,0,0,7600,242,0,3758,0,3600,1.888614418193306,4.385670153201462,False
occluding_cut_in,P3,15013,50,5.0,0.0,11.234115978422913,7.347532739074193,0.2132565692115898,0.0002082773269617516,999791722.6730384,17.09672071521911,17.09343247158598,19.431160541768985,11.331044181969368,1.9092338673411526,0,0,0,0,-1,inf,0,-1,0,0,-1,0,0,7600,216,0,3784,0,3600,1.888614418193306,4.385670153201462,False
occluding_cut_in,P4,15013,50,5.0,0.0,11.267888282720728,7.327224075401506,0.2107706627715266,0.00021432353040528015,999785676.4695947,17.087302883832308,17.087302883832308,19.431160541768985,11.331044181969368,1.912697116167692,0,0,0,0,-1,inf,0,-1,0,0,-1,0,0,7600,182,0,3814,0,3604,1.888614418193306,4.385670153201462,False
occluding_cut_in,P0,15014,50,5.0,0.0,11.267888282720728,7.327224075401506,0.2107706627715266,0.00021432353040528015,999785676.4695947,17.087302883832308,17.087302883832308,19.431160541768985,11.331044181969368,1.912697116167692,0,0,0,0,-1,inf,0,-1,0,0,-1,0,0,7600,182,0,3814,0,3604,1.7619648705144504,4.103057296883126,False
occluding_cut_in,P1,15014,50,5.0,0.0,11.312940923933725,7.351209970811721,0.20821294100049745,0.00020590159378404969,999794098.4062161,17.10926373406553,17.106377819944512,19.431160541768985,11.331044181969368,1.893627307145357,0,0,0,0,-1,inf,0,-1,0,0,-1,0,0,7600,248,0,3761,0,3591,1.7619648705144504,4.103057296883126,False
occluding_cut_in,P2,15014,50,5.0,0.0,11.234115978422913,7.347532739074193,0.2132565692115898,0.0002082773269617516,999791722.6730384,17.09672071521911,17.09343247158598,19.431160541768985,11.331044181969368,1.9092338673411526,0,0,0,0,-1,inf,0,-1,0,0,-1,0,0,7600,216,0,3784,0,3600,1.7619648705144504,4.103057296883126,False
occluding_cut_in,P3,15014,50,5.0,0.0,11.234073069656134,7.347335823045719,0.2132618538943181,0.00020833406800779846,999791665.9319923,17.095747563781476,17.092459334514142,19.431160541768985,11.331044181969368,1.910205886567364,0,0,0,0,-1,inf,0,-1,0,0,-1,0,0,7600,216,0,3777,0,3607,1.7619648705144504,4.103057296883126,False
occluding_cut_in,P4,15014,50,5.0,0.0,11.267888282720728,7.327224075401506,0.2107706627715266,0.00021432353040528015,999785676.4695947,17.087302883832308,17.087302883832308,19.431160541768985,11.331044181969368,1.912697116167692,0,0,0,0,-1,inf,0,-1,0,0,-1,0,0,7600,182,0,3814,0,3604,1.7619648705144504,4.103057296883126,False
occluding_cut_in,P0,15015,50,5.0,0.0,11.267888282720728,7.327224075401506,0.2107706627715266,0.00021432353040528015,999785676.4695947,17.087302883832308,17.087302883832308,19.431160541768985,11.331044181969368,1.912697116167692,0,0,0,0,-1,inf,0,-1,0,0,-1,0,0,7600,182,0,3814,0,3604,1.9582336797398288,4.4675851407667775,False
occluding_cut_in,P1,15015,50,5.0,0.0,11.294827747378518,7.3381468969637,0.20960413055526295,0.00021080039267392812,999789199.6073259,17.0873028838323,17.085889491422154,19.42795271742619,11.331044181969368,1.9142331884842547,0,0,0,0,-1,inf,0,-1,0,0,-1,0,0,7600,269,0,3735,0,3596,1.9582336797398288,4.4675851407667775,False
occluding_cut_in,P2,15015,50,5.0,0.0,11.294827747378518,7.3381468969637,0.20960413055526295,0.00021080039267392812,999789199.6073259,17.0873028838323,17.085889491422154,19.42795271742619,11.331044181969368,1.9142331884842547,0,0,0,0,-1,inf,0,-1,0,0,-1,0,0,7600,269,0,3735,0,3596,1.9582336797398288,4.4675851407667775,False
occluding_cut_in,P3,15015,50,5.0,0.0,11.27959823775745,7.34627791106064,0.21001964959231348,0.00020811949895195827,999791880.501048,17.087302883832304,17.08643884012282,19.430094201262467,11.331044181969368,1.9136055059923018,0,0,0,0,-1,inf,0,-1,0,0,-1,0,0,7600,216,0,3780,0,3604,1.9582336797398288,4.4675851407667775,False
occluding_cut_in,P4,15015,50,5.0,0.0,11.267888282720728,7.327224075401506,0.2107706627715266,0.00021432353040528015,999785676.4695947,17.087302883832308,17.087302883832308,19.431160541768985,11.331044181969368,1.912697116167692,0,0,0,0,-1,inf,0,-1,0,0,-1,0,0,7600,182,0,3814,0,3604,1.9582336797398288,4.4675851407667775,False
occluding_cut_in,P0,15016,50,5.0,0.0,11.267888282720728,7.327224075401506,0.2107706627715266,0.00021432353040528015,999785676.4695947,17.087302883832308,17.087302883832308,19.431160541768985,11.331044181969368,1.912697116167692,0,0,0,0,-1,inf,0,-1,0,0,-1,0,0,7600,182,0,3814,0,3604,1.8751339988610303,4.255132238124313,False
occluding_cut_in,P1,15016,50,5.0,0.0,11.215314815311201,7.3562125437276515,0.2142774355330835,0.00020576808737174718,999794231.9126282,17.143537204129025,17.132519779316038,19.431160541768985,11.331044181969368,1.869272256776083,0,0,0,0,-1,inf,0,-1,0,0,-1,0,0,7600,369,0,3650,0,3581,1.8751339988610303,4.255132238124313,False
occluding_cut_in,P2,15016,50,5.0,0.0,11.234115978422913,7.347532739074193,0.2132565692115898,0.0002082773269617516,999791722.6730384,17.09672071521911,17.09343247158598,19.431160541768985,11.331044181969368,1.9092338673411526,0,0,0,0,-1,inf,0,-1,0,0,-1,0,0,7600,216,0,3784,0,3600,1.8751339988610303,4.255132238124313,False
occluding_cut_in,P3,15016,50,5.0,0.0,11.234115978422913,7.347532739074193,0.2132565692115898,0.0002082773269617516,999791722.6730384,17.09672071521911,17.09343247158598,19.431160541768985,11.331044181969368,1.9092338673411526,0,0,0,0,-1,inf,0,-1,0,0,-1,0,0,7600,216,0,3784,0,3600,1.8751339988610303,4.255132238124313,False
occluding_cut_in,P4,15016,50,5.0,0.0,11.267888282720728,7.327224075401506,0.2107706627715266,0.00021432353040528015,999785676.4695947,17.087302883832308,17.087302883832308,19.431160541768985,11.331044181969368,1.912697116167692,0,0,0,0,-1,inf,0,-1,0,0,-1,0,0,7600,182,0,3814,0,3604,1.8751339988610303,4.255132238124313,False
occluding_cut_in,P0,15017,50,5.0,0.0,11.267888282720728,7.327224075401506,0.2107706627715266,0.00021432353040528015,999785676.4695947,17.087302883832308,17.087302883832308,19.431160541768985,11.331044181969368,1.912697116167692,0,0,0,0,-1,inf,0,-1,0,0,-1,0,0,7600,182,0,3814,0,3604,1.8516435953845711,4.255737904041808,False
occluding_cut_in,P1,15017,50,5.0,0.0,11.317783592570613,7.340924320324938,0.20800412073676305,0.00020844263878270109,999791557.3612175,17.121780353335406,17.116962367430588,19.431160541768985,11.331044181969368,1.88314773956537,0,0,0,0,-1,inf,0,-1,0,0,-1,0,0,7600,257,0,3763,0,3580,1.8516435953845711,4.255737904041808,False
occluding_cut_in,P2,15017,50,5.0,0.0,11.309863290282236,7.352787589935944,0.20799125701341545,0.00020553158235295848,999794468.4176469,17.121780353335403,17.117893544408044,19.43013353196599,11.331044181969368,1.8823350330169113,0,0,0,0,-1,inf,0,-1,0,0,-1,0,0,7600,259,0,3764,0,3577,1.8516435953845711,4.255737904041808,False
occluding_cut_in,P3,15017,50,5.0,0.0,11.271959506513124,7.335881601140441,0.21027690254954082,0.00021045185835408037,999789548.1416459,17.087302883832308,17.087194917016916,19.431160541768985,11.331044181969368,1.9128245916561997,0,0,0,0,-1,inf,0,-1,0,0,-1,0,0,7600,182,0,3814,0,3604,1.8516435953845711,4.255737904041808,False
occluding_cut_in,P4,15017,50,5.0,0.0,11.267888282720728,7.327224075401506,0.2107706627715266,0.00021432353040528015,999785676.4695947,17.087302883832308,17.087302883832308,19.431160541768985,11.331044181969368,1.912697116167692,0,0,0,0,-1,inf,0,-1,0,0,-1,0,0,7600,182,0,3814,0,3604,1.8516435953845711,4.255737904041808,False
occluding_cut_in,P0,15018,50,5.0,0.0,11.267888282720728,7.327224075401506,0.2107706627715266,0.00021432353040528015,999785676.4695947,17.087302883832308,17.087302883832308,19.431160541768985,11.331044181969368,1.912697116167692,0,0,0,0,-1,inf,0,-1,0,0,-1,0,0,7600,182,0,3814,0,3604,1.8776757545007472,4.280567047228032,False
occluding_cut_in,P1,15018,50,5.0,0.0,11.322943974651084,7.334035547221251,0.20809220417928986,0.00021028078558816413,999789719.214412,17.1217803533354,17.116418816813685,19.431160541768985,11.331044181969368,1.8837443416425894,0,0,0,0,-1,inf,0,-1,0,0,-1,0,0,7600,275,0,3745,0,3580,1.8776757545007472,4.280567047228032,False
occluding_cut_in,P2,15018,50,5.0,0.0,11.311378602159753,7.349014587157961,0.2079716628434389,0.00020637574603807663,999793624.2539618,17.121780353335414,17.117622715201758,19.431160541768985,11.331044181969368,1.8824849619202388,0,0,0,0,-1,inf,0,-1,0,0,-1,0,0,7600,237,0,3784,0,3579,1.8776757545007472,4.280567047228032,False
occluding_cut_in,P3,15018,50,5.0,0.0,11.271959506513124,7.335881601140441,0.21027690254954082,0.00021045185835408037,999789548.1416459,17.087302883832308,17.087194917016916,19.431160541768985,11.331044181969368,1.9128245916561997,0,0,0,0,-1,inf,0,-1,0,0,-1,0,0,7600,182,0,3814,0,3604,1.8776757545007472,4.280567047228032,False
occluding_cut_in,P4,15018,50,5.0,0.0,11.267888282720728,7.327224075401506,0.2107706627715266,0.00021432353040528015,999785676.4695947,17.087302883832308,17.087302883832308,19.431160541768985,11.331044181969368,1.912697116167692,0,0,0,0,-1,inf,0,-1,0,0,-1,0,0,7600,182,0,3814,0,3604,1.8776757545007472,4.280567047228032,False
occluding_cut_in,P0,15019,50,5.0,0.0,11.267888282720728,7.327224075401506,0.2107706627715266,0.00021432353040528015,999785676.4695947,17.087302883832308,17.087302883832308,19.431160541768985,11.331044181969368,1.912697116167692,0,0,0,0,-1,inf,0,-1,0,0,-1,0,0,7600,182,0,3814,0,3604,1.8815068442314966,4.269814646692098,False
occluding_cut_in,P1,15019,50,5.0,0.0,11.331835967133403,7.3149064797177,0.20845588473934668,0.00021557699030110442,999784423.009699,17.121780353335417,17.11535503612542,19.43016726865015,15.062367217268713,1.8849336652263151,0,0,0,0,-1,inf,0,-1,0,0,-1,0,0,7600,322,0,3700,0,3578,1.8815068442314966,4.269814646692098,False
occluding_cut_in,P2,15019,50,5.0,0.0,11.29041419912351,7.342145767198837,0.20946651499948335,0.00020942562468207742,999790574.3753178,17.08730288383231,17.085952953616665,19.431160541768985,11.331044181969368,1.9140530995723863,0,0,0,0,-1,inf,0,-1,0,0,-1,0,0,7600,221,0,3775,0,3604,1.8815068442314966,4.269814646692098,False
occluding_cut_in,P3,15019,50,5.0,0.0,11.225860703385898,7.306477124987945,0.21426607060065175,0.00021907488638274686,999780925.1136171,17.096720715219107,17.093275839460258,19.431160541768985,11.331044181969368,1.9098437800511956,0,0,0,0,-1,inf,0,-1,0,0,-1,0,0,7600,221,0,3779,0,3600,1.8815068442314966,4.269814646692098,False
occluding_cut_in,P4,15019,50,5.0,0.0,11.267888282720728,7.327224075401506,0.2107706627715266,0.00021432353040528015,999785676.4695947,17.087302883832308,17.087302883832308,19.431160541768985,11.331044181969368,1.912697116167692,0,0,0,0,-1,inf,0,-1,0,0,-1,0,0,7600,182,0,3814,0,3604,1.8815068442314966,4.269814646692098,False
