scenario,planner,seed,steps,duration_s,planning_safety_margin_m,mean_snr_db,min_snr_db,mean_outage_probability,mean_ber_model,mean_goodput_bps_model,path_length_m,progress_m,min_target_distance_m,min_realized_ttc_s,min_static_obstacle_clearance_m,static_clearance_violation_steps,static_clearance_violation_indicator,collision_indicator,collision_steps,first_collision_step,first_collision_time_s,no_candidate_steps,first_no_candidate_step,margin_relaxation_steps,margin_relaxation_indicator,first_margin_relaxation_step,zero_candidate_after_static_steps,zero_candidate_after_dynamic_steps,candidate_evaluations,candidate_road_rejections,candidate_speed_rejections,candidate_static_rejections,candidate_dynamic_rejections,candidate_feasible,prediction_ade_m,prediction_fde_m,measured_optical_link
following_lateral_offset,P0,18000,40,4.0,2.0,17.193965524276102,13.294546769312461,0.014200480709014718,7.819713937191934e-12,999999999.9921802,35.37333333333334,35.37333333333334,4.8338436512204614,1.897603700463589,inf,0,0,0,0,-1,inf,0,-1,1,1,1,0,0,6080,0,0,0,2833,3247,1.7187924260751664,3.937371055251462,False
following_lateral_offset,P1,18000,40,4.0,2.0,17.239974706813783,13.44743641659168,0.013433737722617994,3.44198951217834e-12,999999999.996558,35.330000000000005,35.330000000000005,4.875335885864681,2.010857157145708,inf,0,0,0,0,-1,inf,0,-1,1,1,1,0,0,6080,0,0,0,2840,3240,1.7187924260751664,3.937371055251462,False
following_lateral_offset,P2,18000,40,4.0,2.0,17.193965524276102,13.294546769312461,0.014200480709014718,7.819713937191934e-12,999999999.9921802,35.37333333333334,35.37333333333334,4.8338436512204614,1.897603700463589,inf,0,0,0,0,-1,inf,0,-1,1,1,1,0,0,6080,0,0,0,2833,3247,1.7187924260751664,3.937371055251462,False
following_lateral_offset,P3,18000,40,4.0,2.0,17.193965524276102,13.294546769312461,0.014200480709014718,7.819713937191934e-12,999999999.9921802,35.37333333333334,35.37333333333334,4.8338436512204614,1.897603700463589,inf,0,0,0,0,-1,inf,0,-1,1,1,1,0,0,6080,0,0,0,2833,3247,1.7187924260751664,3.937371055251462,False
following_lateral_offset,P4,18000,40,4.0,2.0,17.588195588412155,14.900183016712235,0.009691741548031162,4.929246154391284e-16,999999999.9999996,35.326666666666675,35.32501159091724,4.856625278436421,1.9451054004711903,inf,0,0,0,0,-1,inf,0,-1,1,1,1,0,0,6080,72,0,0,2766,3242,1.7187924260751664,3.937371055251462,False
following_lateral_offset,P0,18001,40,4.0,2.0,17.309665252164734,14.261519987464899,0.01145633947368655,3.442104112894882e-14,999999999.9999657,35.07,35.07,5.124929267804581,2.1598469540846907,inf,0,0,0,0,-1,inf,0,-1,1,1,1,0,0,6080,0,0,0,2780,3300,1.7950080648050257,3.9719190337957833,False
following_lateral_offset,P1,18001,40,4.0,2.0,17.309665252164734,14.261519987464899,0.01145633947368655,3.442104112894882e-14,999999999.9999657,35.07,35.07,5.124929267804581,2.1598469540846907,inf,0,0,0,0,-1,inf,0,-1,1,1,1,0,0,6080,0,0,0,2780,3300,1.7950080648050257,3.9719190337957833,False
following_lateral_offset,P2,18001,40,4.0,2.0,17.31473076247997,14.32665851790303,0.011379123709993414,2.3101303838348178e-14,999999999.9999769,35.04666666666667,35.04666666666667,5.147379052596682,2.2063896259771405,inf,0,0,0,0,-1,inf,0,-1,1,1,1,0,0,6080,0,0,0,2774,3306,1.7950080648050257,3.9719190337957833,False
following_lateral_offset,P3,18001,40,4.0,2.0,17.309665252164734,14.261519987464899,0.01145633947368655,3.442104112894882e-14,999999999.9999657,35.07,35.07,5.124929267804581,2.1598469540846907,inf,0,0,0,0,-1,inf,0,-1,1,1,1,0,0,6080,0,0,0,2780,3300,1.7950080648050257,3.9719190337957833,False
following_lateral_offset,P4,18001,40,4.0,2.0,17.309665252164734,14.261519987464899,0.01145633947368655,3.442104112894882e-14,999999999.9999657,35.07,35.07,5.124929267804581,2.1598469540846907,inf,0,0,0,0,-1,inf,0,-1,1,1,1,0,0,6080,0,0,0,2780,3300,1.7950080648050257,3.9719190337957833,False
following_lateral_offset,P0,18002,40,4.0,2.0,17.354792305089234,14.214245316374877,0.011701255646479973,4.810923414947606e-14,999999999.999952,35.086666666666666,35.086666666666666,5.108898554918119,2.379006223604969,inf,0,0,0,0,-1,inf,0,-1,1,1,1,0,0,6080,0,0,0,2840,3240,1.5633013085080756,3.657517112430628,False
following_lateral_offset,P1,18002,40,4.0,2.0,17.354792305089234,14.214245316374877,0.011701255646479973,4.810923414947606e-14,999999999.999952,35.086666666666666,35.086666666666666,5.108898554918119,2.379006223604969,inf,0,0,0,0,-1,inf,0,-1,1,1,1,0,0,6080,0,0,0,2840,3240,1.5633013085080756,3.657517112430628,False
following_lateral_offset,P2,18002,40,4.0,2.0,17.355480610212748,14.233230564345877,0.011687872398843592,4.314302197570216e-14,999999999.9999568,35.080000000000005,35.080000000000005,5.1153103522660235,2.379006223604969,inf,0,0,0,0,-1,inf,0,-1,1,1,1,0,0,6080,0,0,0,2839,3241,1.5633013085080756,3.657517112430628,False
following_lateral_offset,P3,18002,40,4.0,2.0,17.354792305089234,14.214245316374877,0.011701255646479973,4.810923414947606e-14,999999999.999952,35.086666666666666,35.086666666666666,5.108898554918119,2.379006223604969,inf,0,0,0,0,-1,inf,0,-1,1,1,1,0,0,6080,0,0,0,2840,3240,1.5633013085080756,3.657517112430628,False
following_lateral_offset,P4,18002,40,4.0,2.0,17.354792305089234,14.214245316374877,0.011701255646479973,4.810923414947606e-14,999999999.999952,35.086666666666666,35.086666666666666,5.108898554918119,2.379006223604969,inf,0,0,0,0,-1,inf,0,-1,1,1,1,0,0,6080,0,0,0,2840,3240,1.5633013085080756,3.657517112430628,False
following_lateral_offset,P0,18003,40,4.0,2.0,17.360025459939084,14.643174553572464,0.011018065293011114,3.0986274792623213e-15,999999999.9999969,34.92666666666666,34.92666666666666,5.262956499070761,2.3034442387499072,inf,0,0,0,0,-1,inf,0,-1,1,1,1,0,0,6080,0,0,0,2654,3426,1.6394513936587685,3.82054074762055,False
following_lateral_offset,P1,18003,40,4.0,2.0,18.410800721952477,16.137508032910766,0.00645795748918695,2.0774478865409657e-20,1000000000.0,34.81666666666667,34.811809614940636,5.309404882900933,2.3382142976214313,inf,0,0,0,0,-1,inf,0,-1,1,1,1,0,0,6080,248,0,0,2417,3415,1.6394513936587685,3.82054074762055,False
following_lateral_offset,P2,18003,40,4.0,2.0,18.40476982773642,16.137508032910766,0.00646593965371769,2.0774515103034824e-20,1000000000.0,34.88566666666665,34.88081060393325,5.241779464895721,2.3034442387499072,inf,0,0,0,0,-1,inf,0,-1,1,1,1,0,0,6080,251,0,0,2433,3396,1.6394513936587685,3.82054074762055,False
following_lateral_offset,P3,18003,40,4.0,2.0,18.40476982773642,16.137508032910766,0.00646593965371769,2.0774515103034824e-20,1000000000.0,34.88566666666665,34.88081060393325,5.241779464895721,2.3034442387499072,inf,0,0,0,0,-1,inf,0,-1,1,1,1,0,0,6080,251,0,0,2433,3396,1.6394513936587685,3.82054074762055,False
following_lateral_offset,P4,18003,40,4.0,2.0,18.410021736513983,16.137508032910766,0.006458755257635196,2.0774478865409657e-20,1000000000.0,34.86233333333333,34.85744716055319,5.264469047013882,2.3382142976214313,inf,0,0,0,0,-1,inf,0,-1,1,1,1,0,0,6080,251,0,0,2427,3402,1.6394513936587685,3.82054074762055,False
following_lateral_offset,P0,18004,40,4.0,2.0,17.29981547778015,13.823132920680571,0.0125074889317417,4.596206800267272e-13,999999999.9995403,35.21666666666668,35.21666666666668,4.984002184768545,2.3693233233112703,inf,0,0,0,0,-1,inf,0,-1,1,1,1,0,0,6080,0,0,0,2866,3214,1.6302262383253179,3.749241349543735,False
following_lateral_offset,P1,18004,40,4.0,2.0,17.29981547778015,13.823132920680571,0.0125074889317417,4.596206800267272e-13,999999999.9995403,35.21666666666668,35.21666666666668,4.984002184768545,2.3693233233112703,inf,0,0,0,0,-1,inf,0,-1,1,1,1,0,0,6080,0,0,0,2866,3214,1.6302262383253179,3.749241349543735,False
following_lateral_offset,P2,18004,40,4.0,2.0,17.300079061444595,13.833676267258294,0.012501056400702742,4.3570740720664517e-13,999999999.9995644,35.213333333333345,35.213333333333345,4.9872013973547995,2.3693233233112703,inf,0,0,0,0,-1,inf,0,-1,1,1,1,0,0,6080,0,0,0,2866,3214,1.6302262383253179,3.749241349543735,False
following_lateral_offset,P3,18004,40,4.0,2.0,17.300079061444595,13.833676267258294,0.012501056400702742,4.3570740720664517e-13,999999999.9995644,35.213333333333345,35.213333333333345,4.9872013973547995,2.3693233233112703,inf,0,0,0,0,-1,inf,0,-1,1,1,1,0,0,6080,0,0,0,2866,3214,1.6302262383253179,3.749241349543735,False
following_lateral_offset,P4,18004,40,4.0,2.0,17.29981547778015,13.823132920680571,0.0125074889317417,4.596206800267272e-13,999999999.9995403,35.21666666666668,35.21666666666668,4.984002184768545,2.3693233233112703,inf,0,0,0,0,-1,inf,0,-1,1,1,1,0,0,6080,0,0,0,2866,3214,1.6302262383253179,3.749241349543735,False
following_lateral_offset,P0,18005,40,4.0,2.0,17.34356079721845,13.89635085868569,0.012141524923096945,2.9610045830850305e-13,999999999.999704,35.19333333333336,35.19333333333336,5.006400347998972,2.1683965189539203,inf,0,0,0,0,-1,inf,0,-1,1,1,1,0,0,6080,0,0,0,2687,3393,1.8715484522323007,4.205238039903442,False
following_lateral_offset,P1,18005,40,4.0,2.0,17.35794224573663,13.99861199829855,0.01192344549244776,1.6520164216162378e-13,999999999.9998348,35.16000000000002,35.16000000000002,5.038412448380921,2.177689987845572,inf,0,0,0,0,-1,inf,0,-1,1,1,1,0,0,6080,0,0,0,2675,3405,1.8715484522323007,4.205238039903442,False
following_lateral_offset,P2,18005,40,4.0,2.0,17.34356079721845,13.89635085868569,0.012141524923096945,2.9610045830850305e-13,999999999.999704,35.19333333333336,35.19333333333336,5.006400347998972,2.1683965189539203,inf,0,0,0,0,-1,inf,0,-1,1,1,1,0,0,6080,0,0,0,2687,3393,1.8715484522323007,4.205238039903442,False
following_lateral_offset,P3,18005,40,4.0,2.0,17.34356079721845,13.89635085868569,0.012141524923096945,2.9610045830850305e-13,999999999.999704,35.19333333333336,35.19333333333336,5.006400347998972,2.1683965189539203,inf,0,0,0,0,-1,inf,0,-1,1,1,1,0,0,6080,0,0,0,2687,3393,1.8715484522323007,4.205238039903442,False
following_lateral_offset,P4,18005,40,4.0,2.0,17.326619034851586,13.748538878714538,0.012409788900381672,6.698135214864009e-13,999999999.9993302,35.24000000000001,35.24000000000001,4.9616126410674095,2.0990285885748485,inf,0,0,0,0,-1,inf,0,-1,1,1,1,0,0,6080,0,0,0,2700,3380,1.8715484522323007,4.205238039903442,False
following_lateral_offset,P0,18006,40,4.0,2.0,17.24851938631515,13.412623455166951,0.013256779062448747,3.937754277600396e-12,999999999.9960623,35.339999999999996,35.339999999999996,4.8657579060204,2.1138896916582657,inf,0,0,0,0,-1,inf,0,-1,1,1,1,0,0,6080,0,0,0,2862,3218,1.7441667739184243,3.943109176937367,False
following_lateral_offset,P1,18006,40,4.0,2.0,17.291890722348374,13.75928041869785,0.012498023321787538,6.383091052696174e-13,999999999.9993618,35.23666666666668,35.23666666666668,4.964810615163919,2.228753817632814,inf,0,0,0,0,-1,inf,0,-1,1,1,1,0,0,6080,0,0,0,2830,3250,1.7441667739184243,3.943109176937367,False
following_lateral_offset,P2,18006,40,4.0,2.0,17.24851938631515,13.412623455166951,0.013256779062448747,3.937754277600396e-12,999999999.9960623,35.339999999999996,35.339999999999996,4.8657579060204,2.1138896916582657,inf,0,0,0,0,-1,inf,0,-1,1,1,1,0,0,6080,0,0,0,2862,3218,1.7441667739184243,3.943109176937367,False
following_lateral_offset,P3,18006,40,4.0,2.0,17.24851938631515,13.412623455166951,0.013256779062448747,3.937754277600396e-12,999999999.9960623,35.339999999999996,35.339999999999996,4.8657579060204,2.1138896916582657,inf,0,0,0,0,-1,inf,0,-1,1,1,1,0,0,6080,0,0,0,2862,3218,1.7441667739184243,3.943109176937367,False
following_lateral_offset,P4,18006,40,4.0,2.0,17.24851938631515,13.412623455166951,0.013256779062448747,3.937754277600396e-12,999999999.9960623,35.339999999999996,35.339999999999996,4.8657579060204,2.1138896916582657,inf,0,0,0,0,-1,inf,0,-1,1,1,1,0,0,6080,0,0,0,2862,3218,1.7441667739184243,3.943109176937367,False
following_lateral_offset,P0,18007,40,4.0,2.0,17.309722507840807,14.363340339054211,0.011577442174802477,1.9225734837435244e-14,999999999.9999809,35.03333333333334,35.03333333333334,5.160211020663566,2.208616084824101,inf,0,0,0,0,-1,inf,0,-1,1,1,1,0,0,6080,0,0,0,2659,3421,1.7963349386421847,4.00328893613902,False
following_lateral_offset,P1,18007,40,4.0,2.0,17.318746450437363,14.453357651837255,0.011450786431545186,1.0945597296333216e-14,999999999.9999889,35.000000000000014,35.000000000000014,5.192301994298854,2.2462337792233744,inf,0,0,0,0,-1,inf,0,-1,1,1,1,0,0,6080,0,0,0,2649,3431,1.7963349386421847,4.00328893613902,False
following_lateral_offset,P2,18007,40,4.0,2.0,17.745090595316356,15.915847027223098,0.008498996255432194,1.7004048218235715e-19,1000000000.0,35.02933333333334,35.02721768616223,5.136907121238793,2.208616084824101,inf,0,0,0,0,-1,inf,0,-1,1,1,1,0,0,6080,95,0,0,2581,3404,1.7963349386421847,4.00328893613902,False
following_lateral_offset,P3,18007,40,4.0,2.0,17.745090595316356,15.915847027223098,0.008498996255432194,1.7004048218235715e-19,1000000000.0,35.02933333333334,35.02721768616223,5.136907121238793,2.208616084824101,inf,0,0,0,0,-1,inf,0,-1,1,1,1,0,0,6080,95,0,0,2581,3404,1.7963349386421847,4.00328893613902,False
following_lateral_offset,P4,18007,40,4.0,2.0,17.745090595316356,15.915847027223098,0.008498996255432194,1.7004048218235715e-19,1000000000.0,35.02933333333334,35.02721768616223,5.136907121238793,2.208616084824101,inf,0,0,0,0,-1,inf,0,-1,1,1,1,0,0,6080,95,0,0,2581,3404,1.7963349386421847,4.00328893613902,False
following_lateral_offset,P0,18008,40,4.0,2.0,17.33307433777488,14.0883517204262,0.01191444500168614,1.0145562347371377e-13,999999999.9998986,35.13,35.13,5.067237906394368,2.3432445665888557,inf,0,0,0,0,-1,inf,0,-1,1,1,1,0,0,6080,0,0,0,2783,3297,1.70513806995512,3.8889282049975096,False
following_lateral_offset,P1,18008,40,4.0,2.0,17.336739019698108,14.117791201028783,0.011859520431157598,8.525515696966201e-14,999999999.9999148,35.12,35.12,5.076849416715058,2.382597415587012,inf,0,0,0,0,-1,inf,0,-1,1,1,1,0,0,6080,0,0,0,2780,3300,1.70513806995512,3.8889282049975096,False
following_lateral_offset,P2,18008,40,4.0,2.0,17.33307433777488,14.0883517204262,0.01191444500168614,1.0145562347371377e-13,999999999.9998986,35.13,35.13,5.067237906394368,2.3432445665888557,inf,0,0,0,0,-1,inf,0,-1,1,1,1,0,0,6080,0,0,0,2783,3297,1.70513806995512,3.8889282049975096,False
following_lateral_offset,P3,18008,40,4.0,2.0,17.33307433777488,14.0883517204262,0.01191444500168614,1.0145562347371377e-13,999999999.9998986,35.13,35.13,5.067237906394368,2.3432445665888557,inf,0,0,0,0,-1,inf,0,-1,1,1,1,0,0,6080,0,0,0,2783,3297,1.70513806995512,3.8889282049975096,False
following_lateral_offset,P4,18008,40,4.0,2.0,17.33307433777488,14.0883517204262,0.01191444500168614,1.0145562347371377e-13,999999999.9998986,35.13,35.13,5.067237906394368,2.3432445665888557,inf,0,0,0,0,-1,inf,0,-1,1,1,1,0,0,6080,0,0,0,2783,3297,1.70513806995512,3.8889282049975096,False
following_lateral_offset,P0,18009,40,4.0,2.0,17.3432696532291,14.372450057116845,0.011304435969064022,1.7238281123555034e-14,999999999.9999828,35.03000000000001,35.03000000000001,5.1634194096548,2.1833613613478957,inf,0,0,0,0,-1,inf,0,-1,1,1,1,0,0,6080,0,0,0,2657,3423,1.7661287016394014,4.037521148308119,False
following_lateral_offset,P1,18009,40,4.0,2.0,17.3432696532291,14.372450057116845,0.011304435969064022,1.7238281123555034e-14,999999999.9999828,35.03000000000001,35.03000000000001,5.1634194096548,2.1833613613478957,inf,0,0,0,0,-1,inf,0,-1,1,1,1,0,0,6080,0,0,0,2657,3423,1.7661287016394014,4.037521148308119,False
following_lateral_offset,P2,18009,40,4.0,2.0,20.45781992968122,16.137508032910766,0.00439514543809248,3.085407156837798e-20,1000000000.0,34.70000000000001,34.68401497280338,5.329339275581638,2.451691400430548,inf,0,0,0,0,-1,inf,0,-1,1,1,1,0,0,6080,1690,0,0,1527,2863,1.7661287016394014,4.037521148308119,False
following_lateral_offset,P3,18009,40,4.0,2.0,17.3432696532291,14.372450057116845,0.011304435969064022,1.7238281123555034e-14,999999999.9999828,35.03000000000001,35.03000000000001,5.1634194096548,2.1833613613478957,inf,0,0,0,0,-1,inf,0,-1,1,1,1,0,0,6080,0,0,0,2657,3423,1.7661287016394014,4.037521148308119,False
following_lateral_offset,P4,18009,40,4.0,2.0,17.3432696532291,14.372450057116845,0.011304435969064022,1.7238281123555034e-14,999999999.9999828,35.03000000000001,35.03000000000001,5.1634194096548,2.1833613613478957,inf,0,0,0,0,-1,inf,0,-1,1,1,1,0,0,6080,0,0,0,2657,3423,1.7661287016394014,4.037521148308119,False
following_lateral_offset,P0,18010,40,4.0,2.0,17.29281760105964,13.844191607259537,0.01272800402597279,4.2485154890993977e-13,999999999.9995753,35.21,35.21,4.990400785508113,2.2408280967044916,inf,0,0,0,0,-1,inf,0,-1,1,1,1,0,0,6080,0,0,0,2734,3346,1.6929589479885316,3.886272232120418,False
following_lateral_offset,P1,18010,40,4.0,2.0,17.29281760105964,13.844191607259537,0.01272800402597279,4.2485154890993977e-13,999999999.9995753,35.21,35.21,4.990400785508113,2.2408280967044916,inf,0,0,0,0,-1,inf,0,-1,1,1,1,0,0,6080,0,0,0,2734,3346,1.6929589479885316,3.886272232120418,False
following_lateral_offset,P2,18010,40,4.0,2.0,17.29281760105964,13.844191607259537,0.01272800402597279,4.2485154890993977e-13,999999999.9995753,35.21,35.21,4.990400785508113,2.2408280967044916,inf,0,0,0,0,-1,inf,0,-1,1,1,1,0,0,6080,0,0,0,2734,3346,1.6929589479885316,3.886272232120418,False
following_lateral_offset,P3,18010,40,4.0,2.0,17.29281760105964,13.844191607259537,0.01272800402597279,4.2485154890993977e-13,999999999.9995753,35.21,35.21,4.990400785508113,2.2408280967044916,inf,0,0,0,0,-1,inf,0,-1,1,1,1,0,0,6080,0,0,0,2734,3346,1.6929589479885316,3.886272232120418,False
following_lateral_offset,P4,18010,40,4.0,2.0,17.29281760105964,13.844191607259537,0.01272800402597279,4.2485154890993977e-13,999999999.9995753,35.21,35.21,4.990400785508113,2.2408280967044916,inf,0,0,0,0,-1,inf,0,-1,1,1,1,0,0,6080,0,0,0,2734,3346,1.6929589479885316,3.886272232120418,False
following_lateral_offset,P0,18011,40,4.0,2.0,17.282020140284434,13.678017675066934,0.012698870110417607,9.97456404788746e-13,999999999.9990025,35.261666666666684,35.261666666666684,4.940830170910311,2.2728151386579754,inf,0,0,0,0,-1,inf,0,-1,1,1,1,0,0,6080,0,0,0,2832,3248,1.6086084023042246,3.7924547522507637,False
following_lateral_offset,P1,18011,40,4.0,2.0,17.319572515672647,13.958033465095907,0.012101642211897325,2.1106789002130699e-13,999999999.9997889,35.17333333333335,35.17333333333335,5.025605546708866,2.3163354223639594,inf,0,0,0,0,-1,inf,0,-1,1,1,1,0,0,6080,0,0,0,2806,3274,1.6086084023042246,3.7924547522507637,False
following_lateral_offset,P2,18011,40,4.0,2.0,17.282020140284434,13.678017675066934,0.012698870110417607,9.97456404788746e-13,999999999.9990025,35.261666666666684,35.261666666666684,4.940830170910311,2.2728151386579754,inf,0,0,0,0,-1,inf,0,-1,1,1,1,0,0,6080,0,0,0,2832,3248,1.6086084023042246,3.7924547522507637,False
following_lateral_offset,P3,18011,40,4.0,2.0,17.282020140284434,13.678017675066934,0.012698870110417607,9.97456404788746e-13,999999999.9990025,35.261666666666684,35.261666666666684,4.940830170910311,2.2728151386579754,inf,0,0,0,0,-1,inf,0,-1,1,1,1,0,0,6080,0,0,0,2832,3248,1.6086084023042246,3.7924547522507637,False
following_lateral_offset,P4,18011,40,4.0,2.0,17.283151992720956,13.688946669259025,0.012674037132229098,9.405845740680357e-13,999999999.9990593,35.258333333333354,35.258333333333354,4.944026979879618,2.274285726893268,inf,0,0,0,0,-1,inf,0,-1,1,1,1,0,0,6080,0,0,0,2831,3249,1.6086084023042246,3.7924547522507637,False
following_lateral_offset,P0,18012,40,4.0,2.0,17.35054394400064,14.869241466825143,0.010770102562620804,6.623837008070022e-16,999999999.9999993,34.833333333333336,34.833333333333336,5.3529846295729655,2.2434033739520975,inf,0,0,0,0,-1,inf,0,-1,1,1,1,0,0,6080,0,0,0,2708,3372,1.688848557208718,3.950056534720045,False
following_lateral_offset,P1,18012,40,4.0,2.0,18.069333380273005,16.137508032910766,0.007312787112875167,2.0733879653837604e-20,1000000000.0,34.74333333333333,34.73980457764385,5.396923699366772,2.3268323105614903,inf,0,0,0,0,-1,inf,0,-1,1,1,1,0,0,6080,168,0,0,2540,3372,1.688848557208718,3.950056534720045,False
following_lateral_offset,P2,18012,40,4.0,2.0,17.35054394400064,14.869241466825143,0.010770102562620804,6.623837008070022e-16,999999999.9999993,34.833333333333336,34.833333333333336,5.3529846295729655,2.2434033739520975,inf,0,0,0,0,-1,inf,0,-1,1,1,1,0,0,6080,0,0,0,2708,3372,1.688848557208718,3.950056534720045,False
following_lateral_offset,P3,18012,40,4.0,2.0,17.35054394400064,14.869241466825143,0.010770102562620804,6.623837008070022e-16,999999999.9999993,34.833333333333336,34.833333333333336,5.3529846295729655,2.2434033739520975,inf,0,0,0,0,-1,inf,0,-1,1,1,1,0,0,6080,0,0,0,2708,3372,1.688848557208718,3.950056534720045,False
following_lateral_offset,P4,18012,40,4.0,2.0,18.05468848555402,16.137508032910766,0.00734335807392784,2.0742306724126684e-20,1000000000.0,34.84333333333333,34.83982394678806,5.299371353496948,2.2434033739520975,inf,0,0,0,0,-1,inf,0,-1,1,1,1,0,0,6080,168,0,0,2567,3345,1.688848557208718,3.950056534720045,False
following_lateral_offset,P0,18013,40,4.0,2.0,17.260867241268787,13.769993413537243,0.01317504980851018,6.708644966744958e-13,999999999.9993292,35.23333333333334,35.23333333333334,4.968008767213584,2.2598701428597345,inf,0,0,0,0,-1,inf,0,-1,1,1,1,0,0,6080,0,0,0,2760,3320,1.7722941884308643,4.044125750884917,False
following_lateral_offset,P1,18013,40,4.0,2.0,17.260867241268787,13.769993413537243,0.01317504980851018,6.708644966744958e-13,999999999.9993292,35.23333333333334,35.23333333333334,4.968008767213584,2.2598701428597345,inf,0,0,0,0,-1,inf,0,-1,1,1,1,0,0,6080,0,0,0,2760,3320,1.7722941884308643,4.044125750884917,False
following_lateral_offset,P2,18013,40,4.0,2.0,17.260867241268787,13.769993413537243,0.01317504980851018,6.708644966744958e-13,999999999.9993292,35.23333333333334,35.23333333333334,4.968008767213584,2.2598701428597345,inf,0,0,0,0,-1,inf,0,-1,1,1,1,0,0,6080,0,0,0,2760,3320,1.7722941884308643,4.044125750884917,False
following_lateral_offset,P3,18013,40,4.0,2.0,17.260867241268787,13.769993413537243,0.01317504980851018,6.708644966744958e-13,999999999.9993292,35.23333333333334,35.23333333333334,4.968008767213584,2.2598701428597345,inf,0,0,0,0,-1,inf,0,-1,1,1,1,0,0,6080,0,0,0,2760,3320,1.7722941884308643,4.044125750884917,False
following_lateral_offset,P4,18013,40,4.0,2.0,17.7312048893642,15.365754293200634,0.008942709035766438,1.5441732781990888e-17,1000000000.0,35.24,35.23782199926203,4.933338077428407,2.2598701428597345,inf,0,0,0,0,-1,inf,0,-1,1,1,1,0,0,6080,95,0,0,2683,3302,1.7722941884308643,4.044125750884917,False
following_lateral_offset,P0,18014,40,4.0,2.0,17.36855151738272,14.372450057116845,0.011551558010616364,1.8647170483515394e-14,999999999.9999813,35.03000000000001,35.03000000000001,5.1634194096548,2.450714297621428,inf,0,0,0,0,-1,inf,0,-1,1,1,1,0,0,6080,0,0,0,2816,3264,1.6901874674652102,3.8886162470904795,False
following_lateral_offset,P1,18014,40,4.0,2.0,17.36855151738272,14.372450057116845,0.011551558010616364,1.8647170483515394e-14,999999999.9999813,35.03000000000001,35.03000000000001,5.1634194096548,2.450714297621428,inf,0,0,0,0,-1,inf,0,-1,1,1,1,0,0,6080,0,0,0,2816,3264,1.6901874674652102,3.8886162470904795,False
following_lateral_offset,P2,18014,40,4.0,2.0,17.36855151738272,14.372450057116845,0.011551558010616364,1.8647170483515394e-14,999999999.9999813,35.03000000000001,35.03000000000001,5.1634194096548,2.450714297621428,inf,0,0,0,0,-1,inf,0,-1,1,1,1,0,0,6080,0,0,0,2816,3264,1.6901874674652102,3.8886162470904795,False
following_lateral_offset,P3,18014,40,4.0,2.0,17.36855151738272,14.372450057116845,0.011551558010616364,1.8647170483515394e-14,999999999.9999813,35.03000000000001,35.03000000000001,5.1634194096548,2.450714297621428,inf,0,0,0,0,-1,inf,0,-1,1,1,1,0,0,6080,0,0,0,2816,3264,1.6901874674652102,3.8886162470904795,False
following_lateral_offset,P4,18014,40,4.0,2.0,17.36855151738272,14.372450057116845,0.011551558010616364,1.8647170483515394e-14,999999999.9999813,35.03000000000001,35.03000000000001,5.1634194096548,2.450714297621428,inf,0,0,0,0,-1,inf,0,-1,1,1,1,0,0,6080,0,0,0,2816,3264,1.6901874674652102,3.8886162470904795,False
following_lateral_offset,P0,18015,40,4.0,2.0,17.313412394648047,13.812561491325154,0.012486840480073166,4.898065544873408e-13,999999999.9995102,35.220000000000006,35.220000000000006,4.980803148087659,2.3152040969418315,inf,0,0,0,0,-1,inf,0,-1,1,1,1,0,0,6080,0,0,0,2807,3273,1.6066682290361445,3.7829359359709116,False
following_lateral_offset,P1,18015,40,4.0,2.0,17.313412394648047,13.812561491325154,0.012486840480073166,4.898065544873408e-13,999999999.9995102,35.220000000000006,35.220000000000006,4.980803148087659,2.3152040969418315,inf,0,0,0,0,-1,inf,0,-1,1,1,1,0,0,6080,0,0,0,2807,3273,1.6066682290361445,3.7829359359709116,False
following_lateral_offset,P2,18015,40,4.0,2.0,17.313412394648047,13.812561491325154,0.012486840480073166,4.898065544873408e-13,999999999.9995102,35.220000000000006,35.220000000000006,4.980803148087659,2.3152040969418315,inf,0,0,0,0,-1,inf,0,-1,1,1,1,0,0,6080,0,0,0,2807,3273,1.6066682290361445,3.7829359359709116,False
following_lateral_offset,P3,18015,40,4.0,2.0,17.313412394648047,13.812561491325154,0.012486840480073166,4.898065544873408e-13,999999999.9995102,35.220000000000006,35.220000000000006,4.980803148087659,2.3152040969418315,inf,0,0,0,0,-1,inf,0,-1,1,1,1,0,0,6080,0,0,0,2807,3273,1.6066682290361445,3.7829359359709116,False
following_lateral_offset,P4,18015,40,4.0,2.0,17.394645002074043,14.223750548305125,0.011457137931507561,4.4422692689178456e-14,999999999.9999558,35.220000000000006,35.220000000000006,4.980803148087659,2.3152040969418315,inf,0,0,0,0,-1,inf,0,-1,1,1,1,0,0,6080,0,0,0,2807,3273,1.6066682290361445,3.7829359359709116,False
following_lateral_offset,P0,18016,40,4.0,2.0,17.398522666562172,14.488700295320283,0.011242021373860388,8.76486036769026e-15,999999999.9999912,34.986666666666686,34.986666666666686,5.205142756074124,2.557372132026899,inf,0,0,0,0,-1,inf,0,-1,1,1,1,0,0,6080,0,0,0,2792,3288,1.541029237150796,3.648485067676026,False
following_lateral_offset,P1,18016,40,4.0,2.0,17.403717250832894,14.497477423535745,0.011179349607921963,8.224479540471603e-15,999999999.9999918,34.98333333333335,34.98333333333335,5.2083533332949195,2.5572987168862227,inf,0,0,0,0,-1,inf,0,-1,1,1,1,0,0,6080,0,0,0,2790,3290,1.541029237150796,3.648485067676026,False
following_lateral_offset,P2,18016,40,4.0,2.0,17.398522666562172,14.488700295320283,0.011242021373860388,8.76486036769026e-15,999999999.9999912,34.986666666666686,34.986666666666686,5.205142756074124,2.557372132026899,inf,0,0,0,0,-1,inf,0,-1,1,1,1,0,0,6080,0,0,0,2792,3288,1.541029237150796,3.648485067676026,False
following_lateral_offset,P3,18016,40,4.0,2.0,17.398522666562172,14.488700295320283,0.011242021373860388,8.76486036769026e-15,999999999.9999912,34.986666666666686,34.986666666666686,5.205142756074124,2.557372132026899,inf,0,0,0,0,-1,inf,0,-1,1,1,1,0,0,6080,0,0,0,2792,3288,1.541029237150796,3.648485067676026,False
following_lateral_offset,P4,18016,40,4.0,2.0,17.398522666562172,14.488700295320283,0.011242021373860388,8.76486036769026e-15,999999999.9999912,34.986666666666686,34.986666666666686,5.205142756074124,2.557372132026899,inf,0,0,0,0,-1,inf,0,-1,1,1,1,0,0,6080,0,0,0,2792,3288,1.541029237150796,3.648485067676026,False
following_lateral_offset,P0,18017,40,4.0,2.0,17.315795587345633,14.028764034492173,0.012021707532397816,1.4297047723379576e-13,999999999.999857,35.150000000000006,35.150000000000006,5.048019413591824,2.3219549022586428,inf,0,0,0,0,-1,inf,0,-1,1,1,1,0,0,6080,0,0,0,2872,3208,1.72629686149357,3.956490985636614,False
following_lateral_offset,P1,18017,40,4.0,2.0,17.33596842877257,14.223750548305087,0.011716972300658343,4.5411332759276355e-14,999999999.9999546,35.08333333333335,35.08333333333335,5.112104372086993,2.3877018757788804,inf,0,0,0,0,-1,inf,0,-1,1,1,1,0,0,6080,0,0,0,2860,3220,1.72629686149357,3.956490985636614,False
following_lateral_offset,P2,18017,40,4.0,2.0,17.315795587345633,14.028764034492173,0.012021707532397816,1.4297047723379576e-13,999999999.999857,35.150000000000006,35.150000000000006,5.048019413591824,2.3219549022586428,inf,0,0,0,0,-1,inf,0,-1,1,1,1,0,0,6080,0,0,0,2872,3208,1.72629686149357,3.956490985636614,False
following_lateral_offset,P3,18017,40,4.0,2.0,17.315795587345633,14.028764034492173,0.012021707532397816,1.4297047723379576e-13,999999999.999857,35.150000000000006,35.150000000000006,5.048019413591824,2.3219549022586428,inf,0,0,0,0,-1,inf,0,-1,1,1,1,0,0,6080,0,0,0,2872,3208,1.72629686149357,3.956490985636614,False
following_lateral_offset,P4,18017,40,4.0,2.0,17.331762878345494,14.16633855374366,0.011787562710936785,6.382851739606477e-14,999999999.9999361,35.103333333333346,35.103333333333346,5.092871924999128,2.3777040969418306,inf,0,0,0,0,-1,inf,0,-1,1,1,1,0,0,6080,0,0,0,2863,3217,1.72629686149357,3.956490985636614,False
following_lateral_offset,P0,18018,40,4.0,2.0,17.255214591744878,13.400957085493179,0.013499315381236578,4.2629557163944655e-12,999999999.9957371,35.34333333333335,35.34333333333335,4.86256562366456,2.2485287974439183,inf,0,0,0,0,-1,inf,0,-1,1,1,1,0,0,6080,0,0,0,2794,3286,1.6269585273732772,3.7341475400959467,False
following_lateral_offset,P1,18018,40,4.0,2.0,17.272181620223996,13.550219871246965,0.013181254425967409,1.9949265159452475e-12,999999999.9980049,35.300000000000004,35.300000000000004,4.904079934095687,2.2871428701324645,inf,0,0,0,0,-1,inf,0,-1,1,1,1,0,0,6080,0,0,0,2785,3295,1.6269585273732772,3.7341475400959467,False
following_lateral_offset,P2,18018,40,4.0,2.0,17.272181620223996,13.550219871246965,0.013181254425967409,1.9949265159452475e-12,999999999.9980049,35.300000000000004,35.300000000000004,4.904079934095687,2.2871428701324645,inf,0,0,0,0,-1,inf,0,-1,1,1,1,0,0,6080,0,0,0,2785,3295,1.6269585273732772,3.7341475400959467,False
following_lateral_offset,P3,18018,40,4.0,2.0,17.255214591744878,13.400957085493179,0.013499315381236578,4.2629557163944655e-12,999999999.9957371,35.34333333333335,35.34333333333335,4.86256562366456,2.2485287974439183,inf,0,0,0,0,-1,inf,0,-1,1,1,1,0,0,6080,0,0,0,2794,3286,1.6269585273732772,3.7341475400959467,False
following_lateral_offset,P4,18018,40,4.0,2.0,17.272181620223996,13.550219871246965,0.013181254425967409,1.9949265159452475e-12,999999999.9980049,35.300000000000004,35.300000000000004,4.904079934095687,2.2871428701324645,inf,0,0,0,0,-1,inf,0,-1,1,1,1,0,0,6080,0,0,0,2785,3295,1.6269585273732772,3.7341475400959467,False
following_lateral_offset,P0,18019,40,4.0,2.0,17.274427208995913,13.639536226724355,0.013024641005894923,1.2631370348899266e-12,999999999.998737,35.27333333333335,35.27333333333335,4.929642763707898,2.0664392452051135,inf,0,0,0,0,-1,inf,0,-1,1,1,1,0,0,6080,0,0,0,2665,3415,1.8007594421513446,4.0141621608413045,False
following_lateral_offset,P1,18019,40,4.0,2.0,17.29851057210744,13.780677940912469,0.0126517689658389,5.856164187918385e-13,999999999.9994144,35.23,35.23,4.971207096872955,2.1144155974051917,inf,0,0,0,0,-1,inf,0,-1,1,1,1,0,0,6080,0,0,0,2654,3426,1.8007594421513446,4.0141621608413045,False
following_lateral_offset,P2,18019,40,4.0,2.0,17.40773997669529,14.278595624890562,0.011505429129439046,3.290993306445901e-14,999999999.9999672,35.12666666666668,35.12613916618397,5.065349625729395,2.0664392452051135,inf,0,0,0,0,-1,inf,0,-1,1,1,1,0,0,6080,23,0,0,2591,3466,1.8007594421513446,4.0141621608413045,False
following_lateral_offset,P3,18019,40,4.0,2.0,17.40773997669529,14.278595624890562,0.011505429129439046,3.290993306445901e-14,999999999.9999672,35.12666666666668,35.12613916618397,5.065349625729395,2.0664392452051135,inf,0,0,0,0,-1,inf,0,-1,1,1,1,0,0,6080,23,0,0,2591,3466,1.8007594421513446,4.0141621608413045,False
following_lateral_offset,P4,18019,40,4.0,2.0,18.582946453636442,16.137508032910766,0.006831226469237353,2.3630955029065948e-20,1000000000.0,34.99000000000002,34.9776818641305,5.132110326698399,2.0664392452051135,inf,0,0,0,0,-1,inf,0,-1,1,1,1,0,0,6080,319,0,0,2346,3415,1.8007594421513446,4.0141621608413045,False
lane_choice,P0,18000,40,4.0,2.0,-1.4841772517946121,-13.800125353527465,0.7112488585418857,0.27149979741639463,728500202.5836054,12.99999999999999,12.882786325056207,16.782438462261936,inf,1.5013499953110632,0,0,0,0,-1,inf,0,-1,0,0,-1,0,0,6080,1879,0,1762,0,2439,1.792503413322958,4.25236303270003,False
lane_choice,P1,18000,40,4.0,2.0,11.415283391778742,7.917465961148334,0.19749853001493048,9.757018575009277e-05,999902429.81425,12.999999999999991,12.91210617836171,16.755131274768452,6.1060366622275195,1.5001885304115121,0,0,0,0,-1,inf,0,-1,0,0,-1,0,0,6080,1784,0,1780,0,2516,1.792503413322958,4.25236303270003,False
lane_choice,P2,18000,40,4.0,2.0,12.101132847578397,8.783780876789407,0.14732170842461895,1.6529403731088244e-05,999983470.5962689,12.99999999999999,12.905349679254607,16.74847084715829,6.1060366622275195,1.5010597912286787,0,0,0,0,-1,inf,0,-1,0,0,-1,0,0,6080,1602,0,1812,0,2666,1.792503413322958,4.25236303270003,False
lane_choice,P3,18000,40,4.0,2.0,12.063550375071316,9.25160767216483,0.1418579390129871,8.954170154910065e-06,999991045.8298451,12.99999999999999,12.909750412021806,16.753017151880435,6.1060366622275195,1.5000801085241666,0,0,0,0,-1,inf,0,-1,0,0,-1,0,0,6080,1691,0,1829,0,2560,1.792503413322958,4.25236303270003,False
lane_choice,P4,18000,40,4.0,2.0,12.011930681626641,8.339167020023577,0.15681014940403565,3.197086409443261e-05,999968029.1359055,12.99999999999999,12.903358507552323,16.74847084715829,6.1060366622275195,1.508038196389593,0,0,0,0,-1,inf,0,-1,0,0,-1,0,0,6080,1616,0,1788,0,2676,1.792503413322958,4.25236303270003,False
lane_choice,P0,18001,40,4.0,2.0,-1.4841772517946121,-13.800125353527465,0.7112488585418857,0.27149979741639463,728500202.5836054,12.99999999999999,12.882786325056207,16.782438462261936,inf,1.5013499953110632,0,0,0,0,-1,inf,0,-1,0,0,-1,0,0,6080,1879,0,1762,0,2439,1.8521235497987014,4.274180255105955,False
lane_choice,P1,18001,40,4.0,2.0,11.458875709100306,8.09063390606506,0.19363949050527535,7.430131831917062e-05,999925698.6816809,12.999999999999988,12.910651675838745,16.753017151880435,6.1060366622275195,1.5012933668405384,0,0,0,0,-1,inf,0,-1,0,0,-1,0,0,6080,1766,0,1786,0,2528,1.8521235497987014,4.274180255105955,False
lane_choice,P2,18001,40,4.0,2.0,11.703198529149143,7.538257214268723,0.1857368298048921,0.00010507956624698466,999894920.433753,12.999999999999993,12.903734334916027,16.747476673586238,6.1060366622275195,1.5004848028643027,0,0,0,0,-1,inf,0,-1,0,0,-1,0,0,6080,1621,0,1836,0,2623,1.8521235497987014,4.274180255105955,False
lane_choice,P3,18001,40,4.0,2.0,11.761369247674178,8.763759785661756,0.16494697501400693,2.2891689134287736e-05,999977108.3108658,12.99999999999999,12.909748525722138,16.7508040885184,6.1060366622275195,1.500368498496405,0,0,0,0,-1,inf,0,-1,0,0,-1,0,0,6080,1706,0,1817,0,2557,1.8521235497987014,4.274180255105955,False
lane_choice,P4,18001,40,4.0,2.0,12.011930681626641,8.339167020023577,0.15681014940403565,3.197086409443261e-05,999968029.1359055,12.99999999999999,12.903358507552323,16.74847084715829,6.1060366622275195,1.508038196389593,0,0,0,0,-1,inf,0,-1,0,0,-1,0,0,6080,1616,0,1788,0,2676,1.8521235497987014,4.274180255105955,False
lane_choice,P0,18002,40,4.0,2.0,-1.4841772517946121,-13.800125353527465,0.7112488585418857,0.27149979741639463,728500202.5836054,12.99999999999999,12.882786325056207,16.782438462261936,inf,1.5013499953110632,0,0,0,0,-1,inf,0,-1,0,0,-1,0,0,6080,1879,0,1762,0,2439,1.6552555805066376,4.000772518940951,False
lane_choice,P1,18002,40,4.0,2.0,11.435182525296545,8.012373056845629,0.19517708609454484,8.383575704004454e-05,999916164.24296,12.99999999999999,12.910819574708963,16.753017151880435,6.1060366622275195,1.501167547298801,0,0,0,0,-1,inf,0,-1,0,0,-1,0,0,6080,1768,0,1784,0,2528,1.6552555805066376,4.000772518940951,False
lane_choice,P2,18002,40,4.0,2.0,12.008621702981113,8.339167020023577,0.15701360302838382,3.2002794464293644e-05,999967997.2055357,12.99999999999999,12.903358507552323,16.74847084715829,6.1060366622275195,1.508038196389593,0,0,0,0,-1,inf,0,-1,0,0,-1,0,0,6080,1631,0,1773,0,2676,1.6552555805066376,4.000772518940951,False
lane_choice,P3,18002,40,4.0,2.0,11.415283391778742,7.917465961148334,0.19749853001493048,9.757018575009277e-05,999902429.81425,12.999999999999991,12.91210617836171,16.755131274768452,6.1060366622275195,1.5001885304115121,0,0,0,0,-1,inf,0,-1,0,0,-1,0,0,6080,1784,0,1780,0,2516,1.6552555805066376,4.000772518940951,False
lane_choice,P4,18002,40,4.0,2.0,12.011930681626641,8.339167020023577,0.15681014940403565,3.197086409443261e-05,999968029.1359055,12.99999999999999,12.903358507552323,16.74847084715829,6.1060366622275195,1.508038196389593,0,0,0,0,-1,inf,0,-1,0,0,-1,0,0,6080,1616,0,1788,0,2676,1.6552555805066376,4.000772518940951,False
lane_choice,P0,18003,40,4.0,2.0,-1.4841772517946121,-13.800125353527465,0.7112488585418857,0.27149979741639463,728500202.5836054,12.99999999999999,12.882786325056207,16.782438462261936,inf,1.5013499953110632,0,0,0,0,-1,inf,0,-1,0,0,-1,0,0,6080,1879,0,1762,0,2439,1.7271513095104551,4.159376159865881,False
lane_choice,P1,18003,40,4.0,2.0,11.415283391778742,7.917465961148334,0.19749853001493048,9.757018575009277e-05,999902429.81425,12.999999999999991,12.91210617836171,16.755131274768452,6.1060366622275195,1.5001885304115121,0,0,0,0,-1,inf,0,-1,0,0,-1,0,0,6080,1784,0,1780,0,2516,1.7271513095104551,4.159376159865881,False
lane_choice,P2,18003,40,4.0,2.0,12.006669292576891,8.339167020023577,0.15719914595329887,3.211108957552374e-05,999967888.9104245,12.99999999999999,12.903343972408566,16.74847084715829,6.1060366622275195,1.5076951843659407,0,0,0,0,-1,inf,0,-1,0,0,-1,0,0,6080,1600,0,1804,0,2676,1.7271513095104551,4.159376159865881,False
lane_choice,P3,18003,40,4.0,2.0,12.076728932495755,9.263228055490746,0.13843144961890505,8.18915618597111e-06,999991810.8438139,12.99999999999999,12.911716648644994,16.757163456939804,6.1060366622275195,1.5028868179940864,0,0,0,0,-1,inf,0,-1,0,0,-1,0,0,6080,1729,0,1751,0,2600,1.7271513095104551,4.159376159865881,False
lane_choice,P4,18003,40,4.0,2.0,12.011930681626641,8.339167020023577,0.15681014940403565,3.197086409443261e-05,999968029.1359055,12.99999999999999,12.903358507552323,16.74847084715829,6.1060366622275195,1.508038196389593,0,0,0,0,-1,inf,0,-1,0,0,-1,0,0,6080,1616,0,1788,0,2676,1.7271513095104551,4.159376159865881,False
lane_choice,P0,18004,40,4.0,2.0,-1.4841772517946121,-13.800125353527465,0.7112488585418857,0.27149979741639463,728500202.5836054,12.99999999999999,12.882786325056207,16.782438462261936,inf,1.5013499953110632,0,0,0,0,-1,inf,0,-1,0,0,-1,0,0,6080,1879,0,1762,0,2439,1.7305505086940485,4.099957038617391,False
lane_choice,P1,18004,40,4.0,2.0,11.761369247674178,8.763759785661756,0.16494697501400693,2.2891689134287736e-05,999977108.3108658,12.99999999999999,12.909748525722138,16.7508040885184,6.1060366622275195,1.500368498496405,0,0,0,0,-1,inf,0,-1,0,0,-1,0,0,6080,1706,0,1817,0,2557,1.7305505086940485,4.099957038617391,False
lane_choice,P2,18004,40,4.0,2.0,12.011930681626641,8.339167020023577,0.15681014940403565,3.197086409443261e-05,999968029.1359055,12.99999999999999,12.903358507552323,16.74847084715829,6.1060366622275195,1.508038196389593,0,0,0,0,-1,inf,0,-1,0,0,-1,0,0,6080,1616,0,1788,0,2676,1.7305505086940485,4.099957038617391,False
lane_choice,P3,18004,40,4.0,2.0,11.761369247674178,8.763759785661756,0.16494697501400693,2.2891689134287736e-05,999977108.3108658,12.99999999999999,12.909748525722138,16.7508040885184,6.1060366622275195,1.500368498496405,0,0,0,0,-1,inf,0,-1,0,0,-1,0,0,6080,1706,0,1817,0,2557,1.7305505086940485,4.099957038617391,False
lane_choice,P4,18004,40,4.0,2.0,12.011930681626641,8.339167020023577,0.15681014940403565,3.197086409443261e-05,999968029.1359055,12.99999999999999,12.903358507552323,16.74847084715829,6.1060366622275195,1.508038196389593,0,0,0,0,-1,inf,0,-1,0,0,-1,0,0,6080,1616,0,1788,0,2676,1.7305505086940485,4.099957038617391,False
lane_choice,P0,18005,40,4.0,2.0,-1.4841772517946121,-13.800125353527465,0.7112488585418857,0.27149979741639463,728500202.5836054,12.99999999999999,12.882786325056207,16.782438462261936,inf,1.5013499953110632,0,0,0,0,-1,inf,0,-1,0,0,-1,0,0,6080,1879,0,1762,0,2439,1.958440991589272,4.5312965438169766,False
lane_choice,P1,18005,40,4.0,2.0,11.415283391778742,7.917465961148334,0.19749853001493048,9.757018575009277e-05,999902429.81425,12.999999999999991,12.91210617836171,16.755131274768452,6.1060366622275195,1.5001885304115121,0,0,0,0,-1,inf,0,-1,0,0,-1,0,0,6080,1784,0,1780,0,2516,1.958440991589272,4.5312965438169766,False
lane_choice,P2,18005,40,4.0,2.0,12.107906813712834,8.783780876789407,0.14677245839597974,1.6327819195592232e-05,999983672.1808045,12.99999999999999,12.905381218567516,16.74847084715829,6.1060366622275195,1.5022722459258522,0,0,0,0,-1,inf,0,-1,0,0,-1,0,0,6080,1619,0,1795,0,2666,1.958440991589272,4.5312965438169766,False
lane_choice,P3,18005,40,4.0,2.0,12.076728932495755,9.263228055490746,0.13843144961890505,8.18915618597111e-06,999991810.8438139,12.99999999999999,12.911716648644994,16.757163456939804,6.1060366622275195,1.5028868179940864,0,0,0,0,-1,inf,0,-1,0,0,-1,0,0,6080,1729,0,1751,0,2600,1.958440991589272,4.5312965438169766,False
lane_choice,P4,18005,40,4.0,2.0,12.011930681626641,8.339167020023577,0.15681014940403565,3.197086409443261e-05,999968029.1359055,12.99999999999999,12.903358507552323,16.74847084715829,6.1060366622275195,1.508038196389593,0,0,0,0,-1,inf,0,-1,0,0,-1,0,0,6080,1616,0,1788,0,2676,1.958440991589272,4.5312965438169766,False
lane_choice,P0,18006,40,4.0,2.0,-1.4841772517946121,-13.800125353527465,0.7112488585418857,0.27149979741639463,728500202.5836054,12.99999999999999,12.882786325056207,16.782438462261936,inf,1.5013499953110632,0,0,0,0,-1,inf,0,-1,0,0,-1,0,0,6080,1879,0,1762,0,2439,1.8069535065752604,4.2201411707509635,False
lane_choice,P1,18006,40,4.0,2.0,11.415283391778742,7.917465961148334,0.19749853001493048,9.757018575009277e-05,999902429.81425,12.999999999999991,12.91210617836171,16.755131274768452,6.1060366622275195,1.5001885304115121,0,0,0,0,-1,inf,0,-1,0,0,-1,0,0,6080,1784,0,1780,0,2516,1.8069535065752604,4.2201411707509635,False
lane_choice,P2,18006,40,4.0,2.0,11.868170159526652,8.07166943679648,0.1680641636899664,4.788813246915062e-05,999952111.8675308,12.999999999999991,12.905021738394877,16.74847084715829,6.1060366622275195,1.5058740108766693,0,0,0,0,-1,inf,0,-1,0,0,-1,0,0,6080,1638,0,1814,0,2628,1.8069535065752604,4.2201411707509635,False
lane_choice,P3,18006,40,4.0,2.0,11.415283391778742,7.917465961148334,0.19749853001493048,9.757018575009277e-05,999902429.81425,12.999999999999991,12.91210617836171,16.755131274768452,6.1060366622275195,1.5001885304115121,0,0,0,0,-1,inf,0,-1,0,0,-1,0,0,6080,1784,0,1780,0,2516,1.8069535065752604,4.2201411707509635,False
lane_choice,P4,18006,40,4.0,2.0,12.011930681626641,8.339167020023577,0.15681014940403565,3.197086409443261e-05,999968029.1359055,12.99999999999999,12.903358507552323,16.74847084715829,6.1060366622275195,1.508038196389593,0,0,0,0,-1,inf,0,-1,0,0,-1,0,0,6080,1616,0,1788,0,2676,1.8069535065752604,4.2201411707509635,False
lane_choice,P0,18007,40,4.0,2.0,-1.4841772517946121,-13.800125353527465,0.7112488585418857,0.27149979741639463,728500202.5836054,12.99999999999999,12.882786325056207,16.782438462261936,inf,1.5013499953110632,0,0,0,0,-1,inf,0,-1,0,0,-1,0,0,6080,1879,0,1762,0,2439,1.895786511288668,4.340263316585813,False
lane_choice,P1,18007,40,4.0,2.0,11.435182525296545,8.012373056845629,0.19517708609454484,8.383575704004454e-05,999916164.24296,12.99999999999999,12.910819574708963,16.753017151880435,6.1060366622275195,1.501167547298801,0,0,0,0,-1,inf,0,-1,0,0,-1,0,0,6080,1768,0,1784,0,2528,1.895786511288668,4.340263316585813,False
lane_choice,P2,18007,40,4.0,2.0,12.006669292576891,8.339167020023577,0.15719914595329887,3.211108957552374e-05,999967888.9104245,12.99999999999999,12.903343972408566,16.74847084715829,6.1060366622275195,1.5076951843659407,0,0,0,0,-1,inf,0,-1,0,0,-1,0,0,6080,1600,0,1804,0,2676,1.895786511288668,4.340263316585813,False
lane_choice,P3,18007,40,4.0,2.0,11.758934634062106,8.774627668072814,0.1643701125898196,2.2394814054187174e-05,999977605.1859459,12.999999999999993,12.90887192507583,16.752025539288738,6.1060366622275195,1.501057888153312,0,0,0,0,-1,inf,0,-1,0,0,-1,0,0,6080,1698,0,1823,0,2559,1.895786511288668,4.340263316585813,False
lane_choice,P4,18007,40,4.0,2.0,12.011930681626641,8.339167020023577,0.15681014940403565,3.197086409443261e-05,999968029.1359055,12.99999999999999,12.903358507552323,16.74847084715829,6.1060366622275195,1.508038196389593,0,0,0,0,-1,inf,0,-1,0,0,-1,0,0,6080,1616,0,1788,0,2676,1.895786511288668,4.340263316585813,False
lane_choice,P0,18008,40,4.0,2.0,-1.4841772517946121,-13.800125353527465,0.7112488585418857,0.27149979741639463,728500202.5836054,12.99999999999999,12.882786325056207,16.782438462261936,inf,1.5013499953110632,0,0,0,0,-1,inf,0,-1,0,0,-1,0,0,6080,1879,0,1762,0,2439,1.8094819808217124,4.266318936995073,False
lane_choice,P1,18008,40,4.0,2.0,11.435182525296545,8.012373056845629,0.19517708609454484,8.383575704004454e-05,999916164.24296,12.99999999999999,12.910819574708963,16.753017151880435,6.1060366622275195,1.501167547298801,0,0,0,0,-1,inf,0,-1,0,0,-1,0,0,6080,1768,0,1784,0,2528,1.8094819808217124,4.266318936995073,False
lane_choice,P2,18008,40,4.0,2.0,12.011280179544938,8.182492001612772,0.15796085111997002,3.999137683902111e-05,999960008.623161,12.99999999999999,12.905688536841826,16.74847084715829,6.1060366622275195,1.5018721618864839,0,0,0,0,-1,inf,0,-1,0,0,-1,0,0,6080,1625,0,1848,0,2607,1.8094819808217124,4.266318936995073,False
lane_choice,P3,18008,40,4.0,2.0,12.076728932495755,9.263228055490746,0.13843144961890505,8.18915618597111e-06,999991810.8438139,12.99999999999999,12.911716648644994,16.757163456939804,6.1060366622275195,1.5028868179940864,0,0,0,0,-1,inf,0,-1,0,0,-1,0,0,6080,1729,0,1751,0,2600,1.8094819808217124,4.266318936995073,False
lane_choice,P4,18008,40,4.0,2.0,12.011930681626641,8.339167020023577,0.15681014940403565,3.197086409443261e-05,999968029.1359055,12.99999999999999,12.903358507552323,16.74847084715829,6.1060366622275195,1.508038196389593,0,0,0,0,-1,inf,0,-1,0,0,-1,0,0,6080,1616,0,1788,0,2676,1.8094819808217124,4.266318936995073,False
lane_choice,P0,18009,40,4.0,2.0,-1.4841772517946121,-13.800125353527465,0.7112488585418857,0.27149979741639463,728500202.5836054,12.99999999999999,12.882786325056207,16.782438462261936,inf,1.5013499953110632,0,0,0,0,-1,inf,0,-1,0,0,-1,0,0,6080,1879,0,1762,0,2439,1.8071294872752506,4.305955848640527,False
lane_choice,P1,18009,40,4.0,2.0,11.435182525296545,8.012373056845629,0.19517708609454484,8.383575704004454e-05,999916164.24296,12.99999999999999,12.910819574708963,16.753017151880435,6.1060366622275195,1.501167547298801,0,0,0,0,-1,inf,0,-1,0,0,-1,0,0,6080,1768,0,1784,0,2528,1.8071294872752506,4.305955848640527,False
lane_choice,P2,18009,40,4.0,2.0,12.107883195357731,8.783780876789407,0.14676623799851551,1.630308050043053e-05,999983696.9194996,12.999999999999991,12.905360561870957,16.74847084715829,6.1060366622275195,1.5014044797033903,0,0,0,0,-1,inf,0,-1,0,0,-1,0,0,6080,1618,0,1796,0,2666,1.8071294872752506,4.305955848640527,False
lane_choice,P3,18009,40,4.0,2.0,11.435182525296545,8.012373056845629,0.19517708609454484,8.383575704004454e-05,999916164.24296,12.99999999999999,12.910819574708963,16.753017151880435,6.1060366622275195,1.501167547298801,0,0,0,0,-1,inf,0,-1,0,0,-1,0,0,6080,1768,0,1784,0,2528,1.8071294872752506,4.305955848640527,False
lane_choice,P4,18009,40,4.0,2.0,12.011930681626641,8.339167020023577,0.15681014940403565,3.197086409443261e-05,999968029.1359055,12.99999999999999,12.903358507552323,16.74847084715829,6.1060366622275195,1.508038196389593,0,0,0,0,-1,inf,0,-1,0,0,-1,0,0,6080,1616,0,1788,0,2676,1.8071294872752506,4.305955848640527,False
lane_choice,P0,18010,40,4.0,2.0,-1.4841772517946121,-13.800125353527465,0.7112488585418857,0.27149979741639463,728500202.5836054,12.99999999999999,12.882786325056207,16.782438462261936,inf,1.5013499953110632,0,0,0,0,-1,inf,0,-1,0,0,-1,0,0,6080,1879,0,1762,0,2439,1.7723982214286529,4.214845747712275,False
lane_choice,P1,18010,40,4.0,2.0,11.415283391778742,7.917465961148334,0.19749853001493048,9.757018575009277e-05,999902429.81425,12.999999999999991,12.91210617836171,16.755131274768452,6.1060366622275195,1.5001885304115121,0,0,0,0,-1,inf,0,-1,0,0,-1,0,0,6080,1784,0,1780,0,2516,1.7723982214286529,4.214845747712275,False
lane_choice,P2,18010,40,4.0,2.0,12.011280179544938,8.182492001612772,0.15796085111997002,3.999137683902111e-05,999960008.623161,12.99999999999999,12.905688536841826,16.74847084715829,6.1060366622275195,1.5018721618864839,0,0,0,0,-1,inf,0,-1,0,0,-1,0,0,6080,1625,0,1848,0,2607,1.7723982214286529,4.214845747712275,False
lane_choice,P3,18010,40,4.0,2.0,11.415283391778742,7.917465961148334,0.19749853001493048,9.757018575009277e-05,999902429.81425,12.999999999999991,12.91210617836171,16.755131274768452,6.1060366622275195,1.5001885304115121,0,0,0,0,-1,inf,0,-1,0,0,-1,0,0,6080,1784,0,1780,0,2516,1.7723982214286529,4.214845747712275,False
lane_choice,P4,18010,40,4.0,2.0,12.011930681626641,8.339167020023577,0.15681014940403565,3.197086409443261e-05,999968029.1359055,12.99999999999999,12.903358507552323,16.74847084715829,6.1060366622275195,1.508038196389593,0,0,0,0,-1,inf,0,-1,0,0,-1,0,0,6080,1616,0,1788,0,2676,1.7723982214286529,4.214845747712275,False
lane_choice,P0,18011,40,4.0,2.0,-1.4841772517946121,-13.800125353527465,0.7112488585418857,0.27149979741639463,728500202.5836054,12.99999999999999,12.882786325056207,16.782438462261936,inf,1.5013499953110632,0,0,0,0,-1,inf,0,-1,0,0,-1,0,0,6080,1879,0,1762,0,2439,1.734536987199553,4.185007055224703,False
lane_choice,P1,18011,40,4.0,2.0,11.415283391778742,7.917465961148334,0.19749853001493048,9.757018575009277e-05,999902429.81425,12.999999999999991,12.91210617836171,16.755131274768452,6.1060366622275195,1.5001885304115121,0,0,0,0,-1,inf,0,-1,0,0,-1,0,0,6080,1784,0,1780,0,2516,1.734536987199553,4.185007055224703,False
lane_choice,P2,18011,40,4.0,2.0,12.011930681626641,8.339167020023577,0.15681014940403565,3.197086409443261e-05,999968029.1359055,12.99999999999999,12.903358507552323,16.74847084715829,6.1060366622275195,1.508038196389593,0,0,0,0,-1,inf,0,-1,0,0,-1,0,0,6080,1616,0,1788,0,2676,1.734536987199553,4.185007055224703,False
lane_choice,P3,18011,40,4.0,2.0,12.076728932495755,9.263228055490746,0.13843144961890505,8.18915618597111e-06,999991810.8438139,12.99999999999999,12.911716648644994,16.757163456939804,6.1060366622275195,1.5028868179940864,0,0,0,0,-1,inf,0,-1,0,0,-1,0,0,6080,1729,0,1751,0,2600,1.734536987199553,4.185007055224703,False
lane_choice,P4,18011,40,4.0,2.0,12.011930681626641,8.339167020023577,0.15681014940403565,3.197086409443261e-05,999968029.1359055,12.99999999999999,12.903358507552323,16.74847084715829,6.1060366622275195,1.508038196389593,0,0,0,0,-1,inf,0,-1,0,0,-1,0,0,6080,1616,0,1788,0,2676,1.734536987199553,4.185007055224703,False
lane_choice,P0,18012,40,4.0,2.0,-1.4841772517946121,-13.800125353527465,0.7112488585418857,0.27149979741639463,728500202.5836054,12.99999999999999,12.882786325056207,16.782438462261936,inf,1.5013499953110632,0,0,0,0,-1,inf,0,-1,0,0,-1,0,0,6080,1879,0,1762,0,2439,1.725639908270903,4.194775049100109,False
lane_choice,P1,18012,40,4.0,2.0,11.415283391778742,7.917465961148334,0.19749853001493048,9.757018575009277e-05,999902429.81425,12.999999999999991,12.91210617836171,16.755131274768452,6.1060366622275195,1.5001885304115121,0,0,0,0,-1,inf,0,-1,0,0,-1,0,0,6080,1784,0,1780,0,2516,1.725639908270903,4.194775049100109,False
lane_choice,P2,18012,40,4.0,2.0,12.008701804632036,8.229738049872287,0.15881413145339823,3.739474708985757e-05,999962605.2529103,12.999999999999991,12.904499009576284,16.74847084715829,6.1060366622275195,1.5001177930900464,0,0,0,0,-1,inf,0,-1,0,0,-1,0,0,6080,1612,0,1861,0,2607,1.725639908270903,4.194775049100109,False
lane_choice,P3,18012,40,4.0,2.0,11.415283391778742,7.917465961148334,0.19749853001493048,9.757018575009277e-05,999902429.81425,12.999999999999991,12.91210617836171,16.755131274768452,6.1060366622275195,1.5001885304115121,0,0,0,0,-1,inf,0,-1,0,0,-1,0,0,6080,1784,0,1780,0,2516,1.725639908270903,4.194775049100109,False
lane_choice,P4,18012,40,4.0,2.0,12.011930681626641,8.339167020023577,0.15681014940403565,3.197086409443261e-05,999968029.1359055,12.99999999999999,12.903358507552323,16.74847084715829,6.1060366622275195,1.508038196389593,0,0,0,0,-1,inf,0,-1,0,0,-1,0,0,6080,1616,0,1788,0,2676,1.725639908270903,4.194775049100109,False
lane_choice,P0,18013,40,4.0,2.0,-1.4841772517946121,-13.800125353527465,0.7112488585418857,0.27149979741639463,728500202.5836054,12.99999999999999,12.882786325056207,16.782438462261936,inf,1.5013499953110632,0,0,0,0,-1,inf,0,-1,0,0,-1,0,0,6080,1879,0,1762,0,2439,1.8676996881791808,4.3912250337228755,False
lane_choice,P1,18013,40,4.0,2.0,11.415283391778742,7.917465961148334,0.19749853001493048,9.757018575009277e-05,999902429.81425,12.999999999999991,12.91210617836171,16.755131274768452,6.1060366622275195,1.5001885304115121,0,0,0,0,-1,inf,0,-1,0,0,-1,0,0,6080,1784,0,1780,0,2516,1.8676996881791808,4.3912250337228755,False
lane_choice,P2,18013,40,4.0,2.0,12.10846277555633,8.783780876789407,0.1467584698392844,1.6328797180109017e-05,999983671.2028201,12.99999999999999,12.905349679254607,16.74847084715829,6.1060366622275195,1.5010597912286787,0,0,0,0,-1,inf,0,-1,0,0,-1,0,0,6080,1617,0,1797,0,2666,1.8676996881791808,4.3912250337228755,False
lane_choice,P3,18013,40,4.0,2.0,12.023936119321126,9.136985536205104,0.14269111116874683,1.0637499126205947e-05,999989362.5008739,12.99999999999999,12.911716648644994,16.757163456939804,6.1060366622275195,1.5028868179940864,0,0,0,0,-1,inf,0,-1,0,0,-1,0,0,6080,1729,0,1751,0,2600,1.8676996881791808,4.3912250337228755,False
lane_choice,P4,18013,40,4.0,2.0,12.011930681626641,8.339167020023577,0.15681014940403565,3.197086409443261e-05,999968029.1359055,12.99999999999999,12.903358507552323,16.74847084715829,6.1060366622275195,1.508038196389593,0,0,0,0,-1,inf,0,-1,0,0,-1,0,0,6080,1616,0,1788,0,2676,1.8676996881791808,4.3912250337228755,False
lane_choice,P0,18014,40,4.0,2.0,-1.4841772517946121,-13.800125353527465,0.7112488585418857,0.27149979741639463,728500202.5836054,12.99999999999999,12.882786325056207,16.782438462261936,inf,1.5013499953110632,0,0,0,0,-1,inf,0,-1,0,0,-1,0,0,6080,1879,0,1762,0,2439,1.776744860005725,4.2060050810629015,False
lane_choice,P1,18014,40,4.0,2.0,11.745317892373032,8.685339274074892,0.16510820070869772,2.59492303891247e-05,999974050.769611,12.999999999999996,12.910190221619104,16.75414086214862,6.1060366622275195,1.5000540543503091,0,0,0,0,-1,inf,0,-1,0,0,-1,0,0,6080,1704,0,1816,0,2560,1.776744860005725,4.2060050810629015,False
lane_choice,P2,18014,40,4.0,2.0,12.10846277555633,8.783780876789407,0.1467584698392844,1.6328797180109017e-05,999983671.2028201,12.99999999999999,12.905349679254607,16.74847084715829,6.1060366622275195,1.5010597912286787,0,0,0,0,-1,inf,0,-1,0,0,-1,0,0,6080,1617,0,1797,0,2666,1.776744860005725,4.2060050810629015,False
lane_choice,P3,18014,40,4.0,2.0,11.745317892373032,8.685339274074892,0.16510820070869772,2.59492303891247e-05,999974050.769611,12.999999999999996,12.910190221619104,16.75414086214862,6.1060366622275195,1.5000540543503091,0,0,0,0,-1,inf,0,-1,0,0,-1,0,0,6080,1704,0,1816,0,2560,1.776744860005725,4.2060050810629015,False
lane_choice,P4,18014,40,4.0,2.0,12.011930681626641,8.339167020023577,0.15681014940403565,3.197086409443261e-05,999968029.1359055,12.99999999999999,12.903358507552323,16.74847084715829,6.1060366622275195,1.508038196389593,0,0,0,0,-1,inf,0,-1,0,0,-1,0,0,6080,1616,0,1788,0,2676,1.776744860005725,4.2060050810629015,False
lane_choice,P0,18015,40,4.0,2.0,-1.4841772517946121,-13.800125353527465,0.7112488585418857,0.27149979741639463,728500202.5836054,12.99999999999999,12.882786325056207,16.782438462261936,inf,1.5013499953110632,0,0,0,0,-1,inf,0,-1,0,0,-1,0,0,6080,1879,0,1762,0,2439,1.6780082145444806,4.071873157107122,False
lane_choice,P1,18015,40,4.0,2.0,11.415283391778742,7.917465961148334,0.19749853001493048,9.757018575009277e-05,999902429.81425,12.999999999999991,12.91210617836171,16.755131274768452,6.1060366622275195,1.5001885304115121,0,0,0,0,-1,inf,0,-1,0,0,-1,0,0,6080,1784,0,1780,0,2516,1.6780082145444806,4.071873157107122,False
lane_choice,P2,18015,40,4.0,2.0,12.008701804632036,8.229738049872287,0.15881413145339823,3.739474708985757e-05,999962605.2529103,12.999999999999991,12.904499009576284,16.74847084715829,6.1060366622275195,1.5001177930900464,0,0,0,0,-1,inf,0,-1,0,0,-1,0,0,6080,1612,0,1861,0,2607,1.6780082145444806,4.071873157107122,False
lane_choice,P3,18015,40,4.0,2.0,12.076728932495755,9.263228055490746,0.13843144961890505,8.18915618597111e-06,999991810.8438139,12.99999999999999,12.911716648644994,16.757163456939804,6.1060366622275195,1.5028868179940864,0,0,0,0,-1,inf,0,-1,0,0,-1,0,0,6080,1729,0,1751,0,2600,1.6780082145444806,4.071873157107122,False
lane_choice,P4,18015,40,4.0,2.0,12.011930681626641,8.339167020023577,0.15681014940403565,3.197086409443261e-05,999968029.1359055,12.99999999999999,12.903358507552323,16.74847084715829,6.1060366622275195,1.508038196389593,0,0,0,0,-1,inf,0,-1,0,0,-1,0,0,6080,1616,0,1788,0,2676,1.6780082145444806,4.071873157107122,False
lane_choice,P0,18016,40,4.0,2.0,-1.4841772517946121,-13.800125353527465,0.7112488585418857,0.27149979741639463,728500202.5836054,12.99999999999999,12.882786325056207,16.782438462261936,inf,1.5013499953110632,0,0,0,0,-1,inf,0,-1,0,0,-1,0,0,6080,1879,0,1762,0,2439,1.6347053692629792,3.9701763576992137,False
lane_choice,P1,18016,40,4.0,2.0,11.435182525296545,8.012373056845629,0.19517708609454484,8.383575704004454e-05,999916164.24296,12.99999999999999,12.910819574708963,16.753017151880435,6.1060366622275195,1.501167547298801,0,0,0,0,-1,inf,0,-1,0,0,-1,0,0,6080,1768,0,1784,0,2528,1.6347053692629792,3.9701763576992137,False
lane_choice,P2,18016,40,4.0,2.0,12.011930681626641,8.339167020023577,0.15681014940403565,3.197086409443261e-05,999968029.1359055,12.99999999999999,12.903358507552323,16.74847084715829,6.1060366622275195,1.508038196389593,0,0,0,0,-1,inf,0,-1,0,0,-1,0,0,6080,1616,0,1788,0,2676,1.6347053692629792,3.9701763576992137,False
lane_choice,P3,18016,40,4.0,2.0,12.076728932495755,9.263228055490746,0.13843144961890505,8.18915618597111e-06,999991810.8438139,12.99999999999999,12.911716648644994,16.757163456939804,6.1060366622275195,1.5028868179940864,0,0,0,0,-1,inf,0,-1,0,0,-1,0,0,6080,1729,0,1751,0,2600,1.6347053692629792,3.9701763576992137,False
lane_choice,P4,18016,40,4.0,2.0,12.011930681626641,8.339167020023577,0.15681014940403565,3.197086409443261e-05,999968029.1359055,12.99999999999999,12.903358507552323,16.74847084715829,6.1060366622275195,1.508038196389593,0,0,0,0,-1,inf,0,-1,0,0,-1,0,0,6080,1616,0,1788,0,2676,1.6347053692629792,3.9701763576992137,False
lane_choice,P0,18017,40,4.0,2.0,-1.4841772517946121,-13.800125353527465,0.7112488585418857,0.27149979741639463,728500202.5836054,12.99999999999999,12.882786325056207,16.782438462261936,inf,1.5013499953110632,0,0,0,0,-1,inf,0,-1,0,0,-1,0,0,6080,1879,0,1762,0,2439,1.7955626007843393,4.278622001865969,False
lane_choice,P1,18017,40,4.0,2.0,11.415283391778742,7.917465961148334,0.19749853001493048,9.757018575009277e-05,999902429.81425,12.999999999999991,12.91210617836171,16.755131274768452,6.1060366622275195,1.5001885304115121,0,0,0,0,-1,inf,0,-1,0,0,-1,0,0,6080,1784,0,1780,0,2516,1.7955626007843393,4.278622001865969,False
lane_choice,P2,18017,40,4.0,2.0,12.011280179544938,8.182492001612772,0.15796085111997002,3.999137683902111e-05,999960008.623161,12.99999999999999,12.905688536841826,16.74847084715829,6.1060366622275195,1.5018721618864839,0,0,0,0,-1,inf,0,-1,0,0,-1,0,0,6080,1625,0,1848,0,2607,1.7955626007843393,4.278622001865969,False
lane_choice,P3,18017,40,4.0,2.0,11.415283391778742,7.917465961148334,0.19749853001493048,9.757018575009277e-05,999902429.81425,12.999999999999991,12.91210617836171,16.755131274768452,6.1060366622275195,1.5001885304115121,0,0,0,0,-1,inf,0,-1,0,0,-1,0,0,6080,1784,0,1780,0,2516,1.7955626007843393,4.278622001865969,False
lane_choice,P4,18017,40,4.0,2.0,12.011930681626641,8.339167020023577,0.15681014940403565,3.197086409443261e-05,999968029.1359055,12.99999999999999,12.903358507552323,16.74847084715829,6.1060366622275195,1.508038196389593,0,0,0,0,-1,inf,0,-1,0,0,-1,0,0,6080,1616,0,1788,0,2676,1.7955626007843393,4.278622001865969,False
lane_choice,P0,18018,40,4.0,2.0,-1.4841772517946121,-13.800125353527465,0.7112488585418857,0.27149979741639463,728500202.5836054,12.99999999999999,12.882786325056207,16.782438462261936,inf,1.5013499953110632,0,0,0,0,-1,inf,0,-1,0,0,-1,0,0,6080,1879,0,1762,0,2439,1.7055474585671722,4.023248178788378,False
lane_choice,P1,18018,40,4.0,2.0,11.415283391778742,7.917465961148334,0.19749853001493048,9.757018575009277e-05,999902429.81425,12.999999999999991,12.91210617836171,16.755131274768452,6.1060366622275195,1.5001885304115121,0,0,0,0,-1,inf,0,-1,0,0,-1,0,0,6080,1784,0,1780,0,2516,1.7055474585671722,4.023248178788378,False
lane_choice,P2,18018,40,4.0,2.0,12.10846277555633,8.783780876789407,0.1467584698392844,1.6328797180109017e-05,999983671.2028201,12.99999999999999,12.905349679254607,16.74847084715829,6.1060366622275195,1.5010597912286787,0,0,0,0,-1,inf,0,-1,0,0,-1,0,0,6080,1617,0,1797,0,2666,1.7055474585671722,4.023248178788378,False
lane_choice,P3,18018,40,4.0,2.0,11.758934634062106,8.774627668072814,0.1643701125898196,2.2394814054187174e-05,999977605.1859459,12.999999999999993,12.90887192507583,16.752025539288738,6.1060366622275195,1.501057888153312,0,0,0,0,-1,inf,0,-1,0,0,-1,0,0,6080,1698,0,1823,0,2559,1.7055474585671722,4.023248178788378,False
lane_choice,P4,18018,40,4.0,2.0,12.011930681626641,8.339167020023577,0.15681014940403565,3.197086409443261e-05,999968029.1359055,12.99999999999999,12.903358507552323,16.74847084715829,6.1060366622275195,1.508038196389593,0,0,0,0,-1,inf,0,-1,0,0,-1,0,0,6080,1616,0,1788,0,2676,1.7055474585671722,4.023248178788378,False
lane_choice,P0,18019,40,4.0,2.0,-1.4841772517946121,-13.800125353527465,0.7112488585418857,0.27149979741639463,728500202.5836054,12.99999999999999,12.882786325056207,16.782438462261936,inf,1.5013499953110632,0,0,0,0,-1,inf,0,-1,0,0,-1,0,0,6080,1879,0,1762,0,2439,1.9187527041277277,4.411988540774969,False
lane_choice,P1,18019,40,4.0,2.0,11.415283391778742,7.917465961148334,0.19749853001493048,9.757018575009277e-05,999902429.81425,12.999999999999991,12.91210617836171,16.755131274768452,6.1060366622275195,1.5001885304115121,0,0,0,0,-1,inf,0,-1,0,0,-1,0,0,6080,1784,0,1780,0,2516,1.9187527041277277,4.411988540774969,False
lane_choice,P2,18019,40,4.0,2.0,12.008701804632036,8.229738049872287,0.15881413145339823,3.739474708985757e-05,999962605.2529103,12.999999999999991,12.904499009576284,16.74847084715829,6.1060366622275195,1.5001177930900464,0,0,0,0,-1,inf,0,-1,0,0,-1,0,0,6080,1612,0,1861,0,2607,1.9187527041277277,4.411988540774969,False
lane_choice,P3,18019,40,4.0,2.0,12.023936119321126,9.136985536205104,0.14269111116874683,1.0637499126205947e-05,999989362.5008739,12.99999999999999,12.911716648644994,16.757163456939804,6.1060366622275195,1.5028868179940864,0,0,0,0,-1,inf,0,-1,0,0,-1,0,0,6080,1729,0,1751,0,2600,1.9187527041277277,4.411988540774969,False
lane_choice,P4,18019,40,4.0,2.0,12.011930681626641,8.339167020023577,0.15681014940403565,3.197086409443261e-05,999968029.1359055,12.99999999999999,12.903358507552323,16.74847084715829,6.1060366622275195,1.508038196389593,0,0,0,0,-1,inf,0,-1,0,0,-1,0,0,6080,1616,0,1788,0,2676,1.9187527041277277,4.411988540774969,False
overtake,P0,18000,50,5.0,2.0,21.383778548358688,17.202168997219456,0.0027309201061081977,2.2052234967873237e-25,1000000000.0,44.18866666666666,44.18866666666666,4.8158907935692294,2.4603162353149206,inf,0,0,0,0,-1,inf,0,-1,1,1,1,0,0,7600,0,0,0,2807,4793,1.4516707273102452,3.403007009685906,False
overtake,P1,18000,50,5.0,2.0,21.376699042971076,17.202168997219456,0.0026971952958187288,2.202453936439761e-25,1000000000.0,44.11666666666665,44.11666666666665,4.8878236604428515,2.575418306464299,inf,0,0,0,0,-1,inf,0,-1,1,1,1,0,0,7600,0,0,0,2794,4806,1.4516707273102452,3.403007009685906,False
overtake,P2,18000,50,5.0,2.0,21.383778548358688,17.202168997219456,0.0027309201061081977,2.2052234967873237e-25,1000000000.0,44.18866666666666,44.18866666666666,4.8158907935692294,2.4603162353149206,inf,0,0,0,0,-1,inf,0,-1,1,1,1,0,0,7600,0,0,0,2807,4793,1.4516707273102452,3.403007009685906,False
overtake,P3,18000,50,5.0,2.0,21.383778548358688,17.202168997219456,0.0027309201061081977,2.2052234967873237e-25,1000000000.0,44.18866666666666,44.18866666666666,4.8158907935692294,2.4603162353149206,inf,0,0,0,0,-1,inf,0,-1,1,1,1,0,0,7600,0,0,0,2807,4793,1.4516707273102452,3.403007009685906,False
overtake,P4,18000,50,5.0,2.0,21.383778548358688,17.202168997219456,0.0027309201061081977,2.2052234967873237e-25,1000000000.0,44.18866666666666,44.18866666666666,4.8158907935692294,2.4603162353149206,inf,0,0,0,0,-1,inf,0,-1,1,1,1,0,0,7600,0,0,0,2807,4793,1.4516707273102452,3.403007009685906,False
overtake,P0,18001,50,5.0,2.0,15.468897836761416,7.434966405229318,0.07090623895127324,6.935645647812244e-05,999930643.5435219,43.93000000000001,43.90609665783984,5.352480912595609,inf,inf,0,0,0,0,-1,inf,0,-1,0,0,-1,0,0,7600,2793,0,0,1318,3489,1.5677724052461477,3.634384014293982,False
overtake,P1,18001,50,5.0,2.0,18.854659844999276,14.901197216262958,0.005798416063663733,3.7788276314012427e-16,999999999.9999996,43.84000000000001,43.81614665321038,5.325847303324318,3.3406784468899686,inf,0,0,0,0,-1,inf,0,-1,0,0,-1,0,0,7600,2790,0,0,1341,3469,1.5677724052461477,3.634384014293982,False
overtake,P2,18001,50,5.0,2.0,18.819325999764157,14.893355307006791,0.005843284721666273,3.993081196688181e-16,999999999.9999995,43.84333333333335,43.819478134863324,5.322630195859717,3.381680665232822,inf,0,0,0,0,-1,inf,0,-1,0,0,-1,0,0,7600,2781,0,0,1326,3493,1.5677724052461477,3.634384014293982,False
overtake,P3,18001,50,5.0,2.0,18.819325999764157,14.893355307006791,0.005843284721666273,3.993081196688181e-16,999999999.9999995,43.84333333333335,43.819478134863324,5.322630195859717,3.381680665232822,inf,0,0,0,0,-1,inf,0,-1,0,0,-1,0,0,7600,2781,0,0,1326,3493,1.5677724052461477,3.634384014293982,False
overtake,P4,18001,50,5.0,2.0,18.83285778389213,15.031347423223549,0.005737775264439232,1.4742684033532982e-16,999999999.9999999,43.78333333333335,43.75951146511036,5.380559779238999,3.4790234326638427,inf,0,0,0,0,-1,inf,0,-1,0,0,-1,0,0,7600,2773,0,0,1321,3506,1.5677724052461477,3.634384014293982,False
overtake,P0,18002,50,5.0,2.0,21.506912318862234,17.202168997219456,0.002652229827933099,2.1936506509404666e-25,1000000000.0,44.35466666666667,44.35466666666667,4.650053490973857,2.646664625241516,inf,0,0,0,0,-1,inf,0,-1,1,1,1,0,0,7600,0,0,0,2911,4689,1.4423394228599105,3.3156939166448494,False
overtake,P1,18002,50,5.0,2.0,21.50811172325614,17.202168997219456,0.002617712195551505,2.185233249443347e-25,1000000000.0,44.19333333333333,44.19333333333333,4.811228547427868,2.6324053518056965,inf,0,0,0,0,-1,inf,0,-1,1,1,1,0,0,7600,0,0,0,2856,4744,1.4423394228599105,3.3156939166448494,False
overtake,P2,18002,50,5.0,2.0,21.506912318862234,17.202168997219456,0.002652229827933099,2.1936506509404666e-25,1000000000.0,44.35466666666667,44.35466666666667,4.650053490973857,2.646664625241516,inf,0,0,0,0,-1,inf,0,-1,1,1,1,0,0,7600,0,0,0,2911,4689,1.4423394228599105,3.3156939166448494,False
overtake,P3,18002,50,5.0,2.0,21.506912318862234,17.202168997219456,0.002652229827933099,2.1936506509404666e-25,1000000000.0,44.35466666666667,44.35466666666667,4.650053490973857,2.646664625241516,inf,0,0,0,0,-1,inf,0,-1,1,1,1,0,0,7600,0,0,0,2911,4689,1.4423394228599105,3.3156939166448494,False
overtake,P4,18002,50,5.0,2.0,21.506912318862234,17.202168997219456,0.002652229827933099,2.1936506509404666e-25,1000000000.0,44.35466666666667,44.35466666666667,4.650053490973857,2.646664625241516,inf,0,0,0,0,-1,inf,0,-1,1,1,1,0,0,7600,0,0,0,2911,4689,1.4423394228599105,3.3156939166448494,False
overtake,P0,18003,50,5.0,2.0,21.168689685558192,17.202168997219456,0.002916863927407963,2.226414055549864e-25,1000000000.0,44.29966666666666,44.29966666666666,4.704998314089484,2.5445119816196327,inf,0,0,0,0,-1,inf,0,-1,1,1,1,0,0,7600,0,0,0,2625,4975,1.575025202461816,3.653052009328545,False
overtake,P1,18003,50,5.0,2.0,21.272666271920446,17.202168997219456,0.0027971175773544303,2.222258473811989e-25,1000000000.0,44.25,44.25,4.75461625067054,2.538476734825505,inf,0,0,0,0,-1,inf,0,-1,1,1,1,0,0,7600,0,0,0,2618,4982,1.575025202461816,3.653052009328545,False
overtake,P2,18003,50,5.0,2.0,21.168689685558192,17.202168997219456,0.002916863927407963,2.226414055549864e-25,1000000000.0,44.29966666666666,44.29966666666666,4.704998314089484,2.5445119816196327,inf,0,0,0,0,-1,inf,0,-1,1,1,1,0,0,7600,0,0,0,2625,4975,1.575025202461816,3.653052009328545,False
overtake,P3,18003,50,5.0,2.0,21.168689685558192,17.202168997219456,0.002916863927407963,2.226414055549864e-25,1000000000.0,44.29966666666666,44.29966666666666,4.704998314089484,2.5445119816196327,inf,0,0,0,0,-1,inf,0,-1,1,1,1,0,0,7600,0,0,0,2625,4975,1.575025202461816,3.653052009328545,False
overtake,P4,18003,50,5.0,2.0,21.168689685558192,17.202168997219456,0.002916863927407963,2.226414055549864e-25,1000000000.0,44.29966666666666,44.29966666666666,4.704998314089484,2.5445119816196327,inf,0,0,0,0,-1,inf,0,-1,1,1,1,0,0,7600,0,0,0,2625,4975,1.575025202461816,3.653052009328545,False
overtake,P0,18004,50,5.0,2.0,21.449930618882835,17.202168997219456,0.002694782533095632,2.1928330591893294e-25,1000000000.0,44.41899999999999,44.41899999999999,4.585786376526983,2.624403134561198,inf,0,0,0,0,-1,inf,0,-1,1,1,1,0,0,7600,0,0,0,2854,4746,1.5074378329351503,3.483138543597475,False
overtake,P1,18004,50,5.0,2.0,21.44001539474518,17.202168997219456,0.0026542900367891027,2.185849447168334e-25,1000000000.0,44.233333333333334,44.233333333333334,4.771266792189626,2.7990316714494217,inf,0,0,0,0,-1,inf,0,-1,1,1,1,0,0,7600,0,0,0,2782,4818,1.5074378329351503,3.483138543597475,False
overtake,P2,18004,50,5.0,2.0,21.449930618882835,17.202168997219456,0.002694782533095632,2.1928330591893294e-25,1000000000.0,44.41899999999999,44.41899999999999,4.585786376526983,2.624403134561198,inf,0,0,0,0,-1,inf,0,-1,1,1,1,0,0,7600,0,0,0,2854,4746,1.5074378329351503,3.483138543597475,False
overtake,P3,18004,50,5.0,2.0,21.449930618882835,17.202168997219456,0.002694782533095632,2.1928330591893294e-25,1000000000.0,44.41899999999999,44.41899999999999,4.585786376526983,2.624403134561198,inf,0,0,0,0,-1,inf,0,-1,1,1,1,0,0,7600,0,0,0,2854,4746,1.5074378329351503,3.483138543597475,False
overtake,P4,18004,50,5.0,2.0,21.443921384299973,17.202168997219456,0.0026952734140869533,2.1928330591893294e-25,1000000000.0,44.39699999999999,44.39699999999999,4.607763523786834,2.653118279448229,inf,0,0,0,0,-1,inf,0,-1,1,1,1,0,0,7600,0,0,0,2842,4758,1.5074378329351503,3.483138543597475,False
overtake,P0,18005,50,5.0,2.0,21.456086140164373,17.202168997219456,0.0026876000317612825,2.1977860412891548e-25,1000000000.0,44.22933333333332,44.22933333333332,4.765201408654443,2.336336589485354,inf,0,0,0,0,-1,inf,0,-1,1,1,1,0,0,7600,0,0,0,2836,4764,1.5839741794675855,3.6842816811776005,False
overtake,P1,18005,50,5.0,2.0,21.397972842305936,17.202168997219456,0.002639698166479069,2.185109857074795e-25,1000000000.0,44.02,44.02,4.984403243231866,2.6036558490826716,inf,0,0,0,0,-1,inf,0,-1,1,1,1,0,0,7600,0,0,0,2742,4858,1.5839741794675855,3.6842816811776005,False
overtake,P2,18005,50,5.0,2.0,21.456086140164373,17.202168997219456,0.0026876000317612825,2.1977860412891548e-25,1000000000.0,44.22933333333332,44.22933333333332,4.765201408654443,2.336336589485354,inf,0,0,0,0,-1,inf,0,-1,1,1,1,0,0,7600,0,0,0,2836,4764,1.5839741794675855,3.6842816811776005,False
overtake,P3,18005,50,5.0,2.0,21.456086140164373,17.202168997219456,0.0026876000317612825,2.1977860412891548e-25,1000000000.0,44.22933333333332,44.22933333333332,4.765201408654443,2.336336589485354,inf,0,0,0,0,-1,inf,0,-1,1,1,1,0,0,7600,0,0,0,2836,4764,1.5839741794675855,3.6842816811776005,False
overtake,P4,18005,50,5.0,2.0,21.472408633792785,17.202168997219456,0.0026867431273941765,2.1977860412891548e-25,1000000000.0,44.21166666666666,44.21051264976338,4.7785183685296895,2.363168490250611,inf,0,0,0,0,-1,inf,0,-1,1,1,1,0,0,7600,47,0,0,2801,4752,1.5839741794675855,3.6842816811776005,False
overtake,P0,18006,50,5.0,2.0,15.2666579149898,6.524555437066137,0.08905636995945693,0.00022714626141368883,999772853.7385864,44.09999999999999,44.076002222139905,5.192842201910534,inf,inf,0,0,0,0,-1,inf,0,-1,0,0,-1,0,0,7600,2816,0,0,1359,3425,1.4583197248035022,3.4401273993514216,False
overtake,P1,18006,50,5.0,2.0,15.372756570052013,7.072303964220655,0.07997851971898699,0.00011978882865352282,999880211.1713464,43.99999999999999,43.97605777255162,5.286669084396906,inf,inf,0,0,0,0,-1,inf,0,-1,0,0,-1,0,0,7600,2806,0,0,1342,3452,1.4583197248035022,3.4401273993514216,False
overtake,P2,18006,50,5.0,2.0,15.2666579149898,6.524555437066137,0.08905636995945693,0.00022714626141368883,999772853.7385864,44.09999999999999,44.076002222139905,5.192842201910534,inf,inf,0,0,0,0,-1,inf,0,-1,0,0,-1,0,0,7600,2816,0,0,1359,3425,1.4583197248035022,3.4401273993514216,False
overtake,P3,18006,50,5.0,2.0,15.2666579149898,6.524555437066137,0.08905636995945693,0.00022714626141368883,999772853.7385864,44.09999999999999,44.076002222139905,5.192842201910534,inf,inf,0,0,0,0,-1,inf,0,-1,0,0,-1,0,0,7600,2816,0,0,1359,3425,1.4583197248035022,3.4401273993514216,False
overtake,P4,18006,50,5.0,2.0,15.2666579149898,6.524555437066137,0.08905636995945693,0.00022714626141368883,999772853.7385864,44.09999999999999,44.076002222139905,5.192842201910534,inf,inf,0,0,0,0,-1,inf,0,-1,0,0,-1,0,0,7600,2816,0,0,1359,3425,1.4583197248035022,3.4401273993514216,False
overtake,P0,18007,50,5.0,2.0,20.848868456979595,17.202168997219456,0.0031840268111870086,2.3119590817412726e-25,1000000000.0,43.874999999999986,43.874999999999986,5.12927876910005,2.5864793792768954,inf,0,0,0,0,-1,inf,0,-1,1,1,1,0,0,7600,0,0,0,2511,5089,1.6001027990071197,3.6571419502826235,False
overtake,P1,18007,50,5.0,2.0,20.94558415061159,17.202168997219456,0.003038947614823549,2.3017939414958493e-25,1000000000.0,43.84999999999998,43.84999999999998,5.1542580155770805,2.8204183064643065,inf,0,0,0,0,-1,inf,0,-1,1,1,1,0,0,7600,0,0,0,2544,5056,1.6001027990071197,3.6571419502826235,False
overtake,P2,18007,50,5.0,2.0,20.848868456979595,17.202168997219456,0.0031840268111870086,2.3119590817412726e-25,1000000000.0,43.874999999999986,43.874999999999986,5.12927876910005,2.5864793792768954,inf,0,0,0,0,-1,inf,0,-1,1,1,1,0,0,7600,0,0,0,2511,5089,1.6001027990071197,3.6571419502826235,False
overtake,P3,18007,50,5.0,2.0,20.848868456979595,17.202168997219456,0.0031840268111870086,2.3119590817412726e-25,1000000000.0,43.874999999999986,43.874999999999986,5.12927876910005,2.5864793792768954,inf,0,0,0,0,-1,inf,0,-1,1,1,1,0,0,7600,0,0,0,2511,5089,1.6001027990071197,3.6571419502826235,False
overtake,P4,18007,50,5.0,2.0,20.848868456979595,17.202168997219456,0.0031840268111870086,2.3119590817412726e-25,1000000000.0,43.874999999999986,43.874999999999986,5.12927876910005,2.5864793792768954,inf,0,0,0,0,-1,inf,0,-1,1,1,1,0,0,7600,0,0,0,2511,5089,1.6001027990071197,3.6571419502826235,False
overtake,P0,18008,50,5.0,2.0,21.333782993658165,17.202168997219456,0.002769648715973579,2.1996750942279986e-25,1000000000.0,44.337333333333326,44.337333333333326,4.667369294965301,2.4881895678537567,inf,0,0,0,0,-1,inf,0,-1,1,1,1,0,0,7600,0,0,0,2815,4785,1.495178447141409,3.5292063009751473,False
overtake,P1,18008,50,5.0,2.0,21.352417038056018,17.202168997219456,0.002694671254345172,2.1889376774245406e-25,1000000000.0,44.06999999999999,44.06999999999999,4.934447860818923,2.6161412747388373,inf,0,0,0,0,-1,inf,0,-1,1,1,1,0,0,7600,0,0,0,2706,4894,1.495178447141409,3.5292063009751473,False
overtake,P2,18008,50,5.0,2.0,21.333782993658165,17.202168997219456,0.002769648715973579,2.1996750942279986e-25,1000000000.0,44.337333333333326,44.337333333333326,4.667369294965301,2.4881895678537567,inf,0,0,0,0,-1,inf,0,-1,1,1,1,0,0,7600,0,0,0,2815,4785,1.495178447141409,3.5292063009751473,False
overtake,P3,18008,50,5.0,2.0,21.333782993658165,17.202168997219456,0.002769648715973579,2.1996750942279986e-25,1000000000.0,44.337333333333326,44.337333333333326,4.667369294965301,2.4881895678537567,inf,0,0,0,0,-1,inf,0,-1,1,1,1,0,0,7600,0,0,0,2815,4785,1.495178447141409,3.5292063009751473,False
overtake,P4,18008,50,5.0,2.0,21.333782993658165,17.202168997219456,0.002769648715973579,2.1996750942279986e-25,1000000000.0,44.337333333333326,44.337333333333326,4.667369294965301,2.4881895678537567,inf,0,0,0,0,-1,inf,0,-1,1,1,1,0,0,7600,0,0,0,2815,4785,1.495178447141409,3.5292063009751473,False
overtake,P0,18009,50,5.0,2.0,21.234821499744044,17.202168997219456,0.0028621758957133375,2.2261979615830933e-25,1000000000.0,44.274,44.274,4.73063967039769,2.3696965319293053,inf,0,0,0,0,-1,inf,0,-1,1,1,1,0,0,7600,0,0,0,2817,4783,1.44530639053548,3.4426399276141115,False
overtake,P1,18009,50,5.0,2.0,21.18982323646154,17.202168997219456,0.002797580663701117,2.2222584738086975e-25,1000000000.0,43.92000000000001,43.92000000000001,5.084316639543636,2.8244035325935517,inf,0,0,0,0,-1,inf,0,-1,1,1,1,0,0,7600,0,0,0,2673,4927,1.44530639053548,3.4426399276141115,False
overtake,P2,18009,50,5.0,2.0,21.234821499744044,17.202168997219456,0.0028621758957133375,2.2261979615830933e-25,1000000000.0,44.274,44.274,4.73063967039769,2.3696965319293053,inf,0,0,0,0,-1,inf,0,-1,1,1,1,0,0,7600,0,0,0,2817,4783,1.44530639053548,3.4426399276141115,False
overtake,P3,18009,50,5.0,2.0,21.234821499744044,17.202168997219456,0.0028621758957133375,2.2261979615830933e-25,1000000000.0,44.274,44.274,4.73063967039769,2.3696965319293053,inf,0,0,0,0,-1,inf,0,-1,1,1,1,0,0,7600,0,0,0,2817,4783,1.44530639053548,3.4426399276141115,False
overtake,P4,18009,50,5.0,2.0,21.234821499744044,17.202168997219456,0.0028621758957133375,2.2261979615830933e-25,1000000000.0,44.274,44.274,4.73063967039769,2.3696965319293053,inf,0,0,0,0,-1,inf,0,-1,1,1,1,0,0,7600,0,0,0,2817,4783,1.44530639053548,3.4426399276141115,False
overtake,P0,18010,50,5.0,2.0,21.441369204030078,17.202168997219456,0.0027245318396927477,2.196574135562747e-25,1000000000.0,44.378333333333345,44.378333333333345,4.626410970603244,2.5064133909898354,inf,0,0,0,0,-1,inf,0,-1,1,1,1,0,0,7600,0,0,0,2743,4857,1.5503232400201565,3.5430527539709056,False
overtake,P1,18010,50,5.0,2.0,21.391616469167825,17.202168997219456,0.002650605562871345,2.1851098582682346e-25,1000000000.0,44.010000000000005,44.010000000000005,4.99439442686902,2.7320261487997617,inf,0,0,0,0,-1,inf,0,-1,1,1,1,0,0,7600,0,0,0,2602,4998,1.5503232400201565,3.5430527539709056,False
overtake,P2,18010,50,5.0,2.0,21.441369204030078,17.202168997219456,0.0027245318396927477,2.196574135562747e-25,1000000000.0,44.378333333333345,44.378333333333345,4.626410970603244,2.5064133909898354,inf,0,0,0,0,-1,inf,0,-1,1,1,1,0,0,7600,0,0,0,2743,4857,1.5503232400201565,3.5430527539709056,False
overtake,P3,18010,50,5.0,2.0,21.441369204030078,17.202168997219456,0.0027245318396927477,2.196574135562747e-25,1000000000.0,44.378333333333345,44.378333333333345,4.626410970603244,2.5064133909898354,inf,0,0,0,0,-1,inf,0,-1,1,1,1,0,0,7600,0,0,0,2743,4857,1.5503232400201565,3.5430527539709056,False
overtake,P4,18010,50,5.0,2.0,21.441369204030078,17.202168997219456,0.0027245318396927477,2.196574135562747e-25,1000000000.0,44.378333333333345,44.378333333333345,4.626410970603244,2.5064133909898354,inf,0,0,0,0,-1,inf,0,-1,1,1,1,0,0,7600,0,0,0,2743,4857,1.5503232400201565,3.5430527539709056,False
overtake,P0,18011,50,5.0,2.0,21.352737987354523,17.202168997219456,0.002717937029876218,2.186332301133828e-25,1000000000.0,44.264999999999986,44.264999999999986,4.739630860219022,2.6498747307927,inf,0,0,0,0,-1,inf,0,-1,1,1,1,0,0,7600,0,0,0,2785,4815,1.4455069739013684,3.357656235433052,False
overtake,P1,18011,50,5.0,2.0,21.28561133560722,17.202168997219456,0.0027278029852017254,2.185112169937554e-25,1000000000.0,44.1,44.1,4.904475067847768,2.8053537488540417,inf,0,0,0,0,-1,inf,0,-1,1,1,1,0,0,7600,0,0,0,2722,4878,1.4455069739013684,3.357656235433052,False
overtake,P2,18011,50,5.0,2.0,21.352737987354523,17.202168997219456,0.002717937029876218,2.186332301133828e-25,1000000000.0,44.264999999999986,44.264999999999986,4.739630860219022,2.6498747307927,inf,0,0,0,0,-1,inf,0,-1,1,1,1,0,0,7600,0,0,0,2785,4815,1.4455069739013684,3.357656235433052,False
overtake,P3,18011,50,5.0,2.0,21.352737987354523,17.202168997219456,0.002717937029876218,2.186332301133828e-25,1000000000.0,44.264999999999986,44.264999999999986,4.739630860219022,2.6498747307927,inf,0,0,0,0,-1,inf,0,-1,1,1,1,0,0,7600,0,0,0,2785,4815,1.4455069739013684,3.357656235433052,False
overtake,P4,18011,50,5.0,2.0,21.352737987354523,17.202168997219456,0.002717937029876218,2.186332301133828e-25,1000000000.0,44.264999999999986,44.264999999999986,4.739630860219022,2.6498747307927,inf,0,0,0,0,-1,inf,0,-1,1,1,1,0,0,7600,0,0,0,2785,4815,1.4455069739013684,3.357656235433052,False
overtake,P0,18012,50,5.0,2.0,21.252373388418942,17.202168997219456,0.002859345354856443,2.213234625503364e-25,1000000000.0,44.216666666666676,44.216666666666676,4.787917445917178,2.5223709548712083,inf,0,0,0,0,-1,inf,0,-1,1,1,1,0,0,7600,0,0,0,2867,4733,1.39957308042706,3.302661912900067,False
overtake,P1,18012,50,5.0,2.0,21.187555373884607,17.202168997219456,0.00284544494603824,2.212620647264391e-25,1000000000.0,43.90999999999999,43.90999999999999,5.094308166094832,2.60032158986731,inf,0,0,0,0,-1,inf,0,-1,1,1,1,0,0,7600,0,0,0,2757,4843,1.39957308042706,3.302661912900067,False
overtake,P2,18012,50,5.0,2.0,21.252373388418942,17.202168997219456,0.002859345354856443,2.213234625503364e-25,1000000000.0,44.216666666666676,44.216666666666676,4.787917445917178,2.5223709548712083,inf,0,0,0,0,-1,inf,0,-1,1,1,1,0,0,7600,0,0,0,2867,4733,1.39957308042706,3.302661912900067,False
overtake,P3,18012,50,5.0,2.0,21.252373388418942,17.202168997219456,0.002859345354856443,2.213234625503364e-25,1000000000.0,44.216666666666676,44.216666666666676,4.787917445917178,2.5223709548712083,inf,0,0,0,0,-1,inf,0,-1,1,1,1,0,0,7600,0,0,0,2867,4733,1.39957308042706,3.302661912900067,False
overtake,P4,18012,50,5.0,2.0,21.24579319796283,17.202168997219456,0.002859907906569221,2.213234625503364e-25,1000000000.0,44.188333333333325,44.188333333333325,4.816223811478404,2.5223709548712083,inf,0,0,0,0,-1,inf,0,-1,1,1,1,0,0,7600,0,0,0,2861,4739,1.39957308042706,3.302661912900067,False
overtake,P0,18013,50,5.0,2.0,21.435410019260324,17.202168997219456,0.00268996326419931,2.1981081509910172e-25,1000000000.0,44.330333333333314,44.330333333333314,4.674362252641352,2.661708917311433,inf,0,0,0,0,-1,inf,0,-1,1,1,1,0,0,7600,0,0,0,2763,4837,1.5979627473050255,3.6208002426905805,False
overtake,P1,18013,50,5.0,2.0,21.460645409174514,17.202168997219456,0.0026065229813669556,2.185109841584627e-25,1000000000.0,44.069999999999986,44.069999999999986,4.93444786081893,2.681532627291063,inf,0,0,0,0,-1,inf,0,-1,1,1,1,0,0,7600,0,0,0,2674,4926,1.5979627473050255,3.6208002426905805,False
overtake,P2,18013,50,5.0,2.0,21.435410019260324,17.202168997219456,0.00268996326419931,2.1981081509910172e-25,1000000000.0,44.330333333333314,44.330333333333314,4.674362252641352,2.661708917311433,inf,0,0,0,0,-1,inf,0,-1,1,1,1,0,0,7600,0,0,0,2763,4837,1.5979627473050255,3.6208002426905805,False
overtake,P3,18013,50,5.0,2.0,21.435410019260324,17.202168997219456,0.00268996326419931,2.1981081509910172e-25,1000000000.0,44.330333333333314,44.330333333333314,4.674362252641352,2.661708917311433,inf,0,0,0,0,-1,inf,0,-1,1,1,1,0,0,7600,0,0,0,2763,4837,1.5979627473050255,3.6208002426905805,False
overtake,P4,18013,50,5.0,2.0,21.435410019260324,17.202168997219456,0.00268996326419931,2.1981081509910172e-25,1000000000.0,44.330333333333314,44.330333333333314,4.674362252641352,2.661708917311433,inf,0,0,0,0,-1,inf,0,-1,1,1,1,0,0,7600,0,0,0,2763,4837,1.5979627473050255,3.6208002426905805,False
overtake,P0,18014,50,5.0,2.0,21.468432267918686,17.202168997219456,0.002647962523183796,2.195244071524775e-25,1000000000.0,44.31033333333331,44.31033333333331,4.694342247385147,2.628420209212335,inf,0,0,0,0,-1,inf,0,-1,1,1,1,0,0,7600,0,0,0,2848,4752,1.5711927774221415,3.5535684128941183,False
overtake,P1,18014,50,5.0,2.0,21.34224466368138,17.202168997219456,0.0026633819829028254,2.1851119143354523e-25,1000000000.0,44.00999999999997,44.00999999999997,4.994394426869055,2.763350809109249,inf,0,0,0,0,-1,inf,0,-1,1,1,1,0,0,7600,0,0,0,2694,4906,1.5711927774221415,3.5535684128941183,False
overtake,P2,18014,50,5.0,2.0,21.468432267918686,17.202168997219456,0.002647962523183796,2.195244071524775e-25,1000000000.0,44.31033333333331,44.31033333333331,4.694342247385147,2.628420209212335,inf,0,0,0,0,-1,inf,0,-1,1,1,1,0,0,7600,0,0,0,2848,4752,1.5711927774221415,3.5535684128941183,False
overtake,P3,18014,50,5.0,2.0,21.468432267918686,17.202168997219456,0.002647962523183796,2.195244071524775e-25,1000000000.0,44.31033333333331,44.31033333333331,4.694342247385147,2.628420209212335,inf,0,0,0,0,-1,inf,0,-1,1,1,1,0,0,7600,0,0,0,2848,4752,1.5711927774221415,3.5535684128941183,False
overtake,P4,18014,50,5.0,2.0,21.465495266031688,17.202168997219456,0.002648174081077477,2.195244071524775e-25,1000000000.0,44.29366666666666,44.29366666666666,4.710992372694408,2.6722356183049376,inf,0,0,0,0,-1,inf,0,-1,1,1,1,0,0,7600,0,0,0,2844,4756,1.5711927774221415,3.5535684128941183,False
overtake,P0,18015,50,5.0,2.0,21.406508077437852,17.202168997219456,0.0027281537859032688,2.193130678723683e-25,1000000000.0,44.33499999999999,44.33499999999999,4.669700278512584,2.4212845150917373,inf,0,0,0,0,-1,inf,0,-1,1,1,1,0,0,7600,0,0,0,2791,4809,1.3831261568406676,3.283636133609215,False
overtake,P1,18015,50,5.0,2.0,21.39027422893581,17.202168997219456,0.002681201983189958,2.185109858349406e-25,1000000000.0,44.21999999999999,44.21999999999999,4.784587306251236,2.5264983314969953,inf,0,0,0,0,-1,inf,0,-1,1,1,1,0,0,7600,0,0,0,2747,4853,1.3831261568406676,3.283636133609215,False
overtake,P2,18015,50,5.0,2.0,21.406508077437852,17.202168997219456,0.0027281537859032688,2.193130678723683e-25,1000000000.0,44.33499999999999,44.33499999999999,4.669700278512584,2.4212845150917373,inf,0,0,0,0,-1,inf,0,-1,1,1,1,0,0,7600,0,0,0,2791,4809,1.3831261568406676,3.283636133609215,False
overtake,P3,18015,50,5.0,2.0,21.406508077437852,17.202168997219456,0.0027281537859032688,2.193130678723683e-25,1000000000.0,44.33499999999999,44.33499999999999,4.669700278512584,2.4212845150917373,inf,0,0,0,0,-1,inf,0,-1,1,1,1,0,0,7600,0,0,0,2791,4809,1.3831261568406676,3.283636133609215,False
overtake,P4,18015,50,5.0,2.0,21.406508077437852,17.202168997219456,0.0027281537859032688,2.193130678723683e-25,1000000000.0,44.33499999999999,44.33499999999999,4.669700278512584,2.4212845150917373,inf,0,0,0,0,-1,inf,0,-1,1,1,1,0,0,7600,0,0,0,2791,4809,1.3831261568406676,3.283636133609215,False
overtake,P0,18016,50,5.0,2.0,21.378495154288835,17.202168997219456,0.0027068440589356115,2.1959881623381667e-25,1000000000.0,44.285000000000004,44.285000000000004,4.7196504840020035,2.771506746996335,inf,0,0,0,0,-1,inf,0,-1,1,1,1,0,0,7600,0,0,0,2852,4748,1.372043976846025,3.332764882037368,False
overtake,P1,18016,50,5.0,2.0,21.214904570068366,17.202168997219456,0.002732061359742821,2.185111938398582e-25,1000000000.0,44.01999999999999,44.01999999999999,4.98440324323188,2.885820008096128,inf,0,0,0,0,-1,inf,0,-1,1,1,1,0,0,7600,0,0,0,2677,4923,1.372043976846025,3.332764882037368,False
overtake,P2,18016,50,5.0,2.0,21.378495154288835,17.202168997219456,0.0027068440589356115,2.1959881623381667e-25,1000000000.0,44.285000000000004,44.285000000000004,4.7196504840020035,2.771506746996335,inf,0,0,0,0,-1,inf,0,-1,1,1,1,0,0,7600,0,0,0,2852,4748,1.372043976846025,3.332764882037368,False
overtake,P3,18016,50,5.0,2.0,21.378495154288835,17.202168997219456,0.0027068440589356115,2.1959881623381667e-25,1000000000.0,44.285000000000004,44.285000000000004,4.7196504840020035,2.771506746996335,inf,0,0,0,0,-1,inf,0,-1,1,1,1,0,0,7600,0,0,0,2852,4748,1.372043976846025,3.332764882037368,False
overtake,P4,18016,50,5.0,2.0,21.379801009669805,17.202168997219456,0.0027067910655684774,2.1959881623381667e-25,1000000000.0,44.29966666666666,44.29966666666666,4.704998314089484,2.7626856466954517,inf,0,0,0,0,-1,inf,0,-1,1,1,1,0,0,7600,0,0,0,2858,4742,1.372043976846025,3.332764882037368,False
overtake,P0,18017,50,5.0,2.0,15.181608739733706,6.729581467802923,0.09227645761455922,0.00018726119940851515,999812738.8005916,44.06333333333334,44.03935592395754,5.22721881426235,4.4889388840767355,inf,0,0,0,0,-1,inf,0,-1,0,0,-1,0,0,7600,2822,0,0,1351,3427,1.506076534190226,3.535215756525818,False
overtake,P1,18017,50,5.0,2.0,15.258104539774397,7.072303964220648,0.08520490943951063,0.00012159206483963065,999878407.9351604,43.99999999999997,43.97605777255162,5.286669084396907,4.4889388840767355,inf,0,0,0,0,-1,inf,0,-1,0,0,-1,0,0,7600,2817,0,0,1338,3445,1.506076534190226,3.535215756525818,False
overtake,P2,18017,50,5.0,2.0,15.181608739733706,6.729581467802923,0.09227645761455922,0.00018726119940851515,999812738.8005916,44.06333333333334,44.03935592395754,5.22721881426235,4.4889388840767355,inf,0,0,0,0,-1,inf,0,-1,0,0,-1,0,0,7600,2822,0,0,1351,3427,1.506076534190226,3.535215756525818,False
overtake,P3,18017,50,5.0,2.0,15.181608739733706,6.729581467802923,0.09227645761455922,0.00018726119940851515,999812738.8005916,44.06333333333334,44.03935592395754,5.22721881426235,4.4889388840767355,inf,0,0,0,0,-1,inf,0,-1,0,0,-1,0,0,7600,2822,0,0,1351,3427,1.506076534190226,3.535215756525818,False
overtake,P4,18017,50,5.0,2.0,15.181608739733706,6.729581467802923,0.09227645761455922,0.00018726119940851515,999812738.8005916,44.06333333333334,44.03935592395754,5.22721881426235,4.4889388840767355,inf,0,0,0,0,-1,inf,0,-1,0,0,-1,0,0,7600,2822,0,0,1351,3427,1.506076534190226,3.535215756525818,False
overtake,P0,18018,50,5.0,2.0,21.35195047577279,17.202168997219456,0.002735599349562912,2.193555410105816e-25,1000000000.0,44.25333333333334,44.25333333333334,4.751286155935547,2.434233952812784,inf,0,0,0,0,-1,inf,0,-1,1,1,1,0,0,7600,0,0,0,2699,4901,1.4392811113434063,3.353673517364498,False
overtake,P1,18018,50,5.0,2.0,21.511534663608234,17.202168997219456,0.0026280373096551797,2.1851098583445467e-25,1000000000.0,44.269999999999996,44.269999999999996,4.734635750629653,2.547955951289562,inf,0,0,0,0,-1,inf,0,-1,1,1,1,0,0,7600,0,0,0,2756,4844,1.4392811113434063,3.353673517364498,False
overtake,P2,18018,50,5.0,2.0,21.35195047577279,17.202168997219456,0.002735599349562912,2.193555410105816e-25,1000000000.0,44.25333333333334,44.25333333333334,4.751286155935547,2.434233952812784,inf,0,0,0,0,-1,inf,0,-1,1,1,1,0,0,7600,0,0,0,2699,4901,1.4392811113434063,3.353673517364498,False
overtake,P3,18018,50,5.0,2.0,21.35195047577279,17.202168997219456,0.002735599349562912,2.193555410105816e-25,1000000000.0,44.25333333333334,44.25333333333334,4.751286155935547,2.434233952812784,inf,0,0,0,0,-1,inf,0,-1,1,1,1,0,0,7600,0,0,0,2699,4901,1.4392811113434063,3.353673517364498,False
overtake,P4,18018,50,5.0,2.0,21.345786437133807,17.202168997219456,0.002736105535656831,2.193555410105816e-25,1000000000.0,44.228,44.228,4.776594989230337,2.4946167180428853,inf,0,0,0,0,-1,inf,0,-1,1,1,1,0,0,7600,0,0,0,2685,4915,1.4392811113434063,3.353673517364498,False
overtake,P0,18019,50,5.0,2.0,21.184927312936402,17.202168997219456,0.002821836286956621,2.198517808177698e-25,1000000000.0,44.093999999999966,44.093999999999966,4.910469599859133,2.756991771299958,inf,0,0,0,0,-1,inf,0,-1,1,1,1,0,0,7600,0,0,0,2645,4955,1.5919385840837919,3.558993198263274,False
overtake,P1,18019,50,5.0,2.0,21.34608893660665,17.202168997219456,0.00265885521025683,2.1851098571339198e-25,1000000000.0,43.95999999999999,43.95999999999999,5.044350869154575,2.8057103593260835,inf,0,0,0,0,-1,inf,0,-1,1,1,1,0,0,7600,0,0,0,2630,4970,1.5919385840837919,3.558993198263274,False
overtake,P2,18019,50,5.0,2.0,21.184927312936402,17.202168997219456,0.002821836286956621,2.198517808177698e-25,1000000000.0,44.093999999999966,44.093999999999966,4.910469599859133,2.756991771299958,inf,0,0,0,0,-1,inf,0,-1,1,1,1,0,0,7600,0,0,0,2645,4955,1.5919385840837919,3.558993198263274,False
overtake,P3,18019,50,5.0,2.0,21.184927312936402,17.202168997219456,0.002821836286956621,2.198517808177698e-25,1000000000.0,44.093999999999966,44.093999999999966,4.910469599859133,2.756991771299958,inf,0,0,0,0,-1,inf,0,-1,1,1,1,0,0,7600,0,0,0,2645,4955,1.5919385840837919,3.558993198263274,False
overtake,P4,18019,50,5.0,2.0,21.184927312936402,17.202168997219456,0.002821836286956621,2.198517808177698e-25,1000000000.0,44.093999999999966,44.093999999999966,4.910469599859133,2.756991771299958,inf,0,0,0,0,-1,inf,0,-1,1,1,1,0,0,7600,0,0,0,2645,4955,1.5919385840837919,3.558993198263274,False
intersection_turn,P0,18000,50,5.0,2.0,18.42561782223276,14.72403780401211,0.0095987691990308,2.2614855272116717e-15,999999999.9999979,42.10833333333333,42.10833333333333,5.945732596670589,3.9550147740798045,inf,0,0,0,0,-1,inf,0,-1,0,0,-1,0,0,7600,0,0,0,2626,4974,1.414579135854445,3.242358271038134,False
intersection_turn,P1,18000,50,5.0,2.0,18.42533367411457,14.72403780401211,0.009599072282411723,2.2614855272116717e-15,999999999.9999979,42.16,42.16,5.8945398463323695,3.9550147740798045,inf,0,0,0,0,-1,inf,0,-1,0,0,-1,0,0,7600,0,0,0,2636,4964,1.414579135854445,3.242358271038134,False
intersection_turn,P2,18000,50,5.0,2.0,18.42561782223276,14.72403780401211,0.0095987691990308,2.2614855272116717e-15,999999999.9999979,42.10833333333333,42.10833333333333,5.945732596670589,3.9550147740798045,inf,0,0,0,0,-1,inf,0,-1,0,0,-1,0,0,7600,0,0,0,2626,4974,1.414579135854445,3.242358271038134,False
intersection_turn,P3,18000,50,5.0,2.0,18.42561782223276,14.72403780401211,0.0095987691990308,2.2614855272116717e-15,999999999.9999979,42.10833333333333,42.10833333333333,5.945732596670589,3.9550147740798045,inf,0,0,0,0,-1,inf,0,-1,0,0,-1,0,0,7600,0,0,0,2626,4974,1.414579135854445,3.242358271038134,False
intersection_turn,P4,18000,50,5.0,2.0,18.42639435039058,14.72403780401211,0.009598485101618695,2.2614855272116717e-15,999999999.9999979,42.18333333333333,42.18333333333333,5.871423261110643,3.9550147740798045,inf,0,0,0,0,-1,inf,0,-1,0,0,-1,0,0,7600,0,0,0,2644,4956,1.414579135854445,3.242358271038134,False
intersection_turn,P0,18001,50,5.0,2.0,18.40827205393872,14.72403780401211,0.009619468097421018,2.2614855272116717e-15,999999999.9999979,42.22833333333334,42.22833333333334,5.826846154748814,3.9550147740798045,inf,0,0,0,0,-1,inf,0,-1,0,0,-1,0,0,7600,0,0,0,2672,4928,1.551254976329323,3.490512288429962,False
intersection_turn,P1,18001,50,5.0,2.0,18.38734331170065,14.72403780401211,0.009638078231793383,2.2614855272116717e-15,999999999.9999979,42.09333333333333,42.09333333333333,5.960596539870082,3.9550147740798045,inf,0,0,0,0,-1,inf,0,-1,0,0,-1,0,0,7600,0,0,0,2613,4987,1.551254976329323,3.490512288429962,False
intersection_turn,P2,18001,50,5.0,2.0,18.40827205393872,14.72403780401211,0.009619468097421018,2.2614855272116717e-15,999999999.9999979,42.22833333333334,42.22833333333334,5.826846154748814,3.9550147740798045,inf,0,0,0,0,-1,inf,0,-1,0,0,-1,0,0,7600,0,0,0,2672,4928,1.551254976329323,3.490512288429962,False
intersection_turn,P3,18001,50,5.0,2.0,18.40827205393872,14.72403780401211,0.009619468097421018,2.2614855272116717e-15,999999999.9999979,42.22833333333334,42.22833333333334,5.826846154748814,3.9550147740798045,inf,0,0,0,0,-1,inf,0,-1,0,0,-1,0,0,7600,0,0,0,2672,4928,1.551254976329323,3.490512288429962,False
intersection_turn,P4,18001,50,5.0,2.0,18.40565088334224,14.72403780401211,0.009621069708278808,2.2614855272116717e-15,999999999.9999979,42.19166666666666,42.19166666666666,5.863167753962968,3.9550147740798045,inf,0,0,0,0,-1,inf,0,-1,0,0,-1,0,0,7600,0,0,0,2666,4934,1.551254976329323,3.490512288429962,False
intersection_turn,P0,18002,50,5.0,2.0,18.40415379580694,14.72403780401211,0.009616888767402177,2.2614855272116717e-15,999999999.9999979,42.10999999999998,42.10999999999998,5.944081089621865,3.9550147740798045,inf,0,0,0,0,-1,inf,0,-1,0,0,-1,0,0,7600,0,0,0,2611,4989,1.398597446264471,3.1800314150434867,False
intersection_turn,P1,18002,50,5.0,2.0,18.397210520380508,14.72403780401211,0.009621388949120126,2.2614855272116717e-15,999999999.9999979,42.019999999999996,42.019999999999996,6.033274401185483,3.9550147740798045,inf,0,0,0,0,-1,inf,0,-1,0,0,-1,0,0,7600,0,0,0,2571,5029,1.398597446264471,3.1800314150434867,False
intersection_turn,P2,18002,50,5.0,2.0,18.40415379580694,14.72403780401211,0.009616888767402177,2.2614855272116717e-15,999999999.9999979,42.10999999999998,42.10999999999998,5.944081089621865,3.9550147740798045,inf,0,0,0,0,-1,inf,0,-1,0,0,-1,0,0,7600,0,0,0,2611,4989,1.398597446264471,3.1800314150434867,False
intersection_turn,P3,18002,50,5.0,2.0,18.40415379580694,14.72403780401211,0.009616888767402177,2.2614855272116717e-15,999999999.9999979,42.10999999999998,42.10999999999998,5.944081089621865,3.9550147740798045,inf,0,0,0,0,-1,inf,0,-1,0,0,-1,0,0,7600,0,0,0,2611,4989,1.398597446264471,3.1800314150434867,False
intersection_turn,P4,18002,50,5.0,2.0,18.40415379580694,14.72403780401211,0.009616888767402177,2.2614855272116717e-15,999999999.9999979,42.10999999999998,42.10999999999998,5.944081089621865,3.9550147740798045,inf,0,0,0,0,-1,inf,0,-1,0,0,-1,0,0,7600,0,0,0,2611,4989,1.398597446264471,3.1800314150434867,False
intersection_turn,P0,18003,50,5.0,2.0,18.389747418979013,14.72403780401211,0.009630798499164768,2.2614855272116717e-15,999999999.9999979,42.113333333333316,42.113333333333316,5.940778100926229,3.9550147740798045,inf,0,0,0,0,-1,inf,0,-1,0,0,-1,0,0,7600,0,0,0,2448,5152,1.5735719273011781,3.5468321073782065,False
intersection_turn,P1,18003,50,5.0,2.0,18.380954273839695,14.72403780401211,0.009637353222231724,2.2614855272116717e-15,999999999.9999979,42.02999999999998,42.02999999999998,6.0233628481107,3.9550147740798045,inf,0,0,0,0,-1,inf,0,-1,0,0,-1,0,0,7600,0,0,0,2417,5183,1.5735719273011781,3.5468321073782065,False
intersection_turn,P2,18003,50,5.0,2.0,18.389747418979013,14.72403780401211,0.009630798499164768,2.2614855272116717e-15,999999999.9999979,42.113333333333316,42.113333333333316,5.940778100926229,3.9550147740798045,inf,0,0,0,0,-1,inf,0,-1,0,0,-1,0,0,7600,0,0,0,2448,5152,1.5735719273011781,3.5468321073782065,False
intersection_turn,P3,18003,50,5.0,2.0,18.389747418979013,14.72403780401211,0.009630798499164768,2.2614855272116717e-15,999999999.9999979,42.113333333333316,42.113333333333316,5.940778100926229,3.9550147740798045,inf,0,0,0,0,-1,inf,0,-1,0,0,-1,0,0,7600,0,0,0,2448,5152,1.5735719273011781,3.5468321073782065,False
intersection_turn,P4,18003,50,5.0,2.0,18.389747418979013,14.72403780401211,0.009630798499164768,2.2614855272116717e-15,999999999.9999979,42.113333333333316,42.113333333333316,5.940778100926229,3.9550147740798045,inf,0,0,0,0,-1,inf,0,-1,0,0,-1,0,0,7600,0,0,0,2448,5152,1.5735719273011781,3.5468321073782065,False
intersection_turn,P0,18004,50,5.0,2.0,18.42333408424629,14.72403780401211,0.009605275625513481,2.2614855272116717e-15,999999999.9999979,42.300000000000004,42.300000000000004,5.75586657246326,3.9550147740798045,inf,0,0,0,0,-1,inf,0,-1,0,0,-1,0,0,7600,0,0,0,2628,4972,1.49865852548331,3.383813850232051,False
intersection_turn,P1,18004,50,5.0,2.0,18.415135909040238,14.72403780401211,0.009610391626788822,2.2614855272116717e-15,999999999.9999979,42.190000000000005,42.190000000000005,5.864818837781773,3.9550147740798045,inf,0,0,0,0,-1,inf,0,-1,0,0,-1,0,0,7600,0,0,0,2580,5020,1.49865852548331,3.383813850232051,False
intersection_turn,P2,18004,50,5.0,2.0,18.42333408424629,14.72403780401211,0.009605275625513481,2.2614855272116717e-15,999999999.9999979,42.300000000000004,42.300000000000004,5.75586657246326,3.9550147740798045,inf,0,0,0,0,-1,inf,0,-1,0,0,-1,0,0,7600,0,0,0,2628,4972,1.49865852548331,3.383813850232051,False
intersection_turn,P3,18004,50,5.0,2.0,18.42333408424629,14.72403780401211,0.009605275625513481,2.2614855272116717e-15,999999999.9999979,42.300000000000004,42.300000000000004,5.75586657246326,3.9550147740798045,inf,0,0,0,0,-1,inf,0,-1,0,0,-1,0,0,7600,0,0,0,2628,4972,1.49865852548331,3.383813850232051,False
intersection_turn,P4,18004,50,5.0,2.0,18.420762054269904,14.72403780401211,0.009606819384258123,2.2614855272116717e-15,999999999.9999979,42.263333333333335,42.263333333333335,5.792179593593799,3.9550147740798045,inf,0,0,0,0,-1,inf,0,-1,0,0,-1,0,0,7600,0,0,0,2613,4987,1.49865852548331,3.383813850232051,False
intersection_turn,P0,18005,50,5.0,2.0,18.399098772829134,14.72403780401211,0.009625814492906526,2.2614855272116717e-15,999999999.9999979,42.079999999999984,42.079999999999984,5.973809504830246,3.9550147740798045,inf,0,0,0,0,-1,inf,0,-1,0,0,-1,0,0,7600,0,0,0,2533,5067,1.5604268264450059,3.575793205916237,False
intersection_turn,P1,18005,50,5.0,2.0,18.493844557410547,14.72403780401211,0.0095967483260069,2.2614855272116717e-15,999999999.9999979,41.90999999999998,41.90842475041493,6.13375517073407,3.9550147740798045,inf,0,0,0,0,-1,inf,0,-1,0,0,-1,0,0,7600,71,0,0,2411,5118,1.5604268264450059,3.575793205916237,False
intersection_turn,P2,18005,50,5.0,2.0,18.399098772829134,14.72403780401211,0.009625814492906526,2.2614855272116717e-15,999999999.9999979,42.079999999999984,42.079999999999984,5.973809504830246,3.9550147740798045,inf,0,0,0,0,-1,inf,0,-1,0,0,-1,0,0,7600,0,0,0,2533,5067,1.5604268264450059,3.575793205916237,False
intersection_turn,P3,18005,50,5.0,2.0,18.399098772829134,14.72403780401211,0.009625814492906526,2.2614855272116717e-15,999999999.9999979,42.079999999999984,42.079999999999984,5.973809504830246,3.9550147740798045,inf,0,0,0,0,-1,inf,0,-1,0,0,-1,0,0,7600,0,0,0,2533,5067,1.5604268264450059,3.575793205916237,False
intersection_turn,P4,18005,50,5.0,2.0,18.399098772829134,14.72403780401211,0.009625814492906526,2.2614855272116717e-15,999999999.9999979,42.079999999999984,42.079999999999984,5.973809504830246,3.9550147740798045,inf,0,0,0,0,-1,inf,0,-1,0,0,-1,0,0,7600,0,0,0,2533,5067,1.5604268264450059,3.575793205916237,False
intersection_turn,P0,18006,50,5.0,2.0,18.44040676651389,14.72403780401211,0.009589634753874345,2.2614855272116717e-15,999999999.9999979,42.30999999999998,42.30999999999998,5.74596380079097,3.9550147740798045,inf,0,0,0,0,-1,inf,0,-1,0,0,-1,0,0,7600,0,0,0,2707,4893,1.4357412399968437,3.264794123885184,False
intersection_turn,P1,18006,50,5.0,2.0,18.43232010267536,14.72403780401211,0.0095949234833722,2.2614855272116717e-15,999999999.9999979,42.22,42.22,5.835100684649753,3.9550147740798045,inf,0,0,0,0,-1,inf,0,-1,0,0,-1,0,0,7600,0,0,0,2687,4913,1.4357412399968437,3.264794123885184,False
intersection_turn,P2,18006,50,5.0,2.0,18.44040676651389,14.72403780401211,0.009589634753874345,2.2614855272116717e-15,999999999.9999979,42.30999999999998,42.30999999999998,5.74596380079097,3.9550147740798045,inf,0,0,0,0,-1,inf,0,-1,0,0,-1,0,0,7600,0,0,0,2707,4893,1.4357412399968437,3.264794123885184,False
intersection_turn,P3,18006,50,5.0,2.0,18.44040676651389,14.72403780401211,0.009589634753874345,2.2614855272116717e-15,999999999.9999979,42.30999999999998,42.30999999999998,5.74596380079097,3.9550147740798045,inf,0,0,0,0,-1,inf,0,-1,0,0,-1,0,0,7600,0,0,0,2707,4893,1.4357412399968437,3.264794123885184,False
intersection_turn,P4,18006,50,5.0,2.0,18.43786222075724,14.72403780401211,0.009591132745352986,2.2614855272116717e-15,999999999.9999979,42.27333333333331,42.27333333333331,5.782275599719487,3.9550147740798045,inf,0,0,0,0,-1,inf,0,-1,0,0,-1,0,0,7600,0,0,0,2702,4898,1.4357412399968437,3.264794123885184,False
intersection_turn,P0,18007,50,5.0,2.0,18.01836240872658,14.72403780401211,0.010541364741406156,2.3626451685831237e-15,999999999.9999976,41.33033333333331,41.33033333333331,6.717473739765925,4.683314932613931,inf,0,0,0,0,-1,inf,0,-1,0,0,-1,0,0,7600,0,0,0,2181,5419,1.5726797178404996,3.5095645378043994,False
intersection_turn,P1,18007,50,5.0,2.0,17.984355709338207,14.72403780401211,0.010609613538642183,2.3579263512351845e-15,999999999.9999976,41.239999999999974,41.239999999999974,6.807172687687625,4.76688429876738,inf,0,0,0,0,-1,inf,0,-1,0,0,-1,0,0,7600,0,0,0,2140,5460,1.5726797178404996,3.5095645378043994,False
intersection_turn,P2,18007,50,5.0,2.0,18.01836240872658,14.72403780401211,0.010541364741406156,2.3626451685831237e-15,999999999.9999976,41.33033333333331,41.33033333333331,6.717473739765925,4.683314932613931,inf,0,0,0,0,-1,inf,0,-1,0,0,-1,0,0,7600,0,0,0,2181,5419,1.5726797178404996,3.5095645378043994,False
intersection_turn,P3,18007,50,5.0,2.0,18.01836240872658,14.72403780401211,0.010541364741406156,2.3626451685831237e-15,999999999.9999976,41.33033333333331,41.33033333333331,6.717473739765925,4.683314932613931,inf,0,0,0,0,-1,inf,0,-1,0,0,-1,0,0,7600,0,0,0,2181,5419,1.5726797178404996,3.5095645378043994,False
intersection_turn,P4,18007,50,5.0,2.0,18.01653317856077,14.72403780401211,0.010542792044414974,2.3626451685831237e-15,999999999.9999976,41.31033333333331,41.31033333333331,6.737331824328635,4.683314932613931,inf,0,0,0,0,-1,inf,0,-1,0,0,-1,0,0,7600,0,0,0,2176,5424,1.5726797178404996,3.5095645378043994,False
intersection_turn,P0,18008,50,5.0,2.0,18.424391745638644,14.72403780401211,0.009599678304666704,2.2614855272116717e-15,999999999.9999979,42.17666666666666,42.17666666666666,5.8780278249691165,3.9550147740798045,inf,0,0,0,0,-1,inf,0,-1,0,0,-1,0,0,7600,0,0,0,2550,5050,1.5251373905848098,3.4330040034399785,False
intersection_turn,P1,18008,50,5.0,2.0,18.41936701229236,14.72403780401211,0.009602601426620375,2.2614855272116717e-15,999999999.9999979,42.07999999999999,42.07999999999999,5.973809504830239,3.9550147740798045,inf,0,0,0,0,-1,inf,0,-1,0,0,-1,0,0,7600,0,0,0,2524,5076,1.5251373905848098,3.4330040034399785,False
intersection_turn,P2,18008,50,5.0,2.0,18.424391745638644,14.72403780401211,0.009599678304666704,2.2614855272116717e-15,999999999.9999979,42.17666666666666,42.17666666666666,5.8780278249691165,3.9550147740798045,inf,0,0,0,0,-1,inf,0,-1,0,0,-1,0,0,7600,0,0,0,2550,5050,1.5251373905848098,3.4330040034399785,False
intersection_turn,P3,18008,50,5.0,2.0,18.424391745638644,14.72403780401211,0.009599678304666704,2.2614855272116717e-15,999999999.9999979,42.17666666666666,42.17666666666666,5.8780278249691165,3.9550147740798045,inf,0,0,0,0,-1,inf,0,-1,0,0,-1,0,0,7600,0,0,0,2550,5050,1.5251373905848098,3.4330040034399785,False
intersection_turn,P4,18008,50,5.0,2.0,18.423988180702,14.72403780401211,0.0095999738626872,2.2614855272116717e-15,999999999.9999979,42.17666666666666,42.17666666666666,5.8780278249691165,3.9550147740798045,inf,0,0,0,0,-1,inf,0,-1,0,0,-1,0,0,7600,0,0,0,2549,5051,1.5251373905848098,3.4330040034399785,False
intersection_turn,P0,18009,50,5.0,2.0,18.56820347912986,14.72403780401211,0.009313519215599227,2.239096247839945e-15,999999999.9999979,42.55000000000001,42.55000000000001,5.508402672281673,3.715391411421392,inf,0,0,0,0,-1,inf,0,-1,0,0,-1,0,0,7600,0,0,0,2759,4841,1.4648941852565935,3.3808233573971282,False
intersection_turn,P1,18009,50,5.0,2.0,18.556095240910018,14.72403780401211,0.009322005552072167,2.239096247839945e-15,999999999.9999979,42.46000000000002,42.46000000000002,5.597463711360687,3.715391411421392,inf,0,0,0,0,-1,inf,0,-1,0,0,-1,0,0,7600,0,0,0,2732,4868,1.4648941852565935,3.3808233573971282,False
intersection_turn,P2,18009,50,5.0,2.0,18.56820347912986,14.72403780401211,0.009313519215599227,2.239096247839945e-15,999999999.9999979,42.55000000000001,42.55000000000001,5.508402672281673,3.715391411421392,inf,0,0,0,0,-1,inf,0,-1,0,0,-1,0,0,7600,0,0,0,2759,4841,1.4648941852565935,3.3808233573971282,False
intersection_turn,P3,18009,50,5.0,2.0,18.56820347912986,14.72403780401211,0.009313519215599227,2.239096247839945e-15,999999999.9999979,42.55000000000001,42.55000000000001,5.508402672281673,3.715391411421392,inf,0,0,0,0,-1,inf,0,-1,0,0,-1,0,0,7600,0,0,0,2759,4841,1.4648941852565935,3.3808233573971282,False
intersection_turn,P4,18009,50,5.0,2.0,18.56539592769343,14.72403780401211,0.009315105941404958,2.239096247839945e-15,999999999.9999979,42.51000000000002,42.51000000000002,5.547981614965914,3.715391411421392,inf,0,0,0,0,-1,inf,0,-1,0,0,-1,0,0,7600,0,0,0,2753,4847,1.4648941852565935,3.3808233573971282,False
intersection_turn,P0,18010,50,5.0,2.0,18.403624716116546,14.72403780401211,0.009614824188128325,2.2614855272116717e-15,999999999.9999979,42.06,42.06,5.993629951873904,3.9550147740798045,inf,0,0,0,0,-1,inf,0,-1,0,0,-1,0,0,7600,0,0,0,2433,5167,1.4926595811581334,3.357815317819289,False
intersection_turn,P1,18010,50,5.0,2.0,18.405822203197218,14.72403780401211,0.009613276172731266,2.2614855272116717e-15,999999999.9999979,42.06999999999999,42.06999999999999,5.983719578990987,3.9550147740798045,inf,0,0,0,0,-1,inf,0,-1,0,0,-1,0,0,7600,0,0,0,2433,5167,1.4926595811581334,3.357815317819289,False
intersection_turn,P2,18010,50,5.0,2.0,18.403624716116546,14.72403780401211,0.009614824188128325,2.2614855272116717e-15,999999999.9999979,42.06,42.06,5.993629951873904,3.9550147740798045,inf,0,0,0,0,-1,inf,0,-1,0,0,-1,0,0,7600,0,0,0,2433,5167,1.4926595811581334,3.357815317819289,False
intersection_turn,P3,18010,50,5.0,2.0,18.403624716116546,14.72403780401211,0.009614824188128325,2.2614855272116717e-15,999999999.9999979,42.06,42.06,5.993629951873904,3.9550147740798045,inf,0,0,0,0,-1,inf,0,-1,0,0,-1,0,0,7600,0,0,0,2433,5167,1.4926595811581334,3.357815317819289,False
intersection_turn,P4,18010,50,5.0,2.0,18.403624716116546,14.72403780401211,0.009614824188128325,2.2614855272116717e-15,999999999.9999979,42.06,42.06,5.993629951873904,3.9550147740798045,inf,0,0,0,0,-1,inf,0,-1,0,0,-1,0,0,7600,0,0,0,2433,5167,1.4926595811581334,3.357815317819289,False
intersection_turn,P0,18011,50,5.0,2.0,18.406021842313187,14.72403780401211,0.009615717597061072,2.2614855272116717e-15,999999999.9999979,42.11000000000001,42.11000000000001,5.944081089621837,3.9550147740798045,inf,0,0,0,0,-1,inf,0,-1,0,0,-1,0,0,7600,0,0,0,2541,5059,1.4452506637836575,3.2714827319016946,False
intersection_turn,P1,18011,50,5.0,2.0,18.40854112448521,14.72403780401211,0.009613988691554977,2.2614855272116717e-15,999999999.9999979,42.119999999999976,42.119999999999976,5.934172225340303,3.9550147740798045,inf,0,0,0,0,-1,inf,0,-1,0,0,-1,0,0,7600,0,0,0,2540,5060,1.4452506637836575,3.2714827319016946,False
intersection_turn,P2,18011,50,5.0,2.0,18.406021842313187,14.72403780401211,0.009615717597061072,2.2614855272116717e-15,999999999.9999979,42.11000000000001,42.11000000000001,5.944081089621837,3.9550147740798045,inf,0,0,0,0,-1,inf,0,-1,0,0,-1,0,0,7600,0,0,0,2541,5059,1.4452506637836575,3.2714827319016946,False
intersection_turn,P3,18011,50,5.0,2.0,18.406021842313187,14.72403780401211,0.009615717597061072,2.2614855272116717e-15,999999999.9999979,42.11000000000001,42.11000000000001,5.944081089621837,3.9550147740798045,inf,0,0,0,0,-1,inf,0,-1,0,0,-1,0,0,7600,0,0,0,2541,5059,1.4452506637836575,3.2714827319016946,False
intersection_turn,P4,18011,50,5.0,2.0,18.406021842313187,14.72403780401211,0.009615717597061072,2.2614855272116717e-15,999999999.9999979,42.11000000000001,42.11000000000001,5.944081089621837,3.9550147740798045,inf,0,0,0,0,-1,inf,0,-1,0,0,-1,0,0,7600,0,0,0,2541,5059,1.4452506637836575,3.2714827319016946,False
intersection_turn,P0,18012,50,5.0,2.0,18.419803977895942,14.72403780401211,0.009604419120808802,2.2614855272116717e-15,999999999.9999979,42.14999999999999,42.14999999999999,5.904447476267369,3.9550147740798045,inf,0,0,0,0,-1,inf,0,-1,0,0,-1,0,0,7600,0,0,0,2686,4914,1.3972411641126095,3.212506317112604,False
intersection_turn,P1,18012,50,5.0,2.0,18.46384623518574,14.72403780401211,0.009591092145950076,2.2614855272116717e-15,999999999.9999979,42.00999999999999,42.009432075729286,6.040056481655742,3.9550147740798045,inf,0,0,0,0,-1,inf,0,-1,0,0,-1,0,0,7600,24,0,0,2629,4947,1.3972411641126095,3.212506317112604,False
intersection_turn,P2,18012,50,5.0,2.0,18.419803977895942,14.72403780401211,0.009604419120808802,2.2614855272116717e-15,999999999.9999979,42.14999999999999,42.14999999999999,5.904447476267369,3.9550147740798045,inf,0,0,0,0,-1,inf,0,-1,0,0,-1,0,0,7600,0,0,0,2686,4914,1.3972411641126095,3.212506317112604,False
intersection_turn,P3,18012,50,5.0,2.0,18.419803977895942,14.72403780401211,0.009604419120808802,2.2614855272116717e-15,999999999.9999979,42.14999999999999,42.14999999999999,5.904447476267369,3.9550147740798045,inf,0,0,0,0,-1,inf,0,-1,0,0,-1,0,0,7600,0,0,0,2686,4914,1.3972411641126095,3.212506317112604,False
intersection_turn,P4,18012,50,5.0,2.0,18.41716141277839,14.72403780401211,0.009606034469521275,2.2614855272116717e-15,999999999.9999979,42.11333333333333,42.11333333333333,5.940778100926216,3.9550147740798045,inf,0,0,0,0,-1,inf,0,-1,0,0,-1,0,0,7600,0,0,0,2677,4923,1.3972411641126095,3.212506317112604,False
intersection_turn,P0,18013,50,5.0,2.0,18.423385971288077,14.72403780401211,0.009601777657683415,2.2614855272116717e-15,999999999.9999979,42.21833333333333,42.21833333333333,5.836751617504768,3.9550147740798045,inf,0,0,0,0,-1,inf,0,-1,0,0,-1,0,0,7600,0,0,0,2517,5083,1.5750065584658464,3.4664736022879583,False
intersection_turn,P1,18013,50,5.0,2.0,18.421701870880728,14.72403780401211,0.009602821339982694,2.2614855272116717e-15,999999999.9999979,42.18999999999999,42.18999999999999,5.864818837781787,3.9550147740798045,inf,0,0,0,0,-1,inf,0,-1,0,0,-1,0,0,7600,0,0,0,2503,5097,1.5750065584658464,3.4664736022879583,False
intersection_turn,P2,18013,50,5.0,2.0,18.423385971288077,14.72403780401211,0.009601777657683415,2.2614855272116717e-15,999999999.9999979,42.21833333333333,42.21833333333333,5.836751617504768,3.9550147740798045,inf,0,0,0,0,-1,inf,0,-1,0,0,-1,0,0,7600,0,0,0,2517,5083,1.5750065584658464,3.4664736022879583,False
intersection_turn,P3,18013,50,5.0,2.0,18.423385971288077,14.72403780401211,0.009601777657683415,2.2614855272116717e-15,999999999.9999979,42.21833333333333,42.21833333333333,5.836751617504768,3.9550147740798045,inf,0,0,0,0,-1,inf,0,-1,0,0,-1,0,0,7600,0,0,0,2517,5083,1.5750065584658464,3.4664736022879583,False
intersection_turn,P4,18013,50,5.0,2.0,18.422514228535672,14.72403780401211,0.009602356758176198,2.2614855272116717e-15,999999999.9999979,42.211666666666666,42.211666666666666,5.843355438254444,3.9550147740798045,inf,0,0,0,0,-1,inf,0,-1,0,0,-1,0,0,7600,0,0,0,2512,5088,1.5750065584658464,3.4664736022879583,False
intersection_turn,P0,18014,50,5.0,2.0,18.420246799547446,14.72403780401211,0.009606187752574344,2.2614855272116717e-15,999999999.9999979,42.25666666666665,42.25666666666665,5.798782439252048,3.9550147740798045,inf,0,0,0,0,-1,inf,0,-1,0,0,-1,0,0,7600,0,0,0,2593,5007,1.5957532227887292,3.470953595883764,False
intersection_turn,P1,18014,50,5.0,2.0,18.41797904030391,14.72403780401211,0.009607466675999168,2.2614855272116717e-15,999999999.9999979,42.21,42.21,5.845006415736427,3.9550147740798045,inf,0,0,0,0,-1,inf,0,-1,0,0,-1,0,0,7600,0,0,0,2580,5020,1.5957532227887292,3.470953595883764,False
intersection_turn,P2,18014,50,5.0,2.0,18.420246799547446,14.72403780401211,0.009606187752574344,2.2614855272116717e-15,999999999.9999979,42.25666666666665,42.25666666666665,5.798782439252048,3.9550147740798045,inf,0,0,0,0,-1,inf,0,-1,0,0,-1,0,0,7600,0,0,0,2593,5007,1.5957532227887292,3.470953595883764,False
intersection_turn,P3,18014,50,5.0,2.0,18.420246799547446,14.72403780401211,0.009606187752574344,2.2614855272116717e-15,999999999.9999979,42.25666666666665,42.25666666666665,5.798782439252048,3.9550147740798045,inf,0,0,0,0,-1,inf,0,-1,0,0,-1,0,0,7600,0,0,0,2593,5007,1.5957532227887292,3.470953595883764,False
intersection_turn,P4,18014,50,5.0,2.0,18.420246799547446,14.72403780401211,0.009606187752574344,2.2614855272116717e-15,999999999.9999979,42.25666666666665,42.25666666666665,5.798782439252048,3.9550147740798045,inf,0,0,0,0,-1,inf,0,-1,0,0,-1,0,0,7600,0,0,0,2593,5007,1.5957532227887292,3.470953595883764,False
intersection_turn,P0,18015,50,5.0,2.0,18.426972658604445,14.72403780401211,0.009598247555444772,2.2614855272116717e-15,999999999.9999979,42.18666666666666,42.18666666666666,5.868121031850359,3.9550147740798045,inf,0,0,0,0,-1,inf,0,-1,0,0,-1,0,0,7600,0,0,0,2496,5104,1.4120020106509004,3.234166830311764,False
intersection_turn,P1,18015,50,5.0,2.0,18.512813124693942,14.72403780401211,0.009566958475496917,2.2614855272116717e-15,999999999.9999979,42.13999999999998,42.13889961635188,5.908072516888876,3.9550147740798045,inf,0,0,0,0,-1,inf,0,-1,0,0,-1,0,0,7600,47,0,0,2439,5114,1.4120020106509004,3.234166830311764,False
intersection_turn,P2,18015,50,5.0,2.0,18.426972658604445,14.72403780401211,0.009598247555444772,2.2614855272116717e-15,999999999.9999979,42.18666666666666,42.18666666666666,5.868121031850359,3.9550147740798045,inf,0,0,0,0,-1,inf,0,-1,0,0,-1,0,0,7600,0,0,0,2496,5104,1.4120020106509004,3.234166830311764,False
intersection_turn,P3,18015,50,5.0,2.0,18.426972658604445,14.72403780401211,0.009598247555444772,2.2614855272116717e-15,999999999.9999979,42.18666666666666,42.18666666666666,5.868121031850359,3.9550147740798045,inf,0,0,0,0,-1,inf,0,-1,0,0,-1,0,0,7600,0,0,0,2496,5104,1.4120020106509004,3.234166830311764,False
intersection_turn,P4,18015,50,5.0,2.0,18.515341408503453,14.72403780401211,0.009565955268846944,2.2614855272116717e-15,999999999.9999979,42.18666666666666,42.18557514478051,5.861767177691397,3.9550147740798045,inf,0,0,0,0,-1,inf,0,-1,0,0,-1,0,0,7600,47,0,0,2451,5102,1.4120020106509004,3.234166830311764,False
intersection_turn,P0,18016,50,5.0,2.0,18.447207140167404,14.72403780401211,0.009584977789621009,2.2614855272116717e-15,999999999.9999979,42.35666666666666,42.35666666666666,5.699755355373699,3.9550147740798045,inf,0,0,0,0,-1,inf,0,-1,0,0,-1,0,0,7600,0,0,0,2683,4917,1.438777229713653,3.3188822897528145,False
intersection_turn,P1,18016,50,5.0,2.0,18.443715851712987,14.72403780401211,0.009586995456980173,2.2614855272116717e-15,999999999.9999979,42.33999999999999,42.33999999999999,5.716257516942368,3.9550147740798045,inf,0,0,0,0,-1,inf,0,-1,0,0,-1,0,0,7600,0,0,0,2683,4917,1.438777229713653,3.3188822897528145,False
intersection_turn,P2,18016,50,5.0,2.0,18.447207140167404,14.72403780401211,0.009584977789621009,2.2614855272116717e-15,999999999.9999979,42.35666666666666,42.35666666666666,5.699755355373699,3.9550147740798045,inf,0,0,0,0,-1,inf,0,-1,0,0,-1,0,0,7600,0,0,0,2683,4917,1.438777229713653,3.3188822897528145,False
intersection_turn,P3,18016,50,5.0,2.0,18.447207140167404,14.72403780401211,0.009584977789621009,2.2614855272116717e-15,999999999.9999979,42.35666666666666,42.35666666666666,5.699755355373699,3.9550147740798045,inf,0,0,0,0,-1,inf,0,-1,0,0,-1,0,0,7600,0,0,0,2683,4917,1.438777229713653,3.3188822897528145,False
intersection_turn,P4,18016,50,5.0,2.0,18.446871364624894,14.72403780401211,0.009585295165780197,2.2614855272116717e-15,999999999.9999979,42.40999999999998,42.40999999999998,5.64695493164238,3.9550147740798045,inf,0,0,0,0,-1,inf,0,-1,0,0,-1,0,0,7600,0,0,0,2697,4903,1.438777229713653,3.3188822897528145,False
intersection_turn,P0,18017,50,5.0,2.0,18.41906149198823,14.72403780401211,0.009605390514769756,2.2614855272116717e-15,999999999.9999979,42.17333333333334,42.17333333333334,5.881330159448998,3.9550147740798045,inf,0,0,0,0,-1,inf,0,-1,0,0,-1,0,0,7600,0,0,0,2635,4965,1.522683640845715,3.4130753429168434,False
intersection_turn,P1,18017,50,5.0,2.0,18.41604601732637,14.72403780401211,0.009607042166535303,2.2614855272116717e-15,999999999.9999979,42.09,42.09,5.96389973088079,3.9550147740798045,inf,0,0,0,0,-1,inf,0,-1,0,0,-1,0,0,7600,0,0,0,2607,4993,1.522683640845715,3.4130753429168434,False
intersection_turn,P2,18017,50,5.0,2.0,18.41906149198823,14.72403780401211,0.009605390514769756,2.2614855272116717e-15,999999999.9999979,42.17333333333334,42.17333333333334,5.881330159448998,3.9550147740798045,inf,0,0,0,0,-1,inf,0,-1,0,0,-1,0,0,7600,0,0,0,2635,4965,1.522683640845715,3.4130753429168434,False
intersection_turn,P3,18017,50,5.0,2.0,18.41906149198823,14.72403780401211,0.009605390514769756,2.2614855272116717e-15,999999999.9999979,42.17333333333334,42.17333333333334,5.881330159448998,3.9550147740798045,inf,0,0,0,0,-1,inf,0,-1,0,0,-1,0,0,7600,0,0,0,2635,4965,1.522683640845715,3.4130753429168434,False
intersection_turn,P4,18017,50,5.0,2.0,18.41906149198823,14.72403780401211,0.009605390514769756,2.2614855272116717e-15,999999999.9999979,42.17333333333334,42.17333333333334,5.881330159448998,3.9550147740798045,inf,0,0,0,0,-1,inf,0,-1,0,0,-1,0,0,7600,0,0,0,2635,4965,1.522683640845715,3.4130753429168434,False
intersection_turn,P0,18018,50,5.0,2.0,18.417213792435952,14.72403780401211,0.009607324516597269,2.2614855272116717e-15,999999999.9999979,42.19666666666667,42.19666666666667,5.858214555457807,3.9550147740798045,inf,0,0,0,0,-1,inf,0,-1,0,0,-1,0,0,7600,0,0,0,2541,5059,1.4534416860955033,3.279837587750925,False
intersection_turn,P1,18018,50,5.0,2.0,18.404741744041086,14.72403780401211,0.009615875736160994,2.2614855272116717e-15,999999999.9999979,42.04999999999998,42.04999999999998,6.003540621999671,3.9550147740798045,inf,0,0,0,0,-1,inf,0,-1,0,0,-1,0,0,7600,0,0,0,2486,5114,1.4534416860955033,3.279837587750925,False
intersection_turn,P2,18018,50,5.0,2.0,18.417213792435952,14.72403780401211,0.009607324516597269,2.2614855272116717e-15,999999999.9999979,42.19666666666667,42.19666666666667,5.858214555457807,3.9550147740798045,inf,0,0,0,0,-1,inf,0,-1,0,0,-1,0,0,7600,0,0,0,2541,5059,1.4534416860955033,3.279837587750925,False
intersection_turn,P3,18018,50,5.0,2.0,18.417213792435952,14.72403780401211,0.009607324516597269,2.2614855272116717e-15,999999999.9999979,42.19666666666667,42.19666666666667,5.858214555457807,3.9550147740798045,inf,0,0,0,0,-1,inf,0,-1,0,0,-1,0,0,7600,0,0,0,2541,5059,1.4534416860955033,3.279837587750925,False
intersection_turn,P4,18018,50,5.0,2.0,18.41458166046739,14.72403780401211,0.009608935135387024,2.2614855272116717e-15,999999999.9999979,42.15999999999998,42.15999999999998,5.894539846332385,3.9550147740798045,inf,0,0,0,0,-1,inf,0,-1,0,0,-1,0,0,7600,0,0,0,2533,5067,1.4534416860955033,3.279837587750925,False
intersection_turn,P0,18019,50,5.0,2.0,18.418630021447495,14.72403780401211,0.00960561008870562,2.2614855272116717e-15,999999999.9999979,42.164999999999985,42.164999999999985,5.889586148448817,3.9550147740798045,inf,0,0,0,0,-1,inf,0,-1,0,0,-1,0,0,7600,0,0,0,2533,5067,1.5368416295176985,3.3785224770895836,False
intersection_turn,P1,18019,50,5.0,2.0,18.416816203823416,14.72403780401211,0.009606661878085435,2.2614855272116717e-15,999999999.9999979,42.12999999999999,42.12999999999999,5.924263667326104,3.9550147740798045,inf,0,0,0,0,-1,inf,0,-1,0,0,-1,0,0,7600,0,0,0,2527,5073,1.5368416295176985,3.3785224770895836,False
intersection_turn,P2,18019,50,5.0,2.0,18.418630021447495,14.72403780401211,0.00960561008870562,2.2614855272116717e-15,999999999.9999979,42.164999999999985,42.164999999999985,5.889586148448817,3.9550147740798045,inf,0,0,0,0,-1,inf,0,-1,0,0,-1,0,0,7600,0,0,0,2533,5067,1.5368416295176985,3.3785224770895836,False
intersection_turn,P3,18019,50,5.0,2.0,18.418630021447495,14.72403780401211,0.00960561008870562,2.2614855272116717e-15,999999999.9999979,42.164999999999985,42.164999999999985,5.889586148448817,3.9550147740798045,inf,0,0,0,0,-1,inf,0,-1,0,0,-1,0,0,7600,0,0,0,2533,5067,1.5368416295176985,3.3785224770895836,False
intersection_turn,P4,18019,50,5.0,2.0,18.418630021447495,14.72403780401211,0.00960561008870562,2.2614855272116717e-15,999999999.9999979,42.164999999999985,42.164999999999985,5.889586148448817,3.9550147740798045,inf,0,0,0,0,-1,inf,0,-1,0,0,-1,0,0,7600,0,0,0,2533,5067,1.5368416295176985,3.3785224770895836,False
occluding_cut_in,P0,18000,50,5.0,2.0,11.267888282720728,7.327224075401506,0.2107706627715266,0.00021432353040528015,999785676.4695947,17.087302883832308,17.087302883832308,19.431160541768985,11.331044181969368,1.912697116167692,0,0,0,0,-1,inf,0,-1,0,0,-1,0,0,7600,182,0,3814,0,3604,1.7490662348496868,4.112701269634574,False
occluding_cut_in,P1,18000,50,5.0,2.0,11.236706230521282,7.348772949614109,0.21382670649426705,0.00020813477088215814,999791865.2291179,17.09672071521912,17.09176612654551,19.430073758811165,11.331044181969368,1.9103851458070742,0,0,0,0,-1,inf,0,-1,0,0,-1,0,0,7600,266,0,3734,0,3600,1.7490662348496868,4.112701269634574,False
occluding_cut_in,P2,18000,50,5.0,2.0,11.236706230521282,7.348772949614109,0.21382670649426705,0.00020813477088215814,999791865.2291179,17.09672071521912,17.09176612654551,19.430073758811165,11.331044181969368,1.9103851458070742,0,0,0,0,-1,inf,0,-1,0,0,-1,0,0,7600,266,0,3734,0,3600,1.7490662348496868,4.112701269634574,False
occluding_cut_in,P3,18000,50,5.0,2.0,11.234115978422913,7.347532739074193,0.2132565692115898,0.0002082773269617516,999791722.6730384,17.09672071521911,17.09343247158598,19.431160541768985,11.331044181969368,1.9092338673411526,0,0,0,0,-1,inf,0,-1,0,0,-1,0,0,7600,216,0,3784,0,3600,1.7490662348496868,4.112701269634574,False
occluding_cut_in,P4,18000,50,5.0,2.0,11.267888282720728,7.327224075401506,0.2107706627715266,0.00021432353040528015,999785676.4695947,17.087302883832308,17.087302883832308,19.431160541768985,11.331044181969368,1.912697116167692,0,0,0,0,-1,inf,0,-1,0,0,-1,0,0,7600,182,0,3814,0,3604,1.7490662348496868,4.112701269634574,False
occluding_cut_in,P0,18001,50,5.0,2.0,11.267888282720728,7.327224075401506,0.2107706627715266,0.00021432353040528015,999785676.4695947,17.087302883832308,17.087302883832308,19.431160541768985,11.331044181969368,1.912697116167692,0,0,0,0,-1,inf,0,-1,0,0,-1,0,0,7600,182,0,3814,0,3604,1.8170335357171976,4.242638585870787,False
occluding_cut_in,P1,18001,50,5.0,2.0,11.323929889722908,7.33746240387935,0.2079504854985344,0.00020935444522376598,999790645.5547763,17.121780353335428,17.11653427941325,19.43013353196599,11.331044181969368,1.8836732888752445,0,0,0,0,-1,inf,0,-1,0,0,-1,0,0,7600,282,0,3740,0,3578,1.8170335357171976,4.242638585870787,False
occluding_cut_in,P2,18001,50,5.0,2.0,11.279402230947529,7.3325272748345185,0.21008453913158626,0.00021127208617207884,999788727.9138278,17.087302883832304,17.08671813657334,19.43013353196599,11.331044181969368,1.9132821182943816,0,0,0,0,-1,inf,0,-1,0,0,-1,0,0,7600,211,0,3789,0,3600,1.8170335357171976,4.242638585870787,False
occluding_cut_in,P3,18001,50,5.0,2.0,11.271959506513124,7.335881601140441,0.21027690254954082,0.00021045185835408037,999789548.1416459,17.087302883832308,17.087194917016916,19.431160541768985,11.331044181969368,1.9128245916561997,0,0,0,0,-1,inf,0,-1,0,0,-1,0,0,7600,182,0,3814,0,3604,1.8170335357171976,4.242638585870787,False
occluding_cut_in,P4,18001,50,5.0,2.0,11.267888282720728,7.327224075401506,0.2107706627715266,0.00021432353040528015,999785676.4695947,17.087302883832308,17.087302883832308,19.431160541768985,11.331044181969368,1.912697116167692,0,0,0,0,-1,inf,0,-1,0,0,-1,0,0,7600,182,0,3814,0,3604,1.8170335357171976,4.242638585870787,False
occluding_cut_in,P0,18002,50,5.0,2.0,11.267888282720728,7.327224075401506,0.2107706627715266,0.00021432353040528015,999785676.4695947,17.087302883832308,17.087302883832308,19.431160541768985,11.331044181969368,1.912697116167692,0,0,0,0,-1,inf,0,-1,0,0,-1,0,0,7600,182,0,3814,0,3604,1.750896329059814,4.04115496056682,False
occluding_cut_in,P1,18002,50,5.0,2.0,11.329750090613066,7.343209795925162,0.2079885896274973,0.00020917821025226015,999790821.7897477,17.121780353335414,17.116111645705573,19.43013353196599,11.331044181969368,1.8843137349411765,0,0,0,0,-1,inf,0,-1,0,0,-1,0,0,7600,297,0,3725,0,3578,1.750896329059814,4.04115496056682,False
occluding_cut_in,P2,18002,50,5.0,2.0,11.28465228014862,7.313889676680172,0.21001101646830483,0.00021612692634127625,999783873.0736587,17.087302883832304,17.085784205128686,19.43013353196599,11.331044181969368,1.9142217317928765,0,0,0,0,-1,inf,0,-1,0,0,-1,0,0,7600,223,0,3777,0,3600,1.750896329059814,4.04115496056682,False
occluding_cut_in,P3,18002,50,5.0,2.0,11.271959506513124,7.335881601140441,0.21027690254954082,0.00021045185835408037,999789548.1416459,17.087302883832308,17.087194917016916,19.431160541768985,11.331044181969368,1.9128245916561997,0,0,0,0,-1,inf,0,-1,0,0,-1,0,0,7600,182,0,3814,0,3604,1.750896329059814,4.04115496056682,False
occluding_cut_in,P4,18002,50,5.0,2.0,11.267888282720728,7.327224075401506,0.2107706627715266,0.00021432353040528015,999785676.4695947,17.087302883832308,17.087302883832308,19.431160541768985,11.331044181969368,1.912697116167692,0,0,0,0,-1,inf,0,-1,0,0,-1,0,0,7600,182,0,3814,0,3604,1.750896329059814,4.04115496056682,False
occluding_cut_in,P0,18003,50,5.0,2.0,11.267888282720728,7.327224075401506,0.2107706627715266,0.00021432353040528015,999785676.4695947,17.087302883832308,17.087302883832308,19.431160541768985,11.331044181969368,1.912697116167692,0,0,0,0,-1,inf,0,-1,0,0,-1,0,0,7600,182,0,3814,0,3604,1.8947873359757508,4.348798304110535,False
occluding_cut_in,P1,18003,50,5.0,2.0,11.196347348308928,7.307356356531334,0.2154934582117902,0.00021814311153265577,999781856.8884673,17.143537204129014,17.132615809154828,19.431160541768985,11.331044181969368,1.868588616892033,0,0,0,0,-1,inf,0,-1,0,0,-1,0,0,7600,349,0,3670,0,3581,1.8947873359757508,4.348798304110535,False
occluding_cut_in,P2,18003,50,5.0,2.0,11.234115978422913,7.347532739074193,0.2132565692115898,0.0002082773269617516,999791722.6730384,17.09672071521911,17.09343247158598,19.431160541768985,11.331044181969368,1.9092338673411526,0,0,0,0,-1,inf,0,-1,0,0,-1,0,0,7600,216,0,3784,0,3600,1.8947873359757508,4.348798304110535,False
occluding_cut_in,P3,18003,50,5.0,2.0,11.234115978422913,7.347532739074193,0.2132565692115898,0.0002082773269617516,999791722.6730384,17.09672071521911,17.09343247158598,19.431160541768985,11.331044181969368,1.9092338673411526,0,0,0,0,-1,inf,0,-1,0,0,-1,0,0,7600,216,0,3784,0,3600,1.8947873359757508,4.348798304110535,False
occluding_cut_in,P4,18003,50,5.0,2.0,11.267888282720728,7.327224075401506,0.2107706627715266,0.00021432353040528015,999785676.4695947,17.087302883832308,17.087302883832308,19.431160541768985,11.331044181969368,1.912697116167692,0,0,0,0,-1,inf,0,-1,0,0,-1,0,0,7600,182,0,3814,0,3604,1.8947873359757508,4.348798304110535,False
occluding_cut_in,P0,18004,50,5.0,2.0,11.267888282720728,7.327224075401506,0.2107706627715266,0.00021432353040528015,999785676.4695947,17.087302883832308,17.087302883832308,19.431160541768985,11.331044181969368,1.912697116167692,0,0,0,0,-1,inf,0,-1,0,0,-1,0,0,7600,182,0,3814,0,3604,1.812077894331411,4.176427954489267,False
occluding_cut_in,P1,18004,50,5.0,2.0,11.317842387555514,7.347911178394956,0.20809858845567283,0.00020659736480202972,999793402.6351981,17.109263734065525,17.105646607948596,19.43013353196599,11.331044181969368,1.8943611174536605,0,0,0,0,-1,inf,0,-1,0,0,-1,0,0,7600,266,0,3747,0,3587,1.812077894331411,4.176427954489267,False
occluding_cut_in,P2,18004,50,5.0,2.0,11.311662582393375,7.350850279306833,0.208200193458099,0.00020595420737059926,999794045.7926294,17.10926373406553,17.106315856674346,19.43013353196599,11.331044181969368,1.8936857185760925,0,0,0,0,-1,inf,0,-1,0,0,-1,0,0,7600,247,0,3766,0,3587,1.812077894331411,4.176427954489267,False
occluding_cut_in,P3,18004,50,5.0,2.0,11.267888282720728,7.327224075401506,0.2107706627715266,0.00021432353040528015,999785676.4695947,17.087302883832308,17.087302883832308,19.431160541768985,11.331044181969368,1.912697116167692,0,0,0,0,-1,inf,0,-1,0,0,-1,0,0,7600,182,0,3814,0,3604,1.812077894331411,4.176427954489267,False
occluding_cut_in,P4,18004,50,5.0,2.0,11.267888282720728,7.327224075401506,0.2107706627715266,0.00021432353040528015,999785676.4695947,17.087302883832308,17.087302883832308,19.431160541768985,11.331044181969368,1.912697116167692,0,0,0,0,-1,inf,0,-1,0,0,-1,0,0,7600,182,0,3814,0,3604,1.812077894331411,4.176427954489267,False
occluding_cut_in,P0,18005,50,5.0,2.0,11.267888282720728,7.327224075401506,0.2107706627715266,0.00021432353040528015,999785676.4695947,17.087302883832308,17.087302883832308,19.431160541768985,11.331044181969368,1.912697116167692,0,0,0,0,-1,inf,0,-1,0,0,-1,0,0,7600,182,0,3814,0,3604,1.8998709318249316,4.400940926894233,False
occluding_cut_in,P1,18005,50,5.0,2.0,11.325507114801077,7.3465172355975525,0.2077533107712367,0.00020699115808860718,999793008.8419114,17.12178035333541,17.116839850670516,19.430073758811165,11.331044181969368,1.8835550144913316,0,0,0,0,-1,inf,0,-1,0,0,-1,0,0,7600,299,0,3720,0,3581,1.8998709318249316,4.400940926894233,False
occluding_cut_in,P2,18005,50,5.0,2.0,11.236841051343934,7.348585069884217,0.21342271277102043,0.0002080558709977231,999791944.1290022,17.096720715219117,17.092681308893116,19.430073758811165,11.331044181969368,1.9096656311676035,0,0,0,0,-1,inf,0,-1,0,0,-1,0,0,7600,243,0,3757,0,3600,1.8998709318249316,4.400940926894233,False
occluding_cut_in,P3,18005,50,5.0,2.0,11.234115978422913,7.347532739074193,0.2132565692115898,0.0002082773269617516,999791722.6730384,17.09672071521911,17.09343247158598,19.431160541768985,11.331044181969368,1.9092338673411526,0,0,0,0,-1,inf,0,-1,0,0,-1,0,0,7600,216,0,3784,0,3600,1.8998709318249316,4.400940926894233,False
occluding_cut_in,P4,18005,50,5.0,2.0,11.267888282720728,7.327224075401506,0.2107706627715266,0.00021432353040528015,999785676.4695947,17.087302883832308,17.087302883832308,19.431160541768985,11.331044181969368,1.912697116167692,0,0,0,0,-1,inf,0,-1,0,0,-1,0,0,7600,182,0,3814,0,3604,1.8998709318249316,4.400940926894233,False
occluding_cut_in,P0,18006,50,5.0,2.0,11.267888282720728,7.327224075401506,0.2107706627715266,0.00021432353040528015,999785676.4695947,17.087302883832308,17.087302883832308,19.431160541768985,11.331044181969368,1.912697116167692,0,0,0,0,-1,inf,0,-1,0,0,-1,0,0,7600,182,0,3814,0,3604,1.7333837828417122,4.075493663785422,False
occluding_cut_in,P1,18006,50,5.0,2.0,11.2990047599884,7.346504018649555,0.20894950092391176,0.00020784943458604496,999792150.5654138,17.08730288383231,17.085203945889702,19.430048105437574,11.331044181969368,1.9148020573252684,0,0,0,0,-1,inf,0,-1,0,0,-1,0,0,7600,235,0,3761,0,3604,1.7333837828417122,4.075493663785422,False
occluding_cut_in,P2,18006,50,5.0,2.0,11.237443136743446,7.348496364291064,0.21337678219934827,0.00020807168041350188,999791928.3195865,17.096720715219117,17.092725783096938,19.430048105437574,11.331044181969368,1.9095945638237422,0,0,0,0,-1,inf,0,-1,0,0,-1,0,0,7600,242,0,3758,0,3600,1.7333837828417122,4.075493663785422,False
occluding_cut_in,P3,18006,50,5.0,2.0,11.234115978422913,7.347532739074193,0.2132565692115898,0.0002082773269617516,999791722.6730384,17.09672071521911,17.09343247158598,19.431160541768985,11.331044181969368,1.9092338673411526,0,0,0,0,-1,inf,0,-1,0,0,-1,0,0,7600,216,0,3784,0,3600,1.7333837828417122,4.075493663785422,False
occluding_cut_in,P4,18006,50,5.0,2.0,11.267888282720728,7.327224075401506,0.2107706627715266,0.00021432353040528015,999785676.4695947,17.087302883832308,17.087302883832308,19.431160541768985,11.331044181969368,1.912697116167692,0,0,0,0,-1,inf,0,-1,0,0,-1,0,0,7600,182,0,3814,0,3604,1.7333837828417122,4.075493663785422,False
occluding_cut_in,P0,18007,50,5.0,2.0,11.267888282720728,7.327224075401506,0.2107706627715266,0.00021432353040528015,999785676.4695947,17.087302883832308,17.087302883832308,19.431160541768985,11.331044181969368,1.912697116167692,0,0,0,0,-1,inf,0,-1,0,0,-1,0,0,7600,182,0,3814,0,3604,1.9155082147397482,4.350709869894895,False
occluding_cut_in,P1,18007,50,5.0,2.0,11.329768253752883,7.3435409880489555,0.20798857291720702,0.0002090745421438015,999790925.4578563,17.121780353335424,17.116096431372927,19.430094201262467,11.331044181969368,1.8843202526281386,0,0,0,0,-1,inf,0,-1,0,0,-1,0,0,7600,295,0,3723,0,3582,1.9155082147397482,4.350709869894895,False
occluding_cut_in,P2,18007,50,5.0,2.0,11.290627815902605,7.341595674204892,0.20946788157260754,0.00020961426193861915,999790385.7380615,17.087302883832304,17.08601047989793,19.430094201262467,11.331044181969368,1.9139981243507482,0,0,0,0,-1,inf,0,-1,0,0,-1,0,0,7600,220,0,3776,0,3604,1.9155082147397482,4.350709869894895,False
occluding_cut_in,P3,18007,50,5.0,2.0,11.225860703385898,7.306477124987945,0.21426607060065175,0.00021907488638274686,999780925.1136171,17.096720715219107,17.093275839460258,19.431160541768985,11.331044181969368,1.9098437800511956,0,0,0,0,-1,inf,0,-1,0,0,-1,0,0,7600,221,0,3779,0,3600,1.9155082147397482,4.350709869894895,False
occluding_cut_in,P4,18007,50,5.0,2.0,11.267888282720728,7.327224075401506,0.2107706627715266,0.00021432353040528015,999785676.4695947,17.087302883832308,17.087302883832308,19.431160541768985,11.331044181969368,1.912697116167692,0,0,0,0,-1,inf,0,-1,0,0,-1,0,0,7600,182,0,3814,0,3604,1.9155082147397482,4.350709869894895,False
occluding_cut_in,P0,18008,50,5.0,2.0,11.267888282720728,7.327224075401506,0.2107706627715266,0.00021432353040528015,999785676.4695947,17.087302883832308,17.087302883832308,19.431160541768985,11.331044181969368,1.912697116167692,0,0,0,0,-1,inf,0,-1,0,0,-1,0,0,7600,182,0,3814,0,3604,1.8088413650469144,4.225107984941952,False
occluding_cut_in,P1,18008,50,5.0,2.0,11.297346239381925,7.342179857882147,0.209310594184372,0.00020942988911364004,999790570.1108866,17.08730288383231,17.08562970992094,19.429105969747095,11.331044181969368,1.914434572684932,0,0,0,0,-1,inf,0,-1,0,0,-1,0,0,7600,254,0,3746,0,3600,1.8088413650469144,4.225107984941952,False
occluding_cut_in,P2,18008,50,5.0,2.0,11.276963380877083,7.330914167477342,0.21037900968694642,0.00021314547187283378,999786854.5281272,17.087302883832308,17.08684058791738,19.43013353196599,11.331044181969368,1.913174713293892,0,0,0,0,-1,inf,0,-1,0,0,-1,0,0,7600,211,0,3789,0,3600,1.8088413650469144,4.225107984941952,False
occluding_cut_in,P3,18008,50,5.0,2.0,11.279704603516379,7.346397526329796,0.2100100123135853,0.00020808701946142477,999791912.9805385,17.0873028838323,17.08646209581056,19.43013353196599,11.331044181969368,1.9135795070334352,0,0,0,0,-1,inf,0,-1,0,0,-1,0,0,7600,220,0,3780,0,3600,1.8088413650469144,4.225107984941952,False
occluding_cut_in,P4,18008,50,5.0,2.0,11.267888282720728,7.327224075401506,0.2107706627715266,0.00021432353040528015,999785676.4695947,17.087302883832308,17.087302883832308,19.431160541768985,11.331044181969368,1.912697116167692,0,0,0,0,-1,inf,0,-1,0,0,-1,0,0,7600,182,0,3814,0,3604,1.8088413650469144,4.225107984941952,False
occluding_cut_in,P0,18009,50,5.0,2.0,11.267888282720728,7.327224075401506,0.2107706627715266,0.00021432353040528015,999785676.4695947,17.087302883832308,17.087302883832308,19.431160541768985,11.331044181969368,1.912697116167692,0,0,0,0,-1,inf,0,-1,0,0,-1,0,0,7600,182,0,3814,0,3604,1.7360901863880016,4.119640828103495,False
occluding_cut_in,P1,18009,50,5.0,2.0,11.29962732672104,7.344853951190786,0.20906290951593273,0.00020848423415284863,999791515.765847,17.087302883832304,17.085414279724226,19.43013353196599,11.331044181969368,1.9146127969736648,0,0,0,0,-1,inf,0,-1,0,0,-1,0,0,7600,244,0,3756,0,3600,1.7360901863880016,4.119640828103495,False
occluding_cut_in,P2,18009,50,5.0,2.0,11.238473942199763,7.348331817929137,0.213296932476458,0.00020810353427264773,999791896.4657272,17.096720715219107,17.09280097618688,19.43013353196599,11.331044181969368,1.9094763375039747,0,0,0,0,-1,inf,0,-1,0,0,-1,0,0,7600,245,0,3759,0,3596,1.7360901863880016,4.119640828103495,False
occluding_cut_in,P3,18009,50,5.0,2.0,11.225860703385898,7.306477124987945,0.21426607060065175,0.00021907488638274686,999780925.1136171,17.096720715219107,17.093275839460258,19.431160541768985,11.331044181969368,1.9098437800511956,0,0,0,0,-1,inf,0,-1,0,0,-1,0,0,7600,221,0,3779,0,3600,1.7360901863880016,4.119640828103495,False
occluding_cut_in,P4,18009,50,5.0,2.0,11.267888282720728,7.327224075401506,0.2107706627715266,0.00021432353040528015,999785676.4695947,17.087302883832308,17.087302883832308,19.431160541768985,11.331044181969368,1.912697116167692,0,0,0,0,-1,inf,0,-1,0,0,-1,0,0,7600,182,0,3814,0,3604,1.7360901863880016,4.119640828103495,False
occluding_cut_in,P0,18010,50,5.0,2.0,11.267888282720728,7.327224075401506,0.2107706627715266,0.00021432353040528015,999785676.4695947,17.087302883832308,17.087302883832308,19.431160541768985,11.331044181969368,1.912697116167692,0,0,0,0,-1,inf,0,-1,0,0,-1,0,0,7600,182,0,3814,0,3604,1.855865234229905,4.239463806991383,False
occluding_cut_in,P1,18010,50,5.0,2.0,11.317065677717675,7.350004083879055,0.20786560613677363,0.00020614123621446657,999793858.7637856,17.121780353335428,17.117341600669608,19.430048105437574,11.331044181969368,1.8829523806057291,0,0,0,0,-1,inf,0,-1,0,0,-1,0,0,7600,279,0,3740,0,3581,1.855865234229905,4.239463806991383,False
occluding_cut_in,P2,18010,50,5.0,2.0,11.237443136743446,7.348496364291064,0.21337678219934827,0.00020807168041350188,999791928.3195865,17.096720715219117,17.092725783096938,19.430048105437574,11.331044181969368,1.9095945638237422,0,0,0,0,-1,inf,0,-1,0,0,-1,0,0,7600,242,0,3758,0,3600,1.855865234229905,4.239463806991383,False
occluding_cut_in,P3,18010,50,5.0,2.0,11.234115978422913,7.347532739074193,0.2132565692115898,0.0002082773269617516,999791722.6730384,17.09672071521911,17.09343247158598,19.431160541768985,11.331044181969368,1.9092338673411526,0,0,0,0,-1,inf,0,-1,0,0,-1,0,0,7600,216,0,3784,0,3600,1.855865234229905,4.239463806991383,False
occluding_cut_in,P4,18010,50,5.0,2.0,11.267888282720728,7.327224075401506,0.2107706627715266,0.00021432353040528015,999785676.4695947,17.087302883832308,17.087302883832308,19.431160541768985,11.331044181969368,1.912697116167692,0,0,0,0,-1,inf,0,-1,0,0,-1,0,0,7600,182,0,3814,0,3604,1.855865234229905,4.239463806991383,False
occluding_cut_in,P0,18011,50,5.0,2.0,11.267888282720728,7.327224075401506,0.2107706627715266,0.00021432353040528015,999785676.4695947,17.087302883832308,17.087302883832308,19.431160541768985,11.331044181969368,1.912697116167692,0,0,0,0,-1,inf,0,-1,0,0,-1,0,0,7600,182,0,3814,0,3604,1.7984959221357135,4.131197258057072,False
occluding_cut_in,P1,18011,50,5.0,2.0,11.328519051424342,7.329309149349118,0.20810185805498968,0.00021155908584705307,999788440.914153,17.121780353335424,17.115981790302754,19.430094201262467,11.331044181969368,1.884289642167047,0,0,0,0,-1,inf,0,-1,0,0,-1,0,0,7600,299,0,3719,0,3582,1.7984959221357135,4.131197258057072,False
occluding_cut_in,P2,18011,50,5.0,2.0,11.279402230947529,7.3325272748345185,0.21008453913158626,0.00021127208617207884,999788727.9138278,17.087302883832304,17.08671813657334,19.43013353196599,11.331044181969368,1.9132821182943816,0,0,0,0,-1,inf,0,-1,0,0,-1,0,0,7600,211,0,3789,0,3600,1.7984959221357135,4.131197258057072,False
occluding_cut_in,P3,18011,50,5.0,2.0,11.271959506513124,7.335881601140441,0.21027690254954082,0.00021045185835408037,999789548.1416459,17.087302883832308,17.087194917016916,19.431160541768985,11.331044181969368,1.9128245916561997,0,0,0,0,-1,inf,0,-1,0,0,-1,0,0,7600,182,0,3814,0,3604,1.7984959221357135,4.131197258057072,False
occluding_cut_in,P4,18011,50,5.0,2.0,11.267888282720728,7.327224075401506,0.2107706627715266,0.00021432353040528015,999785676.4695947,17.087302883832308,17.087302883832308,19.431160541768985,11.331044181969368,1.912697116167692,0,0,0,0,-1,inf,0,-1,0,0,-1,0,0,7600,182,0,3814,0,3604,1.7984959221357135,4.131197258057072,False
occluding_cut_in,P0,18012,50,5.0,2.0,11.267888282720728,7.327224075401506,0.2107706627715266,0.00021432353040528015,999785676.4695947,17.087302883832308,17.087302883832308,19.431160541768985,11.331044181969368,1.912697116167692,0,0,0,0,-1,inf,0,-1,0,0,-1,0,0,7600,182,0,3814,0,3604,1.7067245719919781,4.016670598051674,False
occluding_cut_in,P1,18012,50,5.0,2.0,11.30106784551517,7.346445528686045,0.20890150591931356,0.0002078737389089974,999792126.261091,17.087302883832304,17.08520853881079,19.430073758811165,11.331044181969368,1.9147981302937223,0,0,0,0,-1,inf,0,-1,0,0,-1,0,0,7600,235,0,3761,0,3604,1.7067245719919781,4.016670598051674,False
occluding_cut_in,P2,18012,50,5.0,2.0,11.276963380877083,7.330914167477342,0.21037900968694642,0.00021314547187283378,999786854.5281272,17.087302883832308,17.08684058791738,19.43013353196599,11.331044181969368,1.913174713293892,0,0,0,0,-1,inf,0,-1,0,0,-1,0,0,7600,211,0,3789,0,3600,1.7067245719919781,4.016670598051674,False
occluding_cut_in,P3,18012,50,5.0,2.0,11.267888282720728,7.327224075401506,0.2107706627715266,0.00021432353040528015,999785676.4695947,17.087302883832308,17.087302883832308,19.431160541768985,11.331044181969368,1.912697116167692,0,0,0,0,-1,inf,0,-1,0,0,-1,0,0,7600,182,0,3814,0,3604,1.7067245719919781,4.016670598051674,False
occluding_cut_in,P4,18012,50,5.0,2.0,11.267888282720728,7.327224075401506,0.2107706627715266,0.00021432353040528015,999785676.4695947,17.087302883832308,17.087302883832308,19.431160541768985,11.331044181969368,1.912697116167692,0,0,0,0,-1,inf,0,-1,0,0,-1,0,0,7600,182,0,3814,0,3604,1.7067245719919781,4.016670598051674,False
occluding_cut_in,P0,18013,50,5.0,2.0,11.267888282720728,7.327224075401506,0.2107706627715266,0.00021432353040528015,999785676.4695947,17.087302883832308,17.087302883832308,19.431160541768985,11.331044181969368,1.912697116167692,0,0,0,0,-1,inf,0,-1,0,0,-1,0,0,7600,182,0,3814,0,3604,1.8682959610893604,4.284433396797558,False
occluding_cut_in,P1,18013,50,5.0,2.0,11.29914415251426,7.31024171805372,0.20977203694774968,0.00021708594172896998,999782914.0582709,17.0873028838323,17.08502046588193,19.42906718105352,11.331044181969368,1.9150396917810637,0,0,0,0,-1,inf,0,-1,0,0,-1,0,0,7600,285,0,3719,0,3596,1.8682959610893604,4.284433396797558,False
occluding_cut_in,P2,18013,50,5.0,2.0,11.286557719241769,7.3283238598958444,0.2099183976823841,0.00021232522018101358,999787674.7798189,17.087302883832308,17.086232015991207,19.42906718105352,11.331044181969368,1.9137782081097492,0,0,0,0,-1,inf,0,-1,0,0,-1,0,0,7600,242,0,3762,0,3596,1.8682959610893604,4.284433396797558,False
occluding_cut_in,P3,18013,50,5.0,2.0,11.271959506513124,7.335881601140441,0.21027690254954082,0.00021045185835408037,999789548.1416459,17.087302883832308,17.087194917016916,19.431160541768985,11.331044181969368,1.9128245916561997,0,0,0,0,-1,inf,0,-1,0,0,-1,0,0,7600,182,0,3814,0,3604,1.8682959610893604,4.284433396797558,False
occluding_cut_in,P4,18013,50,5.0,2.0,11.267888282720728,7.327224075401506,0.2107706627715266,0.00021432353040528015,999785676.4695947,17.087302883832308,17.087302883832308,19.431160541768985,11.331044181969368,1.912697116167692,0,0,0,0,-1,inf,0,-1,0,0,-1,0,0,7600,182,0,3814,0,3604,1.8682959610893604,4.284433396797558,False
occluding_cut_in,P0,18014,50,5.0,2.0,11.267888282720728,7.327224075401506,0.2107706627715266,0.00021432353040528015,999785676.4695947,17.087302883832308,17.087302883832308,19.431160541768985,11.331044181969368,1.912697116167692,0,0,0,0,-1,inf,0,-1,0,0,-1,0,0,7600,182,0,3814,0,3604,1.9015463619921862,4.280504802430589,False
occluding_cut_in,P1,18014,50,5.0,2.0,11.298290997728765,7.345797043029727,0.2090298986166079,0.00020813171000815464,999791868.2899919,17.087302883832304,17.085314299274767,19.430094201262467,11.331044181969368,1.9147003761617456,0,0,0,0,-1,inf,0,-1,0,0,-1,0,0,7600,239,0,3757,0,3604,1.9015463619921862,4.280504802430589,False
occluding_cut_in,P2,18014,50,5.0,2.0,11.28638838034707,7.324018959268258,0.2099407289890367,0.000213434426229321,999786565.5737708,17.0873028838323,17.086059089234258,19.430094201262467,11.331044181969368,1.9139427246485368,0,0,0,0,-1,inf,0,-1,0,0,-1,0,0,7600,231,0,3765,0,3604,1.9015463619921862,4.280504802430589,False
occluding_cut_in,P3,18014,50,5.0,2.0,11.27959823775745,7.34627791106064,0.21001964959231348,0.00020811949895195827,999791880.501048,17.087302883832304,17.08643884012282,19.430094201262467,11.331044181969368,1.9136055059923018,0,0,0,0,-1,inf,0,-1,0,0,-1,0,0,7600,216,0,3780,0,3604,1.9015463619921862,4.280504802430589,False
occluding_cut_in,P4,18014,50,5.0,2.0,11.267888282720728,7.327224075401506,0.2107706627715266,0.00021432353040528015,999785676.4695947,17.087302883832308,17.087302883832308,19.431160541768985,11.331044181969368,1.912697116167692,0,0,0,0,-1,inf,0,-1,0,0,-1,0,0,7600,182,0,3814,0,3604,1.9015463619921862,4.280504802430589,False
occluding_cut_in,P0,18015,50,5.0,2.0,11.267888282720728,7.327224075401506,0.2107706627715266,0.00021432353040528015,999785676.4695947,17.087302883832308,17.087302883832308,19.431160541768985,11.331044181969368,1.912697116167692,0,0,0,0,-1,inf,0,-1,0,0,-1,0,0,7600,182,0,3814,0,3604,1.7124717015345363,3.9901275613039586,False
occluding_cut_in,P1,18015,50,5.0,2.0,11.32377678522513,7.337036014661427,0.20797167356593857,0.0002094690126268374,999790530.9873732,17.121780353335403,17.116517220231064,19.430094201262467,11.331044181969368,1.8836842855772082,0,0,0,0,-1,inf,0,-1,0,0,-1,0,0,7600,277,0,3741,0,3582,1.7124717015345363,3.9901275613039586,False
occluding_cut_in,P2,18015,50,5.0,2.0,11.30022016218605,7.353205379353463,0.20841913588108718,0.00020581723909899913,999794182.760901,17.12178035333542,17.118608055852395,19.430094201262467,11.331044181969368,1.8816780720227881,0,0,0,0,-1,inf,0,-1,0,0,-1,0,0,7600,247,0,3772,0,3581,1.7124717015345363,3.9901275613039586,False
occluding_cut_in,P3,18015,50,5.0,2.0,11.271959506513124,7.335881601140441,0.21027690254954082,0.00021045185835408037,999789548.1416459,17.087302883832308,17.087194917016916,19.431160541768985,11.331044181969368,1.9128245916561997,0,0,0,0,-1,inf,0,-1,0,0,-1,0,0,7600,182,0,3814,0,3604,1.7124717015345363,3.9901275613039586,False
occluding_cut_in,P4,18015,50,5.0,2.0,11.267888282720728,7.327224075401506,0.2107706627715266,0.00021432353040528015,999785676.4695947,17.087302883832308,17.087302883832308,19.431160541768985,11.331044181969368,1.912697116167692,0,0,0,0,-1,inf,0,-1,0,0,-1,0,0,7600,182,0,3814,0,3604,1.7124717015345363,3.9901275613039586,False
occluding_cut_in,P0,18016,50,5.0,2.0,11.267888282720728,7.327224075401506,0.2107706627715266,0.00021432353040528015,999785676.4695947,17.087302883832308,17.087302883832308,19.431160541768985,11.331044181969368,1.912697116167692,0,0,0,0,-1,inf,0,-1,0,0,-1,0,0,7600,182,0,3814,0,3604,1.7335959377691301,4.104625286636215,False
occluding_cut_in,P1,18016,50,5.0,2.0,11.331270285685259,7.334213142422562,0.2079049109373575,0.00021021788290272945,999789782.1170971,17.121780353335417,17.116120229195023,19.430094201262467,11.331044181969368,1.8842256091566423,0,0,0,0,-1,inf,0,-1,0,0,-1,0,0,7600,303,0,3715,0,3582,1.7335959377691301,4.104625286636215,False
occluding_cut_in,P2,18016,50,5.0,2.0,11.279361912896213,7.332113693679981,0.2100884834712571,0.00021137485237719998,999788625.147623,17.087302883832304,17.08669665353498,19.430094201262467,11.331044181969368,1.9133038564810327,0,0,0,0,-1,inf,0,-1,0,0,-1,0,0,7600,207,0,3789,0,3604,1.7335959377691301,4.104625286636215,False
occluding_cut_in,P3,18016,50,5.0,2.0,11.271959506513124,7.335881601140441,0.21027690254954082,0.00021045185835408037,999789548.1416459,17.087302883832308,17.087194917016916,19.431160541768985,11.331044181969368,1.9128245916561997,0,0,0,0,-1,inf,0,-1,0,0,-1,0,0,7600,182,0,3814,0,3604,1.7335959377691301,4.104625286636215,False
occluding_cut_in,P4,18016,50,5.0,2.0,11.267888282720728,7.327224075401506,0.2107706627715266,0.00021432353040528015,999785676.4695947,17.087302883832308,17.087302883832308,19.431160541768985,11.331044181969368,1.912697116167692,0,0,0,0,-1,inf,0,-1,0,0,-1,0,0,7600,182,0,3814,0,3604,1.7335959377691301,4.104625286636215,False
occluding_cut_in,P0,18017,50,5.0,2.0,11.267888282720728,7.327224075401506,0.2107706627715266,0.00021432353040528015,999785676.4695947,17.087302883832308,17.087302883832308,19.431160541768985,11.331044181969368,1.912697116167692,0,0,0,0,-1,inf,0,-1,0,0,-1,0,0,7600,182,0,3814,0,3604,1.7787894844616527,4.173618896083123,False
occluding_cut_in,P1,18017,50,5.0,2.0,11.285042960219787,7.339825038801489,0.21004219915904765,0.0002099413446692528,999790058.6553308,17.08730288383231,17.08552583101029,19.430094201262467,11.331044181969368,1.9145293138794224,0,0,0,0,-1,inf,0,-1,0,0,-1,0,0,7600,228,0,3768,0,3604,1.7787894844616527,4.173618896083123,False
occluding_cut_in,P2,18017,50,5.0,2.0,11.27959823775745,7.34627791106064,0.21001964959231348,0.00020811949895195827,999791880.501048,17.087302883832304,17.08643884012282,19.430094201262467,11.331044181969368,1.9136055059923018,0,0,0,0,-1,inf,0,-1,0,0,-1,0,0,7600,216,0,3780,0,3604,1.7787894844616527,4.173618896083123,False
occluding_cut_in,P3,18017,50,5.0,2.0,11.272727078473352,7.347277451802598,0.21016357905894725,0.00020785407926597092,999792145.920734,17.087302883832304,17.086958375649086,19.431160541768985,11.331044181969368,1.913149005085399,0,0,0,0,-1,inf,0,-1,0,0,-1,0,0,7600,191,0,3805,0,3604,1.7787894844616527,4.173618896083123,False
occluding_cut_in,P4,18017,50,5.0,2.0,11.267888282720728,7.327224075401506,0.2107706627715266,0.00021432353040528015,999785676.4695947,17.087302883832308,17.087302883832308,19.431160541768985,11.331044181969368,1.912697116167692,0,0,0,0,-1,inf,0,-1,0,0,-1,0,0,7600,182,0,3814,0,3604,1.7787894844616527,4.173618896083123,False
occluding_cut_in,P0,18018,50,5.0,2.0,11.267888282720728,7.327224075401506,0.2107706627715266,0.00021432353040528015,999785676.4695947,17.087302883832308,17.087302883832308,19.431160541768985,11.331044181969368,1.912697116167692,0,0,0,0,-1,inf,0,-1,0,0,-1,0,0,7600,182,0,3814,0,3604,1.7761374570700772,4.104396434640832,False
occluding_cut_in,P1,18018,50,5.0,2.0,11.294022467995203,7.285776498207462,0.20992352353237212,0.00022376566596355168,999776234.3340364,17.121780353335403,17.11782994146143,19.430094201262467,11.331044181969368,1.8823784902106286,0,0,0,0,-1,inf,0,-1,0,0,-1,0,0,7600,272,0,3747,0,3581,1.7761374570700772,4.104396434640832,False
occluding_cut_in,P2,18018,50,5.0,2.0,11.277123624067267,7.331337482424192,0.21035847978845165,0.00021300644759230826,999786993.5524075,17.087302883832304,17.08682042164354,19.430094201262467,11.331044181969368,1.913193285685995,0,0,0,0,-1,inf,0,-1,0,0,-1,0,0,7600,207,0,3789,0,3604,1.7761374570700772,4.104396434640832,False
occluding_cut_in,P3,18018,50,5.0,2.0,11.267888282720728,7.327224075401506,0.2107706627715266,0.00021432353040528015,999785676.4695947,17.087302883832308,17.087302883832308,19.431160541768985,11.331044181969368,1.912697116167692,0,0,0,0,-1,inf,0,-1,0,0,-1,0,0,7600,182,0,3814,0,3604,1.7761374570700772,4.104396434640832,False
occluding_cut_in,P4,18018,50,5.0,2.0,11.267888282720728,7.327224075401506,0.2107706627715266,0.00021432353040528015,999785676.4695947,17.087302883832308,17.087302883832308,19.431160541768985,11.331044181969368,1.912697116167692,0,0,0,0,-1,inf,0,-1,0,0,-1,0,0,7600,182,0,3814,0,3604,1.7761374570700772,4.104396434640832,False
occluding_cut_in,P0,18019,50,5.0,2.0,11.267888282720728,7.327224075401506,0.2107706627715266,0.00021432353040528015,999785676.4695947,17.087302883832308,17.087302883832308,19.431160541768985,11.331044181969368,1.912697116167692,0,0,0,0,-1,inf,0,-1,0,0,-1,0,0,7600,182,0,3814,0,3604,1.9013141698945617,4.251324160085922,False
occluding_cut_in,P1,18019,50,5.0,2.0,11.328220731869775,7.326331172501157,0.20818029315868167,0.0002123833658676743,999787616.6341324,17.121780353335406,17.11591623790376,19.43013353196599,11.331044181969368,1.884317558638751,0,0,0,0,-1,inf,0,-1,0,0,-1,0,0,7600,296,0,3726,0,3578,1.9013141698945617,4.251324160085922,False
occluding_cut_in,P2,18019,50,5.0,2.0,11.29285794852083,7.296851534765533,0.20981603006334143,0.0002204188961034603,999779581.1038965,17.10926373406552,17.106874363865092,19.43013353196599,11.331044181969368,1.893136141231242,0,0,0,0,-1,inf,0,-1,0,0,-1,0,0,7600,235,0,3778,0,3587,1.9013141698945617,4.251324160085922,False
occluding_cut_in,P3,18019,50,5.0,2.0,11.271959506513124,7.335881601140441,0.21027690254954082,0.00021045185835408037,999789548.1416459,17.087302883832308,17.087194917016916,19.431160541768985,11.331044181969368,1.9128245916561997,0,0,0,0,-1,inf,0,-1,0,0,-1,0,0,7600,182,0,3814,0,3604,1.9013141698945617,4.251324160085922,False
occluding_cut_in,P4,18019,50,5.0,2.0,11.267888282720728,7.327224075401506,0.2107706627715266,0.00021432353040528015,999785676.4695947,17.087302883832308,17.087302883832308,19.431160541768985,11.331044181969368,1.912697116167692,0,0,0,0,-1,inf,0,-1,0,0,-1,0,0,7600,182,0,3814,0,3604,1.9013141698945617,4.251324160085922,False
