scenario,planner,seed,steps,duration_s,planning_safety_margin_m,mean_snr_db,min_snr_db,mean_outage_probability,mean_ber_model,mean_goodput_bps_model,path_length_m,progress_m,min_target_distance_m,min_realized_ttc_s,min_static_obstacle_clearance_m,static_clearance_violation_steps,static_clearance_violation_indicator,collision_indicator,collision_steps,first_collision_step,first_collision_time_s,no_candidate_steps,first_no_candidate_step,margin_relaxation_steps,margin_relaxation_indicator,first_margin_relaxation_step,zero_candidate_after_static_steps,zero_candidate_after_dynamic_steps,candidate_evaluations,candidate_road_rejections,candidate_speed_rejections,candidate_static_rejections,candidate_dynamic_rejections,candidate_feasible,prediction_ade_m,prediction_fde_m,measured_optical_link
following_lateral_offset,P0,18000,40,4.0,0.0,11.182639932808891,-54.148177309695406,0.17107261518639305,0.05801319935755994,941986800.6424401,38.085000000000015,38.079322645760776,2.494962887619078,0.4541854881552365,inf,0,0,0,0,-1,inf,0,-1,0,0,-1,0,0,6080,195,0,0,2308,3577,1.7187924260751657,3.9373710552514583,False
following_lateral_offset,P1,18000,40,4.0,0.0,11.182639932808891,-54.148177309695406,0.17107261518639305,0.05801319935755994,941986800.6424401,38.085000000000015,38.079322645760776,2.494962887619078,0.4541854881552365,inf,0,0,0,0,-1,inf,0,-1,0,0,-1,0,0,6080,195,0,0,2308,3577,1.7187924260751657,3.9373710552514583,False
following_lateral_offset,P2,18000,40,4.0,0.0,11.182639932808891,-54.148177309695406,0.17107261518639305,0.05801319935755994,941986800.6424401,38.085000000000015,38.079322645760776,2.494962887619078,0.4541854881552365,inf,0,0,0,0,-1,inf,0,-1,0,0,-1,0,0,6080,195,0,0,2308,3577,1.7187924260751657,3.9373710552514583,False
following_lateral_offset,P3,18000,40,4.0,0.0,11.180130648555384,-54.248548679835665,0.17107261518639308,0.05801320045633115,941986799.5436687,38.08666666666668,38.0809859153046,2.4937506127162585,0.44789595072076066,inf,0,0,0,0,-1,inf,0,-1,0,0,-1,0,0,6080,195,0,0,2308,3577,1.7187924260751657,3.9373710552514583,False
following_lateral_offset,P4,18000,40,4.0,0.0,11.182639932808891,-54.148177309695406,0.17107261518639305,0.05801319935755994,941986800.6424401,38.085000000000015,38.079322645760776,2.494962887619078,0.4541854881552365,inf,0,0,0,0,-1,inf,0,-1,0,0,-1,0,0,6080,195,0,0,2308,3577,1.7187924260751657,3.9373710552514583,False
following_lateral_offset,P0,18001,40,4.0,0.0,13.054719654301795,-40.50755432757671,0.1493649999099973,0.04119596635189739,958804033.6481025,37.96000000000001,37.95773463734424,2.5249993361292398,0.4275578564948689,inf,0,0,0,0,-1,inf,0,-1,0,0,-1,0,0,6080,83,0,0,2559,3438,1.7950080648050268,3.971919033795784,False
following_lateral_offset,P1,18001,40,4.0,0.0,13.054719654301795,-40.50755432757671,0.1493649999099973,0.04119596635189739,958804033.6481025,37.96000000000001,37.95773463734424,2.5249993361292398,0.4275578564948689,inf,0,0,0,0,-1,inf,0,-1,0,0,-1,0,0,6080,83,0,0,2559,3438,1.7950080648050268,3.971919033795784,False
following_lateral_offset,P2,18001,40,4.0,0.0,13.054719654301795,-40.50755432757671,0.1493649999099973,0.04119596635189739,958804033.6481025,37.96000000000001,37.95773463734424,2.5249993361292398,0.4275578564948689,inf,0,0,0,0,-1,inf,0,-1,0,0,-1,0,0,6080,83,0,0,2559,3438,1.7950080648050268,3.971919033795784,False
following_lateral_offset,P3,18001,40,4.0,0.0,13.054719654301795,-40.50755432757671,0.1493649999099973,0.04119596635189739,958804033.6481025,37.96000000000001,37.95773463734424,2.5249993361292398,0.4275578564948689,inf,0,0,0,0,-1,inf,0,-1,0,0,-1,0,0,6080,83,0,0,2559,3438,1.7950080648050268,3.971919033795784,False
following_lateral_offset,P4,18001,40,4.0,0.0,13.054719654301795,-40.50755432757671,0.1493649999099973,0.04119596635189739,958804033.6481025,37.96000000000001,37.95773463734424,2.5249993361292398,0.4275578564948689,inf,0,0,0,0,-1,inf,0,-1,0,0,-1,0,0,6080,83,0,0,2559,3438,1.7950080648050268,3.971919033795784,False
following_lateral_offset,P0,18002,40,4.0,0.0,13.286878022578895,-31.912350189050123,0.16858811352237743,0.044138402340521826,955861597.6594782,38.03000000000002,38.03000000000002,2.4167953988701467,0.2854615781239905,inf,0,0,0,0,-1,inf,1,39,0,0,-1,0,1,6080,0,0,0,2660,3420,1.5633013085080736,3.657517112430625,False
following_lateral_offset,P1,18002,40,4.0,0.0,13.286878022578895,-31.912350189050123,0.16858811352237743,0.044138402340521826,955861597.6594782,38.03000000000002,38.03000000000002,2.4167953988701467,0.2854615781239905,inf,0,0,0,0,-1,inf,1,39,0,0,-1,0,1,6080,0,0,0,2660,3420,1.5633013085080736,3.657517112430625,False
following_lateral_offset,P2,18002,40,4.0,0.0,15.885066997300811,3.318038326248754,0.08204713361913701,0.0019576790121995477,998042320.9878006,37.66000000000002,37.65365482396961,2.6194584723907304,0.46971541322096894,inf,0,0,0,0,-1,inf,0,-1,0,0,-1,0,0,6080,230,0,0,2359,3491,1.5633013085080736,3.657517112430625,False
following_lateral_offset,P3,18002,40,4.0,0.0,14.92378047975779,-9.99936809309964,0.1277330299746953,0.021749335051946806,978250664.9480531,37.800000000000026,37.79788282473027,2.5413872665211144,0.3506286678395387,inf,0,0,0,0,-1,inf,0,-1,0,0,-1,0,0,6080,124,0,0,2510,3446,1.5633013085080736,3.657517112430625,False
following_lateral_offset,P4,18002,40,4.0,0.0,14.92378047975779,-9.99936809309964,0.1277330299746953,0.021749335051946806,978250664.9480531,37.800000000000026,37.79788282473027,2.5413872665211144,0.3506286678395387,inf,0,0,0,0,-1,inf,0,-1,0,0,-1,0,0,6080,124,0,0,2510,3446,1.5633013085080736,3.657517112430625,False
following_lateral_offset,P0,18003,40,4.0,0.0,13.853579322545901,-26.22263414683244,0.14712727536721387,0.03720787669415279,962792123.3058472,37.84999999999998,37.84951715214699,2.5817836111736465,0.41904722402473177,inf,0,0,0,0,-1,inf,1,38,0,0,-1,0,1,6080,23,0,0,2512,3545,1.6394513936587658,3.820540747620542,False
following_lateral_offset,P1,18003,40,4.0,0.0,13.853579322545901,-26.22263414683244,0.14712727536721387,0.03720787669415279,962792123.3058472,37.84999999999998,37.84951715214699,2.5817836111736465,0.41904722402473177,inf,0,0,0,0,-1,inf,1,38,0,0,-1,0,1,6080,23,0,0,2512,3545,1.6394513936587658,3.820540747620542,False
following_lateral_offset,P2,18003,40,4.0,0.0,13.853579322545901,-26.22263414683244,0.14712727536721387,0.03720787669415279,962792123.3058472,37.84999999999998,37.84951715214699,2.5817836111736465,0.41904722402473177,inf,0,0,0,0,-1,inf,1,38,0,0,-1,0,1,6080,23,0,0,2512,3545,1.6394513936587658,3.820540747620542,False
following_lateral_offset,P3,18003,40,4.0,0.0,13.853579322545901,-26.22263414683244,0.14712727536721387,0.03720787669415279,962792123.3058472,37.84999999999998,37.84951715214699,2.5817836111736465,0.41904722402473177,inf,0,0,0,0,-1,inf,1,38,0,0,-1,0,1,6080,23,0,0,2512,3545,1.6394513936587658,3.820540747620542,False
following_lateral_offset,P4,18003,40,4.0,0.0,13.853579322545901,-26.22263414683244,0.14712727536721387,0.03720787669415279,962792123.3058472,37.84999999999998,37.84951715214699,2.5817836111736465,0.41904722402473177,inf,0,0,0,0,-1,inf,1,38,0,0,-1,0,1,6080,23,0,0,2512,3545,1.6394513936587658,3.820540747620542,False
following_lateral_offset,P0,18004,40,4.0,0.0,12.41967372163001,-40.799221635294856,0.16910299664725886,0.050734752287371475,949265247.7126286,38.10400000000003,38.102619266459044,2.4097832334757685,0.2196703379094605,inf,0,0,0,0,-1,inf,0,-1,0,0,-1,0,0,6080,81,0,0,2314,3685,1.6302262383253165,3.7492413495437305,False
following_lateral_offset,P1,18004,40,4.0,0.0,12.41967372163001,-40.799221635294856,0.16910299664725886,0.050734752287371475,949265247.7126286,38.10400000000003,38.102619266459044,2.4097832334757685,0.2196703379094605,inf,0,0,0,0,-1,inf,0,-1,0,0,-1,0,0,6080,81,0,0,2314,3685,1.6302262383253165,3.7492413495437305,False
following_lateral_offset,P2,18004,40,4.0,0.0,14.666593990023495,-9.680000375128358,0.13769635970042277,0.029812562554666022,970187437.4453338,38.00000000000002,37.99775969799759,2.36574717421211,0.1866525782672405,inf,0,0,0,0,-1,inf,0,-1,0,0,-1,0,0,6080,136,0,0,2381,3563,1.6302262383253165,3.7492413495437305,False
following_lateral_offset,P3,18004,40,4.0,0.0,14.666593990023495,-9.680000375128358,0.13769635970042277,0.029812562554666022,970187437.4453338,38.00000000000002,37.99775969799759,2.36574717421211,0.1866525782672405,inf,0,0,0,0,-1,inf,0,-1,0,0,-1,0,0,6080,136,0,0,2381,3563,1.6302262383253165,3.7492413495437305,False
following_lateral_offset,P4,18004,40,4.0,0.0,14.100178960370746,-20.708390327618105,0.1380541900961853,0.03777088113822559,962229118.8617744,38.050000000000026,38.04864624995167,2.353684012207761,0.16919360366406136,inf,0,0,0,0,-1,inf,0,-1,0,0,-1,0,0,6080,84,0,0,2370,3626,1.6302262383253165,3.7492413495437305,False
following_lateral_offset,P0,18005,40,4.0,0.0,12.480012581057627,-42.212489079601454,0.1704415990597949,0.05049244515242065,949507554.8475794,38.364000000000026,38.364000000000026,2.153252423660523,0.07313884306035368,inf,0,0,0,0,-1,inf,1,40,0,0,-1,0,1,6080,0,0,0,2497,3583,1.8715484522323016,4.205238039903441,False
following_lateral_offset,P1,18005,40,4.0,0.0,12.480012581057627,-42.212489079601454,0.1704415990597949,0.05049244515242065,949507554.8475794,38.364000000000026,38.364000000000026,2.153252423660523,0.07313884306035368,inf,0,0,0,0,-1,inf,1,40,0,0,-1,0,1,6080,0,0,0,2497,3583,1.8715484522323016,4.205238039903441,False
following_lateral_offset,P2,18005,40,4.0,0.0,12.480012581057627,-42.212489079601454,0.1704415990597949,0.05049244515242065,949507554.8475794,38.364000000000026,38.364000000000026,2.153252423660523,0.07313884306035368,inf,0,0,0,0,-1,inf,1,40,0,0,-1,0,1,6080,0,0,0,2497,3583,1.8715484522323016,4.205238039903441,False
following_lateral_offset,P3,18005,40,4.0,0.0,12.480012581057627,-42.212489079601454,0.1704415990597949,0.05049244515242065,949507554.8475794,38.364000000000026,38.364000000000026,2.153252423660523,0.07313884306035368,inf,0,0,0,0,-1,inf,1,40,0,0,-1,0,1,6080,0,0,0,2497,3583,1.8715484522323016,4.205238039903441,False
following_lateral_offset,P4,18005,40,4.0,0.0,12.480012581057627,-42.212489079601454,0.1704415990597949,0.05049244515242065,949507554.8475794,38.364000000000026,38.364000000000026,2.153252423660523,0.07313884306035368,inf,0,0,0,0,-1,inf,1,40,0,0,-1,0,1,6080,0,0,0,2497,3583,1.8715484522323016,4.205238039903441,False
following_lateral_offset,P0,18006,40,4.0,0.0,14.050345468442313,-21.655723505873652,0.14789347742018402,0.03745195827617147,962548041.7238286,37.93999999999998,37.93999999999998,2.4907027120875083,0.24296704395824872,inf,0,0,0,0,-1,inf,1,40,0,0,-1,0,1,6080,0,0,0,2589,3491,1.7441667739184243,3.9431091769373636,False
following_lateral_offset,P1,18006,40,4.0,0.0,14.050345468442313,-21.655723505873652,0.14789347742018402,0.03745195827617147,962548041.7238286,37.93999999999998,37.93999999999998,2.4907027120875083,0.24296704395824872,inf,0,0,0,0,-1,inf,1,40,0,0,-1,0,1,6080,0,0,0,2589,3491,1.7441667739184243,3.9431091769373636,False
following_lateral_offset,P2,18006,40,4.0,0.0,14.432916747538576,-17.281809492641685,0.14754351599091514,0.03103541460030603,968964585.3996941,37.89999999999999,37.89910374289576,2.4939264638370098,0.28453286959933594,inf,0,0,0,0,-1,inf,0,-1,0,0,-1,0,0,6080,50,0,0,2538,3492,1.7441667739184243,3.9431091769373636,False
following_lateral_offset,P3,18006,40,4.0,0.0,14.432916747538576,-17.281809492641685,0.14754351599091514,0.03103541460030603,968964585.3996941,37.89999999999999,37.89910374289576,2.4939264638370098,0.28453286959933594,inf,0,0,0,0,-1,inf,0,-1,0,0,-1,0,0,6080,50,0,0,2538,3492,1.7441667739184243,3.9431091769373636,False
following_lateral_offset,P4,18006,40,4.0,0.0,14.050345468442313,-21.655723505873652,0.14789347742018402,0.03745195827617147,962548041.7238286,37.93999999999998,37.93999999999998,2.4907027120875083,0.24296704395824872,inf,0,0,0,0,-1,inf,1,40,0,0,-1,0,1,6080,0,0,0,2589,3491,1.7441667739184243,3.9431091769373636,False
following_lateral_offset,P0,18007,40,4.0,0.0,11.00205256285875,-59.48371007013732,0.1710726151875536,0.05801384131650463,941986158.6834953,38.170000000000016,38.16414939249611,2.43382227022941,0.3372289014791591,inf,0,0,0,0,-1,inf,0,-1,0,0,-1,0,0,6080,199,0,0,2394,3487,1.7963349386421819,4.003288936139015,False
following_lateral_offset,P1,18007,40,4.0,0.0,11.00205256285875,-59.48371007013732,0.1710726151875536,0.05801384131650463,941986158.6834953,38.170000000000016,38.16414939249611,2.43382227022941,0.3372289014791591,inf,0,0,0,0,-1,inf,0,-1,0,0,-1,0,0,6080,199,0,0,2394,3487,1.7963349386421819,4.003288936139015,False
following_lateral_offset,P2,18007,40,4.0,0.0,11.00205256285875,-59.48371007013732,0.1710726151875536,0.05801384131650463,941986158.6834953,38.170000000000016,38.16414939249611,2.43382227022941,0.3372289014791591,inf,0,0,0,0,-1,inf,0,-1,0,0,-1,0,0,6080,199,0,0,2394,3487,1.7963349386421819,4.003288936139015,False
following_lateral_offset,P3,18007,40,4.0,0.0,11.01021329147963,-59.15728092530219,0.17107261518755357,0.05801384021758281,941986159.782417,38.16500000000001,38.159159583864614,2.4373791770915467,0.3490249785047793,inf,0,0,0,0,-1,inf,0,-1,0,0,-1,0,0,6080,199,0,0,2393,3488,1.7963349386421819,4.003288936139015,False
following_lateral_offset,P4,18007,40,4.0,0.0,11.00205256285875,-59.48371007013732,0.1710726151875536,0.05801384131650463,941986158.6834953,38.170000000000016,38.16414939249611,2.43382227022941,0.3372289014791591,inf,0,0,0,0,-1,inf,0,-1,0,0,-1,0,0,6080,199,0,0,2394,3487,1.7963349386421819,4.003288936139015,False
following_lateral_offset,P0,18008,40,4.0,0.0,12.617329472524013,-29.908467257871457,0.17628992649407355,0.05202506477384981,947974935.2261502,38.06000000000002,38.059002264514234,2.427117085527787,0.31482695021764157,inf,0,0,0,0,-1,inf,0,-1,0,0,-1,0,0,6080,47,0,0,2627,3406,1.7051380699551184,3.8889282049975065,False
following_lateral_offset,P1,18008,40,4.0,0.0,12.617329472524013,-29.908467257871457,0.17628992649407355,0.05202506477384981,947974935.2261502,38.06000000000002,38.059002264514234,2.427117085527787,0.31482695021764157,inf,0,0,0,0,-1,inf,0,-1,0,0,-1,0,0,6080,47,0,0,2627,3406,1.7051380699551184,3.8889282049975065,False
following_lateral_offset,P2,18008,40,4.0,0.0,12.43511284739015,-37.19713226322598,0.17628992663687018,0.05203544133331199,947964558.666688,38.06000000000002,38.059002264514234,2.427117085527787,0.3854659204984976,inf,0,0,0,0,-1,inf,0,-1,0,0,-1,0,0,6080,47,0,0,2627,3406,1.7051380699551184,3.8889282049975065,False
following_lateral_offset,P3,18008,40,4.0,0.0,12.43511284739015,-37.19713226322598,0.17628992663687018,0.05203544133331199,947964558.666688,38.06000000000002,38.059002264514234,2.427117085527787,0.3854659204984976,inf,0,0,0,0,-1,inf,0,-1,0,0,-1,0,0,6080,47,0,0,2627,3406,1.7051380699551184,3.8889282049975065,False
following_lateral_offset,P4,18008,40,4.0,0.0,12.617329472524013,-29.908467257871457,0.17628992649407355,0.05202506477384981,947974935.2261502,38.06000000000002,38.059002264514234,2.427117085527787,0.31482695021764157,inf,0,0,0,0,-1,inf,0,-1,0,0,-1,0,0,6080,47,0,0,2627,3406,1.7051380699551184,3.8889282049975065,False
following_lateral_offset,P0,18009,40,4.0,0.0,12.929796957056823,-34.08008495867249,0.17018688986291658,0.0482236338717067,951776366.1282933,38.22000000000003,38.22000000000003,2.264597094407723,0.1406857257165611,inf,0,0,0,0,-1,inf,1,40,0,0,-1,0,1,6080,0,0,0,2512,3568,1.7661287016393978,4.037521148308111,False
following_lateral_offset,P1,18009,40,4.0,0.0,12.929796957056823,-34.08008495867249,0.17018688986291658,0.0482236338717067,951776366.1282933,38.22000000000003,38.22000000000003,2.264597094407723,0.1406857257165611,inf,0,0,0,0,-1,inf,1,40,0,0,-1,0,1,6080,0,0,0,2512,3568,1.7661287016393978,4.037521148308111,False
following_lateral_offset,P2,18009,40,4.0,0.0,15.528071141385066,2.204191791873896,0.11727798472169668,0.002702722456460807,997297277.5435393,38.000000000000014,37.98944706008134,2.3043728965738164,0.19004748791381615,inf,0,0,0,0,-1,inf,0,-1,0,0,-1,0,0,6080,272,0,0,2239,3569,1.7661287016393978,4.037521148308111,False
following_lateral_offset,P3,18009,40,4.0,0.0,14.321418230176036,-18.213493124200234,0.15157610582656422,0.030050543028548055,969949456.971452,38.060000000000024,38.05784197250432,2.3161094650863987,0.20901936609284671,inf,0,0,0,0,-1,inf,0,-1,0,0,-1,0,0,6080,135,0,0,2362,3583,1.7661287016393978,4.037521148308111,False
following_lateral_offset,P4,18009,40,4.0,0.0,13.980287755319655,-26.437918586157863,0.15159400895078257,0.031990714780918014,968009285.2190819,38.06000000000002,38.05824287591319,2.331490289067875,0.2559756815454526,inf,0,0,0,0,-1,inf,0,-1,0,0,-1,0,0,6080,111,0,0,2377,3592,1.7661287016393978,4.037521148308111,False
following_lateral_offset,P0,18010,40,4.0,0.0,12.295351800920916,-49.826175773421454,0.16910120683742447,0.048124568439455305,951875431.5605446,38.17500000000002,38.17407136044815,2.3363492084887314,0.2446718915887256,inf,0,0,0,0,-1,inf,0,-1,0,0,-1,0,0,6080,55,0,0,2478,3547,1.6929589479885288,3.8862722321204126,False
following_lateral_offset,P1,18010,40,4.0,0.0,12.295351800920916,-49.826175773421454,0.16910120683742447,0.048124568439455305,951875431.5605446,38.17500000000002,38.17407136044815,2.3363492084887314,0.2446718915887256,inf,0,0,0,0,-1,inf,0,-1,0,0,-1,0,0,6080,55,0,0,2478,3547,1.6929589479885288,3.8862722321204126,False
following_lateral_offset,P2,18010,40,4.0,0.0,15.350937667060501,-7.067158974271592,0.10662225633583726,0.013986724637647108,986013275.362353,37.83000000000002,37.82496612070218,2.4783309497691417,0.37552325323625174,inf,0,0,0,0,-1,inf,0,-1,0,0,-1,0,0,6080,213,0,0,2337,3530,1.6929589479885288,3.8862722321204126,False
following_lateral_offset,P3,18010,40,4.0,0.0,14.975722384379145,-9.534532585417672,0.13204274081287756,0.019050829762487877,980949170.2375122,37.83000000000002,37.82748555619847,2.5010317466170213,0.3894072384680344,inf,0,0,0,0,-1,inf,0,-1,0,0,-1,0,0,6080,155,0,0,2360,3565,1.6929589479885288,3.8862722321204126,False
following_lateral_offset,P4,18010,40,4.0,0.0,14.975722384379145,-9.534532585417672,0.13204274081287756,0.019050829762487877,980949170.2375122,37.83000000000002,37.82748555619847,2.5010317466170213,0.3894072384680344,inf,0,0,0,0,-1,inf,0,-1,0,0,-1,0,0,6080,155,0,0,2360,3565,1.6929589479885288,3.8862722321204126,False
following_lateral_offset,P0,18011,40,4.0,0.0,13.20301975133152,-27.375367814641926,0.17018554626376553,0.04786005046160718,952139949.5383928,38.08000000000003,38.08000000000003,2.3762154784446414,0.20488096428808475,inf,0,0,0,0,-1,inf,0,-1,0,0,-1,0,0,6080,0,0,0,2589,3491,1.60860840230422,3.792454752250754,False
following_lateral_offset,P1,18011,40,4.0,0.0,13.20301975133152,-27.375367814641926,0.17018554626376553,0.04786005046160718,952139949.5383928,38.08000000000003,38.08000000000003,2.3762154784446414,0.20488096428808475,inf,0,0,0,0,-1,inf,0,-1,0,0,-1,0,0,6080,0,0,0,2589,3491,1.60860840230422,3.792454752250754,False
following_lateral_offset,P2,18011,40,4.0,0.0,13.549742595396756,-19.24385876973193,0.17018461533445955,0.04722019901944085,952779800.9805591,38.080000000000034,38.079511927437494,2.3598575958193835,0.2072132473674483,inf,0,0,0,0,-1,inf,0,-1,0,0,-1,0,0,6080,23,0,0,2581,3476,1.60860840230422,3.792454752250754,False
following_lateral_offset,P3,18011,40,4.0,0.0,13.549742595396756,-19.24385876973193,0.17018461533445955,0.04722019901944085,952779800.9805591,38.080000000000034,38.079511927437494,2.3598575958193835,0.2072132473674483,inf,0,0,0,0,-1,inf,0,-1,0,0,-1,0,0,6080,23,0,0,2581,3476,1.60860840230422,3.792454752250754,False
following_lateral_offset,P4,18011,40,4.0,0.0,13.20301975133152,-27.375367814641926,0.17018554626376553,0.04786005046160718,952139949.5383928,38.08000000000003,38.08000000000003,2.3762154784446414,0.20488096428808475,inf,0,0,0,0,-1,inf,0,-1,0,0,-1,0,0,6080,0,0,0,2589,3491,1.60860840230422,3.792454752250754,False
following_lateral_offset,P0,18012,40,4.0,0.0,14.339076708690317,-20.75451538907262,0.14335733055519767,0.0318100286758259,968189971.3241742,37.739999999999995,37.739999999999995,2.658495815306096,0.39704082653265843,inf,0,0,0,0,-1,inf,0,-1,0,0,-1,0,0,6080,0,0,0,2559,3521,1.6888485572087162,3.9500565347200416,False
following_lateral_offset,P1,18012,40,4.0,0.0,14.339076708690317,-20.75451538907262,0.14335733055519767,0.0318100286758259,968189971.3241742,37.739999999999995,37.739999999999995,2.658495815306096,0.39704082653265843,inf,0,0,0,0,-1,inf,0,-1,0,0,-1,0,0,6080,0,0,0,2559,3521,1.6888485572087162,3.9500565347200416,False
following_lateral_offset,P2,18012,40,4.0,0.0,15.341945625884426,-2.29213623966735,0.13061637775357013,0.0092402321728947,990759767.8271053,37.66999999999998,37.667202347645706,2.6644114022622087,0.3838785558890491,inf,0,0,0,0,-1,inf,0,-1,0,0,-1,0,0,6080,98,0,0,2457,3525,1.6888485572087162,3.9500565347200416,False
following_lateral_offset,P3,18012,40,4.0,0.0,15.063642627288724,-8.919861991402641,0.13428190193461922,0.017046908398487798,982953091.6015122,37.66999999999998,37.66862842967064,2.677096439833154,0.42765182718104394,inf,0,0,0,0,-1,inf,0,-1,0,0,-1,0,0,6080,70,0,0,2476,3534,1.6888485572087162,3.9500565347200416,False
following_lateral_offset,P4,18012,40,4.0,0.0,15.063642627288724,-8.919861991402641,0.13428190193461922,0.017046908398487798,982953091.6015122,37.66999999999998,37.66862842967064,2.677096439833154,0.42765182718104394,inf,0,0,0,0,-1,inf,0,-1,0,0,-1,0,0,6080,70,0,0,2476,3534,1.6888485572087162,3.9500565347200416,False
following_lateral_offset,P0,18013,40,4.0,0.0,14.048930673622715,-14.575022177758036,0.16366453312787593,0.038716620529763095,961283379.470237,37.73000000000002,37.73000000000002,2.667002062241407,0.49512606723024294,inf,0,0,0,0,-1,inf,0,-1,0,0,-1,0,0,6080,0,0,0,2371,3709,1.7722941884308618,4.044125750884911,False
following_lateral_offset,P1,18013,40,4.0,0.0,14.048930673622715,-14.575022177758036,0.16366453312787593,0.038716620529763095,961283379.470237,37.73000000000002,37.73000000000002,2.667002062241407,0.49512606723024294,inf,0,0,0,0,-1,inf,0,-1,0,0,-1,0,0,6080,0,0,0,2371,3709,1.7722941884308618,4.044125750884911,False
following_lateral_offset,P2,18013,40,4.0,0.0,15.340093637057198,0.13219865563815958,0.134065912068835,0.005449898574363251,994550101.4256366,37.67000000000002,37.665282335040615,2.6411586257568254,0.491588573648362,inf,0,0,0,0,-1,inf,0,-1,0,0,-1,0,0,6080,150,0,0,2233,3697,1.7722941884308618,4.044125750884911,False
following_lateral_offset,P3,18013,40,4.0,0.0,15.027579150216335,-2.0739148056905634,0.14874678599028343,0.01382223168953256,986177768.3104675,37.670000000000016,37.668153817032696,2.665111613655635,0.47476053560272563,inf,0,0,0,0,-1,inf,0,-1,0,0,-1,0,0,6080,95,0,0,2279,3706,1.7722941884308618,4.044125750884911,False
following_lateral_offset,P4,18013,40,4.0,0.0,15.22351515775009,-1.1162357948858244,0.13309259110072466,0.010827434803092256,989172565.1969078,37.67000000000002,37.667846180535186,2.6538462254679853,0.46678521789450317,inf,0,0,0,0,-1,inf,0,-1,0,0,-1,0,0,6080,121,0,0,2257,3702,1.7722941884308618,4.044125750884911,False
following_lateral_offset,P0,18014,40,4.0,0.0,13.721662112839297,-15.407506728259339,0.16874590744944784,0.046273454297190646,953726545.7028093,37.72000000000002,37.71950446226187,2.6896644940444054,0.6217833666482335,inf,0,0,0,0,-1,inf,0,-1,0,0,-1,0,0,6080,23,0,0,2509,3548,1.690187467465209,3.8886162470904764,False
following_lateral_offset,P1,18014,40,4.0,0.0,13.721662112839297,-15.407506728259339,0.16874590744944784,0.046273454297190646,953726545.7028093,37.72000000000002,37.71950446226187,2.6896644940444054,0.6217833666482335,inf,0,0,0,0,-1,inf,0,-1,0,0,-1,0,0,6080,23,0,0,2509,3548,1.690187467465209,3.8886162470904764,False
following_lateral_offset,P2,18014,40,4.0,0.0,15.216956549580624,0.2292603761320926,0.13272810464959633,0.011758040242311156,988241959.7576889,37.60000000000002,37.59789553869188,2.7181981018058954,0.6282593083421275,inf,0,0,0,0,-1,inf,0,-1,0,0,-1,0,0,6080,123,0,0,2387,3570,1.690187467465209,3.8886162470904764,False
following_lateral_offset,P3,18014,40,4.0,0.0,14.724023050767295,-7.917894970866023,0.13610011849979187,0.029054487341937985,970945512.658062,37.60000000000002,37.598688322413004,2.743913942899582,0.6282593083421275,inf,0,0,0,0,-1,inf,0,-1,0,0,-1,0,0,6080,81,0,0,2423,3576,1.690187467465209,3.8886162470904764,False
following_lateral_offset,P4,18014,40,4.0,0.0,15.398924815009043,1.1818503712317465,0.12474786468588614,0.006629829168129724,993370170.8318703,37.60000000000002,37.59759785174689,2.7064252281125123,0.6274907638711025,inf,0,0,0,0,-1,inf,0,-1,0,0,-1,0,0,6080,143,0,0,2367,3570,1.690187467465209,3.8886162470904764,False
following_lateral_offset,P0,18015,40,4.0,0.0,12.693520828994512,-36.74979430365732,0.17038498601056712,0.04996351672535431,950036483.2746456,38.270000000000024,38.270000000000024,2.2255111772354494,0.1311801366484372,inf,0,0,0,0,-1,inf,2,39,0,0,-1,0,2,6080,0,0,0,2523,3557,1.6066682290361407,3.7829359359709045,False
following_lateral_offset,P1,18015,40,4.0,0.0,12.693520828994512,-36.74979430365732,0.17038498601056712,0.04996351672535431,950036483.2746456,38.270000000000024,38.270000000000024,2.2255111772354494,0.1311801366484372,inf,0,0,0,0,-1,inf,2,39,0,0,-1,0,2,6080,0,0,0,2523,3557,1.6066682290361407,3.7829359359709045,False
following_lateral_offset,P2,18015,40,4.0,0.0,12.693520828994512,-36.74979430365732,0.17038498601056712,0.04996351672535431,950036483.2746456,38.270000000000024,38.270000000000024,2.2255111772354494,0.1311801366484372,inf,0,0,0,0,-1,inf,2,39,0,0,-1,0,2,6080,0,0,0,2523,3557,1.6066682290361407,3.7829359359709045,False
following_lateral_offset,P3,18015,40,4.0,0.0,12.693520828994512,-36.74979430365732,0.17038498601056712,0.04996351672535431,950036483.2746456,38.270000000000024,38.270000000000024,2.2255111772354494,0.1311801366484372,inf,0,0,0,0,-1,inf,2,39,0,0,-1,0,2,6080,0,0,0,2523,3557,1.6066682290361407,3.7829359359709045,False
following_lateral_offset,P4,18015,40,4.0,0.0,12.693520828994512,-36.74979430365732,0.17038498601056712,0.04996351672535431,950036483.2746456,38.270000000000024,38.270000000000024,2.2255111772354494,0.1311801366484372,inf,0,0,0,0,-1,inf,2,39,0,0,-1,0,2,6080,0,0,0,2523,3557,1.6066682290361407,3.7829359359709045,False
following_lateral_offset,P0,18016,40,4.0,0.0,13.076650352829251,-29.880363695370143,0.17002315572483112,0.047717931987791236,952282068.0122087,37.93000000000002,37.929478047514976,2.51550387489784,0.4735065064960945,inf,0,0,0,0,-1,inf,0,-1,0,0,-1,0,0,6080,23,0,0,2588,3469,1.5410292371507959,3.648485067676023,False
following_lateral_offset,P1,18016,40,4.0,0.0,13.076650352829251,-29.880363695370143,0.17002315572483112,0.047717931987791236,952282068.0122087,37.93000000000002,37.929478047514976,2.51550387489784,0.4735065064960945,inf,0,0,0,0,-1,inf,0,-1,0,0,-1,0,0,6080,23,0,0,2588,3469,1.5410292371507959,3.648485067676023,False
following_lateral_offset,P2,18016,40,4.0,0.0,13.511052902514141,-27.057187451698475,0.16463187116779635,0.03841130268789109,961588697.312109,37.93000000000002,37.92849004039627,2.4874901915390923,0.4497918593139428,inf,0,0,0,0,-1,inf,0,-1,0,0,-1,0,0,6080,73,0,0,2565,3442,1.5410292371507959,3.648485067676023,False
following_lateral_offset,P3,18016,40,4.0,0.0,13.511052902514141,-27.057187451698475,0.16463187116779635,0.03841130268789109,961588697.312109,37.93000000000002,37.92849004039627,2.4874901915390923,0.4497918593139428,inf,0,0,0,0,-1,inf,0,-1,0,0,-1,0,0,6080,73,0,0,2565,3442,1.5410292371507959,3.648485067676023,False
following_lateral_offset,P4,18016,40,4.0,0.0,13.511052902514141,-27.057187451698475,0.16463187116779635,0.03841130268789109,961588697.312109,37.93000000000002,37.92849004039627,2.4874901915390923,0.4497918593139428,inf,0,0,0,0,-1,inf,0,-1,0,0,-1,0,0,6080,73,0,0,2565,3442,1.5410292371507959,3.648485067676023,False
following_lateral_offset,P0,18017,40,4.0,0.0,14.040743852289244,-13.688279882148862,0.16692479325065807,0.039382944545566664,960617055.4544334,37.700000000000024,37.700000000000024,2.6925824035672314,0.4587970075217928,inf,0,0,0,0,-1,inf,0,-1,0,0,-1,0,0,6080,0,0,0,2487,3593,1.7262968614935676,3.9564909856366084,False
following_lateral_offset,P1,18017,40,4.0,0.0,14.040743852289244,-13.688279882148862,0.16692479325065807,0.039382944545566664,960617055.4544334,37.700000000000024,37.700000000000024,2.6925824035672314,0.4587970075217928,inf,0,0,0,0,-1,inf,0,-1,0,0,-1,0,0,6080,0,0,0,2487,3593,1.7262968614935676,3.9564909856366084,False
following_lateral_offset,P2,18017,40,4.0,0.0,15.043445089700475,-0.7879221749678749,0.15281690110719173,0.011691566404419896,988308433.5955801,37.61000000000002,37.6081697278905,2.718778371802028,0.5108537119797648,inf,0,0,0,0,-1,inf,0,-1,0,0,-1,0,0,6080,93,0,0,2398,3589,1.7262968614935676,3.9564909856366084,False
following_lateral_offset,P3,18017,40,4.0,0.0,14.568418830818539,-4.360025287178232,0.16624614662831214,0.027247586759755478,972752413.2402445,37.67000000000002,37.66899415799549,2.6908853057916415,0.4941920351794959,inf,0,0,0,0,-1,inf,0,-1,0,0,-1,0,0,6080,46,0,0,2445,3589,1.7262968614935676,3.9564909856366084,False
following_lateral_offset,P4,18017,40,4.0,0.0,15.438807088530586,1.0230652105160551,0.12175044961476758,0.006278488623718104,993721511.376282,37.61000000000002,37.60758320450144,2.697132560717474,0.5282226009908936,inf,0,0,0,0,-1,inf,0,-1,0,0,-1,0,0,6080,145,0,0,2354,3581,1.7262968614935676,3.9564909856366084,False
following_lateral_offset,P0,18018,40,4.0,0.0,13.599789797124197,-20.688392276993675,0.16888866914233538,0.0448435088991527,955156491.1008472,37.914000000000016,37.914000000000016,2.512249191461694,0.3073431375193526,inf,0,0,0,0,-1,inf,0,-1,0,0,-1,0,0,6080,0,0,0,2367,3713,1.626958527373273,3.734147540095937,False
following_lateral_offset,P1,18018,40,4.0,0.0,13.599789797124197,-20.688392276993675,0.16888866914233538,0.0448435088991527,955156491.1008472,37.914000000000016,37.914000000000016,2.512249191461694,0.3073431375193526,inf,0,0,0,0,-1,inf,0,-1,0,0,-1,0,0,6080,0,0,0,2367,3713,1.626958527373273,3.734147540095937,False
following_lateral_offset,P2,18018,40,4.0,0.0,15.368620780864848,-1.1059644478310844,0.1186747013619898,0.009552654004745654,990447345.9952545,37.75666666666669,37.75198995282836,2.556219195599527,0.3431006026027247,inf,0,0,0,0,-1,inf,0,-1,0,0,-1,0,0,6080,179,0,0,2223,3678,1.626958527373273,3.734147540095937,False
following_lateral_offset,P3,18018,40,4.0,0.0,14.492269452836851,-11.877548499092804,0.14655178323599247,0.030222270282680604,969777729.7173195,37.754000000000026,37.75266911058502,2.6088432701711333,0.3929047717622335,inf,0,0,0,0,-1,inf,0,-1,0,0,-1,0,0,6080,77,0,0,2275,3728,1.626958527373273,3.734147540095937,False
following_lateral_offset,P4,18018,40,4.0,0.0,14.999190429719127,-3.2665008439460053,0.1449502394976241,0.01595869046367526,984041309.5363249,37.75666666666669,37.75455503061052,2.578573416384705,0.35739668311866646,inf,0,0,0,0,-1,inf,0,-1,0,0,-1,0,0,6080,120,0,0,2268,3692,1.626958527373273,3.734147540095937,False
following_lateral_offset,P0,18019,40,4.0,0.0,12.969038246073907,-36.039548440147335,0.16910208431192314,0.0473325599575768,952667440.0424232,38.11600000000002,38.11600000000002,2.3472230401050345,0.26200143637714146,inf,0,0,0,0,-1,inf,1,39,0,0,-1,0,1,6080,0,0,0,2431,3649,1.8007594421513424,4.014162160841299,False
following_lateral_offset,P1,18019,40,4.0,0.0,12.969038246073907,-36.039548440147335,0.16910208431192314,0.0473325599575768,952667440.0424232,38.11600000000002,38.11600000000002,2.3472230401050345,0.26200143637714146,inf,0,0,0,0,-1,inf,1,39,0,0,-1,0,1,6080,0,0,0,2431,3649,1.8007594421513424,4.014162160841299,False
following_lateral_offset,P2,18019,40,4.0,0.0,15.132120393275148,-5.590619957674193,0.12233293440153062,0.01817223515743683,981827764.8425633,37.950000000000024,37.94613708931514,2.3833364718956145,0.2615029341016444,inf,0,0,0,0,-1,inf,1,39,0,0,-1,0,1,6080,191,0,0,2234,3655,1.8007594421513424,4.014162160841299,False
following_lateral_offset,P3,18019,40,4.0,0.0,14.945365127690243,-6.89193551594758,0.13330017340856162,0.02169140717686272,978308592.8231373,37.950000000000024,37.947426967216686,2.395645893946021,0.27022198415741056,inf,0,0,0,0,-1,inf,1,39,0,0,-1,0,1,6080,159,0,0,2254,3667,1.8007594421513424,4.014162160841299,False
following_lateral_offset,P4,18019,40,4.0,0.0,14.795715039139159,-12.8779390579909,0.13331402795227318,0.02337574954203781,976624250.4579623,37.950000000000024,37.947426967216686,2.395645893946021,0.30706814020522,inf,0,0,0,0,-1,inf,1,39,0,0,-1,0,1,6080,159,0,0,2254,3667,1.8007594421513424,4.014162160841299,False
lane_choice,P0,18000,40,4.0,0.0,-1.4841772517946126,-13.800125353527465,0.7112488585418857,0.27149979741639463,728500202.5836054,12.99999999999999,12.882786325056207,16.782438462261936,inf,1.5013499953110632,0,0,0,0,-1,inf,0,-1,0,0,-1,0,0,6080,1879,0,1762,0,2439,1.7925034133229574,4.2523630327000275,False
lane_choice,P1,18000,40,4.0,0.0,11.415283391778743,7.917465961148334,0.1974985300149305,9.757018575009285e-05,999902429.81425,12.999999999999991,12.91210617836171,16.755131274768452,6.1060366622275195,1.5001885304115121,0,0,0,0,-1,inf,0,-1,0,0,-1,0,0,6080,1784,0,1780,0,2516,1.7925034133229574,4.2523630327000275,False
lane_choice,P2,18000,40,4.0,0.0,12.101132847578397,8.783780876789407,0.14732170842461895,1.652940373108823e-05,999983470.5962689,12.99999999999999,12.905349679254607,16.74847084715829,6.1060366622275195,1.5010597912286787,0,0,0,0,-1,inf,0,-1,0,0,-1,0,0,6080,1602,0,1812,0,2666,1.7925034133229574,4.2523630327000275,False
lane_choice,P3,18000,40,4.0,0.0,12.063550375071316,9.25160767216483,0.1418579390129871,8.954170154910074e-06,999991045.8298451,12.99999999999999,12.909750412021806,16.753017151880435,6.1060366622275195,1.5000801085241666,0,0,0,0,-1,inf,0,-1,0,0,-1,0,0,6080,1691,0,1829,0,2560,1.7925034133229574,4.2523630327000275,False
lane_choice,P4,18000,40,4.0,0.0,12.011930681626641,8.339167020023577,0.15681014940403565,3.197086409443261e-05,999968029.1359055,12.99999999999999,12.903358507552323,16.74847084715829,6.1060366622275195,1.508038196389593,0,0,0,0,-1,inf,0,-1,0,0,-1,0,0,6080,1616,0,1788,0,2676,1.7925034133229574,4.2523630327000275,False
lane_choice,P0,18001,40,4.0,0.0,-1.4841772517946126,-13.800125353527465,0.7112488585418857,0.27149979741639463,728500202.5836054,12.99999999999999,12.882786325056207,16.782438462261936,inf,1.5013499953110632,0,0,0,0,-1,inf,0,-1,0,0,-1,0,0,6080,1879,0,1762,0,2439,1.8521235497987008,4.274180255105954,False
lane_choice,P1,18001,40,4.0,0.0,11.458875709100306,8.09063390606506,0.19363949050527537,7.430131831917062e-05,999925698.6816809,12.999999999999988,12.910651675838745,16.753017151880435,6.1060366622275195,1.5012933668405384,0,0,0,0,-1,inf,0,-1,0,0,-1,0,0,6080,1766,0,1786,0,2528,1.8521235497987008,4.274180255105954,False
lane_choice,P2,18001,40,4.0,0.0,11.703198529149143,7.538257214268723,0.18573682980489212,0.00010507956624698466,999894920.433753,12.999999999999993,12.903734334916027,16.747476673586238,6.1060366622275195,1.5004848028643027,0,0,0,0,-1,inf,0,-1,0,0,-1,0,0,6080,1621,0,1836,0,2623,1.8521235497987008,4.274180255105954,False
lane_choice,P3,18001,40,4.0,0.0,11.761369247674176,8.763759785661756,0.16494697501400696,2.2891689134287736e-05,999977108.3108658,12.99999999999999,12.909748525722138,16.7508040885184,6.1060366622275195,1.500368498496405,0,0,0,0,-1,inf,0,-1,0,0,-1,0,0,6080,1706,0,1817,0,2557,1.8521235497987008,4.274180255105954,False
lane_choice,P4,18001,40,4.0,0.0,12.011930681626641,8.339167020023577,0.15681014940403565,3.197086409443261e-05,999968029.1359055,12.99999999999999,12.903358507552323,16.74847084715829,6.1060366622275195,1.508038196389593,0,0,0,0,-1,inf,0,-1,0,0,-1,0,0,6080,1616,0,1788,0,2676,1.8521235497987008,4.274180255105954,False
lane_choice,P0,18002,40,4.0,0.0,-1.4841772517946126,-13.800125353527465,0.7112488585418857,0.27149979741639463,728500202.5836054,12.99999999999999,12.882786325056207,16.782438462261936,inf,1.5013499953110632,0,0,0,0,-1,inf,0,-1,0,0,-1,0,0,6080,1879,0,1762,0,2439,1.6552555805066362,4.000772518940947,False
lane_choice,P1,18002,40,4.0,0.0,11.435182525296545,8.012373056845629,0.19517708609454484,8.383575704004449e-05,999916164.24296,12.99999999999999,12.910819574708963,16.753017151880435,6.1060366622275195,1.501167547298801,0,0,0,0,-1,inf,0,-1,0,0,-1,0,0,6080,1768,0,1784,0,2528,1.6552555805066362,4.000772518940947,False
lane_choice,P2,18002,40,4.0,0.0,12.008621702981113,8.339167020023577,0.15701360302838382,3.2002794464293644e-05,999967997.2055357,12.99999999999999,12.903358507552323,16.74847084715829,6.1060366622275195,1.508038196389593,0,0,0,0,-1,inf,0,-1,0,0,-1,0,0,6080,1631,0,1773,0,2676,1.6552555805066362,4.000772518940947,False
lane_choice,P3,18002,40,4.0,0.0,11.415283391778743,7.917465961148334,0.1974985300149305,9.757018575009285e-05,999902429.81425,12.999999999999991,12.91210617836171,16.755131274768452,6.1060366622275195,1.5001885304115121,0,0,0,0,-1,inf,0,-1,0,0,-1,0,0,6080,1784,0,1780,0,2516,1.6552555805066362,4.000772518940947,False
lane_choice,P4,18002,40,4.0,0.0,12.011930681626641,8.339167020023577,0.15681014940403565,3.197086409443261e-05,999968029.1359055,12.99999999999999,12.903358507552323,16.74847084715829,6.1060366622275195,1.508038196389593,0,0,0,0,-1,inf,0,-1,0,0,-1,0,0,6080,1616,0,1788,0,2676,1.6552555805066362,4.000772518940947,False
lane_choice,P0,18003,40,4.0,0.0,-1.4841772517946126,-13.800125353527465,0.7112488585418857,0.27149979741639463,728500202.5836054,12.99999999999999,12.882786325056207,16.782438462261936,inf,1.5013499953110632,0,0,0,0,-1,inf,0,-1,0,0,-1,0,0,6080,1879,0,1762,0,2439,1.7271513095104525,4.159376159865873,False
lane_choice,P1,18003,40,4.0,0.0,11.415283391778743,7.917465961148334,0.1974985300149305,9.757018575009285e-05,999902429.81425,12.999999999999991,12.91210617836171,16.755131274768452,6.1060366622275195,1.5001885304115121,0,0,0,0,-1,inf,0,-1,0,0,-1,0,0,6080,1784,0,1780,0,2516,1.7271513095104525,4.159376159865873,False
lane_choice,P2,18003,40,4.0,0.0,12.006669292576891,8.339167020023577,0.15719914595329887,3.211108957552374e-05,999967888.9104245,12.99999999999999,12.903343972408566,16.74847084715829,6.1060366622275195,1.5076951843659407,0,0,0,0,-1,inf,0,-1,0,0,-1,0,0,6080,1600,0,1804,0,2676,1.7271513095104525,4.159376159865873,False
lane_choice,P3,18003,40,4.0,0.0,12.076728932495755,9.263228055490746,0.13843144961890505,8.189156185971114e-06,999991810.8438139,12.99999999999999,12.911716648644994,16.757163456939804,6.1060366622275195,1.5028868179940864,0,0,0,0,-1,inf,0,-1,0,0,-1,0,0,6080,1729,0,1751,0,2600,1.7271513095104525,4.159376159865873,False
lane_choice,P4,18003,40,4.0,0.0,12.011930681626641,8.339167020023577,0.15681014940403565,3.197086409443261e-05,999968029.1359055,12.99999999999999,12.903358507552323,16.74847084715829,6.1060366622275195,1.508038196389593,0,0,0,0,-1,inf,0,-1,0,0,-1,0,0,6080,1616,0,1788,0,2676,1.7271513095104525,4.159376159865873,False
lane_choice,P0,18004,40,4.0,0.0,-1.4841772517946126,-13.800125353527465,0.7112488585418857,0.27149979741639463,728500202.5836054,12.99999999999999,12.882786325056207,16.782438462261936,inf,1.5013499953110632,0,0,0,0,-1,inf,0,-1,0,0,-1,0,0,6080,1879,0,1762,0,2439,1.7305505086940478,4.099957038617387,False
lane_choice,P1,18004,40,4.0,0.0,11.761369247674176,8.763759785661756,0.16494697501400696,2.2891689134287736e-05,999977108.3108658,12.99999999999999,12.909748525722138,16.7508040885184,6.1060366622275195,1.500368498496405,0,0,0,0,-1,inf,0,-1,0,0,-1,0,0,6080,1706,0,1817,0,2557,1.7305505086940478,4.099957038617387,False
lane_choice,P2,18004,40,4.0,0.0,12.011930681626641,8.339167020023577,0.15681014940403565,3.197086409443261e-05,999968029.1359055,12.99999999999999,12.903358507552323,16.74847084715829,6.1060366622275195,1.508038196389593,0,0,0,0,-1,inf,0,-1,0,0,-1,0,0,6080,1616,0,1788,0,2676,1.7305505086940478,4.099957038617387,False
lane_choice,P3,18004,40,4.0,0.0,11.761369247674176,8.763759785661756,0.16494697501400696,2.2891689134287736e-05,999977108.3108658,12.99999999999999,12.909748525722138,16.7508040885184,6.1060366622275195,1.500368498496405,0,0,0,0,-1,inf,0,-1,0,0,-1,0,0,6080,1706,0,1817,0,2557,1.7305505086940478,4.099957038617387,False
lane_choice,P4,18004,40,4.0,0.0,12.011930681626641,8.339167020023577,0.15681014940403565,3.197086409443261e-05,999968029.1359055,12.99999999999999,12.903358507552323,16.74847084715829,6.1060366622275195,1.508038196389593,0,0,0,0,-1,inf,0,-1,0,0,-1,0,0,6080,1616,0,1788,0,2676,1.7305505086940478,4.099957038617387,False
lane_choice,P0,18005,40,4.0,0.0,-1.4841772517946126,-13.800125353527465,0.7112488585418857,0.27149979741639463,728500202.5836054,12.99999999999999,12.882786325056207,16.782438462261936,inf,1.5013499953110632,0,0,0,0,-1,inf,0,-1,0,0,-1,0,0,6080,1879,0,1762,0,2439,1.9584409915892693,4.531296543816971,False
lane_choice,P1,18005,40,4.0,0.0,11.415283391778743,7.917465961148334,0.1974985300149305,9.757018575009285e-05,999902429.81425,12.999999999999991,12.91210617836171,16.755131274768452,6.1060366622275195,1.5001885304115121,0,0,0,0,-1,inf,0,-1,0,0,-1,0,0,6080,1784,0,1780,0,2516,1.9584409915892693,4.531296543816971,False
lane_choice,P2,18005,40,4.0,0.0,12.107906813712834,8.783780876789407,0.14677245839597974,1.6327819195592222e-05,999983672.1808045,12.99999999999999,12.905381218567516,16.74847084715829,6.1060366622275195,1.5022722459258522,0,0,0,0,-1,inf,0,-1,0,0,-1,0,0,6080,1619,0,1795,0,2666,1.9584409915892693,4.531296543816971,False
lane_choice,P3,18005,40,4.0,0.0,12.076728932495755,9.263228055490746,0.13843144961890505,8.189156185971114e-06,999991810.8438139,12.99999999999999,12.911716648644994,16.757163456939804,6.1060366622275195,1.5028868179940864,0,0,0,0,-1,inf,0,-1,0,0,-1,0,0,6080,1729,0,1751,0,2600,1.9584409915892693,4.531296543816971,False
lane_choice,P4,18005,40,4.0,0.0,12.011930681626641,8.339167020023577,0.15681014940403565,3.197086409443261e-05,999968029.1359055,12.99999999999999,12.903358507552323,16.74847084715829,6.1060366622275195,1.508038196389593,0,0,0,0,-1,inf,0,-1,0,0,-1,0,0,6080,1616,0,1788,0,2676,1.9584409915892693,4.531296543816971,False
lane_choice,P0,18006,40,4.0,0.0,-1.4841772517946126,-13.800125353527465,0.7112488585418857,0.27149979741639463,728500202.5836054,12.99999999999999,12.882786325056207,16.782438462261936,inf,1.5013499953110632,0,0,0,0,-1,inf,0,-1,0,0,-1,0,0,6080,1879,0,1762,0,2439,1.8069535065752593,4.220141170750957,False
lane_choice,P1,18006,40,4.0,0.0,11.415283391778743,7.917465961148334,0.1974985300149305,9.757018575009285e-05,999902429.81425,12.999999999999991,12.91210617836171,16.755131274768452,6.1060366622275195,1.5001885304115121,0,0,0,0,-1,inf,0,-1,0,0,-1,0,0,6080,1784,0,1780,0,2516,1.8069535065752593,4.220141170750957,False
lane_choice,P2,18006,40,4.0,0.0,11.868170159526652,8.07166943679648,0.16806416368996643,4.788813246915062e-05,999952111.8675308,12.999999999999991,12.905021738394877,16.74847084715829,6.1060366622275195,1.5058740108766693,0,0,0,0,-1,inf,0,-1,0,0,-1,0,0,6080,1638,0,1814,0,2628,1.8069535065752593,4.220141170750957,False
lane_choice,P3,18006,40,4.0,0.0,11.415283391778743,7.917465961148334,0.1974985300149305,9.757018575009285e-05,999902429.81425,12.999999999999991,12.91210617836171,16.755131274768452,6.1060366622275195,1.5001885304115121,0,0,0,0,-1,inf,0,-1,0,0,-1,0,0,6080,1784,0,1780,0,2516,1.8069535065752593,4.220141170750957,False
lane_choice,P4,18006,40,4.0,0.0,12.011930681626641,8.339167020023577,0.15681014940403565,3.197086409443261e-05,999968029.1359055,12.99999999999999,12.903358507552323,16.74847084715829,6.1060366622275195,1.508038196389593,0,0,0,0,-1,inf,0,-1,0,0,-1,0,0,6080,1616,0,1788,0,2676,1.8069535065752593,4.220141170750957,False
lane_choice,P0,18007,40,4.0,0.0,-1.4841772517946126,-13.800125353527465,0.7112488585418857,0.27149979741639463,728500202.5836054,12.99999999999999,12.882786325056207,16.782438462261936,inf,1.5013499953110632,0,0,0,0,-1,inf,0,-1,0,0,-1,0,0,6080,1879,0,1762,0,2439,1.8957865112886676,4.34026331658581,False
lane_choice,P1,18007,40,4.0,0.0,11.435182525296545,8.012373056845629,0.19517708609454484,8.383575704004449e-05,999916164.24296,12.99999999999999,12.910819574708963,16.753017151880435,6.1060366622275195,1.501167547298801,0,0,0,0,-1,inf,0,-1,0,0,-1,0,0,6080,1768,0,1784,0,2528,1.8957865112886676,4.34026331658581,False
lane_choice,P2,18007,40,4.0,0.0,12.006669292576891,8.339167020023577,0.15719914595329887,3.211108957552374e-05,999967888.9104245,12.99999999999999,12.903343972408566,16.74847084715829,6.1060366622275195,1.5076951843659407,0,0,0,0,-1,inf,0,-1,0,0,-1,0,0,6080,1600,0,1804,0,2676,1.8957865112886676,4.34026331658581,False
lane_choice,P3,18007,40,4.0,0.0,11.758934634062106,8.774627668072812,0.16437011258981962,2.2394814054187187e-05,999977605.1859459,12.999999999999993,12.90887192507583,16.752025539288738,6.1060366622275195,1.501057888153312,0,0,0,0,-1,inf,0,-1,0,0,-1,0,0,6080,1698,0,1823,0,2559,1.8957865112886676,4.34026331658581,False
lane_choice,P4,18007,40,4.0,0.0,12.011930681626641,8.339167020023577,0.15681014940403565,3.197086409443261e-05,999968029.1359055,12.99999999999999,12.903358507552323,16.74847084715829,6.1060366622275195,1.508038196389593,0,0,0,0,-1,inf,0,-1,0,0,-1,0,0,6080,1616,0,1788,0,2676,1.8957865112886676,4.34026331658581,False
lane_choice,P0,18008,40,4.0,0.0,-1.4841772517946126,-13.800125353527465,0.7112488585418857,0.27149979741639463,728500202.5836054,12.99999999999999,12.882786325056207,16.782438462261936,inf,1.5013499953110632,0,0,0,0,-1,inf,0,-1,0,0,-1,0,0,6080,1879,0,1762,0,2439,1.809481980821707,4.266318936995062,False
lane_choice,P1,18008,40,4.0,0.0,11.435182525296545,8.012373056845629,0.19517708609454484,8.383575704004449e-05,999916164.24296,12.99999999999999,12.910819574708963,16.753017151880435,6.1060366622275195,1.501167547298801,0,0,0,0,-1,inf,0,-1,0,0,-1,0,0,6080,1768,0,1784,0,2528,1.809481980821707,4.266318936995062,False
lane_choice,P2,18008,40,4.0,0.0,12.011280179544936,8.182492001612772,0.15796085111997002,3.999137683902114e-05,999960008.623161,12.99999999999999,12.905688536841826,16.74847084715829,6.1060366622275195,1.5018721618864839,0,0,0,0,-1,inf,0,-1,0,0,-1,0,0,6080,1625,0,1848,0,2607,1.809481980821707,4.266318936995062,False
lane_choice,P3,18008,40,4.0,0.0,12.076728932495755,9.263228055490746,0.13843144961890505,8.189156185971114e-06,999991810.8438139,12.99999999999999,12.911716648644994,16.757163456939804,6.1060366622275195,1.5028868179940864,0,0,0,0,-1,inf,0,-1,0,0,-1,0,0,6080,1729,0,1751,0,2600,1.809481980821707,4.266318936995062,False
lane_choice,P4,18008,40,4.0,0.0,12.011930681626641,8.339167020023577,0.15681014940403565,3.197086409443261e-05,999968029.1359055,12.99999999999999,12.903358507552323,16.74847084715829,6.1060366622275195,1.508038196389593,0,0,0,0,-1,inf,0,-1,0,0,-1,0,0,6080,1616,0,1788,0,2676,1.809481980821707,4.266318936995062,False
lane_choice,P0,18009,40,4.0,0.0,-1.4841772517946126,-13.800125353527465,0.7112488585418857,0.27149979741639463,728500202.5836054,12.99999999999999,12.882786325056207,16.782438462261936,inf,1.5013499953110632,0,0,0,0,-1,inf,0,-1,0,0,-1,0,0,6080,1879,0,1762,0,2439,1.8071294872752481,4.30595584864052,False
lane_choice,P1,18009,40,4.0,0.0,11.435182525296545,8.012373056845629,0.19517708609454484,8.383575704004449e-05,999916164.24296,12.99999999999999,12.910819574708963,16.753017151880435,6.1060366622275195,1.501167547298801,0,0,0,0,-1,inf,0,-1,0,0,-1,0,0,6080,1768,0,1784,0,2528,1.8071294872752481,4.30595584864052,False
lane_choice,P2,18009,40,4.0,0.0,12.107883195357731,8.783780876789407,0.14676623799851551,1.6303080500430516e-05,999983696.9194996,12.999999999999991,12.905360561870957,16.74847084715829,6.1060366622275195,1.5014044797033903,0,0,0,0,-1,inf,0,-1,0,0,-1,0,0,6080,1618,0,1796,0,2666,1.8071294872752481,4.30595584864052,False
lane_choice,P3,18009,40,4.0,0.0,11.435182525296545,8.012373056845629,0.19517708609454484,8.383575704004449e-05,999916164.24296,12.99999999999999,12.910819574708963,16.753017151880435,6.1060366622275195,1.501167547298801,0,0,0,0,-1,inf,0,-1,0,0,-1,0,0,6080,1768,0,1784,0,2528,1.8071294872752481,4.30595584864052,False
lane_choice,P4,18009,40,4.0,0.0,12.011930681626641,8.339167020023577,0.15681014940403565,3.197086409443261e-05,999968029.1359055,12.99999999999999,12.903358507552323,16.74847084715829,6.1060366622275195,1.508038196389593,0,0,0,0,-1,inf,0,-1,0,0,-1,0,0,6080,1616,0,1788,0,2676,1.8071294872752481,4.30595584864052,False
lane_choice,P0,18010,40,4.0,0.0,-1.4841772517946126,-13.800125353527465,0.7112488585418857,0.27149979741639463,728500202.5836054,12.99999999999999,12.882786325056207,16.782438462261936,inf,1.5013499953110632,0,0,0,0,-1,inf,0,-1,0,0,-1,0,0,6080,1879,0,1762,0,2439,1.7723982214286456,4.21484574771226,False
lane_choice,P1,18010,40,4.0,0.0,11.415283391778743,7.917465961148334,0.1974985300149305,9.757018575009285e-05,999902429.81425,12.999999999999991,12.91210617836171,16.755131274768452,6.1060366622275195,1.5001885304115121,0,0,0,0,-1,inf,0,-1,0,0,-1,0,0,6080,1784,0,1780,0,2516,1.7723982214286456,4.21484574771226,False
lane_choice,P2,18010,40,4.0,0.0,12.011280179544936,8.182492001612772,0.15796085111997002,3.999137683902114e-05,999960008.623161,12.99999999999999,12.905688536841826,16.74847084715829,6.1060366622275195,1.5018721618864839,0,0,0,0,-1,inf,0,-1,0,0,-1,0,0,6080,1625,0,1848,0,2607,1.7723982214286456,4.21484574771226,False
lane_choice,P3,18010,40,4.0,0.0,11.415283391778743,7.917465961148334,0.1974985300149305,9.757018575009285e-05,999902429.81425,12.999999999999991,12.91210617836171,16.755131274768452,6.1060366622275195,1.5001885304115121,0,0,0,0,-1,inf,0,-1,0,0,-1,0,0,6080,1784,0,1780,0,2516,1.7723982214286456,4.21484574771226,False
lane_choice,P4,18010,40,4.0,0.0,12.011930681626641,8.339167020023577,0.15681014940403565,3.197086409443261e-05,999968029.1359055,12.99999999999999,12.903358507552323,16.74847084715829,6.1060366622275195,1.508038196389593,0,0,0,0,-1,inf,0,-1,0,0,-1,0,0,6080,1616,0,1788,0,2676,1.7723982214286456,4.21484574771226,False
lane_choice,P0,18011,40,4.0,0.0,-1.4841772517946126,-13.800125353527465,0.7112488585418857,0.27149979741639463,728500202.5836054,12.99999999999999,12.882786325056207,16.782438462261936,inf,1.5013499953110632,0,0,0,0,-1,inf,0,-1,0,0,-1,0,0,6080,1879,0,1762,0,2439,1.7345369871995522,4.185007055224701,False
lane_choice,P1,18011,40,4.0,0.0,11.415283391778743,7.917465961148334,0.1974985300149305,9.757018575009285e-05,999902429.81425,12.999999999999991,12.91210617836171,16.755131274768452,6.1060366622275195,1.5001885304115121,0,0,0,0,-1,inf,0,-1,0,0,-1,0,0,6080,1784,0,1780,0,2516,1.7345369871995522,4.185007055224701,False
lane_choice,P2,18011,40,4.0,0.0,12.011930681626641,8.339167020023577,0.15681014940403565,3.197086409443261e-05,999968029.1359055,12.99999999999999,12.903358507552323,16.74847084715829,6.1060366622275195,1.508038196389593,0,0,0,0,-1,inf,0,-1,0,0,-1,0,0,6080,1616,0,1788,0,2676,1.7345369871995522,4.185007055224701,False
lane_choice,P3,18011,40,4.0,0.0,12.076728932495755,9.263228055490746,0.13843144961890505,8.189156185971114e-06,999991810.8438139,12.99999999999999,12.911716648644994,16.757163456939804,6.1060366622275195,1.5028868179940864,0,0,0,0,-1,inf,0,-1,0,0,-1,0,0,6080,1729,0,1751,0,2600,1.7345369871995522,4.185007055224701,False
lane_choice,P4,18011,40,4.0,0.0,12.011930681626641,8.339167020023577,0.15681014940403565,3.197086409443261e-05,999968029.1359055,12.99999999999999,12.903358507552323,16.74847084715829,6.1060366622275195,1.508038196389593,0,0,0,0,-1,inf,0,-1,0,0,-1,0,0,6080,1616,0,1788,0,2676,1.7345369871995522,4.185007055224701,False
lane_choice,P0,18012,40,4.0,0.0,-1.4841772517946126,-13.800125353527465,0.7112488585418857,0.27149979741639463,728500202.5836054,12.99999999999999,12.882786325056207,16.782438462261936,inf,1.5013499953110632,0,0,0,0,-1,inf,0,-1,0,0,-1,0,0,6080,1879,0,1762,0,2439,1.725639908270903,4.194775049100107,False
lane_choice,P1,18012,40,4.0,0.0,11.415283391778743,7.917465961148334,0.1974985300149305,9.757018575009285e-05,999902429.81425,12.999999999999991,12.91210617836171,16.755131274768452,6.1060366622275195,1.5001885304115121,0,0,0,0,-1,inf,0,-1,0,0,-1,0,0,6080,1784,0,1780,0,2516,1.725639908270903,4.194775049100107,False
lane_choice,P2,18012,40,4.0,0.0,12.008701804632036,8.229738049872287,0.15881413145339823,3.7394747089857576e-05,999962605.2529103,12.999999999999991,12.904499009576284,16.74847084715829,6.1060366622275195,1.5001177930900464,0,0,0,0,-1,inf,0,-1,0,0,-1,0,0,6080,1612,0,1861,0,2607,1.725639908270903,4.194775049100107,False
lane_choice,P3,18012,40,4.0,0.0,11.415283391778743,7.917465961148334,0.1974985300149305,9.757018575009285e-05,999902429.81425,12.999999999999991,12.91210617836171,16.755131274768452,6.1060366622275195,1.5001885304115121,0,0,0,0,-1,inf,0,-1,0,0,-1,0,0,6080,1784,0,1780,0,2516,1.725639908270903,4.194775049100107,False
lane_choice,P4,18012,40,4.0,0.0,12.011930681626641,8.339167020023577,0.15681014940403565,3.197086409443261e-05,999968029.1359055,12.99999999999999,12.903358507552323,16.74847084715829,6.1060366622275195,1.508038196389593,0,0,0,0,-1,inf,0,-1,0,0,-1,0,0,6080,1616,0,1788,0,2676,1.725639908270903,4.194775049100107,False
lane_choice,P0,18013,40,4.0,0.0,-1.4841772517946126,-13.800125353527465,0.7112488585418857,0.27149979741639463,728500202.5836054,12.99999999999999,12.882786325056207,16.782438462261936,inf,1.5013499953110632,0,0,0,0,-1,inf,0,-1,0,0,-1,0,0,6080,1879,0,1762,0,2439,1.8676996881791794,4.39122503372287,False
lane_choice,P1,18013,40,4.0,0.0,11.415283391778743,7.917465961148334,0.1974985300149305,9.757018575009285e-05,999902429.81425,12.999999999999991,12.91210617836171,16.755131274768452,6.1060366622275195,1.5001885304115121,0,0,0,0,-1,inf,0,-1,0,0,-1,0,0,6080,1784,0,1780,0,2516,1.8676996881791794,4.39122503372287,False
lane_choice,P2,18013,40,4.0,0.0,12.10846277555633,8.783780876789407,0.1467584698392844,1.6328797180109004e-05,999983671.2028201,12.99999999999999,12.905349679254607,16.74847084715829,6.1060366622275195,1.5010597912286787,0,0,0,0,-1,inf,0,-1,0,0,-1,0,0,6080,1617,0,1797,0,2666,1.8676996881791794,4.39122503372287,False
lane_choice,P3,18013,40,4.0,0.0,12.023936119321124,9.136985536205104,0.14269111116874683,1.0637499126205956e-05,999989362.5008739,12.99999999999999,12.911716648644994,16.757163456939804,6.1060366622275195,1.5028868179940864,0,0,0,0,-1,inf,0,-1,0,0,-1,0,0,6080,1729,0,1751,0,2600,1.8676996881791794,4.39122503372287,False
lane_choice,P4,18013,40,4.0,0.0,12.011930681626641,8.339167020023577,0.15681014940403565,3.197086409443261e-05,999968029.1359055,12.99999999999999,12.903358507552323,16.74847084715829,6.1060366622275195,1.508038196389593,0,0,0,0,-1,inf,0,-1,0,0,-1,0,0,6080,1616,0,1788,0,2676,1.8676996881791794,4.39122503372287,False
lane_choice,P0,18014,40,4.0,0.0,-1.4841772517946126,-13.800125353527465,0.7112488585418857,0.27149979741639463,728500202.5836054,12.99999999999999,12.882786325056207,16.782438462261936,inf,1.5013499953110632,0,0,0,0,-1,inf,0,-1,0,0,-1,0,0,6080,1879,0,1762,0,2439,1.7767448600057247,4.206005081062901,False
lane_choice,P1,18014,40,4.0,0.0,11.745317892373032,8.685339274074892,0.16510820070869775,2.5949230389124718e-05,999974050.769611,12.999999999999996,12.910190221619104,16.75414086214862,6.1060366622275195,1.5000540543503091,0,0,0,0,-1,inf,0,-1,0,0,-1,0,0,6080,1704,0,1816,0,2560,1.7767448600057247,4.206005081062901,False
lane_choice,P2,18014,40,4.0,0.0,12.10846277555633,8.783780876789407,0.1467584698392844,1.6328797180109004e-05,999983671.2028201,12.99999999999999,12.905349679254607,16.74847084715829,6.1060366622275195,1.5010597912286787,0,0,0,0,-1,inf,0,-1,0,0,-1,0,0,6080,1617,0,1797,0,2666,1.7767448600057247,4.206005081062901,False
lane_choice,P3,18014,40,4.0,0.0,11.745317892373032,8.685339274074892,0.16510820070869775,2.5949230389124718e-05,999974050.769611,12.999999999999996,12.910190221619104,16.75414086214862,6.1060366622275195,1.5000540543503091,0,0,0,0,-1,inf,0,-1,0,0,-1,0,0,6080,1704,0,1816,0,2560,1.7767448600057247,4.206005081062901,False
lane_choice,P4,18014,40,4.0,0.0,12.011930681626641,8.339167020023577,0.15681014940403565,3.197086409443261e-05,999968029.1359055,12.99999999999999,12.903358507552323,16.74847084715829,6.1060366622275195,1.508038196389593,0,0,0,0,-1,inf,0,-1,0,0,-1,0,0,6080,1616,0,1788,0,2676,1.7767448600057247,4.206005081062901,False
lane_choice,P0,18015,40,4.0,0.0,-1.4841772517946126,-13.800125353527465,0.7112488585418857,0.27149979741639463,728500202.5836054,12.99999999999999,12.882786325056207,16.782438462261936,inf,1.5013499953110632,0,0,0,0,-1,inf,0,-1,0,0,-1,0,0,6080,1879,0,1762,0,2439,1.6780082145444788,4.071873157107117,False
lane_choice,P1,18015,40,4.0,0.0,11.415283391778743,7.917465961148334,0.1974985300149305,9.757018575009285e-05,999902429.81425,12.999999999999991,12.91210617836171,16.755131274768452,6.1060366622275195,1.5001885304115121,0,0,0,0,-1,inf,0,-1,0,0,-1,0,0,6080,1784,0,1780,0,2516,1.6780082145444788,4.071873157107117,False
lane_choice,P2,18015,40,4.0,0.0,12.008701804632036,8.229738049872287,0.15881413145339823,3.7394747089857576e-05,999962605.2529103,12.999999999999991,12.904499009576284,16.74847084715829,6.1060366622275195,1.5001177930900464,0,0,0,0,-1,inf,0,-1,0,0,-1,0,0,6080,1612,0,1861,0,2607,1.6780082145444788,4.071873157107117,False
lane_choice,P3,18015,40,4.0,0.0,12.076728932495755,9.263228055490746,0.13843144961890505,8.189156185971114e-06,999991810.8438139,12.99999999999999,12.911716648644994,16.757163456939804,6.1060366622275195,1.5028868179940864,0,0,0,0,-1,inf,0,-1,0,0,-1,0,0,6080,1729,0,1751,0,2600,1.6780082145444788,4.071873157107117,False
lane_choice,P4,18015,40,4.0,0.0,12.011930681626641,8.339167020023577,0.15681014940403565,3.197086409443261e-05,999968029.1359055,12.99999999999999,12.903358507552323,16.74847084715829,6.1060366622275195,1.508038196389593,0,0,0,0,-1,inf,0,-1,0,0,-1,0,0,6080,1616,0,1788,0,2676,1.6780082145444788,4.071873157107117,False
lane_choice,P0,18016,40,4.0,0.0,-1.4841772517946126,-13.800125353527465,0.7112488585418857,0.27149979741639463,728500202.5836054,12.99999999999999,12.882786325056207,16.782438462261936,inf,1.5013499953110632,0,0,0,0,-1,inf,0,-1,0,0,-1,0,0,6080,1879,0,1762,0,2439,1.6347053692629796,3.9701763576992106,False
lane_choice,P1,18016,40,4.0,0.0,11.435182525296545,8.012373056845629,0.19517708609454484,8.383575704004449e-05,999916164.24296,12.99999999999999,12.910819574708963,16.753017151880435,6.1060366622275195,1.501167547298801,0,0,0,0,-1,inf,0,-1,0,0,-1,0,0,6080,1768,0,1784,0,2528,1.6347053692629796,3.9701763576992106,False
lane_choice,P2,18016,40,4.0,0.0,12.011930681626641,8.339167020023577,0.15681014940403565,3.197086409443261e-05,999968029.1359055,12.99999999999999,12.903358507552323,16.74847084715829,6.1060366622275195,1.508038196389593,0,0,0,0,-1,inf,0,-1,0,0,-1,0,0,6080,1616,0,1788,0,2676,1.6347053692629796,3.9701763576992106,False
lane_choice,P3,18016,40,4.0,0.0,12.076728932495755,9.263228055490746,0.13843144961890505,8.189156185971114e-06,999991810.8438139,12.99999999999999,12.911716648644994,16.757163456939804,6.1060366622275195,1.5028868179940864,0,0,0,0,-1,inf,0,-1,0,0,-1,0,0,6080,1729,0,1751,0,2600,1.6347053692629796,3.9701763576992106,False
lane_choice,P4,18016,40,4.0,0.0,12.011930681626641,8.339167020023577,0.15681014940403565,3.197086409443261e-05,999968029.1359055,12.99999999999999,12.903358507552323,16.74847084715829,6.1060366622275195,1.508038196389593,0,0,0,0,-1,inf,0,-1,0,0,-1,0,0,6080,1616,0,1788,0,2676,1.6347053692629796,3.9701763576992106,False
lane_choice,P0,18017,40,4.0,0.0,-1.4841772517946126,-13.800125353527465,0.7112488585418857,0.27149979741639463,728500202.5836054,12.99999999999999,12.882786325056207,16.782438462261936,inf,1.5013499953110632,0,0,0,0,-1,inf,0,-1,0,0,-1,0,0,6080,1879,0,1762,0,2439,1.7955626007843386,4.278622001865966,False
lane_choice,P1,18017,40,4.0,0.0,11.415283391778743,7.917465961148334,0.1974985300149305,9.757018575009285e-05,999902429.81425,12.999999999999991,12.91210617836171,16.755131274768452,6.1060366622275195,1.5001885304115121,0,0,0,0,-1,inf,0,-1,0,0,-1,0,0,6080,1784,0,1780,0,2516,1.7955626007843386,4.278622001865966,False
lane_choice,P2,18017,40,4.0,0.0,12.011280179544936,8.182492001612772,0.15796085111997002,3.999137683902114e-05,999960008.623161,12.99999999999999,12.905688536841826,16.74847084715829,6.1060366622275195,1.5018721618864839,0,0,0,0,-1,inf,0,-1,0,0,-1,0,0,6080,1625,0,1848,0,2607,1.7955626007843386,4.278622001865966,False
lane_choice,P3,18017,40,4.0,0.0,11.415283391778743,7.917465961148334,0.1974985300149305,9.757018575009285e-05,999902429.81425,12.999999999999991,12.91210617836171,16.755131274768452,6.1060366622275195,1.5001885304115121,0,0,0,0,-1,inf,0,-1,0,0,-1,0,0,6080,1784,0,1780,0,2516,1.7955626007843386,4.278622001865966,False
lane_choice,P4,18017,40,4.0,0.0,12.011930681626641,8.339167020023577,0.15681014940403565,3.197086409443261e-05,999968029.1359055,12.99999999999999,12.903358507552323,16.74847084715829,6.1060366622275195,1.508038196389593,0,0,0,0,-1,inf,0,-1,0,0,-1,0,0,6080,1616,0,1788,0,2676,1.7955626007843386,4.278622001865966,False
lane_choice,P0,18018,40,4.0,0.0,-1.4841772517946126,-13.800125353527465,0.7112488585418857,0.27149979741639463,728500202.5836054,12.99999999999999,12.882786325056207,16.782438462261936,inf,1.5013499953110632,0,0,0,0,-1,inf,0,-1,0,0,-1,0,0,6080,1879,0,1762,0,2439,1.7055474585671704,4.023248178788375,False
lane_choice,P1,18018,40,4.0,0.0,11.415283391778743,7.917465961148334,0.1974985300149305,9.757018575009285e-05,999902429.81425,12.999999999999991,12.91210617836171,16.755131274768452,6.1060366622275195,1.5001885304115121,0,0,0,0,-1,inf,0,-1,0,0,-1,0,0,6080,1784,0,1780,0,2516,1.7055474585671704,4.023248178788375,False
lane_choice,P2,18018,40,4.0,0.0,12.10846277555633,8.783780876789407,0.1467584698392844,1.6328797180109004e-05,999983671.2028201,12.99999999999999,12.905349679254607,16.74847084715829,6.1060366622275195,1.5010597912286787,0,0,0,0,-1,inf,0,-1,0,0,-1,0,0,6080,1617,0,1797,0,2666,1.7055474585671704,4.023248178788375,False
lane_choice,P3,18018,40,4.0,0.0,11.758934634062106,8.774627668072812,0.16437011258981962,2.2394814054187187e-05,999977605.1859459,12.999999999999993,12.90887192507583,16.752025539288738,6.1060366622275195,1.501057888153312,0,0,0,0,-1,inf,0,-1,0,0,-1,0,0,6080,1698,0,1823,0,2559,1.7055474585671704,4.023248178788375,False
lane_choice,P4,18018,40,4.0,0.0,12.011930681626641,8.339167020023577,0.15681014940403565,3.197086409443261e-05,999968029.1359055,12.99999999999999,12.903358507552323,16.74847084715829,6.1060366622275195,1.508038196389593,0,0,0,0,-1,inf,0,-1,0,0,-1,0,0,6080,1616,0,1788,0,2676,1.7055474585671704,4.023248178788375,False
lane_choice,P0,18019,40,4.0,0.0,-1.4841772517946126,-13.800125353527465,0.7112488585418857,0.27149979741639463,728500202.5836054,12.99999999999999,12.882786325056207,16.782438462261936,inf,1.5013499953110632,0,0,0,0,-1,inf,0,-1,0,0,-1,0,0,6080,1879,0,1762,0,2439,1.9187527041277264,4.411988540774966,False
lane_choice,P1,18019,40,4.0,0.0,11.415283391778743,7.917465961148334,0.1974985300149305,9.757018575009285e-05,999902429.81425,12.999999999999991,12.91210617836171,16.755131274768452,6.1060366622275195,1.5001885304115121,0,0,0,0,-1,inf,0,-1,0,0,-1,0,0,6080,1784,0,1780,0,2516,1.9187527041277264,4.411988540774966,False
lane_choice,P2,18019,40,4.0,0.0,12.008701804632036,8.229738049872287,0.15881413145339823,3.7394747089857576e-05,999962605.2529103,12.999999999999991,12.904499009576284,16.74847084715829,6.1060366622275195,1.5001177930900464,0,0,0,0,-1,inf,0,-1,0,0,-1,0,0,6080,1612,0,1861,0,2607,1.9187527041277264,4.411988540774966,False
lane_choice,P3,18019,40,4.0,0.0,12.023936119321124,9.136985536205104,0.14269111116874683,1.0637499126205956e-05,999989362.5008739,12.99999999999999,12.911716648644994,16.757163456939804,6.1060366622275195,1.5028868179940864,0,0,0,0,-1,inf,0,-1,0,0,-1,0,0,6080,1729,0,1751,0,2600,1.9187527041277264,4.411988540774966,False
lane_choice,P4,18019,40,4.0,0.0,12.011930681626641,8.339167020023577,0.15681014940403565,3.197086409443261e-05,999968029.1359055,12.99999999999999,12.903358507552323,16.74847084715829,6.1060366622275195,1.508038196389593,0,0,0,0,-1,inf,0,-1,0,0,-1,0,0,6080,1616,0,1788,0,2676,1.9187527041277264,4.411988540774966,False
overtake,P0,18000,50,5.0,0.0,22.756424566918767,17.202168997219456,0.0025254577851515554,2.187677222646314e-25,1000000000.0,46.28466666666663,46.28466666666663,2.7234005952580103,0.8225514588329808,inf,0,0,0,0,-1,inf,0,-1,0,0,-1,0,0,7600,0,0,0,2841,4759,1.4516707273102452,3.403007009685904,False
overtake,P1,18000,50,5.0,0.0,22.962751553937036,17.202168997219456,0.0024257593409442372,2.1851098415832407e-25,1000000000.0,46.35666666666665,46.35666666666665,2.6516196564084353,0.742325659038033,inf,0,0,0,0,-1,inf,0,-1,0,0,-1,0,0,7600,0,0,0,2921,4679,1.4516707273102452,3.403007009685904,False
overtake,P2,18000,50,5.0,0.0,22.741777110732897,17.202168997219456,0.0025261201160697677,2.187677222646314e-25,1000000000.0,46.264666666666635,46.264666666666635,2.7433417824953925,0.8349995916130615,inf,0,0,0,0,-1,inf,0,-1,0,0,-1,0,0,7600,0,0,0,2838,4762,1.4516707273102452,3.403007009685904,False
overtake,P3,18000,50,5.0,0.0,22.74830719299632,17.202168997219456,0.0025261287773828012,2.187677222646314e-25,1000000000.0,46.261333333333305,46.261333333333305,2.746665396849723,0.8399783965201155,inf,0,0,0,0,-1,inf,0,-1,0,0,-1,0,0,7600,0,0,0,2834,4766,1.4516707273102452,3.403007009685904,False
overtake,P4,18000,50,5.0,0.0,22.724554081695064,17.202168997219456,0.002530923976800946,2.187677222646314e-25,1000000000.0,46.28466666666664,46.28466666666664,2.7234005952580027,0.7877884525049746,inf,0,0,0,0,-1,inf,0,-1,0,0,-1,0,0,7600,0,0,0,2838,4762,1.4516707273102452,3.403007009685904,False
overtake,P0,18001,50,5.0,0.0,22.745866703493803,17.202168997219456,0.0025722926550006725,2.198349517100832e-25,1000000000.0,46.69033333333331,46.69033333333331,2.319145489668902,0.44418928656837137,inf,0,0,0,0,-1,inf,1,50,0,0,-1,0,1,7600,0,0,0,3067,4533,1.567772405246146,3.6343840142939765,False
overtake,P1,18001,50,5.0,0.0,22.836316140135768,17.202168997219456,0.0024856713985599867,2.185849447163625e-25,1000000000.0,46.64999999999997,46.64999999999997,2.3593167848215124,0.47540196515403405,inf,0,0,0,0,-1,inf,0,-1,0,0,-1,0,0,7600,0,0,0,3058,4542,1.567772405246146,3.6343840142939765,False
overtake,P2,18001,50,5.0,0.0,22.73313607094349,17.202168997219456,0.0025748889629994515,2.198349517100832e-25,1000000000.0,46.67699999999998,46.67699999999998,2.3324246378265854,0.4535569680671969,inf,0,0,0,0,-1,inf,1,50,0,0,-1,0,1,7600,0,0,0,3062,4538,1.567772405246146,3.6343840142939765,False
overtake,P3,18001,50,5.0,0.0,22.735114359139057,17.202168997219456,0.0025709305822960694,2.198349517100832e-25,1000000000.0,46.680333333333316,46.680333333333316,2.3291047927443937,0.4444492737465115,inf,0,0,0,0,-1,inf,1,50,0,0,-1,0,1,7600,0,0,0,3062,4538,1.567772405246146,3.6343840142939765,False
overtake,P4,18001,50,5.0,0.0,22.716479168142687,17.202168997219456,0.002574462552143246,2.198349517100832e-25,1000000000.0,46.66366666666666,46.66366666666666,2.345704400725903,0.45563495607312815,inf,0,0,0,0,-1,inf,1,50,0,0,-1,0,1,7600,0,0,0,3061,4539,1.567772405246146,3.6343840142939765,False
overtake,P0,18002,50,5.0,0.0,22.48769454925151,17.202168997219456,0.0025957196187975286,2.196947297376179e-25,1000000000.0,46.455333333333314,46.455333333333314,2.553273219924754,0.5519859286858728,inf,0,0,0,0,-1,inf,0,-1,0,0,-1,0,0,7600,0,0,0,2832,4768,1.4423394228599093,3.3156939166448463,False
overtake,P1,18002,50,5.0,0.0,22.75355111825456,17.202168997219456,0.002451797922171513,2.185109841583241e-25,1000000000.0,46.519999999999975,46.519999999999975,2.4888301852759067,0.5455546313449465,inf,0,0,0,0,-1,inf,0,-1,0,0,-1,0,0,7600,0,0,0,2924,4676,1.4423394228599093,3.3156939166448463,False
overtake,P2,18002,50,5.0,0.0,22.36136579551068,17.202168997219456,0.0026103870077802418,2.196947297376179e-25,1000000000.0,46.35366666666667,46.35366666666667,2.654610291973471,0.552380253398115,inf,0,0,0,0,-1,inf,0,-1,0,0,-1,0,0,7600,0,0,0,2790,4810,1.4423394228599093,3.3156939166448463,False
overtake,P3,18002,50,5.0,0.0,22.459149522842903,17.202168997219456,0.0025977360572913295,2.196947297376179e-25,1000000000.0,46.34699999999998,46.34699999999998,2.6612562242558466,0.7191326731521088,inf,0,0,0,0,-1,inf,0,-1,0,0,-1,0,0,7600,0,0,0,2791,4809,1.4423394228599093,3.3156939166448463,False
overtake,P4,18002,50,5.0,0.0,22.470643071190807,17.202168997219456,0.002597228096422561,2.196947297376179e-25,1000000000.0,46.3753333333333,46.3753333333333,2.6330117360641703,0.592235249885519,inf,0,0,0,0,-1,inf,0,-1,0,0,-1,0,0,7600,0,0,0,2808,4792,1.4423394228599093,3.3156939166448463,False
overtake,P0,18003,50,5.0,0.0,22.60305105874571,17.202168997219456,0.0025751243604379597,2.187868819570165e-25,1000000000.0,46.50299999999999,46.50299999999999,2.5057702790041256,0.436675502759684,inf,0,0,0,0,-1,inf,0,-1,0,0,-1,0,0,7600,0,0,0,2821,4779,1.5750252024618143,3.65305200932854,False
overtake,P1,18003,50,5.0,0.0,22.92518867985492,17.202168997219456,0.0024216956443797247,2.185109841583241e-25,1000000000.0,46.62666666666665,46.62666666666665,2.38255887697483,0.3391169131268597,inf,0,0,0,0,-1,inf,0,-1,0,0,-1,0,0,7600,0,0,0,2929,4671,1.5750252024618143,3.65305200932854,False
overtake,P2,18003,50,5.0,0.0,22.60305105874571,17.202168997219456,0.0025751243604379597,2.187868819570165e-25,1000000000.0,46.50299999999999,46.50299999999999,2.5057702790041256,0.436675502759684,inf,0,0,0,0,-1,inf,0,-1,0,0,-1,0,0,7600,0,0,0,2821,4779,1.5750252024618143,3.65305200932854,False
overtake,P3,18003,50,5.0,0.0,22.60305105874571,17.202168997219456,0.0025751243604379597,2.187868819570165e-25,1000000000.0,46.50299999999999,46.50299999999999,2.5057702790041256,0.436675502759684,inf,0,0,0,0,-1,inf,0,-1,0,0,-1,0,0,7600,0,0,0,2821,4779,1.5750252024618143,3.65305200932854,False
overtake,P4,18003,50,5.0,0.0,22.481741697564324,17.202168997219456,0.0025866831673736403,2.187868819570165e-25,1000000000.0,46.38633333333333,46.38633333333333,2.6220467454995577,0.5078584023390994,inf,0,0,0,0,-1,inf,0,-1,0,0,-1,0,0,7600,0,0,0,2756,4844,1.5750252024618143,3.65305200932854,False
overtake,P0,18004,50,5.0,0.0,22.822222081608526,17.202168997219456,0.002500796512001378,2.1955599471596343e-25,1000000000.0,46.68499999999999,46.68499999999999,2.3244570744886714,0.3492848230826113,inf,0,0,0,0,-1,inf,0,-1,0,0,-1,0,0,7600,0,0,0,2962,4638,1.5074378329351514,3.483138543597476,False
overtake,P1,18004,50,5.0,0.0,22.88591335715047,17.202168997219456,0.002446893717772992,2.185109841583241e-25,1000000000.0,46.68999999999998,46.68999999999998,2.3194774607959556,0.3566657424560472,inf,0,0,0,0,-1,inf,0,-1,0,0,-1,0,0,7600,0,0,0,2976,4624,1.5074378329351514,3.483138543597476,False
overtake,P2,18004,50,5.0,0.0,22.785837729502294,17.202168997219456,0.0025071795074613256,2.1955599471596343e-25,1000000000.0,46.71833333333333,46.71833333333333,2.291261327068169,0.30275776021768813,inf,0,0,0,0,-1,inf,0,-1,0,0,-1,0,0,7600,0,0,0,2957,4643,1.5074378329351514,3.483138543597476,False
overtake,P3,18004,50,5.0,0.0,22.785837729502294,17.202168997219456,0.0025071795074613256,2.1955599471596343e-25,1000000000.0,46.71833333333333,46.71833333333333,2.291261327068169,0.30275776021768813,inf,0,0,0,0,-1,inf,0,-1,0,0,-1,0,0,7600,0,0,0,2957,4643,1.5074378329351514,3.483138543597476,False
overtake,P4,18004,50,5.0,0.0,22.785837729502294,17.202168997219456,0.0025071795074613256,2.1955599471596343e-25,1000000000.0,46.71833333333333,46.71833333333333,2.291261327068169,0.30275776021768813,inf,0,0,0,0,-1,inf,0,-1,0,0,-1,0,0,7600,0,0,0,2957,4643,1.5074378329351514,3.483138543597476,False
overtake,P0,18005,50,5.0,0.0,22.648042497770977,17.202168997219456,0.002591997545289618,2.1981208069739506e-25,1000000000.0,46.45666666666664,46.45666666666664,2.551944383325183,0.639101728828178,inf,0,0,0,0,-1,inf,2,47,0,0,-1,0,2,7600,0,0,0,3004,4596,1.5839741794675857,3.684281681177601,False
overtake,P1,18005,50,5.0,0.0,22.901337946200513,17.202168997219456,0.0024482293617717897,2.185109841583241e-25,1000000000.0,46.409999999999975,46.409999999999975,2.560935510172894,0.6235920211214192,inf,0,0,0,0,-1,inf,0,-1,0,0,-1,0,0,7600,0,0,0,2943,4657,1.5839741794675857,3.684281681177601,False
overtake,P2,18005,50,5.0,0.0,22.523874045403314,17.202168997219456,0.002607099987961437,2.1981208069739506e-25,1000000000.0,46.373333333333306,46.373333333333306,2.6350054020662457,0.6860092696731207,inf,0,0,0,0,-1,inf,0,-1,0,0,-1,0,0,7600,0,0,0,2834,4766,1.5839741794675857,3.684281681177601,False
overtake,P3,18005,50,5.0,0.0,22.642051612337387,17.202168997219456,0.002594629060323433,2.1981208069739506e-25,1000000000.0,46.46999999999997,46.46999999999997,2.5386562766827114,0.6263870654124216,inf,0,0,0,0,-1,inf,2,47,0,0,-1,0,2,7600,0,0,0,3005,4595,1.5839741794675857,3.684281681177601,False
overtake,P4,18005,50,5.0,0.0,22.26224274416438,17.202168997219456,0.0026115302826982888,2.1981208069739506e-25,1000000000.0,46.40833333333331,46.403581445890076,2.619631653410988,0.6603510627232474,inf,0,0,0,0,-1,inf,0,-1,0,0,-1,0,0,7600,118,0,0,2811,4671,1.5839741794675857,3.684281681177601,False
overtake,P0,18006,50,5.0,0.0,22.909875666365078,17.202168997219456,0.002423749264362445,2.1851098415832407e-25,1000000000.0,46.50666666666664,46.50666666666664,2.5021164645658733,0.687726138468799,inf,0,0,0,0,-1,inf,0,-1,0,0,-1,0,0,7600,0,0,0,3060,4540,1.4583197248035003,3.440127399351419,False
overtake,P1,18006,50,5.0,0.0,22.897774439220463,17.202168997219456,0.0024260918197459925,2.1851098415832407e-25,1000000000.0,46.49999999999998,46.49999999999998,2.5087597914388864,0.6968170475597,inf,0,0,0,0,-1,inf,0,-1,0,0,-1,0,0,7600,0,0,0,3058,4542,1.4583197248035003,3.440127399351419,False
overtake,P2,18006,50,5.0,0.0,22.909875666365078,17.202168997219456,0.002423749264362445,2.1851098415832407e-25,1000000000.0,46.50666666666664,46.50666666666664,2.5021164645658733,0.687726138468799,inf,0,0,0,0,-1,inf,0,-1,0,0,-1,0,0,7600,0,0,0,3060,4540,1.4583197248035003,3.440127399351419,False
overtake,P3,18006,50,5.0,0.0,22.897774439220463,17.202168997219456,0.0024260918197459925,2.1851098415832407e-25,1000000000.0,46.49999999999998,46.49999999999998,2.5087597914388864,0.6968170475597,inf,0,0,0,0,-1,inf,0,-1,0,0,-1,0,0,7600,0,0,0,3058,4542,1.4583197248035003,3.440127399351419,False
overtake,P4,18006,50,5.0,0.0,22.897774439220463,17.202168997219456,0.0024260918197459925,2.1851098415832407e-25,1000000000.0,46.49999999999998,46.49999999999998,2.5087597914388864,0.6968170475597,inf,0,0,0,0,-1,inf,0,-1,0,0,-1,0,0,7600,0,0,0,3058,4542,1.4583197248035003,3.440127399351419,False
overtake,P0,18007,50,5.0,0.0,22.663916812395854,17.202168997219456,0.0025816775477368204,2.1937217728993955e-25,1000000000.0,46.441999999999965,46.441999999999965,2.566561842453939,0.5488737957014108,inf,0,0,0,0,-1,inf,0,-1,0,0,-1,0,0,7600,0,0,0,2811,4789,1.600102799007119,3.65714195028262,False
overtake,P1,18007,50,5.0,0.0,22.910925907101326,17.202168997219456,0.002428766067696362,2.185109841583241e-25,1000000000.0,46.48666666666664,46.48666666666664,2.522046814709223,0.5825916683819814,inf,0,0,0,0,-1,inf,0,-1,0,0,-1,0,0,7600,0,0,0,2917,4683,1.600102799007119,3.65714195028262,False
overtake,P2,18007,50,5.0,0.0,22.663916812395854,17.202168997219456,0.0025816775477368204,2.1937217728993955e-25,1000000000.0,46.441999999999965,46.441999999999965,2.566561842453939,0.5488737957014108,inf,0,0,0,0,-1,inf,0,-1,0,0,-1,0,0,7600,0,0,0,2811,4789,1.600102799007119,3.65714195028262,False
overtake,P3,18007,50,5.0,0.0,22.663916812395854,17.202168997219456,0.0025816775477368204,2.1937217728993955e-25,1000000000.0,46.441999999999965,46.441999999999965,2.566561842453939,0.5488737957014108,inf,0,0,0,0,-1,inf,0,-1,0,0,-1,0,0,7600,0,0,0,2811,4789,1.600102799007119,3.65714195028262,False
overtake,P4,18007,50,5.0,0.0,22.597794652106103,17.202168997219456,0.0025856516478467203,2.1937217728993955e-25,1000000000.0,46.34533333333331,46.34533333333331,2.6629177235227575,0.6421213841258392,inf,0,0,0,0,-1,inf,0,-1,0,0,-1,0,0,7600,0,0,0,2780,4820,1.600102799007119,3.65714195028262,False
overtake,P0,18008,50,5.0,0.0,22.480963436354592,17.202168997219456,0.002586469517463077,2.1974240019030807e-25,1000000000.0,46.35366666666664,46.35366666666664,2.654610291973499,0.6313136269816703,inf,0,0,0,0,-1,inf,0,-1,0,0,-1,0,0,7600,0,0,0,2880,4720,1.4951784471414071,3.5292063009751415,False
overtake,P1,18008,50,5.0,0.0,22.685002719901046,17.202168997219456,0.002465076381250779,2.185109841584627e-25,1000000000.0,46.4133333333333,46.4133333333333,2.5951339340359683,0.6286725565799541,inf,0,0,0,0,-1,inf,0,-1,0,0,-1,0,0,7600,0,0,0,2956,4644,1.4951784471414071,3.5292063009751415,False
overtake,P2,18008,50,5.0,0.0,22.503492070592547,17.202168997219456,0.0025874337213529614,2.1974240019030807e-25,1000000000.0,46.383666666666656,46.383666666666656,2.624704898126939,0.6359337194237963,inf,0,0,0,0,-1,inf,0,-1,0,0,-1,0,0,7600,0,0,0,2880,4720,1.4951784471414071,3.5292063009751415,False
overtake,P3,18008,50,5.0,0.0,22.480963436354592,17.202168997219456,0.002586469517463077,2.1974240019030807e-25,1000000000.0,46.35366666666664,46.35366666666664,2.654610291973499,0.6313136269816703,inf,0,0,0,0,-1,inf,0,-1,0,0,-1,0,0,7600,0,0,0,2880,4720,1.4951784471414071,3.5292063009751415,False
overtake,P4,18008,50,5.0,0.0,22.503492070592547,17.202168997219456,0.0025874337213529614,2.1974240019030807e-25,1000000000.0,46.383666666666656,46.383666666666656,2.624704898126939,0.6359337194237963,inf,0,0,0,0,-1,inf,0,-1,0,0,-1,0,0,7600,0,0,0,2880,4720,1.4951784471414071,3.5292063009751415,False
overtake,P0,18009,50,5.0,0.0,22.65564126729187,17.202168997219456,0.0025971516357361914,2.1962583960268063e-25,1000000000.0,46.46566666666667,46.46566666666667,2.5429748594087203,0.6935486971276243,inf,0,0,0,0,-1,inf,0,-1,0,0,-1,0,0,7600,0,0,0,2881,4719,1.4453063905354795,3.4426399276141098,False
overtake,P1,18009,50,5.0,0.0,22.983300043465746,17.202168997219456,0.0024287327547842996,2.1851098415832407e-25,1000000000.0,46.52333333333331,46.52333333333331,2.4855086941948645,0.7633606142185266,inf,0,0,0,0,-1,inf,0,-1,0,0,-1,0,0,7600,0,0,0,2991,4609,1.4453063905354795,3.4426399276141098,False
overtake,P2,18009,50,5.0,0.0,22.339910508078674,17.202168997219456,0.002635716246066524,2.1962583960268063e-25,1000000000.0,46.192333333333316,46.192333333333316,2.8154693751223054,0.8478682955537366,inf,0,0,0,0,-1,inf,0,-1,0,0,-1,0,0,7600,0,0,0,2760,4840,1.4453063905354795,3.4426399276141098,False
overtake,P3,18009,50,5.0,0.0,22.592854327009874,17.202168997219456,0.0026005015214908395,2.1962583960268063e-25,1000000000.0,46.33566666666667,46.33566666666667,2.6725545461695406,0.8626524131918295,inf,0,0,0,0,-1,inf,0,-1,0,0,-1,0,0,7600,0,0,0,2843,4757,1.4453063905354795,3.4426399276141098,False
overtake,P4,18009,50,5.0,0.0,22.336280036684357,17.202168997219456,0.0026358334266705073,2.1962583960268063e-25,1000000000.0,46.18566666666664,46.18566666666664,2.822117609571159,0.8539473229093669,inf,0,0,0,0,-1,inf,0,-1,0,0,-1,0,0,7600,0,0,0,2757,4843,1.4453063905354795,3.4426399276141098,False
overtake,P0,18010,50,5.0,0.0,22.39978822200294,17.202168997219456,0.0026506872360309614,2.198526397134887e-25,1000000000.0,46.41899999999998,46.41899999999998,2.5894857966670655,0.5635514135642867,inf,0,0,0,0,-1,inf,0,-1,0,0,-1,0,0,7600,0,0,0,2688,4912,1.5503232400201548,3.5430527539709,False
overtake,P1,18010,50,5.0,0.0,22.734666597069392,17.202168997219456,0.0024436424595926805,2.185109841583241e-25,1000000000.0,46.40666666666665,46.40666666666665,2.601778904695445,0.6151379205181546,inf,0,0,0,0,-1,inf,0,-1,0,0,-1,0,0,7600,0,0,0,2791,4809,1.5503232400201548,3.5430527539709,False
overtake,P2,18010,50,5.0,0.0,22.39978822200294,17.202168997219456,0.0026506872360309614,2.198526397134887e-25,1000000000.0,46.41899999999998,46.41899999999998,2.5894857966670655,0.5635514135642867,inf,0,0,0,0,-1,inf,0,-1,0,0,-1,0,0,7600,0,0,0,2688,4912,1.5503232400201548,3.5430527539709,False
overtake,P3,18010,50,5.0,0.0,22.39978822200294,17.202168997219456,0.0026506872360309614,2.198526397134887e-25,1000000000.0,46.41899999999998,46.41899999999998,2.5894857966670655,0.5635514135642867,inf,0,0,0,0,-1,inf,0,-1,0,0,-1,0,0,7600,0,0,0,2688,4912,1.5503232400201548,3.5430527539709,False
overtake,P4,18010,50,5.0,0.0,22.39978822200294,17.202168997219456,0.0026506872360309614,2.198526397134887e-25,1000000000.0,46.41899999999998,46.41899999999998,2.5894857966670655,0.5635514135642867,inf,0,0,0,0,-1,inf,0,-1,0,0,-1,0,0,7600,0,0,0,2688,4912,1.5503232400201548,3.5430527539709,False
overtake,P0,18011,50,5.0,0.0,22.739223015535437,17.202168997219456,0.002489150622923958,2.192631179119031e-25,1000000000.0,46.44833333333333,46.44833333333333,2.560249688783922,0.5922798261864166,inf,0,0,0,0,-1,inf,0,-1,0,0,-1,0,0,7600,0,0,0,2879,4721,1.4455069739013677,3.3576562354330486,False
overtake,P1,18011,50,5.0,0.0,22.864715300474035,17.202168997219456,0.002437006450491272,2.185109841583241e-25,1000000000.0,46.52666666666665,46.52666666666665,2.482187234863285,0.53814722393753,inf,0,0,0,0,-1,inf,0,-1,0,0,-1,0,0,7600,0,0,0,2935,4665,1.4455069739013677,3.3576562354330486,False
overtake,P2,18011,50,5.0,0.0,22.739223015535437,17.202168997219456,0.002489150622923958,2.192631179119031e-25,1000000000.0,46.44833333333333,46.44833333333333,2.560249688783922,0.5922798261864166,inf,0,0,0,0,-1,inf,0,-1,0,0,-1,0,0,7600,0,0,0,2879,4721,1.4455069739013677,3.3576562354330486,False
overtake,P3,18011,50,5.0,0.0,22.739223015535437,17.202168997219456,0.002489150622923958,2.192631179119031e-25,1000000000.0,46.44833333333333,46.44833333333333,2.560249688783922,0.5922798261864166,inf,0,0,0,0,-1,inf,0,-1,0,0,-1,0,0,7600,0,0,0,2879,4721,1.4455069739013677,3.3576562354330486,False
overtake,P4,18011,50,5.0,0.0,22.739223015535437,17.202168997219456,0.002489150622923958,2.192631179119031e-25,1000000000.0,46.44833333333333,46.44833333333333,2.560249688783922,0.5922798261864166,inf,0,0,0,0,-1,inf,0,-1,0,0,-1,0,0,7600,0,0,0,2879,4721,1.4455069739013677,3.3576562354330486,False
overtake,P0,18012,50,5.0,0.0,22.7028138575409,17.202168997219456,0.0025357694211606057,2.1892982528050917e-25,1000000000.0,46.44666666666665,46.44666666666665,2.561910771719337,0.6637252411142961,inf,0,0,0,0,-1,inf,1,49,0,0,-1,0,1,7600,0,0,0,3046,4554,1.399573080427058,3.302661912900061,False
overtake,P1,18012,50,5.0,0.0,22.671617688692812,17.202168997219456,0.0024939291205466007,2.1889376772872943e-25,1000000000.0,46.299999999999976,46.299999999999976,2.708112939140557,0.7581251932428048,inf,0,0,0,0,-1,inf,0,-1,0,0,-1,0,0,7600,0,0,0,2958,4642,1.399573080427058,3.302661912900061,False
overtake,P2,18012,50,5.0,0.0,22.45123603952293,17.202168997219456,0.0025608752255859377,2.1892982528050917e-25,1000000000.0,46.199999999999996,46.199999999999996,2.8078240135628874,0.7968305365825905,inf,0,0,0,0,-1,inf,0,-1,0,0,-1,0,0,7600,0,0,0,2891,4709,1.399573080427058,3.302661912900061,False
overtake,P3,18012,50,5.0,0.0,22.7028138575409,17.202168997219456,0.0025357694211606057,2.1892982528050917e-25,1000000000.0,46.44666666666665,46.44666666666665,2.561910771719337,0.6637252411142961,inf,0,0,0,0,-1,inf,1,49,0,0,-1,0,1,7600,0,0,0,3046,4554,1.399573080427058,3.302661912900061,False
overtake,P4,18012,50,5.0,0.0,22.494942916707636,17.202168997219456,0.0025555885099476905,2.1892982528050917e-25,1000000000.0,46.32,46.319462505937146,2.6910780386227384,0.7263427786782432,inf,0,0,0,0,-1,inf,0,-1,0,0,-1,0,0,7600,23,0,0,2950,4627,1.399573080427058,3.302661912900061,False
overtake,P0,18013,50,5.0,0.0,22.28536013578322,17.202168997219456,0.002656288110031283,2.198186928062703e-25,1000000000.0,46.28499999999999,46.28499999999999,2.723068249445914,0.6270796434141374,inf,0,0,0,0,-1,inf,0,-1,0,0,-1,0,0,7600,0,0,0,2680,4920,1.5979627473050226,3.620800242690572,False
overtake,P1,18013,50,5.0,0.0,22.820443554116245,17.202168997219456,0.0024484126767571075,2.185109841583241e-25,1000000000.0,46.559999999999995,46.559999999999995,2.4489744161873968,0.5611162508683067,inf,0,0,0,0,-1,inf,0,-1,0,0,-1,0,0,7600,0,0,0,2886,4714,1.5979627473050226,3.620800242690572,False
overtake,P2,18013,50,5.0,0.0,22.254337697487255,17.202168997219456,0.0026597212552967437,2.198186928062703e-25,1000000000.0,46.24499999999998,46.24499999999998,2.762951445671905,0.6518730318438934,inf,0,0,0,0,-1,inf,0,-1,0,0,-1,0,0,7600,0,0,0,2664,4936,1.5979627473050226,3.620800242690572,False
overtake,P3,18013,50,5.0,0.0,22.254337697487255,17.202168997219456,0.0026597212552967437,2.198186928062703e-25,1000000000.0,46.24499999999998,46.24499999999998,2.762951445671905,0.6518730318438934,inf,0,0,0,0,-1,inf,0,-1,0,0,-1,0,0,7600,0,0,0,2664,4936,1.5979627473050226,3.620800242690572,False
overtake,P4,18013,50,5.0,0.0,22.254337697487255,17.202168997219456,0.0026597212552967437,2.198186928062703e-25,1000000000.0,46.24499999999998,46.24499999999998,2.762951445671905,0.6518730318438934,inf,0,0,0,0,-1,inf,0,-1,0,0,-1,0,0,7600,0,0,0,2664,4936,1.5979627473050226,3.620800242690572,False
overtake,P0,18014,50,5.0,0.0,22.849856453169863,17.202168997219456,0.0025145120715009796,2.197846319467302e-25,1000000000.0,46.80999999999997,46.80999999999997,2.199994475252273,0.3635366964472669,inf,0,0,0,0,-1,inf,2,48,0,0,-1,0,2,7600,0,0,0,3070,4530,1.57119277742214,3.5535684128941147,False
overtake,P1,18014,50,5.0,0.0,23.133209676156856,17.202168997219456,0.0024124952286372022,2.1851098415832407e-25,1000000000.0,46.879999999999995,46.879999999999995,2.1303229077161983,0.3141479556505686,inf,0,0,0,0,-1,inf,2,48,0,0,-1,0,2,7600,0,0,0,3168,4432,1.57119277742214,3.5535684128941147,False
overtake,P2,18014,50,5.0,0.0,22.78835203608794,17.202168997219456,0.002511770745568323,2.196687420104911e-25,1000000000.0,46.635333333333314,46.635333333333314,2.3739258909209684,0.4901078157254503,inf,0,0,0,0,-1,inf,0,-1,0,0,-1,0,0,7600,0,0,0,2868,4732,1.57119277742214,3.5535684128941147,False
overtake,P3,18014,50,5.0,0.0,22.882699971004357,17.202168997219456,0.0025136293092956306,2.197846319467302e-25,1000000000.0,46.799999999999976,46.799999999999976,2.2099492508065617,0.37665461327458527,inf,0,0,0,0,-1,inf,2,48,0,0,-1,0,2,7600,0,0,0,3072,4528,1.57119277742214,3.5535684128941147,False
overtake,P4,18014,50,5.0,0.0,22.882699971004357,17.202168997219456,0.0025136293092956306,2.197846319467302e-25,1000000000.0,46.799999999999976,46.799999999999976,2.2099492508065617,0.37665461327458527,inf,0,0,0,0,-1,inf,2,48,0,0,-1,0,2,7600,0,0,0,3072,4528,1.57119277742214,3.5535684128941147,False
overtake,P0,18015,50,5.0,0.0,22.69729752268052,17.202168997219456,0.0025897925409905996,2.1966755995117254e-25,1000000000.0,46.45699999999998,46.45699999999998,2.5516121749083425,0.6238968011527253,inf,0,0,0,0,-1,inf,1,48,0,0,-1,0,1,7600,0,0,0,2897,4703,1.3831261568406648,3.2836361336092095,False
overtake,P1,18015,50,5.0,0.0,22.88419687306146,17.202168997219456,0.002435030650247489,2.1851098415832407e-25,1000000000.0,46.499999999999986,46.499999999999986,2.5087597914388793,0.6027582659083282,inf,0,0,0,0,-1,inf,1,48,0,0,-1,0,1,7600,0,0,0,2952,4648,1.3831261568406648,3.2836361336092095,False
overtake,P2,18015,50,5.0,0.0,22.56116230705809,17.202168997219456,0.002607147392767145,2.1966755995117254e-25,1000000000.0,46.372,46.372,2.636334518064879,0.6737182185189419,inf,0,0,0,0,-1,inf,1,48,0,0,-1,0,1,7600,0,0,0,2829,4771,1.3831261568406648,3.2836361336092095,False
overtake,P3,18015,50,5.0,0.0,22.611171442548788,17.202168997219456,0.0025985952521045195,2.1966755995117254e-25,1000000000.0,46.40366666666664,46.40366666666664,2.604769177665903,0.6611442634555142,inf,0,0,0,0,-1,inf,1,48,0,0,-1,0,1,7600,0,0,0,2845,4755,1.3831261568406648,3.2836361336092095,False
overtake,P4,18015,50,5.0,0.0,22.56116230705809,17.202168997219456,0.002607147392767145,2.1966755995117254e-25,1000000000.0,46.372,46.372,2.636334518064879,0.6737182185189419,inf,0,0,0,0,-1,inf,1,48,0,0,-1,0,1,7600,0,0,0,2829,4771,1.3831261568406648,3.2836361336092095,False
overtake,P0,18016,50,5.0,0.0,22.750117908578073,17.202168997219456,0.002535291700791529,2.1981189444256032e-25,1000000000.0,46.51999999999998,46.51999999999998,2.4888301852758996,0.657588171710415,inf,0,0,0,0,-1,inf,0,-1,0,0,-1,0,0,7600,0,0,0,2941,4659,1.3720439768460244,3.3327648820373668,False
overtake,P1,18016,50,5.0,0.0,23.031425597810475,17.202168997219456,0.0024235532225940757,2.1851098415832407e-25,1000000000.0,46.65666666666666,46.65666666666666,2.3526765188294636,0.5836969139511493,inf,0,0,0,0,-1,inf,0,-1,0,0,-1,0,0,7600,0,0,0,3042,4558,1.3720439768460244,3.3327648820373668,False
overtake,P2,18016,50,5.0,0.0,22.58979127507897,17.202168997219456,0.002562453236754168,2.1981189444256032e-25,1000000000.0,46.42333333333331,46.42333333333331,2.5851666875177712,0.6940935057603717,inf,0,0,0,0,-1,inf,0,-1,0,0,-1,0,0,7600,0,0,0,2882,4718,1.3720439768460244,3.3327648820373668,False
overtake,P3,18016,50,5.0,0.0,22.689699660183802,17.202168997219456,0.0025433364486306654,2.1981189444256032e-25,1000000000.0,46.46999999999998,46.46999999999998,2.5386562766827043,0.6935886771928816,inf,0,0,0,0,-1,inf,0,-1,0,0,-1,0,0,7600,0,0,0,2918,4682,1.3720439768460244,3.3327648820373668,False
overtake,P4,18016,50,5.0,0.0,22.60651136551186,17.202168997219456,0.0025541118181899238,2.1981189444256032e-25,1000000000.0,46.426666666666634,46.426666666666634,2.5818443283019583,0.6874843283367958,inf,0,0,0,0,-1,inf,0,-1,0,0,-1,0,0,7600,0,0,0,2895,4705,1.3720439768460244,3.3327648820373668,False
overtake,P0,18017,50,5.0,0.0,22.841941021004065,17.202168997219456,0.002498252940944151,2.1948584906256654e-25,1000000000.0,46.719999999999985,46.719999999999985,2.2896016446404923,0.403217459766515,inf,0,0,0,0,-1,inf,0,-1,0,0,-1,0,0,7600,0,0,0,3083,4517,1.5060765341902254,3.5352157565258175,False
overtake,P1,18017,50,5.0,0.0,22.930543371746886,17.202168997219456,0.0024405625197497977,2.185109841583241e-25,1000000000.0,46.66666666666664,46.66666666666664,2.342716401015055,0.4492068848984988,inf,0,0,0,0,-1,inf,0,-1,0,0,-1,0,0,7600,0,0,0,3064,4536,1.5060765341902254,3.5352157565258175,False
overtake,P2,18017,50,5.0,0.0,22.593897154580656,17.202168997219456,0.002538524441506441,2.1948584906256695e-25,1000000000.0,46.47999999999999,46.47999999999999,2.5286905091648584,0.570516368531108,inf,0,0,0,0,-1,inf,0,-1,0,0,-1,0,0,7600,0,0,0,2925,4675,1.5060765341902254,3.5352157565258175,False
overtake,P3,18017,50,5.0,0.0,22.716861780744217,17.202168997219456,0.002515490259071486,2.1948584906256654e-25,1000000000.0,46.53333333333333,46.53333333333333,2.475544411959687,0.552550793099838,inf,0,0,0,0,-1,inf,0,-1,0,0,-1,0,0,7600,0,0,0,2956,4644,1.5060765341902254,3.5352157565258175,False
overtake,P4,18017,50,5.0,0.0,22.716861780744217,17.202168997219456,0.002515490259071486,2.1948584906256654e-25,1000000000.0,46.53333333333333,46.53333333333333,2.475544411959687,0.552550793099838,inf,0,0,0,0,-1,inf,0,-1,0,0,-1,0,0,7600,0,0,0,2956,4644,1.5060765341902254,3.5352157565258175,False
overtake,P0,18018,50,5.0,0.0,22.613190368705187,17.202168997219456,0.0025857830685502526,2.196675309802009e-25,1000000000.0,46.493666666666655,46.493666666666655,2.5150710663753046,0.567062818845905,inf,0,0,0,0,-1,inf,0,-1,0,0,-1,0,0,7600,0,0,0,2773,4827,1.4392811113434052,3.3536735173644963,False
overtake,P1,18018,50,5.0,0.0,22.914113299946422,17.202168997219456,0.002436444079540903,2.185109841583241e-25,1000000000.0,46.61999999999996,46.61999999999996,2.3891998014273645,0.49919238379385816,inf,0,0,0,0,-1,inf,0,-1,0,0,-1,0,0,7600,0,0,0,2877,4723,1.4392811113434052,3.3536735173644963,False
overtake,P2,18018,50,5.0,0.0,22.590806669467558,17.202168997219456,0.002591951221509606,2.196675309802009e-25,1000000000.0,46.563666666666634,46.563666666666634,2.4453212063554446,0.5277577705974139,inf,0,0,0,0,-1,inf,0,-1,0,0,-1,0,0,7600,0,0,0,2763,4837,1.4392811113434052,3.3536735173644963,False
overtake,P3,18018,50,5.0,0.0,22.590806669467558,17.202168997219456,0.002591951221509606,2.196675309802009e-25,1000000000.0,46.563666666666634,46.563666666666634,2.4453212063554446,0.5277577705974139,inf,0,0,0,0,-1,inf,0,-1,0,0,-1,0,0,7600,0,0,0,2763,4837,1.4392811113434052,3.3536735173644963,False
overtake,P4,18018,50,5.0,0.0,22.590806669467558,17.202168997219456,0.002591951221509606,2.196675309802009e-25,1000000000.0,46.563666666666634,46.563666666666634,2.4453212063554446,0.5277577705974139,inf,0,0,0,0,-1,inf,0,-1,0,0,-1,0,0,7600,0,0,0,2763,4837,1.4392811113434052,3.3536735173644963,False
overtake,P0,18019,50,5.0,0.0,22.486737170114807,17.202168997219456,0.002642448292814453,2.1985263971349504e-25,1000000000.0,46.31233333333331,46.31233333333331,2.695816722674528,0.8284575117120029,inf,0,0,0,0,-1,inf,0,-1,0,0,-1,0,0,7600,0,0,0,2765,4835,1.59193858408379,3.5589931982632685,False
overtake,P1,18019,50,5.0,0.0,22.910234188058475,17.202168997219456,0.0024472620538681174,2.185109841583241e-25,1000000000.0,46.44666666666665,46.44666666666665,2.561910771719337,0.6877436421805948,inf,0,0,0,0,-1,inf,0,-1,0,0,-1,0,0,7600,0,0,0,2835,4765,1.59193858408379,3.5589931982632685,False
overtake,P2,18019,50,5.0,0.0,22.31224044983164,17.202168997219456,0.0026673989166785504,2.1985263971349504e-25,1000000000.0,46.17566666666665,46.17566666666665,2.8320901237281007,0.8855114857354532,inf,0,0,0,0,-1,inf,0,-1,0,0,-1,0,0,7600,0,0,0,2681,4919,1.59193858408379,3.5589931982632685,False
overtake,P3,18019,50,5.0,0.0,22.437334499866083,17.202168997219456,0.0026455545021967283,2.1985263971349504e-25,1000000000.0,46.25233333333332,46.25233333333332,2.755639272882351,0.8996037567712779,inf,0,0,0,0,-1,inf,0,-1,0,0,-1,0,0,7600,0,0,0,2748,4852,1.59193858408379,3.5589931982632685,False
overtake,P4,18019,50,5.0,0.0,22.437334499866083,17.202168997219456,0.0026455545021967283,2.1985263971349504e-25,1000000000.0,46.25233333333332,46.25233333333332,2.755639272882351,0.8996037567712779,inf,0,0,0,0,-1,inf,0,-1,0,0,-1,0,0,7600,0,0,0,2748,4852,1.59193858408379,3.5589931982632685,False
intersection_turn,P0,18000,50,5.0,0.0,18.95354067444704,14.72403780401211,0.008497018944573373,2.0707175358668105e-15,999999999.9999979,44.71999999999997,44.71999999999997,3.3761516553614994,3.075487864675807,inf,0,0,0,0,-1,inf,0,-1,0,0,-1,0,0,7600,0,0,0,2549,5051,1.4145791358544435,3.24235827103813,False
intersection_turn,P1,18000,50,5.0,0.0,18.95354067444704,14.72403780401211,0.008497018944573373,2.0707175358668105e-15,999999999.9999979,44.71999999999997,44.71999999999997,3.3761516553614994,3.075487864675807,inf,0,0,0,0,-1,inf,0,-1,0,0,-1,0,0,7600,0,0,0,2549,5051,1.4145791358544435,3.24235827103813,False
intersection_turn,P2,18000,50,5.0,0.0,18.96021867069603,14.72403780401211,0.008492768262544295,2.0707175358668105e-15,999999999.9999979,44.689999999999976,44.689999999999976,3.405304685340235,3.075487864675807,inf,0,0,0,0,-1,inf,0,-1,0,0,-1,0,0,7600,0,0,0,2549,5051,1.4145791358544435,3.24235827103813,False
intersection_turn,P3,18000,50,5.0,0.0,18.95354067444704,14.72403780401211,0.008497018944573373,2.0707175358668105e-15,999999999.9999979,44.71999999999997,44.71999999999997,3.3761516553614994,3.075487864675807,inf,0,0,0,0,-1,inf,0,-1,0,0,-1,0,0,7600,0,0,0,2549,5051,1.4145791358544435,3.24235827103813,False
intersection_turn,P4,18000,50,5.0,0.0,18.95354067444704,14.72403780401211,0.008497018944573373,2.0707175358668105e-15,999999999.9999979,44.71999999999997,44.71999999999997,3.3761516553614994,3.075487864675807,inf,0,0,0,0,-1,inf,0,-1,0,0,-1,0,0,7600,0,0,0,2549,5051,1.4145791358544435,3.24235827103813,False
intersection_turn,P0,18001,50,5.0,0.0,18.974448674443792,14.72403780401211,0.008484265590812496,2.0707175358668105e-15,999999999.9999979,44.60999999999998,44.60999999999998,3.483116420678492,3.075487864675807,inf,0,0,0,0,-1,inf,0,-1,0,0,-1,0,0,7600,0,0,0,2600,5000,1.551254976329323,3.4905122884299606,False
intersection_turn,P1,18001,50,5.0,0.0,18.974448674443792,14.72403780401211,0.008484265590812496,2.0707175358668105e-15,999999999.9999979,44.60999999999998,44.60999999999998,3.483116420678492,3.075487864675807,inf,0,0,0,0,-1,inf,0,-1,0,0,-1,0,0,7600,0,0,0,2600,5000,1.551254976329323,3.4905122884299606,False
intersection_turn,P2,18001,50,5.0,0.0,19.020525917538567,14.72403780401211,0.008464362947464344,2.0707175358668105e-15,999999999.9999979,44.60999999999998,44.60999999999998,3.483116420678492,3.075487864675807,inf,0,0,0,0,-1,inf,0,-1,0,0,-1,0,0,7600,0,0,0,2600,5000,1.551254976329323,3.4905122884299606,False
intersection_turn,P3,18001,50,5.0,0.0,18.974448674443792,14.72403780401211,0.008484265590812496,2.0707175358668105e-15,999999999.9999979,44.60999999999998,44.60999999999998,3.483116420678492,3.075487864675807,inf,0,0,0,0,-1,inf,0,-1,0,0,-1,0,0,7600,0,0,0,2600,5000,1.551254976329323,3.4905122884299606,False
intersection_turn,P4,18001,50,5.0,0.0,18.974448674443792,14.72403780401211,0.008484265590812496,2.0707175358668105e-15,999999999.9999979,44.60999999999998,44.60999999999998,3.483116420678492,3.075487864675807,inf,0,0,0,0,-1,inf,0,-1,0,0,-1,0,0,7600,0,0,0,2600,5000,1.551254976329323,3.4905122884299606,False
intersection_turn,P0,18002,50,5.0,0.0,18.95411896294574,14.72403780401211,0.00849740675181814,2.0707175358668105e-15,999999999.9999979,44.74,44.74,3.3567245940052914,3.075487864675807,inf,0,0,0,0,-1,inf,0,-1,0,0,-1,0,0,7600,0,0,0,2594,5006,1.3985974462644704,3.1800314150434827,False
intersection_turn,P1,18002,50,5.0,0.0,18.95411896294574,14.72403780401211,0.00849740675181814,2.0707175358668105e-15,999999999.9999979,44.74,44.74,3.3567245940052914,3.075487864675807,inf,0,0,0,0,-1,inf,0,-1,0,0,-1,0,0,7600,0,0,0,2594,5006,1.3985974462644704,3.1800314150434827,False
intersection_turn,P2,18002,50,5.0,0.0,18.95411896294574,14.72403780401211,0.00849740675181814,2.0707175358668105e-15,999999999.9999979,44.74,44.74,3.3567245940052914,3.075487864675807,inf,0,0,0,0,-1,inf,0,-1,0,0,-1,0,0,7600,0,0,0,2594,5006,1.3985974462644704,3.1800314150434827,False
intersection_turn,P3,18002,50,5.0,0.0,18.95411896294574,14.72403780401211,0.00849740675181814,2.0707175358668105e-15,999999999.9999979,44.74,44.74,3.3567245940052914,3.075487864675807,inf,0,0,0,0,-1,inf,0,-1,0,0,-1,0,0,7600,0,0,0,2594,5006,1.3985974462644704,3.1800314150434827,False
intersection_turn,P4,18002,50,5.0,0.0,18.95411896294574,14.72403780401211,0.00849740675181814,2.0707175358668105e-15,999999999.9999979,44.74,44.74,3.3567245940052914,3.075487864675807,inf,0,0,0,0,-1,inf,0,-1,0,0,-1,0,0,7600,0,0,0,2594,5006,1.3985974462644704,3.1800314150434827,False
intersection_turn,P0,18003,50,5.0,0.0,18.965731326550163,14.72403780401211,0.0084902618414629,2.0707175358668105e-15,999999999.9999979,44.52999999999998,44.52999999999998,3.5610251333008223,3.075487864675807,inf,0,0,0,0,-1,inf,0,-1,0,0,-1,0,0,7600,0,0,0,2422,5178,1.5735719273011772,3.546832107378204,False
intersection_turn,P1,18003,50,5.0,0.0,18.965731326550163,14.72403780401211,0.0084902618414629,2.0707175358668105e-15,999999999.9999979,44.52999999999998,44.52999999999998,3.5610251333008223,3.075487864675807,inf,0,0,0,0,-1,inf,0,-1,0,0,-1,0,0,7600,0,0,0,2422,5178,1.5735719273011772,3.546832107378204,False
intersection_turn,P2,18003,50,5.0,0.0,18.965731326550163,14.72403780401211,0.0084902618414629,2.0707175358668105e-15,999999999.9999979,44.52999999999998,44.52999999999998,3.5610251333008223,3.075487864675807,inf,0,0,0,0,-1,inf,0,-1,0,0,-1,0,0,7600,0,0,0,2422,5178,1.5735719273011772,3.546832107378204,False
intersection_turn,P3,18003,50,5.0,0.0,18.965731326550163,14.72403780401211,0.0084902618414629,2.0707175358668105e-15,999999999.9999979,44.52999999999998,44.52999999999998,3.5610251333008223,3.075487864675807,inf,0,0,0,0,-1,inf,0,-1,0,0,-1,0,0,7600,0,0,0,2422,5178,1.5735719273011772,3.546832107378204,False
intersection_turn,P4,18003,50,5.0,0.0,18.965731326550163,14.72403780401211,0.0084902618414629,2.0707175358668105e-15,999999999.9999979,44.52999999999998,44.52999999999998,3.5610251333008223,3.075487864675807,inf,0,0,0,0,-1,inf,0,-1,0,0,-1,0,0,7600,0,0,0,2422,5178,1.5735719273011772,3.546832107378204,False
intersection_turn,P0,18004,50,5.0,0.0,18.965887431126287,14.72403780401211,0.008489747472241217,2.0707175358668105e-15,999999999.9999979,44.56,44.56,3.5317984087430565,3.075487864675807,inf,0,0,0,0,-1,inf,0,-1,0,0,-1,0,0,7600,0,0,0,2523,5077,1.4986585254833065,3.3838138502320443,False
intersection_turn,P1,18004,50,5.0,0.0,18.965887431126287,14.72403780401211,0.008489747472241217,2.0707175358668105e-15,999999999.9999979,44.56,44.56,3.5317984087430565,3.075487864675807,inf,0,0,0,0,-1,inf,0,-1,0,0,-1,0,0,7600,0,0,0,2523,5077,1.4986585254833065,3.3838138502320443,False
intersection_turn,P2,18004,50,5.0,0.0,18.965887431126287,14.72403780401211,0.008489747472241217,2.0707175358668105e-15,999999999.9999979,44.56,44.56,3.5317984087430565,3.075487864675807,inf,0,0,0,0,-1,inf,0,-1,0,0,-1,0,0,7600,0,0,0,2523,5077,1.4986585254833065,3.3838138502320443,False
intersection_turn,P3,18004,50,5.0,0.0,18.965887431126287,14.72403780401211,0.008489747472241217,2.0707175358668105e-15,999999999.9999979,44.56,44.56,3.5317984087430565,3.075487864675807,inf,0,0,0,0,-1,inf,0,-1,0,0,-1,0,0,7600,0,0,0,2523,5077,1.4986585254833065,3.3838138502320443,False
intersection_turn,P4,18004,50,5.0,0.0,18.965887431126287,14.72403780401211,0.008489747472241217,2.0707175358668105e-15,999999999.9999979,44.56,44.56,3.5317984087430565,3.075487864675807,inf,0,0,0,0,-1,inf,0,-1,0,0,-1,0,0,7600,0,0,0,2523,5077,1.4986585254833065,3.3838138502320443,False
intersection_turn,P0,18005,50,5.0,0.0,18.962650714028726,14.72403780401211,0.008490961176142838,2.0707175358668105e-15,999999999.9999979,44.649999999999984,44.649999999999984,3.44419801985892,3.075487864675807,inf,0,0,0,0,-1,inf,0,-1,0,0,-1,0,0,7600,0,0,0,2504,5096,1.5604268264450067,3.5757932059162374,False
intersection_turn,P1,18005,50,5.0,0.0,18.962650714028726,14.72403780401211,0.008490961176142838,2.0707175358668105e-15,999999999.9999979,44.649999999999984,44.649999999999984,3.44419801985892,3.075487864675807,inf,0,0,0,0,-1,inf,0,-1,0,0,-1,0,0,7600,0,0,0,2504,5096,1.5604268264450067,3.5757932059162374,False
intersection_turn,P2,18005,50,5.0,0.0,19.0208164395901,14.72403780401211,0.008466229737863186,2.0707175358668105e-15,999999999.9999979,44.64999999999998,44.649494384557585,3.4384655742757584,3.075487864675807,inf,0,0,0,0,-1,inf,0,-1,0,0,-1,0,0,7600,23,0,0,2481,5096,1.5604268264450067,3.5757932059162374,False
intersection_turn,P3,18005,50,5.0,0.0,19.0208164395901,14.72403780401211,0.008466229737863186,2.0707175358668105e-15,999999999.9999979,44.64999999999998,44.649494384557585,3.4384655742757584,3.075487864675807,inf,0,0,0,0,-1,inf,0,-1,0,0,-1,0,0,7600,23,0,0,2481,5096,1.5604268264450067,3.5757932059162374,False
intersection_turn,P4,18005,50,5.0,0.0,18.969222501682577,14.72403780401211,0.008487401108646656,2.0707175358668105e-15,999999999.9999979,44.50333333333332,44.50333333333332,3.587015162747134,3.075487864675807,inf,0,0,0,0,-1,inf,0,-1,0,0,-1,0,0,7600,0,0,0,2470,5130,1.5604268264450067,3.5757932059162374,False
intersection_turn,P0,18006,50,5.0,0.0,18.98646280689236,14.72403780401211,0.008476967410815259,2.0707175358668105e-15,999999999.9999979,44.43999999999997,44.43999999999997,3.6487806182340177,3.075487864675807,inf,0,0,0,0,-1,inf,0,-1,0,0,-1,0,0,7600,0,0,0,2590,5010,1.435741239996845,3.264794123885184,False
intersection_turn,P1,18006,50,5.0,0.0,18.98646280689236,14.72403780401211,0.008476967410815259,2.0707175358668105e-15,999999999.9999979,44.43999999999997,44.43999999999997,3.6487806182340177,3.075487864675807,inf,0,0,0,0,-1,inf,0,-1,0,0,-1,0,0,7600,0,0,0,2590,5010,1.435741239996845,3.264794123885184,False
intersection_turn,P2,18006,50,5.0,0.0,18.98646280689236,14.72403780401211,0.008476967410815259,2.0707175358668105e-15,999999999.9999979,44.43999999999997,44.43999999999997,3.6487806182340177,3.075487864675807,inf,0,0,0,0,-1,inf,0,-1,0,0,-1,0,0,7600,0,0,0,2590,5010,1.435741239996845,3.264794123885184,False
intersection_turn,P3,18006,50,5.0,0.0,18.98646280689236,14.72403780401211,0.008476967410815259,2.0707175358668105e-15,999999999.9999979,44.43999999999997,44.43999999999997,3.6487806182340177,3.075487864675807,inf,0,0,0,0,-1,inf,0,-1,0,0,-1,0,0,7600,0,0,0,2590,5010,1.435741239996845,3.264794123885184,False
intersection_turn,P4,18006,50,5.0,0.0,18.98646280689236,14.72403780401211,0.008476967410815259,2.0707175358668105e-15,999999999.9999979,44.43999999999997,44.43999999999997,3.6487806182340177,3.075487864675807,inf,0,0,0,0,-1,inf,0,-1,0,0,-1,0,0,7600,0,0,0,2590,5010,1.435741239996845,3.264794123885184,False
intersection_turn,P0,18007,50,5.0,0.0,18.977072794146935,14.72403780401211,0.008482098218538268,2.0707175358668105e-15,999999999.9999979,44.51999999999997,44.51999999999997,3.5707702250355213,3.075487864675807,inf,0,0,0,0,-1,inf,0,-1,0,0,-1,0,0,7600,0,0,0,2472,5128,1.5726797178404979,3.5095645378043963,False
intersection_turn,P1,18007,50,5.0,0.0,18.977072794146935,14.72403780401211,0.008482098218538268,2.0707175358668105e-15,999999999.9999979,44.51999999999997,44.51999999999997,3.5707702250355213,3.075487864675807,inf,0,0,0,0,-1,inf,0,-1,0,0,-1,0,0,7600,0,0,0,2472,5128,1.5726797178404979,3.5095645378043963,False
intersection_turn,P2,18007,50,5.0,0.0,18.97550143545607,14.72403780401211,0.008483233829124923,2.0707175358668105e-15,999999999.9999979,44.559999999999974,44.559999999999974,3.531798408743084,3.075487864675807,inf,0,0,0,0,-1,inf,0,-1,0,0,-1,0,0,7600,0,0,0,2482,5118,1.5726797178404979,3.5095645378043963,False
intersection_turn,P3,18007,50,5.0,0.0,18.977072794146935,14.72403780401211,0.008482098218538268,2.0707175358668105e-15,999999999.9999979,44.51999999999997,44.51999999999997,3.5707702250355213,3.075487864675807,inf,0,0,0,0,-1,inf,0,-1,0,0,-1,0,0,7600,0,0,0,2472,5128,1.5726797178404979,3.5095645378043963,False
intersection_turn,P4,18007,50,5.0,0.0,18.977072794146935,14.72403780401211,0.008482098218538268,2.0707175358668105e-15,999999999.9999979,44.51999999999997,44.51999999999997,3.5707702250355213,3.075487864675807,inf,0,0,0,0,-1,inf,0,-1,0,0,-1,0,0,7600,0,0,0,2472,5128,1.5726797178404979,3.5095645378043963,False
intersection_turn,P0,18008,50,5.0,0.0,18.949247859184958,14.72403780401211,0.008501427966974754,2.0707175358668105e-15,999999999.9999979,44.819999999999965,44.819999999999965,3.2790852382943974,3.075487864675807,inf,0,0,0,0,-1,inf,0,-1,0,0,-1,0,0,7600,0,0,0,2487,5113,1.525137390584809,3.433004003439976,False
intersection_turn,P1,18008,50,5.0,0.0,18.949247859184958,14.72403780401211,0.008501427966974754,2.0707175358668105e-15,999999999.9999979,44.819999999999965,44.819999999999965,3.2790852382943974,3.075487864675807,inf,0,0,0,0,-1,inf,0,-1,0,0,-1,0,0,7600,0,0,0,2487,5113,1.525137390584809,3.433004003439976,False
intersection_turn,P2,18008,50,5.0,0.0,18.949247859184958,14.72403780401211,0.008501427966974754,2.0707175358668105e-15,999999999.9999979,44.819999999999965,44.819999999999965,3.2790852382943974,3.075487864675807,inf,0,0,0,0,-1,inf,0,-1,0,0,-1,0,0,7600,0,0,0,2487,5113,1.525137390584809,3.433004003439976,False
intersection_turn,P3,18008,50,5.0,0.0,18.949247859184958,14.72403780401211,0.008501427966974754,2.0707175358668105e-15,999999999.9999979,44.819999999999965,44.819999999999965,3.2790852382943974,3.075487864675807,inf,0,0,0,0,-1,inf,0,-1,0,0,-1,0,0,7600,0,0,0,2487,5113,1.525137390584809,3.433004003439976,False
intersection_turn,P4,18008,50,5.0,0.0,18.949247859184958,14.72403780401211,0.008501427966974754,2.0707175358668105e-15,999999999.9999979,44.819999999999965,44.819999999999965,3.2790852382943974,3.075487864675807,inf,0,0,0,0,-1,inf,0,-1,0,0,-1,0,0,7600,0,0,0,2487,5113,1.525137390584809,3.433004003439976,False
intersection_turn,P0,18009,50,5.0,0.0,18.97179421547382,14.72403780401211,0.008485232227196262,2.0707175358668105e-15,999999999.9999979,44.56999999999997,44.56999999999997,3.522059056858671,3.075487864675807,inf,0,0,0,0,-1,inf,0,-1,0,0,-1,0,0,7600,0,0,0,2485,5115,1.4648941852565924,3.3808233573971256,False
intersection_turn,P1,18009,50,5.0,0.0,18.97179421547382,14.72403780401211,0.008485232227196262,2.0707175358668105e-15,999999999.9999979,44.56999999999997,44.56999999999997,3.522059056858671,3.075487864675807,inf,0,0,0,0,-1,inf,0,-1,0,0,-1,0,0,7600,0,0,0,2485,5115,1.4648941852565924,3.3808233573971256,False
intersection_turn,P2,18009,50,5.0,0.0,18.97179421547382,14.72403780401211,0.008485232227196262,2.0707175358668105e-15,999999999.9999979,44.56999999999997,44.56999999999997,3.522059056858671,3.075487864675807,inf,0,0,0,0,-1,inf,0,-1,0,0,-1,0,0,7600,0,0,0,2485,5115,1.4648941852565924,3.3808233573971256,False
intersection_turn,P3,18009,50,5.0,0.0,18.97179421547382,14.72403780401211,0.008485232227196262,2.0707175358668105e-15,999999999.9999979,44.56999999999997,44.56999999999997,3.522059056858671,3.075487864675807,inf,0,0,0,0,-1,inf,0,-1,0,0,-1,0,0,7600,0,0,0,2485,5115,1.4648941852565924,3.3808233573971256,False
intersection_turn,P4,18009,50,5.0,0.0,19.25143882019111,14.72403780401211,0.008403283012600208,2.0707175358668105e-15,999999999.9999979,44.45999999999996,44.45811403658171,3.6088304791851167,3.075487864675807,inf,0,0,0,0,-1,inf,0,-1,0,0,-1,0,0,7600,94,0,0,2389,5117,1.4648941852565924,3.3808233573971256,False
intersection_turn,P0,18010,50,5.0,0.0,18.935573147324448,14.72403780401211,0.008512320034410827,2.0707175358668105e-15,999999999.9999979,44.90999999999996,44.90999999999996,3.191880323571083,3.075487864675807,inf,0,0,0,0,-1,inf,0,-1,0,0,-1,0,0,7600,0,0,0,2473,5127,1.4926595811581311,3.357815317819284,False
intersection_turn,P1,18010,50,5.0,0.0,18.935573147324448,14.72403780401211,0.008512320034410827,2.0707175358668105e-15,999999999.9999979,44.90999999999996,44.90999999999996,3.191880323571083,3.075487864675807,inf,0,0,0,0,-1,inf,0,-1,0,0,-1,0,0,7600,0,0,0,2473,5127,1.4926595811581311,3.357815317819284,False
intersection_turn,P2,18010,50,5.0,0.0,18.943705075917183,14.72403780401211,0.008505499980925927,2.0707175358668105e-15,999999999.9999979,44.84999999999997,44.84999999999997,3.250000000000026,3.075487864675807,inf,0,0,0,0,-1,inf,0,-1,0,0,-1,0,0,7600,0,0,0,2470,5130,1.4926595811581311,3.357815317819284,False
intersection_turn,P3,18010,50,5.0,0.0,18.935573147324448,14.72403780401211,0.008512320034410827,2.0707175358668105e-15,999999999.9999979,44.90999999999996,44.90999999999996,3.191880323571083,3.075487864675807,inf,0,0,0,0,-1,inf,0,-1,0,0,-1,0,0,7600,0,0,0,2473,5127,1.4926595811581311,3.357815317819284,False
intersection_turn,P4,18010,50,5.0,0.0,18.935573147324448,14.72403780401211,0.008512320034410827,2.0707175358668105e-15,999999999.9999979,44.90999999999996,44.90999999999996,3.191880323571083,3.075487864675807,inf,0,0,0,0,-1,inf,0,-1,0,0,-1,0,0,7600,0,0,0,2473,5127,1.4926595811581311,3.357815317819284,False
intersection_turn,P0,18011,50,5.0,0.0,18.969845989690334,14.72403780401211,0.008487095481148607,2.0707175358668105e-15,999999999.9999979,44.649999999999984,44.649999999999984,3.44419801985892,3.075487864675807,inf,0,0,0,0,-1,inf,0,-1,0,0,-1,0,0,7600,0,0,0,2511,5089,1.4452506637836562,3.2714827319016915,False
intersection_turn,P1,18011,50,5.0,0.0,18.969845989690334,14.72403780401211,0.008487095481148607,2.0707175358668105e-15,999999999.9999979,44.649999999999984,44.649999999999984,3.44419801985892,3.075487864675807,inf,0,0,0,0,-1,inf,0,-1,0,0,-1,0,0,7600,0,0,0,2511,5089,1.4452506637836562,3.2714827319016915,False
intersection_turn,P2,18011,50,5.0,0.0,18.969845989690334,14.72403780401211,0.008487095481148607,2.0707175358668105e-15,999999999.9999979,44.649999999999984,44.649999999999984,3.44419801985892,3.075487864675807,inf,0,0,0,0,-1,inf,0,-1,0,0,-1,0,0,7600,0,0,0,2511,5089,1.4452506637836562,3.2714827319016915,False
intersection_turn,P3,18011,50,5.0,0.0,18.969845989690334,14.72403780401211,0.008487095481148607,2.0707175358668105e-15,999999999.9999979,44.649999999999984,44.649999999999984,3.44419801985892,3.075487864675807,inf,0,0,0,0,-1,inf,0,-1,0,0,-1,0,0,7600,0,0,0,2511,5089,1.4452506637836562,3.2714827319016915,False
intersection_turn,P4,18011,50,5.0,0.0,18.969845989690334,14.72403780401211,0.008487095481148607,2.0707175358668105e-15,999999999.9999979,44.649999999999984,44.649999999999984,3.44419801985892,3.075487864675807,inf,0,0,0,0,-1,inf,0,-1,0,0,-1,0,0,7600,0,0,0,2511,5089,1.4452506637836562,3.2714827319016915,False
intersection_turn,P0,18012,50,5.0,0.0,18.98153841757218,14.72403780401211,0.00847991011719517,2.0707175358668105e-15,999999999.9999979,44.51999999999998,44.51999999999998,3.570770225035507,3.075487864675807,inf,0,0,0,0,-1,inf,0,-1,0,0,-1,0,0,7600,0,0,0,2531,5069,1.3972411641126061,3.212506317112596,False
intersection_turn,P1,18012,50,5.0,0.0,18.98153841757218,14.72403780401211,0.00847991011719517,2.0707175358668105e-15,999999999.9999979,44.51999999999998,44.51999999999998,3.570770225035507,3.075487864675807,inf,0,0,0,0,-1,inf,0,-1,0,0,-1,0,0,7600,0,0,0,2531,5069,1.3972411641126061,3.212506317112596,False
intersection_turn,P2,18012,50,5.0,0.0,18.98153841757218,14.72403780401211,0.00847991011719517,2.0707175358668105e-15,999999999.9999979,44.51999999999998,44.51999999999998,3.570770225035507,3.075487864675807,inf,0,0,0,0,-1,inf,0,-1,0,0,-1,0,0,7600,0,0,0,2531,5069,1.3972411641126061,3.212506317112596,False
intersection_turn,P3,18012,50,5.0,0.0,18.98153841757218,14.72403780401211,0.00847991011719517,2.0707175358668105e-15,999999999.9999979,44.51999999999998,44.51999999999998,3.570770225035507,3.075487864675807,inf,0,0,0,0,-1,inf,0,-1,0,0,-1,0,0,7600,0,0,0,2531,5069,1.3972411641126061,3.212506317112596,False
intersection_turn,P4,18012,50,5.0,0.0,19.49029155508324,14.72403780401211,0.008344725972254585,2.0707175358668105e-15,999999999.9999979,44.299999999999976,44.29630485544955,3.74912462261237,3.075487864675807,inf,0,0,0,0,-1,inf,0,-1,0,0,-1,0,0,7600,200,0,0,2360,5040,1.3972411641126061,3.212506317112596,False
intersection_turn,P0,18013,50,5.0,0.0,18.952576029935777,14.72403780401211,0.008498329300666144,2.0707175358668105e-15,999999999.9999979,44.76999999999997,44.76999999999997,3.3275967303746725,3.075487864675807,inf,0,0,0,0,-1,inf,0,-1,0,0,-1,0,0,7600,0,0,0,2453,5147,1.5750065584658444,3.466473602287952,False
intersection_turn,P1,18013,50,5.0,0.0,18.952576029935777,14.72403780401211,0.008498329300666144,2.0707175358668105e-15,999999999.9999979,44.76999999999997,44.76999999999997,3.3275967303746725,3.075487864675807,inf,0,0,0,0,-1,inf,0,-1,0,0,-1,0,0,7600,0,0,0,2453,5147,1.5750065584658444,3.466473602287952,False
intersection_turn,P2,18013,50,5.0,0.0,18.95942751017031,14.72403780401211,0.00849345526983763,2.0707175358668105e-15,999999999.9999979,44.709999999999965,44.709999999999965,3.3858676879051592,3.075487864675807,inf,0,0,0,0,-1,inf,0,-1,0,0,-1,0,0,7600,0,0,0,2450,5150,1.5750065584658444,3.466473602287952,False
intersection_turn,P3,18013,50,5.0,0.0,18.952576029935777,14.72403780401211,0.008498329300666144,2.0707175358668105e-15,999999999.9999979,44.76999999999997,44.76999999999997,3.3275967303746725,3.075487864675807,inf,0,0,0,0,-1,inf,0,-1,0,0,-1,0,0,7600,0,0,0,2453,5147,1.5750065584658444,3.466473602287952,False
intersection_turn,P4,18013,50,5.0,0.0,18.952576029935777,14.72403780401211,0.008498329300666144,2.0707175358668105e-15,999999999.9999979,44.76999999999997,44.76999999999997,3.3275967303746725,3.075487864675807,inf,0,0,0,0,-1,inf,0,-1,0,0,-1,0,0,7600,0,0,0,2453,5147,1.5750065584658444,3.466473602287952,False
intersection_turn,P0,18014,50,5.0,0.0,18.973649930144312,14.72403780401211,0.00848449299851426,2.0707175358668105e-15,999999999.9999979,44.53999999999999,44.53999999999999,3.5512814588539805,3.075487864675807,inf,0,0,0,0,-1,inf,0,-1,0,0,-1,0,0,7600,0,0,0,2368,5232,1.595753222788729,3.4709535958837603,False
intersection_turn,P1,18014,50,5.0,0.0,18.973649930144312,14.72403780401211,0.00848449299851426,2.0707175358668105e-15,999999999.9999979,44.53999999999999,44.53999999999999,3.5512814588539805,3.075487864675807,inf,0,0,0,0,-1,inf,0,-1,0,0,-1,0,0,7600,0,0,0,2368,5232,1.595753222788729,3.4709535958837603,False
intersection_turn,P2,18014,50,5.0,0.0,18.973649930144312,14.72403780401211,0.00848449299851426,2.0707175358668105e-15,999999999.9999979,44.53999999999999,44.53999999999999,3.5512814588539805,3.075487864675807,inf,0,0,0,0,-1,inf,0,-1,0,0,-1,0,0,7600,0,0,0,2368,5232,1.595753222788729,3.4709535958837603,False
intersection_turn,P3,18014,50,5.0,0.0,18.973649930144312,14.72403780401211,0.00848449299851426,2.0707175358668105e-15,999999999.9999979,44.53999999999999,44.53999999999999,3.5512814588539805,3.075487864675807,inf,0,0,0,0,-1,inf,0,-1,0,0,-1,0,0,7600,0,0,0,2368,5232,1.595753222788729,3.4709535958837603,False
intersection_turn,P4,18014,50,5.0,0.0,18.973649930144312,14.72403780401211,0.00848449299851426,2.0707175358668105e-15,999999999.9999979,44.53999999999999,44.53999999999999,3.5512814588539805,3.075487864675807,inf,0,0,0,0,-1,inf,0,-1,0,0,-1,0,0,7600,0,0,0,2368,5232,1.595753222788729,3.4709535958837603,False
intersection_turn,P0,18015,50,5.0,0.0,18.954799215206137,14.72403780401211,0.008496903866264107,2.0707175358668105e-15,999999999.9999979,44.75999999999999,44.75999999999999,3.3373043013785932,3.075487864675807,inf,0,0,0,0,-1,inf,0,-1,0,0,-1,0,0,7600,0,0,0,2422,5178,1.4120020106508984,3.23416683031176,False
intersection_turn,P1,18015,50,5.0,0.0,18.954799215206137,14.72403780401211,0.008496903866264107,2.0707175358668105e-15,999999999.9999979,44.75999999999999,44.75999999999999,3.3373043013785932,3.075487864675807,inf,0,0,0,0,-1,inf,0,-1,0,0,-1,0,0,7600,0,0,0,2422,5178,1.4120020106508984,3.23416683031176,False
intersection_turn,P2,18015,50,5.0,0.0,18.954799215206137,14.72403780401211,0.008496903866264107,2.0707175358668105e-15,999999999.9999979,44.75999999999999,44.75999999999999,3.3373043013785932,3.075487864675807,inf,0,0,0,0,-1,inf,0,-1,0,0,-1,0,0,7600,0,0,0,2422,5178,1.4120020106508984,3.23416683031176,False
intersection_turn,P3,18015,50,5.0,0.0,18.954799215206137,14.72403780401211,0.008496903866264107,2.0707175358668105e-15,999999999.9999979,44.75999999999999,44.75999999999999,3.3373043013785932,3.075487864675807,inf,0,0,0,0,-1,inf,0,-1,0,0,-1,0,0,7600,0,0,0,2422,5178,1.4120020106508984,3.23416683031176,False
intersection_turn,P4,18015,50,5.0,0.0,18.954799215206137,14.72403780401211,0.008496903866264107,2.0707175358668105e-15,999999999.9999979,44.75999999999999,44.75999999999999,3.3373043013785932,3.075487864675807,inf,0,0,0,0,-1,inf,0,-1,0,0,-1,0,0,7600,0,0,0,2422,5178,1.4120020106508984,3.23416683031176,False
intersection_turn,P0,18016,50,5.0,0.0,18.951968055426807,14.72403780401211,0.008498346165564927,2.0707175358668105e-15,999999999.9999979,44.749999999999964,44.749999999999964,3.3470135942359467,3.075487864675807,inf,0,0,0,0,-1,inf,0,-1,0,0,-1,0,0,7600,0,0,0,2492,5108,1.438777229713654,3.318882289752816,False
intersection_turn,P1,18016,50,5.0,0.0,18.951968055426807,14.72403780401211,0.008498346165564927,2.0707175358668105e-15,999999999.9999979,44.749999999999964,44.749999999999964,3.3470135942359467,3.075487864675807,inf,0,0,0,0,-1,inf,0,-1,0,0,-1,0,0,7600,0,0,0,2492,5108,1.438777229713654,3.318882289752816,False
intersection_turn,P2,18016,50,5.0,0.0,18.951968055426807,14.72403780401211,0.008498346165564927,2.0707175358668105e-15,999999999.9999979,44.749999999999964,44.749999999999964,3.3470135942359467,3.075487864675807,inf,0,0,0,0,-1,inf,0,-1,0,0,-1,0,0,7600,0,0,0,2492,5108,1.438777229713654,3.318882289752816,False
intersection_turn,P3,18016,50,5.0,0.0,18.951968055426807,14.72403780401211,0.008498346165564927,2.0707175358668105e-15,999999999.9999979,44.749999999999964,44.749999999999964,3.3470135942359467,3.075487864675807,inf,0,0,0,0,-1,inf,0,-1,0,0,-1,0,0,7600,0,0,0,2492,5108,1.438777229713654,3.318882289752816,False
intersection_turn,P4,18016,50,5.0,0.0,18.951968055426807,14.72403780401211,0.008498346165564927,2.0707175358668105e-15,999999999.9999979,44.749999999999964,44.749999999999964,3.3470135942359467,3.075487864675807,inf,0,0,0,0,-1,inf,0,-1,0,0,-1,0,0,7600,0,0,0,2492,5108,1.438777229713654,3.318882289752816,False
intersection_turn,P0,18017,50,5.0,0.0,18.964095728895426,14.72403780401211,0.008490780266904956,2.0707175358668105e-15,999999999.9999979,44.64,44.64,3.453925303187664,3.075487864675807,inf,0,0,0,0,-1,inf,0,-1,0,0,-1,0,0,7600,0,0,0,2522,5078,1.5226836408457134,3.413075342916841,False
intersection_turn,P1,18017,50,5.0,0.0,18.964095728895426,14.72403780401211,0.008490780266904956,2.0707175358668105e-15,999999999.9999979,44.64,44.64,3.453925303187664,3.075487864675807,inf,0,0,0,0,-1,inf,0,-1,0,0,-1,0,0,7600,0,0,0,2522,5078,1.5226836408457134,3.413075342916841,False
intersection_turn,P2,18017,50,5.0,0.0,18.964095728895426,14.72403780401211,0.008490780266904956,2.0707175358668105e-15,999999999.9999979,44.64,44.64,3.453925303187664,3.075487864675807,inf,0,0,0,0,-1,inf,0,-1,0,0,-1,0,0,7600,0,0,0,2522,5078,1.5226836408457134,3.413075342916841,False
intersection_turn,P3,18017,50,5.0,0.0,18.964095728895426,14.72403780401211,0.008490780266904956,2.0707175358668105e-15,999999999.9999979,44.64,44.64,3.453925303187664,3.075487864675807,inf,0,0,0,0,-1,inf,0,-1,0,0,-1,0,0,7600,0,0,0,2522,5078,1.5226836408457134,3.413075342916841,False
intersection_turn,P4,18017,50,5.0,0.0,18.964095728895426,14.72403780401211,0.008490780266904956,2.0707175358668105e-15,999999999.9999979,44.64,44.64,3.453925303187664,3.075487864675807,inf,0,0,0,0,-1,inf,0,-1,0,0,-1,0,0,7600,0,0,0,2522,5078,1.5226836408457134,3.413075342916841,False
intersection_turn,P0,18018,50,5.0,0.0,18.974039377008967,14.72403780401211,0.008484258448030331,2.0707175358668105e-15,999999999.9999979,44.589999999999975,44.589999999999975,3.50258475985952,3.075487864675807,inf,0,0,0,0,-1,inf,0,-1,0,0,-1,0,0,7600,0,0,0,2458,5142,1.4534416860954997,3.2798375877509165,False
intersection_turn,P1,18018,50,5.0,0.0,18.974039377008967,14.72403780401211,0.008484258448030331,2.0707175358668105e-15,999999999.9999979,44.589999999999975,44.589999999999975,3.50258475985952,3.075487864675807,inf,0,0,0,0,-1,inf,0,-1,0,0,-1,0,0,7600,0,0,0,2458,5142,1.4534416860954997,3.2798375877509165,False
intersection_turn,P2,18018,50,5.0,0.0,18.974039377008967,14.72403780401211,0.008484258448030331,2.0707175358668105e-15,999999999.9999979,44.589999999999975,44.589999999999975,3.50258475985952,3.075487864675807,inf,0,0,0,0,-1,inf,0,-1,0,0,-1,0,0,7600,0,0,0,2458,5142,1.4534416860954997,3.2798375877509165,False
intersection_turn,P3,18018,50,5.0,0.0,18.974039377008967,14.72403780401211,0.008484258448030331,2.0707175358668105e-15,999999999.9999979,44.589999999999975,44.589999999999975,3.50258475985952,3.075487864675807,inf,0,0,0,0,-1,inf,0,-1,0,0,-1,0,0,7600,0,0,0,2458,5142,1.4534416860954997,3.2798375877509165,False
intersection_turn,P4,18018,50,5.0,0.0,18.974039377008967,14.72403780401211,0.008484258448030331,2.0707175358668105e-15,999999999.9999979,44.589999999999975,44.589999999999975,3.50258475985952,3.075487864675807,inf,0,0,0,0,-1,inf,0,-1,0,0,-1,0,0,7600,0,0,0,2458,5142,1.4534416860954997,3.2798375877509165,False
intersection_turn,P0,18019,50,5.0,0.0,19.004481210432985,14.72403780401211,0.00831683815031311,2.031222067962531e-15,999999999.999998,45.00999999999998,45.00999999999998,3.0951736623330426,2.8782578666557557,inf,0,0,0,0,-1,inf,0,-1,0,0,-1,0,0,7600,0,0,0,2610,4990,1.5368416295176976,3.378522477089577,False
intersection_turn,P1,18019,50,5.0,0.0,19.004481210432985,14.72403780401211,0.00831683815031311,2.031222067962531e-15,999999999.999998,45.00999999999998,45.00999999999998,3.0951736623330426,2.8782578666557557,inf,0,0,0,0,-1,inf,0,-1,0,0,-1,0,0,7600,0,0,0,2610,4990,1.5368416295176976,3.378522477089577,False
intersection_turn,P2,18019,50,5.0,0.0,19.037190250006383,14.72403780401211,0.008288398429628713,2.031222067962531e-15,999999999.999998,44.85666666666665,44.85666666666665,3.2435388766661273,2.8782578666557557,inf,0,0,0,0,-1,inf,0,-1,0,0,-1,0,0,7600,0,0,0,2588,5012,1.5368416295176976,3.378522477089577,False
intersection_turn,P3,18019,50,5.0,0.0,19.004481210432985,14.72403780401211,0.00831683815031311,2.031222067962531e-15,999999999.999998,45.00999999999998,45.00999999999998,3.0951736623330426,2.8782578666557557,inf,0,0,0,0,-1,inf,0,-1,0,0,-1,0,0,7600,0,0,0,2610,4990,1.5368416295176976,3.378522477089577,False
intersection_turn,P4,18019,50,5.0,0.0,19.028408220357775,14.72403780401211,0.008294525974826926,2.031222067962531e-15,999999999.999998,44.87666666666669,44.87666666666669,3.2241605281237145,2.8782578666557557,inf,0,0,0,0,-1,inf,0,-1,0,0,-1,0,0,7600,0,0,0,2593,5007,1.5368416295176976,3.378522477089577,False
occluding_cut_in,P0,18000,50,5.0,0.0,11.267888282720728,7.327224075401506,0.2107706627715266,0.00021432353040528026,999785676.4695947,17.087302883832308,17.087302883832308,19.431160541768985,11.331044181969368,1.912697116167692,0,0,0,0,-1,inf,0,-1,0,0,-1,0,0,7600,182,0,3814,0,3604,1.7490662348496817,4.112701269634562,False
occluding_cut_in,P1,18000,50,5.0,0.0,11.236706230521282,7.348772949614109,0.21382670649426705,0.00020813477088215814,999791865.2291179,17.09672071521912,17.09176612654551,19.430073758811165,11.331044181969368,1.9103851458070742,0,0,0,0,-1,inf,0,-1,0,0,-1,0,0,7600,266,0,3734,0,3600,1.7490662348496817,4.112701269634562,False
occluding_cut_in,P2,18000,50,5.0,0.0,11.236706230521282,7.348772949614109,0.21382670649426705,0.00020813477088215814,999791865.2291179,17.09672071521912,17.09176612654551,19.430073758811165,11.331044181969368,1.9103851458070742,0,0,0,0,-1,inf,0,-1,0,0,-1,0,0,7600,266,0,3734,0,3600,1.7490662348496817,4.112701269634562,False
occluding_cut_in,P3,18000,50,5.0,0.0,11.234115978422913,7.347532739074193,0.2132565692115898,0.00020827732696175155,999791722.6730384,17.09672071521911,17.09343247158598,19.431160541768985,11.331044181969368,1.9092338673411526,0,0,0,0,-1,inf,0,-1,0,0,-1,0,0,7600,216,0,3784,0,3600,1.7490662348496817,4.112701269634562,False
occluding_cut_in,P4,18000,50,5.0,0.0,11.267888282720728,7.327224075401506,0.2107706627715266,0.00021432353040528026,999785676.4695947,17.087302883832308,17.087302883832308,19.431160541768985,11.331044181969368,1.912697116167692,0,0,0,0,-1,inf,0,-1,0,0,-1,0,0,7600,182,0,3814,0,3604,1.7490662348496817,4.112701269634562,False
occluding_cut_in,P0,18001,50,5.0,0.0,11.267888282720728,7.327224075401506,0.2107706627715266,0.00021432353040528026,999785676.4695947,17.087302883832308,17.087302883832308,19.431160541768985,11.331044181969368,1.912697116167692,0,0,0,0,-1,inf,0,-1,0,0,-1,0,0,7600,182,0,3814,0,3604,1.8170335357171934,4.242638585870777,False
occluding_cut_in,P1,18001,50,5.0,0.0,11.323929889722908,7.33746240387935,0.2079504854985344,0.00020935444522376598,999790645.5547763,17.121780353335428,17.11653427941325,19.43013353196599,11.331044181969368,1.8836732888752445,0,0,0,0,-1,inf,0,-1,0,0,-1,0,0,7600,282,0,3740,0,3578,1.8170335357171934,4.242638585870777,False
occluding_cut_in,P2,18001,50,5.0,0.0,11.279402230947529,7.3325272748345185,0.21008453913158626,0.00021127208617207876,999788727.9138278,17.087302883832304,17.08671813657334,19.43013353196599,11.331044181969368,1.9132821182943816,0,0,0,0,-1,inf,0,-1,0,0,-1,0,0,7600,211,0,3789,0,3600,1.8170335357171934,4.242638585870777,False
occluding_cut_in,P3,18001,50,5.0,0.0,11.271959506513124,7.335881601140441,0.21027690254954082,0.00021045185835408037,999789548.1416459,17.087302883832308,17.087194917016916,19.431160541768985,11.331044181969368,1.9128245916561997,0,0,0,0,-1,inf,0,-1,0,0,-1,0,0,7600,182,0,3814,0,3604,1.8170335357171934,4.242638585870777,False
occluding_cut_in,P4,18001,50,5.0,0.0,11.267888282720728,7.327224075401506,0.2107706627715266,0.00021432353040528026,999785676.4695947,17.087302883832308,17.087302883832308,19.431160541768985,11.331044181969368,1.912697116167692,0,0,0,0,-1,inf,0,-1,0,0,-1,0,0,7600,182,0,3814,0,3604,1.8170335357171934,4.242638585870777,False
occluding_cut_in,P0,18002,50,5.0,0.0,11.267888282720728,7.327224075401506,0.2107706627715266,0.00021432353040528026,999785676.4695947,17.087302883832308,17.087302883832308,19.431160541768985,11.331044181969368,1.912697116167692,0,0,0,0,-1,inf,0,-1,0,0,-1,0,0,7600,182,0,3814,0,3604,1.7508963290598112,4.041154960566812,False
occluding_cut_in,P1,18002,50,5.0,0.0,11.329750090613066,7.343209795925162,0.20798858962749733,0.00020917821025226018,999790821.7897477,17.121780353335414,17.116111645705573,19.43013353196599,11.331044181969368,1.8843137349411765,0,0,0,0,-1,inf,0,-1,0,0,-1,0,0,7600,297,0,3725,0,3578,1.7508963290598112,4.041154960566812,False
occluding_cut_in,P2,18002,50,5.0,0.0,11.28465228014862,7.313889676680172,0.21001101646830492,0.00021612692634127623,999783873.0736587,17.087302883832304,17.085784205128686,19.43013353196599,11.331044181969368,1.9142217317928765,0,0,0,0,-1,inf,0,-1,0,0,-1,0,0,7600,223,0,3777,0,3600,1.7508963290598112,4.041154960566812,False
occluding_cut_in,P3,18002,50,5.0,0.0,11.271959506513124,7.335881601140441,0.21027690254954082,0.00021045185835408037,999789548.1416459,17.087302883832308,17.087194917016916,19.431160541768985,11.331044181969368,1.9128245916561997,0,0,0,0,-1,inf,0,-1,0,0,-1,0,0,7600,182,0,3814,0,3604,1.7508963290598112,4.041154960566812,False
occluding_cut_in,P4,18002,50,5.0,0.0,11.267888282720728,7.327224075401506,0.2107706627715266,0.00021432353040528026,999785676.4695947,17.087302883832308,17.087302883832308,19.431160541768985,11.331044181969368,1.912697116167692,0,0,0,0,-1,inf,0,-1,0,0,-1,0,0,7600,182,0,3814,0,3604,1.7508963290598112,4.041154960566812,False
occluding_cut_in,P0,18003,50,5.0,0.0,11.267888282720728,7.327224075401506,0.2107706627715266,0.00021432353040528026,999785676.4695947,17.087302883832308,17.087302883832308,19.431160541768985,11.331044181969368,1.912697116167692,0,0,0,0,-1,inf,0,-1,0,0,-1,0,0,7600,182,0,3814,0,3604,1.894787335975748,4.348798304110527,False
occluding_cut_in,P1,18003,50,5.0,0.0,11.196347348308928,7.307356356531334,0.2154934582117902,0.0002181431115326558,999781856.8884673,17.143537204129014,17.132615809154828,19.431160541768985,11.331044181969368,1.868588616892033,0,0,0,0,-1,inf,0,-1,0,0,-1,0,0,7600,349,0,3670,0,3581,1.894787335975748,4.348798304110527,False
occluding_cut_in,P2,18003,50,5.0,0.0,11.234115978422913,7.347532739074193,0.2132565692115898,0.00020827732696175155,999791722.6730384,17.09672071521911,17.09343247158598,19.431160541768985,11.331044181969368,1.9092338673411526,0,0,0,0,-1,inf,0,-1,0,0,-1,0,0,7600,216,0,3784,0,3600,1.894787335975748,4.348798304110527,False
occluding_cut_in,P3,18003,50,5.0,0.0,11.234115978422913,7.347532739074193,0.2132565692115898,0.00020827732696175155,999791722.6730384,17.09672071521911,17.09343247158598,19.431160541768985,11.331044181969368,1.9092338673411526,0,0,0,0,-1,inf,0,-1,0,0,-1,0,0,7600,216,0,3784,0,3600,1.894787335975748,4.348798304110527,False
occluding_cut_in,P4,18003,50,5.0,0.0,11.267888282720728,7.327224075401506,0.2107706627715266,0.00021432353040528026,999785676.4695947,17.087302883832308,17.087302883832308,19.431160541768985,11.331044181969368,1.912697116167692,0,0,0,0,-1,inf,0,-1,0,0,-1,0,0,7600,182,0,3814,0,3604,1.894787335975748,4.348798304110527,False
occluding_cut_in,P0,18004,50,5.0,0.0,11.267888282720728,7.327224075401506,0.2107706627715266,0.00021432353040528026,999785676.4695947,17.087302883832308,17.087302883832308,19.431160541768985,11.331044181969368,1.912697116167692,0,0,0,0,-1,inf,0,-1,0,0,-1,0,0,7600,182,0,3814,0,3604,1.812077894331408,4.1764279544892595,False
occluding_cut_in,P1,18004,50,5.0,0.0,11.317842387555514,7.347911178394956,0.20809858845567283,0.0002065973648020299,999793402.6351981,17.109263734065525,17.105646607948596,19.43013353196599,11.331044181969368,1.8943611174536605,0,0,0,0,-1,inf,0,-1,0,0,-1,0,0,7600,266,0,3747,0,3587,1.812077894331408,4.1764279544892595,False
occluding_cut_in,P2,18004,50,5.0,0.0,11.311662582393375,7.350850279306833,0.20820019345809904,0.00020595420737059934,999794045.7926294,17.10926373406553,17.106315856674346,19.43013353196599,11.331044181969368,1.8936857185760925,0,0,0,0,-1,inf,0,-1,0,0,-1,0,0,7600,247,0,3766,0,3587,1.812077894331408,4.1764279544892595,False
occluding_cut_in,P3,18004,50,5.0,0.0,11.267888282720728,7.327224075401506,0.2107706627715266,0.00021432353040528026,999785676.4695947,17.087302883832308,17.087302883832308,19.431160541768985,11.331044181969368,1.912697116167692,0,0,0,0,-1,inf,0,-1,0,0,-1,0,0,7600,182,0,3814,0,3604,1.812077894331408,4.1764279544892595,False
occluding_cut_in,P4,18004,50,5.0,0.0,11.267888282720728,7.327224075401506,0.2107706627715266,0.00021432353040528026,999785676.4695947,17.087302883832308,17.087302883832308,19.431160541768985,11.331044181969368,1.912697116167692,0,0,0,0,-1,inf,0,-1,0,0,-1,0,0,7600,182,0,3814,0,3604,1.812077894331408,4.1764279544892595,False
occluding_cut_in,P0,18005,50,5.0,0.0,11.267888282720728,7.327224075401506,0.2107706627715266,0.00021432353040528026,999785676.4695947,17.087302883832308,17.087302883832308,19.431160541768985,11.331044181969368,1.912697116167692,0,0,0,0,-1,inf,0,-1,0,0,-1,0,0,7600,182,0,3814,0,3604,1.8998709318249325,4.400940926894235,False
occluding_cut_in,P1,18005,50,5.0,0.0,11.325507114801077,7.3465172355975525,0.2077533107712367,0.00020699115808860732,999793008.8419114,17.12178035333541,17.116839850670516,19.430073758811165,11.331044181969368,1.8835550144913316,0,0,0,0,-1,inf,0,-1,0,0,-1,0,0,7600,299,0,3720,0,3581,1.8998709318249325,4.400940926894235,False
occluding_cut_in,P2,18005,50,5.0,0.0,11.236841051343934,7.348585069884217,0.21342271277102043,0.00020805587099772304,999791944.1290022,17.096720715219117,17.092681308893116,19.430073758811165,11.331044181969368,1.9096656311676035,0,0,0,0,-1,inf,0,-1,0,0,-1,0,0,7600,243,0,3757,0,3600,1.8998709318249325,4.400940926894235,False
occluding_cut_in,P3,18005,50,5.0,0.0,11.234115978422913,7.347532739074193,0.2132565692115898,0.00020827732696175155,999791722.6730384,17.09672071521911,17.09343247158598,19.431160541768985,11.331044181969368,1.9092338673411526,0,0,0,0,-1,inf,0,-1,0,0,-1,0,0,7600,216,0,3784,0,3600,1.8998709318249325,4.400940926894235,False
occluding_cut_in,P4,18005,50,5.0,0.0,11.267888282720728,7.327224075401506,0.2107706627715266,0.00021432353040528026,999785676.4695947,17.087302883832308,17.087302883832308,19.431160541768985,11.331044181969368,1.912697116167692,0,0,0,0,-1,inf,0,-1,0,0,-1,0,0,7600,182,0,3814,0,3604,1.8998709318249325,4.400940926894235,False
occluding_cut_in,P0,18006,50,5.0,0.0,11.267888282720728,7.327224075401506,0.2107706627715266,0.00021432353040528026,999785676.4695947,17.087302883832308,17.087302883832308,19.431160541768985,11.331044181969368,1.912697116167692,0,0,0,0,-1,inf,0,-1,0,0,-1,0,0,7600,182,0,3814,0,3604,1.733383782841712,4.075493663785418,False
occluding_cut_in,P1,18006,50,5.0,0.0,11.2990047599884,7.346504018649555,0.20894950092391182,0.00020784943458604488,999792150.5654138,17.08730288383231,17.085203945889702,19.430048105437574,11.331044181969368,1.9148020573252684,0,0,0,0,-1,inf,0,-1,0,0,-1,0,0,7600,235,0,3761,0,3604,1.733383782841712,4.075493663785418,False
occluding_cut_in,P2,18006,50,5.0,0.0,11.237443136743446,7.348496364291064,0.21337678219934827,0.0002080716804135019,999791928.3195865,17.096720715219117,17.092725783096938,19.430048105437574,11.331044181969368,1.9095945638237422,0,0,0,0,-1,inf,0,-1,0,0,-1,0,0,7600,242,0,3758,0,3600,1.733383782841712,4.075493663785418,False
occluding_cut_in,P3,18006,50,5.0,0.0,11.234115978422913,7.347532739074193,0.2132565692115898,0.00020827732696175155,999791722.6730384,17.09672071521911,17.09343247158598,19.431160541768985,11.331044181969368,1.9092338673411526,0,0,0,0,-1,inf,0,-1,0,0,-1,0,0,7600,216,0,3784,0,3600,1.733383782841712,4.075493663785418,False
occluding_cut_in,P4,18006,50,5.0,0.0,11.267888282720728,7.327224075401506,0.2107706627715266,0.00021432353040528026,999785676.4695947,17.087302883832308,17.087302883832308,19.431160541768985,11.331044181969368,1.912697116167692,0,0,0,0,-1,inf,0,-1,0,0,-1,0,0,7600,182,0,3814,0,3604,1.733383782841712,4.075493663785418,False
occluding_cut_in,P0,18007,50,5.0,0.0,11.267888282720728,7.327224075401506,0.2107706627715266,0.00021432353040528026,999785676.4695947,17.087302883832308,17.087302883832308,19.431160541768985,11.331044181969368,1.912697116167692,0,0,0,0,-1,inf,0,-1,0,0,-1,0,0,7600,182,0,3814,0,3604,1.9155082147397462,4.350709869894889,False
occluding_cut_in,P1,18007,50,5.0,0.0,11.329768253752883,7.3435409880489555,0.20798857291720702,0.00020907454214380152,999790925.4578563,17.121780353335424,17.116096431372927,19.430094201262467,11.331044181969368,1.8843202526281386,0,0,0,0,-1,inf,0,-1,0,0,-1,0,0,7600,295,0,3723,0,3582,1.9155082147397462,4.350709869894889,False
occluding_cut_in,P2,18007,50,5.0,0.0,11.290627815902605,7.341595674204892,0.2094678815726076,0.00020961426193861923,999790385.7380615,17.087302883832304,17.08601047989793,19.430094201262467,11.331044181969368,1.9139981243507482,0,0,0,0,-1,inf,0,-1,0,0,-1,0,0,7600,220,0,3776,0,3604,1.9155082147397462,4.350709869894889,False
occluding_cut_in,P3,18007,50,5.0,0.0,11.225860703385898,7.306477124987944,0.21426607060065175,0.00021907488638274697,999780925.1136171,17.096720715219107,17.093275839460258,19.431160541768985,11.331044181969368,1.9098437800511956,0,0,0,0,-1,inf,0,-1,0,0,-1,0,0,7600,221,0,3779,0,3600,1.9155082147397462,4.350709869894889,False
occluding_cut_in,P4,18007,50,5.0,0.0,11.267888282720728,7.327224075401506,0.2107706627715266,0.00021432353040528026,999785676.4695947,17.087302883832308,17.087302883832308,19.431160541768985,11.331044181969368,1.912697116167692,0,0,0,0,-1,inf,0,-1,0,0,-1,0,0,7600,182,0,3814,0,3604,1.9155082147397462,4.350709869894889,False
occluding_cut_in,P0,18008,50,5.0,0.0,11.267888282720728,7.327224075401506,0.2107706627715266,0.00021432353040528026,999785676.4695947,17.087302883832308,17.087302883832308,19.431160541768985,11.331044181969368,1.912697116167692,0,0,0,0,-1,inf,0,-1,0,0,-1,0,0,7600,182,0,3814,0,3604,1.8088413650469126,4.225107984941946,False
occluding_cut_in,P1,18008,50,5.0,0.0,11.297346239381923,7.342179857882147,0.209310594184372,0.00020942988911364004,999790570.1108866,17.08730288383231,17.08562970992094,19.429105969747095,11.331044181969368,1.914434572684932,0,0,0,0,-1,inf,0,-1,0,0,-1,0,0,7600,254,0,3746,0,3600,1.8088413650469126,4.225107984941946,False
occluding_cut_in,P2,18008,50,5.0,0.0,11.276963380877083,7.330914167477342,0.21037900968694642,0.00021314547187283376,999786854.5281272,17.087302883832308,17.08684058791738,19.43013353196599,11.331044181969368,1.913174713293892,0,0,0,0,-1,inf,0,-1,0,0,-1,0,0,7600,211,0,3789,0,3600,1.8088413650469126,4.225107984941946,False
occluding_cut_in,P3,18008,50,5.0,0.0,11.279704603516377,7.346397526329796,0.2100100123135853,0.0002080870194614248,999791912.9805385,17.0873028838323,17.08646209581056,19.43013353196599,11.331044181969368,1.9135795070334352,0,0,0,0,-1,inf,0,-1,0,0,-1,0,0,7600,220,0,3780,0,3600,1.8088413650469126,4.225107984941946,False
occluding_cut_in,P4,18008,50,5.0,0.0,11.267888282720728,7.327224075401506,0.2107706627715266,0.00021432353040528026,999785676.4695947,17.087302883832308,17.087302883832308,19.431160541768985,11.331044181969368,1.912697116167692,0,0,0,0,-1,inf,0,-1,0,0,-1,0,0,7600,182,0,3814,0,3604,1.8088413650469126,4.225107984941946,False
occluding_cut_in,P0,18009,50,5.0,0.0,11.267888282720728,7.327224075401506,0.2107706627715266,0.00021432353040528026,999785676.4695947,17.087302883832308,17.087302883832308,19.431160541768985,11.331044181969368,1.912697116167692,0,0,0,0,-1,inf,0,-1,0,0,-1,0,0,7600,182,0,3814,0,3604,1.7360901863880014,4.119640828103494,False
occluding_cut_in,P1,18009,50,5.0,0.0,11.29962732672104,7.344853951190783,0.20906290951593273,0.00020848423415284898,999791515.765847,17.087302883832304,17.085414279724226,19.43013353196599,11.331044181969368,1.9146127969736648,0,0,0,0,-1,inf,0,-1,0,0,-1,0,0,7600,244,0,3756,0,3600,1.7360901863880014,4.119640828103494,False
occluding_cut_in,P2,18009,50,5.0,0.0,11.238473942199763,7.348331817929137,0.213296932476458,0.00020810353427264775,999791896.4657272,17.096720715219107,17.09280097618688,19.43013353196599,11.331044181969368,1.9094763375039747,0,0,0,0,-1,inf,0,-1,0,0,-1,0,0,7600,245,0,3759,0,3596,1.7360901863880014,4.119640828103494,False
occluding_cut_in,P3,18009,50,5.0,0.0,11.225860703385898,7.306477124987944,0.21426607060065175,0.00021907488638274697,999780925.1136171,17.096720715219107,17.093275839460258,19.431160541768985,11.331044181969368,1.9098437800511956,0,0,0,0,-1,inf,0,-1,0,0,-1,0,0,7600,221,0,3779,0,3600,1.7360901863880014,4.119640828103494,False
occluding_cut_in,P4,18009,50,5.0,0.0,11.267888282720728,7.327224075401506,0.2107706627715266,0.00021432353040528026,999785676.4695947,17.087302883832308,17.087302883832308,19.431160541768985,11.331044181969368,1.912697116167692,0,0,0,0,-1,inf,0,-1,0,0,-1,0,0,7600,182,0,3814,0,3604,1.7360901863880014,4.119640828103494,False
occluding_cut_in,P0,18010,50,5.0,0.0,11.267888282720728,7.327224075401506,0.2107706627715266,0.00021432353040528026,999785676.4695947,17.087302883832308,17.087302883832308,19.431160541768985,11.331044181969368,1.912697116167692,0,0,0,0,-1,inf,0,-1,0,0,-1,0,0,7600,182,0,3814,0,3604,1.8558652342298996,4.239463806991372,False
occluding_cut_in,P1,18010,50,5.0,0.0,11.317065677717675,7.350004083879055,0.20786560613677363,0.00020614123621446657,999793858.7637856,17.121780353335428,17.117341600669608,19.430048105437574,11.331044181969368,1.8829523806057291,0,0,0,0,-1,inf,0,-1,0,0,-1,0,0,7600,279,0,3740,0,3581,1.8558652342298996,4.239463806991372,False
occluding_cut_in,P2,18010,50,5.0,0.0,11.237443136743446,7.348496364291064,0.21337678219934827,0.0002080716804135019,999791928.3195865,17.096720715219117,17.092725783096938,19.430048105437574,11.331044181969368,1.9095945638237422,0,0,0,0,-1,inf,0,-1,0,0,-1,0,0,7600,242,0,3758,0,3600,1.8558652342298996,4.239463806991372,False
occluding_cut_in,P3,18010,50,5.0,0.0,11.234115978422913,7.347532739074193,0.2132565692115898,0.00020827732696175155,999791722.6730384,17.09672071521911,17.09343247158598,19.431160541768985,11.331044181969368,1.9092338673411526,0,0,0,0,-1,inf,0,-1,0,0,-1,0,0,7600,216,0,3784,0,3600,1.8558652342298996,4.239463806991372,False
occluding_cut_in,P4,18010,50,5.0,0.0,11.267888282720728,7.327224075401506,0.2107706627715266,0.00021432353040528026,999785676.4695947,17.087302883832308,17.087302883832308,19.431160541768985,11.331044181969368,1.912697116167692,0,0,0,0,-1,inf,0,-1,0,0,-1,0,0,7600,182,0,3814,0,3604,1.8558652342298996,4.239463806991372,False
occluding_cut_in,P0,18011,50,5.0,0.0,11.267888282720728,7.327224075401506,0.2107706627715266,0.00021432353040528026,999785676.4695947,17.087302883832308,17.087302883832308,19.431160541768985,11.331044181969368,1.912697116167692,0,0,0,0,-1,inf,0,-1,0,0,-1,0,0,7600,182,0,3814,0,3604,1.7984959221357135,4.131197258057073,False
occluding_cut_in,P1,18011,50,5.0,0.0,11.328519051424342,7.329309149349118,0.20810185805498968,0.0002115590858470531,999788440.914153,17.121780353335424,17.115981790302754,19.430094201262467,11.331044181969368,1.884289642167047,0,0,0,0,-1,inf,0,-1,0,0,-1,0,0,7600,299,0,3719,0,3582,1.7984959221357135,4.131197258057073,False
occluding_cut_in,P2,18011,50,5.0,0.0,11.279402230947529,7.3325272748345185,0.21008453913158626,0.00021127208617207876,999788727.9138278,17.087302883832304,17.08671813657334,19.43013353196599,11.331044181969368,1.9132821182943816,0,0,0,0,-1,inf,0,-1,0,0,-1,0,0,7600,211,0,3789,0,3600,1.7984959221357135,4.131197258057073,False
occluding_cut_in,P3,18011,50,5.0,0.0,11.271959506513124,7.335881601140441,0.21027690254954082,0.00021045185835408037,999789548.1416459,17.087302883832308,17.087194917016916,19.431160541768985,11.331044181969368,1.9128245916561997,0,0,0,0,-1,inf,0,-1,0,0,-1,0,0,7600,182,0,3814,0,3604,1.7984959221357135,4.131197258057073,False
occluding_cut_in,P4,18011,50,5.0,0.0,11.267888282720728,7.327224075401506,0.2107706627715266,0.00021432353040528026,999785676.4695947,17.087302883832308,17.087302883832308,19.431160541768985,11.331044181969368,1.912697116167692,0,0,0,0,-1,inf,0,-1,0,0,-1,0,0,7600,182,0,3814,0,3604,1.7984959221357135,4.131197258057073,False
occluding_cut_in,P0,18012,50,5.0,0.0,11.267888282720728,7.327224075401506,0.2107706627715266,0.00021432353040528026,999785676.4695947,17.087302883832308,17.087302883832308,19.431160541768985,11.331044181969368,1.912697116167692,0,0,0,0,-1,inf,0,-1,0,0,-1,0,0,7600,182,0,3814,0,3604,1.7067245719919806,4.016670598051675,False
occluding_cut_in,P1,18012,50,5.0,0.0,11.30106784551517,7.346445528686045,0.20890150591931356,0.0002078737389089975,999792126.261091,17.087302883832304,17.08520853881079,19.430073758811165,11.331044181969368,1.9147981302937223,0,0,0,0,-1,inf,0,-1,0,0,-1,0,0,7600,235,0,3761,0,3604,1.7067245719919806,4.016670598051675,False
occluding_cut_in,P2,18012,50,5.0,0.0,11.276963380877083,7.330914167477342,0.21037900968694642,0.00021314547187283376,999786854.5281272,17.087302883832308,17.08684058791738,19.43013353196599,11.331044181969368,1.913174713293892,0,0,0,0,-1,inf,0,-1,0,0,-1,0,0,7600,211,0,3789,0,3600,1.7067245719919806,4.016670598051675,False
occluding_cut_in,P3,18012,50,5.0,0.0,11.267888282720728,7.327224075401506,0.2107706627715266,0.00021432353040528026,999785676.4695947,17.087302883832308,17.087302883832308,19.431160541768985,11.331044181969368,1.912697116167692,0,0,0,0,-1,inf,0,-1,0,0,-1,0,0,7600,182,0,3814,0,3604,1.7067245719919806,4.016670598051675,False
occluding_cut_in,P4,18012,50,5.0,0.0,11.267888282720728,7.327224075401506,0.2107706627715266,0.00021432353040528026,999785676.4695947,17.087302883832308,17.087302883832308,19.431160541768985,11.331044181969368,1.912697116167692,0,0,0,0,-1,inf,0,-1,0,0,-1,0,0,7600,182,0,3814,0,3604,1.7067245719919806,4.016670598051675,False
occluding_cut_in,P0,18013,50,5.0,0.0,11.267888282720728,7.327224075401506,0.2107706627715266,0.00021432353040528026,999785676.4695947,17.087302883832308,17.087302883832308,19.431160541768985,11.331044181969368,1.912697116167692,0,0,0,0,-1,inf,0,-1,0,0,-1,0,0,7600,182,0,3814,0,3604,1.86829596108936,4.284433396797556,False
occluding_cut_in,P1,18013,50,5.0,0.0,11.29914415251426,7.310241718053719,0.20977203694774968,0.00021708594172897003,999782914.0582709,17.0873028838323,17.08502046588193,19.42906718105352,11.331044181969368,1.9150396917810637,0,0,0,0,-1,inf,0,-1,0,0,-1,0,0,7600,285,0,3719,0,3596,1.86829596108936,4.284433396797556,False
occluding_cut_in,P2,18013,50,5.0,0.0,11.286557719241769,7.3283238598958444,0.20991839768238413,0.0002123252201810136,999787674.7798189,17.087302883832308,17.086232015991207,19.42906718105352,11.331044181969368,1.9137782081097492,0,0,0,0,-1,inf,0,-1,0,0,-1,0,0,7600,242,0,3762,0,3596,1.86829596108936,4.284433396797556,False
occluding_cut_in,P3,18013,50,5.0,0.0,11.271959506513124,7.335881601140441,0.21027690254954082,0.00021045185835408037,999789548.1416459,17.087302883832308,17.087194917016916,19.431160541768985,11.331044181969368,1.9128245916561997,0,0,0,0,-1,inf,0,-1,0,0,-1,0,0,7600,182,0,3814,0,3604,1.86829596108936,4.284433396797556,False
occluding_cut_in,P4,18013,50,5.0,0.0,11.267888282720728,7.327224075401506,0.2107706627715266,0.00021432353040528026,999785676.4695947,17.087302883832308,17.087302883832308,19.431160541768985,11.331044181969368,1.912697116167692,0,0,0,0,-1,inf,0,-1,0,0,-1,0,0,7600,182,0,3814,0,3604,1.86829596108936,4.284433396797556,False
occluding_cut_in,P0,18014,50,5.0,0.0,11.267888282720728,7.327224075401506,0.2107706627715266,0.00021432353040528026,999785676.4695947,17.087302883832308,17.087302883832308,19.431160541768985,11.331044181969368,1.912697116167692,0,0,0,0,-1,inf,0,-1,0,0,-1,0,0,7600,182,0,3814,0,3604,1.9015463619921877,4.28050480243059,False
occluding_cut_in,P1,18014,50,5.0,0.0,11.298290997728765,7.345797043029726,0.2090298986166079,0.00020813171000815464,999791868.2899919,17.087302883832304,17.085314299274767,19.430094201262467,11.331044181969368,1.9147003761617456,0,0,0,0,-1,inf,0,-1,0,0,-1,0,0,7600,239,0,3757,0,3604,1.9015463619921877,4.28050480243059,False
occluding_cut_in,P2,18014,50,5.0,0.0,11.28638838034707,7.324018959268258,0.2099407289890367,0.00021343442622932102,999786565.5737708,17.0873028838323,17.086059089234258,19.430094201262467,11.331044181969368,1.9139427246485368,0,0,0,0,-1,inf,0,-1,0,0,-1,0,0,7600,231,0,3765,0,3604,1.9015463619921877,4.28050480243059,False
occluding_cut_in,P3,18014,50,5.0,0.0,11.27959823775745,7.3462779110606355,0.2100196495923135,0.00020811949895195854,999791880.501048,17.087302883832304,17.08643884012282,19.430094201262467,11.331044181969368,1.9136055059923018,0,0,0,0,-1,inf,0,-1,0,0,-1,0,0,7600,216,0,3780,0,3604,1.9015463619921877,4.28050480243059,False
occluding_cut_in,P4,18014,50,5.0,0.0,11.267888282720728,7.327224075401506,0.2107706627715266,0.00021432353040528026,999785676.4695947,17.087302883832308,17.087302883832308,19.431160541768985,11.331044181969368,1.912697116167692,0,0,0,0,-1,inf,0,-1,0,0,-1,0,0,7600,182,0,3814,0,3604,1.9015463619921877,4.28050480243059,False
occluding_cut_in,P0,18015,50,5.0,0.0,11.267888282720728,7.327224075401506,0.2107706627715266,0.00021432353040528026,999785676.4695947,17.087302883832308,17.087302883832308,19.431160541768985,11.331044181969368,1.912697116167692,0,0,0,0,-1,inf,0,-1,0,0,-1,0,0,7600,182,0,3814,0,3604,1.7124717015345323,3.9901275613039515,False
occluding_cut_in,P1,18015,50,5.0,0.0,11.323776785225128,7.337036014661427,0.20797167356593857,0.00020946901262683737,999790530.9873732,17.121780353335403,17.116517220231064,19.430094201262467,11.331044181969368,1.8836842855772082,0,0,0,0,-1,inf,0,-1,0,0,-1,0,0,7600,277,0,3741,0,3582,1.7124717015345323,3.9901275613039515,False
occluding_cut_in,P2,18015,50,5.0,0.0,11.30022016218605,7.353205379353463,0.20841913588108718,0.00020581723909899913,999794182.760901,17.12178035333542,17.118608055852395,19.430094201262467,11.331044181969368,1.8816780720227881,0,0,0,0,-1,inf,0,-1,0,0,-1,0,0,7600,247,0,3772,0,3581,1.7124717015345323,3.9901275613039515,False
occluding_cut_in,P3,18015,50,5.0,0.0,11.271959506513124,7.335881601140441,0.21027690254954082,0.00021045185835408037,999789548.1416459,17.087302883832308,17.087194917016916,19.431160541768985,11.331044181969368,1.9128245916561997,0,0,0,0,-1,inf,0,-1,0,0,-1,0,0,7600,182,0,3814,0,3604,1.7124717015345323,3.9901275613039515,False
occluding_cut_in,P4,18015,50,5.0,0.0,11.267888282720728,7.327224075401506,0.2107706627715266,0.00021432353040528026,999785676.4695947,17.087302883832308,17.087302883832308,19.431160541768985,11.331044181969368,1.912697116167692,0,0,0,0,-1,inf,0,-1,0,0,-1,0,0,7600,182,0,3814,0,3604,1.7124717015345323,3.9901275613039515,False
occluding_cut_in,P0,18016,50,5.0,0.0,11.267888282720728,7.327224075401506,0.2107706627715266,0.00021432353040528026,999785676.4695947,17.087302883832308,17.087302883832308,19.431160541768985,11.331044181969368,1.912697116167692,0,0,0,0,-1,inf,0,-1,0,0,-1,0,0,7600,182,0,3814,0,3604,1.7335959377691308,4.104625286636212,False
occluding_cut_in,P1,18016,50,5.0,0.0,11.331270285685259,7.334213142422562,0.2079049109373575,0.00021021788290272945,999789782.1170971,17.121780353335417,17.116120229195023,19.430094201262467,11.331044181969368,1.8842256091566423,0,0,0,0,-1,inf,0,-1,0,0,-1,0,0,7600,303,0,3715,0,3582,1.7335959377691308,4.104625286636212,False
occluding_cut_in,P2,18016,50,5.0,0.0,11.279361912896213,7.332113693679981,0.21008848347125705,0.0002113748523771999,999788625.147623,17.087302883832304,17.08669665353498,19.430094201262467,11.331044181969368,1.9133038564810327,0,0,0,0,-1,inf,0,-1,0,0,-1,0,0,7600,207,0,3789,0,3604,1.7335959377691308,4.104625286636212,False
occluding_cut_in,P3,18016,50,5.0,0.0,11.271959506513124,7.335881601140441,0.21027690254954082,0.00021045185835408037,999789548.1416459,17.087302883832308,17.087194917016916,19.431160541768985,11.331044181969368,1.9128245916561997,0,0,0,0,-1,inf,0,-1,0,0,-1,0,0,7600,182,0,3814,0,3604,1.7335959377691308,4.104625286636212,False
occluding_cut_in,P4,18016,50,5.0,0.0,11.267888282720728,7.327224075401506,0.2107706627715266,0.00021432353040528026,999785676.4695947,17.087302883832308,17.087302883832308,19.431160541768985,11.331044181969368,1.912697116167692,0,0,0,0,-1,inf,0,-1,0,0,-1,0,0,7600,182,0,3814,0,3604,1.7335959377691308,4.104625286636212,False
occluding_cut_in,P0,18017,50,5.0,0.0,11.267888282720728,7.327224075401506,0.2107706627715266,0.00021432353040528026,999785676.4695947,17.087302883832308,17.087302883832308,19.431160541768985,11.331044181969368,1.912697116167692,0,0,0,0,-1,inf,0,-1,0,0,-1,0,0,7600,182,0,3814,0,3604,1.7787894844616519,4.173618896083122,False
occluding_cut_in,P1,18017,50,5.0,0.0,11.285042960219789,7.339825038801489,0.21004219915904765,0.00020994134466925288,999790058.6553308,17.08730288383231,17.08552583101029,19.430094201262467,11.331044181969368,1.9145293138794224,0,0,0,0,-1,inf,0,-1,0,0,-1,0,0,7600,228,0,3768,0,3604,1.7787894844616519,4.173618896083122,False
occluding_cut_in,P2,18017,50,5.0,0.0,11.27959823775745,7.3462779110606355,0.2100196495923135,0.00020811949895195854,999791880.501048,17.087302883832304,17.08643884012282,19.430094201262467,11.331044181969368,1.9136055059923018,0,0,0,0,-1,inf,0,-1,0,0,-1,0,0,7600,216,0,3780,0,3604,1.7787894844616519,4.173618896083122,False
occluding_cut_in,P3,18017,50,5.0,0.0,11.272727078473354,7.347277451802598,0.21016357905894723,0.00020785407926597087,999792145.920734,17.087302883832304,17.086958375649086,19.431160541768985,11.331044181969368,1.913149005085399,0,0,0,0,-1,inf,0,-1,0,0,-1,0,0,7600,191,0,3805,0,3604,1.7787894844616519,4.173618896083122,False
occluding_cut_in,P4,18017,50,5.0,0.0,11.267888282720728,7.327224075401506,0.2107706627715266,0.00021432353040528026,999785676.4695947,17.087302883832308,17.087302883832308,19.431160541768985,11.331044181969368,1.912697116167692,0,0,0,0,-1,inf,0,-1,0,0,-1,0,0,7600,182,0,3814,0,3604,1.7787894844616519,4.173618896083122,False
occluding_cut_in,P0,18018,50,5.0,0.0,11.267888282720728,7.327224075401506,0.2107706627715266,0.00021432353040528026,999785676.4695947,17.087302883832308,17.087302883832308,19.431160541768985,11.331044181969368,1.912697116167692,0,0,0,0,-1,inf,0,-1,0,0,-1,0,0,7600,182,0,3814,0,3604,1.77613745707007,4.104396434640816,False
occluding_cut_in,P1,18018,50,5.0,0.0,11.294022467995203,7.285776498207462,0.20992352353237212,0.00022376566596355178,999776234.3340364,17.121780353335403,17.11782994146143,19.430094201262467,11.331044181969368,1.8823784902106286,0,0,0,0,-1,inf,0,-1,0,0,-1,0,0,7600,272,0,3747,0,3581,1.77613745707007,4.104396434640816,False
occluding_cut_in,P2,18018,50,5.0,0.0,11.277123624067267,7.331337482424192,0.21035847978845165,0.00021300644759230845,999786993.5524075,17.087302883832304,17.08682042164354,19.430094201262467,11.331044181969368,1.913193285685995,0,0,0,0,-1,inf,0,-1,0,0,-1,0,0,7600,207,0,3789,0,3604,1.77613745707007,4.104396434640816,False
occluding_cut_in,P3,18018,50,5.0,0.0,11.267888282720728,7.327224075401506,0.2107706627715266,0.00021432353040528026,999785676.4695947,17.087302883832308,17.087302883832308,19.431160541768985,11.331044181969368,1.912697116167692,0,0,0,0,-1,inf,0,-1,0,0,-1,0,0,7600,182,0,3814,0,3604,1.77613745707007,4.104396434640816,False
occluding_cut_in,P4,18018,50,5.0,0.0,11.267888282720728,7.327224075401506,0.2107706627715266,0.00021432353040528026,999785676.4695947,17.087302883832308,17.087302883832308,19.431160541768985,11.331044181969368,1.912697116167692,0,0,0,0,-1,inf,0,-1,0,0,-1,0,0,7600,182,0,3814,0,3604,1.77613745707007,4.104396434640816,False
occluding_cut_in,P0,18019,50,5.0,0.0,11.267888282720728,7.327224075401506,0.2107706627715266,0.00021432353040528026,999785676.4695947,17.087302883832308,17.087302883832308,19.431160541768985,11.331044181969368,1.912697116167692,0,0,0,0,-1,inf,0,-1,0,0,-1,0,0,7600,182,0,3814,0,3604,1.9013141698945606,4.2513241600859155,False
occluding_cut_in,P1,18019,50,5.0,0.0,11.328220731869775,7.326331172501157,0.2081802931586817,0.0002123833658676743,999787616.6341324,17.121780353335406,17.11591623790376,19.43013353196599,11.331044181969368,1.884317558638751,0,0,0,0,-1,inf,0,-1,0,0,-1,0,0,7600,296,0,3726,0,3578,1.9013141698945606,4.2513241600859155,False
occluding_cut_in,P2,18019,50,5.0,0.0,11.29285794852083,7.296851534765533,0.20981603006334143,0.00022041889610346037,999779581.1038965,17.10926373406552,17.106874363865092,19.43013353196599,11.331044181969368,1.893136141231242,0,0,0,0,-1,inf,0,-1,0,0,-1,0,0,7600,235,0,3778,0,3587,1.9013141698945606,4.2513241600859155,False
occluding_cut_in,P3,18019,50,5.0,0.0,11.271959506513124,7.335881601140441,0.21027690254954082,0.00021045185835408037,999789548.1416459,17.087302883832308,17.087194917016916,19.431160541768985,11.331044181969368,1.9128245916561997,0,0,0,0,-1,inf,0,-1,0,0,-1,0,0,7600,182,0,3814,0,3604,1.9013141698945606,4.2513241600859155,False
occluding_cut_in,P4,18019,50,5.0,0.0,11.267888282720728,7.327224075401506,0.2107706627715266,0.00021432353040528026,999785676.4695947,17.087302883832308,17.087302883832308,19.431160541768985,11.331044181969368,1.912697116167692,0,0,0,0,-1,inf,0,-1,0,0,-1,0,0,7600,182,0,3814,0,3604,1.9013141698945606,4.2513241600859155,False
