scenario,planner,seed,steps,duration_s,planning_safety_margin_m,mean_snr_db,min_snr_db,mean_outage_probability,mean_ber_model,mean_goodput_bps_model,path_length_m,progress_m,min_target_distance_m,min_realized_ttc_s,min_static_obstacle_clearance_m,static_clearance_violation_steps,static_clearance_violation_indicator,collision_indicator,collision_steps,first_collision_step,first_collision_time_s,no_candidate_steps,first_no_candidate_step,margin_relaxation_steps,margin_relaxation_indicator,first_margin_relaxation_step,zero_candidate_after_static_steps,zero_candidate_after_dynamic_steps,candidate_evaluations,candidate_road_rejections,candidate_speed_rejections,candidate_static_rejections,candidate_dynamic_rejections,candidate_feasible,prediction_ade_m,prediction_fde_m,measured_optical_link
following_lateral_offset,P0,18000,40,4.0,1.5,18.81385460951986,15.550041320852193,0.006275572711474456,3.306783850458833e-18,1000000000.0,35.46666666666669,35.45706761942327,4.668101757068831,1.6596091753696243,inf,0,0,0,0,-1,inf,0,-1,0,0,-1,0,0,6080,889,0,0,2203,2988,1.7187924260751664,3.937371055251462,False
following_lateral_offset,P1,18000,40,4.0,1.5,20.707304772746472,16.001791007316,0.0042467020632802974,7.650667914848848e-20,1000000000.0,35.150000000000006,35.13463365252794,4.879846859631885,2.0954753722082162,inf,0,0,0,0,-1,inf,0,-1,0,0,-1,0,0,6080,1719,0,0,1639,2722,1.7187924260751664,3.937371055251462,False
following_lateral_offset,P2,18000,40,4.0,1.5,18.816332322206428,15.597992930762258,0.006254542229328175,2.2452268204426263e-18,1000000000.0,35.440000000000005,35.43039335349918,4.694043150485295,1.6894097621858792,inf,0,0,0,0,-1,inf,0,-1,0,0,-1,0,0,6080,887,0,0,2198,2995,1.7187924260751664,3.937371055251462,False
following_lateral_offset,P3,18000,40,4.0,1.5,18.816332322206428,15.597992930762258,0.006254542229328175,2.2452268204426263e-18,1000000000.0,35.440000000000005,35.43039335349918,4.694043150485295,1.6894097621858792,inf,0,0,0,0,-1,inf,0,-1,0,0,-1,0,0,6080,887,0,0,2198,2995,1.7187924260751664,3.937371055251462,False
following_lateral_offset,P4,18000,40,4.0,1.5,18.81385460951986,15.550041320852193,0.006275572711474456,3.306783850458833e-18,1000000000.0,35.46666666666669,35.45706761942327,4.668101757068831,1.6596091753696243,inf,0,0,0,0,-1,inf,0,-1,0,0,-1,0,0,6080,889,0,0,2203,2988,1.7187924260751664,3.937371055251462,False
following_lateral_offset,P0,18001,40,4.0,1.5,16.95488573886538,12.638651745984879,0.015985378086953696,1.405366898365589e-10,999999999.8594633,35.41000000000002,35.40866928107829,4.810741982497313,1.865259658437183,inf,0,0,0,0,-1,inf,0,-1,0,0,-1,0,0,6080,84,0,0,2695,3301,1.7950080648050257,3.9719190337957833,False
following_lateral_offset,P1,18001,40,4.0,1.5,18.36020388835617,16.001791007316,0.006572551077974961,7.612479490423744e-20,1000000000.0,35.30666666666665,35.29934911974319,4.830317995184963,1.8537387637176217,inf,0,0,0,0,-1,inf,0,-1,0,0,-1,0,0,6080,392,0,0,2413,3275,1.7950080648050257,3.9719190337957833,False
following_lateral_offset,P2,18001,40,4.0,1.5,18.361126741304595,16.001791007316,0.006571506001138118,7.612479490423744e-20,1000000000.0,35.29133333333332,35.28402533163942,4.8453558531200995,1.868690843594151,inf,0,0,0,0,-1,inf,0,-1,0,0,-1,0,0,6080,391,0,0,2406,3283,1.7950080648050257,3.9719190337957833,False
following_lateral_offset,P3,18001,40,4.0,1.5,18.35962376965278,16.001791007316,0.0065731713301302565,7.612479490423744e-20,1000000000.0,35.32,35.31267415287692,4.8172431112299865,1.8308494465962764,inf,0,0,0,0,-1,inf,0,-1,0,0,-1,0,0,6080,393,0,0,2414,3273,1.7950080648050257,3.9719190337957833,False
following_lateral_offset,P4,18001,40,4.0,1.5,18.359464729395523,16.001791007316,0.006573331150349614,7.612479490423744e-20,1000000000.0,35.32666666666666,35.31933666944377,4.810706201283633,1.7960191489607715,inf,0,0,0,0,-1,inf,0,-1,0,0,-1,0,0,6080,393,0,0,2417,3270,1.7950080648050257,3.9719190337957833,False
following_lateral_offset,P0,18002,40,4.0,1.5,10.079449361333298,-7.421998447741181,0.3551681542857573,0.07165862120104774,928341378.7989523,35.57666666666666,35.56271676612833,4.997019152317252,2.9629124567083474,inf,0,0,0,0,-1,inf,0,-1,0,0,-1,0,0,6080,1580,0,0,1738,2762,1.5633013085080756,3.657517112430628,False
following_lateral_offset,P1,18002,40,4.0,1.5,10.209892910657691,-6.813520133786199,0.35345959749192757,0.06776012113516838,932239878.8648316,35.529999999999994,35.51606994557501,5.037474685633741,2.9629124567083474,inf,0,0,0,0,-1,inf,0,-1,0,0,-1,0,0,6080,1574,0,0,1730,2776,1.5633013085080756,3.657517112430628,False
following_lateral_offset,P2,18002,40,4.0,1.5,10.21509373386014,-6.703813550807077,0.3534567422123206,0.06764027633259102,932359723.6674092,35.52,35.50607019317344,5.04640968348963,2.9629124567083474,inf,0,0,0,0,-1,inf,0,-1,0,0,-1,0,0,6080,1575,0,0,1728,2777,1.5633013085080756,3.657517112430628,False
following_lateral_offset,P3,18002,40,4.0,1.5,10.082209890754163,-7.34649325999311,0.3551673303528136,0.07160598417495374,928394015.8250462,35.56999999999999,35.55605025748308,5.002960942052012,2.9629124567083474,inf,0,0,0,0,-1,inf,0,-1,0,0,-1,0,0,6080,1580,0,0,1737,2763,1.5633013085080756,3.657517112430628,False
following_lateral_offset,P4,18002,40,4.0,1.5,20.65052219861575,16.001791007316,0.004231348178804469,7.636432680995072e-20,1000000000.0,34.97666666666668,34.961378313344774,5.05299489645711,2.271401596879487,inf,0,0,0,0,-1,inf,0,-1,0,0,-1,0,0,6080,1710,0,0,1651,2719,1.5633013085080756,3.657517112430628,False
following_lateral_offset,P0,18003,40,4.0,1.5,17.140256495392936,12.985174742824622,0.014552738604672464,3.171689879491128e-11,999999999.968283,35.45666666666668,35.45666666666668,4.754143222261786,1.920561239798974,inf,0,0,0,0,-1,inf,0,-1,1,1,1,0,0,6080,0,0,0,2655,3425,1.6394513936587685,3.82054074762055,False
following_lateral_offset,P1,18003,40,4.0,1.5,17.176419293589227,13.160967755586334,0.013817255330608494,1.3465532316936931e-11,999999999.9865345,35.410000000000004,35.410000000000004,4.798760256566269,1.968685725716573,inf,0,0,0,0,-1,inf,0,-1,1,1,1,0,0,6080,0,0,0,2624,3456,1.6394513936587685,3.82054074762055,False
following_lateral_offset,P2,18003,40,4.0,1.5,17.14311352767492,13.036075313266918,0.014468529156743104,2.5231889600838472e-11,999999999.974768,35.44333333333334,35.44333333333334,4.766886941297332,1.956059128081767,inf,0,0,0,0,-1,inf,0,-1,1,1,1,0,0,6080,0,0,0,2654,3426,1.6394513936587685,3.82054074762055,False
following_lateral_offset,P3,18003,40,4.0,1.5,17.140256495392936,12.985174742824622,0.014552738604672464,3.171689879491128e-11,999999999.968283,35.45666666666668,35.45666666666668,4.754143222261786,1.920561239798974,inf,0,0,0,0,-1,inf,0,-1,1,1,1,0,0,6080,0,0,0,2655,3425,1.6394513936587685,3.82054074762055,False
following_lateral_offset,P4,18003,40,4.0,1.5,17.408195410277376,14.488700295320323,0.010723862010952415,8.040242304814975e-15,999999999.999992,35.45666666666668,35.45558817414215,4.738831687879187,1.920561239798974,inf,0,0,0,0,-1,inf,0,-1,1,1,1,0,0,6080,47,0,0,2610,3423,1.6394513936587685,3.82054074762055,False
following_lateral_offset,P0,18004,40,4.0,1.5,9.690206955797539,-10.272000983169868,0.3632234248312585,0.0800323270986812,919967672.9013188,35.83666666666668,35.82300249670795,4.757960732503004,2.8281610879583403,inf,0,0,0,0,-1,inf,0,-1,0,0,-1,0,0,6080,1573,0,0,1769,2738,1.6302262383253179,3.749241349543735,False
following_lateral_offset,P1,18004,40,4.0,1.5,9.690206955797539,-10.272000983169868,0.3632234248312585,0.0800323270986812,919967672.9013188,35.83666666666668,35.82300249670795,4.757960732503004,2.8281610879583403,inf,0,0,0,0,-1,inf,0,-1,0,0,-1,0,0,6080,1573,0,0,1769,2738,1.6302262383253179,3.749241349543735,False
following_lateral_offset,P2,18004,40,4.0,1.5,9.704823400017961,-10.052977518347216,0.3632191986341151,0.07979608354332694,920203916.456673,35.82,35.806336115869264,4.772645361559822,2.8281610879583403,inf,0,0,0,0,-1,inf,0,-1,0,0,-1,0,0,6080,1573,0,0,1765,2742,1.6302262383253179,3.749241349543735,False
following_lateral_offset,P3,18004,40,4.0,1.5,9.704823400017961,-10.052977518347216,0.3632191986341151,0.07979608354332694,920203916.456673,35.82,35.806336115869264,4.772645361559822,2.8281610879583403,inf,0,0,0,0,-1,inf,0,-1,0,0,-1,0,0,6080,1573,0,0,1765,2742,1.6302262383253179,3.749241349543735,False
following_lateral_offset,P4,18004,40,4.0,1.5,20.736882717933533,16.001791007316,0.004171528891498545,7.636400952429443e-20,1000000000.0,35.09333333333334,35.077992483948826,4.936451517683491,2.199047427904531,inf,0,0,0,0,-1,inf,0,-1,0,0,-1,0,0,6080,1722,0,0,1667,2691,1.6302262383253179,3.749241349543735,False
following_lateral_offset,P0,18005,40,4.0,1.5,17.019198976570884,11.466449796849655,0.019409205253598266,1.0658953354059841e-08,999999989.3410466,35.800000000000004,35.800000000000004,4.4271887242357275,1.539841285717455,inf,0,0,0,0,-1,inf,0,-1,1,1,1,0,0,6080,0,0,0,2706,3374,1.8715484522323007,4.205238039903442,False
following_lateral_offset,P1,18005,40,4.0,1.5,17.019198976570884,11.466449796849655,0.019409205253598266,1.0658953354059841e-08,999999989.3410466,35.800000000000004,35.800000000000004,4.4271887242357275,1.539841285717455,inf,0,0,0,0,-1,inf,0,-1,1,1,1,0,0,6080,0,0,0,2706,3374,1.8715484522323007,4.205238039903442,False
following_lateral_offset,P2,18005,40,4.0,1.5,18.177488647171238,16.137508032910766,0.006999750828645274,2.1694786792197847e-20,1000000000.0,35.70500000000002,35.70064370483391,4.451321496371824,1.699862022257661,inf,0,0,0,0,-1,inf,0,-1,1,1,1,0,0,6080,222,0,0,2508,3350,1.8715484522323007,4.205238039903442,False
following_lateral_offset,P3,18005,40,4.0,1.5,18.173785382952747,16.137508032910766,0.007006749296760426,2.1694786792197853e-20,1000000000.0,35.74166666666669,35.737287536500894,4.415601168466608,1.5715369760450322,inf,0,0,0,0,-1,inf,0,-1,1,1,1,0,0,6080,224,0,0,2519,3337,1.8715484522323007,4.205238039903442,False
following_lateral_offset,P4,18005,40,4.0,1.5,18.17371768456696,16.137508032910766,0.007006872509313063,2.1694786792197853e-20,1000000000.0,35.74333333333335,35.738953165213026,4.4139778859460606,1.5544350032333702,inf,0,0,0,0,-1,inf,0,-1,1,1,1,0,0,6080,224,0,0,2520,3336,1.8715484522323007,4.205238039903442,False
following_lateral_offset,P0,18006,40,4.0,1.5,7.944605418733884,-24.10329451211599,0.37031359996327146,0.10335948994305807,896640510.0569417,36.0166666666667,36.00091034844374,4.690084868708524,2.836107718084957,inf,0,0,0,0,-1,inf,0,-1,0,0,-1,0,0,6080,1784,0,0,1677,2619,1.7441667739184243,3.943109176937367,False
following_lateral_offset,P1,18006,40,4.0,1.5,7.944605418733884,-24.10329451211599,0.37031359996327146,0.10335948994305807,896640510.0569417,36.0166666666667,36.00091034844374,4.690084868708524,2.836107718084957,inf,0,0,0,0,-1,inf,0,-1,0,0,-1,0,0,6080,1784,0,0,1677,2619,1.7441667739184243,3.943109176937367,False
following_lateral_offset,P2,18006,40,4.0,1.5,7.949148483683383,-23.97773271843028,0.370313599315227,0.10335661349248897,896643386.5075109,36.01000000000002,35.99424668155207,4.695663715896825,2.836107718084957,inf,0,0,0,0,-1,inf,0,-1,0,0,-1,0,0,6080,1784,0,0,1677,2619,1.7441667739184243,3.943109176937367,False
following_lateral_offset,P3,18006,40,4.0,1.5,7.949148483683383,-23.97773271843028,0.370313599315227,0.10335661349248897,896643386.5075109,36.01000000000002,35.99424668155207,4.695663715896825,2.836107718084957,inf,0,0,0,0,-1,inf,0,-1,0,0,-1,0,0,6080,1784,0,0,1677,2619,1.7441667739184243,3.943109176937367,False
following_lateral_offset,P4,18006,40,4.0,1.5,7.944605418733884,-24.10329451211599,0.37031359996327146,0.10335948994305807,896640510.0569417,36.0166666666667,36.00091034844374,4.690084868708524,2.836107718084957,inf,0,0,0,0,-1,inf,0,-1,0,0,-1,0,0,6080,1784,0,0,1677,2619,1.7441667739184243,3.943109176937367,False
following_lateral_offset,P0,18007,40,4.0,1.5,17.064502541936456,12.286311435424265,0.01658557652024416,5.930302628857384e-10,999999999.4069698,35.71333333333332,35.71287499594413,4.505786448690468,1.7109839632942103,inf,0,0,0,0,-1,inf,0,-1,0,0,-1,0,0,6080,27,0,0,2761,3292,1.7963349386421847,4.00328893613902,False
following_lateral_offset,P1,18007,40,4.0,1.5,16.898004808330263,11.362999838616332,0.020673460276055166,1.5308509627142338e-08,999999984.6914905,35.73999999999998,35.739541641777464,4.488795811033288,1.7037129715844603,inf,0,0,0,0,-1,inf,0,-1,0,0,-1,0,0,6080,27,0,0,2760,3293,1.7963349386421847,4.00328893613902,False
following_lateral_offset,P2,18007,40,4.0,1.5,17.022951623244744,12.11626073848782,0.017425763106684384,1.1714547780997539e-09,999999998.8285452,35.64999999999998,35.649046391286,4.567261553032286,1.7037129715844603,inf,0,0,0,0,-1,inf,0,-1,0,0,-1,0,0,6080,56,0,0,2700,3324,1.7963349386421847,4.00328893613902,False
following_lateral_offset,P3,18007,40,4.0,1.5,17.022951623244744,12.11626073848782,0.017425763106684384,1.1714547780997539e-09,999999998.8285452,35.64999999999998,35.649046391286,4.567261553032286,1.7037129715844603,inf,0,0,0,0,-1,inf,0,-1,0,0,-1,0,0,6080,56,0,0,2700,3324,1.7963349386421847,4.00328893613902,False
following_lateral_offset,P4,18007,40,4.0,1.5,17.419228877161505,14.602342915625739,0.01054893294680668,3.765374212789285e-15,999999999.9999962,35.64499999999998,35.64268695868519,4.548392422939997,1.7037129715844603,inf,0,0,0,0,-1,inf,0,-1,0,0,-1,0,0,6080,119,0,0,2654,3307,1.7963349386421847,4.00328893613902,False
following_lateral_offset,P0,18008,40,4.0,1.5,20.65292881254286,16.001791007316,0.004256331455418802,7.638494802658933e-20,1000000000.0,35.07666666666668,35.06133331671968,4.953100216395388,2.110002771555325,inf,0,0,0,0,-1,inf,0,-1,0,0,-1,0,0,6080,1717,0,0,1623,2740,1.70513806995512,3.8889282049975096,False
following_lateral_offset,P1,18008,40,4.0,1.5,20.59830443013619,16.001791007316,0.004265718751546528,7.638494802658933e-20,1000000000.0,34.86333333333335,34.848095976186556,5.16621379355264,2.310121463498178,inf,0,0,0,0,-1,inf,0,-1,0,0,-1,0,0,6080,1711,0,0,1593,2776,1.70513806995512,3.8889282049975096,False
following_lateral_offset,P2,18008,40,4.0,1.5,20.635361678981265,16.001791007316,0.004259796718853649,7.638494802658933e-20,1000000000.0,35.03000000000001,35.01468764847806,4.999717209744741,2.152076416712049,inf,0,0,0,0,-1,inf,0,-1,0,0,-1,0,0,6080,1715,0,0,1618,2747,1.70513806995512,3.8889282049975096,False
following_lateral_offset,P3,18008,40,4.0,1.5,20.65627263864198,16.001791007316,0.004255968790350005,7.638494802658933e-20,1000000000.0,35.09333333333335,35.07799248394883,4.936451517683484,2.0855756660460796,inf,0,0,0,0,-1,inf,0,-1,0,0,-1,0,0,6080,1718,0,0,1624,2738,1.70513806995512,3.8889282049975096,False
following_lateral_offset,P4,18008,40,4.0,1.5,20.631624114562783,16.001791007316,0.004260715780771954,7.638494802658933e-20,1000000000.0,35.030000000000015,35.014687648478066,4.999717209744734,2.136461829502621,inf,0,0,0,0,-1,inf,0,-1,0,0,-1,0,0,6080,1715,0,0,1617,2748,1.70513806995512,3.8889282049975096,False
following_lateral_offset,P0,18009,40,4.0,1.5,16.99618560448192,11.384091456645962,0.019137968131777,1.3875884985694711e-08,999999986.124115,35.89666666666664,35.89620818604831,4.331644318142562,1.4991108008578913,inf,0,0,0,0,-1,inf,0,-1,0,0,-1,0,0,6080,27,0,0,2767,3286,1.7661287016394014,4.037521148308119,False
following_lateral_offset,P1,18009,40,4.0,1.5,16.828592994908337,10.395208004765504,0.02432896387215328,2.30866369975628e-07,999999769.13363,35.91999999999998,35.91954150115249,4.318397858635414,1.4890847213398068,inf,0,0,0,0,-1,inf,0,-1,0,0,-1,0,0,6080,27,0,0,2767,3286,1.7661287016394014,4.037521148308119,False
following_lateral_offset,P2,18009,40,4.0,1.5,18.22452268482347,16.001791007316,0.006732702609140606,6.60889279941684e-20,1000000000.0,35.843333333333355,35.83855854330837,4.310724282003726,1.4981802448705746,inf,0,0,0,0,-1,inf,0,-1,0,0,-1,0,0,6080,287,0,0,2536,3257,1.7661287016394014,4.037521148308119,False
following_lateral_offset,P3,18009,40,4.0,1.5,20.518798963479686,16.001791007316,0.004419942901007727,7.697400243058143e-20,1000000000.0,34.97,34.95471464645311,5.059654689738925,2.0132455697209717,inf,0,0,0,0,-1,inf,0,-1,0,0,-1,0,0,6080,1701,0,0,1545,2834,1.7661287016394014,4.037521148308119,False
following_lateral_offset,P4,18009,40,4.0,1.5,18.223686864327565,16.001791007316,0.006734300625332879,6.60889279941684e-20,1000000000.0,35.85333333333335,35.848553700151136,4.300994696409845,1.4620304258453494,inf,0,0,0,0,-1,inf,0,-1,0,0,-1,0,0,6080,287,0,0,2538,3255,1.7661287016394014,4.037521148308119,False
following_lateral_offset,P0,18010,40,4.0,1.5,17.168537010544675,12.815928474328407,0.015154361204676536,6.749060035649044e-11,999999999.9325094,35.5,35.5,4.712748667179271,2.1293877687102043,inf,0,0,0,0,-1,inf,0,-1,1,1,1,0,0,6080,0,0,0,2662,3418,1.6929589479885316,3.886272232120418,False
following_lateral_offset,P1,18010,40,4.0,1.5,17.168537010544675,12.815928474328407,0.015154361204676536,6.749060035649044e-11,999999999.9325094,35.5,35.5,4.712748667179271,2.1293877687102043,inf,0,0,0,0,-1,inf,0,-1,1,1,1,0,0,6080,0,0,0,2662,3418,1.6929589479885316,3.886272232120418,False
following_lateral_offset,P2,18010,40,4.0,1.5,17.168537010544675,12.815928474328407,0.015154361204676536,6.749060035649044e-11,999999999.9325094,35.5,35.5,4.712748667179271,2.1293877687102043,inf,0,0,0,0,-1,inf,0,-1,1,1,1,0,0,6080,0,0,0,2662,3418,1.6929589479885316,3.886272232120418,False
following_lateral_offset,P3,18010,40,4.0,1.5,17.168537010544675,12.815928474328407,0.015154361204676536,6.749060035649044e-11,999999999.9325094,35.5,35.5,4.712748667179271,2.1293877687102043,inf,0,0,0,0,-1,inf,0,-1,1,1,1,0,0,6080,0,0,0,2662,3418,1.6929589479885316,3.886272232120418,False
following_lateral_offset,P4,18010,40,4.0,1.5,17.168537010544675,12.815928474328407,0.015154361204676536,6.749060035649044e-11,999999999.9325094,35.5,35.5,4.712748667179271,2.1293877687102043,inf,0,0,0,0,-1,inf,0,-1,1,1,1,0,0,6080,0,0,0,2662,3418,1.6929589479885316,3.886272232120418,False
following_lateral_offset,P0,18011,40,4.0,1.5,9.172297018824883,-12.635676335798497,0.3668043150441509,0.09311665749307396,906883342.506926,35.95000000000001,35.935921988960686,4.673930962242162,2.879441236897689,inf,0,0,0,0,-1,inf,0,-1,0,0,-1,0,0,6080,1613,0,0,1752,2715,1.6086084023042246,3.7924547522507637,False
following_lateral_offset,P1,18011,40,4.0,1.5,20.69066488650153,16.001791007316,0.004218166223006006,7.636400952562496e-20,1000000000.0,35.100000000000016,35.08465615084049,4.929792072198237,2.1397727219992837,inf,0,0,0,0,-1,inf,0,-1,0,0,-1,0,0,6080,1717,0,0,1643,2720,1.6086084023042246,3.7924547522507637,False
following_lateral_offset,P2,18011,40,4.0,1.5,20.73332480939748,16.001791007316,0.004208018032938818,7.636400952517326e-20,1000000000.0,35.22333333333333,35.20793398833619,4.806595941913355,1.9762994453873413,inf,0,0,0,0,-1,inf,0,-1,0,0,-1,0,0,6080,1720,0,0,1664,2696,1.6086084023042246,3.7924547522507637,False
following_lateral_offset,P3,18011,40,4.0,1.5,20.431995783513052,16.001791007316,0.004252331855167515,7.636400952517326e-20,1000000000.0,35.106666666666676,35.09353349825762,4.939738406769209,2.041525802075962,inf,0,0,0,0,-1,inf,0,-1,0,0,-1,0,0,6080,1484,0,0,1786,2810,1.6086084023042246,3.7924547522507637,False
following_lateral_offset,P4,18011,40,4.0,1.5,20.531968861580708,16.001791007316,0.004232990015693083,7.636400952517326e-20,1000000000.0,35.133333333333326,35.11951059486012,4.907871391017358,2.048072888075653,inf,0,0,0,0,-1,inf,0,-1,0,0,-1,0,0,6080,1565,0,0,1732,2783,1.6086084023042246,3.7924547522507637,False
following_lateral_offset,P0,18012,40,4.0,1.5,17.084043729965778,13.046257160738008,0.014609327306125224,2.3501552641762586e-11,999999999.9764984,35.44999999999999,35.449100002142124,4.763116699194184,1.8358038068857547,inf,0,0,0,0,-1,inf,0,-1,0,0,-1,0,0,6080,55,0,0,2758,3267,1.688848557208718,3.950056534720045,False
following_lateral_offset,P1,18012,40,4.0,1.5,17.087987434150545,13.071514559444733,0.014536272904664884,2.0893597391105105e-11,999999999.9791065,35.44333333333332,35.44243334378571,4.7694898389379095,1.8384259143645425,inf,0,0,0,0,-1,inf,0,-1,0,0,-1,0,0,6080,55,0,0,2757,3268,1.688848557208718,3.950056534720045,False
following_lateral_offset,P2,18012,40,4.0,1.5,17.083743977391748,12.995334400490329,0.014672806086820233,2.96010390618499e-11,999999999.9703991,35.463333333333324,35.46243331885496,4.750372836907664,1.8172232577038108,inf,0,0,0,0,-1,inf,0,-1,0,0,-1,0,0,6080,55,0,0,2758,3267,1.688848557208718,3.950056534720045,False
following_lateral_offset,P3,18012,40,4.0,1.5,17.083743977391748,12.995334400490329,0.014672806086820233,2.96010390618499e-11,999999999.9703991,35.463333333333324,35.46243331885496,4.750372836907664,1.8172232577038108,inf,0,0,0,0,-1,inf,0,-1,0,0,-1,0,0,6080,55,0,0,2758,3267,1.688848557208718,3.950056534720045,False
following_lateral_offset,P4,18012,40,4.0,1.5,17.951356804064954,16.001791007316,0.007628498575012013,7.54548127599842e-20,1000000000.0,35.46333333333333,35.45936150666479,4.6968633631833345,1.8190907483920873,inf,0,0,0,0,-1,inf,0,-1,0,0,-1,0,0,6080,221,0,0,2600,3259,1.688848557208718,3.950056534720045,False
following_lateral_offset,P0,18013,40,4.0,1.5,17.028918089082026,12.091754729490495,0.01839782948285537,1.3308511431795877e-09,999999998.669149,35.67,35.67,4.550703242357162,1.7391208901120867,inf,0,0,0,0,-1,inf,0,-1,1,1,1,0,0,6080,0,0,0,2724,3356,1.7722941884308643,4.044125750884917,False
following_lateral_offset,P1,18013,40,4.0,1.5,17.028918089082026,12.091754729490495,0.01839782948285537,1.3308511431795877e-09,999999998.669149,35.67,35.67,4.550703242357162,1.7391208901120867,inf,0,0,0,0,-1,inf,0,-1,1,1,1,0,0,6080,0,0,0,2724,3356,1.7722941884308643,4.044125750884917,False
following_lateral_offset,P2,18013,40,4.0,1.5,17.028918089082026,12.091754729490495,0.01839782948285537,1.3308511431795877e-09,999999998.669149,35.67,35.67,4.550703242357162,1.7391208901120867,inf,0,0,0,0,-1,inf,0,-1,1,1,1,0,0,6080,0,0,0,2724,3356,1.7722941884308643,4.044125750884917,False
following_lateral_offset,P3,18013,40,4.0,1.5,17.028918089082026,12.091754729490495,0.01839782948285537,1.3308511431795877e-09,999999998.669149,35.67,35.67,4.550703242357162,1.7391208901120867,inf,0,0,0,0,-1,inf,0,-1,1,1,1,0,0,6080,0,0,0,2724,3356,1.7722941884308643,4.044125750884917,False
following_lateral_offset,P4,18013,40,4.0,1.5,17.540902156840186,13.86346134972835,0.01112994581179754,3.56914385455831e-13,999999999.999643,35.670000000000016,35.66802698710407,4.5219067349037765,1.7137325434125477,inf,0,0,0,0,-1,inf,0,-1,1,1,1,0,0,6080,95,0,0,2634,3351,1.7722941884308643,4.044125750884917,False
following_lateral_offset,P0,18014,40,4.0,1.5,12.56792207416984,4.702930088331367,0.2540121794845501,0.00224238581355345,997757614.1864465,35.710000000000015,35.69238286248924,4.701894669088133,2.1959209733141702,inf,0,0,0,0,-1,inf,0,-1,0,0,-1,0,0,6080,1290,0,0,1975,2815,1.6901874674652102,3.8886162470904795,False
following_lateral_offset,P1,18014,40,4.0,1.5,12.56792207416984,4.702930088331367,0.2540121794845501,0.00224238581355345,997757614.1864465,35.710000000000015,35.69238286248924,4.701894669088133,2.1959209733141702,inf,0,0,0,0,-1,inf,0,-1,0,0,-1,0,0,6080,1290,0,0,1975,2815,1.6901874674652102,3.8886162470904795,False
following_lateral_offset,P2,18014,40,4.0,1.5,12.56792207416984,4.702930088331367,0.2540121794845501,0.00224238581355345,997757614.1864465,35.710000000000015,35.69238286248924,4.701894669088133,2.1959209733141702,inf,0,0,0,0,-1,inf,0,-1,0,0,-1,0,0,6080,1290,0,0,1975,2815,1.6901874674652102,3.8886162470904795,False
following_lateral_offset,P3,18014,40,4.0,1.5,12.56792207416984,4.702930088331367,0.2540121794845501,0.00224238581355345,997757614.1864465,35.710000000000015,35.69238286248924,4.701894669088133,2.1959209733141702,inf,0,0,0,0,-1,inf,0,-1,0,0,-1,0,0,6080,1290,0,0,1975,2815,1.6901874674652102,3.8886162470904795,False
following_lateral_offset,P4,18014,40,4.0,1.5,19.349352776566462,16.001791007316,0.004860010461784135,7.636675061621678e-20,1000000000.0,35.30999999999999,35.302261112538034,4.790455424125204,2.097377103662251,inf,0,0,0,0,-1,inf,0,-1,0,0,-1,0,0,6080,898,0,0,2234,2948,1.6901874674652102,3.8886162470904795,False
following_lateral_offset,P0,18015,40,4.0,1.5,8.176279487739654,-17.680100902165208,0.3721760375317203,0.10738192538127608,892618074.6187241,36.28999999999999,36.27404774280851,4.418234661225865,2.0177494923720003,inf,0,0,0,0,-1,inf,0,-1,0,0,-1,0,0,6080,1733,0,0,1700,2647,1.6066682290361445,3.7829359359709116,False
following_lateral_offset,P1,18015,40,4.0,1.5,7.936432994367256,-20.33665849767718,0.36957096014261537,0.10656040033413519,893439599.665865,36.250000000000014,36.23446609858603,4.480897579031775,2.1203395695139604,inf,0,0,0,0,-1,inf,0,-1,0,0,-1,0,0,6080,1772,0,0,1653,2655,1.6066682290361445,3.7829359359709116,False
following_lateral_offset,P2,18015,40,4.0,1.5,8.176279487739654,-17.680100902165208,0.3721760375317203,0.10738192538127608,892618074.6187241,36.28999999999999,36.27404774280851,4.418234661225865,2.0177494923720003,inf,0,0,0,0,-1,inf,0,-1,0,0,-1,0,0,6080,1733,0,0,1700,2647,1.6066682290361445,3.7829359359709116,False
following_lateral_offset,P3,18015,40,4.0,1.5,8.176279487739654,-17.680100902165208,0.3721760375317203,0.10738192538127608,892618074.6187241,36.28999999999999,36.27404774280851,4.418234661225865,2.0177494923720003,inf,0,0,0,0,-1,inf,0,-1,0,0,-1,0,0,6080,1733,0,0,1700,2647,1.6066682290361445,3.7829359359709116,False
following_lateral_offset,P4,18015,40,4.0,1.5,8.176279487739654,-17.680100902165208,0.3721760375317203,0.10738192538127608,892618074.6187241,36.28999999999999,36.27404774280851,4.418234661225865,2.0177494923720003,inf,0,0,0,0,-1,inf,0,-1,0,0,-1,0,0,6080,1733,0,0,1700,2647,1.6066682290361445,3.7829359359709116,False
following_lateral_offset,P0,18016,40,4.0,1.5,8.57423873133919,-15.945974628310765,0.37641244462376494,0.1035384560879744,896461543.9120257,36.19000000000001,36.176182112533326,4.456832239792807,2.713241400799012,inf,0,0,0,0,-1,inf,0,-1,0,0,-1,0,0,6080,1600,0,0,1832,2648,1.541029237150796,3.648485067676026,False
following_lateral_offset,P1,18016,40,4.0,1.5,8.57423873133919,-15.945974628310765,0.37641244462376494,0.1035384560879744,896461543.9120257,36.19000000000001,36.176182112533326,4.456832239792807,2.713241400799012,inf,0,0,0,0,-1,inf,0,-1,0,0,-1,0,0,6080,1600,0,0,1832,2648,1.541029237150796,3.648485067676026,False
following_lateral_offset,P2,18016,40,4.0,1.5,8.57423873133919,-15.945974628310765,0.37641244462376494,0.1035384560879744,896461543.9120257,36.19000000000001,36.176182112533326,4.456832239792807,2.713241400799012,inf,0,0,0,0,-1,inf,0,-1,0,0,-1,0,0,6080,1600,0,0,1832,2648,1.541029237150796,3.648485067676026,False
following_lateral_offset,P3,18016,40,4.0,1.5,8.57423873133919,-15.945974628310765,0.37641244462376494,0.1035384560879744,896461543.9120257,36.19000000000001,36.176182112533326,4.456832239792807,2.713241400799012,inf,0,0,0,0,-1,inf,0,-1,0,0,-1,0,0,6080,1600,0,0,1832,2648,1.541029237150796,3.648485067676026,False
following_lateral_offset,P4,18016,40,4.0,1.5,20.7084077957202,16.001791007316,0.004181679847725784,7.636400952430596e-20,1000000000.0,35.010000000000026,34.99469664780309,5.019696203763472,2.3365821185253055,inf,0,0,0,0,-1,inf,0,-1,0,0,-1,0,0,6080,1722,0,0,1642,2716,1.541029237150796,3.648485067676026,False
following_lateral_offset,P0,18017,40,4.0,1.5,8.786453029257626,-14.731129594061905,0.36618283749829716,0.0994100412087296,900589958.7912705,36.03000000000001,36.01554822761849,4.620158554716215,2.9009162455844932,inf,0,0,0,0,-1,inf,0,-1,0,0,-1,0,0,6080,1650,0,0,1794,2636,1.72629686149357,3.956490985636614,False
following_lateral_offset,P1,18017,40,4.0,1.5,8.786453029257626,-14.731129594061905,0.36618283749829716,0.0994100412087296,900589958.7912705,36.03000000000001,36.01554822761849,4.620158554716215,2.9009162455844932,inf,0,0,0,0,-1,inf,0,-1,0,0,-1,0,0,6080,1650,0,0,1794,2636,1.72629686149357,3.956490985636614,False
following_lateral_offset,P2,18017,40,4.0,1.5,8.786453029257626,-14.731129594061905,0.36618283749829716,0.0994100412087296,900589958.7912705,36.03000000000001,36.01554822761849,4.620158554716215,2.9009162455844932,inf,0,0,0,0,-1,inf,0,-1,0,0,-1,0,0,6080,1650,0,0,1794,2636,1.72629686149357,3.956490985636614,False
following_lateral_offset,P3,18017,40,4.0,1.5,8.786453029257626,-14.731129594061905,0.36618283749829716,0.0994100412087296,900589958.7912705,36.03000000000001,36.01554822761849,4.620158554716215,2.9009162455844932,inf,0,0,0,0,-1,inf,0,-1,0,0,-1,0,0,6080,1650,0,0,1794,2636,1.72629686149357,3.956490985636614,False
following_lateral_offset,P4,18017,40,4.0,1.5,8.786453029257626,-14.731129594061905,0.36618283749829716,0.0994100412087296,900589958.7912705,36.03000000000001,36.01554822761849,4.620158554716215,2.9009162455844932,inf,0,0,0,0,-1,inf,0,-1,0,0,-1,0,0,6080,1650,0,0,1794,2636,1.72629686149357,3.956490985636614,False
following_lateral_offset,P0,18018,40,4.0,1.5,16.962175364559453,11.682299125214044,0.0200946381031472,5.4915170937582436e-09,999999994.5084827,35.75666666666666,35.75666666666666,4.468319345993282,1.7117460423301585,inf,0,0,0,0,-1,inf,0,-1,1,1,1,0,0,6080,0,0,0,2762,3318,1.6269585273732772,3.7341475400959467,False
following_lateral_offset,P1,18018,40,4.0,1.5,16.962175364559453,11.682299125214044,0.0200946381031472,5.4915170937582436e-09,999999994.5084827,35.75666666666666,35.75666666666666,4.468319345993282,1.7117460423301585,inf,0,0,0,0,-1,inf,0,-1,1,1,1,0,0,6080,0,0,0,2762,3318,1.6269585273732772,3.7341475400959467,False
following_lateral_offset,P2,18018,40,4.0,1.5,18.11269071697543,16.137508032910766,0.007173042123094761,2.3327898679069165e-20,1000000000.0,35.72,35.71589814725492,4.438923580071244,1.7117460423301585,inf,0,0,0,0,-1,inf,0,-1,1,1,1,0,0,6080,214,0,0,2573,3293,1.6269585273732772,3.7341475400959467,False
following_lateral_offset,P3,18018,40,4.0,1.5,16.962175364559453,11.682299125214044,0.0200946381031472,5.4915170937582436e-09,999999994.5084827,35.75666666666666,35.75666666666666,4.468319345993282,1.7117460423301585,inf,0,0,0,0,-1,inf,0,-1,1,1,1,0,0,6080,0,0,0,2762,3318,1.6269585273732772,3.7341475400959467,False
following_lateral_offset,P4,18018,40,4.0,1.5,18.877201889055222,16.137508032910766,0.006321168592646265,2.33278986790332e-20,1000000000.0,35.526666666666664,35.51152229187775,4.589298675603083,1.7117460423301585,inf,0,0,0,0,-1,inf,0,-1,1,1,1,0,0,6080,448,0,0,2356,3276,1.6269585273732772,3.7341475400959467,False
following_lateral_offset,P0,18019,40,4.0,1.5,20.456842182969954,16.001791007316,0.00421945188674383,7.636400952429454e-20,1000000000.0,35.08166666666668,35.06853981245732,4.964600831209531,2.0480728880756494,inf,0,0,0,0,-1,inf,0,-1,0,0,-1,0,0,6080,1489,0,0,1663,2928,1.8007594421513446,4.0141621608413045,False
following_lateral_offset,P1,18019,40,4.0,1.5,20.43764626274696,16.001791007316,0.004230123706777929,7.636400952429459e-20,1000000000.0,35.03666666666669,35.02354348442259,5.009439661463046,2.0904814044972024,inf,0,0,0,0,-1,inf,0,-1,0,0,-1,0,0,6080,1488,0,0,1653,2939,1.8007594421513446,4.0141621608413045,False
following_lateral_offset,P2,18019,40,4.0,1.5,20.451577042774407,16.001791007316,0.004220575227277408,7.636400952429454e-20,1000000000.0,35.051666666666684,35.038537437997796,4.994500221992144,2.0838230946272307,inf,0,0,0,0,-1,inf,0,-1,0,0,-1,0,0,6080,1485,0,0,1659,2936,1.8007594421513446,4.0141621608413045,False
following_lateral_offset,P3,18019,40,4.0,1.5,20.45531161062393,16.001791007316,0.0042197596737961005,7.636400952429454e-20,1000000000.0,35.06166666666669,35.048540351856765,4.984450447416072,2.0480728880756494,inf,0,0,0,0,-1,inf,0,-1,0,0,-1,0,0,6080,1485,0,0,1660,2935,1.8007594421513446,4.0141621608413045,False
following_lateral_offset,P4,18019,40,4.0,1.5,20.73266215649353,16.001791007316,0.004180446699089197,7.636400952429459e-20,1000000000.0,35.05333333333335,35.038010482598864,4.976408596678183,2.0447993024664375,inf,0,0,0,0,-1,inf,0,-1,0,0,-1,0,0,6080,1722,0,0,1512,2846,1.8007594421513446,4.0141621608413045,False
lane_choice,P0,18000,40,4.0,1.5,-1.4841772517946121,-13.800125353527465,0.7112488585418857,0.27149979741639463,728500202.5836054,12.99999999999999,12.882786325056207,16.782438462261936,inf,1.5013499953110632,0,0,0,0,-1,inf,0,-1,0,0,-1,0,0,6080,1879,0,1762,0,2439,1.792503413322958,4.25236303270003,False
lane_choice,P1,18000,40,4.0,1.5,11.415283391778742,7.917465961148334,0.19749853001493048,9.757018575009277e-05,999902429.81425,12.999999999999991,12.91210617836171,16.755131274768452,6.1060366622275195,1.5001885304115121,0,0,0,0,-1,inf,0,-1,0,0,-1,0,0,6080,1784,0,1780,0,2516,1.792503413322958,4.25236303270003,False
lane_choice,P2,18000,40,4.0,1.5,12.101132847578397,8.783780876789407,0.14732170842461895,1.6529403731088244e-05,999983470.5962689,12.99999999999999,12.905349679254607,16.74847084715829,6.1060366622275195,1.5010597912286787,0,0,0,0,-1,inf,0,-1,0,0,-1,0,0,6080,1602,0,1812,0,2666,1.792503413322958,4.25236303270003,False
lane_choice,P3,18000,40,4.0,1.5,12.063550375071316,9.25160767216483,0.1418579390129871,8.954170154910065e-06,999991045.8298451,12.99999999999999,12.909750412021806,16.753017151880435,6.1060366622275195,1.5000801085241666,0,0,0,0,-1,inf,0,-1,0,0,-1,0,0,6080,1691,0,1829,0,2560,1.792503413322958,4.25236303270003,False
lane_choice,P4,18000,40,4.0,1.5,12.011930681626641,8.339167020023577,0.15681014940403565,3.197086409443261e-05,999968029.1359055,12.99999999999999,12.903358507552323,16.74847084715829,6.1060366622275195,1.508038196389593,0,0,0,0,-1,inf,0,-1,0,0,-1,0,0,6080,1616,0,1788,0,2676,1.792503413322958,4.25236303270003,False
lane_choice,P0,18001,40,4.0,1.5,-1.4841772517946121,-13.800125353527465,0.7112488585418857,0.27149979741639463,728500202.5836054,12.99999999999999,12.882786325056207,16.782438462261936,inf,1.5013499953110632,0,0,0,0,-1,inf,0,-1,0,0,-1,0,0,6080,1879,0,1762,0,2439,1.8521235497987014,4.274180255105955,False
lane_choice,P1,18001,40,4.0,1.5,11.458875709100306,8.09063390606506,0.19363949050527535,7.430131831917062e-05,999925698.6816809,12.999999999999988,12.910651675838745,16.753017151880435,6.1060366622275195,1.5012933668405384,0,0,0,0,-1,inf,0,-1,0,0,-1,0,0,6080,1766,0,1786,0,2528,1.8521235497987014,4.274180255105955,False
lane_choice,P2,18001,40,4.0,1.5,11.703198529149143,7.538257214268723,0.1857368298048921,0.00010507956624698466,999894920.433753,12.999999999999993,12.903734334916027,16.747476673586238,6.1060366622275195,1.5004848028643027,0,0,0,0,-1,inf,0,-1,0,0,-1,0,0,6080,1621,0,1836,0,2623,1.8521235497987014,4.274180255105955,False
lane_choice,P3,18001,40,4.0,1.5,11.761369247674178,8.763759785661756,0.16494697501400693,2.2891689134287736e-05,999977108.3108658,12.99999999999999,12.909748525722138,16.7508040885184,6.1060366622275195,1.500368498496405,0,0,0,0,-1,inf,0,-1,0,0,-1,0,0,6080,1706,0,1817,0,2557,1.8521235497987014,4.274180255105955,False
lane_choice,P4,18001,40,4.0,1.5,12.011930681626641,8.339167020023577,0.15681014940403565,3.197086409443261e-05,999968029.1359055,12.99999999999999,12.903358507552323,16.74847084715829,6.1060366622275195,1.508038196389593,0,0,0,0,-1,inf,0,-1,0,0,-1,0,0,6080,1616,0,1788,0,2676,1.8521235497987014,4.274180255105955,False
lane_choice,P0,18002,40,4.0,1.5,-1.4841772517946121,-13.800125353527465,0.7112488585418857,0.27149979741639463,728500202.5836054,12.99999999999999,12.882786325056207,16.782438462261936,inf,1.5013499953110632,0,0,0,0,-1,inf,0,-1,0,0,-1,0,0,6080,1879,0,1762,0,2439,1.6552555805066376,4.000772518940951,False
lane_choice,P1,18002,40,4.0,1.5,11.435182525296545,8.012373056845629,0.19517708609454484,8.383575704004454e-05,999916164.24296,12.99999999999999,12.910819574708963,16.753017151880435,6.1060366622275195,1.501167547298801,0,0,0,0,-1,inf,0,-1,0,0,-1,0,0,6080,1768,0,1784,0,2528,1.6552555805066376,4.000772518940951,False
lane_choice,P2,18002,40,4.0,1.5,12.008621702981113,8.339167020023577,0.15701360302838382,3.2002794464293644e-05,999967997.2055357,12.99999999999999,12.903358507552323,16.74847084715829,6.1060366622275195,1.508038196389593,0,0,0,0,-1,inf,0,-1,0,0,-1,0,0,6080,1631,0,1773,0,2676,1.6552555805066376,4.000772518940951,False
lane_choice,P3,18002,40,4.0,1.5,11.415283391778742,7.917465961148334,0.19749853001493048,9.757018575009277e-05,999902429.81425,12.999999999999991,12.91210617836171,16.755131274768452,6.1060366622275195,1.5001885304115121,0,0,0,0,-1,inf,0,-1,0,0,-1,0,0,6080,1784,0,1780,0,2516,1.6552555805066376,4.000772518940951,False
lane_choice,P4,18002,40,4.0,1.5,12.011930681626641,8.339167020023577,0.15681014940403565,3.197086409443261e-05,999968029.1359055,12.99999999999999,12.903358507552323,16.74847084715829,6.1060366622275195,1.508038196389593,0,0,0,0,-1,inf,0,-1,0,0,-1,0,0,6080,1616,0,1788,0,2676,1.6552555805066376,4.000772518940951,False
lane_choice,P0,18003,40,4.0,1.5,-1.4841772517946121,-13.800125353527465,0.7112488585418857,0.27149979741639463,728500202.5836054,12.99999999999999,12.882786325056207,16.782438462261936,inf,1.5013499953110632,0,0,0,0,-1,inf,0,-1,0,0,-1,0,0,6080,1879,0,1762,0,2439,1.7271513095104551,4.159376159865881,False
lane_choice,P1,18003,40,4.0,1.5,11.415283391778742,7.917465961148334,0.19749853001493048,9.757018575009277e-05,999902429.81425,12.999999999999991,12.91210617836171,16.755131274768452,6.1060366622275195,1.5001885304115121,0,0,0,0,-1,inf,0,-1,0,0,-1,0,0,6080,1784,0,1780,0,2516,1.7271513095104551,4.159376159865881,False
lane_choice,P2,18003,40,4.0,1.5,12.006669292576891,8.339167020023577,0.15719914595329887,3.211108957552374e-05,999967888.9104245,12.99999999999999,12.903343972408566,16.74847084715829,6.1060366622275195,1.5076951843659407,0,0,0,0,-1,inf,0,-1,0,0,-1,0,0,6080,1600,0,1804,0,2676,1.7271513095104551,4.159376159865881,False
lane_choice,P3,18003,40,4.0,1.5,12.076728932495755,9.263228055490746,0.13843144961890505,8.18915618597111e-06,999991810.8438139,12.99999999999999,12.911716648644994,16.757163456939804,6.1060366622275195,1.5028868179940864,0,0,0,0,-1,inf,0,-1,0,0,-1,0,0,6080,1729,0,1751,0,2600,1.7271513095104551,4.159376159865881,False
lane_choice,P4,18003,40,4.0,1.5,12.011930681626641,8.339167020023577,0.15681014940403565,3.197086409443261e-05,999968029.1359055,12.99999999999999,12.903358507552323,16.74847084715829,6.1060366622275195,1.508038196389593,0,0,0,0,-1,inf,0,-1,0,0,-1,0,0,6080,1616,0,1788,0,2676,1.7271513095104551,4.159376159865881,False
lane_choice,P0,18004,40,4.0,1.5,-1.4841772517946121,-13.800125353527465,0.7112488585418857,0.27149979741639463,728500202.5836054,12.99999999999999,12.882786325056207,16.782438462261936,inf,1.5013499953110632,0,0,0,0,-1,inf,0,-1,0,0,-1,0,0,6080,1879,0,1762,0,2439,1.7305505086940485,4.099957038617391,False
lane_choice,P1,18004,40,4.0,1.5,11.761369247674178,8.763759785661756,0.16494697501400693,2.2891689134287736e-05,999977108.3108658,12.99999999999999,12.909748525722138,16.7508040885184,6.1060366622275195,1.500368498496405,0,0,0,0,-1,inf,0,-1,0,0,-1,0,0,6080,1706,0,1817,0,2557,1.7305505086940485,4.099957038617391,False
lane_choice,P2,18004,40,4.0,1.5,12.011930681626641,8.339167020023577,0.15681014940403565,3.197086409443261e-05,999968029.1359055,12.99999999999999,12.903358507552323,16.74847084715829,6.1060366622275195,1.508038196389593,0,0,0,0,-1,inf,0,-1,0,0,-1,0,0,6080,1616,0,1788,0,2676,1.7305505086940485,4.099957038617391,False
lane_choice,P3,18004,40,4.0,1.5,11.761369247674178,8.763759785661756,0.16494697501400693,2.2891689134287736e-05,999977108.3108658,12.99999999999999,12.909748525722138,16.7508040885184,6.1060366622275195,1.500368498496405,0,0,0,0,-1,inf,0,-1,0,0,-1,0,0,6080,1706,0,1817,0,2557,1.7305505086940485,4.099957038617391,False
lane_choice,P4,18004,40,4.0,1.5,12.011930681626641,8.339167020023577,0.15681014940403565,3.197086409443261e-05,999968029.1359055,12.99999999999999,12.903358507552323,16.74847084715829,6.1060366622275195,1.508038196389593,0,0,0,0,-1,inf,0,-1,0,0,-1,0,0,6080,1616,0,1788,0,2676,1.7305505086940485,4.099957038617391,False
lane_choice,P0,18005,40,4.0,1.5,-1.4841772517946121,-13.800125353527465,0.7112488585418857,0.27149979741639463,728500202.5836054,12.99999999999999,12.882786325056207,16.782438462261936,inf,1.5013499953110632,0,0,0,0,-1,inf,0,-1,0,0,-1,0,0,6080,1879,0,1762,0,2439,1.958440991589272,4.5312965438169766,False
lane_choice,P1,18005,40,4.0,1.5,11.415283391778742,7.917465961148334,0.19749853001493048,9.757018575009277e-05,999902429.81425,12.999999999999991,12.91210617836171,16.755131274768452,6.1060366622275195,1.5001885304115121,0,0,0,0,-1,inf,0,-1,0,0,-1,0,0,6080,1784,0,1780,0,2516,1.958440991589272,4.5312965438169766,False
lane_choice,P2,18005,40,4.0,1.5,12.107906813712834,8.783780876789407,0.14677245839597974,1.6327819195592232e-05,999983672.1808045,12.99999999999999,12.905381218567516,16.74847084715829,6.1060366622275195,1.5022722459258522,0,0,0,0,-1,inf,0,-1,0,0,-1,0,0,6080,1619,0,1795,0,2666,1.958440991589272,4.5312965438169766,False
lane_choice,P3,18005,40,4.0,1.5,12.076728932495755,9.263228055490746,0.13843144961890505,8.18915618597111e-06,999991810.8438139,12.99999999999999,12.911716648644994,16.757163456939804,6.1060366622275195,1.5028868179940864,0,0,0,0,-1,inf,0,-1,0,0,-1,0,0,6080,1729,0,1751,0,2600,1.958440991589272,4.5312965438169766,False
lane_choice,P4,18005,40,4.0,1.5,12.011930681626641,8.339167020023577,0.15681014940403565,3.197086409443261e-05,999968029.1359055,12.99999999999999,12.903358507552323,16.74847084715829,6.1060366622275195,1.508038196389593,0,0,0,0,-1,inf,0,-1,0,0,-1,0,0,6080,1616,0,1788,0,2676,1.958440991589272,4.5312965438169766,False
lane_choice,P0,18006,40,4.0,1.5,-1.4841772517946121,-13.800125353527465,0.7112488585418857,0.27149979741639463,728500202.5836054,12.99999999999999,12.882786325056207,16.782438462261936,inf,1.5013499953110632,0,0,0,0,-1,inf,0,-1,0,0,-1,0,0,6080,1879,0,1762,0,2439,1.8069535065752604,4.2201411707509635,False
lane_choice,P1,18006,40,4.0,1.5,11.415283391778742,7.917465961148334,0.19749853001493048,9.757018575009277e-05,999902429.81425,12.999999999999991,12.91210617836171,16.755131274768452,6.1060366622275195,1.5001885304115121,0,0,0,0,-1,inf,0,-1,0,0,-1,0,0,6080,1784,0,1780,0,2516,1.8069535065752604,4.2201411707509635,False
lane_choice,P2,18006,40,4.0,1.5,11.868170159526652,8.07166943679648,0.1680641636899664,4.788813246915062e-05,999952111.8675308,12.999999999999991,12.905021738394877,16.74847084715829,6.1060366622275195,1.5058740108766693,0,0,0,0,-1,inf,0,-1,0,0,-1,0,0,6080,1638,0,1814,0,2628,1.8069535065752604,4.2201411707509635,False
lane_choice,P3,18006,40,4.0,1.5,11.415283391778742,7.917465961148334,0.19749853001493048,9.757018575009277e-05,999902429.81425,12.999999999999991,12.91210617836171,16.755131274768452,6.1060366622275195,1.5001885304115121,0,0,0,0,-1,inf,0,-1,0,0,-1,0,0,6080,1784,0,1780,0,2516,1.8069535065752604,4.2201411707509635,False
lane_choice,P4,18006,40,4.0,1.5,12.011930681626641,8.339167020023577,0.15681014940403565,3.197086409443261e-05,999968029.1359055,12.99999999999999,12.903358507552323,16.74847084715829,6.1060366622275195,1.508038196389593,0,0,0,0,-1,inf,0,-1,0,0,-1,0,0,6080,1616,0,1788,0,2676,1.8069535065752604,4.2201411707509635,False
lane_choice,P0,18007,40,4.0,1.5,-1.4841772517946121,-13.800125353527465,0.7112488585418857,0.27149979741639463,728500202.5836054,12.99999999999999,12.882786325056207,16.782438462261936,inf,1.5013499953110632,0,0,0,0,-1,inf,0,-1,0,0,-1,0,0,6080,1879,0,1762,0,2439,1.895786511288668,4.340263316585813,False
lane_choice,P1,18007,40,4.0,1.5,11.435182525296545,8.012373056845629,0.19517708609454484,8.383575704004454e-05,999916164.24296,12.99999999999999,12.910819574708963,16.753017151880435,6.1060366622275195,1.501167547298801,0,0,0,0,-1,inf,0,-1,0,0,-1,0,0,6080,1768,0,1784,0,2528,1.895786511288668,4.340263316585813,False
lane_choice,P2,18007,40,4.0,1.5,12.006669292576891,8.339167020023577,0.15719914595329887,3.211108957552374e-05,999967888.9104245,12.99999999999999,12.903343972408566,16.74847084715829,6.1060366622275195,1.5076951843659407,0,0,0,0,-1,inf,0,-1,0,0,-1,0,0,6080,1600,0,1804,0,2676,1.895786511288668,4.340263316585813,False
lane_choice,P3,18007,40,4.0,1.5,11.758934634062106,8.774627668072814,0.1643701125898196,2.2394814054187174e-05,999977605.1859459,12.999999999999993,12.90887192507583,16.752025539288738,6.1060366622275195,1.501057888153312,0,0,0,0,-1,inf,0,-1,0,0,-1,0,0,6080,1698,0,1823,0,2559,1.895786511288668,4.340263316585813,False
lane_choice,P4,18007,40,4.0,1.5,12.011930681626641,8.339167020023577,0.15681014940403565,3.197086409443261e-05,999968029.1359055,12.99999999999999,12.903358507552323,16.74847084715829,6.1060366622275195,1.508038196389593,0,0,0,0,-1,inf,0,-1,0,0,-1,0,0,6080,1616,0,1788,0,2676,1.895786511288668,4.340263316585813,False
lane_choice,P0,18008,40,4.0,1.5,-1.4841772517946121,-13.800125353527465,0.7112488585418857,0.27149979741639463,728500202.5836054,12.99999999999999,12.882786325056207,16.782438462261936,inf,1.5013499953110632,0,0,0,0,-1,inf,0,-1,0,0,-1,0,0,6080,1879,0,1762,0,2439,1.8094819808217124,4.266318936995073,False
lane_choice,P1,18008,40,4.0,1.5,11.435182525296545,8.012373056845629,0.19517708609454484,8.383575704004454e-05,999916164.24296,12.99999999999999,12.910819574708963,16.753017151880435,6.1060366622275195,1.501167547298801,0,0,0,0,-1,inf,0,-1,0,0,-1,0,0,6080,1768,0,1784,0,2528,1.8094819808217124,4.266318936995073,False
lane_choice,P2,18008,40,4.0,1.5,12.011280179544938,8.182492001612772,0.15796085111997002,3.999137683902111e-05,999960008.623161,12.99999999999999,12.905688536841826,16.74847084715829,6.1060366622275195,1.5018721618864839,0,0,0,0,-1,inf,0,-1,0,0,-1,0,0,6080,1625,0,1848,0,2607,1.8094819808217124,4.266318936995073,False
lane_choice,P3,18008,40,4.0,1.5,12.076728932495755,9.263228055490746,0.13843144961890505,8.18915618597111e-06,999991810.8438139,12.99999999999999,12.911716648644994,16.757163456939804,6.1060366622275195,1.5028868179940864,0,0,0,0,-1,inf,0,-1,0,0,-1,0,0,6080,1729,0,1751,0,2600,1.8094819808217124,4.266318936995073,False
lane_choice,P4,18008,40,4.0,1.5,12.011930681626641,8.339167020023577,0.15681014940403565,3.197086409443261e-05,999968029.1359055,12.99999999999999,12.903358507552323,16.74847084715829,6.1060366622275195,1.508038196389593,0,0,0,0,-1,inf,0,-1,0,0,-1,0,0,6080,1616,0,1788,0,2676,1.8094819808217124,4.266318936995073,False
lane_choice,P0,18009,40,4.0,1.5,-1.4841772517946121,-13.800125353527465,0.7112488585418857,0.27149979741639463,728500202.5836054,12.99999999999999,12.882786325056207,16.782438462261936,inf,1.5013499953110632,0,0,0,0,-1,inf,0,-1,0,0,-1,0,0,6080,1879,0,1762,0,2439,1.8071294872752506,4.305955848640527,False
lane_choice,P1,18009,40,4.0,1.5,11.435182525296545,8.012373056845629,0.19517708609454484,8.383575704004454e-05,999916164.24296,12.99999999999999,12.910819574708963,16.753017151880435,6.1060366622275195,1.501167547298801,0,0,0,0,-1,inf,0,-1,0,0,-1,0,0,6080,1768,0,1784,0,2528,1.8071294872752506,4.305955848640527,False
lane_choice,P2,18009,40,4.0,1.5,12.107883195357731,8.783780876789407,0.14676623799851551,1.630308050043053e-05,999983696.9194996,12.999999999999991,12.905360561870957,16.74847084715829,6.1060366622275195,1.5014044797033903,0,0,0,0,-1,inf,0,-1,0,0,-1,0,0,6080,1618,0,1796,0,2666,1.8071294872752506,4.305955848640527,False
lane_choice,P3,18009,40,4.0,1.5,11.435182525296545,8.012373056845629,0.19517708609454484,8.383575704004454e-05,999916164.24296,12.99999999999999,12.910819574708963,16.753017151880435,6.1060366622275195,1.501167547298801,0,0,0,0,-1,inf,0,-1,0,0,-1,0,0,6080,1768,0,1784,0,2528,1.8071294872752506,4.305955848640527,False
lane_choice,P4,18009,40,4.0,1.5,12.011930681626641,8.339167020023577,0.15681014940403565,3.197086409443261e-05,999968029.1359055,12.99999999999999,12.903358507552323,16.74847084715829,6.1060366622275195,1.508038196389593,0,0,0,0,-1,inf,0,-1,0,0,-1,0,0,6080,1616,0,1788,0,2676,1.8071294872752506,4.305955848640527,False
lane_choice,P0,18010,40,4.0,1.5,-1.4841772517946121,-13.800125353527465,0.7112488585418857,0.27149979741639463,728500202.5836054,12.99999999999999,12.882786325056207,16.782438462261936,inf,1.5013499953110632,0,0,0,0,-1,inf,0,-1,0,0,-1,0,0,6080,1879,0,1762,0,2439,1.7723982214286529,4.214845747712275,False
lane_choice,P1,18010,40,4.0,1.5,11.415283391778742,7.917465961148334,0.19749853001493048,9.757018575009277e-05,999902429.81425,12.999999999999991,12.91210617836171,16.755131274768452,6.1060366622275195,1.5001885304115121,0,0,0,0,-1,inf,0,-1,0,0,-1,0,0,6080,1784,0,1780,0,2516,1.7723982214286529,4.214845747712275,False
lane_choice,P2,18010,40,4.0,1.5,12.011280179544938,8.182492001612772,0.15796085111997002,3.999137683902111e-05,999960008.623161,12.99999999999999,12.905688536841826,16.74847084715829,6.1060366622275195,1.5018721618864839,0,0,0,0,-1,inf,0,-1,0,0,-1,0,0,6080,1625,0,1848,0,2607,1.7723982214286529,4.214845747712275,False
lane_choice,P3,18010,40,4.0,1.5,11.415283391778742,7.917465961148334,0.19749853001493048,9.757018575009277e-05,999902429.81425,12.999999999999991,12.91210617836171,16.755131274768452,6.1060366622275195,1.5001885304115121,0,0,0,0,-1,inf,0,-1,0,0,-1,0,0,6080,1784,0,1780,0,2516,1.7723982214286529,4.214845747712275,False
lane_choice,P4,18010,40,4.0,1.5,12.011930681626641,8.339167020023577,0.15681014940403565,3.197086409443261e-05,999968029.1359055,12.99999999999999,12.903358507552323,16.74847084715829,6.1060366622275195,1.508038196389593,0,0,0,0,-1,inf,0,-1,0,0,-1,0,0,6080,1616,0,1788,0,2676,1.7723982214286529,4.214845747712275,False
lane_choice,P0,18011,40,4.0,1.5,-1.4841772517946121,-13.800125353527465,0.7112488585418857,0.27149979741639463,728500202.5836054,12.99999999999999,12.882786325056207,16.782438462261936,inf,1.5013499953110632,0,0,0,0,-1,inf,0,-1,0,0,-1,0,0,6080,1879,0,1762,0,2439,1.734536987199553,4.185007055224703,False
lane_choice,P1,18011,40,4.0,1.5,11.415283391778742,7.917465961148334,0.19749853001493048,9.757018575009277e-05,999902429.81425,12.999999999999991,12.91210617836171,16.755131274768452,6.1060366622275195,1.5001885304115121,0,0,0,0,-1,inf,0,-1,0,0,-1,0,0,6080,1784,0,1780,0,2516,1.734536987199553,4.185007055224703,False
lane_choice,P2,18011,40,4.0,1.5,12.011930681626641,8.339167020023577,0.15681014940403565,3.197086409443261e-05,999968029.1359055,12.99999999999999,12.903358507552323,16.74847084715829,6.1060366622275195,1.508038196389593,0,0,0,0,-1,inf,0,-1,0,0,-1,0,0,6080,1616,0,1788,0,2676,1.734536987199553,4.185007055224703,False
lane_choice,P3,18011,40,4.0,1.5,12.076728932495755,9.263228055490746,0.13843144961890505,8.18915618597111e-06,999991810.8438139,12.99999999999999,12.911716648644994,16.757163456939804,6.1060366622275195,1.5028868179940864,0,0,0,0,-1,inf,0,-1,0,0,-1,0,0,6080,1729,0,1751,0,2600,1.734536987199553,4.185007055224703,False
lane_choice,P4,18011,40,4.0,1.5,12.011930681626641,8.339167020023577,0.15681014940403565,3.197086409443261e-05,999968029.1359055,12.99999999999999,12.903358507552323,16.74847084715829,6.1060366622275195,1.508038196389593,0,0,0,0,-1,inf,0,-1,0,0,-1,0,0,6080,1616,0,1788,0,2676,1.734536987199553,4.185007055224703,False
lane_choice,P0,18012,40,4.0,1.5,-1.4841772517946121,-13.800125353527465,0.7112488585418857,0.27149979741639463,728500202.5836054,12.99999999999999,12.882786325056207,16.782438462261936,inf,1.5013499953110632,0,0,0,0,-1,inf,0,-1,0,0,-1,0,0,6080,1879,0,1762,0,2439,1.725639908270903,4.194775049100109,False
lane_choice,P1,18012,40,4.0,1.5,11.415283391778742,7.917465961148334,0.19749853001493048,9.757018575009277e-05,999902429.81425,12.999999999999991,12.91210617836171,16.755131274768452,6.1060366622275195,1.5001885304115121,0,0,0,0,-1,inf,0,-1,0,0,-1,0,0,6080,1784,0,1780,0,2516,1.725639908270903,4.194775049100109,False
lane_choice,P2,18012,40,4.0,1.5,12.008701804632036,8.229738049872287,0.15881413145339823,3.739474708985757e-05,999962605.2529103,12.999999999999991,12.904499009576284,16.74847084715829,6.1060366622275195,1.5001177930900464,0,0,0,0,-1,inf,0,-1,0,0,-1,0,0,6080,1612,0,1861,0,2607,1.725639908270903,4.194775049100109,False
lane_choice,P3,18012,40,4.0,1.5,11.415283391778742,7.917465961148334,0.19749853001493048,9.757018575009277e-05,999902429.81425,12.999999999999991,12.91210617836171,16.755131274768452,6.1060366622275195,1.5001885304115121,0,0,0,0,-1,inf,0,-1,0,0,-1,0,0,6080,1784,0,1780,0,2516,1.725639908270903,4.194775049100109,False
lane_choice,P4,18012,40,4.0,1.5,12.011930681626641,8.339167020023577,0.15681014940403565,3.197086409443261e-05,999968029.1359055,12.99999999999999,12.903358507552323,16.74847084715829,6.1060366622275195,1.508038196389593,0,0,0,0,-1,inf,0,-1,0,0,-1,0,0,6080,1616,0,1788,0,2676,1.725639908270903,4.194775049100109,False
lane_choice,P0,18013,40,4.0,1.5,-1.4841772517946121,-13.800125353527465,0.7112488585418857,0.27149979741639463,728500202.5836054,12.99999999999999,12.882786325056207,16.782438462261936,inf,1.5013499953110632,0,0,0,0,-1,inf,0,-1,0,0,-1,0,0,6080,1879,0,1762,0,2439,1.8676996881791808,4.3912250337228755,False
lane_choice,P1,18013,40,4.0,1.5,11.415283391778742,7.917465961148334,0.19749853001493048,9.757018575009277e-05,999902429.81425,12.999999999999991,12.91210617836171,16.755131274768452,6.1060366622275195,1.5001885304115121,0,0,0,0,-1,inf,0,-1,0,0,-1,0,0,6080,1784,0,1780,0,2516,1.8676996881791808,4.3912250337228755,False
lane_choice,P2,18013,40,4.0,1.5,12.10846277555633,8.783780876789407,0.1467584698392844,1.6328797180109017e-05,999983671.2028201,12.99999999999999,12.905349679254607,16.74847084715829,6.1060366622275195,1.5010597912286787,0,0,0,0,-1,inf,0,-1,0,0,-1,0,0,6080,1617,0,1797,0,2666,1.8676996881791808,4.3912250337228755,False
lane_choice,P3,18013,40,4.0,1.5,12.023936119321126,9.136985536205104,0.14269111116874683,1.0637499126205947e-05,999989362.5008739,12.99999999999999,12.911716648644994,16.757163456939804,6.1060366622275195,1.5028868179940864,0,0,0,0,-1,inf,0,-1,0,0,-1,0,0,6080,1729,0,1751,0,2600,1.8676996881791808,4.3912250337228755,False
lane_choice,P4,18013,40,4.0,1.5,12.011930681626641,8.339167020023577,0.15681014940403565,3.197086409443261e-05,999968029.1359055,12.99999999999999,12.903358507552323,16.74847084715829,6.1060366622275195,1.508038196389593,0,0,0,0,-1,inf,0,-1,0,0,-1,0,0,6080,1616,0,1788,0,2676,1.8676996881791808,4.3912250337228755,False
lane_choice,P0,18014,40,4.0,1.5,-1.4841772517946121,-13.800125353527465,0.7112488585418857,0.27149979741639463,728500202.5836054,12.99999999999999,12.882786325056207,16.782438462261936,inf,1.5013499953110632,0,0,0,0,-1,inf,0,-1,0,0,-1,0,0,6080,1879,0,1762,0,2439,1.776744860005725,4.2060050810629015,False
lane_choice,P1,18014,40,4.0,1.5,11.745317892373032,8.685339274074892,0.16510820070869772,2.59492303891247e-05,999974050.769611,12.999999999999996,12.910190221619104,16.75414086214862,6.1060366622275195,1.5000540543503091,0,0,0,0,-1,inf,0,-1,0,0,-1,0,0,6080,1704,0,1816,0,2560,1.776744860005725,4.2060050810629015,False
lane_choice,P2,18014,40,4.0,1.5,12.10846277555633,8.783780876789407,0.1467584698392844,1.6328797180109017e-05,999983671.2028201,12.99999999999999,12.905349679254607,16.74847084715829,6.1060366622275195,1.5010597912286787,0,0,0,0,-1,inf,0,-1,0,0,-1,0,0,6080,1617,0,1797,0,2666,1.776744860005725,4.2060050810629015,False
lane_choice,P3,18014,40,4.0,1.5,11.745317892373032,8.685339274074892,0.16510820070869772,2.59492303891247e-05,999974050.769611,12.999999999999996,12.910190221619104,16.75414086214862,6.1060366622275195,1.5000540543503091,0,0,0,0,-1,inf,0,-1,0,0,-1,0,0,6080,1704,0,1816,0,2560,1.776744860005725,4.2060050810629015,False
lane_choice,P4,18014,40,4.0,1.5,12.011930681626641,8.339167020023577,0.15681014940403565,3.197086409443261e-05,999968029.1359055,12.99999999999999,12.903358507552323,16.74847084715829,6.1060366622275195,1.508038196389593,0,0,0,0,-1,inf,0,-1,0,0,-1,0,0,6080,1616,0,1788,0,2676,1.776744860005725,4.2060050810629015,False
lane_choice,P0,18015,40,4.0,1.5,-1.4841772517946121,-13.800125353527465,0.7112488585418857,0.27149979741639463,728500202.5836054,12.99999999999999,12.882786325056207,16.782438462261936,inf,1.5013499953110632,0,0,0,0,-1,inf,0,-1,0,0,-1,0,0,6080,1879,0,1762,0,2439,1.6780082145444806,4.071873157107122,False
lane_choice,P1,18015,40,4.0,1.5,11.415283391778742,7.917465961148334,0.19749853001493048,9.757018575009277e-05,999902429.81425,12.999999999999991,12.91210617836171,16.755131274768452,6.1060366622275195,1.5001885304115121,0,0,0,0,-1,inf,0,-1,0,0,-1,0,0,6080,1784,0,1780,0,2516,1.6780082145444806,4.071873157107122,False
lane_choice,P2,18015,40,4.0,1.5,12.008701804632036,8.229738049872287,0.15881413145339823,3.739474708985757e-05,999962605.2529103,12.999999999999991,12.904499009576284,16.74847084715829,6.1060366622275195,1.5001177930900464,0,0,0,0,-1,inf,0,-1,0,0,-1,0,0,6080,1612,0,1861,0,2607,1.6780082145444806,4.071873157107122,False
lane_choice,P3,18015,40,4.0,1.5,12.076728932495755,9.263228055490746,0.13843144961890505,8.18915618597111e-06,999991810.8438139,12.99999999999999,12.911716648644994,16.757163456939804,6.1060366622275195,1.5028868179940864,0,0,0,0,-1,inf,0,-1,0,0,-1,0,0,6080,1729,0,1751,0,2600,1.6780082145444806,4.071873157107122,False
lane_choice,P4,18015,40,4.0,1.5,12.011930681626641,8.339167020023577,0.15681014940403565,3.197086409443261e-05,999968029.1359055,12.99999999999999,12.903358507552323,16.74847084715829,6.1060366622275195,1.508038196389593,0,0,0,0,-1,inf,0,-1,0,0,-1,0,0,6080,1616,0,1788,0,2676,1.6780082145444806,4.071873157107122,False
lane_choice,P0,18016,40,4.0,1.5,-1.4841772517946121,-13.800125353527465,0.7112488585418857,0.27149979741639463,728500202.5836054,12.99999999999999,12.882786325056207,16.782438462261936,inf,1.5013499953110632,0,0,0,0,-1,inf,0,-1,0,0,-1,0,0,6080,1879,0,1762,0,2439,1.6347053692629792,3.9701763576992137,False
lane_choice,P1,18016,40,4.0,1.5,11.435182525296545,8.012373056845629,0.19517708609454484,8.383575704004454e-05,999916164.24296,12.99999999999999,12.910819574708963,16.753017151880435,6.1060366622275195,1.501167547298801,0,0,0,0,-1,inf,0,-1,0,0,-1,0,0,6080,1768,0,1784,0,2528,1.6347053692629792,3.9701763576992137,False
lane_choice,P2,18016,40,4.0,1.5,12.011930681626641,8.339167020023577,0.15681014940403565,3.197086409443261e-05,999968029.1359055,12.99999999999999,12.903358507552323,16.74847084715829,6.1060366622275195,1.508038196389593,0,0,0,0,-1,inf,0,-1,0,0,-1,0,0,6080,1616,0,1788,0,2676,1.6347053692629792,3.9701763576992137,False
lane_choice,P3,18016,40,4.0,1.5,12.076728932495755,9.263228055490746,0.13843144961890505,8.18915618597111e-06,999991810.8438139,12.99999999999999,12.911716648644994,16.757163456939804,6.1060366622275195,1.5028868179940864,0,0,0,0,-1,inf,0,-1,0,0,-1,0,0,6080,1729,0,1751,0,2600,1.6347053692629792,3.9701763576992137,False
lane_choice,P4,18016,40,4.0,1.5,12.011930681626641,8.339167020023577,0.15681014940403565,3.197086409443261e-05,999968029.1359055,12.99999999999999,12.903358507552323,16.74847084715829,6.1060366622275195,1.508038196389593,0,0,0,0,-1,inf,0,-1,0,0,-1,0,0,6080,1616,0,1788,0,2676,1.6347053692629792,3.9701763576992137,False
lane_choice,P0,18017,40,4.0,1.5,-1.4841772517946121,-13.800125353527465,0.7112488585418857,0.27149979741639463,728500202.5836054,12.99999999999999,12.882786325056207,16.782438462261936,inf,1.5013499953110632,0,0,0,0,-1,inf,0,-1,0,0,-1,0,0,6080,1879,0,1762,0,2439,1.7955626007843393,4.278622001865969,False
lane_choice,P1,18017,40,4.0,1.5,11.415283391778742,7.917465961148334,0.19749853001493048,9.757018575009277e-05,999902429.81425,12.999999999999991,12.91210617836171,16.755131274768452,6.1060366622275195,1.5001885304115121,0,0,0,0,-1,inf,0,-1,0,0,-1,0,0,6080,1784,0,1780,0,2516,1.7955626007843393,4.278622001865969,False
lane_choice,P2,18017,40,4.0,1.5,12.011280179544938,8.182492001612772,0.15796085111997002,3.999137683902111e-05,999960008.623161,12.99999999999999,12.905688536841826,16.74847084715829,6.1060366622275195,1.5018721618864839,0,0,0,0,-1,inf,0,-1,0,0,-1,0,0,6080,1625,0,1848,0,2607,1.7955626007843393,4.278622001865969,False
lane_choice,P3,18017,40,4.0,1.5,11.415283391778742,7.917465961148334,0.19749853001493048,9.757018575009277e-05,999902429.81425,12.999999999999991,12.91210617836171,16.755131274768452,6.1060366622275195,1.5001885304115121,0,0,0,0,-1,inf,0,-1,0,0,-1,0,0,6080,1784,0,1780,0,2516,1.7955626007843393,4.278622001865969,False
lane_choice,P4,18017,40,4.0,1.5,12.011930681626641,8.339167020023577,0.15681014940403565,3.197086409443261e-05,999968029.1359055,12.99999999999999,12.903358507552323,16.74847084715829,6.1060366622275195,1.508038196389593,0,0,0,0,-1,inf,0,-1,0,0,-1,0,0,6080,1616,0,1788,0,2676,1.7955626007843393,4.278622001865969,False
lane_choice,P0,18018,40,4.0,1.5,-1.4841772517946121,-13.800125353527465,0.7112488585418857,0.27149979741639463,728500202.5836054,12.99999999999999,12.882786325056207,16.782438462261936,inf,1.5013499953110632,0,0,0,0,-1,inf,0,-1,0,0,-1,0,0,6080,1879,0,1762,0,2439,1.7055474585671722,4.023248178788378,False
lane_choice,P1,18018,40,4.0,1.5,11.415283391778742,7.917465961148334,0.19749853001493048,9.757018575009277e-05,999902429.81425,12.999999999999991,12.91210617836171,16.755131274768452,6.1060366622275195,1.5001885304115121,0,0,0,0,-1,inf,0,-1,0,0,-1,0,0,6080,1784,0,1780,0,2516,1.7055474585671722,4.023248178788378,False
lane_choice,P2,18018,40,4.0,1.5,12.10846277555633,8.783780876789407,0.1467584698392844,1.6328797180109017e-05,999983671.2028201,12.99999999999999,12.905349679254607,16.74847084715829,6.1060366622275195,1.5010597912286787,0,0,0,0,-1,inf,0,-1,0,0,-1,0,0,6080,1617,0,1797,0,2666,1.7055474585671722,4.023248178788378,False
lane_choice,P3,18018,40,4.0,1.5,11.758934634062106,8.774627668072814,0.1643701125898196,2.2394814054187174e-05,999977605.1859459,12.999999999999993,12.90887192507583,16.752025539288738,6.1060366622275195,1.501057888153312,0,0,0,0,-1,inf,0,-1,0,0,-1,0,0,6080,1698,0,1823,0,2559,1.7055474585671722,4.023248178788378,False
lane_choice,P4,18018,40,4.0,1.5,12.011930681626641,8.339167020023577,0.15681014940403565,3.197086409443261e-05,999968029.1359055,12.99999999999999,12.903358507552323,16.74847084715829,6.1060366622275195,1.508038196389593,0,0,0,0,-1,inf,0,-1,0,0,-1,0,0,6080,1616,0,1788,0,2676,1.7055474585671722,4.023248178788378,False
lane_choice,P0,18019,40,4.0,1.5,-1.4841772517946121,-13.800125353527465,0.7112488585418857,0.27149979741639463,728500202.5836054,12.99999999999999,12.882786325056207,16.782438462261936,inf,1.5013499953110632,0,0,0,0,-1,inf,0,-1,0,0,-1,0,0,6080,1879,0,1762,0,2439,1.9187527041277277,4.411988540774969,False
lane_choice,P1,18019,40,4.0,1.5,11.415283391778742,7.917465961148334,0.19749853001493048,9.757018575009277e-05,999902429.81425,12.999999999999991,12.91210617836171,16.755131274768452,6.1060366622275195,1.5001885304115121,0,0,0,0,-1,inf,0,-1,0,0,-1,0,0,6080,1784,0,1780,0,2516,1.9187527041277277,4.411988540774969,False
lane_choice,P2,18019,40,4.0,1.5,12.008701804632036,8.229738049872287,0.15881413145339823,3.739474708985757e-05,999962605.2529103,12.999999999999991,12.904499009576284,16.74847084715829,6.1060366622275195,1.5001177930900464,0,0,0,0,-1,inf,0,-1,0,0,-1,0,0,6080,1612,0,1861,0,2607,1.9187527041277277,4.411988540774969,False
lane_choice,P3,18019,40,4.0,1.5,12.023936119321126,9.136985536205104,0.14269111116874683,1.0637499126205947e-05,999989362.5008739,12.99999999999999,12.911716648644994,16.757163456939804,6.1060366622275195,1.5028868179940864,0,0,0,0,-1,inf,0,-1,0,0,-1,0,0,6080,1729,0,1751,0,2600,1.9187527041277277,4.411988540774969,False
lane_choice,P4,18019,40,4.0,1.5,12.011930681626641,8.339167020023577,0.15681014940403565,3.197086409443261e-05,999968029.1359055,12.99999999999999,12.903358507552323,16.74847084715829,6.1060366622275195,1.508038196389593,0,0,0,0,-1,inf,0,-1,0,0,-1,0,0,6080,1616,0,1788,0,2676,1.9187527041277277,4.411988540774969,False
overtake,P0,18000,50,5.0,1.5,21.620975101187906,17.202168997219456,0.0027021354825383067,2.2056006135005682e-25,1000000000.0,44.65966666666667,44.65966666666667,4.345384808688957,2.1114383768764666,inf,0,0,0,0,-1,inf,0,-1,0,0,-1,0,0,7600,0,0,0,2862,4738,1.4516707273102452,3.403007009685906,False
overtake,P1,18000,50,5.0,1.5,15.003679291322179,6.209991622639965,0.10280316954638412,0.00024074840780090225,999759251.5921991,44.642,44.619342703277994,4.648361808084129,4.437654208881297,inf,0,0,0,0,-1,inf,0,-1,0,0,-1,0,0,7600,2734,0,0,1371,3495,1.4516707273102452,3.403007009685906,False
overtake,P2,18000,50,5.0,1.5,15.085419490115472,6.627599199803914,0.09468899333044932,0.00014936953850961185,999850630.4614905,44.63133333333331,44.60871357433067,4.658366575100161,4.222172806584992,inf,0,0,0,0,-1,inf,0,-1,0,0,-1,0,0,7600,2730,0,0,1350,3520,1.4516707273102452,3.403007009685906,False
overtake,P3,18000,50,5.0,1.5,21.620975101187906,17.202168997219456,0.0027021354825383067,2.2056006135005682e-25,1000000000.0,44.65966666666667,44.65966666666667,4.345384808688957,2.1114383768764666,inf,0,0,0,0,-1,inf,0,-1,0,0,-1,0,0,7600,0,0,0,2862,4738,1.4516707273102452,3.403007009685906,False
overtake,P4,18000,50,5.0,1.5,18.837297401687024,13.657339629752771,0.006976419929423299,8.359469708915665e-13,999999999.9991641,44.28133333333332,44.257234824060006,4.901253660895739,2.8619335244363375,inf,0,0,0,0,-1,inf,0,-1,0,0,-1,0,0,7600,2837,0,0,1265,3498,1.4516707273102452,3.403007009685906,False
overtake,P0,18001,50,5.0,1.5,21.42973039977564,17.202168997219456,0.002797523657930448,2.2000496411619e-25,1000000000.0,44.716666666666654,44.716666666666654,4.288451950947443,2.108646062011706,inf,0,0,0,0,-1,inf,0,-1,0,0,-1,0,0,7600,0,0,0,2848,4752,1.5677724052461477,3.634384014293982,False
overtake,P1,18001,50,5.0,1.5,21.447838098097606,17.202168997219456,0.0027839703282000745,2.190903172520312e-25,1000000000.0,44.65999999999998,44.65999999999998,4.345051862882713,2.193948486584737,inf,0,0,0,0,-1,inf,0,-1,0,0,-1,0,0,7600,0,0,0,2843,4757,1.5677724052461477,3.634384014293982,False
overtake,P2,18001,50,5.0,1.5,21.477888650098993,17.202168997219456,0.002778313004172792,2.196928629812824e-25,1000000000.0,44.78333333333331,44.78333333333331,4.221866112149739,2.032352656511579,inf,0,0,0,0,-1,inf,0,-1,0,0,-1,0,0,7600,0,0,0,2879,4721,1.5677724052461477,3.634384014293982,False
overtake,P3,18001,50,5.0,1.5,21.42973039977564,17.202168997219456,0.002797523657930448,2.2000496411619e-25,1000000000.0,44.716666666666654,44.716666666666654,4.288451950947443,2.108646062011706,inf,0,0,0,0,-1,inf,0,-1,0,0,-1,0,0,7600,0,0,0,2848,4752,1.5677724052461477,3.634384014293982,False
overtake,P4,18001,50,5.0,1.5,21.42973039977564,17.202168997219456,0.002797523657930448,2.2000496411619e-25,1000000000.0,44.716666666666654,44.716666666666654,4.288451950947443,2.108646062011706,inf,0,0,0,0,-1,inf,0,-1,0,0,-1,0,0,7600,0,0,0,2848,4752,1.5677724052461477,3.634384014293982,False
overtake,P0,18002,50,5.0,1.5,18.874073552812987,13.661798614455485,0.006864881162789337,8.146617924056433e-13,999999999.9991853,44.279999999999966,44.25590223139882,4.902531968315658,2.772439469503329,inf,0,0,0,0,-1,inf,0,-1,0,0,-1,0,0,7600,2845,0,0,1229,3526,1.4423394228599105,3.3156939166448494,False
overtake,P1,18002,50,5.0,1.5,18.893648408905907,13.3137611364392,0.007325195020253816,4.889681675206152e-12,999999999.9951103,44.379999999999995,44.35584668098712,4.806741877149789,2.7997361382880266,inf,0,0,0,0,-1,inf,0,-1,0,0,-1,0,0,7600,2858,0,0,1288,3454,1.4423394228599105,3.3156939166448494,False
overtake,P2,18002,50,5.0,1.5,18.874073552812987,13.661798614455485,0.006864881162789337,8.146617924056433e-13,999999999.9991853,44.279999999999966,44.25590223139882,4.902531968315658,2.772439469503329,inf,0,0,0,0,-1,inf,0,-1,0,0,-1,0,0,7600,2845,0,0,1229,3526,1.4423394228599105,3.3156939166448494,False
overtake,P3,18002,50,5.0,1.5,18.874073552812987,13.661798614455485,0.006864881162789337,8.146617924056433e-13,999999999.9991853,44.279999999999966,44.25590223139882,4.902531968315658,2.772439469503329,inf,0,0,0,0,-1,inf,0,-1,0,0,-1,0,0,7600,2845,0,0,1229,3526,1.4423394228599105,3.3156939166448494,False
overtake,P4,18002,50,5.0,1.5,18.874073552812987,13.661798614455485,0.006864881162789337,8.146617924056433e-13,999999999.9991853,44.279999999999966,44.25590223139882,4.902531968315658,2.772439469503329,inf,0,0,0,0,-1,inf,0,-1,0,0,-1,0,0,7600,2845,0,0,1229,3526,1.4423394228599105,3.3156939166448494,False
overtake,P0,18003,50,5.0,1.5,18.70734458849625,13.136491950058389,0.007587104598667171,1.1467997417082604e-11,999999999.9885321,44.428000000000004,44.4038200167895,4.760824130828188,2.74157990871911,inf,0,0,0,0,-1,inf,0,-1,0,0,-1,0,0,7600,2835,0,0,1186,3579,1.575025202461816,3.653052009328545,False
overtake,P1,18003,50,5.0,1.5,20.533676140900234,17.04736030859877,0.0032625540425759384,1.4824433075788816e-24,1000000000.0,44.28999999999999,44.27519142019356,4.775046361913912,2.689498781062699,inf,0,0,0,0,-1,inf,0,-1,0,0,-1,0,0,7600,2008,0,0,1596,3996,1.575025202461816,3.653052009328545,False
overtake,P2,18003,50,5.0,1.5,18.70734458849625,13.136491950058389,0.007587104598667171,1.1467997417082604e-11,999999999.9885321,44.428000000000004,44.4038200167895,4.760824130828188,2.74157990871911,inf,0,0,0,0,-1,inf,0,-1,0,0,-1,0,0,7600,2835,0,0,1186,3579,1.575025202461816,3.653052009328545,False
overtake,P3,18003,50,5.0,1.5,18.70734458849625,13.136491950058389,0.007587104598667171,1.1467997417082604e-11,999999999.9885321,44.428000000000004,44.4038200167895,4.760824130828188,2.74157990871911,inf,0,0,0,0,-1,inf,0,-1,0,0,-1,0,0,7600,2835,0,0,1186,3579,1.575025202461816,3.653052009328545,False
overtake,P4,18003,50,5.0,1.5,18.70734458849625,13.136491950058389,0.007587104598667171,1.1467997417082604e-11,999999999.9885321,44.428000000000004,44.4038200167895,4.760824130828188,2.74157990871911,inf,0,0,0,0,-1,inf,0,-1,0,0,-1,0,0,7600,2835,0,0,1186,3579,1.575025202461816,3.653052009328545,False
overtake,P0,18004,50,5.0,1.5,21.730505222048688,17.202168997219456,0.002603738604364894,2.1919542130362086e-25,1000000000.0,44.87966666666665,44.87966666666665,4.12565418678278,2.1337434858876656,inf,0,0,0,0,-1,inf,0,-1,0,0,-1,0,0,7600,0,0,0,2876,4724,1.5074378329351503,3.483138543597475,False
overtake,P1,18004,50,5.0,1.5,21.809674812193943,17.202168997219456,0.002550174606203946,2.185109841584627e-25,1000000000.0,44.86666666666665,44.86666666666665,4.138637473321979,2.1736745078937285,inf,0,0,0,0,-1,inf,0,-1,0,0,-1,0,0,7600,0,0,0,2901,4699,1.5074378329351503,3.483138543597475,False
overtake,P2,18004,50,5.0,1.5,21.730505222048688,17.202168997219456,0.002603738604364894,2.1919542130362086e-25,1000000000.0,44.87966666666665,44.87966666666665,4.12565418678278,2.1337434858876656,inf,0,0,0,0,-1,inf,0,-1,0,0,-1,0,0,7600,0,0,0,2876,4724,1.5074378329351503,3.483138543597475,False
overtake,P3,18004,50,5.0,1.5,21.730505222048688,17.202168997219456,0.002603738604364894,2.1919542130362086e-25,1000000000.0,44.87966666666665,44.87966666666665,4.12565418678278,2.1337434858876656,inf,0,0,0,0,-1,inf,0,-1,0,0,-1,0,0,7600,0,0,0,2876,4724,1.5074378329351503,3.483138543597475,False
overtake,P4,18004,50,5.0,1.5,18.809751463299037,12.61204713650788,0.008535426593351905,1.202960937353949e-10,999999999.8797039,44.559999999999995,44.535746690246036,4.634767897671358,2.725072128508232,inf,0,0,0,0,-1,inf,0,-1,0,0,-1,0,0,7600,2876,0,0,1281,3443,1.5074378329351503,3.483138543597475,False
overtake,P0,18005,50,5.0,1.5,19.124956735058394,16.325527321209755,0.004791214947398687,2.318093855884458e-21,1000000000.0,44.4,44.377049529928065,4.765253169398429,2.8685601370278437,inf,0,0,0,0,-1,inf,0,-1,0,0,-1,0,0,7600,2754,0,0,1359,3487,1.5839741794675855,3.6842816811776005,False
overtake,P1,18005,50,5.0,1.5,19.18388161935123,16.538350573019752,0.004612951244016461,2.6993479754570934e-22,1000000000.0,44.29500000000001,44.27210592991911,4.866286844670285,2.962598081299004,inf,0,0,0,0,-1,inf,0,-1,0,0,-1,0,0,7600,2753,0,0,1355,3492,1.5839741794675855,3.6842816811776005,False
overtake,P2,18005,50,5.0,1.5,19.15481705975114,16.43158151859525,0.0047020750142292185,8.035143873763775e-22,1000000000.0,44.33633333333333,44.313410602747744,4.82650027659749,2.909476737333415,inf,0,0,0,0,-1,inf,0,-1,0,0,-1,0,0,7600,2748,0,0,1352,3500,1.5839741794675855,3.6842816811776005,False
overtake,P3,18005,50,5.0,1.5,19.124956735058394,16.325527321209755,0.004791214947398687,2.318093855884458e-21,1000000000.0,44.4,44.377049529928065,4.765253169398429,2.8685601370278437,inf,0,0,0,0,-1,inf,0,-1,0,0,-1,0,0,7600,2754,0,0,1359,3487,1.5839741794675855,3.6842816811776005,False
overtake,P4,18005,50,5.0,1.5,19.124956735058394,16.325527321209755,0.004791214947398687,2.318093855884458e-21,1000000000.0,44.4,44.377049529928065,4.765253169398429,2.8685601370278437,inf,0,0,0,0,-1,inf,0,-1,0,0,-1,0,0,7600,2754,0,0,1359,3487,1.5839741794675855,3.6842816811776005,False
overtake,P0,18006,50,5.0,1.5,21.68274794177408,17.202168997219456,0.002640901143058284,2.202453936630447e-25,1000000000.0,44.81166666666666,44.81166666666666,4.193567908386789,2.077634154693399,inf,0,0,0,0,-1,inf,0,-1,0,0,-1,0,0,7600,0,0,0,2969,4631,1.4583197248035022,3.4401273993514216,False
overtake,P1,18006,50,5.0,1.5,21.581085972922427,17.202168997219456,0.0026504970475806676,2.202453936630447e-25,1000000000.0,44.529999999999994,44.529999999999994,4.474905104149185,2.3228783118064626,inf,0,0,0,0,-1,inf,0,-1,0,0,-1,0,0,7600,0,0,0,2853,4747,1.4583197248035022,3.4401273993514216,False
overtake,P2,18006,50,5.0,1.5,21.68274794177408,17.202168997219456,0.002640901143058284,2.202453936630447e-25,1000000000.0,44.81166666666666,44.81166666666666,4.193567908386789,2.077634154693399,inf,0,0,0,0,-1,inf,0,-1,0,0,-1,0,0,7600,0,0,0,2969,4631,1.4583197248035022,3.4401273993514216,False
overtake,P3,18006,50,5.0,1.5,21.68274794177408,17.202168997219456,0.002640901143058284,2.202453936630447e-25,1000000000.0,44.81166666666666,44.81166666666666,4.193567908386789,2.077634154693399,inf,0,0,0,0,-1,inf,0,-1,0,0,-1,0,0,7600,0,0,0,2969,4631,1.4583197248035022,3.4401273993514216,False
overtake,P4,18006,50,5.0,1.5,21.68274794177408,17.202168997219456,0.002640901143058284,2.202453936630447e-25,1000000000.0,44.81166666666666,44.81166666666666,4.193567908386789,2.077634154693399,inf,0,0,0,0,-1,inf,0,-1,0,0,-1,0,0,7600,0,0,0,2969,4631,1.4583197248035022,3.4401273993514216,False
overtake,P0,18007,50,5.0,1.5,21.350355193481974,17.202168997219456,0.002851588537751786,2.2268711621326294e-25,1000000000.0,44.450333333333326,44.450333333333326,4.554485971975128,2.2492391777822385,inf,0,0,0,0,-1,inf,0,-1,0,0,-1,0,0,7600,0,0,0,2641,4959,1.6001027990071197,3.6571419502826235,False
overtake,P1,18007,50,5.0,1.5,21.375268731694327,17.202168997219456,0.002777302977582742,2.2222584738119977e-25,1000000000.0,44.42,44.42,4.584787420496218,2.467065053775523,inf,0,0,0,0,-1,inf,0,-1,0,0,-1,0,0,7600,0,0,0,2655,4945,1.6001027990071197,3.6571419502826235,False
overtake,P2,18007,50,5.0,1.5,21.350355193481974,17.202168997219456,0.002851588537751786,2.2268711621326294e-25,1000000000.0,44.450333333333326,44.450333333333326,4.554485971975128,2.2492391777822385,inf,0,0,0,0,-1,inf,0,-1,0,0,-1,0,0,7600,0,0,0,2641,4959,1.6001027990071197,3.6571419502826235,False
overtake,P3,18007,50,5.0,1.5,21.350355193481974,17.202168997219456,0.002851588537751786,2.2268711621326294e-25,1000000000.0,44.450333333333326,44.450333333333326,4.554485971975128,2.2492391777822385,inf,0,0,0,0,-1,inf,0,-1,0,0,-1,0,0,7600,0,0,0,2641,4959,1.6001027990071197,3.6571419502826235,False
overtake,P4,18007,50,5.0,1.5,21.368299042069047,17.202168997219456,0.002850617435771774,2.2268711621326294e-25,1000000000.0,44.58566666666666,44.58566666666666,4.419300223894978,2.275023146644868,inf,0,0,0,0,-1,inf,0,-1,0,0,-1,0,0,7600,0,0,0,2684,4916,1.6001027990071197,3.6571419502826235,False
overtake,P0,18008,50,5.0,1.5,21.517829004258168,17.202168997219456,0.002748986728412101,2.1996773585455517e-25,1000000000.0,44.75066666666664,44.75066666666664,4.254492856841858,2.209904546733907,inf,0,0,0,0,-1,inf,0,-1,0,0,-1,0,0,7600,0,0,0,2862,4738,1.495178447141409,3.5292063009751473,False
overtake,P1,18008,50,5.0,1.5,21.54259958244337,17.202168997219456,0.0026607998978941606,2.1889376774245406e-25,1000000000.0,44.51999999999999,44.51999999999999,4.48489416721738,2.385334211001899,inf,0,0,0,0,-1,inf,0,-1,0,0,-1,0,0,7600,0,0,0,2736,4864,1.495178447141409,3.5292063009751473,False
overtake,P2,18008,50,5.0,1.5,21.517829004258168,17.202168997219456,0.002748986728412101,2.1996773585455517e-25,1000000000.0,44.75066666666664,44.75066666666664,4.254492856841858,2.209904546733907,inf,0,0,0,0,-1,inf,0,-1,0,0,-1,0,0,7600,0,0,0,2862,4738,1.495178447141409,3.5292063009751473,False
overtake,P3,18008,50,5.0,1.5,21.517829004258168,17.202168997219456,0.002748986728412101,2.1996773585455517e-25,1000000000.0,44.75066666666664,44.75066666666664,4.254492856841858,2.209904546733907,inf,0,0,0,0,-1,inf,0,-1,0,0,-1,0,0,7600,0,0,0,2862,4738,1.495178447141409,3.5292063009751473,False
overtake,P4,18008,50,5.0,1.5,18.812539250470326,14.017794494806584,0.006559560066874925,1.1178241628363427e-13,999999999.9998882,44.16866666666668,44.14463074419055,5.009371845915538,2.7784103104676183,inf,0,0,0,0,-1,inf,0,-1,0,0,-1,0,0,7600,2818,0,0,1210,3572,1.495178447141409,3.5292063009751473,False
overtake,P0,18009,50,5.0,1.5,21.447153578331495,17.202168997219456,0.0028001816983911102,2.2261979270775086e-25,1000000000.0,44.57266666666665,44.57266666666665,4.432285655909937,2.039464254339505,inf,0,0,0,0,-1,inf,0,-1,0,0,-1,0,0,7600,0,0,0,2800,4800,1.44530639053548,3.4426399276141115,False
overtake,P1,18009,50,5.0,1.5,18.879521377754013,14.307813106352967,0.006256958273944745,1.961071025232972e-14,999999999.9999803,44.06999999999999,44.04601888726342,5.10421682304552,3.017716772755225,inf,0,0,0,0,-1,inf,0,-1,0,0,-1,0,0,7600,2821,0,0,1233,3546,1.44530639053548,3.4426399276141115,False
overtake,P2,18009,50,5.0,1.5,18.781322242049498,13.55231115391991,0.007194721354666405,1.455726770167139e-12,999999999.9985443,44.31233333333333,44.28821760343237,4.871541329476641,2.971577380498736,inf,0,0,0,0,-1,inf,0,-1,0,0,-1,0,0,7600,2833,0,0,1257,3510,1.44530639053548,3.4426399276141115,False
overtake,P3,18009,50,5.0,1.5,21.447153578331495,17.202168997219456,0.0028001816983911102,2.2261979270775086e-25,1000000000.0,44.57266666666665,44.57266666666665,4.432285655909937,2.039464254339505,inf,0,0,0,0,-1,inf,0,-1,0,0,-1,0,0,7600,0,0,0,2800,4800,1.44530639053548,3.4426399276141115,False
overtake,P4,18009,50,5.0,1.5,18.78407866032189,13.648407331214436,0.007050314354278771,8.759547938107155e-13,999999999.999124,44.28400000000002,44.25990000938238,4.89869713406374,3.0067170774109124,inf,0,0,0,0,-1,inf,0,-1,0,0,-1,0,0,7600,2829,0,0,1250,3521,1.44530639053548,3.4426399276141115,False
overtake,P0,18010,50,5.0,1.5,14.787959934791388,3.731250205213488,0.12758187602336732,0.0020241952085019678,997975804.7914981,44.526666666666664,44.5024318737166,4.7953184582563555,inf,inf,0,0,0,0,-1,inf,0,-1,0,0,-1,0,0,7600,2858,0,0,1209,3533,1.5503232400201565,3.5430527539709056,False
overtake,P1,18010,50,5.0,1.5,18.953485143808503,13.760874754622826,0.006602313990357572,4.760391393228189e-13,999999999.9995239,44.249999999999986,44.225918896522316,4.931301589682039,2.886859486666551,inf,0,0,0,0,-1,inf,0,-1,0,0,-1,0,0,7600,2849,0,0,1224,3527,1.5503232400201565,3.5430527539709056,False
overtake,P2,18010,50,5.0,1.5,18.844289394026404,13.492435577074463,0.007092414977789853,1.981102390114518e-12,999999999.998019,44.329666666666625,44.30554130802767,4.8549350018462425,2.7875077690392853,inf,0,0,0,0,-1,inf,0,-1,0,0,-1,0,0,7600,2842,0,0,1211,3547,1.5503232400201565,3.5430527539709056,False
overtake,P3,18010,50,5.0,1.5,18.838093644699107,13.39749013701293,0.007216045732870202,3.2125436415655362e-12,999999999.9967874,44.35666666666667,44.33252630941652,4.829077631485392,2.769408548837148,inf,0,0,0,0,-1,inf,0,-1,0,0,-1,0,0,7600,2843,0,0,1213,3544,1.5503232400201565,3.5430527539709056,False
overtake,P4,18010,50,5.0,1.5,18.838093644699107,13.39749013701293,0.007216045732870202,3.2125436415655362e-12,999999999.9967874,44.35666666666667,44.33252630941652,4.829077631485392,2.769408548837148,inf,0,0,0,0,-1,inf,0,-1,0,0,-1,0,0,7600,2843,0,0,1213,3544,1.5503232400201565,3.5430527539709056,False
overtake,P0,18011,50,5.0,1.5,21.668603076455124,17.202168997219456,0.002633175309655975,2.1919542149905718e-25,1000000000.0,44.765,44.765,4.240176964601876,2.236185069754789,inf,0,0,0,0,-1,inf,0,-1,0,0,-1,0,0,7600,0,0,0,2834,4766,1.4455069739013684,3.357656235433052,False
overtake,P1,18011,50,5.0,1.5,21.627918815564154,17.202168997219456,0.002607059340549972,2.1851098425672805e-25,1000000000.0,44.60999999999999,44.60999999999999,4.394994390342318,2.3503225157493413,inf,0,0,0,0,-1,inf,0,-1,0,0,-1,0,0,7600,0,0,0,2773,4827,1.4455069739013684,3.357656235433052,False
overtake,P2,18011,50,5.0,1.5,21.668603076455124,17.202168997219456,0.002633175309655975,2.1919542149905718e-25,1000000000.0,44.765,44.765,4.240176964601876,2.236185069754789,inf,0,0,0,0,-1,inf,0,-1,0,0,-1,0,0,7600,0,0,0,2834,4766,1.4455069739013684,3.357656235433052,False
overtake,P3,18011,50,5.0,1.5,21.668603076455124,17.202168997219456,0.002633175309655975,2.1919542149905718e-25,1000000000.0,44.765,44.765,4.240176964601876,2.236185069754789,inf,0,0,0,0,-1,inf,0,-1,0,0,-1,0,0,7600,0,0,0,2834,4766,1.4455069739013684,3.357656235433052,False
overtake,P4,18011,50,5.0,1.5,21.668603076455124,17.202168997219456,0.002633175309655975,2.1919542149905718e-25,1000000000.0,44.765,44.765,4.240176964601876,2.236185069754789,inf,0,0,0,0,-1,inf,0,-1,0,0,-1,0,0,7600,0,0,0,2834,4766,1.4455069739013684,3.357656235433052,False
overtake,P0,18012,50,5.0,1.5,21.5322122574412,17.202168997219456,0.002751476971215287,2.207679232346806e-25,1000000000.0,44.673333333333325,44.673333333333325,4.3317340795096015,2.2832949784731333,inf,0,0,0,0,-1,inf,0,-1,0,0,-1,0,0,7600,0,0,0,2873,4727,1.39957308042706,3.302661912900067,False
overtake,P1,18012,50,5.0,1.5,21.464397155307193,17.202168997219456,0.0027364725423381932,2.20719573438381e-25,1000000000.0,44.38000000000001,44.38000000000001,4.624746013689864,2.369872825090463,inf,0,0,0,0,-1,inf,0,-1,0,0,-1,0,0,7600,0,0,0,2770,4830,1.39957308042706,3.302661912900067,False
overtake,P2,18012,50,5.0,1.5,21.5322122574412,17.202168997219456,0.002751476971215287,2.207679232346806e-25,1000000000.0,44.673333333333325,44.673333333333325,4.3317340795096015,2.2832949784731333,inf,0,0,0,0,-1,inf,0,-1,0,0,-1,0,0,7600,0,0,0,2873,4727,1.39957308042706,3.302661912900067,False
overtake,P3,18012,50,5.0,1.5,21.5322122574412,17.202168997219456,0.002751476971215287,2.207679232346806e-25,1000000000.0,44.673333333333325,44.673333333333325,4.3317340795096015,2.2832949784731333,inf,0,0,0,0,-1,inf,0,-1,0,0,-1,0,0,7600,0,0,0,2873,4727,1.39957308042706,3.302661912900067,False
overtake,P4,18012,50,5.0,1.5,21.523720413761875,17.202168997219456,0.0027520146360129434,2.207679232346806e-25,1000000000.0,44.63833333333331,44.63833333333331,4.366693463279936,2.298904271788043,inf,0,0,0,0,-1,inf,0,-1,0,0,-1,0,0,7600,0,0,0,2858,4742,1.39957308042706,3.302661912900067,False
overtake,P0,18013,50,5.0,1.5,18.86085196879408,13.889321908272692,0.006585795209875665,2.3312155384574645e-13,999999999.9997668,44.20999999999999,44.18594111668703,4.969683718218379,2.8941137619956456,inf,0,0,0,0,-1,inf,0,-1,0,0,-1,0,0,7600,2829,0,0,1173,3598,1.5979627473050255,3.6208002426905805,False
overtake,P1,18013,50,5.0,1.5,18.931321001027307,13.38562487249554,0.007107474752977533,3.412859646264019e-12,999999999.9965873,44.36000000000002,44.33585779106947,4.825886231450932,2.8522923139002927,inf,0,0,0,0,-1,inf,0,-1,0,0,-1,0,0,7600,2861,0,0,1258,3481,1.5979627473050255,3.6208002426905805,False
overtake,P2,18013,50,5.0,1.5,18.86085196879408,13.889321908272692,0.006585795209875665,2.3312155384574645e-13,999999999.9997668,44.20999999999999,44.18594111668703,4.969683718218379,2.8941137619956456,inf,0,0,0,0,-1,inf,0,-1,0,0,-1,0,0,7600,2829,0,0,1173,3598,1.5979627473050255,3.6208002426905805,False
overtake,P3,18013,50,5.0,1.5,18.86085196879408,13.889321908272692,0.006585795209875665,2.3312155384574645e-13,999999999.9997668,44.20999999999999,44.18594111668703,4.969683718218379,2.8941137619956456,inf,0,0,0,0,-1,inf,0,-1,0,0,-1,0,0,7600,2829,0,0,1173,3598,1.5979627473050255,3.6208002426905805,False
overtake,P4,18013,50,5.0,1.5,18.86085196879408,13.889321908272692,0.006585795209875665,2.3312155384574645e-13,999999999.9997668,44.20999999999999,44.18594111668703,4.969683718218379,2.8941137619956456,inf,0,0,0,0,-1,inf,0,-1,0,0,-1,0,0,7600,2829,0,0,1173,3598,1.5979627473050255,3.6208002426905805,False
overtake,P0,18014,50,5.0,1.5,21.759659195069183,17.202168997219456,0.002581575285881973,2.195244071520448e-25,1000000000.0,44.795333333333325,44.795333333333325,4.209880932867131,2.1097884127515774,inf,0,0,0,0,-1,inf,0,-1,0,0,-1,0,0,7600,0,0,0,2876,4724,1.5711927774221415,3.5535684128941183,False
overtake,P1,18014,50,5.0,1.5,21.66670031825244,17.202168997219456,0.0025665195425514016,2.1851098416266174e-25,1000000000.0,44.530000000000015,44.530000000000015,4.4749051041491645,2.4952661050562512,inf,0,0,0,0,-1,inf,0,-1,0,0,-1,0,0,7600,0,0,0,2757,4843,1.5711927774221415,3.5535684128941183,False
overtake,P2,18014,50,5.0,1.5,21.759659195069183,17.202168997219456,0.002581575285881973,2.195244071520448e-25,1000000000.0,44.795333333333325,44.795333333333325,4.209880932867131,2.1097884127515774,inf,0,0,0,0,-1,inf,0,-1,0,0,-1,0,0,7600,0,0,0,2876,4724,1.5711927774221415,3.5535684128941183,False
overtake,P3,18014,50,5.0,1.5,21.759659195069183,17.202168997219456,0.002581575285881973,2.195244071520448e-25,1000000000.0,44.795333333333325,44.795333333333325,4.209880932867131,2.1097884127515774,inf,0,0,0,0,-1,inf,0,-1,0,0,-1,0,0,7600,0,0,0,2876,4724,1.5711927774221415,3.5535684128941183,False
overtake,P4,18014,50,5.0,1.5,18.891128145371866,13.408141709470797,0.007188516828870462,3.0503308437272298e-12,999999999.9969498,44.353666666666655,44.329527975928855,4.831950055383135,2.7019537334864494,inf,0,0,0,0,-1,inf,0,-1,0,0,-1,0,0,7600,2846,0,0,1273,3481,1.5711927774221415,3.5535684128941183,False
overtake,P0,18015,50,5.0,1.5,21.628890831444302,17.202168997219456,0.002680258110192132,2.1931306787067443e-25,1000000000.0,44.76999999999999,44.76999999999999,4.23518307646086,1.9447906403249646,inf,0,0,0,0,-1,inf,0,-1,0,0,-1,0,0,7600,0,0,0,2834,4766,1.3831261568406676,3.283636133609215,False
overtake,P1,18015,50,5.0,1.5,21.711527574381854,17.202168997219456,0.0025845650498283355,2.1851098425124355e-25,1000000000.0,44.71333333333331,44.71333333333331,4.291781308763494,2.2394273398239526,inf,0,0,0,0,-1,inf,0,-1,0,0,-1,0,0,7600,0,0,0,2828,4772,1.3831261568406676,3.283636133609215,False
overtake,P2,18015,50,5.0,1.5,21.628890831444302,17.202168997219456,0.002680258110192132,2.1931306787067443e-25,1000000000.0,44.76999999999999,44.76999999999999,4.23518307646086,1.9447906403249646,inf,0,0,0,0,-1,inf,0,-1,0,0,-1,0,0,7600,0,0,0,2834,4766,1.3831261568406676,3.283636133609215,False
overtake,P3,18015,50,5.0,1.5,21.628890831444302,17.202168997219456,0.002680258110192132,2.1931306787067443e-25,1000000000.0,44.76999999999999,44.76999999999999,4.23518307646086,1.9447906403249646,inf,0,0,0,0,-1,inf,0,-1,0,0,-1,0,0,7600,0,0,0,2834,4766,1.3831261568406676,3.283636133609215,False
overtake,P4,18015,50,5.0,1.5,14.829219493349047,4.850836088260529,0.12295570243191759,0.0008569449684289722,999143055.0315709,44.66833333333335,44.64484090074328,4.643755523620044,5.4679694587097645,inf,0,0,0,0,-1,inf,0,-1,0,0,-1,0,0,7600,2813,0,0,1289,3498,1.3831261568406676,3.283636133609215,False
overtake,P0,18016,50,5.0,1.5,21.716004561322357,17.202168997219456,0.002615562201208574,2.195988159318619e-25,1000000000.0,44.836999999999996,44.836999999999996,4.16826638917673,2.2224380774281105,inf,0,0,0,0,-1,inf,0,-1,0,0,-1,0,0,7600,0,0,0,2917,4683,1.372043976846025,3.332764882037368,False
overtake,P1,18016,50,5.0,1.5,21.6162987328304,17.202168997219456,0.0026009233882100945,2.1851098425645663e-25,1000000000.0,44.59999999999998,44.59999999999998,4.404983052310253,2.4321892103746166,inf,0,0,0,0,-1,inf,0,-1,0,0,-1,0,0,7600,0,0,0,2803,4797,1.372043976846025,3.332764882037368,False
overtake,P2,18016,50,5.0,1.5,21.716004561322357,17.202168997219456,0.002615562201208574,2.195988159318619e-25,1000000000.0,44.836999999999996,44.836999999999996,4.16826638917673,2.2224380774281105,inf,0,0,0,0,-1,inf,0,-1,0,0,-1,0,0,7600,0,0,0,2917,4683,1.372043976846025,3.332764882037368,False
overtake,P3,18016,50,5.0,1.5,21.716004561322357,17.202168997219456,0.002615562201208574,2.195988159318619e-25,1000000000.0,44.836999999999996,44.836999999999996,4.16826638917673,2.2224380774281105,inf,0,0,0,0,-1,inf,0,-1,0,0,-1,0,0,7600,0,0,0,2917,4683,1.372043976846025,3.332764882037368,False
overtake,P4,18016,50,5.0,1.5,18.867874853292207,13.821329583790574,0.006663423918918337,3.4135965640458556e-13,999999999.9996587,44.23133333333335,44.20726259926587,4.949210061061886,3.152302643841464,inf,0,0,0,0,-1,inf,0,-1,0,0,-1,0,0,7600,2827,0,0,1210,3563,1.372043976846025,3.332764882037368,False
overtake,P0,18017,50,5.0,1.5,21.726271408513902,17.202168997219456,0.002619208692692126,2.202453933722307e-25,1000000000.0,44.82799999999999,44.82799999999999,4.177255042625537,2.199135841064041,inf,0,0,0,0,-1,inf,0,-1,0,0,-1,0,0,7600,0,0,0,2941,4659,1.506076534190226,3.535215756525818,False
overtake,P1,18017,50,5.0,1.5,21.68872220053726,17.202168997219456,0.00261823605384291,2.202453933722307e-25,1000000000.0,44.60999999999999,44.60999999999999,4.394994390342318,2.289656226233839,inf,0,0,0,0,-1,inf,0,-1,0,0,-1,0,0,7600,0,0,0,2852,4748,1.506076534190226,3.535215756525818,False
overtake,P2,18017,50,5.0,1.5,21.726271408513902,17.202168997219456,0.002619208692692126,2.202453933722307e-25,1000000000.0,44.82799999999999,44.82799999999999,4.177255042625537,2.199135841064041,inf,0,0,0,0,-1,inf,0,-1,0,0,-1,0,0,7600,0,0,0,2941,4659,1.506076534190226,3.535215756525818,False
overtake,P3,18017,50,5.0,1.5,21.726271408513902,17.202168997219456,0.002619208692692126,2.202453933722307e-25,1000000000.0,44.82799999999999,44.82799999999999,4.177255042625537,2.199135841064041,inf,0,0,0,0,-1,inf,0,-1,0,0,-1,0,0,7600,0,0,0,2941,4659,1.506076534190226,3.535215756525818,False
overtake,P4,18017,50,5.0,1.5,21.718587610555723,17.202168997219456,0.0026196649865518912,2.202453933722307e-25,1000000000.0,44.80466666666665,44.80466666666665,4.200559185265495,2.2181063644551404,inf,0,0,0,0,-1,inf,0,-1,0,0,-1,0,0,7600,0,0,0,2926,4674,1.506076534190226,3.535215756525818,False
overtake,P0,18018,50,5.0,1.5,14.808412278432973,5.656292331083375,0.1213167072531046,0.000433408821684038,999566591.1783159,44.83466666666667,44.81195977101623,4.469538724155015,3.6430733309360286,inf,0,0,0,0,-1,inf,0,-1,0,0,-1,0,0,7600,2749,0,0,1332,3519,1.4392811113434063,3.353673517364498,False
overtake,P1,18018,50,5.0,1.5,18.853553398305756,12.857380683818509,0.008046713666191618,4.16095446608409e-11,999999999.9583905,44.50000000000001,44.47578002049307,4.692025660775074,2.7166857724213824,inf,0,0,0,0,-1,inf,0,-1,0,0,-1,0,0,7600,2869,0,0,1271,3460,1.4392811113434063,3.353673517364498,False
overtake,P2,18018,50,5.0,1.5,18.822261034410715,13.284690174585375,0.007458494384995296,5.643391703949774e-12,999999999.9943565,44.388000000000005,44.36384223695419,4.799086089600862,2.71030242913939,inf,0,0,0,0,-1,inf,0,-1,0,0,-1,0,0,7600,2847,0,0,1226,3527,1.4392811113434063,3.353673517364498,False
overtake,P3,18018,50,5.0,1.5,18.822261034410715,13.284690174585375,0.007458494384995296,5.643391703949774e-12,999999999.9943565,44.388000000000005,44.36384223695419,4.799086089600862,2.71030242913939,inf,0,0,0,0,-1,inf,0,-1,0,0,-1,0,0,7600,2847,0,0,1226,3527,1.4392811113434063,3.353673517364498,False
overtake,P4,18018,50,5.0,1.5,18.822261034410715,13.284690174585375,0.007458494384995296,5.643391703949774e-12,999999999.9943565,44.388000000000005,44.36384223695419,4.799086089600862,2.71030242913939,inf,0,0,0,0,-1,inf,0,-1,0,0,-1,0,0,7600,2847,0,0,1226,3527,1.4392811113434063,3.353673517364498,False
overtake,P0,18019,50,5.0,1.5,18.788114161631288,13.834166877910093,0.006762958680942668,3.1761630448695283e-13,999999999.9996824,44.22733333333331,44.20326482128233,4.953048319057873,2.9449178551797126,inf,0,0,0,0,-1,inf,0,-1,0,0,-1,0,0,7600,2820,0,0,1177,3603,1.5919385840837919,3.558993198263274,False
overtake,P1,18019,50,5.0,1.5,18.886801688500064,13.52593054572856,0.006998147054892253,1.6673633649815111e-12,999999999.9983326,44.32000000000001,44.29588001123415,4.864195597386301,2.930276833999643,inf,0,0,0,0,-1,inf,0,-1,0,0,-1,0,0,7600,2847,0,0,1250,3503,1.5919385840837919,3.558993198263274,False
overtake,P2,18019,50,5.0,1.5,18.788114161631288,13.834166877910093,0.006762958680942668,3.1761630448695283e-13,999999999.9996824,44.22733333333331,44.20326482128233,4.953048319057873,2.9449178551797126,inf,0,0,0,0,-1,inf,0,-1,0,0,-1,0,0,7600,2820,0,0,1177,3603,1.5919385840837919,3.558993198263274,False
overtake,P3,18019,50,5.0,1.5,18.788114161631288,13.834166877910093,0.006762958680942668,3.1761630448695283e-13,999999999.9996824,44.22733333333331,44.20326482128233,4.953048319057873,2.9449178551797126,inf,0,0,0,0,-1,inf,0,-1,0,0,-1,0,0,7600,2820,0,0,1177,3603,1.5919385840837919,3.558993198263274,False
overtake,P4,18019,50,5.0,1.5,18.788114161631288,13.834166877910093,0.006762958680942668,3.1761630448695283e-13,999999999.9996824,44.22733333333331,44.20326482128233,4.953048319057873,2.9449178551797126,inf,0,0,0,0,-1,inf,0,-1,0,0,-1,0,0,7600,2820,0,0,1177,3603,1.5919385840837919,3.558993198263274,False
intersection_turn,P0,18000,50,5.0,1.5,18.454574144511106,14.72403780401211,0.009580505306267823,2.2614855272116717e-15,999999999.9999979,42.43666666666666,42.43666666666666,5.620558493404179,3.9550147740798045,inf,0,0,0,0,-1,inf,0,-1,0,0,-1,0,0,7600,0,0,0,2565,5035,1.414579135854445,3.242358271038134,False
intersection_turn,P1,18000,50,5.0,1.5,18.581821931464237,14.72403780401211,0.009537053891342896,2.2614855272116717e-15,999999999.9999979,42.45999999999999,42.458418154135586,5.587600271759592,3.9550147740798045,inf,0,0,0,0,-1,inf,0,-1,0,0,-1,0,0,7600,71,0,0,2509,5020,1.414579135854445,3.242358271038134,False
intersection_turn,P2,18000,50,5.0,1.5,18.454574144511106,14.72403780401211,0.009580505306267823,2.2614855272116717e-15,999999999.9999979,42.43666666666666,42.43666666666666,5.620558493404179,3.9550147740798045,inf,0,0,0,0,-1,inf,0,-1,0,0,-1,0,0,7600,0,0,0,2565,5035,1.414579135854445,3.242358271038134,False
intersection_turn,P3,18000,50,5.0,1.5,18.454574144511106,14.72403780401211,0.009580505306267823,2.2614855272116717e-15,999999999.9999979,42.43666666666666,42.43666666666666,5.620558493404179,3.9550147740798045,inf,0,0,0,0,-1,inf,0,-1,0,0,-1,0,0,7600,0,0,0,2565,5035,1.414579135854445,3.242358271038134,False
intersection_turn,P4,18000,50,5.0,1.5,18.580385715709333,14.72403780401211,0.009537497851286745,2.2614855272116717e-15,999999999.9999979,42.43666666666665,42.43507628372248,5.610737716125375,3.9550147740798045,inf,0,0,0,0,-1,inf,0,-1,0,0,-1,0,0,7600,71,0,0,2505,5024,1.414579135854445,3.242358271038134,False
intersection_turn,P0,18001,50,5.0,1.5,18.457706700159736,14.72403780401211,0.00957874481625906,2.2614855272116717e-15,999999999.9999979,42.54499999999998,42.54499999999998,5.513349707754825,3.9550147740798045,inf,0,0,0,0,-1,inf,0,-1,0,0,-1,0,0,7600,0,0,0,2597,5003,1.551254976329323,3.490512288429962,False
intersection_turn,P1,18001,50,5.0,1.5,18.456668367686902,14.72403780401211,0.009579269754839,2.2614855272116717e-15,999999999.9999979,42.51999999999999,42.51999999999999,5.5380863120756905,3.9550147740798045,inf,0,0,0,0,-1,inf,0,-1,0,0,-1,0,0,7600,0,0,0,2591,5009,1.551254976329323,3.490512288429962,False
intersection_turn,P2,18001,50,5.0,1.5,18.457706700159736,14.72403780401211,0.00957874481625906,2.2614855272116717e-15,999999999.9999979,42.54499999999998,42.54499999999998,5.513349707754825,3.9550147740798045,inf,0,0,0,0,-1,inf,0,-1,0,0,-1,0,0,7600,0,0,0,2597,5003,1.551254976329323,3.490512288429962,False
intersection_turn,P3,18001,50,5.0,1.5,18.457706700159736,14.72403780401211,0.00957874481625906,2.2614855272116717e-15,999999999.9999979,42.54499999999998,42.54499999999998,5.513349707754825,3.9550147740798045,inf,0,0,0,0,-1,inf,0,-1,0,0,-1,0,0,7600,0,0,0,2597,5003,1.551254976329323,3.490512288429962,False
intersection_turn,P4,18001,50,5.0,1.5,18.457706700159736,14.72403780401211,0.00957874481625906,2.2614855272116717e-15,999999999.9999979,42.54499999999998,42.54499999999998,5.513349707754825,3.9550147740798045,inf,0,0,0,0,-1,inf,0,-1,0,0,-1,0,0,7600,0,0,0,2597,5003,1.551254976329323,3.490512288429962,False
intersection_turn,P0,18002,50,5.0,1.5,18.43575688310554,14.72403780401211,0.009594675190520943,2.2614855272116717e-15,999999999.9999979,42.40333333333332,42.40333333333332,5.653554437500174,3.9550147740798045,inf,0,0,0,0,-1,inf,0,-1,0,0,-1,0,0,7600,0,0,0,2482,5118,1.398597446264471,3.1800314150434867,False
intersection_turn,P1,18002,50,5.0,1.5,18.426527125756635,14.72403780401211,0.009601024332354347,2.2614855272116717e-15,999999999.9999979,42.29,42.29,5.765769679756556,3.9550147740798045,inf,0,0,0,0,-1,inf,0,-1,0,0,-1,0,0,7600,0,0,0,2454,5146,1.398597446264471,3.1800314150434867,False
intersection_turn,P2,18002,50,5.0,1.5,18.43575688310554,14.72403780401211,0.009594675190520943,2.2614855272116717e-15,999999999.9999979,42.40333333333332,42.40333333333332,5.653554437500174,3.9550147740798045,inf,0,0,0,0,-1,inf,0,-1,0,0,-1,0,0,7600,0,0,0,2482,5118,1.398597446264471,3.1800314150434867,False
intersection_turn,P3,18002,50,5.0,1.5,18.43575688310554,14.72403780401211,0.009594675190520943,2.2614855272116717e-15,999999999.9999979,42.40333333333332,42.40333333333332,5.653554437500174,3.9550147740798045,inf,0,0,0,0,-1,inf,0,-1,0,0,-1,0,0,7600,0,0,0,2482,5118,1.398597446264471,3.1800314150434867,False
intersection_turn,P4,18002,50,5.0,1.5,18.43575688310554,14.72403780401211,0.009594675190520943,2.2614855272116717e-15,999999999.9999979,42.40333333333332,42.40333333333332,5.653554437500174,3.9550147740798045,inf,0,0,0,0,-1,inf,0,-1,0,0,-1,0,0,7600,0,0,0,2482,5118,1.398597446264471,3.1800314150434867,False
intersection_turn,P0,18003,50,5.0,1.5,18.41376800101365,14.72403780401211,0.00961375233754213,2.2614855272116717e-15,999999999.9999979,42.36666666666665,42.36666666666665,5.689854518741635,3.9550147740798045,inf,0,0,0,0,-1,inf,0,-1,0,0,-1,0,0,7600,0,0,0,2381,5219,1.5735719273011781,3.5468321073782065,False
intersection_turn,P1,18003,50,5.0,1.5,18.412225949336335,14.72403780401211,0.009614605309753974,2.2614855272116717e-15,999999999.9999979,42.33,42.33,5.7261592712742475,3.9550147740798045,inf,0,0,0,0,-1,inf,0,-1,0,0,-1,0,0,7600,0,0,0,2370,5230,1.5735719273011781,3.5468321073782065,False
intersection_turn,P2,18003,50,5.0,1.5,18.41376800101365,14.72403780401211,0.00961375233754213,2.2614855272116717e-15,999999999.9999979,42.36666666666665,42.36666666666665,5.689854518741635,3.9550147740798045,inf,0,0,0,0,-1,inf,0,-1,0,0,-1,0,0,7600,0,0,0,2381,5219,1.5735719273011781,3.5468321073782065,False
intersection_turn,P3,18003,50,5.0,1.5,18.41376800101365,14.72403780401211,0.00961375233754213,2.2614855272116717e-15,999999999.9999979,42.36666666666665,42.36666666666665,5.689854518741635,3.9550147740798045,inf,0,0,0,0,-1,inf,0,-1,0,0,-1,0,0,7600,0,0,0,2381,5219,1.5735719273011781,3.5468321073782065,False
intersection_turn,P4,18003,50,5.0,1.5,18.41376800101365,14.72403780401211,0.00961375233754213,2.2614855272116717e-15,999999999.9999979,42.36666666666665,42.36666666666665,5.689854518741635,3.9550147740798045,inf,0,0,0,0,-1,inf,0,-1,0,0,-1,0,0,7600,0,0,0,2381,5219,1.5735719273011781,3.5468321073782065,False
intersection_turn,P0,18004,50,5.0,1.5,18.436259595497965,14.72403780401211,0.009597332587986037,2.2614855272116717e-15,999999999.9999979,42.480000000000004,42.480000000000004,5.577669764337071,3.9550147740798045,inf,0,0,0,0,-1,inf,0,-1,0,0,-1,0,0,7600,0,0,0,2511,5089,1.49865852548331,3.383813850232051,False
intersection_turn,P1,18004,50,5.0,1.5,18.431760266603852,14.72403780401211,0.00959993644962058,2.2614855272116717e-15,999999999.9999979,42.410000000000004,42.410000000000004,5.646954931642359,3.9550147740798045,inf,0,0,0,0,-1,inf,0,-1,0,0,-1,0,0,7600,0,0,0,2491,5109,1.49865852548331,3.383813850232051,False
intersection_turn,P2,18004,50,5.0,1.5,18.436259595497965,14.72403780401211,0.009597332587986037,2.2614855272116717e-15,999999999.9999979,42.480000000000004,42.480000000000004,5.577669764337071,3.9550147740798045,inf,0,0,0,0,-1,inf,0,-1,0,0,-1,0,0,7600,0,0,0,2511,5089,1.49865852548331,3.383813850232051,False
intersection_turn,P3,18004,50,5.0,1.5,18.436259595497965,14.72403780401211,0.009597332587986037,2.2614855272116717e-15,999999999.9999979,42.480000000000004,42.480000000000004,5.577669764337071,3.9550147740798045,inf,0,0,0,0,-1,inf,0,-1,0,0,-1,0,0,7600,0,0,0,2511,5089,1.49865852548331,3.383813850232051,False
intersection_turn,P4,18004,50,5.0,1.5,18.431951023979554,14.72403780401211,0.009599843224281592,2.2614855272116717e-15,999999999.9999979,42.42,42.42,5.637055969209458,3.9550147740798045,inf,0,0,0,0,-1,inf,0,-1,0,0,-1,0,0,7600,0,0,0,2495,5105,1.49865852548331,3.383813850232051,False
intersection_turn,P0,18005,50,5.0,1.5,18.440309627577253,14.72403780401211,0.009592406796084037,2.2614855272116717e-15,999999999.9999979,42.366666666666674,42.366666666666674,5.689854518741614,3.9550147740798045,inf,0,0,0,0,-1,inf,0,-1,0,0,-1,0,0,7600,0,0,0,2454,5146,1.5604268264450059,3.575793205916237,False
intersection_turn,P1,18005,50,5.0,1.5,18.560561598380275,14.72403780401211,0.009550340441855562,2.2614855272116717e-15,999999999.9999979,42.31000000000001,42.30839948733714,5.736424535490874,3.9550147740798045,inf,0,0,0,0,-1,inf,0,-1,0,0,-1,0,0,7600,71,0,0,2380,5149,1.5604268264450059,3.575793205916237,False
intersection_turn,P2,18005,50,5.0,1.5,18.440309627577253,14.72403780401211,0.009592406796084037,2.2614855272116717e-15,999999999.9999979,42.366666666666674,42.366666666666674,5.689854518741614,3.9550147740798045,inf,0,0,0,0,-1,inf,0,-1,0,0,-1,0,0,7600,0,0,0,2454,5146,1.5604268264450059,3.575793205916237,False
intersection_turn,P3,18005,50,5.0,1.5,18.440309627577253,14.72403780401211,0.009592406796084037,2.2614855272116717e-15,999999999.9999979,42.366666666666674,42.366666666666674,5.689854518741614,3.9550147740798045,inf,0,0,0,0,-1,inf,0,-1,0,0,-1,0,0,7600,0,0,0,2454,5146,1.5604268264450059,3.575793205916237,False
intersection_turn,P4,18005,50,5.0,1.5,18.56222217504147,14.72403780401211,0.009549500429367905,2.2614855272116717e-15,999999999.9999979,42.306666666666665,42.30512118309239,5.739953346435887,3.9550147740798045,inf,0,0,0,0,-1,inf,0,-1,0,0,-1,0,0,7600,70,0,0,2382,5148,1.5604268264450059,3.575793205916237,False
intersection_turn,P0,18006,50,5.0,1.5,18.456128608124082,14.72403780401211,0.009579527811612724,2.2614855272116717e-15,999999999.9999979,42.48999999999999,42.48999999999999,5.567773343087893,3.9550147740798045,inf,0,0,0,0,-1,inf,0,-1,0,0,-1,0,0,7600,0,0,0,2614,4986,1.4357412399968437,3.264794123885184,False
intersection_turn,P1,18006,50,5.0,1.5,18.456128608124082,14.72403780401211,0.009579527811612724,2.2614855272116717e-15,999999999.9999979,42.48999999999999,42.48999999999999,5.567773343087893,3.9550147740798045,inf,0,0,0,0,-1,inf,0,-1,0,0,-1,0,0,7600,0,0,0,2614,4986,1.4357412399968437,3.264794123885184,False
intersection_turn,P2,18006,50,5.0,1.5,18.456128608124082,14.72403780401211,0.009579527811612724,2.2614855272116717e-15,999999999.9999979,42.48999999999999,42.48999999999999,5.567773343087893,3.9550147740798045,inf,0,0,0,0,-1,inf,0,-1,0,0,-1,0,0,7600,0,0,0,2614,4986,1.4357412399968437,3.264794123885184,False
intersection_turn,P3,18006,50,5.0,1.5,18.456128608124082,14.72403780401211,0.009579527811612724,2.2614855272116717e-15,999999999.9999979,42.48999999999999,42.48999999999999,5.567773343087893,3.9550147740798045,inf,0,0,0,0,-1,inf,0,-1,0,0,-1,0,0,7600,0,0,0,2614,4986,1.4357412399968437,3.264794123885184,False
intersection_turn,P4,18006,50,5.0,1.5,18.456128608124082,14.72403780401211,0.009579527811612724,2.2614855272116717e-15,999999999.9999979,42.48999999999999,42.48999999999999,5.567773343087893,3.9550147740798045,inf,0,0,0,0,-1,inf,0,-1,0,0,-1,0,0,7600,0,0,0,2614,4986,1.4357412399968437,3.264794123885184,False
intersection_turn,P0,18007,50,5.0,1.5,18.29395262777328,14.72403780401211,0.009897796387573606,2.2857810681714177e-15,999999999.9999976,42.05000000000002,42.05000000000002,6.003540621999637,4.200509536258781,inf,0,0,0,0,-1,inf,0,-1,0,0,-1,0,0,7600,0,0,0,2313,5287,1.5726797178404996,3.5095645378043994,False
intersection_turn,P1,18007,50,5.0,1.5,18.291746116534572,14.72403780401211,0.009899126846014981,2.2857810681714177e-15,999999999.9999976,42.00000000000002,42.00000000000002,6.053098380168601,4.200509536258781,inf,0,0,0,0,-1,inf,0,-1,0,0,-1,0,0,7600,0,0,0,2295,5305,1.5726797178404996,3.5095645378043994,False
intersection_turn,P2,18007,50,5.0,1.5,18.29395262777328,14.72403780401211,0.009897796387573606,2.2857810681714177e-15,999999999.9999976,42.05000000000002,42.05000000000002,6.003540621999637,4.200509536258781,inf,0,0,0,0,-1,inf,0,-1,0,0,-1,0,0,7600,0,0,0,2313,5287,1.5726797178404996,3.5095645378043994,False
intersection_turn,P3,18007,50,5.0,1.5,18.29395262777328,14.72403780401211,0.009897796387573606,2.2857810681714177e-15,999999999.9999976,42.05000000000002,42.05000000000002,6.003540621999637,4.200509536258781,inf,0,0,0,0,-1,inf,0,-1,0,0,-1,0,0,7600,0,0,0,2313,5287,1.5726797178404996,3.5095645378043994,False
intersection_turn,P4,18007,50,5.0,1.5,18.29395262777328,14.72403780401211,0.009897796387573606,2.2857810681714177e-15,999999999.9999976,42.05000000000002,42.05000000000002,6.003540621999637,4.200509536258781,inf,0,0,0,0,-1,inf,0,-1,0,0,-1,0,0,7600,0,0,0,2313,5287,1.5726797178404996,3.5095645378043994,False
intersection_turn,P0,18008,50,5.0,1.5,18.445358215939496,14.72403780401211,0.009586396389793283,2.2614855272116717e-15,999999999.9999979,42.41666666666666,42.41666666666666,5.640355583747466,3.9550147740798045,inf,0,0,0,0,-1,inf,0,-1,0,0,-1,0,0,7600,0,0,0,2488,5112,1.5251373905848098,3.4330040034399785,False
intersection_turn,P1,18008,50,5.0,1.5,18.44148075420734,14.72403780401211,0.009588541111651458,2.2614855272116717e-15,999999999.9999979,42.343333333333334,42.343333333333334,5.7129570082206795,3.9550147740798045,inf,0,0,0,0,-1,inf,0,-1,0,0,-1,0,0,7600,0,0,0,2460,5140,1.5251373905848098,3.4330040034399785,False
intersection_turn,P2,18008,50,5.0,1.5,18.445358215939496,14.72403780401211,0.009586396389793283,2.2614855272116717e-15,999999999.9999979,42.41666666666666,42.41666666666666,5.640355583747466,3.9550147740798045,inf,0,0,0,0,-1,inf,0,-1,0,0,-1,0,0,7600,0,0,0,2488,5112,1.5251373905848098,3.4330040034399785,False
intersection_turn,P3,18008,50,5.0,1.5,18.445358215939496,14.72403780401211,0.009586396389793283,2.2614855272116717e-15,999999999.9999979,42.41666666666666,42.41666666666666,5.640355583747466,3.9550147740798045,inf,0,0,0,0,-1,inf,0,-1,0,0,-1,0,0,7600,0,0,0,2488,5112,1.5251373905848098,3.4330040034399785,False
intersection_turn,P4,18008,50,5.0,1.5,18.444960729163906,14.72403780401211,0.009586645238333072,2.2614855272116717e-15,999999999.9999979,42.41333333333332,42.41333333333332,5.643655237914928,3.9550147740798045,inf,0,0,0,0,-1,inf,0,-1,0,0,-1,0,0,7600,0,0,0,2487,5113,1.5251373905848098,3.4330040034399785,False
intersection_turn,P0,18009,50,5.0,1.5,18.456128608124082,14.72403780401211,0.009579527811612724,2.2614855272116717e-15,999999999.9999979,42.48999999999999,42.48999999999999,5.567773343087893,3.9550147740798045,inf,0,0,0,0,-1,inf,0,-1,0,0,-1,0,0,7600,0,0,0,2544,5056,1.4648941852565935,3.3808233573971282,False
intersection_turn,P1,18009,50,5.0,1.5,18.456128608124082,14.72403780401211,0.009579527811612724,2.2614855272116717e-15,999999999.9999979,42.48999999999999,42.48999999999999,5.567773343087893,3.9550147740798045,inf,0,0,0,0,-1,inf,0,-1,0,0,-1,0,0,7600,0,0,0,2544,5056,1.4648941852565935,3.3808233573971282,False
intersection_turn,P2,18009,50,5.0,1.5,18.456128608124082,14.72403780401211,0.009579527811612724,2.2614855272116717e-15,999999999.9999979,42.48999999999999,42.48999999999999,5.567773343087893,3.9550147740798045,inf,0,0,0,0,-1,inf,0,-1,0,0,-1,0,0,7600,0,0,0,2544,5056,1.4648941852565935,3.3808233573971282,False
intersection_turn,P3,18009,50,5.0,1.5,18.456128608124082,14.72403780401211,0.009579527811612724,2.2614855272116717e-15,999999999.9999979,42.48999999999999,42.48999999999999,5.567773343087893,3.9550147740798045,inf,0,0,0,0,-1,inf,0,-1,0,0,-1,0,0,7600,0,0,0,2544,5056,1.4648941852565935,3.3808233573971282,False
intersection_turn,P4,18009,50,5.0,1.5,18.456128608124082,14.72403780401211,0.009579527811612724,2.2614855272116717e-15,999999999.9999979,42.48999999999999,42.48999999999999,5.567773343087893,3.9550147740798045,inf,0,0,0,0,-1,inf,0,-1,0,0,-1,0,0,7600,0,0,0,2544,5056,1.4648941852565935,3.3808233573971282,False
intersection_turn,P0,18010,50,5.0,1.5,18.43877979485491,14.72403780401211,0.009590707733284281,2.2614855272116717e-15,999999999.9999979,42.406666666666666,42.406666666666666,5.650254664860495,3.9550147740798045,inf,0,0,0,0,-1,inf,0,-1,0,0,-1,0,0,7600,0,0,0,2373,5227,1.4926595811581334,3.357815317819289,False
intersection_turn,P1,18010,50,5.0,1.5,18.437468936838517,14.72403780401211,0.0095914268169336,2.2614855272116717e-15,999999999.9999979,42.379999999999974,42.379999999999974,5.676653944006125,3.9550147740798045,inf,0,0,0,0,-1,inf,0,-1,0,0,-1,0,0,7600,0,0,0,2363,5237,1.4926595811581334,3.357815317819289,False
intersection_turn,P2,18010,50,5.0,1.5,18.43877979485491,14.72403780401211,0.009590707733284281,2.2614855272116717e-15,999999999.9999979,42.406666666666666,42.406666666666666,5.650254664860495,3.9550147740798045,inf,0,0,0,0,-1,inf,0,-1,0,0,-1,0,0,7600,0,0,0,2373,5227,1.4926595811581334,3.357815317819289,False
intersection_turn,P3,18010,50,5.0,1.5,18.43877979485491,14.72403780401211,0.009590707733284281,2.2614855272116717e-15,999999999.9999979,42.406666666666666,42.406666666666666,5.650254664860495,3.9550147740798045,inf,0,0,0,0,-1,inf,0,-1,0,0,-1,0,0,7600,0,0,0,2373,5227,1.4926595811581334,3.357815317819289,False
intersection_turn,P4,18010,50,5.0,1.5,18.43877979485491,14.72403780401211,0.009590707733284281,2.2614855272116717e-15,999999999.9999979,42.406666666666666,42.406666666666666,5.650254664860495,3.9550147740798045,inf,0,0,0,0,-1,inf,0,-1,0,0,-1,0,0,7600,0,0,0,2373,5227,1.4926595811581334,3.357815317819289,False
intersection_turn,P0,18011,50,5.0,1.5,18.44851504084165,14.72403780401211,0.009585060740617182,2.2614855272116717e-15,999999999.9999979,42.47,42.47,5.58756655441347,3.9550147740798045,inf,0,0,0,0,-1,inf,0,-1,0,0,-1,0,0,7600,0,0,0,2479,5121,1.4452506637836575,3.2714827319016946,False
intersection_turn,P1,18011,50,5.0,1.5,18.44851504084165,14.72403780401211,0.009585060740617182,2.2614855272116717e-15,999999999.9999979,42.47,42.47,5.58756655441347,3.9550147740798045,inf,0,0,0,0,-1,inf,0,-1,0,0,-1,0,0,7600,0,0,0,2479,5121,1.4452506637836575,3.2714827319016946,False
intersection_turn,P2,18011,50,5.0,1.5,18.44851504084165,14.72403780401211,0.009585060740617182,2.2614855272116717e-15,999999999.9999979,42.47,42.47,5.58756655441347,3.9550147740798045,inf,0,0,0,0,-1,inf,0,-1,0,0,-1,0,0,7600,0,0,0,2479,5121,1.4452506637836575,3.2714827319016946,False
intersection_turn,P3,18011,50,5.0,1.5,18.44851504084165,14.72403780401211,0.009585060740617182,2.2614855272116717e-15,999999999.9999979,42.47,42.47,5.58756655441347,3.9550147740798045,inf,0,0,0,0,-1,inf,0,-1,0,0,-1,0,0,7600,0,0,0,2479,5121,1.4452506637836575,3.2714827319016946,False
intersection_turn,P4,18011,50,5.0,1.5,18.44851504084165,14.72403780401211,0.009585060740617182,2.2614855272116717e-15,999999999.9999979,42.47,42.47,5.58756655441347,3.9550147740798045,inf,0,0,0,0,-1,inf,0,-1,0,0,-1,0,0,7600,0,0,0,2479,5121,1.4452506637836575,3.2714827319016946,False
intersection_turn,P0,18012,50,5.0,1.5,18.449551876780355,14.72403780401211,0.009583632005968434,2.2614855272116717e-15,999999999.9999979,42.42666666666664,42.42666666666664,5.63045685930056,3.9550147740798045,inf,0,0,0,0,-1,inf,0,-1,0,0,-1,0,0,7600,0,0,0,2582,5018,1.3972411641126095,3.212506317112604,False
intersection_turn,P1,18012,50,5.0,1.5,18.443259961079562,14.72403780401211,0.009587325819875519,2.2614855272116717e-15,999999999.9999979,42.33999999999998,42.33999999999998,5.716257516942375,3.9550147740798045,inf,0,0,0,0,-1,inf,0,-1,0,0,-1,0,0,7600,0,0,0,2566,5034,1.3972411641126095,3.212506317112604,False
intersection_turn,P2,18012,50,5.0,1.5,18.449551876780355,14.72403780401211,0.009583632005968434,2.2614855272116717e-15,999999999.9999979,42.42666666666664,42.42666666666664,5.63045685930056,3.9550147740798045,inf,0,0,0,0,-1,inf,0,-1,0,0,-1,0,0,7600,0,0,0,2582,5018,1.3972411641126095,3.212506317112604,False
intersection_turn,P3,18012,50,5.0,1.5,18.449551876780355,14.72403780401211,0.009583632005968434,2.2614855272116717e-15,999999999.9999979,42.42666666666664,42.42666666666664,5.63045685930056,3.9550147740798045,inf,0,0,0,0,-1,inf,0,-1,0,0,-1,0,0,7600,0,0,0,2582,5018,1.3972411641126095,3.212506317112604,False
intersection_turn,P4,18012,50,5.0,1.5,18.44708338258938,14.72403780401211,0.00958506177504378,2.2614855272116717e-15,999999999.9999979,42.38999999999999,42.38999999999999,5.666753920896872,3.9550147740798045,inf,0,0,0,0,-1,inf,0,-1,0,0,-1,0,0,7600,0,0,0,2573,5027,1.3972411641126095,3.212506317112604,False
intersection_turn,P0,18013,50,5.0,1.5,18.44704161335672,14.72403780401211,0.009586787687809621,2.2614855272116717e-15,999999999.9999979,42.516666666666644,42.516666666666644,5.541384704606304,3.9550147740798045,inf,0,0,0,0,-1,inf,0,-1,0,0,-1,0,0,7600,0,0,0,2435,5165,1.5750065584658464,3.4664736022879583,False
intersection_turn,P1,18013,50,5.0,1.5,18.440152559599404,14.72403780401211,0.009591453053236334,2.2614855272116717e-15,999999999.9999979,42.43000000000001,42.43000000000001,5.627157364069351,3.9550147740798045,inf,0,0,0,0,-1,inf,0,-1,0,0,-1,0,0,7600,0,0,0,2414,5186,1.5750065584658464,3.4664736022879583,False
intersection_turn,P2,18013,50,5.0,1.5,18.44704161335672,14.72403780401211,0.009586787687809621,2.2614855272116717e-15,999999999.9999979,42.516666666666644,42.516666666666644,5.541384704606304,3.9550147740798045,inf,0,0,0,0,-1,inf,0,-1,0,0,-1,0,0,7600,0,0,0,2435,5165,1.5750065584658464,3.4664736022879583,False
intersection_turn,P3,18013,50,5.0,1.5,18.44704161335672,14.72403780401211,0.009586787687809621,2.2614855272116717e-15,999999999.9999979,42.516666666666644,42.516666666666644,5.541384704606304,3.9550147740798045,inf,0,0,0,0,-1,inf,0,-1,0,0,-1,0,0,7600,0,0,0,2435,5165,1.5750065584658464,3.4664736022879583,False
intersection_turn,P4,18013,50,5.0,1.5,18.44704161335672,14.72403780401211,0.009586787687809621,2.2614855272116717e-15,999999999.9999979,42.516666666666644,42.516666666666644,5.541384704606304,3.9550147740798045,inf,0,0,0,0,-1,inf,0,-1,0,0,-1,0,0,7600,0,0,0,2435,5165,1.5750065584658464,3.4664736022879583,False
intersection_turn,P0,18014,50,5.0,1.5,18.440959018369757,14.72403780401211,0.009592183706805946,2.2614855272116717e-15,999999999.9999979,42.483333333333306,42.483333333333306,5.574370916176229,3.9550147740798045,inf,0,0,0,0,-1,inf,0,-1,0,0,-1,0,0,7600,0,0,0,2481,5119,1.5957532227887292,3.470953595883764,False
intersection_turn,P1,18014,50,5.0,1.5,18.430714847128908,14.72403780401211,0.009599993392064753,2.2614855272116717e-15,999999999.9999979,42.40999999999999,42.40999999999999,5.646954931642373,3.9550147740798045,inf,0,0,0,0,-1,inf,0,-1,0,0,-1,0,0,7600,0,0,0,2448,5152,1.5957532227887292,3.470953595883764,False
intersection_turn,P2,18014,50,5.0,1.5,18.440959018369757,14.72403780401211,0.009592183706805946,2.2614855272116717e-15,999999999.9999979,42.483333333333306,42.483333333333306,5.574370916176229,3.9550147740798045,inf,0,0,0,0,-1,inf,0,-1,0,0,-1,0,0,7600,0,0,0,2481,5119,1.5957532227887292,3.470953595883764,False
intersection_turn,P3,18014,50,5.0,1.5,18.440959018369757,14.72403780401211,0.009592183706805946,2.2614855272116717e-15,999999999.9999979,42.483333333333306,42.483333333333306,5.574370916176229,3.9550147740798045,inf,0,0,0,0,-1,inf,0,-1,0,0,-1,0,0,7600,0,0,0,2481,5119,1.5957532227887292,3.470953595883764,False
intersection_turn,P4,18014,50,5.0,1.5,18.440959018369757,14.72403780401211,0.009592183706805946,2.2614855272116717e-15,999999999.9999979,42.483333333333306,42.483333333333306,5.574370916176229,3.9550147740798045,inf,0,0,0,0,-1,inf,0,-1,0,0,-1,0,0,7600,0,0,0,2481,5119,1.5957532227887292,3.470953595883764,False
intersection_turn,P0,18015,50,5.0,1.5,18.442918131346655,14.72403780401211,0.009588224556470275,2.2614855272116717e-15,999999999.9999979,42.386666666666656,42.386666666666656,5.670053889612623,3.9550147740798045,inf,0,0,0,0,-1,inf,0,-1,0,0,-1,0,0,7600,0,0,0,2415,5185,1.4120020106509004,3.234166830311764,False
intersection_turn,P1,18015,50,5.0,1.5,18.442411280901908,14.72403780401211,0.009588481464106704,2.2614855272116717e-15,999999999.9999979,42.36999999999999,42.36999999999999,5.686554316983186,3.9550147740798045,inf,0,0,0,0,-1,inf,0,-1,0,0,-1,0,0,7600,0,0,0,2411,5189,1.4120020106509004,3.234166830311764,False
intersection_turn,P2,18015,50,5.0,1.5,18.442918131346655,14.72403780401211,0.009588224556470275,2.2614855272116717e-15,999999999.9999979,42.386666666666656,42.386666666666656,5.670053889612623,3.9550147740798045,inf,0,0,0,0,-1,inf,0,-1,0,0,-1,0,0,7600,0,0,0,2415,5185,1.4120020106509004,3.234166830311764,False
intersection_turn,P3,18015,50,5.0,1.5,18.442918131346655,14.72403780401211,0.009588224556470275,2.2614855272116717e-15,999999999.9999979,42.386666666666656,42.386666666666656,5.670053889612623,3.9550147740798045,inf,0,0,0,0,-1,inf,0,-1,0,0,-1,0,0,7600,0,0,0,2415,5185,1.4120020106509004,3.234166830311764,False
intersection_turn,P4,18015,50,5.0,1.5,18.442918131346655,14.72403780401211,0.009588224556470275,2.2614855272116717e-15,999999999.9999979,42.386666666666656,42.386666666666656,5.670053889612623,3.9550147740798045,inf,0,0,0,0,-1,inf,0,-1,0,0,-1,0,0,7600,0,0,0,2415,5185,1.4120020106509004,3.234166830311764,False
intersection_turn,P0,18016,50,5.0,1.5,18.459913571651054,14.72403780401211,0.009577620900272154,2.2614855272116717e-15,999999999.9999979,42.54333333333332,42.54333333333332,5.514998740807765,3.9550147740798045,inf,0,0,0,0,-1,inf,0,-1,0,0,-1,0,0,7600,0,0,0,2555,5045,1.438777229713653,3.3188822897528145,False
intersection_turn,P1,18016,50,5.0,1.5,18.58672096532575,14.72403780401211,0.00953538663236911,2.2614855272116717e-15,999999999.9999979,42.540000000000006,42.53843639274286,5.508241499490653,3.9550147740798045,inf,0,0,0,0,-1,inf,0,-1,0,0,-1,0,0,7600,71,0,0,2490,5039,1.438777229713653,3.3188822897528145,False
intersection_turn,P2,18016,50,5.0,1.5,18.459913571651054,14.72403780401211,0.009577620900272154,2.2614855272116717e-15,999999999.9999979,42.54333333333332,42.54333333333332,5.514998740807765,3.9550147740798045,inf,0,0,0,0,-1,inf,0,-1,0,0,-1,0,0,7600,0,0,0,2555,5045,1.438777229713653,3.3188822897528145,False
intersection_turn,P3,18016,50,5.0,1.5,18.459913571651054,14.72403780401211,0.009577620900272154,2.2614855272116717e-15,999999999.9999979,42.54333333333332,42.54333333333332,5.514998740807765,3.9550147740798045,inf,0,0,0,0,-1,inf,0,-1,0,0,-1,0,0,7600,0,0,0,2555,5045,1.438777229713653,3.3188822897528145,False
intersection_turn,P4,18016,50,5.0,1.5,18.58696962497287,14.72403780401211,0.009535253865542473,2.2614855272116717e-15,999999999.9999979,42.54333333333334,42.541767440100664,5.504922654226511,3.9550147740798045,inf,0,0,0,0,-1,inf,0,-1,0,0,-1,0,0,7600,71,0,0,2490,5039,1.438777229713653,3.3188822897528145,False
intersection_turn,P0,18017,50,5.0,1.5,18.43625620422298,14.72403780401211,0.009593714188067695,2.2614855272116717e-15,999999999.9999979,42.35666666666665,42.35666666666665,5.699755355373713,3.9550147740798045,inf,0,0,0,0,-1,inf,0,-1,0,0,-1,0,0,7600,0,0,0,2533,5067,1.522683640845715,3.4130753429168434,False
intersection_turn,P1,18017,50,5.0,1.5,18.42654082708627,14.72403780401211,0.009600614680320033,2.2614855272116717e-15,999999999.9999979,42.25000000000001,42.25000000000001,5.8053854307875135,3.9550147740798045,inf,0,0,0,0,-1,inf,0,-1,0,0,-1,0,0,7600,0,0,0,2493,5107,1.522683640845715,3.4130753429168434,False
intersection_turn,P2,18017,50,5.0,1.5,18.43625620422298,14.72403780401211,0.009593714188067695,2.2614855272116717e-15,999999999.9999979,42.35666666666665,42.35666666666665,5.699755355373713,3.9550147740798045,inf,0,0,0,0,-1,inf,0,-1,0,0,-1,0,0,7600,0,0,0,2533,5067,1.522683640845715,3.4130753429168434,False
intersection_turn,P3,18017,50,5.0,1.5,18.43625620422298,14.72403780401211,0.009593714188067695,2.2614855272116717e-15,999999999.9999979,42.35666666666665,42.35666666666665,5.699755355373713,3.9550147740798045,inf,0,0,0,0,-1,inf,0,-1,0,0,-1,0,0,7600,0,0,0,2533,5067,1.522683640845715,3.4130753429168434,False
intersection_turn,P4,18017,50,5.0,1.5,18.43625620422298,14.72403780401211,0.009593714188067695,2.2614855272116717e-15,999999999.9999979,42.35666666666665,42.35666666666665,5.699755355373713,3.9550147740798045,inf,0,0,0,0,-1,inf,0,-1,0,0,-1,0,0,7600,0,0,0,2533,5067,1.522683640845715,3.4130753429168434,False
intersection_turn,P0,18018,50,5.0,1.5,18.44987445448922,14.72403780401211,0.009583885380875718,2.2614855272116717e-15,999999999.9999979,42.486666666666665,42.486666666666665,5.571072109068816,3.9550147740798045,inf,0,0,0,0,-1,inf,0,-1,0,0,-1,0,0,7600,0,0,0,2458,5142,1.4534416860955033,3.279837587750925,False
intersection_turn,P1,18018,50,5.0,1.5,18.445081967071665,14.72403780401211,0.009586567380177645,2.2614855272116717e-15,999999999.9999979,42.39999999999999,42.39999999999999,5.656854249492389,3.9550147740798045,inf,0,0,0,0,-1,inf,0,-1,0,0,-1,0,0,7600,0,0,0,2444,5156,1.4534416860955033,3.279837587750925,False
intersection_turn,P2,18018,50,5.0,1.5,18.44987445448922,14.72403780401211,0.009583885380875718,2.2614855272116717e-15,999999999.9999979,42.486666666666665,42.486666666666665,5.571072109068816,3.9550147740798045,inf,0,0,0,0,-1,inf,0,-1,0,0,-1,0,0,7600,0,0,0,2458,5142,1.4534416860955033,3.279837587750925,False
intersection_turn,P3,18018,50,5.0,1.5,18.44987445448922,14.72403780401211,0.009583885380875718,2.2614855272116717e-15,999999999.9999979,42.486666666666665,42.486666666666665,5.571072109068816,3.9550147740798045,inf,0,0,0,0,-1,inf,0,-1,0,0,-1,0,0,7600,0,0,0,2458,5142,1.4534416860955033,3.279837587750925,False
intersection_turn,P4,18018,50,5.0,1.5,18.447430928811453,14.72403780401211,0.009585298680526112,2.2614855272116717e-15,999999999.9999979,42.44999999999998,42.44999999999998,5.607361233236201,3.9550147740798045,inf,0,0,0,0,-1,inf,0,-1,0,0,-1,0,0,7600,0,0,0,2453,5147,1.4534416860955033,3.279837587750925,False
intersection_turn,P0,18019,50,5.0,1.5,18.426357522241638,14.72403780401211,0.009600819022507739,2.2614855272116717e-15,999999999.9999979,42.27166666666667,42.27166666666667,5.78392624242199,3.9550147740798045,inf,0,0,0,0,-1,inf,0,-1,0,0,-1,0,0,7600,0,0,0,2407,5193,1.5368416295176985,3.3785224770895836,False
intersection_turn,P1,18019,50,5.0,1.5,18.422068737786905,14.72403780401211,0.009603619788108086,2.2614855272116717e-15,999999999.9999979,42.219999999999985,42.219999999999985,5.835100684649767,3.9550147740798045,inf,0,0,0,0,-1,inf,0,-1,0,0,-1,0,0,7600,0,0,0,2393,5207,1.5368416295176985,3.3785224770895836,False
intersection_turn,P2,18019,50,5.0,1.5,18.426357522241638,14.72403780401211,0.009600819022507739,2.2614855272116717e-15,999999999.9999979,42.27166666666667,42.27166666666667,5.78392624242199,3.9550147740798045,inf,0,0,0,0,-1,inf,0,-1,0,0,-1,0,0,7600,0,0,0,2407,5193,1.5368416295176985,3.3785224770895836,False
intersection_turn,P3,18019,50,5.0,1.5,18.426357522241638,14.72403780401211,0.009600819022507739,2.2614855272116717e-15,999999999.9999979,42.27166666666667,42.27166666666667,5.78392624242199,3.9550147740798045,inf,0,0,0,0,-1,inf,0,-1,0,0,-1,0,0,7600,0,0,0,2407,5193,1.5368416295176985,3.3785224770895836,False
intersection_turn,P4,18019,50,5.0,1.5,18.426357522241638,14.72403780401211,0.009600819022507739,2.2614855272116717e-15,999999999.9999979,42.27166666666667,42.27166666666667,5.78392624242199,3.9550147740798045,inf,0,0,0,0,-1,inf,0,-1,0,0,-1,0,0,7600,0,0,0,2407,5193,1.5368416295176985,3.3785224770895836,False
occluding_cut_in,P0,18000,50,5.0,1.5,11.267888282720728,7.327224075401506,0.2107706627715266,0.00021432353040528015,999785676.4695947,17.087302883832308,17.087302883832308,19.431160541768985,11.331044181969368,1.912697116167692,0,0,0,0,-1,inf,0,-1,0,0,-1,0,0,7600,182,0,3814,0,3604,1.7490662348496868,4.112701269634574,False
occluding_cut_in,P1,18000,50,5.0,1.5,11.236706230521282,7.348772949614109,0.21382670649426705,0.00020813477088215814,999791865.2291179,17.09672071521912,17.09176612654551,19.430073758811165,11.331044181969368,1.9103851458070742,0,0,0,0,-1,inf,0,-1,0,0,-1,0,0,7600,266,0,3734,0,3600,1.7490662348496868,4.112701269634574,False
occluding_cut_in,P2,18000,50,5.0,1.5,11.236706230521282,7.348772949614109,0.21382670649426705,0.00020813477088215814,999791865.2291179,17.09672071521912,17.09176612654551,19.430073758811165,11.331044181969368,1.9103851458070742,0,0,0,0,-1,inf,0,-1,0,0,-1,0,0,7600,266,0,3734,0,3600,1.7490662348496868,4.112701269634574,False
occluding_cut_in,P3,18000,50,5.0,1.5,11.234115978422913,7.347532739074193,0.2132565692115898,0.0002082773269617516,999791722.6730384,17.09672071521911,17.09343247158598,19.431160541768985,11.331044181969368,1.9092338673411526,0,0,0,0,-1,inf,0,-1,0,0,-1,0,0,7600,216,0,3784,0,3600,1.7490662348496868,4.112701269634574,False
occluding_cut_in,P4,18000,50,5.0,1.5,11.267888282720728,7.327224075401506,0.2107706627715266,0.00021432353040528015,999785676.4695947,17.087302883832308,17.087302883832308,19.431160541768985,11.331044181969368,1.912697116167692,0,0,0,0,-1,inf,0,-1,0,0,-1,0,0,7600,182,0,3814,0,3604,1.7490662348496868,4.112701269634574,False
occluding_cut_in,P0,18001,50,5.0,1.5,11.267888282720728,7.327224075401506,0.2107706627715266,0.00021432353040528015,999785676.4695947,17.087302883832308,17.087302883832308,19.431160541768985,11.331044181969368,1.912697116167692,0,0,0,0,-1,inf,0,-1,0,0,-1,0,0,7600,182,0,3814,0,3604,1.8170335357171976,4.242638585870787,False
occluding_cut_in,P1,18001,50,5.0,1.5,11.323929889722908,7.33746240387935,0.2079504854985344,0.00020935444522376598,999790645.5547763,17.121780353335428,17.11653427941325,19.43013353196599,11.331044181969368,1.8836732888752445,0,0,0,0,-1,inf,0,-1,0,0,-1,0,0,7600,282,0,3740,0,3578,1.8170335357171976,4.242638585870787,False
occluding_cut_in,P2,18001,50,5.0,1.5,11.279402230947529,7.3325272748345185,0.21008453913158626,0.00021127208617207884,999788727.9138278,17.087302883832304,17.08671813657334,19.43013353196599,11.331044181969368,1.9132821182943816,0,0,0,0,-1,inf,0,-1,0,0,-1,0,0,7600,211,0,3789,0,3600,1.8170335357171976,4.242638585870787,False
occluding_cut_in,P3,18001,50,5.0,1.5,11.271959506513124,7.335881601140441,0.21027690254954082,0.00021045185835408037,999789548.1416459,17.087302883832308,17.087194917016916,19.431160541768985,11.331044181969368,1.9128245916561997,0,0,0,0,-1,inf,0,-1,0,0,-1,0,0,7600,182,0,3814,0,3604,1.8170335357171976,4.242638585870787,False
occluding_cut_in,P4,18001,50,5.0,1.5,11.267888282720728,7.327224075401506,0.2107706627715266,0.00021432353040528015,999785676.4695947,17.087302883832308,17.087302883832308,19.431160541768985,11.331044181969368,1.912697116167692,0,0,0,0,-1,inf,0,-1,0,0,-1,0,0,7600,182,0,3814,0,3604,1.8170335357171976,4.242638585870787,False
occluding_cut_in,P0,18002,50,5.0,1.5,11.267888282720728,7.327224075401506,0.2107706627715266,0.00021432353040528015,999785676.4695947,17.087302883832308,17.087302883832308,19.431160541768985,11.331044181969368,1.912697116167692,0,0,0,0,-1,inf,0,-1,0,0,-1,0,0,7600,182,0,3814,0,3604,1.750896329059814,4.04115496056682,False
occluding_cut_in,P1,18002,50,5.0,1.5,11.329750090613066,7.343209795925162,0.2079885896274973,0.00020917821025226015,999790821.7897477,17.121780353335414,17.116111645705573,19.43013353196599,11.331044181969368,1.8843137349411765,0,0,0,0,-1,inf,0,-1,0,0,-1,0,0,7600,297,0,3725,0,3578,1.750896329059814,4.04115496056682,False
occluding_cut_in,P2,18002,50,5.0,1.5,11.28465228014862,7.313889676680172,0.21001101646830483,0.00021612692634127625,999783873.0736587,17.087302883832304,17.085784205128686,19.43013353196599,11.331044181969368,1.9142217317928765,0,0,0,0,-1,inf,0,-1,0,0,-1,0,0,7600,223,0,3777,0,3600,1.750896329059814,4.04115496056682,False
occluding_cut_in,P3,18002,50,5.0,1.5,11.271959506513124,7.335881601140441,0.21027690254954082,0.00021045185835408037,999789548.1416459,17.087302883832308,17.087194917016916,19.431160541768985,11.331044181969368,1.9128245916561997,0,0,0,0,-1,inf,0,-1,0,0,-1,0,0,7600,182,0,3814,0,3604,1.750896329059814,4.04115496056682,False
occluding_cut_in,P4,18002,50,5.0,1.5,11.267888282720728,7.327224075401506,0.2107706627715266,0.00021432353040528015,999785676.4695947,17.087302883832308,17.087302883832308,19.431160541768985,11.331044181969368,1.912697116167692,0,0,0,0,-1,inf,0,-1,0,0,-1,0,0,7600,182,0,3814,0,3604,1.750896329059814,4.04115496056682,False
occluding_cut_in,P0,18003,50,5.0,1.5,11.267888282720728,7.327224075401506,0.2107706627715266,0.00021432353040528015,999785676.4695947,17.087302883832308,17.087302883832308,19.431160541768985,11.331044181969368,1.912697116167692,0,0,0,0,-1,inf,0,-1,0,0,-1,0,0,7600,182,0,3814,0,3604,1.8947873359757508,4.348798304110535,False
occluding_cut_in,P1,18003,50,5.0,1.5,11.196347348308928,7.307356356531334,0.2154934582117902,0.00021814311153265577,999781856.8884673,17.143537204129014,17.132615809154828,19.431160541768985,11.331044181969368,1.868588616892033,0,0,0,0,-1,inf,0,-1,0,0,-1,0,0,7600,349,0,3670,0,3581,1.8947873359757508,4.348798304110535,False
occluding_cut_in,P2,18003,50,5.0,1.5,11.234115978422913,7.347532739074193,0.2132565692115898,0.0002082773269617516,999791722.6730384,17.09672071521911,17.09343247158598,19.431160541768985,11.331044181969368,1.9092338673411526,0,0,0,0,-1,inf,0,-1,0,0,-1,0,0,7600,216,0,3784,0,3600,1.8947873359757508,4.348798304110535,False
occluding_cut_in,P3,18003,50,5.0,1.5,11.234115978422913,7.347532739074193,0.2132565692115898,0.0002082773269617516,999791722.6730384,17.09672071521911,17.09343247158598,19.431160541768985,11.331044181969368,1.9092338673411526,0,0,0,0,-1,inf,0,-1,0,0,-1,0,0,7600,216,0,3784,0,3600,1.8947873359757508,4.348798304110535,False
occluding_cut_in,P4,18003,50,5.0,1.5,11.267888282720728,7.327224075401506,0.2107706627715266,0.00021432353040528015,999785676.4695947,17.087302883832308,17.087302883832308,19.431160541768985,11.331044181969368,1.912697116167692,0,0,0,0,-1,inf,0,-1,0,0,-1,0,0,7600,182,0,3814,0,3604,1.8947873359757508,4.348798304110535,False
occluding_cut_in,P0,18004,50,5.0,1.5,11.267888282720728,7.327224075401506,0.2107706627715266,0.00021432353040528015,999785676.4695947,17.087302883832308,17.087302883832308,19.431160541768985,11.331044181969368,1.912697116167692,0,0,0,0,-1,inf,0,-1,0,0,-1,0,0,7600,182,0,3814,0,3604,1.812077894331411,4.176427954489267,False
occluding_cut_in,P1,18004,50,5.0,1.5,11.317842387555514,7.347911178394956,0.20809858845567283,0.00020659736480202972,999793402.6351981,17.109263734065525,17.105646607948596,19.43013353196599,11.331044181969368,1.8943611174536605,0,0,0,0,-1,inf,0,-1,0,0,-1,0,0,7600,266,0,3747,0,3587,1.812077894331411,4.176427954489267,False
occluding_cut_in,P2,18004,50,5.0,1.5,11.311662582393375,7.350850279306833,0.208200193458099,0.00020595420737059926,999794045.7926294,17.10926373406553,17.106315856674346,19.43013353196599,11.331044181969368,1.8936857185760925,0,0,0,0,-1,inf,0,-1,0,0,-1,0,0,7600,247,0,3766,0,3587,1.812077894331411,4.176427954489267,False
occluding_cut_in,P3,18004,50,5.0,1.5,11.267888282720728,7.327224075401506,0.2107706627715266,0.00021432353040528015,999785676.4695947,17.087302883832308,17.087302883832308,19.431160541768985,11.331044181969368,1.912697116167692,0,0,0,0,-1,inf,0,-1,0,0,-1,0,0,7600,182,0,3814,0,3604,1.812077894331411,4.176427954489267,False
occluding_cut_in,P4,18004,50,5.0,1.5,11.267888282720728,7.327224075401506,0.2107706627715266,0.00021432353040528015,999785676.4695947,17.087302883832308,17.087302883832308,19.431160541768985,11.331044181969368,1.912697116167692,0,0,0,0,-1,inf,0,-1,0,0,-1,0,0,7600,182,0,3814,0,3604,1.812077894331411,4.176427954489267,False
occluding_cut_in,P0,18005,50,5.0,1.5,11.267888282720728,7.327224075401506,0.2107706627715266,0.00021432353040528015,999785676.4695947,17.087302883832308,17.087302883832308,19.431160541768985,11.331044181969368,1.912697116167692,0,0,0,0,-1,inf,0,-1,0,0,-1,0,0,7600,182,0,3814,0,3604,1.8998709318249316,4.400940926894233,False
occluding_cut_in,P1,18005,50,5.0,1.5,11.325507114801077,7.3465172355975525,0.2077533107712367,0.00020699115808860718,999793008.8419114,17.12178035333541,17.116839850670516,19.430073758811165,11.331044181969368,1.8835550144913316,0,0,0,0,-1,inf,0,-1,0,0,-1,0,0,7600,299,0,3720,0,3581,1.8998709318249316,4.400940926894233,False
occluding_cut_in,P2,18005,50,5.0,1.5,11.236841051343934,7.348585069884217,0.21342271277102043,0.0002080558709977231,999791944.1290022,17.096720715219117,17.092681308893116,19.430073758811165,11.331044181969368,1.9096656311676035,0,0,0,0,-1,inf,0,-1,0,0,-1,0,0,7600,243,0,3757,0,3600,1.8998709318249316,4.400940926894233,False
occluding_cut_in,P3,18005,50,5.0,1.5,11.234115978422913,7.347532739074193,0.2132565692115898,0.0002082773269617516,999791722.6730384,17.09672071521911,17.09343247158598,19.431160541768985,11.331044181969368,1.9092338673411526,0,0,0,0,-1,inf,0,-1,0,0,-1,0,0,7600,216,0,3784,0,3600,1.8998709318249316,4.400940926894233,False
occluding_cut_in,P4,18005,50,5.0,1.5,11.267888282720728,7.327224075401506,0.2107706627715266,0.00021432353040528015,999785676.4695947,17.087302883832308,17.087302883832308,19.431160541768985,11.331044181969368,1.912697116167692,0,0,0,0,-1,inf,0,-1,0,0,-1,0,0,7600,182,0,3814,0,3604,1.8998709318249316,4.400940926894233,False
occluding_cut_in,P0,18006,50,5.0,1.5,11.267888282720728,7.327224075401506,0.2107706627715266,0.00021432353040528015,999785676.4695947,17.087302883832308,17.087302883832308,19.431160541768985,11.331044181969368,1.912697116167692,0,0,0,0,-1,inf,0,-1,0,0,-1,0,0,7600,182,0,3814,0,3604,1.7333837828417122,4.075493663785422,False
occluding_cut_in,P1,18006,50,5.0,1.5,11.2990047599884,7.346504018649555,0.20894950092391176,0.00020784943458604496,999792150.5654138,17.08730288383231,17.085203945889702,19.430048105437574,11.331044181969368,1.9148020573252684,0,0,0,0,-1,inf,0,-1,0,0,-1,0,0,7600,235,0,3761,0,3604,1.7333837828417122,4.075493663785422,False
occluding_cut_in,P2,18006,50,5.0,1.5,11.237443136743446,7.348496364291064,0.21337678219934827,0.00020807168041350188,999791928.3195865,17.096720715219117,17.092725783096938,19.430048105437574,11.331044181969368,1.9095945638237422,0,0,0,0,-1,inf,0,-1,0,0,-1,0,0,7600,242,0,3758,0,3600,1.7333837828417122,4.075493663785422,False
occluding_cut_in,P3,18006,50,5.0,1.5,11.234115978422913,7.347532739074193,0.2132565692115898,0.0002082773269617516,999791722.6730384,17.09672071521911,17.09343247158598,19.431160541768985,11.331044181969368,1.9092338673411526,0,0,0,0,-1,inf,0,-1,0,0,-1,0,0,7600,216,0,3784,0,3600,1.7333837828417122,4.075493663785422,False
occluding_cut_in,P4,18006,50,5.0,1.5,11.267888282720728,7.327224075401506,0.2107706627715266,0.00021432353040528015,999785676.4695947,17.087302883832308,17.087302883832308,19.431160541768985,11.331044181969368,1.912697116167692,0,0,0,0,-1,inf,0,-1,0,0,-1,0,0,7600,182,0,3814,0,3604,1.7333837828417122,4.075493663785422,False
occluding_cut_in,P0,18007,50,5.0,1.5,11.267888282720728,7.327224075401506,0.2107706627715266,0.00021432353040528015,999785676.4695947,17.087302883832308,17.087302883832308,19.431160541768985,11.331044181969368,1.912697116167692,0,0,0,0,-1,inf,0,-1,0,0,-1,0,0,7600,182,0,3814,0,3604,1.9155082147397482,4.350709869894895,False
occluding_cut_in,P1,18007,50,5.0,1.5,11.329768253752883,7.3435409880489555,0.20798857291720702,0.0002090745421438015,999790925.4578563,17.121780353335424,17.116096431372927,19.430094201262467,11.331044181969368,1.8843202526281386,0,0,0,0,-1,inf,0,-1,0,0,-1,0,0,7600,295,0,3723,0,3582,1.9155082147397482,4.350709869894895,False
occluding_cut_in,P2,18007,50,5.0,1.5,11.290627815902605,7.341595674204892,0.20946788157260754,0.00020961426193861915,999790385.7380615,17.087302883832304,17.08601047989793,19.430094201262467,11.331044181969368,1.9139981243507482,0,0,0,0,-1,inf,0,-1,0,0,-1,0,0,7600,220,0,3776,0,3604,1.9155082147397482,4.350709869894895,False
occluding_cut_in,P3,18007,50,5.0,1.5,11.225860703385898,7.306477124987945,0.21426607060065175,0.00021907488638274686,999780925.1136171,17.096720715219107,17.093275839460258,19.431160541768985,11.331044181969368,1.9098437800511956,0,0,0,0,-1,inf,0,-1,0,0,-1,0,0,7600,221,0,3779,0,3600,1.9155082147397482,4.350709869894895,False
occluding_cut_in,P4,18007,50,5.0,1.5,11.267888282720728,7.327224075401506,0.2107706627715266,0.00021432353040528015,999785676.4695947,17.087302883832308,17.087302883832308,19.431160541768985,11.331044181969368,1.912697116167692,0,0,0,0,-1,inf,0,-1,0,0,-1,0,0,7600,182,0,3814,0,3604,1.9155082147397482,4.350709869894895,False
occluding_cut_in,P0,18008,50,5.0,1.5,11.267888282720728,7.327224075401506,0.2107706627715266,0.00021432353040528015,999785676.4695947,17.087302883832308,17.087302883832308,19.431160541768985,11.331044181969368,1.912697116167692,0,0,0,0,-1,inf,0,-1,0,0,-1,0,0,7600,182,0,3814,0,3604,1.8088413650469144,4.225107984941952,False
occluding_cut_in,P1,18008,50,5.0,1.5,11.297346239381925,7.342179857882147,0.209310594184372,0.00020942988911364004,999790570.1108866,17.08730288383231,17.08562970992094,19.429105969747095,11.331044181969368,1.914434572684932,0,0,0,0,-1,inf,0,-1,0,0,-1,0,0,7600,254,0,3746,0,3600,1.8088413650469144,4.225107984941952,False
occluding_cut_in,P2,18008,50,5.0,1.5,11.276963380877083,7.330914167477342,0.21037900968694642,0.00021314547187283378,999786854.5281272,17.087302883832308,17.08684058791738,19.43013353196599,11.331044181969368,1.913174713293892,0,0,0,0,-1,inf,0,-1,0,0,-1,0,0,7600,211,0,3789,0,3600,1.8088413650469144,4.225107984941952,False
occluding_cut_in,P3,18008,50,5.0,1.5,11.279704603516379,7.346397526329796,0.2100100123135853,0.00020808701946142477,999791912.9805385,17.0873028838323,17.08646209581056,19.43013353196599,11.331044181969368,1.9135795070334352,0,0,0,0,-1,inf,0,-1,0,0,-1,0,0,7600,220,0,3780,0,3600,1.8088413650469144,4.225107984941952,False
occluding_cut_in,P4,18008,50,5.0,1.5,11.267888282720728,7.327224075401506,0.2107706627715266,0.00021432353040528015,999785676.4695947,17.087302883832308,17.087302883832308,19.431160541768985,11.331044181969368,1.912697116167692,0,0,0,0,-1,inf,0,-1,0,0,-1,0,0,7600,182,0,3814,0,3604,1.8088413650469144,4.225107984941952,False
occluding_cut_in,P0,18009,50,5.0,1.5,11.267888282720728,7.327224075401506,0.2107706627715266,0.00021432353040528015,999785676.4695947,17.087302883832308,17.087302883832308,19.431160541768985,11.331044181969368,1.912697116167692,0,0,0,0,-1,inf,0,-1,0,0,-1,0,0,7600,182,0,3814,0,3604,1.7360901863880016,4.119640828103495,False
occluding_cut_in,P1,18009,50,5.0,1.5,11.29962732672104,7.344853951190786,0.20906290951593273,0.00020848423415284863,999791515.765847,17.087302883832304,17.085414279724226,19.43013353196599,11.331044181969368,1.9146127969736648,0,0,0,0,-1,inf,0,-1,0,0,-1,0,0,7600,244,0,3756,0,3600,1.7360901863880016,4.119640828103495,False
occluding_cut_in,P2,18009,50,5.0,1.5,11.238473942199763,7.348331817929137,0.213296932476458,0.00020810353427264773,999791896.4657272,17.096720715219107,17.09280097618688,19.43013353196599,11.331044181969368,1.9094763375039747,0,0,0,0,-1,inf,0,-1,0,0,-1,0,0,7600,245,0,3759,0,3596,1.7360901863880016,4.119640828103495,False
occluding_cut_in,P3,18009,50,5.0,1.5,11.225860703385898,7.306477124987945,0.21426607060065175,0.00021907488638274686,999780925.1136171,17.096720715219107,17.093275839460258,19.431160541768985,11.331044181969368,1.9098437800511956,0,0,0,0,-1,inf,0,-1,0,0,-1,0,0,7600,221,0,3779,0,3600,1.7360901863880016,4.119640828103495,False
occluding_cut_in,P4,18009,50,5.0,1.5,11.267888282720728,7.327224075401506,0.2107706627715266,0.00021432353040528015,999785676.4695947,17.087302883832308,17.087302883832308,19.431160541768985,11.331044181969368,1.912697116167692,0,0,0,0,-1,inf,0,-1,0,0,-1,0,0,7600,182,0,3814,0,3604,1.7360901863880016,4.119640828103495,False
occluding_cut_in,P0,18010,50,5.0,1.5,11.267888282720728,7.327224075401506,0.2107706627715266,0.00021432353040528015,999785676.4695947,17.087302883832308,17.087302883832308,19.431160541768985,11.331044181969368,1.912697116167692,0,0,0,0,-1,inf,0,-1,0,0,-1,0,0,7600,182,0,3814,0,3604,1.855865234229905,4.239463806991383,False
occluding_cut_in,P1,18010,50,5.0,1.5,11.317065677717675,7.350004083879055,0.20786560613677363,0.00020614123621446657,999793858.7637856,17.121780353335428,17.117341600669608,19.430048105437574,11.331044181969368,1.8829523806057291,0,0,0,0,-1,inf,0,-1,0,0,-1,0,0,7600,279,0,3740,0,3581,1.855865234229905,4.239463806991383,False
occluding_cut_in,P2,18010,50,5.0,1.5,11.237443136743446,7.348496364291064,0.21337678219934827,0.00020807168041350188,999791928.3195865,17.096720715219117,17.092725783096938,19.430048105437574,11.331044181969368,1.9095945638237422,0,0,0,0,-1,inf,0,-1,0,0,-1,0,0,7600,242,0,3758,0,3600,1.855865234229905,4.239463806991383,False
occluding_cut_in,P3,18010,50,5.0,1.5,11.234115978422913,7.347532739074193,0.2132565692115898,0.0002082773269617516,999791722.6730384,17.09672071521911,17.09343247158598,19.431160541768985,11.331044181969368,1.9092338673411526,0,0,0,0,-1,inf,0,-1,0,0,-1,0,0,7600,216,0,3784,0,3600,1.855865234229905,4.239463806991383,False
occluding_cut_in,P4,18010,50,5.0,1.5,11.267888282720728,7.327224075401506,0.2107706627715266,0.00021432353040528015,999785676.4695947,17.087302883832308,17.087302883832308,19.431160541768985,11.331044181969368,1.912697116167692,0,0,0,0,-1,inf,0,-1,0,0,-1,0,0,7600,182,0,3814,0,3604,1.855865234229905,4.239463806991383,False
occluding_cut_in,P0,18011,50,5.0,1.5,11.267888282720728,7.327224075401506,0.2107706627715266,0.00021432353040528015,999785676.4695947,17.087302883832308,17.087302883832308,19.431160541768985,11.331044181969368,1.912697116167692,0,0,0,0,-1,inf,0,-1,0,0,-1,0,0,7600,182,0,3814,0,3604,1.7984959221357135,4.131197258057072,False
occluding_cut_in,P1,18011,50,5.0,1.5,11.328519051424342,7.329309149349118,0.20810185805498968,0.00021155908584705307,999788440.914153,17.121780353335424,17.115981790302754,19.430094201262467,11.331044181969368,1.884289642167047,0,0,0,0,-1,inf,0,-1,0,0,-1,0,0,7600,299,0,3719,0,3582,1.7984959221357135,4.131197258057072,False
occluding_cut_in,P2,18011,50,5.0,1.5,11.279402230947529,7.3325272748345185,0.21008453913158626,0.00021127208617207884,999788727.9138278,17.087302883832304,17.08671813657334,19.43013353196599,11.331044181969368,1.9132821182943816,0,0,0,0,-1,inf,0,-1,0,0,-1,0,0,7600,211,0,3789,0,3600,1.7984959221357135,4.131197258057072,False
occluding_cut_in,P3,18011,50,5.0,1.5,11.271959506513124,7.335881601140441,0.21027690254954082,0.00021045185835408037,999789548.1416459,17.087302883832308,17.087194917016916,19.431160541768985,11.331044181969368,1.9128245916561997,0,0,0,0,-1,inf,0,-1,0,0,-1,0,0,7600,182,0,3814,0,3604,1.7984959221357135,4.131197258057072,False
occluding_cut_in,P4,18011,50,5.0,1.5,11.267888282720728,7.327224075401506,0.2107706627715266,0.00021432353040528015,999785676.4695947,17.087302883832308,17.087302883832308,19.431160541768985,11.331044181969368,1.912697116167692,0,0,0,0,-1,inf,0,-1,0,0,-1,0,0,7600,182,0,3814,0,3604,1.7984959221357135,4.131197258057072,False
occluding_cut_in,P0,18012,50,5.0,1.5,11.267888282720728,7.327224075401506,0.2107706627715266,0.00021432353040528015,999785676.4695947,17.087302883832308,17.087302883832308,19.431160541768985,11.331044181969368,1.912697116167692,0,0,0,0,-1,inf,0,-1,0,0,-1,0,0,7600,182,0,3814,0,3604,1.7067245719919781,4.016670598051674,False
occluding_cut_in,P1,18012,50,5.0,1.5,11.30106784551517,7.346445528686045,0.20890150591931356,0.0002078737389089974,999792126.261091,17.087302883832304,17.08520853881079,19.430073758811165,11.331044181969368,1.9147981302937223,0,0,0,0,-1,inf,0,-1,0,0,-1,0,0,7600,235,0,3761,0,3604,1.7067245719919781,4.016670598051674,False
occluding_cut_in,P2,18012,50,5.0,1.5,11.276963380877083,7.330914167477342,0.21037900968694642,0.00021314547187283378,999786854.5281272,17.087302883832308,17.08684058791738,19.43013353196599,11.331044181969368,1.913174713293892,0,0,0,0,-1,inf,0,-1,0,0,-1,0,0,7600,211,0,3789,0,3600,1.7067245719919781,4.016670598051674,False
occluding_cut_in,P3,18012,50,5.0,1.5,11.267888282720728,7.327224075401506,0.2107706627715266,0.00021432353040528015,999785676.4695947,17.087302883832308,17.087302883832308,19.431160541768985,11.331044181969368,1.912697116167692,0,0,0,0,-1,inf,0,-1,0,0,-1,0,0,7600,182,0,3814,0,3604,1.7067245719919781,4.016670598051674,False
occluding_cut_in,P4,18012,50,5.0,1.5,11.267888282720728,7.327224075401506,0.2107706627715266,0.00021432353040528015,999785676.4695947,17.087302883832308,17.087302883832308,19.431160541768985,11.331044181969368,1.912697116167692,0,0,0,0,-1,inf,0,-1,0,0,-1,0,0,7600,182,0,3814,0,3604,1.7067245719919781,4.016670598051674,False
occluding_cut_in,P0,18013,50,5.0,1.5,11.267888282720728,7.327224075401506,0.2107706627715266,0.00021432353040528015,999785676.4695947,17.087302883832308,17.087302883832308,19.431160541768985,11.331044181969368,1.912697116167692,0,0,0,0,-1,inf,0,-1,0,0,-1,0,0,7600,182,0,3814,0,3604,1.8682959610893604,4.284433396797558,False
occluding_cut_in,P1,18013,50,5.0,1.5,11.29914415251426,7.31024171805372,0.20977203694774968,0.00021708594172896998,999782914.0582709,17.0873028838323,17.08502046588193,19.42906718105352,11.331044181969368,1.9150396917810637,0,0,0,0,-1,inf,0,-1,0,0,-1,0,0,7600,285,0,3719,0,3596,1.8682959610893604,4.284433396797558,False
occluding_cut_in,P2,18013,50,5.0,1.5,11.286557719241769,7.3283238598958444,0.2099183976823841,0.00021232522018101358,999787674.7798189,17.087302883832308,17.086232015991207,19.42906718105352,11.331044181969368,1.9137782081097492,0,0,0,0,-1,inf,0,-1,0,0,-1,0,0,7600,242,0,3762,0,3596,1.8682959610893604,4.284433396797558,False
occluding_cut_in,P3,18013,50,5.0,1.5,11.271959506513124,7.335881601140441,0.21027690254954082,0.00021045185835408037,999789548.1416459,17.087302883832308,17.087194917016916,19.431160541768985,11.331044181969368,1.9128245916561997,0,0,0,0,-1,inf,0,-1,0,0,-1,0,0,7600,182,0,3814,0,3604,1.8682959610893604,4.284433396797558,False
occluding_cut_in,P4,18013,50,5.0,1.5,11.267888282720728,7.327224075401506,0.2107706627715266,0.00021432353040528015,999785676.4695947,17.087302883832308,17.087302883832308,19.431160541768985,11.331044181969368,1.912697116167692,0,0,0,0,-1,inf,0,-1,0,0,-1,0,0,7600,182,0,3814,0,3604,1.8682959610893604,4.284433396797558,False
occluding_cut_in,P0,18014,50,5.0,1.5,11.267888282720728,7.327224075401506,0.2107706627715266,0.00021432353040528015,999785676.4695947,17.087302883832308,17.087302883832308,19.431160541768985,11.331044181969368,1.912697116167692,0,0,0,0,-1,inf,0,-1,0,0,-1,0,0,7600,182,0,3814,0,3604,1.9015463619921862,4.280504802430589,False
occluding_cut_in,P1,18014,50,5.0,1.5,11.298290997728765,7.345797043029727,0.2090298986166079,0.00020813171000815464,999791868.2899919,17.087302883832304,17.085314299274767,19.430094201262467,11.331044181969368,1.9147003761617456,0,0,0,0,-1,inf,0,-1,0,0,-1,0,0,7600,239,0,3757,0,3604,1.9015463619921862,4.280504802430589,False
occluding_cut_in,P2,18014,50,5.0,1.5,11.28638838034707,7.324018959268258,0.2099407289890367,0.000213434426229321,999786565.5737708,17.0873028838323,17.086059089234258,19.430094201262467,11.331044181969368,1.9139427246485368,0,0,0,0,-1,inf,0,-1,0,0,-1,0,0,7600,231,0,3765,0,3604,1.9015463619921862,4.280504802430589,False
occluding_cut_in,P3,18014,50,5.0,1.5,11.27959823775745,7.34627791106064,0.21001964959231348,0.00020811949895195827,999791880.501048,17.087302883832304,17.08643884012282,19.430094201262467,11.331044181969368,1.9136055059923018,0,0,0,0,-1,inf,0,-1,0,0,-1,0,0,7600,216,0,3780,0,3604,1.9015463619921862,4.280504802430589,False
occluding_cut_in,P4,18014,50,5.0,1.5,11.267888282720728,7.327224075401506,0.2107706627715266,0.00021432353040528015,999785676.4695947,17.087302883832308,17.087302883832308,19.431160541768985,11.331044181969368,1.912697116167692,0,0,0,0,-1,inf,0,-1,0,0,-1,0,0,7600,182,0,3814,0,3604,1.9015463619921862,4.280504802430589,False
occluding_cut_in,P0,18015,50,5.0,1.5,11.267888282720728,7.327224075401506,0.2107706627715266,0.00021432353040528015,999785676.4695947,17.087302883832308,17.087302883832308,19.431160541768985,11.331044181969368,1.912697116167692,0,0,0,0,-1,inf,0,-1,0,0,-1,0,0,7600,182,0,3814,0,3604,1.7124717015345363,3.9901275613039586,False
occluding_cut_in,P1,18015,50,5.0,1.5,11.32377678522513,7.337036014661427,0.20797167356593857,0.0002094690126268374,999790530.9873732,17.121780353335403,17.116517220231064,19.430094201262467,11.331044181969368,1.8836842855772082,0,0,0,0,-1,inf,0,-1,0,0,-1,0,0,7600,277,0,3741,0,3582,1.7124717015345363,3.9901275613039586,False
occluding_cut_in,P2,18015,50,5.0,1.5,11.30022016218605,7.353205379353463,0.20841913588108718,0.00020581723909899913,999794182.760901,17.12178035333542,17.118608055852395,19.430094201262467,11.331044181969368,1.8816780720227881,0,0,0,0,-1,inf,0,-1,0,0,-1,0,0,7600,247,0,3772,0,3581,1.7124717015345363,3.9901275613039586,False
occluding_cut_in,P3,18015,50,5.0,1.5,11.271959506513124,7.335881601140441,0.21027690254954082,0.00021045185835408037,999789548.1416459,17.087302883832308,17.087194917016916,19.431160541768985,11.331044181969368,1.9128245916561997,0,0,0,0,-1,inf,0,-1,0,0,-1,0,0,7600,182,0,3814,0,3604,1.7124717015345363,3.9901275613039586,False
occluding_cut_in,P4,18015,50,5.0,1.5,11.267888282720728,7.327224075401506,0.2107706627715266,0.00021432353040528015,999785676.4695947,17.087302883832308,17.087302883832308,19.431160541768985,11.331044181969368,1.912697116167692,0,0,0,0,-1,inf,0,-1,0,0,-1,0,0,7600,182,0,3814,0,3604,1.7124717015345363,3.9901275613039586,False
occluding_cut_in,P0,18016,50,5.0,1.5,11.267888282720728,7.327224075401506,0.2107706627715266,0.00021432353040528015,999785676.4695947,17.087302883832308,17.087302883832308,19.431160541768985,11.331044181969368,1.912697116167692,0,0,0,0,-1,inf,0,-1,0,0,-1,0,0,7600,182,0,3814,0,3604,1.7335959377691301,4.104625286636215,False
occluding_cut_in,P1,18016,50,5.0,1.5,11.331270285685259,7.334213142422562,0.2079049109373575,0.00021021788290272945,999789782.1170971,17.121780353335417,17.116120229195023,19.430094201262467,11.331044181969368,1.8842256091566423,0,0,0,0,-1,inf,0,-1,0,0,-1,0,0,7600,303,0,3715,0,3582,1.7335959377691301,4.104625286636215,False
occluding_cut_in,P2,18016,50,5.0,1.5,11.279361912896213,7.332113693679981,0.2100884834712571,0.00021137485237719998,999788625.147623,17.087302883832304,17.08669665353498,19.430094201262467,11.331044181969368,1.9133038564810327,0,0,0,0,-1,inf,0,-1,0,0,-1,0,0,7600,207,0,3789,0,3604,1.7335959377691301,4.104625286636215,False
occluding_cut_in,P3,18016,50,5.0,1.5,11.271959506513124,7.335881601140441,0.21027690254954082,0.00021045185835408037,999789548.1416459,17.087302883832308,17.087194917016916,19.431160541768985,11.331044181969368,1.9128245916561997,0,0,0,0,-1,inf,0,-1,0,0,-1,0,0,7600,182,0,3814,0,3604,1.7335959377691301,4.104625286636215,False
occluding_cut_in,P4,18016,50,5.0,1.5,11.267888282720728,7.327224075401506,0.2107706627715266,0.00021432353040528015,999785676.4695947,17.087302883832308,17.087302883832308,19.431160541768985,11.331044181969368,1.912697116167692,0,0,0,0,-1,inf,0,-1,0,0,-1,0,0,7600,182,0,3814,0,3604,1.7335959377691301,4.104625286636215,False
occluding_cut_in,P0,18017,50,5.0,1.5,11.267888282720728,7.327224075401506,0.2107706627715266,0.00021432353040528015,999785676.4695947,17.087302883832308,17.087302883832308,19.431160541768985,11.331044181969368,1.912697116167692,0,0,0,0,-1,inf,0,-1,0,0,-1,0,0,7600,182,0,3814,0,3604,1.7787894844616527,4.173618896083123,False
occluding_cut_in,P1,18017,50,5.0,1.5,11.285042960219787,7.339825038801489,0.21004219915904765,0.0002099413446692528,999790058.6553308,17.08730288383231,17.08552583101029,19.430094201262467,11.331044181969368,1.9145293138794224,0,0,0,0,-1,inf,0,-1,0,0,-1,0,0,7600,228,0,3768,0,3604,1.7787894844616527,4.173618896083123,False
occluding_cut_in,P2,18017,50,5.0,1.5,11.27959823775745,7.34627791106064,0.21001964959231348,0.00020811949895195827,999791880.501048,17.087302883832304,17.08643884012282,19.430094201262467,11.331044181969368,1.9136055059923018,0,0,0,0,-1,inf,0,-1,0,0,-1,0,0,7600,216,0,3780,0,3604,1.7787894844616527,4.173618896083123,False
occluding_cut_in,P3,18017,50,5.0,1.5,11.272727078473352,7.347277451802598,0.21016357905894725,0.00020785407926597092,999792145.920734,17.087302883832304,17.086958375649086,19.431160541768985,11.331044181969368,1.913149005085399,0,0,0,0,-1,inf,0,-1,0,0,-1,0,0,7600,191,0,3805,0,3604,1.7787894844616527,4.173618896083123,False
occluding_cut_in,P4,18017,50,5.0,1.5,11.267888282720728,7.327224075401506,0.2107706627715266,0.00021432353040528015,999785676.4695947,17.087302883832308,17.087302883832308,19.431160541768985,11.331044181969368,1.912697116167692,0,0,0,0,-1,inf,0,-1,0,0,-1,0,0,7600,182,0,3814,0,3604,1.7787894844616527,4.173618896083123,False
occluding_cut_in,P0,18018,50,5.0,1.5,11.267888282720728,7.327224075401506,0.2107706627715266,0.00021432353040528015,999785676.4695947,17.087302883832308,17.087302883832308,19.431160541768985,11.331044181969368,1.912697116167692,0,0,0,0,-1,inf,0,-1,0,0,-1,0,0,7600,182,0,3814,0,3604,1.7761374570700772,4.104396434640832,False
occluding_cut_in,P1,18018,50,5.0,1.5,11.294022467995203,7.285776498207462,0.20992352353237212,0.00022376566596355168,999776234.3340364,17.121780353335403,17.11782994146143,19.430094201262467,11.331044181969368,1.8823784902106286,0,0,0,0,-1,inf,0,-1,0,0,-1,0,0,7600,272,0,3747,0,3581,1.7761374570700772,4.104396434640832,False
occluding_cut_in,P2,18018,50,5.0,1.5,11.277123624067267,7.331337482424192,0.21035847978845165,0.00021300644759230826,999786993.5524075,17.087302883832304,17.08682042164354,19.430094201262467,11.331044181969368,1.913193285685995,0,0,0,0,-1,inf,0,-1,0,0,-1,0,0,7600,207,0,3789,0,3604,1.7761374570700772,4.104396434640832,False
occluding_cut_in,P3,18018,50,5.0,1.5,11.267888282720728,7.327224075401506,0.2107706627715266,0.00021432353040528015,999785676.4695947,17.087302883832308,17.087302883832308,19.431160541768985,11.331044181969368,1.912697116167692,0,0,0,0,-1,inf,0,-1,0,0,-1,0,0,7600,182,0,3814,0,3604,1.7761374570700772,4.104396434640832,False
occluding_cut_in,P4,18018,50,5.0,1.5,11.267888282720728,7.327224075401506,0.2107706627715266,0.00021432353040528015,999785676.4695947,17.087302883832308,17.087302883832308,19.431160541768985,11.331044181969368,1.912697116167692,0,0,0,0,-1,inf,0,-1,0,0,-1,0,0,7600,182,0,3814,0,3604,1.7761374570700772,4.104396434640832,False
occluding_cut_in,P0,18019,50,5.0,1.5,11.267888282720728,7.327224075401506,0.2107706627715266,0.00021432353040528015,999785676.4695947,17.087302883832308,17.087302883832308,19.431160541768985,11.331044181969368,1.912697116167692,0,0,0,0,-1,inf,0,-1,0,0,-1,0,0,7600,182,0,3814,0,3604,1.9013141698945617,4.251324160085922,False
occluding_cut_in,P1,18019,50,5.0,1.5,11.328220731869775,7.326331172501157,0.20818029315868167,0.0002123833658676743,999787616.6341324,17.121780353335406,17.11591623790376,19.43013353196599,11.331044181969368,1.884317558638751,0,0,0,0,-1,inf,0,-1,0,0,-1,0,0,7600,296,0,3726,0,3578,1.9013141698945617,4.251324160085922,False
occluding_cut_in,P2,18019,50,5.0,1.5,11.29285794852083,7.296851534765533,0.20981603006334143,0.0002204188961034603,999779581.1038965,17.10926373406552,17.106874363865092,19.43013353196599,11.331044181969368,1.893136141231242,0,0,0,0,-1,inf,0,-1,0,0,-1,0,0,7600,235,0,3778,0,3587,1.9013141698945617,4.251324160085922,False
occluding_cut_in,P3,18019,50,5.0,1.5,11.271959506513124,7.335881601140441,0.21027690254954082,0.00021045185835408037,999789548.1416459,17.087302883832308,17.087194917016916,19.431160541768985,11.331044181969368,1.9128245916561997,0,0,0,0,-1,inf,0,-1,0,0,-1,0,0,7600,182,0,3814,0,3604,1.9013141698945617,4.251324160085922,False
occluding_cut_in,P4,18019,50,5.0,1.5,11.267888282720728,7.327224075401506,0.2107706627715266,0.00021432353040528015,999785676.4695947,17.087302883832308,17.087302883832308,19.431160541768985,11.331044181969368,1.912697116167692,0,0,0,0,-1,inf,0,-1,0,0,-1,0,0,7600,182,0,3814,0,3604,1.9013141698945617,4.251324160085922,False
