scenario,planner,seed,steps,duration_s,planning_safety_margin_m,mean_snr_db,min_snr_db,mean_outage_probability,mean_ber_model,mean_goodput_bps_model,path_length_m,progress_m,min_target_distance_m,min_realized_ttc_s,min_static_obstacle_clearance_m,static_clearance_violation_steps,static_clearance_violation_indicator,collision_indicator,collision_steps,first_collision_step,first_collision_time_s,no_candidate_steps,first_no_candidate_step,zero_candidate_after_static_steps,zero_candidate_after_dynamic_steps,candidate_evaluations,candidate_road_rejections,candidate_speed_rejections,candidate_static_rejections,candidate_dynamic_rejections,candidate_feasible,prediction_ade_m,prediction_fde_m,measured_optical_link
following_lateral_offset,P0,9000,40,4.0,1.5,15.80350820453493,3.7262598626173045,0.09833950621554159,0.0018065031451226724,998193496.8548772,36.78000000000001,36.78000000000001,3.511182137115639,1.1572670931701827,inf,0,0,0,0,-1,inf,0,-1,0,0,6080,0,0,0,1493,4587,1.8225331140428995,4.157889384919348,False
following_lateral_offset,P1,9000,40,4.0,1.5,15.80350820453493,3.7262598626173045,0.09833950621554159,0.0018065031451226724,998193496.8548772,36.78000000000001,36.78000000000001,3.511182137115639,1.1572670931701827,inf,0,0,0,0,-1,inf,0,-1,0,0,6080,0,0,0,1493,4587,1.8225331140428995,4.157889384919348,False
following_lateral_offset,P2,9000,40,4.0,1.5,16.864921290305922,9.947020613701682,0.0288926438199165,6.590522792042006e-07,999999340.9477209,36.780000000000015,36.77628651281505,3.459964702425606,1.0751757097680106,inf,0,0,0,0,-1,inf,0,-1,0,0,6080,144,0,0,1354,4582,1.8225331140428995,4.157889384919348,False
following_lateral_offset,P3,9000,40,4.0,1.5,16.755956911841004,9.947020613701682,0.03282052600532014,6.883558543685848e-07,999999311.6441457,36.78000000000001,36.7777991574661,3.468974655074813,1.0751757097680106,inf,0,0,0,0,-1,inf,0,-1,0,0,6080,122,0,0,1374,4584,1.8225331140428995,4.157889384919348,False
following_lateral_offset,P4,9000,40,4.0,1.5,19.796342781448026,16.001791007316,0.004698072880771081,7.63640108234776e-20,1000000000.0,36.48999999999998,36.47618799277424,3.6240785893709413,1.1838977678265423,inf,0,0,0,0,-1,inf,0,-1,0,0,6080,1247,0,0,1241,3592,1.8225331140428995,4.157889384919348,False
following_lateral_offset,P0,9001,40,4.0,1.5,14.096960884064993,-5.303968818573107,0.17981029318030434,0.04237523681795513,957624763.182045,37.11,37.106737519186275,3.2687621301922336,0.909327739497478,inf,0,0,0,0,-1,inf,0,-1,0,0,6080,125,0,0,1543,4412,1.8669593561435256,4.219168712727196,False
following_lateral_offset,P1,9001,40,4.0,1.5,14.096960884064993,-5.303968818573107,0.17981029318030434,0.04237523681795513,957624763.182045,37.11,37.106737519186275,3.2687621301922336,0.909327739497478,inf,0,0,0,0,-1,inf,0,-1,0,0,6080,125,0,0,1543,4412,1.8669593561435256,4.219168712727196,False
following_lateral_offset,P2,9001,40,4.0,1.5,14.096960884064993,-5.303968818573107,0.17981029318030434,0.04237523681795513,957624763.182045,37.11,37.106737519186275,3.2687621301922336,0.909327739497478,inf,0,0,0,0,-1,inf,0,-1,0,0,6080,125,0,0,1543,4412,1.8669593561435256,4.219168712727196,False
following_lateral_offset,P3,9001,40,4.0,1.5,15.064014368437856,-0.3596765930243322,0.14794365464735532,0.015543566229327154,984456433.7706728,37.080000000000005,37.07897657164522,3.240205651318336,0.8505458341336691,inf,0,0,0,0,-1,inf,0,-1,0,0,6080,50,0,0,1649,4381,1.8669593561435256,4.219168712727196,False
following_lateral_offset,P4,9001,40,4.0,1.5,15.51952850981571,1.8680703602385904,0.12366196795627497,0.004232961062103494,995767038.9378964,37.08000000000001,37.07783389048033,3.217771779793839,0.8505458341336691,inf,0,0,0,0,-1,inf,0,-1,0,0,6080,97,0,0,1610,4373,1.8669593561435256,4.219168712727196,False
following_lateral_offset,P0,9002,40,4.0,1.5,15.486661514847958,1.4205159308820399,0.12058024320831025,0.005133067535554356,994866932.4644457,36.960000000000015,36.960000000000015,3.346879143321418,1.0833469469404062,inf,0,0,0,0,-1,inf,0,-1,0,0,6080,0,0,0,1688,4392,1.8277397465175511,4.094309413166095,False
following_lateral_offset,P1,9002,40,4.0,1.5,15.486661514847958,1.4205159308820399,0.12058024320831025,0.005133067535554356,994866932.4644457,36.960000000000015,36.960000000000015,3.346879143321418,1.0833469469404062,inf,0,0,0,0,-1,inf,0,-1,0,0,6080,0,0,0,1688,4392,1.8277397465175511,4.094309413166095,False
following_lateral_offset,P2,9002,40,4.0,1.5,17.17219966313629,13.326311307296214,0.014408390537867497,6.190819496286018e-12,999999999.9938091,36.94500000000001,36.94140279202665,3.2755243524559634,1.001697487313039,inf,0,0,0,0,-1,inf,0,-1,0,0,6080,216,0,0,1523,4341,1.8277397465175511,4.094309413166095,False
following_lateral_offset,P3,9002,40,4.0,1.5,16.9213255913735,12.374270515195086,0.019267889857019577,4.494436249481042e-10,999999999.5505564,36.94500000000001,36.941569369653756,3.2827405246794332,1.0053747763851797,inf,0,0,0,0,-1,inf,0,-1,0,0,6080,193,0,0,1528,4359,1.8277397465175511,4.094309413166095,False
following_lateral_offset,P4,9002,40,4.0,1.5,15.486661514847958,1.4205159308820399,0.12058024320831025,0.005133067535554356,994866932.4644457,36.960000000000015,36.960000000000015,3.346879143321418,1.0833469469404062,inf,0,0,0,0,-1,inf,0,-1,0,0,6080,0,0,0,1688,4392,1.8277397465175511,4.094309413166095,False
following_lateral_offset,P0,9003,40,4.0,1.5,13.794741672064621,-19.294080326086625,0.15818197856287347,0.04126761536643494,958732384.6335652,37.18000000000002,37.176792317696524,3.201243473669079,0.8932275238116343,inf,0,0,0,0,-1,inf,2,38,0,2,6080,92,0,0,1703,4285,1.9068996853727835,4.167308936891915,False
following_lateral_offset,P1,9003,40,4.0,1.5,13.794741672064621,-19.294080326086625,0.15818197856287347,0.04126761536643494,958732384.6335652,37.18000000000002,37.176792317696524,3.201243473669079,0.8932275238116343,inf,0,0,0,0,-1,inf,2,38,0,2,6080,92,0,0,1703,4285,1.9068996853727835,4.167308936891915,False
following_lateral_offset,P2,9003,40,4.0,1.5,16.05994077078621,6.952861295932866,0.07100270272705894,0.00010194487864194154,999898055.1213582,37.00000000000002,36.99772915458122,3.261628104792366,0.8873670620211654,inf,0,0,0,0,-1,inf,1,38,0,1,6080,117,0,0,1555,4408,1.9068996853727835,4.167308936891915,False
following_lateral_offset,P3,9003,40,4.0,1.5,13.794741672064621,-19.294080326086625,0.15818197856287347,0.04126761536643494,958732384.6335652,37.18000000000002,37.176792317696524,3.201243473669079,0.8932275238116343,inf,0,0,0,0,-1,inf,2,38,0,2,6080,92,0,0,1703,4285,1.9068996853727835,4.167308936891915,False
following_lateral_offset,P4,9003,40,4.0,1.5,16.11152171609163,4.727889384335917,0.0695068936170465,0.0010129455753335025,998987054.4246666,37.00000000000001,36.99746964977643,3.2541774961727326,0.8873670620211654,inf,0,0,0,0,-1,inf,1,38,0,1,6080,138,0,0,1570,4372,1.9068996853727835,4.167308936891915,False
following_lateral_offset,P0,9004,40,4.0,1.5,15.448723737714468,2.832905962763455,0.12663546689903332,0.0034349945261326676,996565005.4738674,36.853333333333346,36.853333333333346,3.444054458209253,1.0365873095253928,inf,0,0,0,0,-1,inf,0,-1,0,0,6080,0,0,0,1571,4509,1.8217073995019,4.047051677859335,False
following_lateral_offset,P1,9004,40,4.0,1.5,15.448723737714468,2.832905962763455,0.12663546689903332,0.0034349945261326676,996565005.4738674,36.853333333333346,36.853333333333346,3.444054458209253,1.0365873095253928,inf,0,0,0,0,-1,inf,0,-1,0,0,6080,0,0,0,1571,4509,1.8217073995019,4.047051677859335,False
following_lateral_offset,P2,9004,40,4.0,1.5,16.132028839287308,4.98534754646931,0.08618306707462965,0.0007810099835372759,999218990.0164627,36.85333333333335,36.850640297510594,3.413387865949452,0.9570403693992734,inf,0,0,0,0,-1,inf,0,-1,0,0,6080,118,0,0,1465,4497,1.8217073995019,4.047051677859335,False
following_lateral_offset,P3,9004,40,4.0,1.5,15.96807512028048,4.44366688678533,0.09536639310220436,0.0011984399756458457,998801560.0243542,36.853333333333346,36.85200039727824,3.420240845460846,0.9830290254153136,inf,0,0,0,0,-1,inf,0,-1,0,0,6080,87,0,0,1491,4502,1.8217073995019,4.047051677859335,False
following_lateral_offset,P4,9004,40,4.0,1.5,16.537598846088837,11.46644979684956,0.02978597894023624,1.2815672993385595e-08,999999987.1843269,36.83333333333336,36.830531760390286,3.4045407351181636,1.0365873095253928,inf,0,0,0,0,-1,inf,0,-1,0,0,6080,141,0,0,1441,4498,1.8217073995019,4.047051677859335,False
following_lateral_offset,P0,9005,40,4.0,1.5,15.065205384097151,-3.7101795025471347,0.13716997467639613,0.01627375817472188,983726241.825278,36.82000000000002,36.81936856173452,3.486569982659368,1.0365873095253928,inf,0,0,0,0,-1,inf,0,-1,0,0,6080,23,0,0,1607,4450,1.7680371504148742,4.082494654630341,False
following_lateral_offset,P1,9005,40,4.0,1.5,15.065205384097151,-3.7101795025471347,0.13716997467639613,0.01627375817472188,983726241.825278,36.82000000000002,36.81936856173452,3.486569982659368,1.0365873095253928,inf,0,0,0,0,-1,inf,0,-1,0,0,6080,23,0,0,1607,4450,1.7680371504148742,4.082494654630341,False
following_lateral_offset,P2,9005,40,4.0,1.5,16.66503151674017,9.068580902982628,0.03591082996371045,4.0749906726412895e-06,999995925.0093273,36.82000000000003,36.81452794673978,3.4110760764071304,0.9830290254153136,inf,0,0,0,0,-1,inf,1,39,0,1,6080,166,0,0,1507,4407,1.7680371504148742,4.082494654630341,False
following_lateral_offset,P3,9005,40,4.0,1.5,16.66503151674017,9.068580902982628,0.03591082996371045,4.0749906726412895e-06,999995925.0093273,36.82000000000003,36.81452794673978,3.4110760764071304,0.9830290254153136,inf,0,0,0,0,-1,inf,1,39,0,1,6080,166,0,0,1507,4407,1.7680371504148742,4.082494654630341,False
following_lateral_offset,P4,9005,40,4.0,1.5,16.290474016399838,10.120885145029504,0.04351653053605774,5.603380887136369e-07,999999439.6619112,36.820000000000014,36.81768133823632,3.4270118619909775,1.0365873095253928,inf,0,0,0,0,-1,inf,1,39,0,1,6080,112,0,0,1553,4415,1.7680371504148742,4.082494654630341,False
following_lateral_offset,P0,9006,40,4.0,1.5,12.97106244239751,-26.068302861249705,0.16728665528341488,0.053983518632980385,946016481.3670197,37.72000000000001,37.71823950252928,2.734384509179045,0.6457142949327146,inf,0,0,0,0,-1,inf,4,37,0,4,6080,92,0,0,1872,4116,1.9421800103479252,4.437562231660171,False
following_lateral_offset,P1,9006,40,4.0,1.5,12.97106244239751,-26.068302861249705,0.16728665528341488,0.053983518632980385,946016481.3670197,37.72000000000001,37.71823950252928,2.734384509179045,0.6457142949327146,inf,0,0,0,0,-1,inf,4,37,0,4,6080,92,0,0,1872,4116,1.9421800103479252,4.437562231660171,False
following_lateral_offset,P2,9006,40,4.0,1.5,12.97106244239751,-26.068302861249705,0.16728665528341488,0.053983518632980385,946016481.3670197,37.72000000000001,37.71823950252928,2.734384509179045,0.6457142949327146,inf,0,0,0,0,-1,inf,4,37,0,4,6080,92,0,0,1872,4116,1.9421800103479252,4.437562231660171,False
following_lateral_offset,P3,9006,40,4.0,1.5,15.066817013550937,-2.49000249705,0.1407442439109448,0.01504967457512823,984950325.4248718,37.72000000000001,37.71793091987674,2.611153382588916,0.5326628311545423,inf,0,0,0,0,-1,inf,5,36,0,5,6080,118,0,0,1854,4108,1.9421800103479252,4.437562231660171,False
following_lateral_offset,P4,9006,40,4.0,1.5,15.066817013550937,-2.49000249705,0.1407442439109448,0.01504967457512823,984950325.4248718,37.72000000000001,37.71793091987674,2.611153382588916,0.5326628311545423,inf,0,0,0,0,-1,inf,5,36,0,5,6080,118,0,0,1854,4108,1.9421800103479252,4.437562231660171,False
following_lateral_offset,P0,9007,40,4.0,1.5,15.263130249801486,0.8535183900963794,0.13704342726910276,0.007875743180546737,992124256.8194532,37.000000000000014,37.000000000000014,3.310589071449357,1.0365873095253928,inf,0,0,0,0,-1,inf,1,40,0,1,6080,0,0,0,1591,4489,1.9396017326342752,4.366869286070957,False
following_lateral_offset,P1,9007,40,4.0,1.5,15.263130249801486,0.8535183900963794,0.13704342726910276,0.007875743180546737,992124256.8194532,37.000000000000014,37.000000000000014,3.310589071449357,1.0365873095253928,inf,0,0,0,0,-1,inf,1,40,0,1,6080,0,0,0,1591,4489,1.9396017326342752,4.366869286070957,False
following_lateral_offset,P2,9007,40,4.0,1.5,16.571592545137822,11.102477316067109,0.03283779254011486,8.002878790535007e-08,999999919.971212,36.97000000000002,36.967062717225275,3.271096939716649,0.9830290254153136,inf,0,0,0,0,-1,inf,1,40,0,1,6080,171,0,0,1428,4481,1.9396017326342752,4.366869286070957,False
following_lateral_offset,P3,9007,40,4.0,1.5,15.918986706790296,5.263171042238348,0.08976783866832677,0.0005847271485101096,999415272.85149,36.97000000000003,36.968563565043084,3.3096301641259247,0.9830290254153136,inf,0,0,0,0,-1,inf,1,40,0,1,6080,77,0,0,1517,4486,1.9396017326342752,4.366869286070957,False
following_lateral_offset,P4,9007,40,4.0,1.5,16.234254289344555,10.120885145029504,0.048007845440644806,1.1929751941785165e-06,999998807.0248058,36.97000000000002,36.96758336661251,3.2861910447511433,1.0365873095253928,inf,0,0,0,0,-1,inf,1,40,0,1,6080,118,0,0,1474,4488,1.9396017326342752,4.366869286070957,False
following_lateral_offset,P0,9008,40,4.0,1.5,14.896763568684705,-5.508132683533248,0.13743855725785548,0.023816554201236538,976183445.7987635,37.110000000000014,37.1089474105911,3.2367361223038835,0.9311801366484417,inf,0,0,0,0,-1,inf,1,39,0,1,6080,46,0,0,1633,4401,1.7831738194278899,4.136500871474583,False
following_lateral_offset,P1,9008,40,4.0,1.5,15.22054821939464,-0.8211025161172891,0.13498908489167935,0.011532000754918132,988467999.2450819,37.110000000000014,37.110000000000014,3.211245864146799,0.9311801366484417,inf,0,0,0,0,-1,inf,1,39,0,1,6080,0,0,0,1679,4401,1.7831738194278899,4.136500871474583,False
following_lateral_offset,P2,9008,40,4.0,1.5,17.282379705322573,10.595916253927939,0.020439043169998533,1.5433322233181385e-07,999999845.6667776,36.67000000000001,36.66631367234915,3.5365251220416356,1.1276511586637525,inf,0,0,0,0,-1,inf,0,-1,0,0,6080,232,0,0,1314,4534,1.7831738194278899,4.136500871474583,False
following_lateral_offset,P3,9008,40,4.0,1.5,16.19964436216684,4.58382444548106,0.0719686900529129,0.0010457954227448454,998954204.5772552,37.02000000000002,37.017711056801325,3.2422327608089176,0.9035728229796338,inf,0,0,0,0,-1,inf,1,39,0,1,6080,120,0,0,1525,4435,1.7831738194278899,4.136500871474583,False
following_lateral_offset,P4,9008,40,4.0,1.5,18.55341333142188,15.920396634459548,0.006840435327693875,1.719689139340304e-19,1000000000.0,36.61,36.595456632656685,3.5384470399824206,1.1345899063909148,inf,0,0,0,0,-1,inf,0,-1,0,0,6080,492,0,0,1120,4468,1.7831738194278899,4.136500871474583,False
following_lateral_offset,P0,9009,40,4.0,1.5,15.434426556718245,0.8535183900962586,0.12280347884712897,0.0060889254787582815,993911074.5212418,37.00000000000002,37.00000000000002,3.31058907144935,1.0823214464321327,inf,0,0,0,0,-1,inf,0,-1,0,0,6080,0,0,0,1579,4501,1.7224418192182853,3.9984919015509846,False
following_lateral_offset,P1,9009,40,4.0,1.5,15.434426556718245,0.8535183900962586,0.12280347884712897,0.0060889254787582815,993911074.5212418,37.00000000000002,37.00000000000002,3.31058907144935,1.0823214464321327,inf,0,0,0,0,-1,inf,0,-1,0,0,6080,0,0,0,1579,4501,1.7224418192182853,3.9984919015509846,False
following_lateral_offset,P2,9009,40,4.0,1.5,17.56618081466854,14.877007794355915,0.010379893815436362,5.774861664849309e-16,999999999.9999994,36.833333333333364,36.8259555799942,3.3599539904104687,1.0542295160139867,inf,0,0,0,0,-1,inf,0,-1,0,0,6080,296,0,0,1296,4488,1.7224418192182853,3.9984919015509846,False
following_lateral_offset,P3,9009,40,4.0,1.5,16.39402019571927,5.47806154141648,0.06633483008660102,0.0004494467397737247,999550553.2602262,36.900000000000006,36.89783195228423,3.3580203549893475,1.0542295160139867,inf,0,0,0,0,-1,inf,0,-1,0,0,6080,128,0,0,1443,4509,1.7224418192182853,3.9984919015509846,False
following_lateral_offset,P4,9009,40,4.0,1.5,15.434426556718245,0.8535183900962586,0.12280347884712897,0.0060889254787582815,993911074.5212418,37.00000000000002,37.00000000000002,3.31058907144935,1.0823214464321327,inf,0,0,0,0,-1,inf,0,-1,0,0,6080,0,0,0,1579,4501,1.7224418192182853,3.9984919015509846,False
following_lateral_offset,P0,9010,40,4.0,1.5,15.372346005889687,1.4205159308820399,0.13018647426521318,0.0055196800807072195,994480319.9192928,36.960000000000015,36.960000000000015,3.346879143321418,1.0365873095253928,inf,0,0,0,0,-1,inf,0,-1,0,0,6080,0,0,0,1561,4519,1.766760224737339,4.090673845711061,False
following_lateral_offset,P1,9010,40,4.0,1.5,15.372346005889687,1.4205159308820399,0.13018647426521318,0.0055196800807072195,994480319.9192928,36.960000000000015,36.960000000000015,3.346879143321418,1.0365873095253928,inf,0,0,0,0,-1,inf,0,-1,0,0,6080,0,0,0,1561,4519,1.766760224737339,4.090673845711061,False
following_lateral_offset,P2,9010,40,4.0,1.5,17.450046280107053,14.83618202997399,0.011441340107980947,1.7184645016908422e-15,999999999.9999983,36.83000000000001,36.823084521751184,3.366708658139322,0.9570403693992734,inf,0,0,0,0,-1,inf,0,-1,0,0,6080,289,0,0,1284,4507,1.766760224737339,4.090673845711061,False
following_lateral_offset,P3,9010,40,4.0,1.5,17.022144708088298,13.49433088663934,0.016516357145502113,4.529447666407243e-12,999999999.9954706,36.83000000000002,36.82656766215053,3.3858373861191744,0.9830290254153136,inf,0,0,0,0,-1,inf,0,-1,0,0,6080,213,0,0,1349,4518,1.766760224737339,4.090673845711061,False
following_lateral_offset,P4,9010,40,4.0,1.5,16.53996547366115,11.46644979684956,0.0296729316475147,1.256768989533581e-08,999999987.4323101,36.83000000000002,36.82720055268134,3.4076855726924955,1.0365873095253928,inf,0,0,0,0,-1,inf,0,-1,0,0,6080,141,0,0,1413,4526,1.766760224737339,4.090673845711061,False
following_lateral_offset,P0,9011,40,4.0,1.5,15.363725429290117,0.11400540868320519,0.1266194463231312,0.008001638640425522,991998361.3595746,37.05000000000001,37.05000000000001,3.2653483734511286,1.0231746190507875,inf,0,0,0,0,-1,inf,0,-1,0,0,6080,0,0,0,1596,4484,1.670234023426736,3.8544424832234063,False
following_lateral_offset,P1,9011,40,4.0,1.5,15.363725429290117,0.11400540868320519,0.1266194463231312,0.008001638640425522,991998361.3595746,37.05000000000001,37.05000000000001,3.2653483734511286,1.0231746190507875,inf,0,0,0,0,-1,inf,0,-1,0,0,6080,0,0,0,1596,4484,1.670234023426736,3.8544424832234063,False
following_lateral_offset,P2,9011,40,4.0,1.5,17.873645478448303,14.900183016712216,0.008865506392826086,4.759670554171935e-16,999999999.9999996,36.90000000000003,36.88844546808742,3.2723475256613255,1.0277436534095439,inf,0,0,0,0,-1,inf,0,-1,0,0,6080,391,0,0,1237,4452,1.670234023426736,3.8544424832234063,False
following_lateral_offset,P3,9011,40,4.0,1.5,16.979350497101002,8.87116898718607,0.023711491779957395,5.597803294170187e-06,999994402.1967058,36.90666666666668,36.9030273196374,3.3113011113700885,1.057370462478593,inf,0,0,0,0,-1,inf,0,-1,0,0,6080,217,0,0,1375,4488,1.670234023426736,3.8544424832234063,False
following_lateral_offset,P4,9011,40,4.0,1.5,15.363725429290117,0.11400540868320519,0.1266194463231312,0.008001638640425522,991998361.3595746,37.05000000000001,37.05000000000001,3.2653483734511286,1.0231746190507875,inf,0,0,0,0,-1,inf,0,-1,0,0,6080,0,0,0,1596,4484,1.670234023426736,3.8544424832234063,False
following_lateral_offset,P0,9012,40,4.0,1.5,15.842932611928731,3.9596790512913245,0.09503141479416148,0.001512191664986238,998487808.3350137,36.76000000000001,36.76000000000001,3.5295325469529133,1.2308571571457083,inf,0,0,0,0,-1,inf,0,-1,0,0,6080,0,0,0,1597,4483,1.7752639000756976,4.070058892455026,False
following_lateral_offset,P1,9012,40,4.0,1.5,15.842932611928731,3.9596790512913245,0.09503141479416148,0.001512191664986238,998487808.3350137,36.76000000000001,36.76000000000001,3.5295325469529133,1.2308571571457083,inf,0,0,0,0,-1,inf,0,-1,0,0,6080,0,0,0,1597,4483,1.7752639000756976,4.070058892455026,False
following_lateral_offset,P2,9012,40,4.0,1.5,15.996738523286222,4.345459109379828,0.08832752468827168,0.0011541514213316438,998845848.5786682,36.76000000000001,36.75954258440732,3.523391626243962,1.2274675050326185,inf,0,0,0,0,-1,inf,0,-1,0,0,6080,27,0,0,1574,4479,1.7752639000756976,4.070058892455026,False
following_lateral_offset,P3,9012,40,4.0,1.5,15.996738523286222,4.345459109379828,0.08832752468827168,0.0011541514213316438,998845848.5786682,36.76000000000001,36.75954258440732,3.523391626243962,1.2274675050326185,inf,0,0,0,0,-1,inf,0,-1,0,0,6080,27,0,0,1574,4479,1.7752639000756976,4.070058892455026,False
following_lateral_offset,P4,9012,40,4.0,1.5,19.029011543617962,16.137508032910766,0.005596693561100372,2.1021271652166512e-20,1000000000.0,36.41000000000002,36.39580525976725,3.716934516778843,1.3027464166759954,inf,0,0,0,0,-1,inf,0,-1,0,0,6080,547,0,0,1106,4427,1.7752639000756976,4.070058892455026,False
following_lateral_offset,P0,9013,40,4.0,1.5,15.658698308885477,2.874832085037905,0.10638115388630105,0.0025531076725293857,997446892.3274705,36.850000000000016,36.850000000000016,3.4471002306286223,1.1127731260537794,inf,0,0,0,0,-1,inf,0,-1,0,0,6080,0,0,0,1299,4781,1.981701932017885,4.444373793152747,False
following_lateral_offset,P1,9013,40,4.0,1.5,15.658698308885477,2.874832085037905,0.10638115388630105,0.0025531076725293857,997446892.3274705,36.850000000000016,36.850000000000016,3.4471002306286223,1.1127731260537794,inf,0,0,0,0,-1,inf,0,-1,0,0,6080,0,0,0,1299,4781,1.981701932017885,4.444373793152747,False
following_lateral_offset,P2,9013,40,4.0,1.5,16.422252228747084,6.758312152039974,0.06052419730492788,0.00012462505665255863,999875374.9433473,36.850000000000016,36.84823119166695,3.417440341162447,1.089369528104941,inf,0,0,0,0,-1,inf,0,-1,0,0,6080,111,0,0,1202,4767,1.981701932017885,4.444373793152747,False
following_lateral_offset,P3,9013,40,4.0,1.5,16.26637883196281,6.284751739776407,0.06914402643040524,0.00021072908935026733,999789270.9106497,36.85,36.848657530850616,3.4249884019041232,1.089369528104941,inf,0,0,0,0,-1,inf,0,-1,0,0,6080,89,0,0,1224,4767,1.981701932017885,4.444373793152747,False
following_lateral_offset,P4,9013,40,4.0,1.5,17.280529245190642,10.615839797325663,0.01590388942931237,1.2368654709491633e-07,999999876.313453,36.780000000000015,36.776123362372005,3.423490853520049,1.089369528104941,inf,0,0,0,0,-1,inf,0,-1,0,0,6080,241,0,0,1100,4739,1.981701932017885,4.444373793152747,False
following_lateral_offset,P0,9014,40,4.0,1.5,15.013502185211697,-1.9823839357631208,0.14796369562712858,0.014695995573217671,985304004.4267823,37.180000000000014,37.180000000000014,3.1483964172257473,0.9633469469404037,inf,0,0,0,0,-1,inf,0,-1,0,0,6080,0,0,0,1647,4433,1.756685556084228,4.128074026068781,False
following_lateral_offset,P1,9014,40,4.0,1.5,15.013502185211697,-1.9823839357631208,0.14796369562712858,0.014695995573217671,985304004.4267823,37.180000000000014,37.180000000000014,3.1483964172257473,0.9633469469404037,inf,0,0,0,0,-1,inf,0,-1,0,0,6080,0,0,0,1647,4433,1.756685556084228,4.128074026068781,False
following_lateral_offset,P2,9014,40,4.0,1.5,16.601071904229705,10.86570728213876,0.03048198910200776,1.0640486946560896e-07,999999893.5951306,37.06000000000002,37.056854001065595,3.1786721859045013,0.9066083727400118,inf,0,0,0,0,-1,inf,0,-1,0,0,6080,188,0,0,1442,4450,1.756685556084228,4.128074026068781,False
following_lateral_offset,P3,9014,40,4.0,1.5,16.309875559579325,5.299738201803901,0.05359234251388587,0.0004224420920401628,999577557.9079597,37.06000000000002,37.05706507311713,3.1870337313018497,0.9066083727400118,inf,0,0,0,0,-1,inf,0,-1,0,0,6080,168,0,0,1462,4450,1.756685556084228,4.128074026068781,False
following_lateral_offset,P4,9014,40,4.0,1.5,16.304212475854328,5.3111132980618585,0.05147090497033015,0.00041857609931051623,999581423.9006895,37.06000000000002,37.05706583754879,3.186560932481468,0.9249829881932566,inf,0,0,0,0,-1,inf,0,-1,0,0,6080,164,0,0,1462,4454,1.756685556084228,4.128074026068781,False
following_lateral_offset,P0,9015,40,4.0,1.5,13.966591549045102,-8.221278256308764,0.17283146184165327,0.04619459388714943,953805406.1128505,37.24000000000002,37.23814879926061,3.1433678577561417,0.8586175207391642,inf,0,0,0,0,-1,inf,4,36,0,4,6080,95,0,0,1930,4055,1.8995312191166895,4.306306944201667,False
following_lateral_offset,P1,9015,40,4.0,1.5,13.966591549045102,-8.221278256308764,0.17283146184165327,0.04619459388714943,953805406.1128505,37.24000000000002,37.23814879926061,3.1433678577561417,0.8586175207391642,inf,0,0,0,0,-1,inf,4,36,0,4,6080,95,0,0,1930,4055,1.8995312191166895,4.306306944201667,False
following_lateral_offset,P2,9015,40,4.0,1.5,16.10616853063568,7.937755699734712,0.06630007488911678,5.625815741161091e-05,999943741.8425884,37.240000000000016,37.237242888414066,3.0223212526102987,0.7960829522317803,inf,0,0,0,0,-1,inf,6,35,0,6,6080,161,0,0,1944,3975,1.8995312191166895,4.306306944201667,False
following_lateral_offset,P3,9015,40,4.0,1.5,16.10616853063568,7.937755699734712,0.06630007488911678,5.625815741161091e-05,999943741.8425884,37.240000000000016,37.237242888414066,3.0223212526102987,0.7960829522317803,inf,0,0,0,0,-1,inf,6,35,0,6,6080,161,0,0,1944,3975,1.8995312191166895,4.306306944201667,False
following_lateral_offset,P4,9015,40,4.0,1.5,16.10616853063568,7.937755699734712,0.06630007488911678,5.625815741161091e-05,999943741.8425884,37.240000000000016,37.237242888414066,3.0223212526102987,0.7960829522317803,inf,0,0,0,0,-1,inf,6,35,0,6,6080,161,0,0,1944,3975,1.8995312191166895,4.306306944201667,False
following_lateral_offset,P0,9016,40,4.0,1.5,15.539399206257468,4.852130628736312,0.12120625117949153,0.0015287691644995211,998471230.8355005,36.680000000000014,36.680000000000014,3.6031097679643214,1.0365873095253928,inf,0,0,0,0,-1,inf,0,-1,0,0,6080,0,0,0,1272,4808,1.869212881245237,4.183759337828542,False
following_lateral_offset,P1,9016,40,4.0,1.5,15.539399206257468,4.852130628736312,0.12120625117949153,0.0015287691644995211,998471230.8355005,36.680000000000014,36.680000000000014,3.6031097679643214,1.0365873095253928,inf,0,0,0,0,-1,inf,0,-1,0,0,6080,0,0,0,1272,4808,1.869212881245237,4.183759337828542,False
following_lateral_offset,P2,9016,40,4.0,1.5,16.052743436898716,6.334800201830685,0.08738869954072934,0.000357414324679061,999642585.6753209,36.680000000000014,36.678668791195435,3.580128216404949,0.9830290254153136,inf,0,0,0,0,-1,inf,0,-1,0,0,6080,87,0,0,1198,4795,1.869212881245237,4.183759337828542,False
following_lateral_offset,P3,9016,40,4.0,1.5,15.88564937172832,5.841323616317322,0.09890493824004795,0.0006106743482790591,999389325.6517208,36.680000000000014,36.67910066554531,3.5879039920280085,0.9830290254153136,inf,0,0,0,0,-1,inf,0,-1,0,0,6080,59,0,0,1226,4795,1.869212881245237,4.183759337828542,False
following_lateral_offset,P4,9016,40,4.0,1.5,16.586180369277468,11.46644979684956,0.027765164630644344,1.0876761820250696e-08,999999989.1232383,36.68000000000003,36.677296205778795,3.549559338696982,1.0365873095253928,inf,0,0,0,0,-1,inf,0,-1,0,0,6080,135,0,0,1168,4777,1.869212881245237,4.183759337828542,False
following_lateral_offset,P0,9017,40,4.0,1.5,15.307043818085594,-5.229791855122407,0.12088108559841296,0.012248442090038687,987751557.9099613,37.04000000000002,37.04000000000002,3.2743854385212314,0.9865306258530551,inf,0,0,0,0,-1,inf,0,-1,0,0,6080,0,0,0,1698,4382,1.8228974527554247,4.255027039391308,False
following_lateral_offset,P1,9017,40,4.0,1.5,15.307043818085594,-5.229791855122407,0.12088108559841296,0.012248442090038687,987751557.9099613,37.04000000000002,37.04000000000002,3.2743854385212314,0.9865306258530551,inf,0,0,0,0,-1,inf,0,-1,0,0,6080,0,0,0,1698,4382,1.8228974527554247,4.255027039391308,False
following_lateral_offset,P2,9017,40,4.0,1.5,17.613269680939275,15.509241643363094,0.009742567043191755,7.304014421359461e-18,1000000000.0,36.78000000000002,36.7731532477214,3.40679545050908,1.109850582825969,inf,0,0,0,0,-1,inf,0,-1,0,0,6080,298,0,0,1364,4418,1.8228974527554247,4.255027039391308,False
following_lateral_offset,P3,9017,40,4.0,1.5,16.48583530725825,8.858484304531903,0.046520042354177005,6.7748422874139896e-06,999993225.1577126,36.900000000000006,36.897832328234024,3.358132018695652,1.0669583221489962,inf,0,0,0,0,-1,inf,0,-1,0,0,6080,130,0,0,1502,4448,1.8228974527554247,4.255027039391308,False
following_lateral_offset,P4,9017,40,4.0,1.5,17.436182455954576,11.008591718447011,0.014186018573014098,4.155653988242737e-08,999999958.4434601,36.78000000000002,36.774946632666236,3.4171871785616452,1.1074269928980807,inf,0,0,0,0,-1,inf,0,-1,0,0,6080,271,0,0,1389,4420,1.8228974527554247,4.255027039391308,False
following_lateral_offset,P0,9018,40,4.0,1.5,15.554979026003696,0.9972739230048191,0.11558926836950963,0.005811774350880591,994188225.6491196,36.98999999999999,36.98999999999999,3.319653596386236,1.0114285864691779,inf,0,0,0,0,-1,inf,0,-1,0,0,6080,0,0,0,1497,4583,1.91662785355989,4.3680535268931,False
following_lateral_offset,P1,9018,40,4.0,1.5,15.554979026003696,0.9972739230048191,0.11558926836950963,0.005811774350880591,994188225.6491196,36.98999999999999,36.98999999999999,3.319653596386236,1.0114285864691779,inf,0,0,0,0,-1,inf,0,-1,0,0,6080,0,0,0,1497,4583,1.91662785355989,4.3680535268931,False
following_lateral_offset,P2,9018,40,4.0,1.5,16.889505525385765,11.974072614903424,0.019668720884764606,1.908022085818758e-09,999999998.0919781,36.959999999999965,36.95701763195827,3.277356914764957,0.9185795352947937,inf,0,0,0,0,-1,inf,0,-1,0,0,6080,165,0,0,1340,4575,1.91662785355989,4.3680535268931,False
following_lateral_offset,P3,9018,40,4.0,1.5,16.637472277333167,10.921882228370563,0.028583518339215776,6.815428645422865e-08,999999931.8457134,36.95999999999998,36.957252258771966,3.2854938963065967,0.9227038540570158,inf,0,0,0,0,-1,inf,0,-1,0,0,6080,142,0,0,1363,4575,1.91662785355989,4.3680535268931,False
following_lateral_offset,P4,9018,40,4.0,1.5,16.520894674672302,6.368290644848443,0.04051849423769584,0.00016404646170942302,999835953.5382906,36.959999999999994,36.95725168664189,3.285254364475745,0.9227416322365388,inf,0,0,0,0,-1,inf,0,-1,0,0,6080,142,0,0,1363,4575,1.91662785355989,4.3680535268931,False
following_lateral_offset,P0,9019,40,4.0,1.5,15.229617932329342,-5.927976882995356,0.12623209297868127,0.013130188912224486,986869811.0877755,37.09000000000001,37.09000000000001,3.2292568804602615,0.9231746190507916,inf,0,0,0,0,-1,inf,0,-1,0,0,6080,0,0,0,1533,4547,1.9201337927204647,4.433619742590105,False
following_lateral_offset,P1,9019,40,4.0,1.5,15.229617932329342,-5.927976882995356,0.12623209297868127,0.013130188912224486,986869811.0877755,37.09000000000001,37.09000000000001,3.2292568804602615,0.9231746190507916,inf,0,0,0,0,-1,inf,0,-1,0,0,6080,0,0,0,1533,4547,1.9201337927204647,4.433619742590105,False
following_lateral_offset,P2,9019,40,4.0,1.5,15.405500287981019,-5.277591680049639,0.11764733256917134,0.011892641601183147,988107358.3988168,37.09000000000001,37.08952604805408,3.220884987195777,0.9175145164735246,inf,0,0,0,0,-1,inf,0,-1,0,0,6080,23,0,0,1514,4543,1.9201337927204647,4.433619742590105,False
following_lateral_offset,P3,9019,40,4.0,1.5,15.405500287981019,-5.277591680049639,0.11764733256917134,0.011892641601183147,988107358.3988168,37.09000000000001,37.08952604805408,3.220884987195777,0.9175145164735246,inf,0,0,0,0,-1,inf,0,-1,0,0,6080,23,0,0,1514,4543,1.9201337927204647,4.433619742590105,False
following_lateral_offset,P4,9019,40,4.0,1.5,16.429633178199204,6.1996121345326,0.04396527853495457,0.0001934949202346625,999806505.0797653,37.02000000000002,37.017022000232764,3.227857287322114,0.8910174793651258,inf,0,0,0,0,-1,inf,0,-1,0,0,6080,144,0,0,1367,4569,1.9201337927204647,4.433619742590105,False
lane_choice,P0,9000,40,4.0,1.5,-1.4841772517946126,-13.800125353527465,0.7112488585418857,0.27149979741639463,728500202.5836054,12.99999999999999,12.882786325056207,16.782438462261936,inf,1.5013499953110632,0,0,0,0,-1,inf,0,-1,0,0,6080,1879,0,1762,0,2439,2.029125558473347,4.66962881291847,False
lane_choice,P1,9000,40,4.0,1.5,11.415283391778743,7.917465961148334,0.1974985300149305,9.757018575009285e-05,999902429.81425,12.999999999999991,12.91210617836171,16.755131274768452,6.1060366622275195,1.5001885304115121,0,0,0,0,-1,inf,0,-1,0,0,6080,1784,0,1780,0,2516,2.029125558473347,4.66962881291847,False
lane_choice,P2,9000,40,4.0,1.5,12.07815978933448,8.783780876789407,0.14867584991876967,1.6790858746630924e-05,999983209.1412532,12.99999999999999,12.905382024182275,16.74847084715829,6.1060366622275195,1.502980198132632,0,0,0,0,-1,inf,0,-1,0,0,6080,1651,0,1763,0,2666,2.029125558473347,4.66962881291847,False
lane_choice,P3,9000,40,4.0,1.5,12.076728932495755,9.263228055490746,0.13843144961890505,8.189156185971114e-06,999991810.8438139,12.99999999999999,12.911716648644994,16.757163456939804,6.1060366622275195,1.5028868179940864,0,0,0,0,-1,inf,0,-1,0,0,6080,1729,0,1751,0,2600,2.029125558473347,4.66962881291847,False
lane_choice,P4,9000,40,4.0,1.5,12.011930681626641,8.339167020023577,0.15681014940403565,3.197086409443261e-05,999968029.1359055,12.99999999999999,12.903358507552323,16.74847084715829,6.1060366622275195,1.508038196389593,0,0,0,0,-1,inf,0,-1,0,0,6080,1616,0,1788,0,2676,2.029125558473347,4.66962881291847,False
lane_choice,P0,9001,40,4.0,1.5,-1.4841772517946126,-13.800125353527465,0.7112488585418857,0.27149979741639463,728500202.5836054,12.99999999999999,12.882786325056207,16.782438462261936,inf,1.5013499953110632,0,0,0,0,-1,inf,0,-1,0,0,6080,1879,0,1762,0,2439,1.9577667412643556,4.5736679661701585,False
lane_choice,P1,9001,40,4.0,1.5,11.435182525296545,8.012373056845629,0.19517708609454484,8.383575704004449e-05,999916164.24296,12.99999999999999,12.910819574708963,16.753017151880435,6.1060366622275195,1.501167547298801,0,0,0,0,-1,inf,0,-1,0,0,6080,1768,0,1784,0,2528,1.9577667412643556,4.5736679661701585,False
lane_choice,P2,9001,40,4.0,1.5,12.008701804632036,8.229738049872287,0.15881413145339823,3.7394747089857576e-05,999962605.2529103,12.999999999999991,12.904499009576284,16.74847084715829,6.1060366622275195,1.5001177930900464,0,0,0,0,-1,inf,0,-1,0,0,6080,1612,0,1861,0,2607,1.9577667412643556,4.5736679661701585,False
lane_choice,P3,9001,40,4.0,1.5,11.435182525296545,8.012373056845629,0.19517708609454484,8.383575704004449e-05,999916164.24296,12.99999999999999,12.910819574708963,16.753017151880435,6.1060366622275195,1.501167547298801,0,0,0,0,-1,inf,0,-1,0,0,6080,1768,0,1784,0,2528,1.9577667412643556,4.5736679661701585,False
lane_choice,P4,9001,40,4.0,1.5,12.011930681626641,8.339167020023577,0.15681014940403565,3.197086409443261e-05,999968029.1359055,12.99999999999999,12.903358507552323,16.74847084715829,6.1060366622275195,1.508038196389593,0,0,0,0,-1,inf,0,-1,0,0,6080,1616,0,1788,0,2676,1.9577667412643556,4.5736679661701585,False
lane_choice,P0,9002,40,4.0,1.5,-1.4841772517946126,-13.800125353527465,0.7112488585418857,0.27149979741639463,728500202.5836054,12.99999999999999,12.882786325056207,16.782438462261936,inf,1.5013499953110632,0,0,0,0,-1,inf,0,-1,0,0,6080,1879,0,1762,0,2439,1.8498662915709285,4.259405347310816,False
lane_choice,P1,9002,40,4.0,1.5,11.415283391778743,7.917465961148334,0.1974985300149305,9.757018575009285e-05,999902429.81425,12.999999999999991,12.91210617836171,16.755131274768452,6.1060366622275195,1.5001885304115121,0,0,0,0,-1,inf,0,-1,0,0,6080,1784,0,1780,0,2516,1.8498662915709285,4.259405347310816,False
lane_choice,P2,9002,40,4.0,1.5,11.028111337726806,7.23980144955763,0.24191058486635467,0.00019969995777805268,999800300.0422218,12.99999999999999,12.897486192459832,16.743070553705927,6.1060366622275195,1.504848049346676,0,0,0,0,-1,inf,0,-1,0,0,6080,1594,0,1882,0,2604,1.8498662915709285,4.259405347310816,False
lane_choice,P3,9002,40,4.0,1.5,11.957187492873938,8.479828962353654,0.15821367999825334,2.6711618496039258e-05,999973288.381504,12.999999999999991,12.900504861170035,16.746449236149434,6.1060366622275195,1.5099068651872138,0,0,0,0,-1,inf,0,-1,0,0,6080,1576,0,1824,0,2680,1.8498662915709285,4.259405347310816,False
lane_choice,P4,9002,40,4.0,1.5,12.011930681626641,8.339167020023577,0.15681014940403565,3.197086409443261e-05,999968029.1359055,12.99999999999999,12.903358507552323,16.74847084715829,6.1060366622275195,1.508038196389593,0,0,0,0,-1,inf,0,-1,0,0,6080,1616,0,1788,0,2676,1.8498662915709285,4.259405347310816,False
lane_choice,P0,9003,40,4.0,1.5,-1.4841772517946126,-13.800125353527465,0.7112488585418857,0.27149979741639463,728500202.5836054,12.99999999999999,12.882786325056207,16.782438462261936,inf,1.5013499953110632,0,0,0,0,-1,inf,0,-1,0,0,6080,1879,0,1762,0,2439,1.9381424965602363,4.4720647876721955,False
lane_choice,P1,9003,40,4.0,1.5,11.415283391778743,7.917465961148334,0.1974985300149305,9.757018575009285e-05,999902429.81425,12.999999999999991,12.91210617836171,16.755131274768452,6.1060366622275195,1.5001885304115121,0,0,0,0,-1,inf,0,-1,0,0,6080,1784,0,1780,0,2516,1.9381424965602363,4.4720647876721955,False
lane_choice,P2,9003,40,4.0,1.5,10.770105304555937,7.155063173351711,0.2733025459464627,0.0004579120371930109,999542087.962807,12.999999999999988,12.911372753138188,16.753017151880435,6.1060366622275195,1.5017602450667762,0,0,0,0,-1,inf,0,-1,0,0,6080,1835,0,1728,0,2517,1.9381424965602363,4.4720647876721955,False
lane_choice,P3,9003,40,4.0,1.5,11.761369247674176,8.763759785661756,0.16494697501400696,2.2891689134287736e-05,999977108.3108658,12.99999999999999,12.909748525722138,16.7508040885184,6.1060366622275195,1.500368498496405,0,0,0,0,-1,inf,0,-1,0,0,6080,1706,0,1817,0,2557,1.9381424965602363,4.4720647876721955,False
lane_choice,P4,9003,40,4.0,1.5,12.011930681626641,8.339167020023577,0.15681014940403565,3.197086409443261e-05,999968029.1359055,12.99999999999999,12.903358507552323,16.74847084715829,6.1060366622275195,1.508038196389593,0,0,0,0,-1,inf,0,-1,0,0,6080,1616,0,1788,0,2676,1.9381424965602363,4.4720647876721955,False
lane_choice,P0,9004,40,4.0,1.5,-1.4841772517946126,-13.800125353527465,0.7112488585418857,0.27149979741639463,728500202.5836054,12.99999999999999,12.882786325056207,16.782438462261936,inf,1.5013499953110632,0,0,0,0,-1,inf,0,-1,0,0,6080,1879,0,1762,0,2439,1.9527272637700872,4.528901061361135,False
lane_choice,P1,9004,40,4.0,1.5,11.415283391778743,7.917465961148334,0.1974985300149305,9.757018575009285e-05,999902429.81425,12.999999999999991,12.91210617836171,16.755131274768452,6.1060366622275195,1.5001885304115121,0,0,0,0,-1,inf,0,-1,0,0,6080,1784,0,1780,0,2516,1.9527272637700872,4.528901061361135,False
lane_choice,P2,9004,40,4.0,1.5,11.272316043486196,7.844264988462617,0.21469494542599654,0.00012119080085557692,999878809.1991444,12.99999999999999,12.911082833631983,16.753017151880435,6.1060366622275195,1.5010204144252062,0,0,0,0,-1,inf,0,-1,0,0,6080,1786,0,1785,0,2509,1.9527272637700872,4.528901061361135,False
lane_choice,P3,9004,40,4.0,1.5,11.946263706406146,9.238320755861485,0.15402062385469292,1.3564703045248826e-05,999986435.2969548,12.99999999999999,12.906029403435662,16.747476673586238,6.1060366622275195,1.5003194677257392,0,0,0,0,-1,inf,0,-1,0,0,6080,1653,0,1877,0,2550,1.9527272637700872,4.528901061361135,False
lane_choice,P4,9004,40,4.0,1.5,12.011930681626641,8.339167020023577,0.15681014940403565,3.197086409443261e-05,999968029.1359055,12.99999999999999,12.903358507552323,16.74847084715829,6.1060366622275195,1.508038196389593,0,0,0,0,-1,inf,0,-1,0,0,6080,1616,0,1788,0,2676,1.9527272637700872,4.528901061361135,False
lane_choice,P0,9005,40,4.0,1.5,-1.4841772517946126,-13.800125353527465,0.7112488585418857,0.27149979741639463,728500202.5836054,12.99999999999999,12.882786325056207,16.782438462261936,inf,1.5013499953110632,0,0,0,0,-1,inf,0,-1,0,0,6080,1879,0,1762,0,2439,1.758726241371972,4.242788529118885,False
lane_choice,P1,9005,40,4.0,1.5,11.415283391778743,7.917465961148334,0.1974985300149305,9.757018575009285e-05,999902429.81425,12.999999999999991,12.91210617836171,16.755131274768452,6.1060366622275195,1.5001885304115121,0,0,0,0,-1,inf,0,-1,0,0,6080,1784,0,1780,0,2516,1.758726241371972,4.242788529118885,False
lane_choice,P2,9005,40,4.0,1.5,12.008701804632036,8.229738049872287,0.15881413145339823,3.7394747089857576e-05,999962605.2529103,12.999999999999991,12.904499009576284,16.74847084715829,6.1060366622275195,1.5001177930900464,0,0,0,0,-1,inf,0,-1,0,0,6080,1612,0,1861,0,2607,1.758726241371972,4.242788529118885,False
lane_choice,P3,9005,40,4.0,1.5,11.415283391778743,7.917465961148334,0.1974985300149305,9.757018575009285e-05,999902429.81425,12.999999999999991,12.91210617836171,16.755131274768452,6.1060366622275195,1.5001885304115121,0,0,0,0,-1,inf,0,-1,0,0,6080,1784,0,1780,0,2516,1.758726241371972,4.242788529118885,False
lane_choice,P4,9005,40,4.0,1.5,12.011930681626641,8.339167020023577,0.15681014940403565,3.197086409443261e-05,999968029.1359055,12.99999999999999,12.903358507552323,16.74847084715829,6.1060366622275195,1.508038196389593,0,0,0,0,-1,inf,0,-1,0,0,6080,1616,0,1788,0,2676,1.758726241371972,4.242788529118885,False
lane_choice,P0,9006,40,4.0,1.5,-1.4841772517946126,-13.800125353527465,0.7112488585418857,0.27149979741639463,728500202.5836054,12.99999999999999,12.882786325056207,16.782438462261936,inf,1.5013499953110632,0,0,0,0,-1,inf,0,-1,0,0,6080,1879,0,1762,0,2439,1.9412977003763452,4.5573602831183795,False
lane_choice,P1,9006,40,4.0,1.5,11.43164033473314,7.97072833400294,0.19631392238432374,8.974218320885683e-05,999910257.8167912,12.99999999999999,12.911978679206724,16.755131274768452,6.1060366622275195,1.5002839596935633,0,0,0,0,-1,inf,0,-1,0,0,6080,1777,0,1784,0,2519,1.9412977003763452,4.5573602831183795,False
lane_choice,P2,9006,40,4.0,1.5,3.6528413593923803,-9.323983547960253,0.6022828479467119,0.18828540351882672,811714596.4811733,12.999999999999991,12.8907238293399,16.747476673586238,6.1060366622275195,1.5033409140563228,0,0,0,0,-1,inf,0,-1,0,0,6080,2002,0,1697,0,2381,1.9412977003763452,4.5573602831183795,False
lane_choice,P3,9006,40,4.0,1.5,11.745317892373032,8.685339274074892,0.16510820070869775,2.5949230389124718e-05,999974050.769611,12.999999999999996,12.910190221619104,16.75414086214862,6.1060366622275195,1.5000540543503091,0,0,0,0,-1,inf,0,-1,0,0,6080,1704,0,1816,0,2560,1.9412977003763452,4.5573602831183795,False
lane_choice,P4,9006,40,4.0,1.5,12.011930681626641,8.339167020023577,0.15681014940403565,3.197086409443261e-05,999968029.1359055,12.99999999999999,12.903358507552323,16.74847084715829,6.1060366622275195,1.508038196389593,0,0,0,0,-1,inf,0,-1,0,0,6080,1616,0,1788,0,2676,1.9412977003763452,4.5573602831183795,False
lane_choice,P0,9007,40,4.0,1.5,-1.4841772517946126,-13.800125353527465,0.7112488585418857,0.27149979741639463,728500202.5836054,12.99999999999999,12.882786325056207,16.782438462261936,inf,1.5013499953110632,0,0,0,0,-1,inf,0,-1,0,0,6080,1879,0,1762,0,2439,1.919373541678981,4.460609253518941,False
lane_choice,P1,9007,40,4.0,1.5,11.761369247674176,8.763759785661756,0.16494697501400696,2.2891689134287736e-05,999977108.3108658,12.99999999999999,12.909748525722138,16.7508040885184,6.1060366622275195,1.500368498496405,0,0,0,0,-1,inf,0,-1,0,0,6080,1706,0,1817,0,2557,1.919373541678981,4.460609253518941,False
lane_choice,P2,9007,40,4.0,1.5,12.003801535674015,8.30317609867053,0.15770970069748805,3.362030996009834e-05,999966379.6900399,12.999999999999993,12.90378423508218,16.747476673586238,6.1060366622275195,1.5006896560409806,0,0,0,0,-1,inf,0,-1,0,0,6080,1603,0,1869,0,2608,1.919373541678981,4.460609253518941,False
lane_choice,P3,9007,40,4.0,1.5,11.967059743362135,8.4329418123197,0.1586427196786054,2.8490085230152824e-05,999971509.9147699,12.999999999999993,12.90133401449049,16.747476673586238,6.1060366622275195,1.5092503614896562,0,0,0,0,-1,inf,0,-1,0,0,6080,1585,0,1817,0,2678,1.919373541678981,4.460609253518941,False
lane_choice,P4,9007,40,4.0,1.5,12.011930681626641,8.339167020023577,0.15681014940403565,3.197086409443261e-05,999968029.1359055,12.99999999999999,12.903358507552323,16.74847084715829,6.1060366622275195,1.508038196389593,0,0,0,0,-1,inf,0,-1,0,0,6080,1616,0,1788,0,2676,1.919373541678981,4.460609253518941,False
lane_choice,P0,9008,40,4.0,1.5,-1.4841772517946126,-13.800125353527465,0.7112488585418857,0.27149979741639463,728500202.5836054,12.99999999999999,12.882786325056207,16.782438462261936,inf,1.5013499953110632,0,0,0,0,-1,inf,0,-1,0,0,6080,1879,0,1762,0,2439,1.9017855362211904,4.534932778662671,False
lane_choice,P1,9008,40,4.0,1.5,11.415283391778743,7.917465961148334,0.1974985300149305,9.757018575009285e-05,999902429.81425,12.999999999999991,12.91210617836171,16.755131274768452,6.1060366622275195,1.5001885304115121,0,0,0,0,-1,inf,0,-1,0,0,6080,1784,0,1780,0,2516,1.9017855362211904,4.534932778662671,False
lane_choice,P2,9008,40,4.0,1.5,12.003801535674015,8.30317609867053,0.15770970069748805,3.362030996009834e-05,999966379.6900399,12.999999999999993,12.90378423508218,16.747476673586238,6.1060366622275195,1.5006896560409806,0,0,0,0,-1,inf,0,-1,0,0,6080,1603,0,1869,0,2608,1.9017855362211904,4.534932778662671,False
lane_choice,P3,9008,40,4.0,1.5,12.023936119321124,9.136985536205104,0.14269111116874683,1.0637499126205956e-05,999989362.5008739,12.99999999999999,12.911716648644994,16.757163456939804,6.1060366622275195,1.5028868179940864,0,0,0,0,-1,inf,0,-1,0,0,6080,1729,0,1751,0,2600,1.9017855362211904,4.534932778662671,False
lane_choice,P4,9008,40,4.0,1.5,12.011930681626641,8.339167020023577,0.15681014940403565,3.197086409443261e-05,999968029.1359055,12.99999999999999,12.903358507552323,16.74847084715829,6.1060366622275195,1.508038196389593,0,0,0,0,-1,inf,0,-1,0,0,6080,1616,0,1788,0,2676,1.9017855362211904,4.534932778662671,False
lane_choice,P0,9009,40,4.0,1.5,-1.4841772517946126,-13.800125353527465,0.7112488585418857,0.27149979741639463,728500202.5836054,12.99999999999999,12.882786325056207,16.782438462261936,inf,1.5013499953110632,0,0,0,0,-1,inf,0,-1,0,0,6080,1879,0,1762,0,2439,1.7500594111147367,4.220654627067576,False
lane_choice,P1,9009,40,4.0,1.5,11.415283391778743,7.917465961148334,0.1974985300149305,9.757018575009285e-05,999902429.81425,12.999999999999991,12.91210617836171,16.755131274768452,6.1060366622275195,1.5001885304115121,0,0,0,0,-1,inf,0,-1,0,0,6080,1784,0,1780,0,2516,1.7500594111147367,4.220654627067576,False
lane_choice,P2,9009,40,4.0,1.5,11.716477214786526,7.746483206623606,0.18069851313027172,7.952567790053056e-05,999920474.3220994,12.999999999999993,12.901956790544096,16.746449236149434,6.1060366622275195,1.51015467471698,0,0,0,0,-1,inf,0,-1,0,0,6080,1634,0,1817,0,2629,1.7500594111147367,4.220654627067576,False
lane_choice,P3,9009,40,4.0,1.5,11.745317892373032,8.685339274074892,0.16510820070869775,2.5949230389124718e-05,999974050.769611,12.999999999999996,12.910190221619104,16.75414086214862,6.1060366622275195,1.5000540543503091,0,0,0,0,-1,inf,0,-1,0,0,6080,1704,0,1816,0,2560,1.7500594111147367,4.220654627067576,False
lane_choice,P4,9009,40,4.0,1.5,12.011930681626641,8.339167020023577,0.15681014940403565,3.197086409443261e-05,999968029.1359055,12.99999999999999,12.903358507552323,16.74847084715829,6.1060366622275195,1.508038196389593,0,0,0,0,-1,inf,0,-1,0,0,6080,1616,0,1788,0,2676,1.7500594111147367,4.220654627067576,False
lane_choice,P0,9010,40,4.0,1.5,-1.4841772517946126,-13.800125353527465,0.7112488585418857,0.27149979741639463,728500202.5836054,12.99999999999999,12.882786325056207,16.782438462261936,inf,1.5013499953110632,0,0,0,0,-1,inf,0,-1,0,0,6080,1879,0,1762,0,2439,1.7713305110539124,4.268821640627037,False
lane_choice,P1,9010,40,4.0,1.5,11.415283391778743,7.917465961148334,0.1974985300149305,9.757018575009285e-05,999902429.81425,12.999999999999991,12.91210617836171,16.755131274768452,6.1060366622275195,1.5001885304115121,0,0,0,0,-1,inf,0,-1,0,0,6080,1784,0,1780,0,2516,1.7713305110539124,4.268821640627037,False
lane_choice,P2,9010,40,4.0,1.5,12.014251034487225,8.229738049872287,0.1584477921853936,3.731306736108154e-05,999962686.9326389,12.999999999999991,12.904499009576284,16.74847084715829,6.1060366622275195,1.5001177930900464,0,0,0,0,-1,inf,0,-1,0,0,6080,1597,0,1876,0,2607,1.7713305110539124,4.268821640627037,False
lane_choice,P3,9010,40,4.0,1.5,11.415283391778743,7.917465961148334,0.1974985300149305,9.757018575009285e-05,999902429.81425,12.999999999999991,12.91210617836171,16.755131274768452,6.1060366622275195,1.5001885304115121,0,0,0,0,-1,inf,0,-1,0,0,6080,1784,0,1780,0,2516,1.7713305110539124,4.268821640627037,False
lane_choice,P4,9010,40,4.0,1.5,12.011930681626641,8.339167020023577,0.15681014940403565,3.197086409443261e-05,999968029.1359055,12.99999999999999,12.903358507552323,16.74847084715829,6.1060366622275195,1.508038196389593,0,0,0,0,-1,inf,0,-1,0,0,6080,1616,0,1788,0,2676,1.7713305110539124,4.268821640627037,False
lane_choice,P0,9011,40,4.0,1.5,-1.4841772517946126,-13.800125353527465,0.7112488585418857,0.27149979741639463,728500202.5836054,12.99999999999999,12.882786325056207,16.782438462261936,inf,1.5013499953110632,0,0,0,0,-1,inf,0,-1,0,0,6080,1879,0,1762,0,2439,1.7436137995682202,4.189080685436053,False
lane_choice,P1,9011,40,4.0,1.5,11.415283391778743,7.917465961148334,0.1974985300149305,9.757018575009285e-05,999902429.81425,12.999999999999991,12.91210617836171,16.755131274768452,6.1060366622275195,1.5001885304115121,0,0,0,0,-1,inf,0,-1,0,0,6080,1784,0,1780,0,2516,1.7436137995682202,4.189080685436053,False
lane_choice,P2,9011,40,4.0,1.5,12.011930681626641,8.339167020023577,0.15681014940403565,3.197086409443261e-05,999968029.1359055,12.99999999999999,12.903358507552323,16.74847084715829,6.1060366622275195,1.508038196389593,0,0,0,0,-1,inf,0,-1,0,0,6080,1616,0,1788,0,2676,1.7436137995682202,4.189080685436053,False
lane_choice,P3,9011,40,4.0,1.5,11.745317892373032,8.685339274074892,0.16510820070869775,2.5949230389124718e-05,999974050.769611,12.999999999999996,12.910190221619104,16.75414086214862,6.1060366622275195,1.5000540543503091,0,0,0,0,-1,inf,0,-1,0,0,6080,1704,0,1816,0,2560,1.7436137995682202,4.189080685436053,False
lane_choice,P4,9011,40,4.0,1.5,12.011930681626641,8.339167020023577,0.15681014940403565,3.197086409443261e-05,999968029.1359055,12.99999999999999,12.903358507552323,16.74847084715829,6.1060366622275195,1.508038196389593,0,0,0,0,-1,inf,0,-1,0,0,6080,1616,0,1788,0,2676,1.7436137995682202,4.189080685436053,False
lane_choice,P0,9012,40,4.0,1.5,-1.4841772517946126,-13.800125353527465,0.7112488585418857,0.27149979741639463,728500202.5836054,12.99999999999999,12.882786325056207,16.782438462261936,inf,1.5013499953110632,0,0,0,0,-1,inf,0,-1,0,0,6080,1879,0,1762,0,2439,1.9271662141782415,4.464680301858925,False
lane_choice,P1,9012,40,4.0,1.5,11.415283391778743,7.917465961148334,0.1974985300149305,9.757018575009285e-05,999902429.81425,12.999999999999991,12.91210617836171,16.755131274768452,6.1060366622275195,1.5001885304115121,0,0,0,0,-1,inf,0,-1,0,0,6080,1784,0,1780,0,2516,1.9271662141782415,4.464680301858925,False
lane_choice,P2,9012,40,4.0,1.5,12.003801535674015,8.30317609867053,0.15770970069748805,3.362030996009834e-05,999966379.6900399,12.999999999999993,12.90378423508218,16.747476673586238,6.1060366622275195,1.5006896560409806,0,0,0,0,-1,inf,0,-1,0,0,6080,1603,0,1869,0,2608,1.9271662141782415,4.464680301858925,False
lane_choice,P3,9012,40,4.0,1.5,12.09113893437139,9.006803560801242,0.14705775191847859,1.3226576274694849e-05,999986773.4237254,12.999999999999991,12.902048996397474,16.74847084715829,6.1060366622275195,1.502900537386866,0,0,0,0,-1,inf,0,-1,0,0,6080,1599,0,1824,0,2657,1.9271662141782415,4.464680301858925,False
lane_choice,P4,9012,40,4.0,1.5,12.011930681626641,8.339167020023577,0.15681014940403565,3.197086409443261e-05,999968029.1359055,12.99999999999999,12.903358507552323,16.74847084715829,6.1060366622275195,1.508038196389593,0,0,0,0,-1,inf,0,-1,0,0,6080,1616,0,1788,0,2676,1.9271662141782415,4.464680301858925,False
lane_choice,P0,9013,40,4.0,1.5,-1.4841772517946126,-13.800125353527465,0.7112488585418857,0.27149979741639463,728500202.5836054,12.99999999999999,12.882786325056207,16.782438462261936,inf,1.5013499953110632,0,0,0,0,-1,inf,0,-1,0,0,6080,1879,0,1762,0,2439,2.0373201874958418,4.768205476191905,False
lane_choice,P1,9013,40,4.0,1.5,11.745317892373032,8.685339274074892,0.16510820070869775,2.5949230389124718e-05,999974050.769611,12.999999999999996,12.910190221619104,16.75414086214862,6.1060366622275195,1.5000540543503091,0,0,0,0,-1,inf,0,-1,0,0,6080,1704,0,1816,0,2560,2.0373201874958418,4.768205476191905,False
lane_choice,P2,9013,40,4.0,1.5,12.004846002929833,8.39448333904421,0.15610001630200873,2.9520593791208435e-05,999970479.4062088,12.999999999999993,12.902589135019047,16.747476673586238,6.1060366622275195,1.5086487573915592,0,0,0,0,-1,inf,0,-1,0,0,6080,1608,0,1796,0,2676,2.0373201874958418,4.768205476191905,False
lane_choice,P3,9013,40,4.0,1.5,12.148535119881036,9.396533745662039,0.13270908330728692,6.12299878901973e-06,999993877.0012109,12.999999999999988,12.909309920487678,16.75414086214862,6.1060366622275195,1.5000811382163608,0,0,0,0,-1,inf,0,-1,0,0,6080,1697,0,1792,0,2591,2.0373201874958418,4.768205476191905,False
lane_choice,P4,9013,40,4.0,1.5,12.011930681626641,8.339167020023577,0.15681014940403565,3.197086409443261e-05,999968029.1359055,12.99999999999999,12.903358507552323,16.74847084715829,6.1060366622275195,1.508038196389593,0,0,0,0,-1,inf,0,-1,0,0,6080,1616,0,1788,0,2676,2.0373201874958418,4.768205476191905,False
lane_choice,P0,9014,40,4.0,1.5,-1.4841772517946126,-13.800125353527465,0.7112488585418857,0.27149979741639463,728500202.5836054,12.99999999999999,12.882786325056207,16.782438462261936,inf,1.5013499953110632,0,0,0,0,-1,inf,0,-1,0,0,6080,1879,0,1762,0,2439,1.7642691193038558,4.258177711704969,False
lane_choice,P1,9014,40,4.0,1.5,11.43164033473314,7.97072833400294,0.19631392238432374,8.974218320885683e-05,999910257.8167912,12.99999999999999,12.911978679206724,16.755131274768452,6.1060366622275195,1.5002839596935633,0,0,0,0,-1,inf,0,-1,0,0,6080,1777,0,1784,0,2519,1.7642691193038558,4.258177711704969,False
lane_choice,P2,9014,40,4.0,1.5,11.01269869819661,6.852514500971516,0.2512075756008333,0.00031252468418453667,999687475.3158153,12.99999999999999,12.902811185911144,16.74847084715829,6.1060366622275195,1.508949992395216,0,0,0,0,-1,inf,0,-1,0,0,6080,1698,0,1785,0,2597,1.7642691193038558,4.258177711704969,False
lane_choice,P3,9014,40,4.0,1.5,11.415283391778743,7.917465961148334,0.1974985300149305,9.757018575009285e-05,999902429.81425,12.999999999999991,12.91210617836171,16.755131274768452,6.1060366622275195,1.5001885304115121,0,0,0,0,-1,inf,0,-1,0,0,6080,1784,0,1780,0,2516,1.7642691193038558,4.258177711704969,False
lane_choice,P4,9014,40,4.0,1.5,12.011930681626641,8.339167020023577,0.15681014940403565,3.197086409443261e-05,999968029.1359055,12.99999999999999,12.903358507552323,16.74847084715829,6.1060366622275195,1.508038196389593,0,0,0,0,-1,inf,0,-1,0,0,6080,1616,0,1788,0,2676,1.7642691193038558,4.258177711704969,False
lane_choice,P0,9015,40,4.0,1.5,-1.4841772517946126,-13.800125353527465,0.7112488585418857,0.27149979741639463,728500202.5836054,12.99999999999999,12.882786325056207,16.782438462261936,inf,1.5013499953110632,0,0,0,0,-1,inf,0,-1,0,0,6080,1879,0,1762,0,2439,1.9980412422365326,4.660037518418148,False
lane_choice,P1,9015,40,4.0,1.5,11.415283391778743,7.917465961148334,0.1974985300149305,9.757018575009285e-05,999902429.81425,12.999999999999991,12.91210617836171,16.755131274768452,6.1060366622275195,1.5001885304115121,0,0,0,0,-1,inf,0,-1,0,0,6080,1784,0,1780,0,2516,1.9980412422365326,4.660037518418148,False
lane_choice,P2,9015,40,4.0,1.5,11.507890071768447,7.586935738170933,0.193672601716863,0.00011453171076863226,999885468.2892313,12.999999999999995,12.911064964602275,16.757163456939804,6.1060366622275195,1.509690408012185,0,0,0,0,-1,inf,0,-1,0,0,6080,1763,0,1741,0,2576,1.9980412422365326,4.660037518418148,False
lane_choice,P3,9015,40,4.0,1.5,11.774323011411733,8.879290723098984,0.16411768005911043,1.9645857822031818e-05,999980354.1421779,12.999999999999986,12.907490514004136,16.74981122510734,6.1060366622275195,1.5021093107878127,0,0,0,0,-1,inf,0,-1,0,0,6080,1685,0,1833,0,2562,1.9980412422365326,4.660037518418148,False
lane_choice,P4,9015,40,4.0,1.5,12.011930681626641,8.339167020023577,0.15681014940403565,3.197086409443261e-05,999968029.1359055,12.99999999999999,12.903358507552323,16.74847084715829,6.1060366622275195,1.508038196389593,0,0,0,0,-1,inf,0,-1,0,0,6080,1616,0,1788,0,2676,1.9980412422365326,4.660037518418148,False
lane_choice,P0,9016,40,4.0,1.5,-1.4841772517946126,-13.800125353527465,0.7112488585418857,0.27149979741639463,728500202.5836054,12.99999999999999,12.882786325056207,16.782438462261936,inf,1.5013499953110632,0,0,0,0,-1,inf,0,-1,0,0,6080,1879,0,1762,0,2439,1.9299018766507394,4.486875731446117,False
lane_choice,P1,9016,40,4.0,1.5,11.435182525296545,8.012373056845629,0.19517708609454484,8.383575704004449e-05,999916164.24296,12.99999999999999,12.910819574708963,16.753017151880435,6.1060366622275195,1.501167547298801,0,0,0,0,-1,inf,0,-1,0,0,6080,1768,0,1784,0,2528,1.9299018766507394,4.486875731446117,False
lane_choice,P2,9016,40,4.0,1.5,10.377378381691624,6.359241483953542,0.32074078480850243,0.0010118365022896841,998988163.4977102,12.999999999999993,12.908228620119699,16.74847084715829,6.1060366622275195,1.5054522843923368,0,0,0,0,-1,inf,0,-1,0,0,6080,1834,0,1711,0,2535,1.9299018766507394,4.486875731446117,False
lane_choice,P3,9016,40,4.0,1.5,12.217394029583092,9.563958712468255,0.13327248817366621,5.690294279877467e-06,999994309.7057202,12.999999999999991,12.906959667058455,16.7508040885184,6.1060366622275195,1.5003354388882966,0,0,0,0,-1,inf,0,-1,0,0,6080,1668,0,1821,0,2591,1.9299018766507394,4.486875731446117,False
lane_choice,P4,9016,40,4.0,1.5,12.011930681626641,8.339167020023577,0.15681014940403565,3.197086409443261e-05,999968029.1359055,12.99999999999999,12.903358507552323,16.74847084715829,6.1060366622275195,1.508038196389593,0,0,0,0,-1,inf,0,-1,0,0,6080,1616,0,1788,0,2676,1.9299018766507394,4.486875731446117,False
lane_choice,P0,9017,40,4.0,1.5,-1.4841772517946126,-13.800125353527465,0.7112488585418857,0.27149979741639463,728500202.5836054,12.99999999999999,12.882786325056207,16.782438462261936,inf,1.5013499953110632,0,0,0,0,-1,inf,0,-1,0,0,6080,1879,0,1762,0,2439,1.8993400315457243,4.5334260532590545,False
lane_choice,P1,9017,40,4.0,1.5,11.415283391778743,7.917465961148334,0.1974985300149305,9.757018575009285e-05,999902429.81425,12.999999999999991,12.91210617836171,16.755131274768452,6.1060366622275195,1.5001885304115121,0,0,0,0,-1,inf,0,-1,0,0,6080,1784,0,1780,0,2516,1.8993400315457243,4.5334260532590545,False
lane_choice,P2,9017,40,4.0,1.5,11.710265089585121,7.57851716733349,0.18461764915124,9.98620855735829e-05,999900137.9144264,12.999999999999995,12.903315582714269,16.74847084715829,6.1060366622275195,1.5090698357111858,0,0,0,0,-1,inf,0,-1,0,0,6080,1649,0,1801,0,2630,1.8993400315457243,4.5334260532590545,False
lane_choice,P3,9017,40,4.0,1.5,12.06103769144737,8.820796964255665,0.149943528783212,1.6485141721720045e-05,999983514.8582783,12.999999999999988,12.905142032963575,16.74847084715829,6.1060366622275195,1.5011711343190912,0,0,0,0,-1,inf,0,-1,0,0,6080,1641,0,1855,0,2584,1.8993400315457243,4.5334260532590545,False
lane_choice,P4,9017,40,4.0,1.5,12.011930681626641,8.339167020023577,0.15681014940403565,3.197086409443261e-05,999968029.1359055,12.99999999999999,12.903358507552323,16.74847084715829,6.1060366622275195,1.508038196389593,0,0,0,0,-1,inf,0,-1,0,0,6080,1616,0,1788,0,2676,1.8993400315457243,4.5334260532590545,False
lane_choice,P0,9018,40,4.0,1.5,-1.4841772517946126,-13.800125353527465,0.7112488585418857,0.27149979741639463,728500202.5836054,12.99999999999999,12.882786325056207,16.782438462261936,inf,1.5013499953110632,0,0,0,0,-1,inf,0,-1,0,0,6080,1879,0,1762,0,2439,1.9219556957696475,4.52666371183305,False
lane_choice,P1,9018,40,4.0,1.5,11.435182525296545,8.012373056845629,0.19517708609454484,8.383575704004449e-05,999916164.24296,12.99999999999999,12.910819574708963,16.753017151880435,6.1060366622275195,1.501167547298801,0,0,0,0,-1,inf,0,-1,0,0,6080,1768,0,1784,0,2528,1.9219556957696475,4.52666371183305,False
lane_choice,P2,9018,40,4.0,1.5,11.781337647654865,8.844884109477269,0.16482138816439776,2.1245657122117595e-05,999978754.342878,12.999999999999993,12.909531264591376,16.7508040885184,6.1060366622275195,1.5005320806178246,0,0,0,0,-1,inf,0,-1,0,0,6080,1709,0,1822,0,2549,1.9219556957696475,4.52666371183305,False
lane_choice,P3,9018,40,4.0,1.5,11.435182525296545,8.012373056845629,0.19517708609454484,8.383575704004449e-05,999916164.24296,12.99999999999999,12.910819574708963,16.753017151880435,6.1060366622275195,1.501167547298801,0,0,0,0,-1,inf,0,-1,0,0,6080,1768,0,1784,0,2528,1.9219556957696475,4.52666371183305,False
lane_choice,P4,9018,40,4.0,1.5,12.011930681626641,8.339167020023577,0.15681014940403565,3.197086409443261e-05,999968029.1359055,12.99999999999999,12.903358507552323,16.74847084715829,6.1060366622275195,1.508038196389593,0,0,0,0,-1,inf,0,-1,0,0,6080,1616,0,1788,0,2676,1.9219556957696475,4.52666371183305,False
lane_choice,P0,9019,40,4.0,1.5,-1.4841772517946126,-13.800125353527465,0.7112488585418857,0.27149979741639463,728500202.5836054,12.99999999999999,12.882786325056207,16.782438462261936,inf,1.5013499953110632,0,0,0,0,-1,inf,0,-1,0,0,6080,1879,0,1762,0,2439,1.9161500471131703,4.4972553711419705,False
lane_choice,P1,9019,40,4.0,1.5,11.43164033473314,7.97072833400294,0.19631392238432374,8.974218320885683e-05,999910257.8167912,12.99999999999999,12.911978679206724,16.755131274768452,6.1060366622275195,1.5002839596935633,0,0,0,0,-1,inf,0,-1,0,0,6080,1777,0,1784,0,2519,1.9161500471131703,4.4972553711419705,False
lane_choice,P2,9019,40,4.0,1.5,6.22114497142759,-1.1398083544380668,0.5961647634082897,0.09343108099395504,906568919.006045,12.999999999999991,12.89533766925217,16.74847084715829,6.1060366622275195,1.5013019280306392,0,0,0,0,-1,inf,0,-1,0,0,6080,1996,0,1651,0,2433,1.9161500471131703,4.4972553711419705,False
lane_choice,P3,9019,40,4.0,1.5,4.6257594699021665,-4.70667090739293,0.6005005259340285,0.15813931424911634,841860685.7508837,12.999999999999991,12.894723046559127,16.74847084715829,6.1060366622275195,1.5013550789311432,0,0,0,0,-1,inf,0,-1,0,0,6080,2014,0,1684,0,2382,1.9161500471131703,4.4972553711419705,False
lane_choice,P4,9019,40,4.0,1.5,12.011930681626641,8.339167020023577,0.15681014940403565,3.197086409443261e-05,999968029.1359055,12.99999999999999,12.903358507552323,16.74847084715829,6.1060366622275195,1.508038196389593,0,0,0,0,-1,inf,0,-1,0,0,6080,1616,0,1788,0,2676,1.9161500471131703,4.4972553711419705,False
overtake,P0,9000,50,5.0,1.5,21.769257110559046,17.202168997219456,0.0028070527189446638,2.198531920033225e-25,1000000000.0,45.696999999999925,45.696999999999925,3.3096351296088327,0.9685497554377285,inf,0,0,0,0,-1,inf,0,-1,0,0,7600,0,0,0,1705,5895,1.8026145351021226,4.0529100391618895,False
overtake,P1,9000,50,5.0,1.5,22.850871857321668,17.202168997219456,0.0024007468988608517,2.1851098415832407e-25,1000000000.0,46.11733333333333,46.11733333333333,2.8902669084794783,1.177539744651088,inf,0,0,0,0,-1,inf,0,-1,0,0,7600,0,0,0,2163,5437,1.8026145351021226,4.0529100391618895,False
overtake,P2,9000,50,5.0,1.5,19.709081298144994,17.04736030859877,0.003752963087450473,1.4615872347656829e-24,1000000000.0,45.34566666666666,45.326591677251756,3.7910943684293166,1.53473667676647,inf,0,0,0,0,-1,inf,0,-1,0,0,7600,2361,0,0,902,4337,1.8026145351021226,4.0529100391618895,False
overtake,P3,9000,50,5.0,1.5,21.769257110559046,17.202168997219456,0.0028070527189446638,2.198531920033225e-25,1000000000.0,45.696999999999925,45.696999999999925,3.3096351296088327,0.9685497554377285,inf,0,0,0,0,-1,inf,0,-1,0,0,7600,0,0,0,1705,5895,1.8026145351021226,4.0529100391618895,False
overtake,P4,9000,50,5.0,1.5,18.29152892960896,8.284477971062596,0.024664557239063124,1.2298176117908082e-05,999987701.8238821,45.306999999999995,45.28233172867054,3.9287672788043606,2.049421272490806,inf,0,0,0,0,-1,inf,0,-1,0,0,7600,2923,0,0,631,4046,1.8026145351021226,4.0529100391618895,False
overtake,P0,9001,50,5.0,1.5,21.755517951160414,17.202168997219456,0.0028055120653120284,2.198531920033225e-25,1000000000.0,45.56733333333326,45.56733333333326,3.439051633166523,1.2097758392825606,inf,0,0,0,0,-1,inf,0,-1,0,0,7600,0,0,0,1592,6008,1.6787658847738165,3.8153876236167967,False
overtake,P1,9001,50,5.0,1.5,22.757671754866905,17.202168997219456,0.002409239832820125,2.1851098415832407e-25,1000000000.0,45.903999999999996,45.903999999999996,3.1030777771658253,1.3000627880278095,inf,0,0,0,0,-1,inf,0,-1,0,0,7600,0,0,0,2179,5421,1.6787658847738165,3.8153876236167967,False
overtake,P2,9001,50,5.0,1.5,21.758571621331942,17.202168997219456,0.0028049700136065026,2.198531920033225e-25,1000000000.0,45.523666666666585,45.523666666666585,3.4826382435712997,1.3091593991628365,inf,0,0,0,0,-1,inf,0,-1,0,0,7600,0,0,0,1573,6027,1.6787658847738165,3.8153876236167967,False
overtake,P3,9001,50,5.0,1.5,21.755517951160414,17.202168997219456,0.0028055120653120284,2.198531920033225e-25,1000000000.0,45.56733333333326,45.56733333333326,3.439051633166523,1.2097758392825606,inf,0,0,0,0,-1,inf,0,-1,0,0,7600,0,0,0,1592,6008,1.6787658847738165,3.8153876236167967,False
overtake,P4,9001,50,5.0,1.5,21.755517951160414,17.202168997219456,0.0028055120653120284,2.198531920033225e-25,1000000000.0,45.56733333333326,45.56733333333326,3.439051633166523,1.2097758392825606,inf,0,0,0,0,-1,inf,0,-1,0,0,7600,0,0,0,1592,6008,1.6787658847738165,3.8153876236167967,False
overtake,P0,9002,50,5.0,1.5,21.710313995812566,17.202168997219456,0.002813796027867327,2.198531920033225e-25,1000000000.0,45.530666666666605,45.530666666666605,3.4756509417544486,1.1307841393557854,inf,0,0,0,0,-1,inf,0,-1,0,0,7600,0,0,0,1604,5996,1.6481510573939013,3.7795771014469737,False
overtake,P1,9002,50,5.0,1.5,22.55003682530049,17.202168997219456,0.0024195721131435653,2.1851098415832407e-25,1000000000.0,45.78833333333331,45.78833333333331,3.218490091474306,1.1836689462113226,inf,0,0,0,0,-1,inf,0,-1,0,0,7600,0,0,0,1966,5634,1.6481510573939013,3.7795771014469737,False
overtake,P2,9002,50,5.0,1.5,21.718201740121486,17.202168997219456,0.0028132895312443307,2.198531920033225e-25,1000000000.0,45.551666666666584,45.551666666666584,3.454689344777432,1.114669618638399,inf,0,0,0,0,-1,inf,0,-1,0,0,7600,0,0,0,1614,5986,1.6481510573939013,3.7795771014469737,False
overtake,P3,9002,50,5.0,1.5,21.710313995812566,17.202168997219456,0.002813796027867327,2.198531920033225e-25,1000000000.0,45.530666666666605,45.530666666666605,3.4756509417544486,1.1307841393557854,inf,0,0,0,0,-1,inf,0,-1,0,0,7600,0,0,0,1604,5996,1.6481510573939013,3.7795771014469737,False
overtake,P4,9002,50,5.0,1.5,21.710313995812566,17.202168997219456,0.002813796027867327,2.198531920033225e-25,1000000000.0,45.530666666666605,45.530666666666605,3.4756509417544486,1.1307841393557854,inf,0,0,0,0,-1,inf,0,-1,0,0,7600,0,0,0,1604,5996,1.6481510573939013,3.7795771014469737,False
overtake,P0,9003,50,5.0,1.5,21.748782995442365,17.202168997219456,0.00280635925261095,2.198531920033225e-25,1000000000.0,45.51199999999994,45.51199999999994,3.4942838595541748,1.2981106283096426,inf,0,0,0,0,-1,inf,0,-1,0,0,7600,0,0,0,1596,6004,1.7406826412036944,3.951445728676361,False
overtake,P1,9003,50,5.0,1.5,22.713032658862826,17.202168997219456,0.002407121594650599,2.1851098415832407e-25,1000000000.0,45.83666666666665,45.83666666666665,3.170260788786665,1.311110552140616,inf,0,0,0,0,-1,inf,0,-1,0,0,7600,0,0,0,2048,5552,1.7406826412036944,3.951445728676361,False
overtake,P2,9003,50,5.0,1.5,21.80612703447321,17.202168997219456,0.0027823437939973037,2.198254193701115e-25,1000000000.0,45.5666666666666,45.5666666666666,3.4397170623350144,1.270023879435163,inf,0,0,0,0,-1,inf,0,-1,0,0,7600,0,0,0,1636,5964,1.7406826412036944,3.951445728676361,False
overtake,P3,9003,50,5.0,1.5,21.748782995442365,17.202168997219456,0.00280635925261095,2.198531920033225e-25,1000000000.0,45.51199999999994,45.51199999999994,3.4942838595541748,1.2981106283096426,inf,0,0,0,0,-1,inf,0,-1,0,0,7600,0,0,0,1596,6004,1.7406826412036944,3.951445728676361,False
overtake,P4,9003,50,5.0,1.5,21.748782995442365,17.202168997219456,0.00280635925261095,2.198531920033225e-25,1000000000.0,45.51199999999994,45.51199999999994,3.4942838595541748,1.2981106283096426,inf,0,0,0,0,-1,inf,0,-1,0,0,7600,0,0,0,1596,6004,1.7406826412036944,3.951445728676361,False
overtake,P0,9004,50,5.0,1.5,21.742035197397886,17.202168997219456,0.002808976746066404,2.198531920033225e-25,1000000000.0,45.594999999999935,45.594999999999935,3.411436748811389,1.147492198226563,inf,0,0,0,0,-1,inf,0,-1,0,0,7600,0,0,0,1647,5953,1.725855587385584,3.9416641517277653,False
overtake,P1,9004,50,5.0,1.5,22.773627606114964,17.202168997219456,0.0024089175222178753,2.1851098415832407e-25,1000000000.0,46.081333333333326,46.081333333333326,2.926173406046116,1.0042289752000384,inf,0,0,0,0,-1,inf,0,-1,0,0,7600,0,0,0,2258,5342,1.725855587385584,3.9416641517277653,False
overtake,P2,9004,50,5.0,1.5,21.94904898722663,17.202168997219456,0.002738286216992545,2.197319403053107e-25,1000000000.0,45.78466666666662,45.78466666666662,3.2221489933870444,1.074363858291191,inf,0,0,0,0,-1,inf,0,-1,0,0,7600,0,0,0,1817,5783,1.725855587385584,3.9416641517277653,False
overtake,P3,9004,50,5.0,1.5,21.742035197397886,17.202168997219456,0.002808976746066404,2.198531920033225e-25,1000000000.0,45.594999999999935,45.594999999999935,3.411436748811389,1.147492198226563,inf,0,0,0,0,-1,inf,0,-1,0,0,7600,0,0,0,1647,5953,1.725855587385584,3.9416641517277653,False
overtake,P4,9004,50,5.0,1.5,21.737689699924328,17.202168997219456,0.002809274946933476,2.198531920033225e-25,1000000000.0,45.60833333333326,45.60833333333326,3.398128671624815,1.104824491577828,inf,0,0,0,0,-1,inf,0,-1,0,0,7600,0,0,0,1644,5956,1.725855587385584,3.9416641517277653,False
overtake,P0,9005,50,5.0,1.5,21.64235054955645,17.202168997219456,0.0028107900060255547,2.198531920033225e-25,1000000000.0,45.20399999999991,45.20399999999991,3.801774808052296,1.6205630243432976,inf,0,0,0,0,-1,inf,0,-1,0,0,7600,0,0,0,1477,6123,1.5318607094345342,3.558985847465987,False
overtake,P1,9005,50,5.0,1.5,22.652045859676676,17.202168997219456,0.0024105379025575677,2.1851098415832407e-25,1000000000.0,45.67499999999997,45.67499999999997,3.3315913151436485,1.4424375618896845,inf,0,0,0,0,-1,inf,0,-1,0,0,7600,0,0,0,2062,5538,1.5318607094345342,3.558985847465987,False
overtake,P2,9005,50,5.0,1.5,21.64235054955645,17.202168997219456,0.0028107900060255547,2.198531920033225e-25,1000000000.0,45.20399999999991,45.20399999999991,3.801774808052296,1.6205630243432976,inf,0,0,0,0,-1,inf,0,-1,0,0,7600,0,0,0,1477,6123,1.5318607094345342,3.558985847465987,False
overtake,P3,9005,50,5.0,1.5,21.64235054955645,17.202168997219456,0.0028107900060255547,2.198531920033225e-25,1000000000.0,45.20399999999991,45.20399999999991,3.801774808052296,1.6205630243432976,inf,0,0,0,0,-1,inf,0,-1,0,0,7600,0,0,0,1477,6123,1.5318607094345342,3.558985847465987,False
overtake,P4,9005,50,5.0,1.5,21.64235054955645,17.202168997219456,0.0028107900060255547,2.198531920033225e-25,1000000000.0,45.20399999999991,45.20399999999991,3.801774808052296,1.6205630243432976,inf,0,0,0,0,-1,inf,0,-1,0,0,7600,0,0,0,1477,6123,1.5318607094345342,3.558985847465987,False
overtake,P0,9006,50,5.0,1.5,21.814449302937366,17.202168997219456,0.002800451160201877,2.198531920033225e-25,1000000000.0,45.45599999999992,45.45599999999992,3.5501847404242164,1.2081767059088961,inf,0,0,0,0,-1,inf,0,-1,0,0,7600,0,0,0,1524,6076,1.6017793428370208,3.6880865781645213,False
overtake,P1,9006,50,5.0,1.5,22.845879190443043,17.202168997219456,0.002402537187642756,2.1851098415832407e-25,1000000000.0,45.706666666666635,45.706666666666635,3.299987899308879,1.0062031714172606,inf,0,0,0,0,-1,inf,1,41,0,1,7600,0,0,0,2112,5488,1.6017793428370208,3.6880865781645213,False
overtake,P2,9006,50,5.0,1.5,21.792371509362116,17.202168997219456,0.0028014779970080062,2.198531920033225e-25,1000000000.0,45.39266666666659,45.39266666666659,3.6134096735519337,1.235095964701237,inf,0,0,0,0,-1,inf,0,-1,0,0,7600,0,0,0,1503,6097,1.6017793428370208,3.6880865781645213,False
overtake,P3,9006,50,5.0,1.5,21.764270654427097,17.202168997219456,0.0028027148236718412,2.198531920033225e-25,1000000000.0,45.330666666666595,45.330666666666595,3.675307171142572,1.2828947516076097,inf,0,0,0,0,-1,inf,0,-1,0,0,7600,0,0,0,1476,6124,1.6017793428370208,3.6880865781645213,False
overtake,P4,9006,50,5.0,1.5,21.705999760303317,17.202168997219456,0.0028056852827780636,2.198531920033225e-25,1000000000.0,45.16233333333325,45.16233333333325,3.8433788696387263,1.3683643529700074,inf,0,0,0,0,-1,inf,0,-1,0,0,7600,0,0,0,1417,6183,1.6017793428370208,3.6880865781645213,False
overtake,P0,9007,50,5.0,1.5,21.672839154810912,17.202168997219456,0.0028114628719592915,2.198531920033225e-25,1000000000.0,45.30266666666662,45.30266666666662,3.7032620038175152,1.4715205059818142,inf,0,0,0,0,-1,inf,0,-1,0,0,7600,0,0,0,1475,6125,1.6729096877533374,3.855863466851665,False
overtake,P1,9007,50,5.0,1.5,22.702141363971847,17.202168997219456,0.002406971376889046,2.1851098415832407e-25,1000000000.0,45.79999999999998,45.79999999999998,3.2068482488481562,1.3820665045623226,inf,0,0,0,0,-1,inf,0,-1,0,0,7600,0,0,0,1927,5673,1.6729096877533374,3.855863466851665,False
overtake,P2,9007,50,5.0,1.5,21.672839154810912,17.202168997219456,0.0028114628719592915,2.198531920033225e-25,1000000000.0,45.30266666666662,45.30266666666662,3.7032620038175152,1.4715205059818142,inf,0,0,0,0,-1,inf,0,-1,0,0,7600,0,0,0,1475,6125,1.6729096877533374,3.855863466851665,False
overtake,P3,9007,50,5.0,1.5,21.672839154810912,17.202168997219456,0.0028114628719592915,2.198531920033225e-25,1000000000.0,45.30266666666662,45.30266666666662,3.7032620038175152,1.4715205059818142,inf,0,0,0,0,-1,inf,0,-1,0,0,7600,0,0,0,1475,6125,1.6729096877533374,3.855863466851665,False
overtake,P4,9007,50,5.0,1.5,21.672839154810912,17.202168997219456,0.0028114628719592915,2.198531920033225e-25,1000000000.0,45.30266666666662,45.30266666666662,3.7032620038175152,1.4715205059818142,inf,0,0,0,0,-1,inf,0,-1,0,0,7600,0,0,0,1475,6125,1.6729096877533374,3.855863466851665,False
overtake,P0,9008,50,5.0,1.5,21.707729798971403,17.202168997219456,0.0028071819415552784,2.198531920033225e-25,1000000000.0,45.33999999999991,45.33999999999991,3.6659890467841048,1.4469951913950876,inf,0,0,0,0,-1,inf,0,-1,0,0,7600,0,0,0,1433,6167,1.6221160007640243,3.758897473583504,False
overtake,P1,9008,50,5.0,1.5,22.809839934564717,17.202168997219456,0.002406540403136965,2.1851098415832407e-25,1000000000.0,45.90266666666667,45.90266666666667,3.1044080706179953,1.1961052038678048,inf,0,0,0,0,-1,inf,0,-1,0,0,7600,0,0,0,2029,5571,1.6221160007640243,3.758897473583504,False
overtake,P2,9008,50,5.0,1.5,21.716603101618283,17.202168997219456,0.002806421360329589,2.198531920033225e-25,1000000000.0,45.35733333333328,45.35733333333328,3.6486841649538824,1.4565529838482254,inf,0,0,0,0,-1,inf,0,-1,0,0,7600,0,0,0,1446,6154,1.6221160007640243,3.758897473583504,False
overtake,P3,9008,50,5.0,1.5,21.707729798971403,17.202168997219456,0.0028071819415552784,2.198531920033225e-25,1000000000.0,45.33999999999991,45.33999999999991,3.6659890467841048,1.4469951913950876,inf,0,0,0,0,-1,inf,0,-1,0,0,7600,0,0,0,1433,6167,1.6221160007640243,3.758897473583504,False
overtake,P4,9008,50,5.0,1.5,21.712854042230123,17.202168997219456,0.0028070925817974502,2.198531920033225e-25,1000000000.0,45.41499999999992,45.41499999999992,3.5911141295064604,1.4605143481889642,inf,0,0,0,0,-1,inf,0,-1,0,0,7600,0,0,0,1458,6142,1.6221160007640243,3.758897473583504,False
overtake,P0,9009,50,5.0,1.5,21.667188001007823,17.202168997219456,0.00281121017951679,2.198531920033225e-25,1000000000.0,45.27966666666659,45.27966666666659,3.726225409479684,1.4346196835422014,inf,0,0,0,0,-1,inf,0,-1,0,0,7600,0,0,0,1517,6083,1.4965532936838892,3.531104416482918,False
overtake,P1,9009,50,5.0,1.5,22.606692824436774,17.202168997219456,0.0024103982056107166,2.1851098415832407e-25,1000000000.0,45.679999999999986,45.679999999999986,3.326601222139569,1.5579644221954165,inf,0,0,0,0,-1,inf,0,-1,0,0,7600,0,0,0,1995,5605,1.4965532936838892,3.531104416482918,False
overtake,P2,9009,50,5.0,1.5,21.70596996514557,17.202168997219456,0.0027872901614667094,2.197331358113668e-25,1000000000.0,45.304999999999914,45.304999999999914,3.700932408345363,1.425643387576147,inf,0,0,0,0,-1,inf,0,-1,0,0,7600,0,0,0,1548,6052,1.4965532936838892,3.531104416482918,False
overtake,P3,9009,50,5.0,1.5,21.662043014464707,17.202168997219456,0.0028043960201759523,2.1980766220599543e-25,1000000000.0,45.263333333333236,45.263333333333236,3.742533028433935,1.4400683819503421,inf,0,0,0,0,-1,inf,0,-1,0,0,7600,0,0,0,1480,6120,1.4965532936838892,3.531104416482918,False
overtake,P4,9009,50,5.0,1.5,21.666855139439036,17.202168997219456,0.0028113085363951286,2.198531920033225e-25,1000000000.0,45.287999999999904,45.287999999999904,3.717905282701684,1.42756062248826,inf,0,0,0,0,-1,inf,0,-1,0,0,7600,0,0,0,1511,6089,1.4965532936838892,3.531104416482918,False
overtake,P0,9010,50,5.0,1.5,21.75060541978504,17.202168997219456,0.0028073346154780933,2.198531920033225e-25,1000000000.0,45.57333333333326,45.57333333333326,3.433062792257859,1.1472709670304757,inf,0,0,0,0,-1,inf,0,-1,0,0,7600,0,0,0,1611,5989,1.5339110196654433,3.583314711264141,False
overtake,P1,9010,50,5.0,1.5,22.792685541758484,17.202168997219456,0.002407775386648322,2.1851098415832407e-25,1000000000.0,46.15666666666665,46.15666666666665,2.851038431095748,0.9758669634227203,inf,0,0,0,0,-1,inf,2,49,0,2,7600,0,0,0,2389,5211,1.5339110196654433,3.583314711264141,False
overtake,P2,9010,50,5.0,1.5,21.75060541978504,17.202168997219456,0.0028073346154780933,2.198531920033225e-25,1000000000.0,45.57333333333326,45.57333333333326,3.433062792257859,1.1472709670304757,inf,0,0,0,0,-1,inf,0,-1,0,0,7600,0,0,0,1611,5989,1.5339110196654433,3.583314711264141,False
overtake,P3,9010,50,5.0,1.5,21.75060541978504,17.202168997219456,0.0028073346154780933,2.198531920033225e-25,1000000000.0,45.57333333333326,45.57333333333326,3.433062792257859,1.1472709670304757,inf,0,0,0,0,-1,inf,0,-1,0,0,7600,0,0,0,1611,5989,1.5339110196654433,3.583314711264141,False
overtake,P4,9010,50,5.0,1.5,21.75060541978504,17.202168997219456,0.0028073346154780933,2.198531920033225e-25,1000000000.0,45.57333333333326,45.57333333333326,3.433062792257859,1.1472709670304757,inf,0,0,0,0,-1,inf,0,-1,0,0,7600,0,0,0,1611,5989,1.5339110196654433,3.583314711264141,False
overtake,P0,9011,50,5.0,1.5,21.693180572529357,17.202168997219456,0.002814775855627904,2.198531920033225e-25,1000000000.0,45.47099999999994,45.47099999999994,3.5352109825498115,1.1449256445293372,inf,0,0,0,0,-1,inf,0,-1,0,0,7600,0,0,0,1680,5920,1.5113356402439646,3.585860869439825,False
overtake,P1,9011,50,5.0,1.5,22.659376599150164,17.202168997219456,0.0024107590137349734,2.1851098415832407e-25,1000000000.0,45.853333333333325,45.853333333333325,3.153630733337615,1.157918245474002,inf,0,0,0,0,-1,inf,1,49,0,1,7600,0,0,0,2285,5315,1.5113356402439646,3.585860869439825,False
overtake,P2,9011,50,5.0,1.5,21.7532232606122,17.202168997219456,0.0027883051855862313,2.197331358113668e-25,1000000000.0,45.52433333333326,45.52433333333326,3.481972784057719,1.1283544360899895,inf,0,0,0,0,-1,inf,0,-1,0,0,7600,0,0,0,1720,5880,1.5113356402439646,3.585860869439825,False
overtake,P3,9011,50,5.0,1.5,21.693180572529357,17.202168997219456,0.002814775855627904,2.198531920033225e-25,1000000000.0,45.47099999999994,45.47099999999994,3.5352109825498115,1.1449256445293372,inf,0,0,0,0,-1,inf,0,-1,0,0,7600,0,0,0,1680,5920,1.5113356402439646,3.585860869439825,False
overtake,P4,9011,50,5.0,1.5,21.693180572529357,17.202168997219456,0.002814775855627904,2.198531920033225e-25,1000000000.0,45.47099999999994,45.47099999999994,3.5352109825498115,1.1449256445293372,inf,0,0,0,0,-1,inf,0,-1,0,0,7600,0,0,0,1680,5920,1.5113356402439646,3.585860869439825,False
overtake,P0,9012,50,5.0,1.5,21.730294949602886,17.202168997219456,0.0028077847324673127,2.198531920033225e-25,1000000000.0,45.45699999999992,45.45699999999992,3.5491864830043696,1.4127265165550278,inf,0,0,0,0,-1,inf,0,-1,0,0,7600,0,0,0,1621,5979,1.6696234808616635,3.8839542123264392,False
overtake,P1,9012,50,5.0,1.5,22.790722054851148,17.202168997219456,0.002404300335175486,2.1851098415832407e-25,1000000000.0,45.95999999999998,45.95999999999998,3.047207851647226,1.2279056694858523,inf,0,0,0,0,-1,inf,0,-1,0,0,7600,0,0,0,2225,5375,1.6696234808616635,3.8839542123264392,False
overtake,P2,9012,50,5.0,1.5,21.722450295430967,17.202168997219456,0.0028082796956715905,2.198531920033225e-25,1000000000.0,45.43599999999993,45.43599999999993,3.570150093643247,1.4370042805788403,inf,0,0,0,0,-1,inf,0,-1,0,0,7600,0,0,0,1612,5988,1.6696234808616635,3.8839542123264392,False
overtake,P3,9012,50,5.0,1.5,21.722450295430967,17.202168997219456,0.0028082796956715905,2.198531920033225e-25,1000000000.0,45.43599999999993,45.43599999999993,3.570150093643247,1.4370042805788403,inf,0,0,0,0,-1,inf,0,-1,0,0,7600,0,0,0,1612,5988,1.6696234808616635,3.8839542123264392,False
overtake,P4,9012,50,5.0,1.5,21.730294949602886,17.202168997219456,0.0028077847324673127,2.198531920033225e-25,1000000000.0,45.45699999999992,45.45699999999992,3.5491864830043696,1.4127265165550278,inf,0,0,0,0,-1,inf,0,-1,0,0,7600,0,0,0,1621,5979,1.6696234808616635,3.8839542123264392,False
overtake,P0,9013,50,5.0,1.5,21.660384980014705,17.202168997219456,0.0028127366144836147,2.198531920033225e-25,1000000000.0,45.33833333333325,45.33833333333325,3.6676529918898737,1.4529539492306904,inf,0,0,0,0,-1,inf,0,-1,0,0,7600,0,0,0,1586,6014,1.7397502475244335,3.9757968498745773,False
overtake,P1,9013,50,5.0,1.5,22.632040148173896,17.202168997219456,0.002409669394190272,2.1851098415832407e-25,1000000000.0,45.775666666666645,45.775666666666645,3.2311300090811823,1.4109378783638162,inf,0,0,0,0,-1,inf,0,-1,0,0,7600,0,0,0,2008,5592,1.7397502475244335,3.9757968498745773,False
overtake,P2,9013,50,5.0,1.5,21.660384980014705,17.202168997219456,0.0028127366144836147,2.198531920033225e-25,1000000000.0,45.33833333333325,45.33833333333325,3.6676529918898737,1.4529539492306904,inf,0,0,0,0,-1,inf,0,-1,0,0,7600,0,0,0,1586,6014,1.7397502475244335,3.9757968498745773,False
overtake,P3,9013,50,5.0,1.5,21.660384980014705,17.202168997219456,0.0028127366144836147,2.198531920033225e-25,1000000000.0,45.33833333333325,45.33833333333325,3.6676529918898737,1.4529539492306904,inf,0,0,0,0,-1,inf,0,-1,0,0,7600,0,0,0,1586,6014,1.7397502475244335,3.9757968498745773,False
overtake,P4,9013,50,5.0,1.5,21.660384980014705,17.202168997219456,0.0028127366144836147,2.198531920033225e-25,1000000000.0,45.33833333333325,45.33833333333325,3.6676529918898737,1.4529539492306904,inf,0,0,0,0,-1,inf,0,-1,0,0,7600,0,0,0,1586,6014,1.7397502475244335,3.9757968498745773,False
overtake,P0,9014,50,5.0,1.5,21.761784366747964,17.202168997219456,0.002804824125251708,2.198531920033225e-25,1000000000.0,45.52399999999991,45.52399999999991,3.4823055137568004,1.2188517772217553,inf,0,0,0,0,-1,inf,0,-1,0,0,7600,0,0,0,1575,6025,1.4756193938599602,3.537789174473412,False
overtake,P1,9014,50,5.0,1.5,22.76065423146621,17.202168997219456,0.00240717407133438,2.1851098415832407e-25,1000000000.0,45.893333333333324,45.893333333333324,3.113720197596151,1.227905669485849,inf,0,0,0,0,-1,inf,0,-1,0,0,7600,0,0,0,2106,5494,1.4756193938599602,3.537789174473412,False
overtake,P2,9014,50,5.0,1.5,21.788617987029287,17.202168997219456,0.0027964911638773326,2.1985319200328954e-25,1000000000.0,45.52999999999991,45.52999999999991,3.476316396869107,1.2376037617358286,inf,0,0,0,0,-1,inf,0,-1,0,0,7600,0,0,0,1587,6013,1.4756193938599602,3.537789174473412,False
overtake,P3,9014,50,5.0,1.5,21.761784366747964,17.202168997219456,0.002804824125251708,2.198531920033225e-25,1000000000.0,45.52399999999991,45.52399999999991,3.4823055137568004,1.2188517772217553,inf,0,0,0,0,-1,inf,0,-1,0,0,7600,0,0,0,1575,6025,1.4756193938599602,3.537789174473412,False
overtake,P4,9014,50,5.0,1.5,21.761784366747964,17.202168997219456,0.002804824125251708,2.198531920033225e-25,1000000000.0,45.52399999999991,45.52399999999991,3.4823055137568004,1.2188517772217553,inf,0,0,0,0,-1,inf,0,-1,0,0,7600,0,0,0,1575,6025,1.4756193938599602,3.537789174473412,False
overtake,P0,9015,50,5.0,1.5,21.663194106966017,17.202168997219456,0.0028092365388713097,2.198531920033225e-25,1000000000.0,45.22733333333324,45.22733333333324,3.778477136217559,1.5556532302847597,inf,0,0,0,0,-1,inf,0,-1,0,0,7600,0,0,0,1375,6225,1.7054485788917324,3.8853451910131684,False
overtake,P1,9015,50,5.0,1.5,22.699610623134525,17.202168997219456,0.0024070890489435847,2.1851098415832407e-25,1000000000.0,45.74066666666664,45.74066666666664,3.266057174777919,1.2339243904774162,inf,0,0,0,0,-1,inf,0,-1,0,0,7600,0,0,0,2063,5537,1.7054485788917324,3.8853451910131684,False
overtake,P2,9015,50,5.0,1.5,21.713030566439024,17.202168997219456,0.0027833287724766337,2.197331358113668e-25,1000000000.0,45.26566666666659,45.26566666666659,3.740203354843877,1.5262897657133176,inf,0,0,0,0,-1,inf,0,-1,0,0,7600,0,0,0,1395,6205,1.7054485788917324,3.8853451910131684,False
overtake,P3,9015,50,5.0,1.5,21.663194106966017,17.202168997219456,0.0028092365388713097,2.198531920033225e-25,1000000000.0,45.22733333333324,45.22733333333324,3.778477136217559,1.5556532302847597,inf,0,0,0,0,-1,inf,0,-1,0,0,7600,0,0,0,1375,6225,1.7054485788917324,3.8853451910131684,False
overtake,P4,9015,50,5.0,1.5,21.663194106966017,17.202168997219456,0.0028092365388713097,2.198531920033225e-25,1000000000.0,45.22733333333324,45.22733333333324,3.778477136217559,1.5556532302847597,inf,0,0,0,0,-1,inf,0,-1,0,0,7600,0,0,0,1375,6225,1.7054485788917324,3.8853451910131684,False
overtake,P0,9016,50,5.0,1.5,21.679447833630423,17.202168997219456,0.00281052933429977,2.198531920033225e-25,1000000000.0,45.32733333333326,45.32733333333326,3.678635091387209,1.3358033774308748,inf,0,0,0,0,-1,inf,0,-1,0,0,7600,0,0,0,1468,6132,1.7295659107402748,3.857901806231145,False
overtake,P1,9016,50,5.0,1.5,22.696565067600247,17.202168997219456,0.0024014598299377725,2.1851098415832407e-25,1000000000.0,45.67333333333333,45.67333333333333,3.3332546860765824,1.3485198425542426,inf,0,0,0,0,-1,inf,0,-1,0,0,7600,0,0,0,1842,5758,1.7295659107402748,3.857901806231145,False
overtake,P2,9016,50,5.0,1.5,21.723675425896214,17.202168997219456,0.0027894235187055196,2.1984727898461514e-25,1000000000.0,45.36333333333326,45.36333333333326,3.6426940765847142,1.3210081661406405,inf,0,0,0,0,-1,inf,0,-1,0,0,7600,0,0,0,1490,6110,1.7295659107402748,3.857901806231145,False
overtake,P3,9016,50,5.0,1.5,21.679447833630423,17.202168997219456,0.00281052933429977,2.198531920033225e-25,1000000000.0,45.32733333333326,45.32733333333326,3.678635091387209,1.3358033774308748,inf,0,0,0,0,-1,inf,0,-1,0,0,7600,0,0,0,1468,6132,1.7295659107402748,3.857901806231145,False
overtake,P4,9016,50,5.0,1.5,21.679447833630423,17.202168997219456,0.00281052933429977,2.198531920033225e-25,1000000000.0,45.32733333333326,45.32733333333326,3.678635091387209,1.3358033774308748,inf,0,0,0,0,-1,inf,0,-1,0,0,7600,0,0,0,1468,6132,1.7295659107402748,3.857901806231145,False
overtake,P0,9017,50,5.0,1.5,21.74679562540411,17.202168997219456,0.002807525268624292,2.198531920033225e-25,1000000000.0,45.51333333333325,45.51333333333325,3.4929529249025673,1.2445759119925233,inf,0,0,0,0,-1,inf,0,-1,0,0,7600,0,0,0,1574,6026,1.6019623543179136,3.7139958725942073,False
overtake,P1,9017,50,5.0,1.5,22.761770592146913,17.202168997219456,0.002407755171996122,2.1851098415832407e-25,1000000000.0,45.966666666666654,45.966666666666654,3.0348866912100836,1.1015895019861104,inf,0,0,0,0,-1,inf,1,48,0,1,7600,0,0,0,2223,5377,1.6019623543179136,3.7139958725942073,False
overtake,P2,9017,50,5.0,1.5,21.74679562540411,17.202168997219456,0.002807525268624292,2.198531920033225e-25,1000000000.0,45.51333333333325,45.51333333333325,3.4929529249025673,1.2445759119925233,inf,0,0,0,0,-1,inf,0,-1,0,0,7600,0,0,0,1574,6026,1.6019623543179136,3.7139958725942073,False
overtake,P3,9017,50,5.0,1.5,21.74679562540411,17.202168997219456,0.002807525268624292,2.198531920033225e-25,1000000000.0,45.51333333333325,45.51333333333325,3.4929529249025673,1.2445759119925233,inf,0,0,0,0,-1,inf,0,-1,0,0,7600,0,0,0,1574,6026,1.6019623543179136,3.7139958725942073,False
overtake,P4,9017,50,5.0,1.5,21.74679562540411,17.202168997219456,0.002807525268624292,2.198531920033225e-25,1000000000.0,45.51333333333325,45.51333333333325,3.4929529249025673,1.2445759119925233,inf,0,0,0,0,-1,inf,0,-1,0,0,7600,0,0,0,1574,6026,1.6019623543179136,3.7139958725942073,False
overtake,P0,9018,50,5.0,1.5,21.84491182159995,17.202168997219456,0.0027449932302716137,2.187960100826603e-25,1000000000.0,45.515999999999934,45.515999999999934,3.4902910610923032,1.357899429592602,inf,0,0,0,0,-1,inf,0,-1,0,0,7600,0,0,0,1632,5968,1.6244253770872066,3.7901867091228025,False
overtake,P1,9018,50,5.0,1.5,22.833962849809254,17.202168997219456,0.0024004624051244946,2.1851098415832407e-25,1000000000.0,45.949999999999996,45.949999999999996,3.057184274972708,1.1721773585150048,inf,0,0,0,0,-1,inf,0,-1,0,0,7600,0,0,0,2230,5370,1.6244253770872066,3.7901867091228025,False
overtake,P2,9018,50,5.0,1.5,21.87125871838206,17.202168997219456,0.002742305457138441,2.187960100826603e-25,1000000000.0,45.5646666666666,45.5646666666666,3.441713352714309,1.3337116235913953,inf,0,0,0,0,-1,inf,0,-1,0,0,7600,0,0,0,1671,5929,1.6244253770872066,3.7901867091228025,False
overtake,P3,9018,50,5.0,1.5,21.84491182159995,17.202168997219456,0.0027449932302716137,2.187960100826603e-25,1000000000.0,45.515999999999934,45.515999999999934,3.4902910610923032,1.357899429592602,inf,0,0,0,0,-1,inf,0,-1,0,0,7600,0,0,0,1632,5968,1.6244253770872066,3.7901867091228025,False
overtake,P4,9018,50,5.0,1.5,21.827941439993914,17.202168997219456,0.0027456349596119744,2.187960100826603e-25,1000000000.0,45.46599999999992,45.46599999999992,3.540202210487548,1.3997541779162301,inf,0,0,0,0,-1,inf,0,-1,0,0,7600,0,0,0,1607,5993,1.6244253770872066,3.7901867091228025,False
overtake,P0,9019,50,5.0,1.5,21.71801356228569,17.202168997219456,0.0028069519038186907,2.198531920033225e-25,1000000000.0,45.377666666666585,45.377666666666585,3.6283845536159407,1.3863287249574672,inf,0,0,0,0,-1,inf,0,-1,0,0,7600,0,0,0,1402,6198,1.6346609010236943,3.77174078988068,False
overtake,P1,9019,50,5.0,1.5,22.827879408425524,17.202168997219456,0.002399715115873927,2.1851098415832407e-25,1000000000.0,45.753333333333316,45.753333333333316,3.253416686436727,1.0684844253094505,inf,0,0,0,0,-1,inf,0,-1,0,0,7600,0,0,0,1946,5654,1.6346609010236943,3.77174078988068,False
overtake,P2,9019,50,5.0,1.5,21.771996376525603,17.202168997219456,0.0027961128716450863,2.198531920033225e-25,1000000000.0,45.434333333333235,45.434333333333235,3.571813890577007,1.3828606699026822,inf,0,0,0,0,-1,inf,0,-1,0,0,7600,0,0,0,1449,6151,1.6346609010236943,3.77174078988068,False
overtake,P3,9019,50,5.0,1.5,21.71801356228569,17.202168997219456,0.0028069519038186907,2.198531920033225e-25,1000000000.0,45.377666666666585,45.377666666666585,3.6283845536159407,1.3863287249574672,inf,0,0,0,0,-1,inf,0,-1,0,0,7600,0,0,0,1402,6198,1.6346609010236943,3.77174078988068,False
overtake,P4,9019,50,5.0,1.5,21.705340043572118,17.202168997219456,0.002807458523254502,2.198531920033225e-25,1000000000.0,45.330999999999904,45.330999999999904,3.6749743796577796,1.4174562616729403,inf,0,0,0,0,-1,inf,0,-1,0,0,7600,0,0,0,1382,6218,1.6346609010236943,3.77174078988068,False
intersection_turn,P0,9000,50,5.0,1.5,18.47371869315957,14.72403780401211,0.009570350334621561,2.2614855272116717e-15,999999999.9999979,42.92999999999997,42.92999999999997,5.132728319324946,3.9550147740798045,inf,0,0,0,0,-1,inf,0,-1,0,0,7600,0,0,0,795,6805,1.7750604023869527,3.977239932993864,False
intersection_turn,P1,9000,50,5.0,1.5,18.472580227191653,14.72403780401211,0.009570902211553406,2.2614855272116717e-15,999999999.9999979,42.889999999999986,42.889999999999986,5.17224322707277,3.9550147740798045,inf,0,0,0,0,-1,inf,0,-1,0,0,7600,0,0,0,771,6829,1.7750604023869527,3.977239932993864,False
intersection_turn,P2,9000,50,5.0,1.5,18.47371869315957,14.72403780401211,0.009570350334621561,2.2614855272116717e-15,999999999.9999979,42.92999999999997,42.92999999999997,5.132728319324946,3.9550147740798045,inf,0,0,0,0,-1,inf,0,-1,0,0,7600,0,0,0,795,6805,1.7750604023869527,3.977239932993864,False
intersection_turn,P3,9000,50,5.0,1.5,18.47371869315957,14.72403780401211,0.009570350334621561,2.2614855272116717e-15,999999999.9999979,42.92999999999997,42.92999999999997,5.132728319324946,3.9550147740798045,inf,0,0,0,0,-1,inf,0,-1,0,0,7600,0,0,0,795,6805,1.7750604023869527,3.977239932993864,False
intersection_turn,P4,9000,50,5.0,1.5,18.47371869315957,14.72403780401211,0.009570350334621561,2.2614855272116717e-15,999999999.9999979,42.92999999999997,42.92999999999997,5.132728319324946,3.9550147740798045,inf,0,0,0,0,-1,inf,0,-1,0,0,7600,0,0,0,795,6805,1.7750604023869527,3.977239932993864,False
intersection_turn,P0,9001,50,5.0,1.5,18.46977234859719,14.72403780401211,0.009572269114031069,2.2614855272116717e-15,999999999.9999979,42.79133333333331,42.79133333333331,5.269744628010418,3.9550147740798045,inf,0,0,0,0,-1,inf,0,-1,0,0,7600,0,0,0,736,6864,1.682506057521995,3.6673418076132815,False
intersection_turn,P1,9001,50,5.0,1.5,18.467223076904222,14.72403780401211,0.009573578104041008,2.2614855272116717e-15,999999999.9999979,42.739999999999995,42.739999999999995,5.320488699358364,3.9550147740798045,inf,0,0,0,0,-1,inf,0,-1,0,0,7600,0,0,0,709,6891,1.682506057521995,3.6673418076132815,False
intersection_turn,P2,9001,50,5.0,1.5,18.46977234859719,14.72403780401211,0.009572269114031069,2.2614855272116717e-15,999999999.9999979,42.79133333333331,42.79133333333331,5.269744628010418,3.9550147740798045,inf,0,0,0,0,-1,inf,0,-1,0,0,7600,0,0,0,736,6864,1.682506057521995,3.6673418076132815,False
intersection_turn,P3,9001,50,5.0,1.5,18.46977234859719,14.72403780401211,0.009572269114031069,2.2614855272116717e-15,999999999.9999979,42.79133333333331,42.79133333333331,5.269744628010418,3.9550147740798045,inf,0,0,0,0,-1,inf,0,-1,0,0,7600,0,0,0,736,6864,1.682506057521995,3.6673418076132815,False
intersection_turn,P4,9001,50,5.0,1.5,18.46977234859719,14.72403780401211,0.009572269114031069,2.2614855272116717e-15,999999999.9999979,42.79133333333331,42.79133333333331,5.269744628010418,3.9550147740798045,inf,0,0,0,0,-1,inf,0,-1,0,0,7600,0,0,0,736,6864,1.682506057521995,3.6673418076132815,False
intersection_turn,P0,9002,50,5.0,1.5,18.88703881743128,14.72403780401211,0.008712236474732396,2.1131514094617817e-15,999999999.9999979,43.93000000000003,43.93000000000003,4.147878976055084,3.2696391047406856,inf,0,0,0,0,-1,inf,0,-1,0,0,7600,0,0,0,1115,6485,1.6613156227064898,3.6929355065140435,False
intersection_turn,P1,9002,50,5.0,1.5,18.88703881743128,14.72403780401211,0.008712236474732396,2.1131514094617817e-15,999999999.9999979,43.93000000000003,43.93000000000003,4.147878976055084,3.2696391047406856,inf,0,0,0,0,-1,inf,0,-1,0,0,7600,0,0,0,1115,6485,1.6613156227064898,3.6929355065140435,False
intersection_turn,P2,9002,50,5.0,1.5,18.88703881743128,14.72403780401211,0.008712236474732396,2.1131514094617817e-15,999999999.9999979,43.93000000000003,43.93000000000003,4.147878976055084,3.2696391047406856,inf,0,0,0,0,-1,inf,0,-1,0,0,7600,0,0,0,1115,6485,1.6613156227064898,3.6929355065140435,False
intersection_turn,P3,9002,50,5.0,1.5,18.88703881743128,14.72403780401211,0.008712236474732396,2.1131514094617817e-15,999999999.9999979,43.93000000000003,43.93000000000003,4.147878976055084,3.2696391047406856,inf,0,0,0,0,-1,inf,0,-1,0,0,7600,0,0,0,1115,6485,1.6613156227064898,3.6929355065140435,False
intersection_turn,P4,9002,50,5.0,1.5,18.88703881743128,14.72403780401211,0.008712236474732396,2.1131514094617817e-15,999999999.9999979,43.93000000000003,43.93000000000003,4.147878976055084,3.2696391047406856,inf,0,0,0,0,-1,inf,0,-1,0,0,7600,0,0,0,1115,6485,1.6613156227064898,3.6929355065140435,False
intersection_turn,P0,9003,50,5.0,1.5,18.888092543958184,14.72403780401211,0.008711928947027759,2.1131514094617817e-15,999999999.9999979,43.801666666666684,43.801666666666684,4.2738744457199065,3.2696391047406856,inf,0,0,0,0,-1,inf,0,-1,0,0,7600,0,0,0,1122,6478,1.7389684518276498,3.7694450536013955,False
intersection_turn,P1,9003,50,5.0,1.5,18.888761356154404,14.72403780401211,0.00871163760168155,2.1131514094617817e-15,999999999.9999979,43.740000000000016,43.740000000000016,4.334466518500271,3.2696391047406856,inf,0,0,0,0,-1,inf,0,-1,0,0,7600,0,0,0,1110,6490,1.7389684518276498,3.7694450536013955,False
intersection_turn,P2,9003,50,5.0,1.5,18.888092543958184,14.72403780401211,0.008711928947027759,2.1131514094617817e-15,999999999.9999979,43.801666666666684,43.801666666666684,4.2738744457199065,3.2696391047406856,inf,0,0,0,0,-1,inf,0,-1,0,0,7600,0,0,0,1122,6478,1.7389684518276498,3.7694450536013955,False
intersection_turn,P3,9003,50,5.0,1.5,18.888092543958184,14.72403780401211,0.008711928947027759,2.1131514094617817e-15,999999999.9999979,43.801666666666684,43.801666666666684,4.2738744457199065,3.2696391047406856,inf,0,0,0,0,-1,inf,0,-1,0,0,7600,0,0,0,1122,6478,1.7389684518276498,3.7694450536013955,False
intersection_turn,P4,9003,50,5.0,1.5,18.888092543958184,14.72403780401211,0.008711928947027759,2.1131514094617817e-15,999999999.9999979,43.801666666666684,43.801666666666684,4.2738744457199065,3.2696391047406856,inf,0,0,0,0,-1,inf,0,-1,0,0,7600,0,0,0,1122,6478,1.7389684518276498,3.7694450536013955,False
intersection_turn,P0,9004,50,5.0,1.5,18.4736933624184,14.72403780401211,0.009570330034527612,2.2614855272116717e-15,999999999.9999979,42.868333333333304,42.868333333333304,5.193650236373074,3.9550147740798045,inf,0,0,0,0,-1,inf,0,-1,0,0,7600,0,0,0,704,6896,1.7685627662764722,3.863197801095528,False
intersection_turn,P1,9004,50,5.0,1.5,18.47277473560714,14.72403780401211,0.009570797423965943,2.2614855272116717e-15,999999999.9999979,42.86999999999999,42.86999999999999,5.192003466870963,3.9550147740798045,inf,0,0,0,0,-1,inf,0,-1,0,0,7600,0,0,0,714,6886,1.7685627662764722,3.863197801095528,False
intersection_turn,P2,9004,50,5.0,1.5,18.4736933624184,14.72403780401211,0.009570330034527612,2.2614855272116717e-15,999999999.9999979,42.868333333333304,42.868333333333304,5.193650236373074,3.9550147740798045,inf,0,0,0,0,-1,inf,0,-1,0,0,7600,0,0,0,704,6896,1.7685627662764722,3.863197801095528,False
intersection_turn,P3,9004,50,5.0,1.5,18.4736933624184,14.72403780401211,0.009570330034527612,2.2614855272116717e-15,999999999.9999979,42.868333333333304,42.868333333333304,5.193650236373074,3.9550147740798045,inf,0,0,0,0,-1,inf,0,-1,0,0,7600,0,0,0,704,6896,1.7685627662764722,3.863197801095528,False
intersection_turn,P4,9004,50,5.0,1.5,18.4736933624184,14.72403780401211,0.009570330034527612,2.2614855272116717e-15,999999999.9999979,42.868333333333304,42.868333333333304,5.193650236373074,3.9550147740798045,inf,0,0,0,0,-1,inf,0,-1,0,0,7600,0,0,0,704,6896,1.7685627662764722,3.863197801095528,False
intersection_turn,P0,9005,50,5.0,1.5,18.468961396964545,14.72403780401211,0.0095731027754825,2.2614855272116717e-15,999999999.9999979,42.84333333333333,42.84333333333333,5.218353294968748,3.9550147740798045,inf,0,0,0,0,-1,inf,0,-1,0,0,7600,0,0,0,878,6722,1.6097246868287052,3.587151959502908,False
intersection_turn,P1,9005,50,5.0,1.5,18.468716837654387,14.72403780401211,0.009573215526990364,2.2614855272116717e-15,999999999.9999979,42.83,42.83,5.231529413087536,3.9550147740798045,inf,0,0,0,0,-1,inf,0,-1,0,0,7600,0,0,0,876,6724,1.6097246868287052,3.587151959502908,False
intersection_turn,P2,9005,50,5.0,1.5,18.468961396964545,14.72403780401211,0.0095731027754825,2.2614855272116717e-15,999999999.9999979,42.84333333333333,42.84333333333333,5.218353294968748,3.9550147740798045,inf,0,0,0,0,-1,inf,0,-1,0,0,7600,0,0,0,878,6722,1.6097246868287052,3.587151959502908,False
intersection_turn,P3,9005,50,5.0,1.5,18.468961396964545,14.72403780401211,0.0095731027754825,2.2614855272116717e-15,999999999.9999979,42.84333333333333,42.84333333333333,5.218353294968748,3.9550147740798045,inf,0,0,0,0,-1,inf,0,-1,0,0,7600,0,0,0,878,6722,1.6097246868287052,3.587151959502908,False
intersection_turn,P4,9005,50,5.0,1.5,18.468961396964545,14.72403780401211,0.0095731027754825,2.2614855272116717e-15,999999999.9999979,42.84333333333333,42.84333333333333,5.218353294968748,3.9550147740798045,inf,0,0,0,0,-1,inf,0,-1,0,0,7600,0,0,0,878,6722,1.6097246868287052,3.587151959502908,False
intersection_turn,P0,9006,50,5.0,1.5,18.46484513808628,14.72403780401211,0.00957494262112258,2.2614855272116717e-15,999999999.9999979,42.72999999999999,42.72999999999999,5.3303752213141715,3.9550147740798045,inf,0,0,0,0,-1,inf,0,-1,0,0,7600,0,0,0,829,6771,1.621137218101975,3.5977236448731134,False
intersection_turn,P1,9006,50,5.0,1.5,18.46484513808628,14.72403780401211,0.00957494262112258,2.2614855272116717e-15,999999999.9999979,42.72999999999999,42.72999999999999,5.3303752213141715,3.9550147740798045,inf,0,0,0,0,-1,inf,0,-1,0,0,7600,0,0,0,829,6771,1.621137218101975,3.5977236448731134,False
intersection_turn,P2,9006,50,5.0,1.5,18.46484513808628,14.72403780401211,0.00957494262112258,2.2614855272116717e-15,999999999.9999979,42.72999999999999,42.72999999999999,5.3303752213141715,3.9550147740798045,inf,0,0,0,0,-1,inf,0,-1,0,0,7600,0,0,0,829,6771,1.621137218101975,3.5977236448731134,False
intersection_turn,P3,9006,50,5.0,1.5,18.46484513808628,14.72403780401211,0.00957494262112258,2.2614855272116717e-15,999999999.9999979,42.72999999999999,42.72999999999999,5.3303752213141715,3.9550147740798045,inf,0,0,0,0,-1,inf,0,-1,0,0,7600,0,0,0,829,6771,1.621137218101975,3.5977236448731134,False
intersection_turn,P4,9006,50,5.0,1.5,18.46484513808628,14.72403780401211,0.00957494262112258,2.2614855272116717e-15,999999999.9999979,42.72999999999999,42.72999999999999,5.3303752213141715,3.9550147740798045,inf,0,0,0,0,-1,inf,0,-1,0,0,7600,0,0,0,829,6771,1.621137218101975,3.5977236448731134,False
intersection_turn,P0,9007,50,5.0,1.5,18.462885110646305,14.72403780401211,0.009575845149387113,2.2614855272116717e-15,999999999.9999979,42.673999999999985,42.673999999999985,5.385747487582402,3.9550147740798045,inf,0,0,0,0,-1,inf,0,-1,0,0,7600,0,0,0,634,6966,1.7660825452214206,3.846577997886988,False
intersection_turn,P1,9007,50,5.0,1.5,18.462142450945258,14.72403780401211,0.009576218520808599,2.2614855272116717e-15,999999999.9999979,42.65466666666665,42.65466666666665,5.404867107010554,3.9550147740798045,inf,0,0,0,0,-1,inf,0,-1,0,0,7600,0,0,0,624,6976,1.7660825452214206,3.846577997886988,False
intersection_turn,P2,9007,50,5.0,1.5,18.462885110646305,14.72403780401211,0.009575845149387113,2.2614855272116717e-15,999999999.9999979,42.673999999999985,42.673999999999985,5.385747487582402,3.9550147740798045,inf,0,0,0,0,-1,inf,0,-1,0,0,7600,0,0,0,634,6966,1.7660825452214206,3.846577997886988,False
intersection_turn,P3,9007,50,5.0,1.5,18.462885110646305,14.72403780401211,0.009575845149387113,2.2614855272116717e-15,999999999.9999979,42.673999999999985,42.673999999999985,5.385747487582402,3.9550147740798045,inf,0,0,0,0,-1,inf,0,-1,0,0,7600,0,0,0,634,6966,1.7660825452214206,3.846577997886988,False
intersection_turn,P4,9007,50,5.0,1.5,18.462885110646305,14.72403780401211,0.009575845149387113,2.2614855272116717e-15,999999999.9999979,42.673999999999985,42.673999999999985,5.385747487582402,3.9550147740798045,inf,0,0,0,0,-1,inf,0,-1,0,0,7600,0,0,0,634,6966,1.7660825452214206,3.846577997886988,False
intersection_turn,P0,9008,50,5.0,1.5,18.474349542498025,14.72403780401211,0.009570005194446389,2.2614855272116717e-15,999999999.9999979,42.906666666666645,42.906666666666645,5.155777772988734,3.9550147740798045,inf,0,0,0,0,-1,inf,0,-1,0,0,7600,0,0,0,683,6917,1.612874512419017,3.614449253108861,False
intersection_turn,P1,9008,50,5.0,1.5,18.473982602777326,14.72403780401211,0.009570176309936501,2.2614855272116717e-15,999999999.9999979,42.889999999999986,42.889999999999986,5.17224322707277,3.9550147740798045,inf,0,0,0,0,-1,inf,0,-1,0,0,7600,0,0,0,680,6920,1.612874512419017,3.614449253108861,False
intersection_turn,P2,9008,50,5.0,1.5,18.474349542498025,14.72403780401211,0.009570005194446389,2.2614855272116717e-15,999999999.9999979,42.906666666666645,42.906666666666645,5.155777772988734,3.9550147740798045,inf,0,0,0,0,-1,inf,0,-1,0,0,7600,0,0,0,683,6917,1.612874512419017,3.614449253108861,False
intersection_turn,P3,9008,50,5.0,1.5,18.474349542498025,14.72403780401211,0.009570005194446389,2.2614855272116717e-15,999999999.9999979,42.906666666666645,42.906666666666645,5.155777772988734,3.9550147740798045,inf,0,0,0,0,-1,inf,0,-1,0,0,7600,0,0,0,683,6917,1.612874512419017,3.614449253108861,False
intersection_turn,P4,9008,50,5.0,1.5,18.474349542498025,14.72403780401211,0.009570005194446389,2.2614855272116717e-15,999999999.9999979,42.906666666666645,42.906666666666645,5.155777772988734,3.9550147740798045,inf,0,0,0,0,-1,inf,0,-1,0,0,7600,0,0,0,683,6917,1.612874512419017,3.614449253108861,False
intersection_turn,P0,9009,50,5.0,1.5,18.888975642845104,14.72403780401211,0.008711349374752885,2.1131514094617817e-15,999999999.9999979,43.87000000000002,43.87000000000002,4.206768355876021,3.2696391047406856,inf,0,0,0,0,-1,inf,0,-1,0,0,7600,0,0,0,1045,6555,1.578875368870595,3.5968439904691327,False
intersection_turn,P1,9009,50,5.0,1.5,18.888975642845104,14.72403780401211,0.008711349374752885,2.1131514094617817e-15,999999999.9999979,43.87000000000002,43.87000000000002,4.206768355876021,3.2696391047406856,inf,0,0,0,0,-1,inf,0,-1,0,0,7600,0,0,0,1045,6555,1.578875368870595,3.5968439904691327,False
intersection_turn,P2,9009,50,5.0,1.5,18.888975642845104,14.72403780401211,0.008711349374752885,2.1131514094617817e-15,999999999.9999979,43.87000000000002,43.87000000000002,4.206768355876021,3.2696391047406856,inf,0,0,0,0,-1,inf,0,-1,0,0,7600,0,0,0,1045,6555,1.578875368870595,3.5968439904691327,False
intersection_turn,P3,9009,50,5.0,1.5,18.888975642845104,14.72403780401211,0.008711349374752885,2.1131514094617817e-15,999999999.9999979,43.87000000000002,43.87000000000002,4.206768355876021,3.2696391047406856,inf,0,0,0,0,-1,inf,0,-1,0,0,7600,0,0,0,1045,6555,1.578875368870595,3.5968439904691327,False
intersection_turn,P4,9009,50,5.0,1.5,19.321367190552913,14.72403780401211,0.008603816182158002,2.1131514094617817e-15,999999999.9999979,43.84500000000002,43.84124358438476,4.19895739501406,3.2696391047406856,inf,0,0,0,0,-1,inf,0,-1,0,0,7600,196,0,0,869,6535,1.578875368870595,3.5968439904691327,False
intersection_turn,P0,9010,50,5.0,1.5,18.475284544218624,14.72403780401211,0.00956957262343436,2.2614855272116717e-15,999999999.9999979,42.93999999999998,42.93999999999998,5.12285076885909,3.9550147740798045,inf,0,0,0,0,-1,inf,0,-1,0,0,7600,0,0,0,691,6909,1.5752701426179627,3.613638173581725,False
intersection_turn,P1,9010,50,5.0,1.5,18.475284544218624,14.72403780401211,0.00956957262343436,2.2614855272116717e-15,999999999.9999979,42.93999999999998,42.93999999999998,5.12285076885909,3.9550147740798045,inf,0,0,0,0,-1,inf,0,-1,0,0,7600,0,0,0,691,6909,1.5752701426179627,3.613638173581725,False
intersection_turn,P2,9010,50,5.0,1.5,18.475284544218624,14.72403780401211,0.00956957262343436,2.2614855272116717e-15,999999999.9999979,42.93999999999998,42.93999999999998,5.12285076885909,3.9550147740798045,inf,0,0,0,0,-1,inf,0,-1,0,0,7600,0,0,0,691,6909,1.5752701426179627,3.613638173581725,False
intersection_turn,P3,9010,50,5.0,1.5,18.475284544218624,14.72403780401211,0.00956957262343436,2.2614855272116717e-15,999999999.9999979,42.93999999999998,42.93999999999998,5.12285076885909,3.9550147740798045,inf,0,0,0,0,-1,inf,0,-1,0,0,7600,0,0,0,691,6909,1.5752701426179627,3.613638173581725,False
intersection_turn,P4,9010,50,5.0,1.5,18.475284544218624,14.72403780401211,0.00956957262343436,2.2614855272116717e-15,999999999.9999979,42.93999999999998,42.93999999999998,5.12285076885909,3.9550147740798045,inf,0,0,0,0,-1,inf,0,-1,0,0,7600,0,0,0,691,6909,1.5752701426179627,3.613638173581725,False
intersection_turn,P0,9011,50,5.0,1.5,18.47508743961791,14.72403780401211,0.009569651409857244,2.2614855272116717e-15,999999999.9999979,42.889999999999986,42.889999999999986,5.17224322707277,3.9550147740798045,inf,0,0,0,0,-1,inf,0,-1,0,0,7600,0,0,0,687,6913,1.5627160130129893,3.6435845367889272,False
intersection_turn,P1,9011,50,5.0,1.5,18.47508743961791,14.72403780401211,0.009569651409857244,2.2614855272116717e-15,999999999.9999979,42.889999999999986,42.889999999999986,5.17224322707277,3.9550147740798045,inf,0,0,0,0,-1,inf,0,-1,0,0,7600,0,0,0,687,6913,1.5627160130129893,3.6435845367889272,False
intersection_turn,P2,9011,50,5.0,1.5,18.47508743961791,14.72403780401211,0.009569651409857244,2.2614855272116717e-15,999999999.9999979,42.889999999999986,42.889999999999986,5.17224322707277,3.9550147740798045,inf,0,0,0,0,-1,inf,0,-1,0,0,7600,0,0,0,687,6913,1.5627160130129893,3.6435845367889272,False
intersection_turn,P3,9011,50,5.0,1.5,18.47508743961791,14.72403780401211,0.009569651409857244,2.2614855272116717e-15,999999999.9999979,42.889999999999986,42.889999999999986,5.17224322707277,3.9550147740798045,inf,0,0,0,0,-1,inf,0,-1,0,0,7600,0,0,0,687,6913,1.5627160130129893,3.6435845367889272,False
intersection_turn,P4,9011,50,5.0,1.5,18.50795179192802,14.72403780401211,0.009558920577056424,2.2614855272116717e-15,999999999.9999979,42.889999999999986,42.88947193965437,5.168432140536776,3.9550147740798045,inf,0,0,0,0,-1,inf,0,-1,0,0,7600,23,0,0,665,6912,1.5627160130129893,3.6435845367889272,False
intersection_turn,P0,9012,50,5.0,1.5,18.886833575062873,14.72403780401211,0.008712396350820144,2.1131514094617817e-15,999999999.9999979,43.89000000000002,43.89000000000002,4.1871350587245,3.2696391047406856,inf,0,0,0,0,-1,inf,0,-1,0,0,7600,0,0,0,1160,6440,1.7126610683333732,3.81788998531909,False
intersection_turn,P1,9012,50,5.0,1.5,18.886833575062873,14.72403780401211,0.008712396350820144,2.1131514094617817e-15,999999999.9999979,43.89000000000002,43.89000000000002,4.1871350587245,3.2696391047406856,inf,0,0,0,0,-1,inf,0,-1,0,0,7600,0,0,0,1160,6440,1.7126610683333732,3.81788998531909,False
intersection_turn,P2,9012,50,5.0,1.5,18.886833575062873,14.72403780401211,0.008712396350820144,2.1131514094617817e-15,999999999.9999979,43.89000000000002,43.89000000000002,4.1871350587245,3.2696391047406856,inf,0,0,0,0,-1,inf,0,-1,0,0,7600,0,0,0,1160,6440,1.7126610683333732,3.81788998531909,False
intersection_turn,P3,9012,50,5.0,1.5,18.886833575062873,14.72403780401211,0.008712396350820144,2.1131514094617817e-15,999999999.9999979,43.89000000000002,43.89000000000002,4.1871350587245,3.2696391047406856,inf,0,0,0,0,-1,inf,0,-1,0,0,7600,0,0,0,1160,6440,1.7126610683333732,3.81788998531909,False
intersection_turn,P4,9012,50,5.0,1.5,18.886833575062873,14.72403780401211,0.008712396350820144,2.1131514094617817e-15,999999999.9999979,43.89000000000002,43.89000000000002,4.1871350587245,3.2696391047406856,inf,0,0,0,0,-1,inf,0,-1,0,0,7600,0,0,0,1160,6440,1.7126610683333732,3.81788998531909,False
intersection_turn,P0,9013,50,5.0,1.5,18.47089242151714,14.72403780401211,0.009571823683031624,2.2614855272116717e-15,999999999.9999979,42.88,42.88,5.182123117024524,3.9550147740798045,inf,0,0,0,0,-1,inf,0,-1,0,0,7600,0,0,0,800,6800,1.7837190472773954,3.9643585836287603,False
intersection_turn,P1,9013,50,5.0,1.5,18.47089242151714,14.72403780401211,0.009571823683031624,2.2614855272116717e-15,999999999.9999979,42.88,42.88,5.182123117024524,3.9550147740798045,inf,0,0,0,0,-1,inf,0,-1,0,0,7600,0,0,0,800,6800,1.7837190472773954,3.9643585836287603,False
intersection_turn,P2,9013,50,5.0,1.5,18.47089242151714,14.72403780401211,0.009571823683031624,2.2614855272116717e-15,999999999.9999979,42.88,42.88,5.182123117024524,3.9550147740798045,inf,0,0,0,0,-1,inf,0,-1,0,0,7600,0,0,0,800,6800,1.7837190472773954,3.9643585836287603,False
intersection_turn,P3,9013,50,5.0,1.5,18.47089242151714,14.72403780401211,0.009571823683031624,2.2614855272116717e-15,999999999.9999979,42.88,42.88,5.182123117024524,3.9550147740798045,inf,0,0,0,0,-1,inf,0,-1,0,0,7600,0,0,0,800,6800,1.7837190472773954,3.9643585836287603,False
intersection_turn,P4,9013,50,5.0,1.5,18.47089242151714,14.72403780401211,0.009571823683031624,2.2614855272116717e-15,999999999.9999979,42.88,42.88,5.182123117024524,3.9550147740798045,inf,0,0,0,0,-1,inf,0,-1,0,0,7600,0,0,0,800,6800,1.7837190472773954,3.9643585836287603,False
intersection_turn,P0,9014,50,5.0,1.5,18.476041538716235,14.72403780401211,0.009569232405585415,2.2614855272116717e-15,999999999.9999979,43.009999999999984,43.009999999999984,5.053721401106333,3.9550147740798045,inf,0,0,0,0,-1,inf,0,-1,0,0,7600,0,0,0,781,6819,1.5667190559384374,3.5372148251850284,False
intersection_turn,P1,9014,50,5.0,1.5,18.476041538716235,14.72403780401211,0.009569232405585415,2.2614855272116717e-15,999999999.9999979,43.009999999999984,43.009999999999984,5.053721401106333,3.9550147740798045,inf,0,0,0,0,-1,inf,0,-1,0,0,7600,0,0,0,781,6819,1.5667190559384374,3.5372148251850284,False
intersection_turn,P2,9014,50,5.0,1.5,18.476041538716235,14.72403780401211,0.009569232405585415,2.2614855272116717e-15,999999999.9999979,43.009999999999984,43.009999999999984,5.053721401106333,3.9550147740798045,inf,0,0,0,0,-1,inf,0,-1,0,0,7600,0,0,0,781,6819,1.5667190559384374,3.5372148251850284,False
intersection_turn,P3,9014,50,5.0,1.5,18.476041538716235,14.72403780401211,0.009569232405585415,2.2614855272116717e-15,999999999.9999979,43.009999999999984,43.009999999999984,5.053721401106333,3.9550147740798045,inf,0,0,0,0,-1,inf,0,-1,0,0,7600,0,0,0,781,6819,1.5667190559384374,3.5372148251850284,False
intersection_turn,P4,9014,50,5.0,1.5,18.476041538716235,14.72403780401211,0.009569232405585415,2.2614855272116717e-15,999999999.9999979,43.009999999999984,43.009999999999984,5.053721401106333,3.9550147740798045,inf,0,0,0,0,-1,inf,0,-1,0,0,7600,0,0,0,781,6819,1.5667190559384374,3.5372148251850284,False
intersection_turn,P0,9015,50,5.0,1.5,18.889573013876298,14.72403780401211,0.008711077486747414,2.1131514094617817e-15,999999999.9999979,43.8866666666667,43.8866666666667,4.190407034061351,3.2696391047406856,inf,0,0,0,0,-1,inf,0,-1,0,0,7600,0,0,0,1161,6439,1.7507140148664397,3.833633017140656,False
intersection_turn,P1,9015,50,5.0,1.5,18.887385355300115,14.72403780401211,0.0087120653862269,2.1131514094617817e-15,999999999.9999979,43.97000000000003,43.97000000000003,4.108637243661185,3.2696391047406856,inf,0,0,0,0,-1,inf,0,-1,0,0,7600,0,0,0,1181,6419,1.7507140148664397,3.833633017140656,False
intersection_turn,P2,9015,50,5.0,1.5,18.889573013876298,14.72403780401211,0.008711077486747414,2.1131514094617817e-15,999999999.9999979,43.8866666666667,43.8866666666667,4.190407034061351,3.2696391047406856,inf,0,0,0,0,-1,inf,0,-1,0,0,7600,0,0,0,1161,6439,1.7507140148664397,3.833633017140656,False
intersection_turn,P3,9015,50,5.0,1.5,18.889573013876298,14.72403780401211,0.008711077486747414,2.1131514094617817e-15,999999999.9999979,43.8866666666667,43.8866666666667,4.190407034061351,3.2696391047406856,inf,0,0,0,0,-1,inf,0,-1,0,0,7600,0,0,0,1161,6439,1.7507140148664397,3.833633017140656,False
intersection_turn,P4,9015,50,5.0,1.5,18.889573013876298,14.72403780401211,0.008711077486747414,2.1131514094617817e-15,999999999.9999979,43.8866666666667,43.8866666666667,4.190407034061351,3.2696391047406856,inf,0,0,0,0,-1,inf,0,-1,0,0,7600,0,0,0,1161,6439,1.7507140148664397,3.833633017140656,False
intersection_turn,P0,9016,50,5.0,1.5,18.470905727637867,14.72403780401211,0.009571619983747075,2.2614855272116717e-15,999999999.9999979,42.76399999999999,42.76399999999999,5.296762784947059,3.9550147740798045,inf,0,0,0,0,-1,inf,0,-1,0,0,7600,0,0,0,634,6966,1.8224816788831766,3.8649352115622553,False
intersection_turn,P1,9016,50,5.0,1.5,18.470312280524343,14.72403780401211,0.009571907025547237,2.2614855272116717e-15,999999999.9999979,42.74499999999998,42.74499999999998,5.315545597584521,3.9550147740798045,inf,0,0,0,0,-1,inf,0,-1,0,0,7600,0,0,0,630,6970,1.8224816788831766,3.8649352115622553,False
intersection_turn,P2,9016,50,5.0,1.5,18.470905727637867,14.72403780401211,0.009571619983747075,2.2614855272116717e-15,999999999.9999979,42.76399999999999,42.76399999999999,5.296762784947059,3.9550147740798045,inf,0,0,0,0,-1,inf,0,-1,0,0,7600,0,0,0,634,6966,1.8224816788831766,3.8649352115622553,False
intersection_turn,P3,9016,50,5.0,1.5,18.470905727637867,14.72403780401211,0.009571619983747075,2.2614855272116717e-15,999999999.9999979,42.76399999999999,42.76399999999999,5.296762784947059,3.9550147740798045,inf,0,0,0,0,-1,inf,0,-1,0,0,7600,0,0,0,634,6966,1.8224816788831766,3.8649352115622553,False
intersection_turn,P4,9016,50,5.0,1.5,18.63673686259344,14.72403780401211,0.00951820474600636,2.2614855272116717e-15,999999999.9999979,42.76399999999999,42.761983511883564,5.282829916199792,3.9550147740798045,inf,0,0,0,0,-1,inf,0,-1,0,0,7600,96,0,0,581,6923,1.8224816788831766,3.8649352115622553,False
intersection_turn,P0,9017,50,5.0,1.5,18.47440199132434,14.72403780401211,0.009569963094356421,2.2614855272116717e-15,999999999.9999979,42.84999999999998,42.84999999999998,5.211765535785374,3.9550147740798045,inf,0,0,0,0,-1,inf,0,-1,0,0,7600,0,0,0,732,6868,1.6013145330173364,3.6399410007587303,False
intersection_turn,P1,9017,50,5.0,1.5,18.47440199132434,14.72403780401211,0.009569963094356421,2.2614855272116717e-15,999999999.9999979,42.84999999999998,42.84999999999998,5.211765535785374,3.9550147740798045,inf,0,0,0,0,-1,inf,0,-1,0,0,7600,0,0,0,732,6868,1.6013145330173364,3.6399410007587303,False
intersection_turn,P2,9017,50,5.0,1.5,18.47440199132434,14.72403780401211,0.009569963094356421,2.2614855272116717e-15,999999999.9999979,42.84999999999998,42.84999999999998,5.211765535785374,3.9550147740798045,inf,0,0,0,0,-1,inf,0,-1,0,0,7600,0,0,0,732,6868,1.6013145330173364,3.6399410007587303,False
intersection_turn,P3,9017,50,5.0,1.5,18.47440199132434,14.72403780401211,0.009569963094356421,2.2614855272116717e-15,999999999.9999979,42.84999999999998,42.84999999999998,5.211765535785374,3.9550147740798045,inf,0,0,0,0,-1,inf,0,-1,0,0,7600,0,0,0,732,6868,1.6013145330173364,3.6399410007587303,False
intersection_turn,P4,9017,50,5.0,1.5,18.538452799762116,14.72403780401211,0.009550466288265294,2.2614855272116717e-15,999999999.9999979,42.84999999999998,42.849465687619116,5.2079963766395405,3.9550147740798045,inf,0,0,0,0,-1,inf,0,-1,0,0,7600,23,0,0,714,6863,1.6013145330173364,3.6399410007587303,False
intersection_turn,P0,9018,50,5.0,1.5,18.887671824236016,14.72403780401211,0.008711955250453015,2.1131514094617817e-15,999999999.9999979,43.92000000000003,43.92000000000003,4.157691667259581,3.2696391047406856,inf,0,0,0,0,-1,inf,0,-1,0,0,7600,0,0,0,1108,6492,1.7093776381043788,3.8440636066910634,False
intersection_turn,P1,9018,50,5.0,1.5,18.887671824236016,14.72403780401211,0.008711955250453015,2.1131514094617817e-15,999999999.9999979,43.92000000000003,43.92000000000003,4.157691667259581,3.2696391047406856,inf,0,0,0,0,-1,inf,0,-1,0,0,7600,0,0,0,1108,6492,1.7093776381043788,3.8440636066910634,False
intersection_turn,P2,9018,50,5.0,1.5,18.887671824236016,14.72403780401211,0.008711955250453015,2.1131514094617817e-15,999999999.9999979,43.92000000000003,43.92000000000003,4.157691667259581,3.2696391047406856,inf,0,0,0,0,-1,inf,0,-1,0,0,7600,0,0,0,1108,6492,1.7093776381043788,3.8440636066910634,False
intersection_turn,P3,9018,50,5.0,1.5,18.887671824236016,14.72403780401211,0.008711955250453015,2.1131514094617817e-15,999999999.9999979,43.92000000000003,43.92000000000003,4.157691667259581,3.2696391047406856,inf,0,0,0,0,-1,inf,0,-1,0,0,7600,0,0,0,1108,6492,1.7093776381043788,3.8440636066910634,False
intersection_turn,P4,9018,50,5.0,1.5,19.066502581092962,14.72403780401211,0.008665046561879051,2.1131514094617817e-15,999999999.9999979,43.92000000000002,43.918471642668464,4.143757747567453,3.2696391047406856,inf,0,0,0,0,-1,inf,0,-1,0,0,7600,71,0,0,1040,6489,1.7093776381043788,3.8440636066910634,False
intersection_turn,P0,9019,50,5.0,1.5,18.889230191374594,14.72403780401211,0.008711245994946713,2.1131514094617817e-15,999999999.9999979,43.88000000000002,43.88000000000002,4.196951274437179,3.2696391047406856,inf,0,0,0,0,-1,inf,0,-1,0,0,7600,0,0,0,1032,6568,1.7344524602526286,3.79068039860401,False
intersection_turn,P1,9019,50,5.0,1.5,18.889230191374594,14.72403780401211,0.008711245994946713,2.1131514094617817e-15,999999999.9999979,43.88000000000002,43.88000000000002,4.196951274437179,3.2696391047406856,inf,0,0,0,0,-1,inf,0,-1,0,0,7600,0,0,0,1032,6568,1.7344524602526286,3.79068039860401,False
intersection_turn,P2,9019,50,5.0,1.5,18.889230191374594,14.72403780401211,0.008711245994946713,2.1131514094617817e-15,999999999.9999979,43.88000000000002,43.88000000000002,4.196951274437179,3.2696391047406856,inf,0,0,0,0,-1,inf,0,-1,0,0,7600,0,0,0,1032,6568,1.7344524602526286,3.79068039860401,False
intersection_turn,P3,9019,50,5.0,1.5,18.889230191374594,14.72403780401211,0.008711245994946713,2.1131514094617817e-15,999999999.9999979,43.88000000000002,43.88000000000002,4.196951274437179,3.2696391047406856,inf,0,0,0,0,-1,inf,0,-1,0,0,7600,0,0,0,1032,6568,1.7344524602526286,3.79068039860401,False
intersection_turn,P4,9019,50,5.0,1.5,19.267319094032658,14.72403780401211,0.00861701976971947,2.1131514094617817e-15,999999999.9999979,43.86666666666668,43.863403165603685,4.18112166977846,3.2696391047406856,inf,0,0,0,0,-1,inf,0,-1,0,0,7600,168,0,0,907,6525,1.7344524602526286,3.79068039860401,False
occluding_cut_in,P0,9000,50,5.0,1.5,11.267888282720728,7.327224075401506,0.2107706627715266,0.00021432353040528026,999785676.4695947,17.087302883832308,17.087302883832308,19.431160541768985,11.331044181969368,1.912697116167692,0,0,0,0,-1,inf,0,-1,0,0,7600,182,0,3814,0,3604,2.236508710247554,5.049424401377409,False
occluding_cut_in,P1,9000,50,5.0,1.5,11.332110574919035,7.317204022519822,0.2083959278339579,0.00021492416088724126,999785075.8391128,17.12178035333541,17.115394505041873,19.430094201262467,11.331044181969368,1.884920524226191,0,0,0,0,-1,inf,0,-1,0,0,7600,321,0,3697,0,3582,2.236508710247554,5.049424401377409,False
occluding_cut_in,P2,9000,50,5.0,1.5,11.18816933512213,7.346569653191002,0.21586657007766732,0.0002080808762265537,999791919.1237735,17.151780353335415,17.141282313467723,19.429070033382242,11.331044181969368,1.8631485915805577,0,0,0,0,-1,inf,0,-1,0,0,7600,355,0,3670,0,3575,2.236508710247554,5.049424401377409,False
occluding_cut_in,P3,9000,50,5.0,1.5,11.110482535262593,7.326894548691421,0.2222887307412461,0.00021561099413591555,999784389.0058641,17.15178035333542,17.14141999371464,19.430094201262467,11.331044181969368,1.871072585264871,0,0,0,0,-1,inf,0,-1,0,0,7600,330,0,3695,0,3575,2.236508710247554,5.049424401377409,False
occluding_cut_in,P4,9000,50,5.0,1.5,11.267888282720728,7.327224075401506,0.2107706627715266,0.00021432353040528026,999785676.4695947,17.087302883832308,17.087302883832308,19.431160541768985,11.331044181969368,1.912697116167692,0,0,0,0,-1,inf,0,-1,0,0,7600,182,0,3814,0,3604,2.236508710247554,5.049424401377409,False
occluding_cut_in,P0,9001,50,5.0,1.5,11.267888282720728,7.327224075401506,0.2107706627715266,0.00021432353040528026,999785676.4695947,17.087302883832308,17.087302883832308,19.431160541768985,11.331044181969368,1.912697116167692,0,0,0,0,-1,inf,0,-1,0,0,7600,182,0,3814,0,3604,2.0694366379210174,4.7190311108022716,False
occluding_cut_in,P1,9001,50,5.0,1.5,11.328220731869775,7.326331172501157,0.2081802931586817,0.0002123833658676743,999787616.6341324,17.121780353335406,17.11591623790376,19.43013353196599,11.331044181969368,1.884317558638751,0,0,0,0,-1,inf,0,-1,0,0,7600,296,0,3726,0,3578,2.0694366379210174,4.7190311108022716,False
occluding_cut_in,P2,9001,50,5.0,1.5,11.18503284799463,7.339654199503235,0.21578966851087075,0.0002091103767101219,999790889.62329,17.15178035333542,17.141898185769094,19.430094201262467,11.331044181969368,1.863837459608201,0,0,0,0,-1,inf,0,-1,0,0,7600,329,0,3696,0,3575,2.0694366379210174,4.7190311108022716,False
occluding_cut_in,P3,9001,50,5.0,1.5,11.188730860473086,7.323169320534642,0.21491378570597813,0.0002136283809497396,999786371.6190503,17.15178035333541,17.145196624852222,19.431160541768985,11.331044181969368,1.862832600337549,0,0,0,0,-1,inf,0,-1,0,0,7600,282,0,3743,0,3575,2.0694366379210174,4.7190311108022716,False
occluding_cut_in,P4,9001,50,5.0,1.5,11.267888282720728,7.327224075401506,0.2107706627715266,0.00021432353040528026,999785676.4695947,17.087302883832308,17.087302883832308,19.431160541768985,11.331044181969368,1.912697116167692,0,0,0,0,-1,inf,0,-1,0,0,7600,182,0,3814,0,3604,2.0694366379210174,4.7190311108022716,False
occluding_cut_in,P0,9002,50,5.0,1.5,11.267888282720728,7.327224075401506,0.2107706627715266,0.00021432353040528026,999785676.4695947,17.087302883832308,17.087302883832308,19.431160541768985,11.331044181969368,1.912697116167692,0,0,0,0,-1,inf,0,-1,0,0,7600,182,0,3814,0,3604,2.045198073203585,4.605688830064313,False
occluding_cut_in,P1,9002,50,5.0,1.5,11.32259098532521,7.330849635099795,0.20818126146480598,0.00021115231607467784,999788847.6839255,17.121780353335417,17.116341439325343,19.431160541768985,11.331044181969368,1.8837879858002218,0,0,0,0,-1,inf,0,-1,0,0,7600,270,0,3750,0,3580,2.045198073203585,4.605688830064313,False
occluding_cut_in,P2,9002,50,5.0,1.5,11.196766385412548,7.328414488419855,0.2174767325720963,0.0002145978516012744,999785402.1483989,17.139263734065537,17.128619776554984,19.433133628587235,11.331044181969368,1.8730956592448713,0,0,0,0,-1,inf,0,-1,0,0,7600,328,0,3696,0,3576,2.045198073203585,4.605688830064313,False
occluding_cut_in,P3,9002,50,5.0,1.5,11.188730860473086,7.323169320534642,0.21491378570597813,0.0002136283809497396,999786371.6190503,17.15178035333541,17.145196624852222,19.431160541768985,11.331044181969368,1.862832600337549,0,0,0,0,-1,inf,0,-1,0,0,7600,282,0,3743,0,3575,2.045198073203585,4.605688830064313,False
occluding_cut_in,P4,9002,50,5.0,1.5,11.267888282720728,7.327224075401506,0.2107706627715266,0.00021432353040528026,999785676.4695947,17.087302883832308,17.087302883832308,19.431160541768985,11.331044181969368,1.912697116167692,0,0,0,0,-1,inf,0,-1,0,0,7600,182,0,3814,0,3604,2.045198073203585,4.605688830064313,False
occluding_cut_in,P0,9003,50,5.0,1.5,11.267888282720728,7.327224075401506,0.2107706627715266,0.00021432353040528026,999785676.4695947,17.087302883832308,17.087302883832308,19.431160541768985,11.331044181969368,1.912697116167692,0,0,0,0,-1,inf,0,-1,0,0,7600,182,0,3814,0,3604,2.020775338962199,4.67894251683254,False
occluding_cut_in,P1,9003,50,5.0,1.5,11.276963380877083,7.330914167477342,0.21037900968694642,0.00021314547187283376,999786854.5281272,17.087302883832308,17.08684058791738,19.43013353196599,11.331044181969368,1.913174713293892,0,0,0,0,-1,inf,0,-1,0,0,7600,211,0,3789,0,3600,2.020775338962199,4.67894251683254,False
occluding_cut_in,P2,9003,50,5.0,1.5,11.196786944937497,7.337191093635807,0.2154759439718455,0.00021095573300218003,999789044.2669979,17.151780353335425,17.142163523128445,19.428020504095343,11.331044181969368,1.8616610242549663,0,0,0,0,-1,inf,0,-1,0,0,7600,368,0,3657,0,3575,2.020775338962199,4.67894251683254,False
occluding_cut_in,P3,9003,50,5.0,1.5,11.199130816814181,7.356061034498325,0.21413805358081653,0.000205079719788151,999794920.2802118,17.151780353335415,17.14460914194521,19.43013353196599,11.331044181969368,1.8618445850186753,0,0,0,0,-1,inf,0,-1,0,0,7600,308,0,3721,0,3571,2.020775338962199,4.67894251683254,False
occluding_cut_in,P4,9003,50,5.0,1.5,11.267888282720728,7.327224075401506,0.2107706627715266,0.00021432353040528026,999785676.4695947,17.087302883832308,17.087302883832308,19.431160541768985,11.331044181969368,1.912697116167692,0,0,0,0,-1,inf,0,-1,0,0,7600,182,0,3814,0,3604,2.020775338962199,4.67894251683254,False
occluding_cut_in,P0,9004,50,5.0,1.5,11.267888282720728,7.327224075401506,0.2107706627715266,0.00021432353040528026,999785676.4695947,17.087302883832308,17.087302883832308,19.431160541768985,11.331044181969368,1.912697116167692,0,0,0,0,-1,inf,0,-1,0,0,7600,182,0,3814,0,3604,2.122312493233909,4.859681844703765,False
occluding_cut_in,P1,9004,50,5.0,1.5,11.323529922543887,7.344714577229324,0.20783637704025407,0.00020744801661319413,999792551.9833866,17.121780353335428,17.116769463525344,19.431160541768985,11.331044181969368,1.8835758807025362,0,0,0,0,-1,inf,0,-1,0,0,7600,299,0,3720,0,3581,2.122312493233909,4.859681844703765,False
occluding_cut_in,P2,9004,50,5.0,1.5,11.201647634344402,7.358379049554543,0.2151735306038816,0.00020446212536482774,999795537.8746353,17.15178035333541,17.141062881760497,19.42810077019037,11.331044181969368,1.8635751868897756,0,0,0,0,-1,inf,0,-1,0,0,7600,395,0,3638,0,3567,2.122312493233909,4.859681844703765,False
occluding_cut_in,P3,9004,50,5.0,1.5,11.202189795197482,7.357528109595406,0.21421375202681323,0.000204669026887397,999795330.9731126,17.151780353335415,17.143840049942327,19.42906718105352,11.331044181969368,1.8620315890357273,0,0,0,0,-1,inf,0,-1,0,0,7600,338,0,3695,0,3567,2.122312493233909,4.859681844703765,False
occluding_cut_in,P4,9004,50,5.0,1.5,11.267888282720728,7.327224075401506,0.2107706627715266,0.00021432353040528026,999785676.4695947,17.087302883832308,17.087302883832308,19.431160541768985,11.331044181969368,1.912697116167692,0,0,0,0,-1,inf,0,-1,0,0,7600,182,0,3814,0,3604,2.122312493233909,4.859681844703765,False
occluding_cut_in,P0,9005,50,5.0,1.5,11.267888282720728,7.327224075401506,0.2107706627715266,0.00021432353040528026,999785676.4695947,17.087302883832308,17.087302883832308,19.431160541768985,11.331044181969368,1.912697116167692,0,0,0,0,-1,inf,0,-1,0,0,7600,182,0,3814,0,3604,1.9231246571925498,4.458599560991289,False
occluding_cut_in,P1,9005,50,5.0,1.5,11.3001277500668,7.353114950902221,0.208425261639691,0.00020585546103420025,999794144.5389657,17.121780353335414,17.118624309963533,19.43013353196599,11.331044181969368,1.8816690398021683,0,0,0,0,-1,inf,0,-1,0,0,7600,250,0,3773,0,3577,1.9231246571925498,4.458599560991289,False
occluding_cut_in,P2,9005,50,5.0,1.5,11.241532334536684,7.348806511430331,0.2134431764884724,0.0002080407196453287,999791959.2803547,17.096720715219124,17.092105632699788,19.42902108482531,11.331044181969368,1.9098528538218829,0,0,0,0,-1,inf,0,-1,0,0,7600,273,0,3731,0,3596,1.9231246571925498,4.458599560991289,False
occluding_cut_in,P3,9005,50,5.0,1.5,11.199130816814181,7.356061034498325,0.21413805358081653,0.000205079719788151,999794920.2802118,17.151780353335415,17.14460914194521,19.43013353196599,11.331044181969368,1.8618445850186753,0,0,0,0,-1,inf,0,-1,0,0,7600,308,0,3721,0,3571,1.9231246571925498,4.458599560991289,False
occluding_cut_in,P4,9005,50,5.0,1.5,11.267888282720728,7.327224075401506,0.2107706627715266,0.00021432353040528026,999785676.4695947,17.087302883832308,17.087302883832308,19.431160541768985,11.331044181969368,1.912697116167692,0,0,0,0,-1,inf,0,-1,0,0,7600,182,0,3814,0,3604,1.9231246571925498,4.458599560991289,False
occluding_cut_in,P0,9006,50,5.0,1.5,11.267888282720728,7.327224075401506,0.2107706627715266,0.00021432353040528026,999785676.4695947,17.087302883832308,17.087302883832308,19.431160541768985,11.331044181969368,1.912697116167692,0,0,0,0,-1,inf,0,-1,0,0,7600,182,0,3814,0,3604,1.9990717305850219,4.5711068011340314,False
occluding_cut_in,P1,9006,50,5.0,1.5,11.302438581173565,7.353591518223721,0.208176956459349,0.00020539113233300558,999794608.8676671,17.121780353335414,17.11831932101108,19.431160541768985,11.331044181969368,1.8818062231194883,0,0,0,0,-1,inf,0,-1,0,0,7600,232,0,3787,0,3581,1.9990717305850219,4.5711068011340314,False
occluding_cut_in,P2,9006,50,5.0,1.5,11.107775349567344,7.325385328508848,0.22251478459329055,0.00021610844700436602,999783891.5529958,17.151780353335425,17.141289758271174,19.430073758811165,11.331044181969368,1.8713197526690561,0,0,0,0,-1,inf,0,-1,0,0,7600,333,0,3692,0,3575,1.9990717305850219,4.5711068011340314,False
occluding_cut_in,P3,9006,50,5.0,1.5,11.111649839346782,7.332463616707964,0.22175011372850684,0.00021383137110448101,999786168.6288955,17.15178035333541,17.14231219455394,19.431160541768985,11.331044181969368,1.8710232551863193,0,0,0,0,-1,inf,0,-1,0,0,7600,304,0,3721,0,3575,1.9990717305850219,4.5711068011340314,False
occluding_cut_in,P4,9006,50,5.0,1.5,11.267888282720728,7.327224075401506,0.2107706627715266,0.00021432353040528026,999785676.4695947,17.087302883832308,17.087302883832308,19.431160541768985,11.331044181969368,1.912697116167692,0,0,0,0,-1,inf,0,-1,0,0,7600,182,0,3814,0,3604,1.9990717305850219,4.5711068011340314,False
occluding_cut_in,P0,9007,50,5.0,1.5,11.267888282720728,7.327224075401506,0.2107706627715266,0.00021432353040528026,999785676.4695947,17.087302883832308,17.087302883832308,19.431160541768985,11.331044181969368,1.912697116167692,0,0,0,0,-1,inf,0,-1,0,0,7600,182,0,3814,0,3604,2.0271637120754717,4.624597932615985,False
occluding_cut_in,P1,9007,50,5.0,1.5,11.311378602159753,7.349014587157961,0.2079716628434389,0.00020637574603807674,999793624.2539618,17.121780353335414,17.117622715201758,19.431160541768985,11.331044181969368,1.8824849619202388,0,0,0,0,-1,inf,0,-1,0,0,7600,237,0,3784,0,3579,2.0271637120754717,4.624597932615985,False
occluding_cut_in,P2,9007,50,5.0,1.5,11.230696940318678,7.351286970130206,0.21341323529873268,0.00020714780381925966,999792852.1961806,17.109263734065536,17.103890552950787,19.433133628587235,11.331044181969368,1.898345575441665,0,0,0,0,-1,inf,0,-1,0,0,7600,258,0,3751,0,3591,2.0271637120754717,4.624597932615985,False
occluding_cut_in,P3,9007,50,5.0,1.5,11.171875733710857,7.333605833077077,0.21495380087290047,0.00021066228407198067,999789337.7159281,17.15178035333541,17.14487247370373,19.435032721914393,11.331044181969368,1.864576446601228,0,0,0,0,-1,inf,0,-1,0,0,7600,342,0,3691,0,3567,2.0271637120754717,4.624597932615985,False
occluding_cut_in,P4,9007,50,5.0,1.5,11.267888282720728,7.327224075401506,0.2107706627715266,0.00021432353040528026,999785676.4695947,17.087302883832308,17.087302883832308,19.431160541768985,11.331044181969368,1.912697116167692,0,0,0,0,-1,inf,0,-1,0,0,7600,182,0,3814,0,3604,2.0271637120754717,4.624597932615985,False
occluding_cut_in,P0,9008,50,5.0,1.5,11.267888282720728,7.327224075401506,0.2107706627715266,0.00021432353040528026,999785676.4695947,17.087302883832308,17.087302883832308,19.431160541768985,11.331044181969368,1.912697116167692,0,0,0,0,-1,inf,0,-1,0,0,7600,182,0,3814,0,3604,2.0446041312115977,4.708559449648159,False
occluding_cut_in,P1,9008,50,5.0,1.5,11.32641752979756,7.319765403233969,0.20844227475307264,0.00021422358668181642,999785776.4133182,17.12178035333541,17.115760141865753,19.431160541768985,11.331044181969368,1.8844060385324797,0,0,0,0,-1,inf,0,-1,0,0,7600,295,0,3725,0,3580,2.0446041312115977,4.708559449648159,False
occluding_cut_in,P2,9008,50,5.0,1.5,11.175019714200964,7.36219329629697,0.21644261492479372,0.00020343671155943966,999796563.2884406,17.17353720412902,17.15966099532262,19.431160541768985,11.331044181969368,1.8432977905978762,0,0,0,0,-1,inf,0,-1,0,0,7600,371,0,3669,0,3560,2.0446041312115977,4.708559449648159,False
occluding_cut_in,P3,9008,50,5.0,1.5,11.111649839346782,7.332463616707964,0.22175011372850684,0.00021383137110448101,999786168.6288955,17.15178035333541,17.14231219455394,19.431160541768985,11.331044181969368,1.8710232551863193,0,0,0,0,-1,inf,0,-1,0,0,7600,304,0,3721,0,3575,2.0446041312115977,4.708559449648159,False
occluding_cut_in,P4,9008,50,5.0,1.5,11.267888282720728,7.327224075401506,0.2107706627715266,0.00021432353040528026,999785676.4695947,17.087302883832308,17.087302883832308,19.431160541768985,11.331044181969368,1.912697116167692,0,0,0,0,-1,inf,0,-1,0,0,7600,182,0,3814,0,3604,2.0446041312115977,4.708559449648159,False
occluding_cut_in,P0,9009,50,5.0,1.5,11.267888282720728,7.327224075401506,0.2107706627715266,0.00021432353040528026,999785676.4695947,17.087302883832308,17.087302883832308,19.431160541768985,11.331044181969368,1.912697116167692,0,0,0,0,-1,inf,0,-1,0,0,7600,182,0,3814,0,3604,1.9841330657377356,4.574813734233022,False
occluding_cut_in,P1,9009,50,5.0,1.5,11.318117202915344,7.346777872757504,0.2078571064664496,0.0002069281249115017,999793071.8750887,17.121780353335417,17.117194242825846,19.43013353196599,11.331044181969368,1.8830099866060035,0,0,0,0,-1,inf,0,-1,0,0,7600,266,0,3757,0,3577,1.9841330657377356,4.574813734233022,False
occluding_cut_in,P2,9009,50,5.0,1.5,11.184655886519955,7.344973534918988,0.2154781521159735,0.00020687544511968677,999793124.5548804,17.135545583644515,17.123580622550783,19.43013353196599,11.331044181969368,1.8788502045275304,0,0,0,0,-1,inf,0,-1,0,0,7600,344,0,3649,0,3607,1.9841330657377356,4.574813734233022,False
occluding_cut_in,P3,9009,50,5.0,1.5,11.197714630725336,7.356509060113466,0.21426811040009994,0.00020471969377836862,999795280.3062217,17.151780353335422,17.144674857593426,19.43013353196599,11.331044181969368,1.861175591180816,0,0,0,0,-1,inf,0,-1,0,0,7600,303,0,3726,0,3571,1.9841330657377356,4.574813734233022,False
occluding_cut_in,P4,9009,50,5.0,1.5,11.267888282720728,7.327224075401506,0.2107706627715266,0.00021432353040528026,999785676.4695947,17.087302883832308,17.087302883832308,19.431160541768985,11.331044181969368,1.912697116167692,0,0,0,0,-1,inf,0,-1,0,0,7600,182,0,3814,0,3604,1.9841330657377356,4.574813734233022,False
occluding_cut_in,P0,9010,50,5.0,1.5,11.267888282720728,7.327224075401506,0.2107706627715266,0.00021432353040528026,999785676.4695947,17.087302883832308,17.087302883832308,19.431160541768985,11.331044181969368,1.912697116167692,0,0,0,0,-1,inf,0,-1,0,0,7600,182,0,3814,0,3604,1.9371861556321617,4.495257527242439,False
occluding_cut_in,P1,9010,50,5.0,1.5,11.289445943630772,7.342689165104604,0.2094229478708295,0.00020923845846061495,999790761.5415394,17.087302883832304,17.085957907423442,19.43013353196599,11.331044181969368,1.914046008693127,0,0,0,0,-1,inf,0,-1,0,0,7600,220,0,3780,0,3600,1.9371861556321617,4.495257527242439,False
occluding_cut_in,P2,9010,50,5.0,1.5,11.237984396402712,7.348411669860199,0.2133351507000627,0.00020808773445762894,999791912.2655423,17.096720715219103,17.092765427591445,19.430094201262467,11.331044181969368,1.9095319180822474,0,0,0,0,-1,inf,0,-1,0,0,7600,241,0,3759,0,3600,1.9371861556321617,4.495257527242439,False
occluding_cut_in,P3,9010,50,5.0,1.5,11.234115978422913,7.347532739074193,0.2132565692115898,0.00020827732696175155,999791722.6730384,17.09672071521911,17.09343247158598,19.431160541768985,11.331044181969368,1.9092338673411526,0,0,0,0,-1,inf,0,-1,0,0,7600,216,0,3784,0,3600,1.9371861556321617,4.495257527242439,False
occluding_cut_in,P4,9010,50,5.0,1.5,11.267888282720728,7.327224075401506,0.2107706627715266,0.00021432353040528026,999785676.4695947,17.087302883832308,17.087302883832308,19.431160541768985,11.331044181969368,1.912697116167692,0,0,0,0,-1,inf,0,-1,0,0,7600,182,0,3814,0,3604,1.9371861556321617,4.495257527242439,False
occluding_cut_in,P0,9011,50,5.0,1.5,11.267888282720728,7.327224075401506,0.2107706627715266,0.00021432353040528026,999785676.4695947,17.087302883832308,17.087302883832308,19.431160541768985,11.331044181969368,1.912697116167692,0,0,0,0,-1,inf,0,-1,0,0,7600,182,0,3814,0,3604,1.993312493236331,4.662031427717469,False
occluding_cut_in,P1,9011,50,5.0,1.5,11.32259098532521,7.330849635099795,0.20818126146480598,0.00021115231607467784,999788847.6839255,17.121780353335417,17.116341439325343,19.431160541768985,11.331044181969368,1.8837879858002218,0,0,0,0,-1,inf,0,-1,0,0,7600,270,0,3750,0,3580,1.993312493236331,4.662031427717469,False
occluding_cut_in,P2,9011,50,5.0,1.5,11.186075618820407,7.330539289814475,0.21570086009281156,0.00021294527912640434,999787054.7208736,17.151780353335415,17.143391869241814,19.430094201262467,11.331044181969368,1.8615756950911542,0,0,0,0,-1,inf,0,-1,0,0,7600,316,0,3709,0,3575,1.993312493236331,4.662031427717469,False
occluding_cut_in,P3,9011,50,5.0,1.5,11.110193745786946,7.321493843175827,0.22275828606353712,0.00021733650592131214,999782663.4940786,17.151780353335415,17.14059414129135,19.42906718105352,11.331044181969368,1.8710372311344217,0,0,0,0,-1,inf,0,-1,0,0,7600,366,0,3667,0,3567,1.993312493236331,4.662031427717469,False
occluding_cut_in,P4,9011,50,5.0,1.5,11.267888282720728,7.327224075401506,0.2107706627715266,0.00021432353040528026,999785676.4695947,17.087302883832308,17.087302883832308,19.431160541768985,11.331044181969368,1.912697116167692,0,0,0,0,-1,inf,0,-1,0,0,7600,182,0,3814,0,3604,1.993312493236331,4.662031427717469,False
occluding_cut_in,P0,9012,50,5.0,1.5,11.267888282720728,7.327224075401506,0.2107706627715266,0.00021432353040528026,999785676.4695947,17.087302883832308,17.087302883832308,19.431160541768985,11.331044181969368,1.912697116167692,0,0,0,0,-1,inf,0,-1,0,0,7600,182,0,3814,0,3604,2.039523884466683,4.783729763623461,False
occluding_cut_in,P1,9012,50,5.0,1.5,11.32641752979756,7.319765403233969,0.20844227475307264,0.00021422358668181642,999785776.4133182,17.12178035333541,17.115760141865753,19.431160541768985,11.331044181969368,1.8844060385324797,0,0,0,0,-1,inf,0,-1,0,0,7600,295,0,3725,0,3580,2.039523884466683,4.783729763623461,False
occluding_cut_in,P2,9012,50,5.0,1.5,11.247849540917121,7.340815012458834,0.21461636854754762,0.00021060421127506,999789395.788725,17.10926373406554,17.101305601602693,19.42902108482531,11.331044181969368,1.8996968893496033,0,0,0,0,-1,inf,0,-1,0,0,7600,326,0,3687,0,3587,2.039523884466683,4.783729763623461,False
occluding_cut_in,P3,9012,50,5.0,1.5,11.234115978422913,7.347532739074193,0.2132565692115898,0.00020827732696175155,999791722.6730384,17.09672071521911,17.09343247158598,19.431160541768985,11.331044181969368,1.9092338673411526,0,0,0,0,-1,inf,0,-1,0,0,7600,216,0,3784,0,3600,2.039523884466683,4.783729763623461,False
occluding_cut_in,P4,9012,50,5.0,1.5,11.267888282720728,7.327224075401506,0.2107706627715266,0.00021432353040528026,999785676.4695947,17.087302883832308,17.087302883832308,19.431160541768985,11.331044181969368,1.912697116167692,0,0,0,0,-1,inf,0,-1,0,0,7600,182,0,3814,0,3604,2.039523884466683,4.783729763623461,False
occluding_cut_in,P0,9013,50,5.0,1.5,11.267888282720728,7.327224075401506,0.2107706627715266,0.00021432353040528026,999785676.4695947,17.087302883832308,17.087302883832308,19.431160541768985,11.331044181969368,1.912697116167692,0,0,0,0,-1,inf,0,-1,0,0,7600,182,0,3814,0,3604,2.066445214034944,4.802323028794282,False
occluding_cut_in,P1,9013,50,5.0,1.5,11.27959823775745,7.3462779110606355,0.2100196495923135,0.00020811949895195854,999791880.501048,17.087302883832304,17.08643884012282,19.430094201262467,11.331044181969368,1.9136055059923018,0,0,0,0,-1,inf,0,-1,0,0,7600,216,0,3780,0,3604,2.066445214034944,4.802323028794282,False
occluding_cut_in,P2,9013,50,5.0,1.5,11.239816059035615,7.348858456009843,0.21357968894979265,0.0002080533438758597,999791946.6561241,17.096720715219128,17.09198709612105,19.429027819371885,11.331044181969368,1.910035992509385,0,0,0,0,-1,inf,0,-1,0,0,7600,270,0,3730,0,3600,2.066445214034944,4.802323028794282,False
occluding_cut_in,P3,9013,50,5.0,1.5,11.195220078189754,7.354345850186862,0.21412403749681036,0.00020556110229852885,999794438.8977014,17.151780353335408,17.145345201145346,19.431160541768985,11.331044181969368,1.8617540578986738,0,0,0,0,-1,inf,0,-1,0,0,7600,279,0,3746,0,3575,2.066445214034944,4.802323028794282,False
occluding_cut_in,P4,9013,50,5.0,1.5,11.267888282720728,7.327224075401506,0.2107706627715266,0.00021432353040528026,999785676.4695947,17.087302883832308,17.087302883832308,19.431160541768985,11.331044181969368,1.912697116167692,0,0,0,0,-1,inf,0,-1,0,0,7600,182,0,3814,0,3604,2.066445214034944,4.802323028794282,False
occluding_cut_in,P0,9014,50,5.0,1.5,11.267888282720728,7.327224075401506,0.2107706627715266,0.00021432353040528026,999785676.4695947,17.087302883832308,17.087302883832308,19.431160541768985,11.331044181969368,1.912697116167692,0,0,0,0,-1,inf,0,-1,0,0,7600,182,0,3814,0,3604,1.8754138311910105,4.451606663516725,False
occluding_cut_in,P1,9014,50,5.0,1.5,11.311378602159753,7.349014587157961,0.2079716628434389,0.00020637574603807674,999793624.2539618,17.121780353335414,17.117622715201758,19.431160541768985,11.331044181969368,1.8824849619202388,0,0,0,0,-1,inf,0,-1,0,0,7600,237,0,3784,0,3579,1.8754138311910105,4.451606663516725,False
occluding_cut_in,P2,9014,50,5.0,1.5,11.222601870957808,7.344685878004649,0.21524704515085424,0.00020936202785666778,999790637.9721433,17.139263734065544,17.130520724208843,19.430094201262467,11.331044181969368,1.870638421737648,0,0,0,0,-1,inf,0,-1,0,0,7600,296,0,3728,0,3576,1.8754138311910105,4.451606663516725,False
occluding_cut_in,P3,9014,50,5.0,1.5,11.195220078189754,7.354345850186862,0.21412403749681036,0.00020556110229852885,999794438.8977014,17.151780353335408,17.145345201145346,19.431160541768985,11.331044181969368,1.8617540578986738,0,0,0,0,-1,inf,0,-1,0,0,7600,279,0,3746,0,3575,1.8754138311910105,4.451606663516725,False
occluding_cut_in,P4,9014,50,5.0,1.5,11.267888282720728,7.327224075401506,0.2107706627715266,0.00021432353040528026,999785676.4695947,17.087302883832308,17.087302883832308,19.431160541768985,11.331044181969368,1.912697116167692,0,0,0,0,-1,inf,0,-1,0,0,7600,182,0,3814,0,3604,1.8754138311910105,4.451606663516725,False
occluding_cut_in,P0,9015,50,5.0,1.5,11.267888282720728,7.327224075401506,0.2107706627715266,0.00021432353040528026,999785676.4695947,17.087302883832308,17.087302883832308,19.431160541768985,11.331044181969368,1.912697116167692,0,0,0,0,-1,inf,0,-1,0,0,7600,182,0,3814,0,3604,2.055938133199836,4.7406857387731645,False
occluding_cut_in,P1,9015,50,5.0,1.5,11.295418314240075,7.339360492320376,0.20953016730312896,0.00021039180284611168,999789608.1971539,17.087302883832308,17.085812480747336,19.42902108482531,11.331044181969368,1.9142924455010761,0,0,0,0,-1,inf,0,-1,0,0,7600,263,0,3737,0,3600,2.055938133199836,4.7406857387731645,False
occluding_cut_in,P2,9015,50,5.0,1.5,11.243941675404542,7.347368074154136,0.2140636836089802,0.00020866313146191432,999791336.8685383,17.096720715219117,17.090576267391267,19.428020504095343,11.331044181969368,1.9108983617464803,0,0,0,0,-1,inf,0,-1,0,0,7600,314,0,3686,0,3600,2.055938133199836,4.7406857387731645,False
occluding_cut_in,P3,9015,50,5.0,1.5,11.196457491852643,7.356078480514971,0.21434967398794555,0.00020482149822213837,999795178.501778,17.15178035333541,17.14458172147624,19.430048105437574,11.331044181969368,1.8613389248502736,0,0,0,0,-1,inf,0,-1,0,0,7600,300,0,3725,0,3575,2.055938133199836,4.7406857387731645,False
occluding_cut_in,P4,9015,50,5.0,1.5,11.267888282720728,7.327224075401506,0.2107706627715266,0.00021432353040528026,999785676.4695947,17.087302883832308,17.087302883832308,19.431160541768985,11.331044181969368,1.912697116167692,0,0,0,0,-1,inf,0,-1,0,0,7600,182,0,3814,0,3604,2.055938133199836,4.7406857387731645,False
occluding_cut_in,P0,9016,50,5.0,1.5,11.267888282720728,7.327224075401506,0.2107706627715266,0.00021432353040528026,999785676.4695947,17.087302883832308,17.087302883832308,19.431160541768985,11.331044181969368,1.912697116167692,0,0,0,0,-1,inf,0,-1,0,0,7600,182,0,3814,0,3604,1.9453876142750834,4.462424339071997,False
occluding_cut_in,P1,9016,50,5.0,1.5,11.297869342228044,7.343466673689892,0.20923779931311032,0.00020898105217346914,999791018.9478265,17.087302883832308,17.08552342188271,19.430073758811165,11.331044181969368,1.9145226843294183,0,0,0,0,-1,inf,0,-1,0,0,7600,248,0,3748,0,3604,1.9453876142750834,4.462424339071997,False
occluding_cut_in,P2,9016,50,5.0,1.5,11.241042283227243,7.34834648612017,0.21388584832584492,0.00020830622371436619,999791693.7762855,17.096720715219117,17.09120928887516,19.429027819371885,11.331044181969368,1.9105636526441665,0,0,0,0,-1,inf,0,-1,0,0,7600,292,0,3708,0,3600,1.9453876142750834,4.462424339071997,False
occluding_cut_in,P3,9016,50,5.0,1.5,11.188730860473086,7.323169320534642,0.21491378570597813,0.0002136283809497396,999786371.6190503,17.15178035333541,17.145196624852222,19.431160541768985,11.331044181969368,1.862832600337549,0,0,0,0,-1,inf,0,-1,0,0,7600,282,0,3743,0,3575,1.9453876142750834,4.462424339071997,False
occluding_cut_in,P4,9016,50,5.0,1.5,11.267888282720728,7.327224075401506,0.2107706627715266,0.00021432353040528026,999785676.4695947,17.087302883832308,17.087302883832308,19.431160541768985,11.331044181969368,1.912697116167692,0,0,0,0,-1,inf,0,-1,0,0,7600,182,0,3814,0,3604,1.9453876142750834,4.462424339071997,False
occluding_cut_in,P0,9017,50,5.0,1.5,11.267888282720728,7.327224075401506,0.2107706627715266,0.00021432353040528026,999785676.4695947,17.087302883832308,17.087302883832308,19.431160541768985,11.331044181969368,1.912697116167692,0,0,0,0,-1,inf,0,-1,0,0,7600,182,0,3814,0,3604,2.004324368321974,4.612497842378737,False
occluding_cut_in,P1,9017,50,5.0,1.5,11.317783592570613,7.340924320324938,0.20800412073676305,0.00020844263878270098,999791557.3612175,17.121780353335406,17.116962367430588,19.431160541768985,11.331044181969368,1.88314773956537,0,0,0,0,-1,inf,0,-1,0,0,7600,257,0,3763,0,3580,2.004324368321974,4.612497842378737,False
occluding_cut_in,P2,9017,50,5.0,1.5,11.175127974755581,7.332945383751173,0.2159798629118412,0.00021217371145124502,999787826.2885487,17.151780353335404,17.143658201067584,19.431160541768985,11.331044181969368,1.8622859975209516,0,0,0,0,-1,inf,0,-1,0,0,7600,283,0,3742,0,3575,2.004324368321974,4.612497842378737,False
occluding_cut_in,P3,9017,50,5.0,1.5,11.17982647253661,7.309945239514288,0.21592928226700317,0.00021928228020077524,999780717.7197994,17.15178035333542,17.145397845880034,19.431160541768985,11.331044181969368,1.8602356327073468,0,0,0,0,-1,inf,0,-1,0,0,7600,271,0,3754,0,3575,2.004324368321974,4.612497842378737,False
occluding_cut_in,P4,9017,50,5.0,1.5,11.267888282720728,7.327224075401506,0.2107706627715266,0.00021432353040528026,999785676.4695947,17.087302883832308,17.087302883832308,19.431160541768985,11.331044181969368,1.912697116167692,0,0,0,0,-1,inf,0,-1,0,0,7600,182,0,3814,0,3604,2.004324368321974,4.612497842378737,False
occluding_cut_in,P0,9018,50,5.0,1.5,11.267888282720728,7.327224075401506,0.2107706627715266,0.00021432353040528026,999785676.4695947,17.087302883832308,17.087302883832308,19.431160541768985,11.331044181969368,1.912697116167692,0,0,0,0,-1,inf,0,-1,0,0,7600,182,0,3814,0,3604,1.976186555234266,4.603608206986899,False
occluding_cut_in,P1,9018,50,5.0,1.5,11.321771043070433,7.3391346447995085,0.20825445283837796,0.00021042990867270784,999789570.0913273,17.121780353335417,17.116548502169948,19.431160541768985,11.331044181969368,1.8837522492727996,0,0,0,0,-1,inf,0,-1,0,0,7600,272,0,3748,0,3580,1.976186555234266,4.603608206986899,False
occluding_cut_in,P2,9018,50,5.0,1.5,11.238473942199763,7.348331817929137,0.213296932476458,0.00020810353427264775,999791896.4657272,17.096720715219107,17.09280097618688,19.43013353196599,11.331044181969368,1.9094763375039747,0,0,0,0,-1,inf,0,-1,0,0,7600,245,0,3759,0,3596,1.976186555234266,4.603608206986899,False
occluding_cut_in,P3,9018,50,5.0,1.5,11.111649839346782,7.332463616707964,0.22175011372850684,0.00021383137110448101,999786168.6288955,17.15178035333541,17.14231219455394,19.431160541768985,11.331044181969368,1.8710232551863193,0,0,0,0,-1,inf,0,-1,0,0,7600,304,0,3721,0,3575,1.976186555234266,4.603608206986899,False
occluding_cut_in,P4,9018,50,5.0,1.5,11.267888282720728,7.327224075401506,0.2107706627715266,0.00021432353040528026,999785676.4695947,17.087302883832308,17.087302883832308,19.431160541768985,11.331044181969368,1.912697116167692,0,0,0,0,-1,inf,0,-1,0,0,7600,182,0,3814,0,3604,1.976186555234266,4.603608206986899,False
occluding_cut_in,P0,9019,50,5.0,1.5,11.267888282720728,7.327224075401506,0.2107706627715266,0.00021432353040528026,999785676.4695947,17.087302883832308,17.087302883832308,19.431160541768985,11.331044181969368,1.912697116167692,0,0,0,0,-1,inf,0,-1,0,0,7600,182,0,3814,0,3604,1.8593987034300925,4.278714910622801,False
occluding_cut_in,P1,9019,50,5.0,1.5,11.302438581173565,7.353591518223721,0.208176956459349,0.00020539113233300558,999794608.8676671,17.121780353335414,17.11831932101108,19.431160541768985,11.331044181969368,1.8818062231194883,0,0,0,0,-1,inf,0,-1,0,0,7600,232,0,3787,0,3581,1.8593987034300925,4.278714910622801,False
occluding_cut_in,P2,9019,50,5.0,1.5,11.238473942199763,7.348331817929137,0.213296932476458,0.00020810353427264775,999791896.4657272,17.096720715219107,17.09280097618688,19.43013353196599,11.331044181969368,1.9094763375039747,0,0,0,0,-1,inf,0,-1,0,0,7600,245,0,3759,0,3596,1.8593987034300925,4.278714910622801,False
occluding_cut_in,P3,9019,50,5.0,1.5,11.234115978422913,7.347532739074193,0.2132565692115898,0.00020827732696175155,999791722.6730384,17.09672071521911,17.09343247158598,19.431160541768985,11.331044181969368,1.9092338673411526,0,0,0,0,-1,inf,0,-1,0,0,7600,216,0,3784,0,3600,1.8593987034300925,4.278714910622801,False
occluding_cut_in,P4,9019,50,5.0,1.5,11.267888282720728,7.327224075401506,0.2107706627715266,0.00021432353040528026,999785676.4695947,17.087302883832308,17.087302883832308,19.431160541768985,11.331044181969368,1.912697116167692,0,0,0,0,-1,inf,0,-1,0,0,7600,182,0,3814,0,3604,1.8593987034300925,4.278714910622801,False
