scenario,planner,seed,steps,duration_s,planning_safety_margin_m,mean_snr_db,min_snr_db,mean_outage_probability,mean_ber_model,mean_goodput_bps_model,path_length_m,progress_m,min_target_distance_m,min_realized_ttc_s,min_static_obstacle_clearance_m,static_clearance_violation_steps,static_clearance_violation_indicator,collision_indicator,collision_steps,first_collision_step,first_collision_time_s,no_candidate_steps,first_no_candidate_step,margin_relaxation_steps,margin_relaxation_indicator,first_margin_relaxation_step,zero_candidate_after_static_steps,zero_candidate_after_dynamic_steps,candidate_evaluations,candidate_road_rejections,candidate_speed_rejections,candidate_static_rejections,candidate_dynamic_rejections,candidate_feasible,prediction_ade_m,prediction_fde_m,measured_optical_link
following_lateral_offset,P0,15000,40,4.0,2.5,17.490134530930522,15.979088100393318,0.009493720900813374,1.235346928436668e-19,1000000000.0,34.23333333333333,34.23333333333333,5.934175970127994,2.6267315968593787,inf,0,0,0,0,-1,inf,0,-1,1,1,1,0,0,6080,0,0,0,2734,3346,1.6048957577899443,3.7007883893794515,False
following_lateral_offset,P1,15000,40,4.0,2.5,18.046314308715907,16.137508032910766,0.00741025133939284,2.078750169233398e-20,1000000000.0,34.216666666666676,34.213452072834265,5.916425014546601,2.6615736396791347,inf,0,0,0,0,-1,inf,0,-1,1,1,1,0,0,6080,144,0,0,2614,3322,1.6048957577899443,3.7007883893794515,False
following_lateral_offset,P2,15000,40,4.0,2.5,18.32641280058069,16.137508032910766,0.006413614116230965,2.077725615226219e-20,1000000000.0,34.173333333333346,34.16938882928532,5.951549795357343,2.6267315968593787,inf,0,0,0,0,-1,inf,0,-1,1,1,1,0,0,6080,223,0,0,2536,3321,1.6048957577899443,3.7007883893794515,False
following_lateral_offset,P3,15000,40,4.0,2.5,17.490134530930522,15.979088100393318,0.009493720900813374,1.235346928436668e-19,1000000000.0,34.23333333333333,34.23333333333333,5.934175970127994,2.6267315968593787,inf,0,0,0,0,-1,inf,0,-1,1,1,1,0,0,6080,0,0,0,2734,3346,1.6048957577899443,3.7007883893794515,False
following_lateral_offset,P4,15000,40,4.0,2.5,18.044255320810503,16.137508032910766,0.007421496354454146,2.0790473917665313e-20,1000000000.0,34.23333333333335,34.230106008941014,5.9001492543835266,2.6267315968593787,inf,0,0,0,0,-1,inf,0,-1,1,1,1,0,0,6080,144,0,0,2623,3313,1.6048957577899443,3.7007883893794515,False
following_lateral_offset,P0,15001,40,4.0,2.5,17.458237790656607,15.463652636696477,0.009862015243332979,7.51148334139178e-18,1000000000.0,34.54833333333334,34.54833333333334,5.628558380655244,2.582185872024135,inf,0,0,0,0,-1,inf,0,-1,1,1,1,0,0,6080,0,0,0,2771,3309,1.7747964430522565,3.958504685998777,False
following_lateral_offset,P1,15001,40,4.0,2.5,17.420187697974306,15.219607317011976,0.010181225630221202,5.0530770824600983e-17,1000000000.0,34.67333333333334,34.67333333333334,5.507574582134836,2.6170444817145952,inf,0,0,0,0,-1,inf,0,-1,1,1,1,0,0,6080,0,0,0,2812,3268,1.7747964430522565,3.958504685998777,False
following_lateral_offset,P2,15001,40,4.0,2.5,19.08813719955578,16.137508032910766,0.0052247860001140255,2.0773435210918492e-20,1000000000.0,34.31200000000001,34.30436768274991,5.774412387697791,2.582185872024135,inf,0,0,0,0,-1,inf,0,-1,1,1,1,0,0,6080,474,0,0,2332,3274,1.7747964430522565,3.958504685998777,False
following_lateral_offset,P3,15001,40,4.0,2.5,17.458237790656607,15.463652636696477,0.009862015243332979,7.51148334139178e-18,1000000000.0,34.54833333333334,34.54833333333334,5.628558380655244,2.582185872024135,inf,0,0,0,0,-1,inf,0,-1,1,1,1,0,0,6080,0,0,0,2771,3309,1.7747964430522565,3.958504685998777,False
following_lateral_offset,P4,15001,40,4.0,2.5,17.461866982683475,15.488259700398737,0.009831801072077432,6.164424520442892e-18,1000000000.0,34.53500000000001,34.53500000000001,5.641473654994756,2.582185872024135,inf,0,0,0,0,-1,inf,0,-1,1,1,1,0,0,6080,0,0,0,2768,3312,1.7747964430522565,3.958504685998777,False
following_lateral_offset,P0,15002,40,4.0,2.5,17.37892294108614,15.888597280717363,0.009867097895484938,2.4238125295588527e-19,1000000000.0,34.11166666666667,34.1111886568078,6.0561221596431,2.655263110820702,inf,0,0,0,0,-1,inf,0,-1,1,1,1,0,0,6080,31,0,0,2590,3459,1.9265213423358187,4.295468048218329,False
following_lateral_offset,P1,15002,40,4.0,2.5,18.083671433305703,16.137508032910766,0.007338500317861607,2.8810118218350116e-20,1000000000.0,33.92999999999999,33.92592302573087,6.191657967705619,2.6677036337828492,inf,0,0,0,0,-1,inf,0,-1,1,1,1,0,0,6080,215,0,0,2393,3472,1.9265213423358187,4.295468048218329,False
following_lateral_offset,P2,15002,40,4.0,2.5,18.078191552217497,16.137508032910766,0.007348581068490409,2.880941923859708e-20,1000000000.0,33.92333333333333,33.919257944537286,6.198032154338696,2.655263110820702,inf,0,0,0,0,-1,inf,0,-1,1,1,1,0,0,6080,216,0,0,2399,3465,1.9265213423358187,4.295468048218329,False
following_lateral_offset,P3,15002,40,4.0,2.5,17.37892294108614,15.888597280717363,0.009867097895484938,2.4238125295588527e-19,1000000000.0,34.11166666666667,34.1111886568078,6.0561221596431,2.655263110820702,inf,0,0,0,0,-1,inf,0,-1,1,1,1,0,0,6080,31,0,0,2590,3459,1.9265213423358187,4.295468048218329,False
following_lateral_offset,P4,15002,40,4.0,2.5,18.078360270027844,16.137508032910766,0.007348379951289416,2.880941923859708e-20,1000000000.0,33.94,33.93591435804904,6.181578335215381,2.655263110820702,inf,0,0,0,0,-1,inf,0,-1,1,1,1,0,0,6080,216,0,0,2403,3461,1.9265213423358187,4.295468048218329,False
following_lateral_offset,P0,15003,40,4.0,2.5,17.40181315132495,14.97610898620583,0.010518015626277036,3.094166151707062e-16,999999999.9999996,34.786666666666676,34.786666666666676,5.3980407968488295,2.5530989142883462,inf,0,0,0,0,-1,inf,0,-1,1,1,1,0,0,6080,0,0,0,2797,3283,1.6701978024952804,3.841872605197352,False
following_lateral_offset,P1,15003,40,4.0,2.5,17.426724539228296,15.178229804800136,0.010251772268348527,7.028407045228382e-17,1000000000.0,34.693333333333335,34.693333333333335,5.488233879046254,2.6211160848241035,inf,0,0,0,0,-1,inf,0,-1,1,1,1,0,0,6080,0,0,0,2780,3300,1.6701978024952804,3.841872605197352,False
following_lateral_offset,P2,15003,40,4.0,2.5,17.40915222821955,15.050036474682422,0.010437306557643859,1.8210651440419863e-16,999999999.9999998,34.75333333333334,34.75333333333334,5.430240428481143,2.576887006399146,inf,0,0,0,0,-1,inf,0,-1,1,1,1,0,0,6080,0,0,0,2793,3287,1.6701978024952804,3.841872605197352,False
following_lateral_offset,P3,15003,40,4.0,2.5,17.40181315132495,14.97610898620583,0.010518015626277036,3.094166151707062e-16,999999999.9999996,34.786666666666676,34.786666666666676,5.3980407968488295,2.5530989142883462,inf,0,0,0,0,-1,inf,0,-1,1,1,1,0,0,6080,0,0,0,2797,3283,1.6701978024952804,3.841872605197352,False
following_lateral_offset,P4,15003,40,4.0,2.5,17.40181315132495,14.97610898620583,0.010518015626277036,3.094166151707062e-16,999999999.9999996,34.786666666666676,34.786666666666676,5.3980407968488295,2.5530989142883462,inf,0,0,0,0,-1,inf,0,-1,1,1,1,0,0,6080,0,0,0,2797,3283,1.6701978024952804,3.841872605197352,False
following_lateral_offset,P0,15004,40,4.0,2.5,17.483226202787385,15.307008161201901,0.010137429622868255,2.7990618227134714e-17,1000000000.0,34.63,34.63,5.549495472563247,2.5693563603944067,inf,0,0,0,0,-1,inf,0,-1,1,1,1,0,0,6080,0,0,0,2711,3369,1.71174035314294,3.920100192830295,False
following_lateral_offset,P1,15004,40,4.0,2.5,17.53222742260125,15.28043947721306,0.00986589278846528,3.2272157899112556e-17,1000000000.0,34.76666666666667,34.76666666666667,5.417358930122474,2.5693563603944067,inf,0,0,0,0,-1,inf,0,-1,1,1,1,0,0,6080,0,0,0,2748,3332,1.71174035314294,3.920100192830295,False
following_lateral_offset,P2,15004,40,4.0,2.5,18.298369203344162,16.137508032910766,0.0067663738675720845,2.069474924443034e-20,1000000000.0,34.618000000000016,34.6137460337959,5.513539941150833,2.5693563603944067,inf,0,0,0,0,-1,inf,0,-1,1,1,1,0,0,6080,196,0,0,2550,3334,1.71174035314294,3.920100192830295,False
following_lateral_offset,P3,15004,40,4.0,2.5,17.483226202787385,15.307008161201901,0.010137429622868255,2.7990618227134714e-17,1000000000.0,34.63,34.63,5.549495472563247,2.5693563603944067,inf,0,0,0,0,-1,inf,0,-1,1,1,1,0,0,6080,0,0,0,2711,3369,1.71174035314294,3.920100192830295,False
following_lateral_offset,P4,15004,40,4.0,2.5,17.53097826647122,15.26704780802781,0.009876044172554636,3.564507366551662e-17,1000000000.0,34.775,34.775,5.409309105606742,2.5693563603944067,inf,0,0,0,0,-1,inf,0,-1,1,1,1,0,0,6080,0,0,0,2749,3331,1.71174035314294,3.920100192830295,False
following_lateral_offset,P0,15005,40,4.0,2.5,17.500059615284687,15.212757157623415,0.0100188201801597,5.313283856057488e-17,1000000000.0,34.67666666666667,34.67666666666667,5.504350804388992,2.683974393194222,inf,0,0,0,0,-1,inf,0,-1,1,1,1,0,0,6080,0,0,0,2658,3422,1.8553560057015481,4.150623988874752,False
following_lateral_offset,P1,15005,40,4.0,2.5,17.5420431554361,15.521663329153162,0.009621898586286036,4.673751244110534e-18,1000000000.0,34.51666666666669,34.51666666666669,5.659235323296269,2.782213710346064,inf,0,0,0,0,-1,inf,0,-1,1,1,1,0,0,6080,0,0,0,2599,3481,1.8553560057015481,4.150623988874752,False
following_lateral_offset,P2,15005,40,4.0,2.5,17.501179089362523,15.223025520576082,0.010008234796838511,4.928003679544857e-17,1000000000.0,34.671666666666674,34.671666666666674,5.509186519905732,2.683974393194222,inf,0,0,0,0,-1,inf,0,-1,1,1,1,0,0,6080,0,0,0,2656,3424,1.8553560057015481,4.150623988874752,False
following_lateral_offset,P3,15005,40,4.0,2.5,17.500059615284687,15.212757157623415,0.0100188201801597,5.313283856057488e-17,1000000000.0,34.67666666666667,34.67666666666667,5.504350804388992,2.683974393194222,inf,0,0,0,0,-1,inf,0,-1,1,1,1,0,0,6080,0,0,0,2658,3422,1.8553560057015481,4.150623988874752,False
following_lateral_offset,P4,15005,40,4.0,2.5,17.500059615284687,15.212757157623415,0.0100188201801597,5.313283856057488e-17,1000000000.0,34.67666666666667,34.67666666666667,5.504350804388992,2.683974393194222,inf,0,0,0,0,-1,inf,0,-1,1,1,1,0,0,6080,0,0,0,2658,3422,1.8553560057015481,4.150623988874752,False
following_lateral_offset,P0,15006,40,4.0,2.5,17.465558641392427,15.171268695874975,0.010249491009325507,7.677690928506648e-17,1000000000.0,34.69666666666668,34.69666666666668,5.485010888270351,2.596002265037157,inf,0,0,0,0,-1,inf,0,-1,1,1,1,0,0,6080,0,0,0,2825,3255,1.5734816876710525,3.625523759184394,False
following_lateral_offset,P1,15006,40,4.0,2.5,17.50445959550901,15.48519832730753,0.009861873740031413,6.834144218690632e-18,1000000000.0,34.53666666666667,34.53666666666667,5.639859139296928,2.6416319226302107,inf,0,0,0,0,-1,inf,0,-1,1,1,1,0,0,6080,0,0,0,2784,3296,1.5734816876710525,3.625523759184394,False
following_lateral_offset,P2,15006,40,4.0,2.5,17.465558641392427,15.171268695874975,0.010249491009325507,7.677690928506648e-17,1000000000.0,34.69666666666668,34.69666666666668,5.485010888270351,2.596002265037157,inf,0,0,0,0,-1,inf,0,-1,1,1,1,0,0,6080,0,0,0,2825,3255,1.5734816876710525,3.625523759184394,False
following_lateral_offset,P3,15006,40,4.0,2.5,17.465558641392427,15.171268695874975,0.010249491009325507,7.677690928506648e-17,1000000000.0,34.69666666666668,34.69666666666668,5.485010888270351,2.596002265037157,inf,0,0,0,0,-1,inf,0,-1,1,1,1,0,0,6080,0,0,0,2825,3255,1.5734816876710525,3.625523759184394,False
following_lateral_offset,P4,15006,40,4.0,2.5,17.465558641392427,15.171268695874975,0.010249491009325507,7.677690928506648e-17,1000000000.0,34.69666666666668,34.69666666666668,5.485010888270351,2.596002265037157,inf,0,0,0,0,-1,inf,0,-1,1,1,1,0,0,6080,0,0,0,2825,3255,1.5734816876710525,3.625523759184394,False
following_lateral_offset,P0,15007,40,4.0,2.5,17.46597843966117,15.209325190216989,0.010363393228399801,6.183913879753394e-17,1000000000.0,34.67833333333334,34.67833333333334,5.502738964471332,2.521102924898472,inf,0,0,0,0,-1,inf,0,-1,1,1,1,0,0,6080,0,0,0,2762,3318,1.756316361906536,4.004216182476933,False
following_lateral_offset,P1,15007,40,4.0,2.5,18.506141524947544,16.137508032910766,0.006243682707185691,2.0671469321740284e-20,1000000000.0,34.61666666666669,34.611642092469026,5.5053041407058725,2.5437695915651366,inf,0,0,0,0,-1,inf,0,-1,1,1,1,0,0,6080,245,0,0,2533,3302,1.756316361906536,4.004216182476933,False
following_lateral_offset,P2,15007,40,4.0,2.5,18.508496132534567,16.137508032910766,0.00624389914439404,2.0672182844430702e-20,1000000000.0,34.606000000000016,34.60096885394756,5.515907338610732,2.5302540275737284,inf,0,0,0,0,-1,inf,0,-1,1,1,1,0,0,6080,245,0,0,2540,3295,1.756316361906536,4.004216182476933,False
following_lateral_offset,P3,15007,40,4.0,2.5,18.50259358559438,16.137508032910766,0.006252801562730198,2.0672416045214266e-20,1000000000.0,34.664333333333346,34.65931493126959,5.458721659304614,2.521102924898472,inf,0,0,0,0,-1,inf,0,-1,1,1,1,0,0,6080,245,0,0,2556,3279,1.756316361906536,4.004216182476933,False
following_lateral_offset,P4,15007,40,4.0,2.5,18.50841474653297,16.137508032910766,0.00624398252039215,2.0672182844430702e-20,1000000000.0,34.63433333333334,34.62928259559066,5.487979889376276,2.5302540275737284,inf,0,0,0,0,-1,inf,0,-1,1,1,1,0,0,6080,245,0,0,2546,3289,1.756316361906536,4.004216182476933,False
following_lateral_offset,P0,15008,40,4.0,2.5,17.481424486896458,15.178229804800136,0.010189116171423571,7.705574970833689e-17,1000000000.0,34.693333333333335,34.693333333333335,5.488233879046254,2.715033183644808,inf,0,0,0,0,-1,inf,0,-1,1,1,1,0,0,6080,0,0,0,2841,3239,1.5849980772153656,3.7399322959350663,False
following_lateral_offset,P1,15008,40,4.0,2.5,17.647822042719106,15.722954969981929,0.009063347316210137,8.836382949746537e-19,1000000000.0,34.640000000000015,34.63942484138139,5.533275090482035,2.7330458382781577,inf,0,0,0,0,-1,inf,0,-1,1,1,1,0,0,6080,24,0,0,2806,3250,1.5849980772153656,3.7399322959350663,False
following_lateral_offset,P2,15008,40,4.0,2.5,17.487395010937416,15.240048007966667,0.01012594614284723,4.8835270704502385e-17,1000000000.0,34.66333333333335,34.66333333333335,5.51724669659704,2.715033183644808,inf,0,0,0,0,-1,inf,0,-1,1,1,1,0,0,6080,0,0,0,2828,3252,1.5849980772153656,3.7399322959350663,False
following_lateral_offset,P3,15008,40,4.0,2.5,17.481424486896458,15.178229804800136,0.010189116171423571,7.705574970833689e-17,1000000000.0,34.693333333333335,34.693333333333335,5.488233879046254,2.715033183644808,inf,0,0,0,0,-1,inf,0,-1,1,1,1,0,0,6080,0,0,0,2841,3239,1.5849980772153656,3.7399322959350663,False
following_lateral_offset,P4,15008,40,4.0,2.5,17.634371074187396,15.62182316831927,0.009189478286534837,2.0552337632118303e-18,1000000000.0,34.69333333333334,34.69275572229339,5.481626522845573,2.715033183644808,inf,0,0,0,0,-1,inf,0,-1,1,1,1,0,0,6080,23,0,0,2819,3238,1.5849980772153656,3.7399322959350663,False
following_lateral_offset,P0,15009,40,4.0,2.5,17.463441005594905,15.20932519021696,0.010122891534472957,5.564293816321012e-17,1000000000.0,34.678333333333356,34.678333333333356,5.502738964471318,2.6033523923832305,inf,0,0,0,0,-1,inf,0,-1,1,1,1,0,0,6080,0,0,0,2779,3301,1.6380891975114757,3.8831112232401495,False
following_lateral_offset,P1,15009,40,4.0,2.5,17.475524078913338,15.323469280426963,0.009977534466119192,2.3245361157310704e-17,1000000000.0,34.621666666666684,34.621666666666684,5.557559666296374,2.6246857257165668,inf,0,0,0,0,-1,inf,0,-1,1,1,1,0,0,6080,0,0,0,2753,3327,1.6380891975114757,3.8831112232401495,False
following_lateral_offset,P2,15009,40,4.0,2.5,17.463526804780066,15.212757157623372,0.010121786672369367,5.43888295471602e-17,1000000000.0,34.67666666666669,34.67666666666669,5.504350804388972,2.6033523923832305,inf,0,0,0,0,-1,inf,0,-1,1,1,1,0,0,6080,0,0,0,2777,3303,1.6380891975114757,3.8831112232401495,False
following_lateral_offset,P3,15009,40,4.0,2.5,17.463441005594905,15.20932519021696,0.010122891534472957,5.564293816321012e-17,1000000000.0,34.678333333333356,34.678333333333356,5.502738964471318,2.6033523923832305,inf,0,0,0,0,-1,inf,0,-1,1,1,1,0,0,6080,0,0,0,2779,3301,1.6380891975114757,3.8831112232401495,False
following_lateral_offset,P4,15009,40,4.0,2.5,17.463441005594905,15.20932519021696,0.010122891534472957,5.564293816321012e-17,1000000000.0,34.678333333333356,34.678333333333356,5.502738964471318,2.6033523923832305,inf,0,0,0,0,-1,inf,0,-1,1,1,1,0,0,6080,0,0,0,2779,3301,1.6380891975114757,3.8831112232401495,False
following_lateral_offset,P0,15010,40,4.0,2.5,12.489769823100328,3.5104504219203108,0.2575861343087939,0.004503550130917999,995496449.8690821,34.42000000000002,34.406658066373396,6.017673072070411,3.597164817470056,inf,0,0,0,0,-1,inf,0,-1,1,1,1,0,0,6080,1426,0,0,1776,2878,1.7875495615945423,4.117033358825643,False
following_lateral_offset,P1,15010,40,4.0,2.5,12.480209746564807,3.373535861204495,0.25813300964765,0.004802571122944991,995197428.8770549,34.433333333333344,34.41999804435722,6.0058775988651725,3.597164817470056,inf,0,0,0,0,-1,inf,0,-1,1,1,1,0,0,6080,1428,0,0,1778,2874,1.7875495615945423,4.117033358825643,False
following_lateral_offset,P2,15010,40,4.0,2.5,12.513546619155218,3.7608692106727766,0.25581259021063757,0.004112952800304939,995887047.1996952,34.38000000000002,34.36665741695207,6.054571309761923,3.597164817470056,inf,0,0,0,0,-1,inf,0,-1,1,1,1,0,0,6080,1426,0,0,1766,2888,1.7875495615945423,4.117033358825643,False
following_lateral_offset,P3,15010,40,4.0,2.5,12.513546619155218,3.7608692106727766,0.25581259021063757,0.004112952800304939,995887047.1996952,34.38000000000002,34.36665741695207,6.054571309761923,3.597164817470056,inf,0,0,0,0,-1,inf,0,-1,1,1,1,0,0,6080,1426,0,0,1766,2888,1.7875495615945423,4.117033358825643,False
following_lateral_offset,P4,15010,40,4.0,2.5,12.514345757247085,3.7608692106728228,0.25575938120744546,0.004098412224393997,995901587.7756062,34.38000000000001,34.366657416952066,6.054571309761929,3.597164817470056,inf,0,0,0,0,-1,inf,0,-1,1,1,1,0,0,6080,1426,0,0,1766,2888,1.7875495615945423,4.117033358825643,False
following_lateral_offset,P0,15011,40,4.0,2.5,17.484483407705536,15.185172305053694,0.010048514602464156,6.506234715042784e-17,1000000000.0,34.69000000000003,34.69000000000003,5.491457001561575,2.6582201545695425,inf,0,0,0,0,-1,inf,0,-1,1,1,1,0,0,6080,0,0,0,2711,3369,1.7477541353048978,3.9755441400417553,False
following_lateral_offset,P1,15011,40,4.0,2.5,17.506710559635767,15.378617093713856,0.009817666603909408,1.4727261349373512e-17,1000000000.0,34.59333333333334,34.59333333333334,5.584983835647545,2.7358571571457038,inf,0,0,0,0,-1,inf,0,-1,1,1,1,0,0,6080,0,0,0,2682,3398,1.7477541353048978,3.9755441400417553,False
following_lateral_offset,P2,15011,40,4.0,2.5,17.484483407705536,15.185172305053694,0.010048514602464156,6.506234715042784e-17,1000000000.0,34.69000000000003,34.69000000000003,5.491457001561575,2.6582201545695425,inf,0,0,0,0,-1,inf,0,-1,1,1,1,0,0,6080,0,0,0,2711,3369,1.7477541353048978,3.9755441400417553,False
following_lateral_offset,P3,15011,40,4.0,2.5,17.484483407705536,15.185172305053694,0.010048514602464156,6.506234715042784e-17,1000000000.0,34.69000000000003,34.69000000000003,5.491457001561575,2.6582201545695425,inf,0,0,0,0,-1,inf,0,-1,1,1,1,0,0,6080,0,0,0,2711,3369,1.7477541353048978,3.9755441400417553,False
following_lateral_offset,P4,15011,40,4.0,2.5,17.483382697367933,15.178229804800075,0.010058408366751348,6.856079536150588e-17,1000000000.0,34.693333333333364,34.693333333333364,5.488233879046226,2.6565808103072492,inf,0,0,0,0,-1,inf,0,-1,1,1,1,0,0,6080,0,0,0,2710,3370,1.7477541353048978,3.9755441400417553,False
following_lateral_offset,P0,15012,40,4.0,2.5,17.415316770882914,14.853646612046,0.010746097973359079,7.661194445181533e-16,999999999.9999993,34.84000000000002,34.84000000000002,5.346550289672755,2.544704583571743,inf,0,0,0,0,-1,inf,0,-1,1,1,1,0,0,6080,0,0,0,2859,3221,1.5993688219279754,3.784450434735193,False
following_lateral_offset,P1,15012,40,4.0,2.5,17.41985969438885,14.877007794355926,0.010673133044164895,6.449065283191555e-16,999999999.9999994,34.83000000000001,34.83000000000001,5.356202012620498,2.5865977397047515,inf,0,0,0,0,-1,inf,0,-1,1,1,1,0,0,6080,0,0,0,2858,3222,1.5993688219279754,3.784450434735193,False
following_lateral_offset,P2,15012,40,4.0,2.5,17.41859523134732,14.892478516233604,0.010704445034439115,5.837181715209578e-16,999999999.9999994,34.823333333333345,34.823333333333345,5.362637203631965,2.544704583571743,inf,0,0,0,0,-1,inf,0,-1,1,1,1,0,0,6080,0,0,0,2854,3226,1.5993688219279754,3.784450434735193,False
following_lateral_offset,P3,15012,40,4.0,2.5,17.415316770882914,14.853646612046,0.010746097973359079,7.661194445181533e-16,999999999.9999993,34.84000000000002,34.84000000000002,5.346550289672755,2.544704583571743,inf,0,0,0,0,-1,inf,0,-1,1,1,1,0,0,6080,0,0,0,2859,3221,1.5993688219279754,3.784450434735193,False
following_lateral_offset,P4,15012,40,4.0,2.5,17.428223963887532,14.95354337011367,0.010604709694622598,3.78139355166926e-16,999999999.9999996,34.796666666666674,34.796666666666674,5.388383596012602,2.544704583571743,inf,0,0,0,0,-1,inf,0,-1,1,1,1,0,0,6080,0,0,0,2847,3233,1.5993688219279754,3.784450434735193,False
following_lateral_offset,P0,15013,40,4.0,2.5,17.494581818730865,15.313605873979899,0.009948452580071186,2.4685423028882918e-17,1000000000.0,34.62666666666668,34.62666666666668,5.5527210546821975,2.518762721127858,inf,0,0,0,0,-1,inf,0,-1,1,1,1,0,0,6080,0,0,0,2671,3409,1.766201502272724,3.9559436272319433,False
following_lateral_offset,P1,15013,40,4.0,2.5,17.50210480127314,15.385022587367763,0.009876751971281328,1.4223082812005316e-17,1000000000.0,34.589999999999996,34.589999999999996,5.588210804899905,2.518762721127858,inf,0,0,0,0,-1,inf,0,-1,1,1,1,0,0,6080,0,0,0,2660,3420,1.766201502272724,3.9559436272319433,False
following_lateral_offset,P2,15013,40,4.0,2.5,19.195013255683474,16.137508032910766,0.004989319998507439,2.0668942976258518e-20,1000000000.0,34.528000000000006,34.52033726076814,5.561487814115441,2.518762721127858,inf,0,0,0,0,-1,inf,0,-1,1,1,1,0,0,6080,469,0,0,2270,3341,1.766201502272724,3.9559436272319433,False
following_lateral_offset,P3,15013,40,4.0,2.5,17.494581818730865,15.313605873979899,0.009948452580071186,2.4685423028882918e-17,1000000000.0,34.62666666666668,34.62666666666668,5.5527210546821975,2.518762721127858,inf,0,0,0,0,-1,inf,0,-1,1,1,1,0,0,6080,0,0,0,2671,3409,1.766201502272724,3.9559436272319433,False
following_lateral_offset,P4,15013,40,4.0,2.5,17.50210480127314,15.385022587367763,0.009876751971281328,1.4223082812005316e-17,1000000000.0,34.589999999999996,34.589999999999996,5.588210804899905,2.518762721127858,inf,0,0,0,0,-1,inf,0,-1,1,1,1,0,0,6080,0,0,0,2660,3420,1.766201502272724,3.9559436272319433,False
following_lateral_offset,P0,15014,40,4.0,2.5,17.504859737982976,15.320185892583199,0.010006681578057872,2.49964292544041e-17,1000000000.0,34.62333333333334,34.62333333333334,5.555946764003805,2.606442769747189,inf,0,0,0,0,-1,inf,0,-1,1,1,1,0,0,6080,0,0,0,2797,3283,1.622721170450821,3.8131753024748223,False
following_lateral_offset,P1,15014,40,4.0,2.5,17.54166113306825,15.575263433175525,0.009675684618245048,3.3116029627794e-18,1000000000.0,34.48666666666667,34.48666666666667,5.68830769600629,2.642149008479917,inf,0,0,0,0,-1,inf,0,-1,1,1,1,0,0,6080,0,0,0,2740,3340,1.622721170450821,3.8131753024748223,False
following_lateral_offset,P2,15014,40,4.0,2.5,17.51046484421633,15.3914108673962,0.009948753790539073,1.46411665629758e-17,1000000000.0,34.58666666666667,34.58666666666667,5.59143789894672,2.606442769747189,inf,0,0,0,0,-1,inf,0,-1,1,1,1,0,0,6080,0,0,0,2781,3299,1.622721170450821,3.8131753024748223,False
following_lateral_offset,P3,15014,40,4.0,2.5,17.504859737982976,15.320185892583199,0.010006681578057872,2.49964292544041e-17,1000000000.0,34.62333333333334,34.62333333333334,5.555946764003805,2.606442769747189,inf,0,0,0,0,-1,inf,0,-1,1,1,1,0,0,6080,0,0,0,2797,3283,1.622721170450821,3.8131753024748223,False
following_lateral_offset,P4,15014,40,4.0,2.5,17.504859737982976,15.320185892583199,0.010006681578057872,2.49964292544041e-17,1000000000.0,34.62333333333334,34.62333333333334,5.555946764003805,2.606442769747189,inf,0,0,0,0,-1,inf,0,-1,1,1,1,0,0,6080,0,0,0,2797,3283,1.622721170450821,3.8131753024748223,False
following_lateral_offset,P0,15015,40,4.0,2.5,17.42813122130429,15.005916941433835,0.01045970564032848,2.6892180834673446e-16,999999999.9999996,34.77333333333334,34.77333333333334,5.410919001837337,2.540541886702455,inf,0,0,0,0,-1,inf,0,-1,1,1,1,0,0,6080,0,0,0,2825,3255,1.7795284872409556,3.9652182086586967,False
following_lateral_offset,P1,15015,40,4.0,2.5,17.589837205905432,15.557541609143229,0.009311895378070683,3.4398964426046563e-18,1000000000.0,34.74333333333334,34.74276060647821,5.43322308603915,2.556059128081766,inf,0,0,0,0,-1,inf,0,-1,1,1,1,0,0,6080,24,0,0,2789,3267,1.7795284872409556,3.9652182086586967,False
following_lateral_offset,P2,15015,40,4.0,2.5,17.582334810376175,15.503504714104922,0.009375853048326,5.335058756289825e-18,1000000000.0,34.77333333333334,34.77276060647821,5.40420010168549,2.540541886702455,inf,0,0,0,0,-1,inf,0,-1,1,1,1,0,0,6080,24,0,0,2806,3250,1.7795284872409556,3.9652182086586967,False
following_lateral_offset,P3,15015,40,4.0,2.5,17.42813122130429,15.005916941433835,0.01045970564032848,2.6892180834673446e-16,999999999.9999996,34.77333333333334,34.77333333333334,5.410919001837337,2.540541886702455,inf,0,0,0,0,-1,inf,0,-1,1,1,1,0,0,6080,0,0,0,2825,3255,1.7795284872409556,3.9652182086586967,False
following_lateral_offset,P4,15015,40,4.0,2.5,17.57928815153819,15.472911429647024,0.009410141508547711,6.826388715016405e-18,1000000000.0,34.79000000000001,34.78942727314488,5.388080846063632,2.5319211970472795,inf,0,0,0,0,-1,inf,0,-1,1,1,1,0,0,6080,24,0,0,2808,3248,1.7795284872409556,3.9652182086586967,False
following_lateral_offset,P0,15016,40,4.0,2.5,17.44574094649365,14.877007794355944,0.01079962530041926,6.655695241106887e-16,999999999.9999993,34.830000000000005,34.830000000000005,5.356202012620504,2.4831494638426803,inf,0,0,0,0,-1,inf,0,-1,1,1,1,0,0,6080,0,0,0,2672,3408,1.810979878040476,4.017271525294527,False
following_lateral_offset,P1,15016,40,4.0,2.5,18.083541554133944,16.137508032910766,0.00744325533810927,2.320814261443181e-20,1000000000.0,34.793333333333344,34.790110732898405,5.354007919265449,2.4831494638426803,inf,0,0,0,0,-1,inf,0,-1,1,1,1,0,0,6080,143,0,0,2551,3386,1.810979878040476,4.017271525294527,False
following_lateral_offset,P2,15016,40,4.0,2.5,17.44574094649365,14.877007794355944,0.01079962530041926,6.655695241106887e-16,999999999.9999993,34.830000000000005,34.830000000000005,5.356202012620504,2.4831494638426803,inf,0,0,0,0,-1,inf,0,-1,1,1,1,0,0,6080,0,0,0,2672,3408,1.810979878040476,4.017271525294527,False
following_lateral_offset,P3,15016,40,4.0,2.5,17.44574094649365,14.877007794355944,0.01079962530041926,6.655695241106887e-16,999999999.9999993,34.830000000000005,34.830000000000005,5.356202012620504,2.4831494638426803,inf,0,0,0,0,-1,inf,0,-1,1,1,1,0,0,6080,0,0,0,2672,3408,1.810979878040476,4.017271525294527,False
following_lateral_offset,P4,15016,40,4.0,2.5,18.082581903829514,16.137508032910766,0.007444779303037845,2.320814261443181e-20,1000000000.0,34.818000000000005,34.81475884139915,5.32980493239585,2.4831494638426803,inf,0,0,0,0,-1,inf,0,-1,1,1,1,0,0,6080,143,0,0,2556,3381,1.810979878040476,4.017271525294527,False
following_lateral_offset,P0,15017,40,4.0,2.5,17.421896179700756,15.212757157623415,0.010203941097365643,5.311391876611108e-17,1000000000.0,34.67666666666667,34.67666666666667,5.504350804388992,2.605406606596038,inf,0,0,0,0,-1,inf,0,-1,1,1,1,0,0,6080,0,0,0,2774,3306,1.64973244503529,3.8604211648494973,False
following_lateral_offset,P1,15017,40,4.0,2.5,17.421896179700756,15.212757157623415,0.010203941097365643,5.311391876611108e-17,1000000000.0,34.67666666666667,34.67666666666667,5.504350804388992,2.605406606596038,inf,0,0,0,0,-1,inf,0,-1,1,1,1,0,0,6080,0,0,0,2774,3306,1.64973244503529,3.8604211648494973,False
following_lateral_offset,P2,15017,40,4.0,2.5,17.421896179700756,15.212757157623415,0.010203941097365643,5.311391876611108e-17,1000000000.0,34.67666666666667,34.67666666666667,5.504350804388992,2.605406606596038,inf,0,0,0,0,-1,inf,0,-1,1,1,1,0,0,6080,0,0,0,2774,3306,1.64973244503529,3.8604211648494973,False
following_lateral_offset,P3,15017,40,4.0,2.5,17.421896179700756,15.212757157623415,0.010203941097365643,5.311391876611108e-17,1000000000.0,34.67666666666667,34.67666666666667,5.504350804388992,2.605406606596038,inf,0,0,0,0,-1,inf,0,-1,1,1,1,0,0,6080,0,0,0,2774,3306,1.64973244503529,3.8604211648494973,False
following_lateral_offset,P4,15017,40,4.0,2.5,17.430649557268623,15.293759475157497,0.01011880013268086,2.8738251410945953e-17,1000000000.0,34.63666666666668,34.63666666666668,5.5430446908214925,2.649241084824102,inf,0,0,0,0,-1,inf,0,-1,1,1,1,0,0,6080,0,0,0,2766,3314,1.64973244503529,3.8604211648494973,False
following_lateral_offset,P0,15018,40,4.0,2.5,17.44573170327044,15.586998220805409,0.009842293652622456,2.8620068956299824e-18,1000000000.0,34.480000000000004,34.480000000000004,5.6947695300161145,2.720744041530586,inf,0,0,0,0,-1,inf,0,-1,1,1,1,0,0,6080,0,0,0,2800,3280,1.749862748262735,3.944465057930691,False
following_lateral_offset,P1,15018,40,4.0,2.5,17.44573170327044,15.586998220805409,0.009842293652622456,2.8620068956299824e-18,1000000000.0,34.480000000000004,34.480000000000004,5.6947695300161145,2.720744041530586,inf,0,0,0,0,-1,inf,0,-1,1,1,1,0,0,6080,0,0,0,2800,3280,1.749862748262735,3.944465057930691,False
following_lateral_offset,P2,15018,40,4.0,2.5,17.44573170327044,15.586998220805409,0.009842293652622456,2.8620068956299824e-18,1000000000.0,34.480000000000004,34.480000000000004,5.6947695300161145,2.720744041530586,inf,0,0,0,0,-1,inf,0,-1,1,1,1,0,0,6080,0,0,0,2800,3280,1.749862748262735,3.944465057930691,False
following_lateral_offset,P3,15018,40,4.0,2.5,17.44573170327044,15.586998220805409,0.009842293652622456,2.8620068956299824e-18,1000000000.0,34.480000000000004,34.480000000000004,5.6947695300161145,2.720744041530586,inf,0,0,0,0,-1,inf,0,-1,1,1,1,0,0,6080,0,0,0,2800,3280,1.749862748262735,3.944465057930691,False
following_lateral_offset,P4,15018,40,4.0,2.5,17.44573170327044,15.586998220805409,0.009842293652622456,2.8620068956299824e-18,1000000000.0,34.480000000000004,34.480000000000004,5.6947695300161145,2.720744041530586,inf,0,0,0,0,-1,inf,0,-1,1,1,1,0,0,6080,0,0,0,2800,3280,1.749862748262735,3.944465057930691,False
following_lateral_offset,P0,15019,40,4.0,2.5,17.49350310129732,15.372194343383695,0.009974129485080365,1.6411895834363578e-17,1000000000.0,34.59666666666668,34.59666666666668,5.58175699140611,2.636441899468758,inf,0,0,0,0,-1,inf,0,-1,1,1,1,0,0,6080,0,0,0,2751,3329,1.7486208977068436,4.0104055979938265,False
following_lateral_offset,P1,15019,40,4.0,2.5,17.48801649670542,15.352822119937576,0.010007262311220528,1.910066379998872e-17,1000000000.0,34.606666666666676,34.606666666666676,5.572077210919133,2.614183946601303,inf,0,0,0,0,-1,inf,0,-1,1,1,1,0,0,6080,0,0,0,2759,3321,1.7486208977068436,4.0104055979938265,False
following_lateral_offset,P2,15019,40,4.0,2.5,17.49350310129732,15.372194343383695,0.009974129485080365,1.6411895834363578e-17,1000000000.0,34.59666666666668,34.59666666666668,5.58175699140611,2.636441899468758,inf,0,0,0,0,-1,inf,0,-1,1,1,1,0,0,6080,0,0,0,2751,3329,1.7486208977068436,4.0104055979938265,False
following_lateral_offset,P3,15019,40,4.0,2.5,17.49350310129732,15.372194343383695,0.009974129485080365,1.6411895834363578e-17,1000000000.0,34.59666666666668,34.59666666666668,5.58175699140611,2.636441899468758,inf,0,0,0,0,-1,inf,0,-1,1,1,1,0,0,6080,0,0,0,2751,3329,1.7486208977068436,4.0104055979938265,False
following_lateral_offset,P4,15019,40,4.0,2.5,17.49350310129732,15.372194343383695,0.009974129485080365,1.6411895834363578e-17,1000000000.0,34.59666666666668,34.59666666666668,5.58175699140611,2.636441899468758,inf,0,0,0,0,-1,inf,0,-1,1,1,1,0,0,6080,0,0,0,2751,3329,1.7486208977068436,4.0104055979938265,False
lane_choice,P0,15000,40,4.0,2.5,-1.4841772517946126,-13.800125353527465,0.7112488585418857,0.27149979741639463,728500202.5836054,12.99999999999999,12.882786325056207,16.782438462261936,inf,1.5013499953110632,0,0,0,0,-1,inf,0,-1,0,0,-1,0,0,6080,1879,0,1762,0,2439,1.649674481586056,3.980724900701573,False
lane_choice,P1,15000,40,4.0,2.5,11.415283391778743,7.917465961148334,0.1974985300149305,9.757018575009285e-05,999902429.81425,12.999999999999991,12.91210617836171,16.755131274768452,6.1060366622275195,1.5001885304115121,0,0,0,0,-1,inf,0,-1,0,0,-1,0,0,6080,1784,0,1780,0,2516,1.649674481586056,3.980724900701573,False
lane_choice,P2,15000,40,4.0,2.5,12.008701804632036,8.229738049872287,0.15881413145339823,3.7394747089857576e-05,999962605.2529103,12.999999999999991,12.904499009576284,16.74847084715829,6.1060366622275195,1.5001177930900464,0,0,0,0,-1,inf,0,-1,0,0,-1,0,0,6080,1612,0,1861,0,2607,1.649674481586056,3.980724900701573,False
lane_choice,P3,15000,40,4.0,2.5,11.415283391778743,7.917465961148334,0.1974985300149305,9.757018575009285e-05,999902429.81425,12.999999999999991,12.91210617836171,16.755131274768452,6.1060366622275195,1.5001885304115121,0,0,0,0,-1,inf,0,-1,0,0,-1,0,0,6080,1784,0,1780,0,2516,1.649674481586056,3.980724900701573,False
lane_choice,P4,15000,40,4.0,2.5,12.011930681626641,8.339167020023577,0.15681014940403565,3.197086409443261e-05,999968029.1359055,12.99999999999999,12.903358507552323,16.74847084715829,6.1060366622275195,1.508038196389593,0,0,0,0,-1,inf,0,-1,0,0,-1,0,0,6080,1616,0,1788,0,2676,1.649674481586056,3.980724900701573,False
lane_choice,P0,15001,40,4.0,2.5,-1.4841772517946126,-13.800125353527465,0.7112488585418857,0.27149979741639463,728500202.5836054,12.99999999999999,12.882786325056207,16.782438462261936,inf,1.5013499953110632,0,0,0,0,-1,inf,0,-1,0,0,-1,0,0,6080,1879,0,1762,0,2439,1.8292554926996771,4.262830557993311,False
lane_choice,P1,15001,40,4.0,2.5,11.415283391778743,7.917465961148334,0.1974985300149305,9.757018575009285e-05,999902429.81425,12.999999999999991,12.91210617836171,16.755131274768452,6.1060366622275195,1.5001885304115121,0,0,0,0,-1,inf,0,-1,0,0,-1,0,0,6080,1784,0,1780,0,2516,1.8292554926996771,4.262830557993311,False
lane_choice,P2,15001,40,4.0,2.5,12.011930681626641,8.339167020023577,0.15681014940403565,3.197086409443261e-05,999968029.1359055,12.99999999999999,12.903358507552323,16.74847084715829,6.1060366622275195,1.508038196389593,0,0,0,0,-1,inf,0,-1,0,0,-1,0,0,6080,1616,0,1788,0,2676,1.8292554926996771,4.262830557993311,False
lane_choice,P3,15001,40,4.0,2.5,12.076728932495755,9.263228055490746,0.13843144961890505,8.189156185971114e-06,999991810.8438139,12.99999999999999,12.911716648644994,16.757163456939804,6.1060366622275195,1.5028868179940864,0,0,0,0,-1,inf,0,-1,0,0,-1,0,0,6080,1729,0,1751,0,2600,1.8292554926996771,4.262830557993311,False
lane_choice,P4,15001,40,4.0,2.5,12.011930681626641,8.339167020023577,0.15681014940403565,3.197086409443261e-05,999968029.1359055,12.99999999999999,12.903358507552323,16.74847084715829,6.1060366622275195,1.508038196389593,0,0,0,0,-1,inf,0,-1,0,0,-1,0,0,6080,1616,0,1788,0,2676,1.8292554926996771,4.262830557993311,False
lane_choice,P0,15002,40,4.0,2.5,-1.4841772517946126,-13.800125353527465,0.7112488585418857,0.27149979741639463,728500202.5836054,12.99999999999999,12.882786325056207,16.782438462261936,inf,1.5013499953110632,0,0,0,0,-1,inf,0,-1,0,0,-1,0,0,6080,1879,0,1762,0,2439,2.008957958564017,4.630339818696664,False
lane_choice,P1,15002,40,4.0,2.5,11.415283391778743,7.917465961148334,0.1974985300149305,9.757018575009285e-05,999902429.81425,12.999999999999991,12.91210617836171,16.755131274768452,6.1060366622275195,1.5001885304115121,0,0,0,0,-1,inf,0,-1,0,0,-1,0,0,6080,1784,0,1780,0,2516,2.008957958564017,4.630339818696664,False
lane_choice,P2,15002,40,4.0,2.5,12.011930681626641,8.339167020023577,0.15681014940403565,3.197086409443261e-05,999968029.1359055,12.99999999999999,12.903358507552323,16.74847084715829,6.1060366622275195,1.508038196389593,0,0,0,0,-1,inf,0,-1,0,0,-1,0,0,6080,1616,0,1788,0,2676,2.008957958564017,4.630339818696664,False
lane_choice,P3,15002,40,4.0,2.5,11.745317892373032,8.685339274074892,0.16510820070869775,2.5949230389124718e-05,999974050.769611,12.999999999999996,12.910190221619104,16.75414086214862,6.1060366622275195,1.5000540543503091,0,0,0,0,-1,inf,0,-1,0,0,-1,0,0,6080,1704,0,1816,0,2560,2.008957958564017,4.630339818696664,False
lane_choice,P4,15002,40,4.0,2.5,12.011930681626641,8.339167020023577,0.15681014940403565,3.197086409443261e-05,999968029.1359055,12.99999999999999,12.903358507552323,16.74847084715829,6.1060366622275195,1.508038196389593,0,0,0,0,-1,inf,0,-1,0,0,-1,0,0,6080,1616,0,1788,0,2676,2.008957958564017,4.630339818696664,False
lane_choice,P0,15003,40,4.0,2.5,-1.4841772517946126,-13.800125353527465,0.7112488585418857,0.27149979741639463,728500202.5836054,12.99999999999999,12.882786325056207,16.782438462261936,inf,1.5013499953110632,0,0,0,0,-1,inf,0,-1,0,0,-1,0,0,6080,1879,0,1762,0,2439,1.7289471021370602,4.1328849475134355,False
lane_choice,P1,15003,40,4.0,2.5,11.415283391778743,7.917465961148334,0.1974985300149305,9.757018575009285e-05,999902429.81425,12.999999999999991,12.91210617836171,16.755131274768452,6.1060366622275195,1.5001885304115121,0,0,0,0,-1,inf,0,-1,0,0,-1,0,0,6080,1784,0,1780,0,2516,1.7289471021370602,4.1328849475134355,False
lane_choice,P2,15003,40,4.0,2.5,12.011930681626641,8.339167020023577,0.15681014940403565,3.197086409443261e-05,999968029.1359055,12.99999999999999,12.903358507552323,16.74847084715829,6.1060366622275195,1.508038196389593,0,0,0,0,-1,inf,0,-1,0,0,-1,0,0,6080,1616,0,1788,0,2676,1.7289471021370602,4.1328849475134355,False
lane_choice,P3,15003,40,4.0,2.5,11.745317892373032,8.685339274074892,0.16510820070869775,2.5949230389124718e-05,999974050.769611,12.999999999999996,12.910190221619104,16.75414086214862,6.1060366622275195,1.5000540543503091,0,0,0,0,-1,inf,0,-1,0,0,-1,0,0,6080,1704,0,1816,0,2560,1.7289471021370602,4.1328849475134355,False
lane_choice,P4,15003,40,4.0,2.5,12.011930681626641,8.339167020023577,0.15681014940403565,3.197086409443261e-05,999968029.1359055,12.99999999999999,12.903358507552323,16.74847084715829,6.1060366622275195,1.508038196389593,0,0,0,0,-1,inf,0,-1,0,0,-1,0,0,6080,1616,0,1788,0,2676,1.7289471021370602,4.1328849475134355,False
lane_choice,P0,15004,40,4.0,2.5,-1.4841772517946126,-13.800125353527465,0.7112488585418857,0.27149979741639463,728500202.5836054,12.99999999999999,12.882786325056207,16.782438462261936,inf,1.5013499953110632,0,0,0,0,-1,inf,0,-1,0,0,-1,0,0,6080,1879,0,1762,0,2439,1.7703965073196166,4.21300876498587,False
lane_choice,P1,15004,40,4.0,2.5,11.415283391778743,7.917465961148334,0.1974985300149305,9.757018575009285e-05,999902429.81425,12.999999999999991,12.91210617836171,16.755131274768452,6.1060366622275195,1.5001885304115121,0,0,0,0,-1,inf,0,-1,0,0,-1,0,0,6080,1784,0,1780,0,2516,1.7703965073196166,4.21300876498587,False
lane_choice,P2,15004,40,4.0,2.5,11.692534694579816,7.737611167851465,0.18323134530947308,8.03396674241568e-05,999919660.332576,12.99999999999999,12.90094040479751,16.74537999526075,6.1060366622275195,1.5026651257413706,0,0,0,0,-1,inf,0,-1,0,0,-1,0,0,6080,1577,0,1866,0,2637,1.7703965073196166,4.21300876498587,False
lane_choice,P3,15004,40,4.0,2.5,11.967059743362135,8.4329418123197,0.1586427196786054,2.8490085230152824e-05,999971509.9147699,12.999999999999993,12.90133401449049,16.747476673586238,6.1060366622275195,1.5092503614896562,0,0,0,0,-1,inf,0,-1,0,0,-1,0,0,6080,1585,0,1817,0,2678,1.7703965073196166,4.21300876498587,False
lane_choice,P4,15004,40,4.0,2.5,12.011930681626641,8.339167020023577,0.15681014940403565,3.197086409443261e-05,999968029.1359055,12.99999999999999,12.903358507552323,16.74847084715829,6.1060366622275195,1.508038196389593,0,0,0,0,-1,inf,0,-1,0,0,-1,0,0,6080,1616,0,1788,0,2676,1.7703965073196166,4.21300876498587,False
lane_choice,P0,15005,40,4.0,2.5,-1.4841772517946126,-13.800125353527465,0.7112488585418857,0.27149979741639463,728500202.5836054,12.99999999999999,12.882786325056207,16.782438462261936,inf,1.5013499953110632,0,0,0,0,-1,inf,0,-1,0,0,-1,0,0,6080,1879,0,1762,0,2439,1.855094187939347,4.367070372152405,False
lane_choice,P1,15005,40,4.0,2.5,11.774571468909128,8.864510842673633,0.1650053882993474,2.0320664283531396e-05,999979679.3357166,12.999999999999991,12.90832076244491,16.74847084715829,6.1060366622275195,1.5014545503952075,0,0,0,0,-1,inf,0,-1,0,0,-1,0,0,6080,1691,0,1829,0,2560,1.855094187939347,4.367070372152405,False
lane_choice,P2,15005,40,4.0,2.5,9.442138725861042,5.261737385831458,0.42628233700490614,0.003224800907712433,996775199.0922874,12.99999999999999,12.898306838071617,16.743070553705927,6.1060366622275195,1.5008971974299756,0,0,0,0,-1,inf,0,-1,0,0,-1,0,0,6080,1770,0,1799,0,2511,1.855094187939347,4.367070372152405,False
lane_choice,P3,15005,40,4.0,2.5,11.644041212935715,7.922005714062466,0.18339310862800912,6.358736524925006e-05,999936412.6347507,12.999999999999996,12.897657439087379,16.744258271972367,6.1060366622275195,1.5134672466476218,0,0,0,0,-1,inf,0,-1,0,0,-1,0,0,6080,1596,0,1826,0,2658,1.855094187939347,4.367070372152405,False
lane_choice,P4,15005,40,4.0,2.5,12.011930681626641,8.339167020023577,0.15681014940403565,3.197086409443261e-05,999968029.1359055,12.99999999999999,12.903358507552323,16.74847084715829,6.1060366622275195,1.508038196389593,0,0,0,0,-1,inf,0,-1,0,0,-1,0,0,6080,1616,0,1788,0,2676,1.855094187939347,4.367070372152405,False
lane_choice,P0,15006,40,4.0,2.5,-1.4841772517946126,-13.800125353527465,0.7112488585418857,0.27149979741639463,728500202.5836054,12.99999999999999,12.882786325056207,16.782438462261936,inf,1.5013499953110632,0,0,0,0,-1,inf,0,-1,0,0,-1,0,0,6080,1879,0,1762,0,2439,1.674015596477006,3.9817003595050027,False
lane_choice,P1,15006,40,4.0,2.5,11.415283391778743,7.917465961148334,0.1974985300149305,9.757018575009285e-05,999902429.81425,12.999999999999991,12.91210617836171,16.755131274768452,6.1060366622275195,1.5001885304115121,0,0,0,0,-1,inf,0,-1,0,0,-1,0,0,6080,1784,0,1780,0,2516,1.674015596477006,3.9817003595050027,False
lane_choice,P2,15006,40,4.0,2.5,12.030364578987355,8.274701614065629,0.15568613803943815,3.504439662125876e-05,999964955.6033787,12.999999999999991,12.904611142055042,16.74847084715829,6.1060366622275195,1.5070833792626344,0,0,0,0,-1,inf,0,-1,0,0,-1,0,0,6080,1621,0,1786,0,2673,1.674015596477006,3.9817003595050027,False
lane_choice,P3,15006,40,4.0,2.5,11.415283391778743,7.917465961148334,0.1974985300149305,9.757018575009285e-05,999902429.81425,12.999999999999991,12.91210617836171,16.755131274768452,6.1060366622275195,1.5001885304115121,0,0,0,0,-1,inf,0,-1,0,0,-1,0,0,6080,1784,0,1780,0,2516,1.674015596477006,3.9817003595050027,False
lane_choice,P4,15006,40,4.0,2.5,12.011930681626641,8.339167020023577,0.15681014940403565,3.197086409443261e-05,999968029.1359055,12.99999999999999,12.903358507552323,16.74847084715829,6.1060366622275195,1.508038196389593,0,0,0,0,-1,inf,0,-1,0,0,-1,0,0,6080,1616,0,1788,0,2676,1.674015596477006,3.9817003595050027,False
lane_choice,P0,15007,40,4.0,2.5,-1.4841772517946126,-13.800125353527465,0.7112488585418857,0.27149979741639463,728500202.5836054,12.99999999999999,12.882786325056207,16.782438462261936,inf,1.5013499953110632,0,0,0,0,-1,inf,0,-1,0,0,-1,0,0,6080,1879,0,1762,0,2439,1.815551637675488,4.306373864150537,False
lane_choice,P1,15007,40,4.0,2.5,11.415283391778743,7.917465961148334,0.1974985300149305,9.757018575009285e-05,999902429.81425,12.999999999999991,12.91210617836171,16.755131274768452,6.1060366622275195,1.5001885304115121,0,0,0,0,-1,inf,0,-1,0,0,-1,0,0,6080,1784,0,1780,0,2516,1.815551637675488,4.306373864150537,False
lane_choice,P2,15007,40,4.0,2.5,12.006669292576891,8.339167020023577,0.15719914595329887,3.211108957552374e-05,999967888.9104245,12.99999999999999,12.903343972408566,16.74847084715829,6.1060366622275195,1.5076951843659407,0,0,0,0,-1,inf,0,-1,0,0,-1,0,0,6080,1600,0,1804,0,2676,1.815551637675488,4.306373864150537,False
lane_choice,P3,15007,40,4.0,2.5,11.415283391778743,7.917465961148334,0.1974985300149305,9.757018575009285e-05,999902429.81425,12.999999999999991,12.91210617836171,16.755131274768452,6.1060366622275195,1.5001885304115121,0,0,0,0,-1,inf,0,-1,0,0,-1,0,0,6080,1784,0,1780,0,2516,1.815551637675488,4.306373864150537,False
lane_choice,P4,15007,40,4.0,2.5,12.011930681626641,8.339167020023577,0.15681014940403565,3.197086409443261e-05,999968029.1359055,12.99999999999999,12.903358507552323,16.74847084715829,6.1060366622275195,1.508038196389593,0,0,0,0,-1,inf,0,-1,0,0,-1,0,0,6080,1616,0,1788,0,2676,1.815551637675488,4.306373864150537,False
lane_choice,P0,15008,40,4.0,2.5,-1.4841772517946126,-13.800125353527465,0.7112488585418857,0.27149979741639463,728500202.5836054,12.99999999999999,12.882786325056207,16.782438462261936,inf,1.5013499953110632,0,0,0,0,-1,inf,0,-1,0,0,-1,0,0,6080,1879,0,1762,0,2439,1.6389142043786613,4.035794492444493,False
lane_choice,P1,15008,40,4.0,2.5,11.415283391778743,7.917465961148334,0.1974985300149305,9.757018575009285e-05,999902429.81425,12.999999999999991,12.91210617836171,16.755131274768452,6.1060366622275195,1.5001885304115121,0,0,0,0,-1,inf,0,-1,0,0,-1,0,0,6080,1784,0,1780,0,2516,1.6389142043786613,4.035794492444493,False
lane_choice,P2,15008,40,4.0,2.5,12.008701804632036,8.229738049872287,0.15881413145339823,3.7394747089857576e-05,999962605.2529103,12.999999999999991,12.904499009576284,16.74847084715829,6.1060366622275195,1.5001177930900464,0,0,0,0,-1,inf,0,-1,0,0,-1,0,0,6080,1612,0,1861,0,2607,1.6389142043786613,4.035794492444493,False
lane_choice,P3,15008,40,4.0,2.5,11.415283391778743,7.917465961148334,0.1974985300149305,9.757018575009285e-05,999902429.81425,12.999999999999991,12.91210617836171,16.755131274768452,6.1060366622275195,1.5001885304115121,0,0,0,0,-1,inf,0,-1,0,0,-1,0,0,6080,1784,0,1780,0,2516,1.6389142043786613,4.035794492444493,False
lane_choice,P4,15008,40,4.0,2.5,12.011930681626641,8.339167020023577,0.15681014940403565,3.197086409443261e-05,999968029.1359055,12.99999999999999,12.903358507552323,16.74847084715829,6.1060366622275195,1.508038196389593,0,0,0,0,-1,inf,0,-1,0,0,-1,0,0,6080,1616,0,1788,0,2676,1.6389142043786613,4.035794492444493,False
lane_choice,P0,15009,40,4.0,2.5,-1.4841772517946126,-13.800125353527465,0.7112488585418857,0.27149979741639463,728500202.5836054,12.99999999999999,12.882786325056207,16.782438462261936,inf,1.5013499953110632,0,0,0,0,-1,inf,0,-1,0,0,-1,0,0,6080,1879,0,1762,0,2439,1.7216598038848183,4.200261905416713,False
lane_choice,P1,15009,40,4.0,2.5,11.415283391778743,7.917465961148334,0.1974985300149305,9.757018575009285e-05,999902429.81425,12.999999999999991,12.91210617836171,16.755131274768452,6.1060366622275195,1.5001885304115121,0,0,0,0,-1,inf,0,-1,0,0,-1,0,0,6080,1784,0,1780,0,2516,1.7216598038848183,4.200261905416713,False
lane_choice,P2,15009,40,4.0,2.5,12.10846277555633,8.783780876789407,0.1467584698392844,1.6328797180109004e-05,999983671.2028201,12.99999999999999,12.905349679254607,16.74847084715829,6.1060366622275195,1.5010597912286787,0,0,0,0,-1,inf,0,-1,0,0,-1,0,0,6080,1617,0,1797,0,2666,1.7216598038848183,4.200261905416713,False
lane_choice,P3,15009,40,4.0,2.5,11.415283391778743,7.917465961148334,0.1974985300149305,9.757018575009285e-05,999902429.81425,12.999999999999991,12.91210617836171,16.755131274768452,6.1060366622275195,1.5001885304115121,0,0,0,0,-1,inf,0,-1,0,0,-1,0,0,6080,1784,0,1780,0,2516,1.7216598038848183,4.200261905416713,False
lane_choice,P4,15009,40,4.0,2.5,12.011930681626641,8.339167020023577,0.15681014940403565,3.197086409443261e-05,999968029.1359055,12.99999999999999,12.903358507552323,16.74847084715829,6.1060366622275195,1.508038196389593,0,0,0,0,-1,inf,0,-1,0,0,-1,0,0,6080,1616,0,1788,0,2676,1.7216598038848183,4.200261905416713,False
lane_choice,P0,15010,40,4.0,2.5,-1.4841772517946126,-13.800125353527465,0.7112488585418857,0.27149979741639463,728500202.5836054,12.99999999999999,12.882786325056207,16.782438462261936,inf,1.5013499953110632,0,0,0,0,-1,inf,0,-1,0,0,-1,0,0,6080,1879,0,1762,0,2439,1.8414214584696835,4.42399105204294,False
lane_choice,P1,15010,40,4.0,2.5,11.415283391778743,7.917465961148334,0.1974985300149305,9.757018575009285e-05,999902429.81425,12.999999999999991,12.91210617836171,16.755131274768452,6.1060366622275195,1.5001885304115121,0,0,0,0,-1,inf,0,-1,0,0,-1,0,0,6080,1784,0,1780,0,2516,1.8414214584696835,4.42399105204294,False
lane_choice,P2,15010,40,4.0,2.5,12.006669292576891,8.339167020023577,0.15719914595329887,3.211108957552374e-05,999967888.9104245,12.99999999999999,12.903343972408566,16.74847084715829,6.1060366622275195,1.5076951843659407,0,0,0,0,-1,inf,0,-1,0,0,-1,0,0,6080,1600,0,1804,0,2676,1.8414214584696835,4.42399105204294,False
lane_choice,P3,15010,40,4.0,2.5,12.076728932495755,9.263228055490746,0.13843144961890505,8.189156185971114e-06,999991810.8438139,12.99999999999999,12.911716648644994,16.757163456939804,6.1060366622275195,1.5028868179940864,0,0,0,0,-1,inf,0,-1,0,0,-1,0,0,6080,1729,0,1751,0,2600,1.8414214584696835,4.42399105204294,False
lane_choice,P4,15010,40,4.0,2.5,12.011930681626641,8.339167020023577,0.15681014940403565,3.197086409443261e-05,999968029.1359055,12.99999999999999,12.903358507552323,16.74847084715829,6.1060366622275195,1.508038196389593,0,0,0,0,-1,inf,0,-1,0,0,-1,0,0,6080,1616,0,1788,0,2676,1.8414214584696835,4.42399105204294,False
lane_choice,P0,15011,40,4.0,2.5,-1.4841772517946126,-13.800125353527465,0.7112488585418857,0.27149979741639463,728500202.5836054,12.99999999999999,12.882786325056207,16.782438462261936,inf,1.5013499953110632,0,0,0,0,-1,inf,0,-1,0,0,-1,0,0,6080,1879,0,1762,0,2439,1.889114587459774,4.394991433133541,False
lane_choice,P1,15011,40,4.0,2.5,11.415283391778743,7.917465961148334,0.1974985300149305,9.757018575009285e-05,999902429.81425,12.999999999999991,12.91210617836171,16.755131274768452,6.1060366622275195,1.5001885304115121,0,0,0,0,-1,inf,0,-1,0,0,-1,0,0,6080,1784,0,1780,0,2516,1.889114587459774,4.394991433133541,False
lane_choice,P2,15011,40,4.0,2.5,11.994151129574023,8.339167020023577,0.15814240210197242,3.244000943071595e-05,999967559.9905694,12.99999999999999,12.903343972408566,16.74847084715829,6.1060366622275195,1.5076951843659407,0,0,0,0,-1,inf,0,-1,0,0,-1,0,0,6080,1600,0,1804,0,2676,1.889114587459774,4.394991433133541,False
lane_choice,P3,15011,40,4.0,2.5,11.745317892373032,8.685339274074892,0.16510820070869775,2.5949230389124718e-05,999974050.769611,12.999999999999996,12.910190221619104,16.75414086214862,6.1060366622275195,1.5000540543503091,0,0,0,0,-1,inf,0,-1,0,0,-1,0,0,6080,1704,0,1816,0,2560,1.889114587459774,4.394991433133541,False
lane_choice,P4,15011,40,4.0,2.5,12.011930681626641,8.339167020023577,0.15681014940403565,3.197086409443261e-05,999968029.1359055,12.99999999999999,12.903358507552323,16.74847084715829,6.1060366622275195,1.508038196389593,0,0,0,0,-1,inf,0,-1,0,0,-1,0,0,6080,1616,0,1788,0,2676,1.889114587459774,4.394991433133541,False
lane_choice,P0,15012,40,4.0,2.5,-1.4841772517946126,-13.800125353527465,0.7112488585418857,0.27149979741639463,728500202.5836054,12.99999999999999,12.882786325056207,16.782438462261936,inf,1.5013499953110632,0,0,0,0,-1,inf,0,-1,0,0,-1,0,0,6080,1879,0,1762,0,2439,1.7215546000258424,4.132036440735194,False
lane_choice,P1,15012,40,4.0,2.5,11.415283391778743,7.917465961148334,0.1974985300149305,9.757018575009285e-05,999902429.81425,12.999999999999991,12.91210617836171,16.755131274768452,6.1060366622275195,1.5001885304115121,0,0,0,0,-1,inf,0,-1,0,0,-1,0,0,6080,1784,0,1780,0,2516,1.7215546000258424,4.132036440735194,False
lane_choice,P2,15012,40,4.0,2.5,12.004846002929833,8.39448333904421,0.15610001630200873,2.9520593791208435e-05,999970479.4062088,12.999999999999993,12.902589135019047,16.747476673586238,6.1060366622275195,1.5086487573915592,0,0,0,0,-1,inf,0,-1,0,0,-1,0,0,6080,1608,0,1796,0,2676,1.7215546000258424,4.132036440735194,False
lane_choice,P3,15012,40,4.0,2.5,12.076728932495755,9.263228055490746,0.13843144961890505,8.189156185971114e-06,999991810.8438139,12.99999999999999,12.911716648644994,16.757163456939804,6.1060366622275195,1.5028868179940864,0,0,0,0,-1,inf,0,-1,0,0,-1,0,0,6080,1729,0,1751,0,2600,1.7215546000258424,4.132036440735194,False
lane_choice,P4,15012,40,4.0,2.5,12.011930681626641,8.339167020023577,0.15681014940403565,3.197086409443261e-05,999968029.1359055,12.99999999999999,12.903358507552323,16.74847084715829,6.1060366622275195,1.508038196389593,0,0,0,0,-1,inf,0,-1,0,0,-1,0,0,6080,1616,0,1788,0,2676,1.7215546000258424,4.132036440735194,False
lane_choice,P0,15013,40,4.0,2.5,-1.4841772517946126,-13.800125353527465,0.7112488585418857,0.27149979741639463,728500202.5836054,12.99999999999999,12.882786325056207,16.782438462261936,inf,1.5013499953110632,0,0,0,0,-1,inf,0,-1,0,0,-1,0,0,6080,1879,0,1762,0,2439,1.8750042090334138,4.295805285838288,False
lane_choice,P1,15013,40,4.0,2.5,11.415283391778743,7.917465961148334,0.1974985300149305,9.757018575009285e-05,999902429.81425,12.999999999999991,12.91210617836171,16.755131274768452,6.1060366622275195,1.5001885304115121,0,0,0,0,-1,inf,0,-1,0,0,-1,0,0,6080,1784,0,1780,0,2516,1.8750042090334138,4.295805285838288,False
lane_choice,P2,15013,40,4.0,2.5,12.101132847578397,8.783780876789407,0.14732170842461895,1.652940373108823e-05,999983470.5962689,12.99999999999999,12.905349679254607,16.74847084715829,6.1060366622275195,1.5010597912286787,0,0,0,0,-1,inf,0,-1,0,0,-1,0,0,6080,1602,0,1812,0,2666,1.8750042090334138,4.295805285838288,False
lane_choice,P3,15013,40,4.0,2.5,11.415283391778743,7.917465961148334,0.1974985300149305,9.757018575009285e-05,999902429.81425,12.999999999999991,12.91210617836171,16.755131274768452,6.1060366622275195,1.5001885304115121,0,0,0,0,-1,inf,0,-1,0,0,-1,0,0,6080,1784,0,1780,0,2516,1.8750042090334138,4.295805285838288,False
lane_choice,P4,15013,40,4.0,2.5,12.011930681626641,8.339167020023577,0.15681014940403565,3.197086409443261e-05,999968029.1359055,12.99999999999999,12.903358507552323,16.74847084715829,6.1060366622275195,1.508038196389593,0,0,0,0,-1,inf,0,-1,0,0,-1,0,0,6080,1616,0,1788,0,2676,1.8750042090334138,4.295805285838288,False
lane_choice,P0,15014,40,4.0,2.5,-1.4841772517946126,-13.800125353527465,0.7112488585418857,0.27149979741639463,728500202.5836054,12.99999999999999,12.882786325056207,16.782438462261936,inf,1.5013499953110632,0,0,0,0,-1,inf,0,-1,0,0,-1,0,0,6080,1879,0,1762,0,2439,1.665855052862541,4.040942121384385,False
lane_choice,P1,15014,40,4.0,2.5,11.415283391778743,7.917465961148334,0.1974985300149305,9.757018575009285e-05,999902429.81425,12.999999999999991,12.91210617836171,16.755131274768452,6.1060366622275195,1.5001885304115121,0,0,0,0,-1,inf,0,-1,0,0,-1,0,0,6080,1784,0,1780,0,2516,1.665855052862541,4.040942121384385,False
lane_choice,P2,15014,40,4.0,2.5,12.003633799522168,8.350570069085126,0.15675953905088255,3.1349235258126525e-05,999968650.7647419,12.999999999999991,12.902939065224487,16.746449236149434,6.1060366622275195,1.5001257136001795,0,0,0,0,-1,inf,0,-1,0,0,-1,0,0,6080,1578,0,1891,0,2611,1.665855052862541,4.040942121384385,False
lane_choice,P3,15014,40,4.0,2.5,11.415283391778743,7.917465961148334,0.1974985300149305,9.757018575009285e-05,999902429.81425,12.999999999999991,12.91210617836171,16.755131274768452,6.1060366622275195,1.5001885304115121,0,0,0,0,-1,inf,0,-1,0,0,-1,0,0,6080,1784,0,1780,0,2516,1.665855052862541,4.040942121384385,False
lane_choice,P4,15014,40,4.0,2.5,12.011930681626641,8.339167020023577,0.15681014940403565,3.197086409443261e-05,999968029.1359055,12.99999999999999,12.903358507552323,16.74847084715829,6.1060366622275195,1.508038196389593,0,0,0,0,-1,inf,0,-1,0,0,-1,0,0,6080,1616,0,1788,0,2676,1.665855052862541,4.040942121384385,False
lane_choice,P0,15015,40,4.0,2.5,-1.4841772517946126,-13.800125353527465,0.7112488585418857,0.27149979741639463,728500202.5836054,12.99999999999999,12.882786325056207,16.782438462261936,inf,1.5013499953110632,0,0,0,0,-1,inf,0,-1,0,0,-1,0,0,6080,1879,0,1762,0,2439,1.8910398438856024,4.359036561409911,False
lane_choice,P1,15015,40,4.0,2.5,11.745317892373032,8.685339274074892,0.16510820070869775,2.5949230389124718e-05,999974050.769611,12.999999999999996,12.910190221619104,16.75414086214862,6.1060366622275195,1.5000540543503091,0,0,0,0,-1,inf,0,-1,0,0,-1,0,0,6080,1704,0,1816,0,2560,1.8910398438856024,4.359036561409911,False
lane_choice,P2,15015,40,4.0,2.5,10.377378381691624,6.359241483953542,0.32074078480850243,0.0010118365022896841,998988163.4977102,12.999999999999993,12.908228620119699,16.74847084715829,6.1060366622275195,1.5054522843923368,0,0,0,0,-1,inf,0,-1,0,0,-1,0,0,6080,1834,0,1711,0,2535,1.8910398438856024,4.359036561409911,False
lane_choice,P3,15015,40,4.0,2.5,11.724101155926135,8.71113664209406,0.16877881955397006,2.629946675616683e-05,999973700.5332439,12.999999999999995,12.906925786351799,16.751005614868024,6.1060366622275195,1.5002385066918666,0,0,0,0,-1,inf,0,-1,0,0,-1,0,0,6080,1670,0,1885,0,2525,1.8910398438856024,4.359036561409911,False
lane_choice,P4,15015,40,4.0,2.5,12.011930681626641,8.339167020023577,0.15681014940403565,3.197086409443261e-05,999968029.1359055,12.99999999999999,12.903358507552323,16.74847084715829,6.1060366622275195,1.508038196389593,0,0,0,0,-1,inf,0,-1,0,0,-1,0,0,6080,1616,0,1788,0,2676,1.8910398438856024,4.359036561409911,False
lane_choice,P0,15016,40,4.0,2.5,-1.4841772517946126,-13.800125353527465,0.7112488585418857,0.27149979741639463,728500202.5836054,12.99999999999999,12.882786325056207,16.782438462261936,inf,1.5013499953110632,0,0,0,0,-1,inf,0,-1,0,0,-1,0,0,6080,1879,0,1762,0,2439,1.8750020780479115,4.293093220845309,False
lane_choice,P1,15016,40,4.0,2.5,11.435182525296545,8.012373056845629,0.19517708609454484,8.383575704004449e-05,999916164.24296,12.99999999999999,12.910819574708963,16.753017151880435,6.1060366622275195,1.501167547298801,0,0,0,0,-1,inf,0,-1,0,0,-1,0,0,6080,1768,0,1784,0,2528,1.8750020780479115,4.293093220845309,False
lane_choice,P2,15016,40,4.0,2.5,11.688149806161638,7.78461867199141,0.18227791446486424,7.531207105671112e-05,999924687.9289434,12.999999999999995,12.900021753913492,16.744258271972367,6.1060366622275195,1.503391720901357,0,0,0,0,-1,inf,0,-1,0,0,-1,0,0,6080,1567,0,1874,0,2639,1.8750020780479115,4.293093220845309,False
lane_choice,P3,15016,40,4.0,2.5,11.863250199052143,9.22089698890259,0.15799043770156987,1.4034168112434702e-05,999985965.8318875,12.999999999999998,12.904472044256531,16.747725155669244,6.1060366622275195,1.5002284245268873,0,0,0,0,-1,inf,0,-1,0,0,-1,0,0,6080,1618,0,1856,0,2606,1.8750020780479115,4.293093220845309,False
lane_choice,P4,15016,40,4.0,2.5,12.011930681626641,8.339167020023577,0.15681014940403565,3.197086409443261e-05,999968029.1359055,12.99999999999999,12.903358507552323,16.74847084715829,6.1060366622275195,1.508038196389593,0,0,0,0,-1,inf,0,-1,0,0,-1,0,0,6080,1616,0,1788,0,2676,1.8750020780479115,4.293093220845309,False
lane_choice,P0,15017,40,4.0,2.5,-1.4841772517946126,-13.800125353527465,0.7112488585418857,0.27149979741639463,728500202.5836054,12.99999999999999,12.882786325056207,16.782438462261936,inf,1.5013499953110632,0,0,0,0,-1,inf,0,-1,0,0,-1,0,0,6080,1879,0,1762,0,2439,1.7722121899714303,4.209550871875832,False
lane_choice,P1,15017,40,4.0,2.5,11.415283391778743,7.917465961148334,0.1974985300149305,9.757018575009285e-05,999902429.81425,12.999999999999991,12.91210617836171,16.755131274768452,6.1060366622275195,1.5001885304115121,0,0,0,0,-1,inf,0,-1,0,0,-1,0,0,6080,1784,0,1780,0,2516,1.7722121899714303,4.209550871875832,False
lane_choice,P2,15017,40,4.0,2.5,12.008701804632036,8.229738049872287,0.15881413145339823,3.7394747089857576e-05,999962605.2529103,12.999999999999991,12.904499009576284,16.74847084715829,6.1060366622275195,1.5001177930900464,0,0,0,0,-1,inf,0,-1,0,0,-1,0,0,6080,1612,0,1861,0,2607,1.7722121899714303,4.209550871875832,False
lane_choice,P3,15017,40,4.0,2.5,12.076728932495755,9.263228055490746,0.13843144961890505,8.189156185971114e-06,999991810.8438139,12.99999999999999,12.911716648644994,16.757163456939804,6.1060366622275195,1.5028868179940864,0,0,0,0,-1,inf,0,-1,0,0,-1,0,0,6080,1729,0,1751,0,2600,1.7722121899714303,4.209550871875832,False
lane_choice,P4,15017,40,4.0,2.5,12.011930681626641,8.339167020023577,0.15681014940403565,3.197086409443261e-05,999968029.1359055,12.99999999999999,12.903358507552323,16.74847084715829,6.1060366622275195,1.508038196389593,0,0,0,0,-1,inf,0,-1,0,0,-1,0,0,6080,1616,0,1788,0,2676,1.7722121899714303,4.209550871875832,False
lane_choice,P0,15018,40,4.0,2.5,-1.4841772517946126,-13.800125353527465,0.7112488585418857,0.27149979741639463,728500202.5836054,12.99999999999999,12.882786325056207,16.782438462261936,inf,1.5013499953110632,0,0,0,0,-1,inf,0,-1,0,0,-1,0,0,6080,1879,0,1762,0,2439,1.8185272637695724,4.236232875452553,False
lane_choice,P1,15018,40,4.0,2.5,11.415283391778743,7.917465961148334,0.1974985300149305,9.757018575009285e-05,999902429.81425,12.999999999999991,12.91210617836171,16.755131274768452,6.1060366622275195,1.5001885304115121,0,0,0,0,-1,inf,0,-1,0,0,-1,0,0,6080,1784,0,1780,0,2516,1.8185272637695724,4.236232875452553,False
lane_choice,P2,15018,40,4.0,2.5,12.003801535674015,8.30317609867053,0.15770970069748805,3.362030996009834e-05,999966379.6900399,12.999999999999993,12.90378423508218,16.747476673586238,6.1060366622275195,1.5006896560409806,0,0,0,0,-1,inf,0,-1,0,0,-1,0,0,6080,1603,0,1869,0,2608,1.8185272637695724,4.236232875452553,False
lane_choice,P3,15018,40,4.0,2.5,11.745317892373032,8.685339274074892,0.16510820070869775,2.5949230389124718e-05,999974050.769611,12.999999999999996,12.910190221619104,16.75414086214862,6.1060366622275195,1.5000540543503091,0,0,0,0,-1,inf,0,-1,0,0,-1,0,0,6080,1704,0,1816,0,2560,1.8185272637695724,4.236232875452553,False
lane_choice,P4,15018,40,4.0,2.5,12.011930681626641,8.339167020023577,0.15681014940403565,3.197086409443261e-05,999968029.1359055,12.99999999999999,12.903358507552323,16.74847084715829,6.1060366622275195,1.508038196389593,0,0,0,0,-1,inf,0,-1,0,0,-1,0,0,6080,1616,0,1788,0,2676,1.8185272637695724,4.236232875452553,False
lane_choice,P0,15019,40,4.0,2.5,-1.4841772517946126,-13.800125353527465,0.7112488585418857,0.27149979741639463,728500202.5836054,12.99999999999999,12.882786325056207,16.782438462261936,inf,1.5013499953110632,0,0,0,0,-1,inf,0,-1,0,0,-1,0,0,6080,1879,0,1762,0,2439,1.8203285523707333,4.281639014270601,False
lane_choice,P1,15019,40,4.0,2.5,11.758934634062106,8.774627668072812,0.16437011258981962,2.2394814054187187e-05,999977605.1859459,12.999999999999993,12.90887192507583,16.752025539288738,6.1060366622275195,1.501057888153312,0,0,0,0,-1,inf,0,-1,0,0,-1,0,0,6080,1698,0,1823,0,2559,1.8203285523707333,4.281639014270601,False
lane_choice,P2,15019,40,4.0,2.5,11.832741258051616,8.335939670729472,0.16651268150172335,3.279417761282451e-05,999967205.8223871,12.999999999999995,12.900148708289226,16.74537999526075,6.1060366622275195,1.5096519956738716,0,0,0,0,-1,inf,0,-1,0,0,-1,0,0,6080,1593,0,1842,0,2645,1.8203285523707333,4.281639014270601,False
lane_choice,P3,15019,40,4.0,2.5,11.758934634062106,8.774627668072812,0.16437011258981962,2.2394814054187187e-05,999977605.1859459,12.999999999999993,12.90887192507583,16.752025539288738,6.1060366622275195,1.501057888153312,0,0,0,0,-1,inf,0,-1,0,0,-1,0,0,6080,1698,0,1823,0,2559,1.8203285523707333,4.281639014270601,False
lane_choice,P4,15019,40,4.0,2.5,12.011930681626641,8.339167020023577,0.15681014940403565,3.197086409443261e-05,999968029.1359055,12.99999999999999,12.903358507552323,16.74847084715829,6.1060366622275195,1.508038196389593,0,0,0,0,-1,inf,0,-1,0,0,-1,0,0,6080,1616,0,1788,0,2676,1.8203285523707333,4.281639014270601,False
overtake,P0,15000,50,5.0,2.5,20.973242421594083,17.202168997219456,0.0028776172793981863,2.202643528653723e-25,1000000000.0,43.687333333333314,43.687333333333314,5.316794410380347,3.1300944145899674,inf,0,0,0,0,-1,inf,0,-1,1,1,1,0,0,7600,0,0,0,2821,4779,1.4657649397857957,3.4119738841445426,False
overtake,P1,15000,50,5.0,2.5,20.883146148209086,17.202168997219456,0.002894977191712445,2.202643528653723e-25,1000000000.0,43.40999999999999,43.40999999999999,5.59392310379223,3.3475509487815294,inf,0,0,0,0,-1,inf,0,-1,1,1,1,0,0,7600,0,0,0,2719,4881,1.4657649397857957,3.4119738841445426,False
overtake,P2,15000,50,5.0,2.5,20.973242421594083,17.202168997219456,0.0028776172793981863,2.202643528653723e-25,1000000000.0,43.687333333333314,43.687333333333314,5.316794410380347,3.1300944145899674,inf,0,0,0,0,-1,inf,0,-1,1,1,1,0,0,7600,0,0,0,2821,4779,1.4657649397857957,3.4119738841445426,False
overtake,P3,15000,50,5.0,2.5,20.973242421594083,17.202168997219456,0.0028776172793981863,2.202643528653723e-25,1000000000.0,43.687333333333314,43.687333333333314,5.316794410380347,3.1300944145899674,inf,0,0,0,0,-1,inf,0,-1,1,1,1,0,0,7600,0,0,0,2821,4779,1.4657649397857957,3.4119738841445426,False
overtake,P4,15000,50,5.0,2.5,20.973242421594083,17.202168997219456,0.0028776172793981863,2.202643528653723e-25,1000000000.0,43.687333333333314,43.687333333333314,5.316794410380347,3.1300944145899674,inf,0,0,0,0,-1,inf,0,-1,1,1,1,0,0,7600,0,0,0,2821,4779,1.4657649397857957,3.4119738841445426,False
overtake,P0,15001,50,5.0,2.5,20.8118285355036,17.202168997219456,0.0031071757354641143,2.308621486108807e-25,1000000000.0,43.70166666666666,43.70166666666666,5.302472234934527,2.965857158631751,inf,0,0,0,0,-1,inf,0,-1,1,1,1,0,0,7600,0,0,0,2723,4877,1.5777884826685755,3.7168434310554432,False
overtake,P1,15001,50,5.0,2.5,20.78725032845354,17.202168997219456,0.0030833878725563817,2.3017940872580446e-25,1000000000.0,43.499999999999986,43.499999999999986,5.503987253904258,3.04662242510936,inf,0,0,0,0,-1,inf,0,-1,1,1,1,0,0,7600,0,0,0,2637,4963,1.5777884826685755,3.7168434310554432,False
overtake,P2,15001,50,5.0,2.5,20.8118285355036,17.202168997219456,0.0031071757354641143,2.308621486108807e-25,1000000000.0,43.70166666666666,43.70166666666666,5.302472234934527,2.965857158631751,inf,0,0,0,0,-1,inf,0,-1,1,1,1,0,0,7600,0,0,0,2723,4877,1.5777884826685755,3.7168434310554432,False
overtake,P3,15001,50,5.0,2.5,20.8118285355036,17.202168997219456,0.0031071757354641143,2.308621486108807e-25,1000000000.0,43.70166666666666,43.70166666666666,5.302472234934527,2.965857158631751,inf,0,0,0,0,-1,inf,0,-1,1,1,1,0,0,7600,0,0,0,2723,4877,1.5777884826685755,3.7168434310554432,False
overtake,P4,15001,50,5.0,2.5,20.8118285355036,17.202168997219456,0.0031071757354641143,2.308621486108807e-25,1000000000.0,43.70166666666666,43.70166666666666,5.302472234934527,2.965857158631751,inf,0,0,0,0,-1,inf,0,-1,1,1,1,0,0,7600,0,0,0,2723,4877,1.5777884826685755,3.7168434310554432,False
overtake,P0,15002,50,5.0,2.5,20.492369928583592,17.202168997219456,0.003327229732767754,2.317991073139965e-25,1000000000.0,43.30066666666664,43.30066666666664,5.703181229417937,3.1944214481720756,inf,0,0,0,0,-1,inf,0,-1,1,1,1,0,0,7600,0,0,0,2551,5049,1.717681773053612,3.8018688815184594,False
overtake,P1,15002,50,5.0,2.5,20.494325175169024,17.202168997219456,0.003289139396325142,2.3179788865441266e-25,1000000000.0,43.10000000000001,43.10000000000001,5.903717107987161,3.295353748854051,inf,0,0,0,0,-1,inf,0,-1,1,1,1,0,0,7600,0,0,0,2475,5125,1.717681773053612,3.8018688815184594,False
overtake,P2,15002,50,5.0,2.5,15.780727733527604,9.958361802871883,0.04052435108017461,8.045722425526594e-07,999999195.4277574,43.12499999999999,43.09983455587228,6.12711280769418,7.3750478126139045,inf,0,0,0,0,-1,inf,0,-1,1,1,1,0,0,7600,2757,0,0,1158,3685,1.717681773053612,3.8018688815184594,False
overtake,P3,15002,50,5.0,2.5,20.492369928583592,17.202168997219456,0.003327229732767754,2.317991073139965e-25,1000000000.0,43.30066666666664,43.30066666666664,5.703181229417937,3.1944214481720756,inf,0,0,0,0,-1,inf,0,-1,1,1,1,0,0,7600,0,0,0,2551,5049,1.717681773053612,3.8018688815184594,False
overtake,P4,15002,50,5.0,2.5,20.492369928583592,17.202168997219456,0.003327229732767754,2.317991073139965e-25,1000000000.0,43.30066666666664,43.30066666666664,5.703181229417937,3.1944214481720756,inf,0,0,0,0,-1,inf,0,-1,1,1,1,0,0,7600,0,0,0,2551,5049,1.717681773053612,3.8018688815184594,False
overtake,P0,15003,50,5.0,2.5,21.058581180605902,17.202168997219456,0.0028539890801505177,2.2226917786094184e-25,1000000000.0,43.634999999999984,43.634999999999984,5.369087510102676,2.9783258462922406,inf,0,0,0,0,-1,inf,0,-1,1,1,1,0,0,7600,0,0,0,2838,4762,1.4269922556253034,3.3585772683325574,False
overtake,P1,15003,50,5.0,2.5,20.8849215766812,17.202168997219456,0.0029188241598476637,2.222306775132304e-25,1000000000.0,43.31,43.31,5.693854203537385,3.174056577741092,inf,0,0,0,0,-1,inf,0,-1,1,1,1,0,0,7600,0,0,0,2647,4953,1.4269922556253034,3.3585772683325574,False
overtake,P2,15003,50,5.0,2.5,21.058581180605902,17.202168997219456,0.0028539890801505177,2.2226917786094184e-25,1000000000.0,43.634999999999984,43.634999999999984,5.369087510102676,2.9783258462922406,inf,0,0,0,0,-1,inf,0,-1,1,1,1,0,0,7600,0,0,0,2838,4762,1.4269922556253034,3.3585772683325574,False
overtake,P3,15003,50,5.0,2.5,21.058581180605902,17.202168997219456,0.0028539890801505177,2.2226917786094184e-25,1000000000.0,43.634999999999984,43.634999999999984,5.369087510102676,2.9783258462922406,inf,0,0,0,0,-1,inf,0,-1,1,1,1,0,0,7600,0,0,0,2838,4762,1.4269922556253034,3.3585772683325574,False
overtake,P4,15003,50,5.0,2.5,21.05698044956762,17.202168997219456,0.0028543067864288175,2.2226917786094184e-25,1000000000.0,43.67800000000001,43.67800000000001,5.32612051038467,2.9783258462922406,inf,0,0,0,0,-1,inf,0,-1,1,1,1,0,0,7600,0,0,0,2846,4754,1.4269922556253034,3.3585772683325574,False
overtake,P0,15004,50,5.0,2.5,21.07882643561914,17.202168997219456,0.0028169387272107497,2.1969957901272155e-25,1000000000.0,43.73266666666666,43.73266666666666,5.271496574558775,3.1271430294315374,inf,0,0,0,0,-1,inf,0,-1,1,1,1,0,0,7600,0,0,0,2673,4927,1.5563016276200887,3.547720022365956,False
overtake,P1,15004,50,5.0,2.5,21.10439162146783,17.202168997219456,0.0027181342741056645,2.185109858349406e-25,1000000000.0,43.450000000000024,43.450000000000024,5.553951358370012,3.1054905217633153,inf,0,0,0,0,-1,inf,0,-1,1,1,1,0,0,7600,0,0,0,2642,4958,1.5563016276200887,3.547720022365956,False
overtake,P2,15004,50,5.0,2.5,21.07882643561914,17.202168997219456,0.0028169387272107497,2.1969957901272155e-25,1000000000.0,43.73266666666666,43.73266666666666,5.271496574558775,3.1271430294315374,inf,0,0,0,0,-1,inf,0,-1,1,1,1,0,0,7600,0,0,0,2673,4927,1.5563016276200887,3.547720022365956,False
overtake,P3,15004,50,5.0,2.5,21.07882643561914,17.202168997219456,0.0028169387272107497,2.1969957901272155e-25,1000000000.0,43.73266666666666,43.73266666666666,5.271496574558775,3.1271430294315374,inf,0,0,0,0,-1,inf,0,-1,1,1,1,0,0,7600,0,0,0,2673,4927,1.5563016276200887,3.547720022365956,False
overtake,P4,15004,50,5.0,2.5,21.07882643561914,17.202168997219456,0.0028169387272107497,2.1969957901272155e-25,1000000000.0,43.73266666666666,43.73266666666666,5.271496574558775,3.1271430294315374,inf,0,0,0,0,-1,inf,0,-1,1,1,1,0,0,7600,0,0,0,2673,4927,1.5563016276200887,3.547720022365956,False
overtake,P0,15005,50,5.0,2.5,20.988025372947313,17.202168997219456,0.0028994301762911507,2.198061109617032e-25,1000000000.0,43.79633333333332,43.79633333333332,5.207880804023675,2.820003318720464,inf,0,0,0,0,-1,inf,0,-1,1,1,1,0,0,7600,0,0,0,2697,4903,1.5217040099815238,3.542619457219441,False
overtake,P1,15005,50,5.0,2.5,21.05997822921813,17.202168997219456,0.002777104240786362,2.1851119384090733e-25,1000000000.0,43.599999999999994,43.599999999999994,5.40406103695549,3.175810534498653,inf,0,0,0,0,-1,inf,0,-1,1,1,1,0,0,7600,0,0,0,2643,4957,1.5217040099815238,3.542619457219441,False
overtake,P2,15005,50,5.0,2.5,20.988025372947313,17.202168997219456,0.0028994301762911507,2.198061109617032e-25,1000000000.0,43.79633333333332,43.79633333333332,5.207880804023675,2.820003318720464,inf,0,0,0,0,-1,inf,0,-1,1,1,1,0,0,7600,0,0,0,2697,4903,1.5217040099815238,3.542619457219441,False
overtake,P3,15005,50,5.0,2.5,20.988025372947313,17.202168997219456,0.0028994301762911507,2.198061109617032e-25,1000000000.0,43.79633333333332,43.79633333333332,5.207880804023675,2.820003318720464,inf,0,0,0,0,-1,inf,0,-1,1,1,1,0,0,7600,0,0,0,2697,4903,1.5217040099815238,3.542619457219441,False
overtake,P4,15005,50,5.0,2.5,20.988025372947313,17.202168997219456,0.0028994301762911507,2.198061109617032e-25,1000000000.0,43.79633333333332,43.79633333333332,5.207880804023675,2.820003318720464,inf,0,0,0,0,-1,inf,0,-1,1,1,1,0,0,7600,0,0,0,2697,4903,1.5217040099815238,3.542619457219441,False
overtake,P0,15006,50,5.0,2.5,21.218908185318305,17.202168997219456,0.0027378579165258277,2.18512766240592e-25,1000000000.0,43.952666666666666,43.952666666666666,5.051677886496542,3.0235933023436092,inf,0,0,0,0,-1,inf,0,-1,1,1,1,0,0,7600,0,0,0,2818,4782,1.4848390639047313,3.4367703701239423,False
overtake,P1,15006,50,5.0,2.5,21.14143972887582,17.202168997219456,0.0027496393631149607,2.18512766240592e-25,1000000000.0,43.73000000000001,43.73000000000001,5.274161136250983,3.0435306930867223,inf,0,0,0,0,-1,inf,0,-1,1,1,1,0,0,7600,0,0,0,2713,4887,1.4848390639047313,3.4367703701239423,False
overtake,P2,15006,50,5.0,2.5,21.218908185318305,17.202168997219456,0.0027378579165258277,2.18512766240592e-25,1000000000.0,43.952666666666666,43.952666666666666,5.051677886496542,3.0235933023436092,inf,0,0,0,0,-1,inf,0,-1,1,1,1,0,0,7600,0,0,0,2818,4782,1.4848390639047313,3.4367703701239423,False
overtake,P3,15006,50,5.0,2.5,21.218908185318305,17.202168997219456,0.0027378579165258277,2.18512766240592e-25,1000000000.0,43.952666666666666,43.952666666666666,5.051677886496542,3.0235933023436092,inf,0,0,0,0,-1,inf,0,-1,1,1,1,0,0,7600,0,0,0,2818,4782,1.4848390639047313,3.4367703701239423,False
overtake,P4,15006,50,5.0,2.5,21.21804470837143,17.202168997219456,0.0027379333496772486,2.18512766240592e-25,1000000000.0,43.945666666666675,43.945666666666675,5.058671874670736,3.0235933023436092,inf,0,0,0,0,-1,inf,0,-1,1,1,1,0,0,7600,0,0,0,2813,4787,1.4848390639047313,3.4367703701239423,False
overtake,P0,15007,50,5.0,2.5,21.180017676431103,17.202168997219456,0.0027668820639960684,2.197786045641706e-25,1000000000.0,43.940999999999974,43.940999999999974,5.063334542684361,2.921358914100564,inf,0,0,0,0,-1,inf,0,-1,1,1,1,0,0,7600,0,0,0,2755,4845,1.655053232859164,3.768433429183621,False
overtake,P1,15007,50,5.0,2.5,21.197458347488737,17.202168997219456,0.0027070468634723594,2.1851098583491757e-25,1000000000.0,43.850000000000016,43.850000000000016,5.154258015577045,2.9663675143049244,inf,0,0,0,0,-1,inf,0,-1,1,1,1,0,0,7600,0,0,0,2726,4874,1.655053232859164,3.768433429183621,False
overtake,P2,15007,50,5.0,2.5,21.180017676431103,17.202168997219456,0.0027668820639960684,2.197786045641706e-25,1000000000.0,43.940999999999974,43.940999999999974,5.063334542684361,2.921358914100564,inf,0,0,0,0,-1,inf,0,-1,1,1,1,0,0,7600,0,0,0,2755,4845,1.655053232859164,3.768433429183621,False
overtake,P3,15007,50,5.0,2.5,21.180017676431103,17.202168997219456,0.0027668820639960684,2.197786045641706e-25,1000000000.0,43.940999999999974,43.940999999999974,5.063334542684361,2.921358914100564,inf,0,0,0,0,-1,inf,0,-1,1,1,1,0,0,7600,0,0,0,2755,4845,1.655053232859164,3.768433429183621,False
overtake,P4,15007,50,5.0,2.5,21.174823945494282,17.202168997219456,0.002767434541695093,2.197786045641706e-25,1000000000.0,43.915000000000006,43.915000000000006,5.089312398658616,2.927036543497058,inf,0,0,0,0,-1,inf,0,-1,1,1,1,0,0,7600,0,0,0,2746,4854,1.655053232859164,3.768433429183621,False
overtake,P0,15008,50,5.0,2.5,21.309609875381906,17.202168997219456,0.0026761328698231886,2.185388520271041e-25,1000000000.0,43.961999999999996,43.961999999999996,5.042352594884695,2.963079025544866,inf,0,0,0,0,-1,inf,0,-1,1,1,1,0,0,7600,0,0,0,2906,4694,1.3973449727883531,3.3392896167853308,False
overtake,P1,15008,50,5.0,2.5,21.20500088024242,17.202168997219456,0.0026950431709703666,2.185110042271315e-25,1000000000.0,43.76999999999998,43.76999999999998,5.234192935987417,3.106466768652681,inf,0,0,0,0,-1,inf,0,-1,1,1,1,0,0,7600,0,0,0,2788,4812,1.3973449727883531,3.3392896167853308,False
overtake,P2,15008,50,5.0,2.5,21.309609875381906,17.202168997219456,0.0026761328698231886,2.185388520271041e-25,1000000000.0,43.961999999999996,43.961999999999996,5.042352594884695,2.963079025544866,inf,0,0,0,0,-1,inf,0,-1,1,1,1,0,0,7600,0,0,0,2906,4694,1.3973449727883531,3.3392896167853308,False
overtake,P3,15008,50,5.0,2.5,21.309609875381906,17.202168997219456,0.0026761328698231886,2.185388520271041e-25,1000000000.0,43.961999999999996,43.961999999999996,5.042352594884695,2.963079025544866,inf,0,0,0,0,-1,inf,0,-1,1,1,1,0,0,7600,0,0,0,2906,4694,1.3973449727883531,3.3392896167853308,False
overtake,P4,15008,50,5.0,2.5,21.309609875381906,17.202168997219456,0.0026761328698231886,2.185388520271041e-25,1000000000.0,43.961999999999996,43.961999999999996,5.042352594884695,2.963079025544866,inf,0,0,0,0,-1,inf,0,-1,1,1,1,0,0,7600,0,0,0,2906,4694,1.3973449727883531,3.3392896167853308,False
overtake,P0,15009,50,5.0,2.5,21.09870486440296,17.202168997219456,0.0028174332008021373,2.196131465173398e-25,1000000000.0,43.85133333333332,43.85133333333332,5.152925784016779,3.0388716100504936,inf,0,0,0,0,-1,inf,0,-1,1,1,1,0,0,7600,0,0,0,2777,4823,1.4617118443510342,3.4759650553814874,False
overtake,P1,15009,50,5.0,2.5,20.975293322190705,17.202168997219456,0.002839656975242759,2.185853120246927e-25,1000000000.0,43.529999999999994,43.529999999999994,5.474009105869339,3.1850660248261913,inf,0,0,0,0,-1,inf,0,-1,1,1,1,0,0,7600,0,0,0,2639,4961,1.4617118443510342,3.4759650553814874,False
overtake,P2,15009,50,5.0,2.5,21.09870486440296,17.202168997219456,0.0028174332008021373,2.196131465173398e-25,1000000000.0,43.85133333333332,43.85133333333332,5.152925784016779,3.0388716100504936,inf,0,0,0,0,-1,inf,0,-1,1,1,1,0,0,7600,0,0,0,2777,4823,1.4617118443510342,3.4759650553814874,False
overtake,P3,15009,50,5.0,2.5,21.09870486440296,17.202168997219456,0.0028174332008021373,2.196131465173398e-25,1000000000.0,43.85133333333332,43.85133333333332,5.152925784016779,3.0388716100504936,inf,0,0,0,0,-1,inf,0,-1,1,1,1,0,0,7600,0,0,0,2777,4823,1.4617118443510342,3.4759650553814874,False
overtake,P4,15009,50,5.0,2.5,21.087074441035426,17.202168997219456,0.00281869690316251,2.196131465173398e-25,1000000000.0,43.78533333333332,43.78533333333332,5.218871921745634,3.0388716100504936,inf,0,0,0,0,-1,inf,0,-1,1,1,1,0,0,7600,0,0,0,2765,4835,1.4617118443510342,3.4759650553814874,False
overtake,P0,15010,50,5.0,2.5,20.779460929270112,17.202168997219456,0.003178954220266048,2.3140662202848786e-25,1000000000.0,43.74766666666667,43.74766666666667,5.256508454819112,2.8520177159331985,inf,0,0,0,0,-1,inf,0,-1,1,1,1,0,0,7600,0,0,0,2750,4850,1.5149537950086214,3.5520794648134046,False
overtake,P1,15010,50,5.0,2.5,20.766590125228223,17.202168997219456,0.0031431387821288475,2.3135422386648358e-25,1000000000.0,43.539999999999985,43.539999999999985,5.4640164431616185,2.8813569917712187,inf,0,0,0,0,-1,inf,0,-1,1,1,1,0,0,7600,0,0,0,2681,4919,1.5149537950086214,3.5520794648134046,False
overtake,P2,15010,50,5.0,2.5,20.779460929270112,17.202168997219456,0.003178954220266048,2.3140662202848786e-25,1000000000.0,43.74766666666667,43.74766666666667,5.256508454819112,2.8520177159331985,inf,0,0,0,0,-1,inf,0,-1,1,1,1,0,0,7600,0,0,0,2750,4850,1.5149537950086214,3.5520794648134046,False
overtake,P3,15010,50,5.0,2.5,20.779460929270112,17.202168997219456,0.003178954220266048,2.3140662202848786e-25,1000000000.0,43.74766666666667,43.74766666666667,5.256508454819112,2.8520177159331985,inf,0,0,0,0,-1,inf,0,-1,1,1,1,0,0,7600,0,0,0,2750,4850,1.5149537950086214,3.5520794648134046,False
overtake,P4,15010,50,5.0,2.5,20.774123788157517,17.202168997219456,0.003179611372817668,2.3140662202848786e-25,1000000000.0,43.72433333333333,43.72433333333333,5.279823336904203,2.8520177159331985,inf,0,0,0,0,-1,inf,0,-1,1,1,1,0,0,7600,0,0,0,2742,4858,1.5149537950086214,3.5520794648134046,False
overtake,P0,15011,50,5.0,2.5,21.1449475623799,17.202168997219456,0.002819211523491736,2.2028710341769974e-25,1000000000.0,44.03633333333334,44.03633333333334,4.968084386251718,2.782020384123218,inf,0,0,0,0,-1,inf,0,-1,1,1,1,0,0,7600,0,0,0,2782,4818,1.5688961144413422,3.625192643987373,False
overtake,P1,15011,50,5.0,2.5,21.11600597794281,17.202168997219456,0.0027698486078991014,2.202453936642683e-25,1000000000.0,43.719999999999985,43.719999999999985,5.284153261511303,3.1060276015108625,inf,0,0,0,0,-1,inf,0,-1,1,1,1,0,0,7600,0,0,0,2695,4905,1.5688961144413422,3.625192643987373,False
overtake,P2,15011,50,5.0,2.5,21.1449475623799,17.202168997219456,0.002819211523491736,2.2028710341769974e-25,1000000000.0,44.03633333333334,44.03633333333334,4.968084386251718,2.782020384123218,inf,0,0,0,0,-1,inf,0,-1,1,1,1,0,0,7600,0,0,0,2782,4818,1.5688961144413422,3.625192643987373,False
overtake,P3,15011,50,5.0,2.5,21.1449475623799,17.202168997219456,0.002819211523491736,2.2028710341769974e-25,1000000000.0,44.03633333333334,44.03633333333334,4.968084386251718,2.782020384123218,inf,0,0,0,0,-1,inf,0,-1,1,1,1,0,0,7600,0,0,0,2782,4818,1.5688961144413422,3.625192643987373,False
overtake,P4,15011,50,5.0,2.5,21.144414438827923,17.202168997219456,0.002819251319206261,2.2028710341769974e-25,1000000000.0,44.02966666666667,44.02966666666667,4.974745132726377,2.782020384123218,inf,0,0,0,0,-1,inf,0,-1,1,1,1,0,0,7600,0,0,0,2781,4819,1.5688961144413422,3.625192643987373,False
overtake,P0,15012,50,5.0,2.5,21.077921789930425,17.202168997219456,0.0028394743434516684,2.2030379668095916e-25,1000000000.0,43.864000000000004,43.864000000000004,5.1402696126896235,3.0603691292389934,inf,0,0,0,0,-1,inf,0,-1,1,1,1,0,0,7600,0,0,0,2813,4787,1.483106158910416,3.4407602585657187,False
overtake,P1,15012,50,5.0,2.5,21.080888709496516,17.202168997219456,0.0028002923115030337,2.20245397592126e-25,1000000000.0,43.69999999999999,43.69999999999999,5.304137601075268,3.0687934198463593,inf,0,0,0,0,-1,inf,0,-1,1,1,1,0,0,7600,0,0,0,2742,4858,1.483106158910416,3.4407602585657187,False
overtake,P2,15012,50,5.0,2.5,21.077921789930425,17.202168997219456,0.0028394743434516684,2.2030379668095916e-25,1000000000.0,43.864000000000004,43.864000000000004,5.1402696126896235,3.0603691292389934,inf,0,0,0,0,-1,inf,0,-1,1,1,1,0,0,7600,0,0,0,2813,4787,1.483106158910416,3.4407602585657187,False
overtake,P3,15012,50,5.0,2.5,21.077921789930425,17.202168997219456,0.0028394743434516684,2.2030379668095916e-25,1000000000.0,43.864000000000004,43.864000000000004,5.1402696126896235,3.0603691292389934,inf,0,0,0,0,-1,inf,0,-1,1,1,1,0,0,7600,0,0,0,2813,4787,1.483106158910416,3.4407602585657187,False
overtake,P4,15012,50,5.0,2.5,21.0690133607196,17.202168997219456,0.0028404823549769633,2.2030379668095916e-25,1000000000.0,43.82666666666667,43.82666666666667,5.177572159701701,3.0603691292389934,inf,0,0,0,0,-1,inf,0,-1,1,1,1,0,0,7600,0,0,0,2801,4799,1.483106158910416,3.4407602585657187,False
overtake,P0,15013,50,5.0,2.5,21.20071843828017,17.202168997219456,0.002803498295915915,2.1990318111769083e-25,1000000000.0,43.97899999999997,43.97899999999997,5.025367319026608,2.9463738122583285,inf,0,0,0,0,-1,inf,0,-1,1,1,1,0,0,7600,0,0,0,2863,4737,1.5358843170613996,3.6269636664524167,False
overtake,P1,15013,50,5.0,2.5,21.229702288009733,17.202168997219456,0.0027216163686752727,2.1860029148565443e-25,1000000000.0,43.690000000000005,43.690000000000005,5.314129815044071,2.958385999097033,inf,0,0,0,0,-1,inf,0,-1,1,1,1,0,0,7600,0,0,0,2761,4839,1.5358843170613996,3.6269636664524167,False
overtake,P2,15013,50,5.0,2.5,21.20071843828017,17.202168997219456,0.002803498295915915,2.1990318111769083e-25,1000000000.0,43.97899999999997,43.97899999999997,5.025367319026608,2.9463738122583285,inf,0,0,0,0,-1,inf,0,-1,1,1,1,0,0,7600,0,0,0,2863,4737,1.5358843170613996,3.6269636664524167,False
overtake,P3,15013,50,5.0,2.5,21.20071843828017,17.202168997219456,0.002803498295915915,2.1990318111769083e-25,1000000000.0,43.97899999999997,43.97899999999997,5.025367319026608,2.9463738122583285,inf,0,0,0,0,-1,inf,0,-1,1,1,1,0,0,7600,0,0,0,2863,4737,1.5358843170613996,3.6269636664524167,False
overtake,P4,15013,50,5.0,2.5,21.185241984055246,17.202168997219456,0.0028050503885233336,2.1990318111769083e-25,1000000000.0,43.90766666666665,43.90766666666665,5.096639527072552,2.972079747455632,inf,0,0,0,0,-1,inf,0,-1,1,1,1,0,0,7600,0,0,0,2823,4777,1.5358843170613996,3.6269636664524167,False
overtake,P0,15014,50,5.0,2.5,21.136014167932668,17.202168997219456,0.00278701213145514,2.202773964447204e-25,1000000000.0,43.79133333333333,43.79133333333333,5.212876761979405,3.054099826937937,inf,0,0,0,0,-1,inf,0,-1,1,1,1,0,0,7600,0,0,0,2794,4806,1.412382804675377,3.359674518043241,False
overtake,P1,15014,50,5.0,2.5,21.058357175929842,17.202168997219456,0.002791677539420757,2.202454362857641e-25,1000000000.0,43.589999999999975,43.589999999999975,5.414053536043086,3.0635302619516223,inf,0,0,0,0,-1,inf,0,-1,1,1,1,0,0,7600,0,0,0,2685,4915,1.412382804675377,3.359674518043241,False
overtake,P2,15014,50,5.0,2.5,21.136014167932668,17.202168997219456,0.00278701213145514,2.202773964447204e-25,1000000000.0,43.79133333333333,43.79133333333333,5.212876761979405,3.054099826937937,inf,0,0,0,0,-1,inf,0,-1,1,1,1,0,0,7600,0,0,0,2794,4806,1.412382804675377,3.359674518043241,False
overtake,P3,15014,50,5.0,2.5,21.136014167932668,17.202168997219456,0.00278701213145514,2.202773964447204e-25,1000000000.0,43.79133333333333,43.79133333333333,5.212876761979405,3.054099826937937,inf,0,0,0,0,-1,inf,0,-1,1,1,1,0,0,7600,0,0,0,2794,4806,1.412382804675377,3.359674518043241,False
overtake,P4,15014,50,5.0,2.5,21.136014167932668,17.202168997219456,0.00278701213145514,2.202773964447204e-25,1000000000.0,43.79133333333333,43.79133333333333,5.212876761979405,3.054099826937937,inf,0,0,0,0,-1,inf,0,-1,1,1,1,0,0,7600,0,0,0,2794,4806,1.412382804675377,3.359674518043241,False
overtake,P0,15015,50,5.0,2.5,21.2551223752917,17.202168997219456,0.0027441765211633786,2.196130850832031e-25,1000000000.0,44.03366666666665,44.03366666666665,4.970748682936842,2.916576033438434,inf,0,0,0,0,-1,inf,0,-1,1,1,1,0,0,7600,0,0,0,2912,4688,1.615679451618591,3.7056495780477974,False
overtake,P1,15015,50,5.0,2.5,21.121105094123237,17.202168997219456,0.002754058182922606,2.18584947813368e-25,1000000000.0,43.66999999999999,43.66999999999999,5.334114330527657,3.08942596239008,inf,0,0,0,0,-1,inf,0,-1,1,1,1,0,0,7600,0,0,0,2742,4858,1.615679451618591,3.7056495780477974,False
overtake,P2,15015,50,5.0,2.5,21.2551223752917,17.202168997219456,0.0027441765211633786,2.196130850832031e-25,1000000000.0,44.03366666666665,44.03366666666665,4.970748682936842,2.916576033438434,inf,0,0,0,0,-1,inf,0,-1,1,1,1,0,0,7600,0,0,0,2912,4688,1.615679451618591,3.7056495780477974,False
overtake,P3,15015,50,5.0,2.5,21.2551223752917,17.202168997219456,0.0027441765211633786,2.196130850832031e-25,1000000000.0,44.03366666666665,44.03366666666665,4.970748682936842,2.916576033438434,inf,0,0,0,0,-1,inf,0,-1,1,1,1,0,0,7600,0,0,0,2912,4688,1.615679451618591,3.7056495780477974,False
overtake,P4,15015,50,5.0,2.5,21.249344903687085,17.202168997219456,0.0027447107363161184,2.196130850832031e-25,1000000000.0,43.99966666666666,43.99966666666666,5.004718686957825,2.916576033438434,inf,0,0,0,0,-1,inf,0,-1,1,1,1,0,0,7600,0,0,0,2900,4700,1.615679451618591,3.7056495780477974,False
overtake,P0,15016,50,5.0,2.5,21.21589158448951,17.202168997219456,0.0027087060856454044,2.1977859982386514e-25,1000000000.0,43.806999999999995,43.806999999999995,5.197222786367776,3.037701845202333,inf,0,0,0,0,-1,inf,0,-1,1,1,1,0,0,7600,0,0,0,2699,4901,1.5716009617353328,3.621176113177221,False
overtake,P1,15016,50,5.0,2.5,21.176932239692295,17.202168997219456,0.0026611351685942946,2.185109841584627e-25,1000000000.0,43.52000000000001,43.52000000000001,5.484001795326134,3.062814636264411,inf,0,0,0,0,-1,inf,0,-1,1,1,1,0,0,7600,0,0,0,2622,4978,1.5716009617353328,3.621176113177221,False
overtake,P2,15016,50,5.0,2.5,21.21589158448951,17.202168997219456,0.0027087060856454044,2.1977859982386514e-25,1000000000.0,43.806999999999995,43.806999999999995,5.197222786367776,3.037701845202333,inf,0,0,0,0,-1,inf,0,-1,1,1,1,0,0,7600,0,0,0,2699,4901,1.5716009617353328,3.621176113177221,False
overtake,P3,15016,50,5.0,2.5,21.21589158448951,17.202168997219456,0.0027087060856454044,2.1977859982386514e-25,1000000000.0,43.806999999999995,43.806999999999995,5.197222786367776,3.037701845202333,inf,0,0,0,0,-1,inf,0,-1,1,1,1,0,0,7600,0,0,0,2699,4901,1.5716009617353328,3.621176113177221,False
overtake,P4,15016,50,5.0,2.5,21.21589158448951,17.202168997219456,0.0027087060856454044,2.1977859982386514e-25,1000000000.0,43.806999999999995,43.806999999999995,5.197222786367776,3.037701845202333,inf,0,0,0,0,-1,inf,0,-1,1,1,1,0,0,7600,0,0,0,2699,4901,1.5716009617353328,3.621176113177221,False
overtake,P0,15017,50,5.0,2.5,21.128113657440096,17.202168997219456,0.002815240088817692,2.2222584658429183e-25,1000000000.0,43.91133333333333,43.91133333333333,5.092975960632923,3.007262498814521,inf,0,0,0,0,-1,inf,0,-1,1,1,1,0,0,7600,0,0,0,2843,4757,1.4642838654022652,3.4671220449163083,False
overtake,P1,15017,50,5.0,2.5,21.043427427232224,17.202168997219456,0.0028296712777944317,2.2222584658429183e-25,1000000000.0,43.629999999999995,43.629999999999995,5.374083707120724,3.079319735635828,inf,0,0,0,0,-1,inf,0,-1,1,1,1,0,0,7600,0,0,0,2714,4886,1.4642838654022652,3.4671220449163083,False
overtake,P2,15017,50,5.0,2.5,21.128113657440096,17.202168997219456,0.002815240088817692,2.2222584658429183e-25,1000000000.0,43.91133333333333,43.91133333333333,5.092975960632923,3.007262498814521,inf,0,0,0,0,-1,inf,0,-1,1,1,1,0,0,7600,0,0,0,2843,4757,1.4642838654022652,3.4671220449163083,False
overtake,P3,15017,50,5.0,2.5,21.128113657440096,17.202168997219456,0.002815240088817692,2.2222584658429183e-25,1000000000.0,43.91133333333333,43.91133333333333,5.092975960632923,3.007262498814521,inf,0,0,0,0,-1,inf,0,-1,1,1,1,0,0,7600,0,0,0,2843,4757,1.4642838654022652,3.4671220449163083,False
overtake,P4,15017,50,5.0,2.5,21.118142863850217,17.202168997219456,0.002816301073833688,2.2222584658429183e-25,1000000000.0,43.864999999999995,43.864999999999995,5.139270443471567,3.007262498814521,inf,0,0,0,0,-1,inf,0,-1,1,1,1,0,0,7600,0,0,0,2824,4776,1.4642838654022652,3.4671220449163083,False
overtake,P0,15018,50,5.0,2.5,20.81184400226809,17.202168997219456,0.0031028477739155212,2.3135422331194145e-25,1000000000.0,43.65599999999999,43.65599999999999,5.348103560248293,3.0889397944753645,inf,0,0,0,0,-1,inf,0,-1,1,1,1,0,0,7600,0,0,0,2731,4869,1.5729259062166343,3.626472585213825,False
overtake,P1,15018,50,5.0,2.5,20.7498615411298,17.202168997219456,0.003114882389352431,2.3135422331194145e-25,1000000000.0,43.46000000000001,43.46000000000001,5.543958485697768,3.1741314119576582,inf,0,0,0,0,-1,inf,0,-1,1,1,1,0,0,7600,0,0,0,2652,4948,1.5729259062166343,3.626472585213825,False
overtake,P2,15018,50,5.0,2.5,20.81184400226809,17.202168997219456,0.0031028477739155212,2.3135422331194145e-25,1000000000.0,43.65599999999999,43.65599999999999,5.348103560248293,3.0889397944753645,inf,0,0,0,0,-1,inf,0,-1,1,1,1,0,0,7600,0,0,0,2731,4869,1.5729259062166343,3.626472585213825,False
overtake,P3,15018,50,5.0,2.5,20.81184400226809,17.202168997219456,0.0031028477739155212,2.3135422331194145e-25,1000000000.0,43.65599999999999,43.65599999999999,5.348103560248293,3.0889397944753645,inf,0,0,0,0,-1,inf,0,-1,1,1,1,0,0,7600,0,0,0,2731,4869,1.5729259062166343,3.626472585213825,False
overtake,P4,15018,50,5.0,2.5,20.80433938748552,17.202168997219456,0.003103817631127579,2.3135422331194145e-25,1000000000.0,43.61766666666666,43.61766666666666,5.386407689940633,3.0889397944753645,inf,0,0,0,0,-1,inf,0,-1,1,1,1,0,0,7600,0,0,0,2713,4887,1.5729259062166343,3.626472585213825,False
overtake,P0,15019,50,5.0,2.5,21.044256014671983,17.202168997219456,0.0028469481454591133,2.1976643603832598e-25,1000000000.0,43.832666666666654,43.832666666666654,5.171577077538174,3.157665876044034,inf,0,0,0,0,-1,inf,0,-1,1,1,1,0,0,7600,0,0,0,2708,4892,1.5877012024587795,3.6292173010297035,False
overtake,P1,15019,50,5.0,2.5,21.08840344121215,17.202168997219456,0.0027519871927893695,2.1851100637868506e-25,1000000000.0,43.6,43.6,5.404061036955483,3.0937737884770344,inf,0,0,0,0,-1,inf,0,-1,1,1,1,0,0,7600,0,0,0,2611,4989,1.5877012024587795,3.6292173010297035,False
overtake,P2,15019,50,5.0,2.5,21.044256014671983,17.202168997219456,0.0028469481454591133,2.1976643603832598e-25,1000000000.0,43.832666666666654,43.832666666666654,5.171577077538174,3.157665876044034,inf,0,0,0,0,-1,inf,0,-1,1,1,1,0,0,7600,0,0,0,2708,4892,1.5877012024587795,3.6292173010297035,False
overtake,P3,15019,50,5.0,2.5,21.044256014671983,17.202168997219456,0.0028469481454591133,2.1976643603832598e-25,1000000000.0,43.832666666666654,43.832666666666654,5.171577077538174,3.157665876044034,inf,0,0,0,0,-1,inf,0,-1,1,1,1,0,0,7600,0,0,0,2708,4892,1.5877012024587795,3.6292173010297035,False
overtake,P4,15019,50,5.0,2.5,21.044256014671983,17.202168997219456,0.0028469481454591133,2.1976643603832598e-25,1000000000.0,43.832666666666654,43.832666666666654,5.171577077538174,3.157665876044034,inf,0,0,0,0,-1,inf,0,-1,1,1,1,0,0,7600,0,0,0,2708,4892,1.5877012024587795,3.6292173010297035,False
intersection_turn,P0,15000,50,5.0,2.5,18.33816876463261,14.72403780401211,0.009676525109562783,2.2614855272116717e-15,999999999.9999979,41.74999999999999,41.74999999999999,6.300991985394053,3.9550147740798045,inf,0,0,0,0,-1,inf,0,-1,0,0,-1,0,0,7600,0,0,0,2681,4919,1.4697618352780868,3.3191295440929114,False
intersection_turn,P1,15000,50,5.0,2.5,18.318013733886914,14.72403780401211,0.009694510598595663,2.2614855272116717e-15,999999999.9999979,41.59999999999998,41.59999999999998,6.44980619863886,3.9550147740798045,inf,0,0,0,0,-1,inf,0,-1,0,0,-1,0,0,7600,0,0,0,2623,4977,1.4697618352780868,3.3191295440929114,False
intersection_turn,P2,15000,50,5.0,2.5,18.33816876463261,14.72403780401211,0.009676525109562783,2.2614855272116717e-15,999999999.9999979,41.74999999999999,41.74999999999999,6.300991985394053,3.9550147740798045,inf,0,0,0,0,-1,inf,0,-1,0,0,-1,0,0,7600,0,0,0,2681,4919,1.4697618352780868,3.3191295440929114,False
intersection_turn,P3,15000,50,5.0,2.5,18.33816876463261,14.72403780401211,0.009676525109562783,2.2614855272116717e-15,999999999.9999979,41.74999999999999,41.74999999999999,6.300991985394053,3.9550147740798045,inf,0,0,0,0,-1,inf,0,-1,0,0,-1,0,0,7600,0,0,0,2681,4919,1.4697618352780868,3.3191295440929114,False
intersection_turn,P4,15000,50,5.0,2.5,18.333870136844904,14.72403780401211,0.009679409752540974,2.2614855272116717e-15,999999999.9999979,41.68666666666666,41.68666666666666,6.363817861769604,3.9550147740798045,inf,0,0,0,0,-1,inf,0,-1,0,0,-1,0,0,7600,0,0,0,2662,4938,1.4697618352780868,3.3191295440929114,False
intersection_turn,P0,15001,50,5.0,2.5,18.049438449490236,14.72403780401211,0.010465240525134818,2.358831311227723e-15,999999999.9999976,41.3816666666667,41.3816666666667,6.666508539791322,4.6229989209283655,inf,0,0,0,0,-1,inf,0,-1,0,0,-1,0,0,7600,0,0,0,2452,5148,1.5579067593991518,3.581992437511774,False
intersection_turn,P1,15001,50,5.0,2.5,17.956214044627625,14.72403780401211,0.010715612582625468,2.3724918240518642e-15,999999999.9999976,41.17999999999998,41.17999999999998,6.8667605171580215,4.789682321088468,inf,0,0,0,0,-1,inf,0,-1,0,0,-1,0,0,7600,0,0,0,2365,5235,1.5579067593991518,3.581992437511774,False
intersection_turn,P2,15001,50,5.0,2.5,18.049438449490236,14.72403780401211,0.010465240525134818,2.358831311227723e-15,999999999.9999976,41.3816666666667,41.3816666666667,6.666508539791322,4.6229989209283655,inf,0,0,0,0,-1,inf,0,-1,0,0,-1,0,0,7600,0,0,0,2452,5148,1.5579067593991518,3.581992437511774,False
intersection_turn,P3,15001,50,5.0,2.5,18.049438449490236,14.72403780401211,0.010465240525134818,2.358831311227723e-15,999999999.9999976,41.3816666666667,41.3816666666667,6.666508539791322,4.6229989209283655,inf,0,0,0,0,-1,inf,0,-1,0,0,-1,0,0,7600,0,0,0,2452,5148,1.5579067593991518,3.581992437511774,False
intersection_turn,P4,15001,50,5.0,2.5,18.049438449490236,14.72403780401211,0.010465240525134818,2.358831311227723e-15,999999999.9999976,41.3816666666667,41.3816666666667,6.666508539791322,4.6229989209283655,inf,0,0,0,0,-1,inf,0,-1,0,0,-1,0,0,7600,0,0,0,2452,5148,1.5579067593991518,3.581992437511774,False
intersection_turn,P0,15002,50,5.0,2.5,18.005028519750336,14.72403780401211,0.010546645792901141,2.3696045217938875e-15,999999999.9999976,41.1133333333333,41.1133333333333,6.932977554974357,4.594171091348221,inf,0,0,0,0,-1,inf,0,-1,0,0,-1,0,0,7600,0,0,0,2434,5166,1.719112770316732,3.6820174704778252,False
intersection_turn,P1,15002,50,5.0,2.5,17.91210593647159,14.72403780401211,0.010750171708767084,2.372171529204751e-15,999999999.9999976,40.83999999999997,40.83999999999997,7.204554115280172,4.785121783422708,inf,0,0,0,0,-1,inf,0,-1,0,0,-1,0,0,7600,0,0,0,2313,5287,1.719112770316732,3.6820174704778252,False
intersection_turn,P2,15002,50,5.0,2.5,18.005028519750336,14.72403780401211,0.010546645792901141,2.3696045217938875e-15,999999999.9999976,41.1133333333333,41.1133333333333,6.932977554974357,4.594171091348221,inf,0,0,0,0,-1,inf,0,-1,0,0,-1,0,0,7600,0,0,0,2434,5166,1.719112770316732,3.6820174704778252,False
intersection_turn,P3,15002,50,5.0,2.5,18.005028519750336,14.72403780401211,0.010546645792901141,2.3696045217938875e-15,999999999.9999976,41.1133333333333,41.1133333333333,6.932977554974357,4.594171091348221,inf,0,0,0,0,-1,inf,0,-1,0,0,-1,0,0,7600,0,0,0,2434,5166,1.719112770316732,3.6820174704778252,False
intersection_turn,P4,15002,50,5.0,2.5,18.005028519750336,14.72403780401211,0.010546645792901141,2.3696045217938875e-15,999999999.9999976,41.1133333333333,41.1133333333333,6.932977554974357,4.594171091348221,inf,0,0,0,0,-1,inf,0,-1,0,0,-1,0,0,7600,0,0,0,2434,5166,1.719112770316732,3.6820174704778252,False
intersection_turn,P0,15003,50,5.0,2.5,18.242623695427277,14.72403780401211,0.009938748613188098,2.2857810681714177e-15,999999999.9999976,41.57000000000002,41.57000000000002,6.479575603386361,4.200509536258781,inf,0,0,0,0,-1,inf,0,-1,0,0,-1,0,0,7600,0,0,0,2622,4978,1.430272227290811,3.263213443061156,False
intersection_turn,P1,15003,50,5.0,2.5,18.23079572922229,14.72403780401211,0.009948678722679252,2.2857810681714177e-15,999999999.9999976,41.45000000000002,41.45000000000002,6.598674109243445,4.200509536258781,inf,0,0,0,0,-1,inf,0,-1,0,0,-1,0,0,7600,0,0,0,2571,5029,1.430272227290811,3.263213443061156,False
intersection_turn,P2,15003,50,5.0,2.5,18.242623695427277,14.72403780401211,0.009938748613188098,2.2857810681714177e-15,999999999.9999976,41.57000000000002,41.57000000000002,6.479575603386361,4.200509536258781,inf,0,0,0,0,-1,inf,0,-1,0,0,-1,0,0,7600,0,0,0,2622,4978,1.430272227290811,3.263213443061156,False
intersection_turn,P3,15003,50,5.0,2.5,18.242623695427277,14.72403780401211,0.009938748613188098,2.2857810681714177e-15,999999999.9999976,41.57000000000002,41.57000000000002,6.479575603386361,4.200509536258781,inf,0,0,0,0,-1,inf,0,-1,0,0,-1,0,0,7600,0,0,0,2622,4978,1.430272227290811,3.263213443061156,False
intersection_turn,P4,15003,50,5.0,2.5,18.240210929316884,14.72403780401211,0.009940448429504936,2.2857810681714177e-15,999999999.9999976,41.53666666666669,41.53666666666669,6.5126552018188,4.200509536258781,inf,0,0,0,0,-1,inf,0,-1,0,0,-1,0,0,7600,0,0,0,2613,4987,1.430272227290811,3.263213443061156,False
intersection_turn,P0,15004,50,5.0,2.5,18.375694860746247,14.72403780401211,0.00963905383847245,2.2614855272116717e-15,999999999.9999979,41.86666666666667,41.86666666666667,6.185287202529707,3.9550147740798045,inf,0,0,0,0,-1,inf,0,-1,0,0,-1,0,0,7600,0,0,0,2564,5036,1.5313278720669161,3.3832182284544956,False
intersection_turn,P1,15004,50,5.0,2.5,18.355776664849582,14.72403780401211,0.009654791056679357,2.2614855272116717e-15,999999999.9999979,41.69,41.69,6.360510985762073,3.9550147740798045,inf,0,0,0,0,-1,inf,0,-1,0,0,-1,0,0,7600,0,0,0,2505,5095,1.5313278720669161,3.3832182284544956,False
intersection_turn,P2,15004,50,5.0,2.5,18.375694860746247,14.72403780401211,0.00963905383847245,2.2614855272116717e-15,999999999.9999979,41.86666666666667,41.86666666666667,6.185287202529707,3.9550147740798045,inf,0,0,0,0,-1,inf,0,-1,0,0,-1,0,0,7600,0,0,0,2564,5036,1.5313278720669161,3.3832182284544956,False
intersection_turn,P3,15004,50,5.0,2.5,18.375694860746247,14.72403780401211,0.00963905383847245,2.2614855272116717e-15,999999999.9999979,41.86666666666667,41.86666666666667,6.185287202529707,3.9550147740798045,inf,0,0,0,0,-1,inf,0,-1,0,0,-1,0,0,7600,0,0,0,2564,5036,1.5313278720669161,3.3832182284544956,False
intersection_turn,P4,15004,50,5.0,2.5,18.375694860746247,14.72403780401211,0.00963905383847245,2.2614855272116717e-15,999999999.9999979,41.86666666666667,41.86666666666667,6.185287202529707,3.9550147740798045,inf,0,0,0,0,-1,inf,0,-1,0,0,-1,0,0,7600,0,0,0,2564,5036,1.5313278720669161,3.3832182284544956,False
intersection_turn,P0,15005,50,5.0,2.5,18.421461214331842,14.72403780401211,0.009603382642625315,2.2614855272116717e-15,999999999.9999979,42.15999999999999,42.15999999999999,5.8945398463323775,3.9550147740798045,inf,0,0,0,0,-1,inf,0,-1,0,0,-1,0,0,7600,0,0,0,2680,4920,1.5085951243976294,3.3672102026875343,False
intersection_turn,P1,15005,50,5.0,2.5,18.410732895848817,14.72403780401211,0.009610847651015449,2.2614855272116717e-15,999999999.9999979,42.03999999999999,42.03999999999999,6.013451587898592,3.9550147740798045,inf,0,0,0,0,-1,inf,0,-1,0,0,-1,0,0,7600,0,0,0,2652,4948,1.5085951243976294,3.3672102026875343,False
intersection_turn,P2,15005,50,5.0,2.5,18.421461214331842,14.72403780401211,0.009603382642625315,2.2614855272116717e-15,999999999.9999979,42.15999999999999,42.15999999999999,5.8945398463323775,3.9550147740798045,inf,0,0,0,0,-1,inf,0,-1,0,0,-1,0,0,7600,0,0,0,2680,4920,1.5085951243976294,3.3672102026875343,False
intersection_turn,P3,15005,50,5.0,2.5,18.421461214331842,14.72403780401211,0.009603382642625315,2.2614855272116717e-15,999999999.9999979,42.15999999999999,42.15999999999999,5.8945398463323775,3.9550147740798045,inf,0,0,0,0,-1,inf,0,-1,0,0,-1,0,0,7600,0,0,0,2680,4920,1.5085951243976294,3.3672102026875343,False
intersection_turn,P4,15005,50,5.0,2.5,18.41882207804991,14.72403780401211,0.009604989448216278,2.2614855272116717e-15,999999999.9999979,42.12333333333333,42.12333333333333,5.930869338563376,3.9550147740798045,inf,0,0,0,0,-1,inf,0,-1,0,0,-1,0,0,7600,0,0,0,2674,4926,1.5085951243976294,3.3672102026875343,False
intersection_turn,P0,15006,50,5.0,2.5,18.377928628733624,14.72403780401211,0.00964064546530049,2.2614855272116717e-15,999999999.9999979,41.986666666666636,41.986666666666636,6.066315008122983,3.9550147740798045,inf,0,0,0,0,-1,inf,0,-1,0,0,-1,0,0,7600,0,0,0,2638,4962,1.4998085948057593,3.3545243609270017,False
intersection_turn,P1,15006,50,5.0,2.5,18.35622588410743,14.72403780401211,0.009659570922887346,2.2614855272116717e-15,999999999.9999979,41.85,41.85,6.201814250685035,3.9550147740798045,inf,0,0,0,0,-1,inf,0,-1,0,0,-1,0,0,7600,0,0,0,2574,5026,1.4998085948057593,3.3545243609270017,False
intersection_turn,P2,15006,50,5.0,2.5,18.377928628733624,14.72403780401211,0.00964064546530049,2.2614855272116717e-15,999999999.9999979,41.986666666666636,41.986666666666636,6.066315008122983,3.9550147740798045,inf,0,0,0,0,-1,inf,0,-1,0,0,-1,0,0,7600,0,0,0,2638,4962,1.4998085948057593,3.3545243609270017,False
intersection_turn,P3,15006,50,5.0,2.5,18.377928628733624,14.72403780401211,0.00964064546530049,2.2614855272116717e-15,999999999.9999979,41.986666666666636,41.986666666666636,6.066315008122983,3.9550147740798045,inf,0,0,0,0,-1,inf,0,-1,0,0,-1,0,0,7600,0,0,0,2638,4962,1.4998085948057593,3.3545243609270017,False
intersection_turn,P4,15006,50,5.0,2.5,18.377928628733624,14.72403780401211,0.00964064546530049,2.2614855272116717e-15,999999999.9999979,41.986666666666636,41.986666666666636,6.066315008122983,3.9550147740798045,inf,0,0,0,0,-1,inf,0,-1,0,0,-1,0,0,7600,0,0,0,2638,4962,1.4998085948057593,3.3545243609270017,False
intersection_turn,P0,15007,50,5.0,2.5,18.36135595543382,14.72403780401211,0.009657480997198873,2.2614855272116717e-15,999999999.9999979,41.93833333333334,41.93833333333334,6.114229532637592,3.9550147740798045,inf,0,0,0,0,-1,inf,0,-1,0,0,-1,0,0,7600,0,0,0,2572,5028,1.6461129230859866,3.6511212159178434,False
intersection_turn,P1,15007,50,5.0,2.5,18.355454411538638,14.72403780401211,0.009662999610773791,2.2614855272116717e-15,999999999.9999979,41.90999999999998,41.90999999999998,6.142320408445022,3.9550147740798045,inf,0,0,0,0,-1,inf,0,-1,0,0,-1,0,0,7600,0,0,0,2563,5037,1.6461129230859866,3.6511212159178434,False
intersection_turn,P2,15007,50,5.0,2.5,18.36135595543382,14.72403780401211,0.009657480997198873,2.2614855272116717e-15,999999999.9999979,41.93833333333334,41.93833333333334,6.114229532637592,3.9550147740798045,inf,0,0,0,0,-1,inf,0,-1,0,0,-1,0,0,7600,0,0,0,2572,5028,1.6461129230859866,3.6511212159178434,False
intersection_turn,P3,15007,50,5.0,2.5,18.36135595543382,14.72403780401211,0.009657480997198873,2.2614855272116717e-15,999999999.9999979,41.93833333333334,41.93833333333334,6.114229532637592,3.9550147740798045,inf,0,0,0,0,-1,inf,0,-1,0,0,-1,0,0,7600,0,0,0,2572,5028,1.6461129230859866,3.6511212159178434,False
intersection_turn,P4,15007,50,5.0,2.5,18.44350663821439,14.72403780401211,0.009624536793774462,2.2614855272116717e-15,999999999.9999979,41.93833333333333,41.93729083504158,6.108253113846531,3.9550147740798045,inf,0,0,0,0,-1,inf,0,-1,0,0,-1,0,0,7600,46,0,0,2529,5025,1.6461129230859866,3.6511212159178434,False
intersection_turn,P0,15008,50,5.0,2.5,18.40908014768894,14.72403780401211,0.0096110636966077,2.2614855272116717e-15,999999999.9999979,42.07166666666665,42.07166666666665,5.982067879179514,3.9550147740798045,inf,0,0,0,0,-1,inf,0,-1,0,0,-1,0,0,7600,0,0,0,2673,4927,1.4549191145271911,3.2770623293832415,False
intersection_turn,P1,15008,50,5.0,2.5,18.399956582020923,14.72403780401211,0.009617648775584542,2.2614855272116717e-15,999999999.9999979,41.970000000000006,41.970000000000006,6.0828365093926315,3.9550147740798045,inf,0,0,0,0,-1,inf,0,-1,0,0,-1,0,0,7600,0,0,0,2650,4950,1.4549191145271911,3.2770623293832415,False
intersection_turn,P2,15008,50,5.0,2.5,18.40908014768894,14.72403780401211,0.0096110636966077,2.2614855272116717e-15,999999999.9999979,42.07166666666665,42.07166666666665,5.982067879179514,3.9550147740798045,inf,0,0,0,0,-1,inf,0,-1,0,0,-1,0,0,7600,0,0,0,2673,4927,1.4549191145271911,3.2770623293832415,False
intersection_turn,P3,15008,50,5.0,2.5,18.40908014768894,14.72403780401211,0.0096110636966077,2.2614855272116717e-15,999999999.9999979,42.07166666666665,42.07166666666665,5.982067879179514,3.9550147740798045,inf,0,0,0,0,-1,inf,0,-1,0,0,-1,0,0,7600,0,0,0,2673,4927,1.4549191145271911,3.2770623293832415,False
intersection_turn,P4,15008,50,5.0,2.5,18.40908014768894,14.72403780401211,0.0096110636966077,2.2614855272116717e-15,999999999.9999979,42.07166666666665,42.07166666666665,5.982067879179514,3.9550147740798045,inf,0,0,0,0,-1,inf,0,-1,0,0,-1,0,0,7600,0,0,0,2673,4927,1.4549191145271911,3.2770623293832415,False
intersection_turn,P0,15009,50,5.0,2.5,18.38957683261954,14.72403780401211,0.00962962714781879,2.2614855272116717e-15,999999999.9999979,42.0,42.0,6.053098380168622,3.9550147740798045,inf,0,0,0,0,-1,inf,0,-1,0,0,-1,0,0,7600,0,0,0,2694,4906,1.4879110174261079,3.421476610707756,False
intersection_turn,P1,15009,50,5.0,2.5,18.381695762460794,14.72403780401211,0.009634705336923533,2.2614855272116717e-15,999999999.9999979,41.87999999999999,41.87999999999999,6.172066104636286,3.9550147740798045,inf,0,0,0,0,-1,inf,0,-1,0,0,-1,0,0,7600,0,0,0,2665,4935,1.4879110174261079,3.421476610707756,False
intersection_turn,P2,15009,50,5.0,2.5,18.38957683261954,14.72403780401211,0.00962962714781879,2.2614855272116717e-15,999999999.9999979,42.0,42.0,6.053098380168622,3.9550147740798045,inf,0,0,0,0,-1,inf,0,-1,0,0,-1,0,0,7600,0,0,0,2694,4906,1.4879110174261079,3.421476610707756,False
intersection_turn,P3,15009,50,5.0,2.5,18.38957683261954,14.72403780401211,0.00962962714781879,2.2614855272116717e-15,999999999.9999979,42.0,42.0,6.053098380168622,3.9550147740798045,inf,0,0,0,0,-1,inf,0,-1,0,0,-1,0,0,7600,0,0,0,2694,4906,1.4879110174261079,3.421476610707756,False
intersection_turn,P4,15009,50,5.0,2.5,18.387312199346887,14.72403780401211,0.009631042249866538,2.2614855272116717e-15,999999999.9999979,41.96666666666665,41.96666666666665,6.086140904638287,3.9550147740798045,inf,0,0,0,0,-1,inf,0,-1,0,0,-1,0,0,7600,0,0,0,2689,4911,1.4879110174261079,3.421476610707756,False
intersection_turn,P0,15010,50,5.0,2.5,18.073457197857323,14.72403780401211,0.010434130733420272,2.3641996964407733e-15,999999999.9999976,41.493333333333304,41.493333333333304,6.555662522667827,4.580949784734558,inf,0,0,0,0,-1,inf,0,-1,0,0,-1,0,0,7600,0,0,0,2497,5103,1.5456970052763614,3.4980015524828207,False
intersection_turn,P1,15010,50,5.0,2.5,17.9787477786568,14.72403780401211,0.0106496946364706,2.369723505635325e-15,999999999.9999976,41.24999999999997,41.24999999999997,6.79724208778828,4.776002108960667,inf,0,0,0,0,-1,inf,0,-1,0,0,-1,0,0,7600,0,0,0,2392,5208,1.5456970052763614,3.4980015524828207,False
intersection_turn,P2,15010,50,5.0,2.5,14.239572986309796,4.444503156895159,0.12473103914172047,0.0012236192725608558,998776380.7274389,41.37,41.34590225451715,7.002556808166145,4.920042072687304,inf,0,0,0,0,-1,inf,0,-1,0,0,-1,0,0,7600,2556,0,0,1157,3887,1.5456970052763614,3.4980015524828207,False
intersection_turn,P3,15010,50,5.0,2.5,18.069598796634146,14.72403780401211,0.010448030613717683,2.3652399985463236e-15,999999999.9999976,41.486666666666636,41.486666666666636,6.562279414282168,4.583887536194982,inf,0,0,0,0,-1,inf,0,-1,0,0,-1,0,0,7600,0,0,0,2497,5103,1.5456970052763614,3.4980015524828207,False
intersection_turn,P4,15010,50,5.0,2.5,18.07146433904299,14.72403780401211,0.0104355790554782,2.3641996964407733e-15,999999999.9999976,41.46333333333332,41.46333333333332,6.585439325596382,4.580949784734558,inf,0,0,0,0,-1,inf,0,-1,0,0,-1,0,0,7600,0,0,0,2491,5109,1.5456970052763614,3.4980015524828207,False
intersection_turn,P0,15011,50,5.0,2.5,18.41972141291025,14.72403780401211,0.00960536190273767,2.2614855272116717e-15,999999999.9999979,42.208333333333336,42.208333333333336,5.846657402121125,3.9550147740798045,inf,0,0,0,0,-1,inf,0,-1,0,0,-1,0,0,7600,0,0,0,2694,4906,1.563610618699179,3.515793623321695,False
intersection_turn,P1,15011,50,5.0,2.5,18.412769932604064,14.72403780401211,0.00961002757648897,2.2614855272116717e-15,999999999.9999979,42.109999999999985,42.109999999999985,5.944081089621858,3.9550147740798045,inf,0,0,0,0,-1,inf,0,-1,0,0,-1,0,0,7600,0,0,0,2669,4931,1.563610618699179,3.515793623321695,False
intersection_turn,P2,15011,50,5.0,2.5,18.41972141291025,14.72403780401211,0.00960536190273767,2.2614855272116717e-15,999999999.9999979,42.208333333333336,42.208333333333336,5.846657402121125,3.9550147740798045,inf,0,0,0,0,-1,inf,0,-1,0,0,-1,0,0,7600,0,0,0,2694,4906,1.563610618699179,3.515793623321695,False
intersection_turn,P3,15011,50,5.0,2.5,18.41972141291025,14.72403780401211,0.00960536190273767,2.2614855272116717e-15,999999999.9999979,42.208333333333336,42.208333333333336,5.846657402121125,3.9550147740798045,inf,0,0,0,0,-1,inf,0,-1,0,0,-1,0,0,7600,0,0,0,2694,4906,1.563610618699179,3.515793623321695,False
intersection_turn,P4,15011,50,5.0,2.5,18.447857889426096,14.72403780401211,0.009595301229037102,2.2614855272116717e-15,999999999.9999979,42.208333333333336,42.208333333333336,5.846657402121125,3.9550147740798045,inf,0,0,0,0,-1,inf,0,-1,0,0,-1,0,0,7600,0,0,0,2694,4906,1.563610618699179,3.515793623321695,False
intersection_turn,P0,15012,50,5.0,2.5,18.399771513324332,14.72403780401211,0.009619071607605839,2.2614855272116717e-15,999999999.9999979,42.036666666666655,42.036666666666655,6.016755308672988,3.9550147740798045,inf,0,0,0,0,-1,inf,0,-1,0,0,-1,0,0,7600,0,0,0,2734,4866,1.483248962352931,3.3783972890491096,False
intersection_turn,P1,15012,50,5.0,2.5,18.39074059921074,14.72403780401211,0.00962559071380558,2.2614855272116717e-15,999999999.9999979,41.94999999999998,41.94999999999998,6.102663352995988,3.9550147740798045,inf,0,0,0,0,-1,inf,0,-1,0,0,-1,0,0,7600,0,0,0,2705,4895,1.483248962352931,3.3783972890491096,False
intersection_turn,P2,15012,50,5.0,2.5,18.399771513324332,14.72403780401211,0.009619071607605839,2.2614855272116717e-15,999999999.9999979,42.036666666666655,42.036666666666655,6.016755308672988,3.9550147740798045,inf,0,0,0,0,-1,inf,0,-1,0,0,-1,0,0,7600,0,0,0,2734,4866,1.483248962352931,3.3783972890491096,False
intersection_turn,P3,15012,50,5.0,2.5,18.399771513324332,14.72403780401211,0.009619071607605839,2.2614855272116717e-15,999999999.9999979,42.036666666666655,42.036666666666655,6.016755308672988,3.9550147740798045,inf,0,0,0,0,-1,inf,0,-1,0,0,-1,0,0,7600,0,0,0,2734,4866,1.483248962352931,3.3783972890491096,False
intersection_turn,P4,15012,50,5.0,2.5,18.399771513324332,14.72403780401211,0.009619071607605839,2.2614855272116717e-15,999999999.9999979,42.036666666666655,42.036666666666655,6.016755308672988,3.9550147740798045,inf,0,0,0,0,-1,inf,0,-1,0,0,-1,0,0,7600,0,0,0,2734,4866,1.483248962352931,3.3783972890491096,False
intersection_turn,P0,15013,50,5.0,2.5,18.393463918704114,14.72403780401211,0.00963053594790498,2.2614855272116717e-15,999999999.9999979,42.033333333333324,42.033333333333324,6.020059062094924,3.9550147740798045,inf,0,0,0,0,-1,inf,0,-1,0,0,-1,0,0,7600,0,0,0,2704,4896,1.4959453308662733,3.4654469670167134,False
intersection_turn,P1,15013,50,5.0,2.5,18.372798094671936,14.72403780401211,0.009649324951519043,2.2614855272116717e-15,999999999.9999979,41.900000000000006,41.900000000000006,6.152235366108804,3.9550147740798045,inf,0,0,0,0,-1,inf,0,-1,0,0,-1,0,0,7600,0,0,0,2663,4937,1.4959453308662733,3.4654469670167134,False
intersection_turn,P2,15013,50,5.0,2.5,18.393463918704114,14.72403780401211,0.00963053594790498,2.2614855272116717e-15,999999999.9999979,42.033333333333324,42.033333333333324,6.020059062094924,3.9550147740798045,inf,0,0,0,0,-1,inf,0,-1,0,0,-1,0,0,7600,0,0,0,2704,4896,1.4959453308662733,3.4654469670167134,False
intersection_turn,P3,15013,50,5.0,2.5,18.393463918704114,14.72403780401211,0.00963053594790498,2.2614855272116717e-15,999999999.9999979,42.033333333333324,42.033333333333324,6.020059062094924,3.9550147740798045,inf,0,0,0,0,-1,inf,0,-1,0,0,-1,0,0,7600,0,0,0,2704,4896,1.4959453308662733,3.4654469670167134,False
intersection_turn,P4,15013,50,5.0,2.5,18.39075325494772,14.72403780401211,0.009632241949881245,2.2614855272116717e-15,999999999.9999979,41.99666666666664,41.99666666666664,6.056402489193681,3.9550147740798045,inf,0,0,0,0,-1,inf,0,-1,0,0,-1,0,0,7600,0,0,0,2696,4904,1.4959453308662733,3.4654469670167134,False
intersection_turn,P0,15014,50,5.0,2.5,18.39394717839907,14.72403780401211,0.00962206209580394,2.2614855272116717e-15,999999999.9999979,41.885,41.885,6.167108317518027,3.9550147740798045,inf,0,0,0,0,-1,inf,0,-1,0,0,-1,0,0,7600,0,0,0,2633,4967,1.3930366724141954,3.266126014522249,False
intersection_turn,P1,15014,50,5.0,2.5,18.378176990388663,14.72403780401211,0.00963386164877975,2.2614855272116717e-15,999999999.9999979,41.8,41.8,6.251399843235116,3.9550147740798045,inf,0,0,0,0,-1,inf,0,-1,0,0,-1,0,0,7600,0,0,0,2607,4993,1.3930366724141954,3.266126014522249,False
intersection_turn,P2,15014,50,5.0,2.5,18.39394717839907,14.72403780401211,0.00962206209580394,2.2614855272116717e-15,999999999.9999979,41.885,41.885,6.167108317518027,3.9550147740798045,inf,0,0,0,0,-1,inf,0,-1,0,0,-1,0,0,7600,0,0,0,2633,4967,1.3930366724141954,3.266126014522249,False
intersection_turn,P3,15014,50,5.0,2.5,18.39394717839907,14.72403780401211,0.00962206209580394,2.2614855272116717e-15,999999999.9999979,41.885,41.885,6.167108317518027,3.9550147740798045,inf,0,0,0,0,-1,inf,0,-1,0,0,-1,0,0,7600,0,0,0,2633,4967,1.3930366724141954,3.266126014522249,False
intersection_turn,P4,15014,50,5.0,2.5,18.50779773180486,14.72403780401211,0.009575911232458878,2.2614855272116717e-15,999999999.9999979,41.88666666666665,41.8850315417767,6.156710257469532,3.9550147740798045,inf,0,0,0,0,-1,inf,0,-1,0,0,-1,0,0,7600,71,0,0,2565,4964,1.3930366724141954,3.266126014522249,False
intersection_turn,P0,15015,50,5.0,2.5,18.356213638862865,14.72403780401211,0.009661214206136179,2.2614855272116717e-15,999999999.9999979,41.84166666666664,41.84166666666664,6.210078054617734,3.9550147740798045,inf,0,0,0,0,-1,inf,0,-1,0,0,-1,0,0,7600,0,0,0,2646,4954,1.630422532071215,3.613458964822831,False
intersection_turn,P1,15015,50,5.0,2.5,18.342052631839103,14.72403780401211,0.009672582128051287,2.2614855272116717e-15,999999999.9999979,41.709999999999994,41.709999999999994,6.34067031156802,3.9550147740798045,inf,0,0,0,0,-1,inf,0,-1,0,0,-1,0,0,7600,0,0,0,2597,5003,1.630422532071215,3.613458964822831,False
intersection_turn,P2,15015,50,5.0,2.5,18.356213638862865,14.72403780401211,0.009661214206136179,2.2614855272116717e-15,999999999.9999979,41.84166666666664,41.84166666666664,6.210078054617734,3.9550147740798045,inf,0,0,0,0,-1,inf,0,-1,0,0,-1,0,0,7600,0,0,0,2646,4954,1.630422532071215,3.613458964822831,False
intersection_turn,P3,15015,50,5.0,2.5,18.356213638862865,14.72403780401211,0.009661214206136179,2.2614855272116717e-15,999999999.9999979,41.84166666666664,41.84166666666664,6.210078054617734,3.9550147740798045,inf,0,0,0,0,-1,inf,0,-1,0,0,-1,0,0,7600,0,0,0,2646,4954,1.630422532071215,3.613458964822831,False
intersection_turn,P4,15015,50,5.0,2.5,18.354627955120275,14.72403780401211,0.009662241242352642,2.2614855272116717e-15,999999999.9999979,41.819999999999986,41.819999999999986,6.231564811506029,3.9550147740798045,inf,0,0,0,0,-1,inf,0,-1,0,0,-1,0,0,7600,0,0,0,2636,4964,1.630422532071215,3.613458964822831,False
intersection_turn,P0,15016,50,5.0,2.5,18.35445458655963,14.72403780401211,0.00966589930247207,2.2614855272116717e-15,999999999.9999979,41.824999999999996,41.824999999999996,6.226606218478896,3.9550147740798045,inf,0,0,0,0,-1,inf,0,-1,0,0,-1,0,0,7600,0,0,0,2545,5055,1.571859122863137,3.489412540494336,False
intersection_turn,P1,15016,50,5.0,2.5,18.341357622918512,14.72403780401211,0.009678187184801791,2.2614855272116717e-15,999999999.9999979,41.709999999999994,41.709999999999994,6.34067031156802,3.9550147740798045,inf,0,0,0,0,-1,inf,0,-1,0,0,-1,0,0,7600,0,0,0,2503,5097,1.571859122863137,3.489412540494336,False
intersection_turn,P2,15016,50,5.0,2.5,18.35445458655963,14.72403780401211,0.00966589930247207,2.2614855272116717e-15,999999999.9999979,41.824999999999996,41.824999999999996,6.226606218478896,3.9550147740798045,inf,0,0,0,0,-1,inf,0,-1,0,0,-1,0,0,7600,0,0,0,2545,5055,1.571859122863137,3.489412540494336,False
intersection_turn,P3,15016,50,5.0,2.5,18.35445458655963,14.72403780401211,0.00966589930247207,2.2614855272116717e-15,999999999.9999979,41.824999999999996,41.824999999999996,6.226606218478896,3.9550147740798045,inf,0,0,0,0,-1,inf,0,-1,0,0,-1,0,0,7600,0,0,0,2545,5055,1.571859122863137,3.489412540494336,False
intersection_turn,P4,15016,50,5.0,2.5,18.35268255989168,14.72403780401211,0.009667035818358677,2.2614855272116717e-15,999999999.9999979,41.8,41.8,6.251399843235116,3.9550147740798045,inf,0,0,0,0,-1,inf,0,-1,0,0,-1,0,0,7600,0,0,0,2538,5062,1.571859122863137,3.489412540494336,False
intersection_turn,P0,15017,50,5.0,2.5,18.268545356820134,14.72403780401211,0.00991697378265647,2.2857810681714177e-15,999999999.9999976,41.786666666666676,41.786666666666676,6.264623780492408,4.200509536258781,inf,0,0,0,0,-1,inf,0,-1,0,0,-1,0,0,7600,0,0,0,2589,5011,1.522692133253757,3.442698487908393,False
intersection_turn,P1,15017,50,5.0,2.5,18.260740064787324,14.72403780401211,0.009922452222011177,2.2857810681714177e-15,999999999.9999976,41.68000000000002,41.68000000000002,6.370431696517885,4.200509536258781,inf,0,0,0,0,-1,inf,0,-1,0,0,-1,0,0,7600,0,0,0,2550,5050,1.522692133253757,3.442698487908393,False
intersection_turn,P2,15017,50,5.0,2.5,18.268545356820134,14.72403780401211,0.00991697378265647,2.2857810681714177e-15,999999999.9999976,41.786666666666676,41.786666666666676,6.264623780492408,4.200509536258781,inf,0,0,0,0,-1,inf,0,-1,0,0,-1,0,0,7600,0,0,0,2589,5011,1.522692133253757,3.442698487908393,False
intersection_turn,P3,15017,50,5.0,2.5,18.268545356820134,14.72403780401211,0.00991697378265647,2.2857810681714177e-15,999999999.9999976,41.786666666666676,41.786666666666676,6.264623780492408,4.200509536258781,inf,0,0,0,0,-1,inf,0,-1,0,0,-1,0,0,7600,0,0,0,2589,5011,1.522692133253757,3.442698487908393,False
intersection_turn,P4,15017,50,5.0,2.5,18.266694015078894,14.72403780401211,0.009918187250700074,2.2857810681714177e-15,999999999.9999976,41.76000000000002,41.76000000000002,6.291073040427981,4.200509536258781,inf,0,0,0,0,-1,inf,0,-1,0,0,-1,0,0,7600,0,0,0,2582,5018,1.522692133253757,3.442698487908393,False
intersection_turn,P0,15018,50,5.0,2.5,18.04005023933313,14.72403780401211,0.010518065951048473,2.365969560944818e-15,999999999.9999976,41.43666666666665,41.43666666666665,6.611909288885066,4.598579008779135,inf,0,0,0,0,-1,inf,0,-1,0,0,-1,0,0,7600,0,0,0,2517,5083,1.5615475926063231,3.495139700347236,False
intersection_turn,P1,15018,50,5.0,2.5,17.953241131243328,14.72403780401211,0.010720658058006333,2.3724918240518642e-15,999999999.9999976,41.219999999999985,41.219999999999985,6.827034495298834,4.789682321088468,inf,0,0,0,0,-1,inf,0,-1,0,0,-1,0,0,7600,0,0,0,2433,5167,1.5615475926063231,3.495139700347236,False
intersection_turn,P2,15018,50,5.0,2.5,18.04005023933313,14.72403780401211,0.010518065951048473,2.365969560944818e-15,999999999.9999976,41.43666666666665,41.43666666666665,6.611909288885066,4.598579008779135,inf,0,0,0,0,-1,inf,0,-1,0,0,-1,0,0,7600,0,0,0,2517,5083,1.5615475926063231,3.495139700347236,False
intersection_turn,P3,15018,50,5.0,2.5,18.04005023933313,14.72403780401211,0.010518065951048473,2.365969560944818e-15,999999999.9999976,41.43666666666665,41.43666666666665,6.611909288885066,4.598579008779135,inf,0,0,0,0,-1,inf,0,-1,0,0,-1,0,0,7600,0,0,0,2517,5083,1.5615475926063231,3.495139700347236,False
intersection_turn,P4,15018,50,5.0,2.5,18.04005023933313,14.72403780401211,0.010518065951048473,2.365969560944818e-15,999999999.9999976,41.43666666666665,41.43666666666665,6.611909288885066,4.598579008779135,inf,0,0,0,0,-1,inf,0,-1,0,0,-1,0,0,7600,0,0,0,2517,5083,1.5615475926063231,3.495139700347236,False
intersection_turn,P0,15019,50,5.0,2.5,18.387503159218028,14.72403780401211,0.009628810091979169,2.2614855272116717e-15,999999999.9999979,41.94833333333333,41.94833333333333,6.104315640958,3.9550147740798045,inf,0,0,0,0,-1,inf,0,-1,0,0,-1,0,0,7600,0,0,0,2600,5000,1.5743522403351384,3.479451081466779,False
intersection_turn,P1,15019,50,5.0,2.5,18.374456355668222,14.72403780401211,0.009638240753807948,2.2614855272116717e-15,999999999.9999979,41.829999999999984,41.829999999999984,6.221647691729274,3.9550147740798045,inf,0,0,0,0,-1,inf,0,-1,0,0,-1,0,0,7600,0,0,0,2557,5043,1.5743522403351384,3.479451081466779,False
intersection_turn,P2,15019,50,5.0,2.5,18.387503159218028,14.72403780401211,0.009628810091979169,2.2614855272116717e-15,999999999.9999979,41.94833333333333,41.94833333333333,6.104315640958,3.9550147740798045,inf,0,0,0,0,-1,inf,0,-1,0,0,-1,0,0,7600,0,0,0,2600,5000,1.5743522403351384,3.479451081466779,False
intersection_turn,P3,15019,50,5.0,2.5,18.387503159218028,14.72403780401211,0.009628810091979169,2.2614855272116717e-15,999999999.9999979,41.94833333333333,41.94833333333333,6.104315640958,3.9550147740798045,inf,0,0,0,0,-1,inf,0,-1,0,0,-1,0,0,7600,0,0,0,2600,5000,1.5743522403351384,3.479451081466779,False
intersection_turn,P4,15019,50,5.0,2.5,18.386689577743844,14.72403780401211,0.009629363709117648,2.2614855272116717e-15,999999999.9999979,41.94166666666666,41.94166666666666,6.11092487089948,3.9550147740798045,inf,0,0,0,0,-1,inf,0,-1,0,0,-1,0,0,7600,0,0,0,2596,5004,1.5743522403351384,3.479451081466779,False
occluding_cut_in,P0,15000,50,5.0,2.5,11.267888282720728,7.327224075401506,0.2107706627715266,0.00021432353040528026,999785676.4695947,17.087302883832308,17.087302883832308,19.431160541768985,11.331044181969368,1.912697116167692,0,0,0,0,-1,inf,0,-1,0,0,-1,0,0,7600,182,0,3814,0,3604,1.8029692480110335,4.14092559792095,False
occluding_cut_in,P1,15000,50,5.0,2.5,11.317783592570613,7.340924320324938,0.20800412073676305,0.00020844263878270098,999791557.3612175,17.121780353335406,17.116962367430588,19.431160541768985,11.331044181969368,1.88314773956537,0,0,0,0,-1,inf,0,-1,0,0,-1,0,0,7600,257,0,3763,0,3580,1.8029692480110335,4.14092559792095,False
occluding_cut_in,P2,15000,50,5.0,2.5,11.281172157870188,7.340688870815291,0.2097296356476733,0.00020990463374568325,999790095.3662541,17.08730288383231,17.086426541833706,19.431160541768985,11.331044181969368,1.9135771939595783,0,0,0,0,-1,inf,0,-1,0,0,-1,0,0,7600,192,0,3804,0,3604,1.8029692480110335,4.14092559792095,False
occluding_cut_in,P3,15000,50,5.0,2.5,11.234115978422913,7.347532739074193,0.2132565692115898,0.00020827732696175155,999791722.6730384,17.09672071521911,17.09343247158598,19.431160541768985,11.331044181969368,1.9092338673411526,0,0,0,0,-1,inf,0,-1,0,0,-1,0,0,7600,216,0,3784,0,3600,1.8029692480110335,4.14092559792095,False
occluding_cut_in,P4,15000,50,5.0,2.5,11.267888282720728,7.327224075401506,0.2107706627715266,0.00021432353040528026,999785676.4695947,17.087302883832308,17.087302883832308,19.431160541768985,11.331044181969368,1.912697116167692,0,0,0,0,-1,inf,0,-1,0,0,-1,0,0,7600,182,0,3814,0,3604,1.8029692480110335,4.14092559792095,False
occluding_cut_in,P0,15001,50,5.0,2.5,11.267888282720728,7.327224075401506,0.2107706627715266,0.00021432353040528026,999785676.4695947,17.087302883832308,17.087302883832308,19.431160541768985,11.331044181969368,1.912697116167692,0,0,0,0,-1,inf,0,-1,0,0,-1,0,0,7600,182,0,3814,0,3604,1.8770559585775741,4.391566502196131,False
occluding_cut_in,P1,15001,50,5.0,2.5,11.308998829511795,7.347120509100741,0.20861593368995265,0.0002074917490520799,999792508.2509481,17.087302883832308,17.0846002770323,19.430094201262467,11.331044181969368,1.9154212449517773,0,0,0,0,-1,inf,0,-1,0,0,-1,0,0,7600,254,0,3742,0,3604,1.8770559585775741,4.391566502196131,False
occluding_cut_in,P2,15001,50,5.0,2.5,11.277123624067267,7.331337482424192,0.21035847978845165,0.00021300644759230845,999786993.5524075,17.087302883832304,17.08682042164354,19.430094201262467,11.331044181969368,1.913193285685995,0,0,0,0,-1,inf,0,-1,0,0,-1,0,0,7600,207,0,3789,0,3604,1.8770559585775741,4.391566502196131,False
occluding_cut_in,P3,15001,50,5.0,2.5,11.272727078473354,7.347277451802598,0.21016357905894723,0.00020785407926597087,999792145.920734,17.087302883832304,17.086958375649086,19.431160541768985,11.331044181969368,1.913149005085399,0,0,0,0,-1,inf,0,-1,0,0,-1,0,0,7600,191,0,3805,0,3604,1.8770559585775741,4.391566502196131,False
occluding_cut_in,P4,15001,50,5.0,2.5,11.267888282720728,7.327224075401506,0.2107706627715266,0.00021432353040528026,999785676.4695947,17.087302883832308,17.087302883832308,19.431160541768985,11.331044181969368,1.912697116167692,0,0,0,0,-1,inf,0,-1,0,0,-1,0,0,7600,182,0,3814,0,3604,1.8770559585775741,4.391566502196131,False
occluding_cut_in,P0,15002,50,5.0,2.5,11.267888282720728,7.327224075401506,0.2107706627715266,0.00021432353040528026,999785676.4695947,17.087302883832308,17.087302883832308,19.431160541768985,11.331044181969368,1.912697116167692,0,0,0,0,-1,inf,0,-1,0,0,-1,0,0,7600,182,0,3814,0,3604,1.9844408763674903,4.409632679218493,False
occluding_cut_in,P1,15002,50,5.0,2.5,11.317319119307221,7.34927735771918,0.20786128060150882,0.00020631348633499952,999793686.5136652,17.121780353335414,17.11729961532519,19.430094201262467,11.331044181969368,1.8829699810294924,0,0,0,0,-1,inf,0,-1,0,0,-1,0,0,7600,274,0,3745,0,3581,1.9844408763674903,4.409632679218493,False
occluding_cut_in,P2,15002,50,5.0,2.5,11.279361912896213,7.332113693679981,0.21008848347125705,0.0002113748523771999,999788625.147623,17.087302883832304,17.08669665353498,19.430094201262467,11.331044181969368,1.9133038564810327,0,0,0,0,-1,inf,0,-1,0,0,-1,0,0,7600,207,0,3789,0,3604,1.9844408763674903,4.409632679218493,False
occluding_cut_in,P3,15002,50,5.0,2.5,11.271959506513124,7.335881601140441,0.21027690254954082,0.00021045185835408037,999789548.1416459,17.087302883832308,17.087194917016916,19.431160541768985,11.331044181969368,1.9128245916561997,0,0,0,0,-1,inf,0,-1,0,0,-1,0,0,7600,182,0,3814,0,3604,1.9844408763674903,4.409632679218493,False
occluding_cut_in,P4,15002,50,5.0,2.5,11.267888282720728,7.327224075401506,0.2107706627715266,0.00021432353040528026,999785676.4695947,17.087302883832308,17.087302883832308,19.431160541768985,11.331044181969368,1.912697116167692,0,0,0,0,-1,inf,0,-1,0,0,-1,0,0,7600,182,0,3814,0,3604,1.9844408763674903,4.409632679218493,False
occluding_cut_in,P0,15003,50,5.0,2.5,11.267888282720728,7.327224075401506,0.2107706627715266,0.00021432353040528026,999785676.4695947,17.087302883832308,17.087302883832308,19.431160541768985,11.331044181969368,1.912697116167692,0,0,0,0,-1,inf,0,-1,0,0,-1,0,0,7600,182,0,3814,0,3604,1.7815224882299427,4.111772128384116,False
occluding_cut_in,P1,15003,50,5.0,2.5,11.317737018469149,7.347697923399429,0.20786527404869443,0.0002066987070679961,999793301.292932,17.1217803533354,17.11722384637169,19.430094201262467,11.331044181969368,1.8830018139341327,0,0,0,0,-1,inf,0,-1,0,0,-1,0,0,7600,265,0,3754,0,3581,1.7815224882299427,4.111772128384116,False
occluding_cut_in,P2,15003,50,5.0,2.5,11.237984396402712,7.348411669860199,0.2133351507000627,0.00020808773445762894,999791912.2655423,17.096720715219103,17.092765427591445,19.430094201262467,11.331044181969368,1.9095319180822474,0,0,0,0,-1,inf,0,-1,0,0,-1,0,0,7600,241,0,3759,0,3600,1.7815224882299427,4.111772128384116,False
occluding_cut_in,P3,15003,50,5.0,2.5,11.234115978422913,7.347532739074193,0.2132565692115898,0.00020827732696175155,999791722.6730384,17.09672071521911,17.09343247158598,19.431160541768985,11.331044181969368,1.9092338673411526,0,0,0,0,-1,inf,0,-1,0,0,-1,0,0,7600,216,0,3784,0,3600,1.7815224882299427,4.111772128384116,False
occluding_cut_in,P4,15003,50,5.0,2.5,11.267888282720728,7.327224075401506,0.2107706627715266,0.00021432353040528026,999785676.4695947,17.087302883832308,17.087302883832308,19.431160541768985,11.331044181969368,1.912697116167692,0,0,0,0,-1,inf,0,-1,0,0,-1,0,0,7600,182,0,3814,0,3604,1.7815224882299427,4.111772128384116,False
occluding_cut_in,P0,15004,50,5.0,2.5,11.267888282720728,7.327224075401506,0.2107706627715266,0.00021432353040528026,999785676.4695947,17.087302883832308,17.087302883832308,19.431160541768985,11.331044181969368,1.912697116167692,0,0,0,0,-1,inf,0,-1,0,0,-1,0,0,7600,182,0,3814,0,3604,1.852897994533796,4.179216941300657,False
occluding_cut_in,P1,15004,50,5.0,2.5,11.317783592570613,7.340924320324938,0.20800412073676305,0.00020844263878270098,999791557.3612175,17.121780353335406,17.116962367430588,19.431160541768985,11.331044181969368,1.88314773956537,0,0,0,0,-1,inf,0,-1,0,0,-1,0,0,7600,257,0,3763,0,3580,1.852897994533796,4.179216941300657,False
occluding_cut_in,P2,15004,50,5.0,2.5,11.311378602159753,7.349014587157961,0.2079716628434389,0.00020637574603807674,999793624.2539618,17.121780353335414,17.117622715201758,19.431160541768985,11.331044181969368,1.8824849619202388,0,0,0,0,-1,inf,0,-1,0,0,-1,0,0,7600,237,0,3784,0,3579,1.852897994533796,4.179216941300657,False
occluding_cut_in,P3,15004,50,5.0,2.5,11.271959506513124,7.335881601140441,0.21027690254954082,0.00021045185835408037,999789548.1416459,17.087302883832308,17.087194917016916,19.431160541768985,11.331044181969368,1.9128245916561997,0,0,0,0,-1,inf,0,-1,0,0,-1,0,0,7600,182,0,3814,0,3604,1.852897994533796,4.179216941300657,False
occluding_cut_in,P4,15004,50,5.0,2.5,11.267888282720728,7.327224075401506,0.2107706627715266,0.00021432353040528026,999785676.4695947,17.087302883832308,17.087302883832308,19.431160541768985,11.331044181969368,1.912697116167692,0,0,0,0,-1,inf,0,-1,0,0,-1,0,0,7600,182,0,3814,0,3604,1.852897994533796,4.179216941300657,False
occluding_cut_in,P0,15005,50,5.0,2.5,11.267888282720728,7.327224075401506,0.2107706627715266,0.00021432353040528026,999785676.4695947,17.087302883832308,17.087302883832308,19.431160541768985,11.331044181969368,1.912697116167692,0,0,0,0,-1,inf,0,-1,0,0,-1,0,0,7600,182,0,3814,0,3604,1.7461476271457028,4.082076243483491,False
occluding_cut_in,P1,15005,50,5.0,2.5,11.281172157870188,7.340688870815291,0.2097296356476733,0.00020990463374568325,999790095.3662541,17.08730288383231,17.086426541833706,19.431160541768985,11.331044181969368,1.9135771939595783,0,0,0,0,-1,inf,0,-1,0,0,-1,0,0,7600,192,0,3804,0,3604,1.7461476271457028,4.082076243483491,False
occluding_cut_in,P2,15005,50,5.0,2.5,11.267888282720728,7.327224075401506,0.2107706627715266,0.00021432353040528026,999785676.4695947,17.087302883832308,17.087302883832308,19.431160541768985,11.331044181969368,1.912697116167692,0,0,0,0,-1,inf,0,-1,0,0,-1,0,0,7600,182,0,3814,0,3604,1.7461476271457028,4.082076243483491,False
occluding_cut_in,P3,15005,50,5.0,2.5,11.271959506513124,7.335881601140441,0.21027690254954082,0.00021045185835408037,999789548.1416459,17.087302883832308,17.087194917016916,19.431160541768985,11.331044181969368,1.9128245916561997,0,0,0,0,-1,inf,0,-1,0,0,-1,0,0,7600,182,0,3814,0,3604,1.7461476271457028,4.082076243483491,False
occluding_cut_in,P4,15005,50,5.0,2.5,11.267888282720728,7.327224075401506,0.2107706627715266,0.00021432353040528026,999785676.4695947,17.087302883832308,17.087302883832308,19.431160541768985,11.331044181969368,1.912697116167692,0,0,0,0,-1,inf,0,-1,0,0,-1,0,0,7600,182,0,3814,0,3604,1.7461476271457028,4.082076243483491,False
occluding_cut_in,P0,15006,50,5.0,2.5,11.267888282720728,7.327224075401506,0.2107706627715266,0.00021432353040528026,999785676.4695947,17.087302883832308,17.087302883832308,19.431160541768985,11.331044181969368,1.912697116167692,0,0,0,0,-1,inf,0,-1,0,0,-1,0,0,7600,182,0,3814,0,3604,1.8288023278894945,4.204243865628655,False
occluding_cut_in,P1,15006,50,5.0,2.5,11.30815976414788,7.346969508872786,0.20870055795720902,0.00020762557142257537,999792374.4285775,17.087302883832322,17.08472641182488,19.430048105437574,11.331044181969368,1.91531324796778,0,0,0,0,-1,inf,0,-1,0,0,-1,0,0,7600,260,0,3736,0,3604,1.8288023278894945,4.204243865628655,False
occluding_cut_in,P2,15006,50,5.0,2.5,11.237443136743446,7.348496364291064,0.21337678219934827,0.0002080716804135019,999791928.3195865,17.096720715219117,17.092725783096938,19.430048105437574,11.331044181969368,1.9095945638237422,0,0,0,0,-1,inf,0,-1,0,0,-1,0,0,7600,242,0,3758,0,3600,1.8288023278894945,4.204243865628655,False
occluding_cut_in,P3,15006,50,5.0,2.5,11.234115978422913,7.347532739074193,0.2132565692115898,0.00020827732696175155,999791722.6730384,17.09672071521911,17.09343247158598,19.431160541768985,11.331044181969368,1.9092338673411526,0,0,0,0,-1,inf,0,-1,0,0,-1,0,0,7600,216,0,3784,0,3600,1.8288023278894945,4.204243865628655,False
occluding_cut_in,P4,15006,50,5.0,2.5,11.267888282720728,7.327224075401506,0.2107706627715266,0.00021432353040528026,999785676.4695947,17.087302883832308,17.087302883832308,19.431160541768985,11.331044181969368,1.912697116167692,0,0,0,0,-1,inf,0,-1,0,0,-1,0,0,7600,182,0,3814,0,3604,1.8288023278894945,4.204243865628655,False
occluding_cut_in,P0,15007,50,5.0,2.5,11.267888282720728,7.327224075401506,0.2107706627715266,0.00021432353040528026,999785676.4695947,17.087302883832308,17.087302883832308,19.431160541768985,11.331044181969368,1.912697116167692,0,0,0,0,-1,inf,0,-1,0,0,-1,0,0,7600,182,0,3814,0,3604,1.9923192698093373,4.504491166825617,False
occluding_cut_in,P1,15007,50,5.0,2.5,11.317783592570613,7.340924320324938,0.20800412073676305,0.00020844263878270098,999791557.3612175,17.121780353335406,17.116962367430588,19.431160541768985,11.331044181969368,1.88314773956537,0,0,0,0,-1,inf,0,-1,0,0,-1,0,0,7600,257,0,3763,0,3580,1.9923192698093373,4.504491166825617,False
occluding_cut_in,P2,15007,50,5.0,2.5,11.271959506513124,7.335881601140441,0.21027690254954082,0.00021045185835408037,999789548.1416459,17.087302883832308,17.087194917016916,19.431160541768985,11.331044181969368,1.9128245916561997,0,0,0,0,-1,inf,0,-1,0,0,-1,0,0,7600,182,0,3814,0,3604,1.9923192698093373,4.504491166825617,False
occluding_cut_in,P3,15007,50,5.0,2.5,11.271959506513124,7.335881601140441,0.21027690254954082,0.00021045185835408037,999789548.1416459,17.087302883832308,17.087194917016916,19.431160541768985,11.331044181969368,1.9128245916561997,0,0,0,0,-1,inf,0,-1,0,0,-1,0,0,7600,182,0,3814,0,3604,1.9923192698093373,4.504491166825617,False
occluding_cut_in,P4,15007,50,5.0,2.5,11.267888282720728,7.327224075401506,0.2107706627715266,0.00021432353040528026,999785676.4695947,17.087302883832308,17.087302883832308,19.431160541768985,11.331044181969368,1.912697116167692,0,0,0,0,-1,inf,0,-1,0,0,-1,0,0,7600,182,0,3814,0,3604,1.9923192698093373,4.504491166825617,False
occluding_cut_in,P0,15008,50,5.0,2.5,11.267888282720728,7.327224075401506,0.2107706627715266,0.00021432353040528026,999785676.4695947,17.087302883832308,17.087302883832308,19.431160541768985,11.331044181969368,1.912697116167692,0,0,0,0,-1,inf,0,-1,0,0,-1,0,0,7600,182,0,3814,0,3604,1.747808993139489,4.076344253157213,False
occluding_cut_in,P1,15008,50,5.0,2.5,11.30374712546382,7.351436410970007,0.2084816638955532,0.0002060536343597253,999793946.3656402,17.109263734065532,17.10706766941568,19.430094201262467,11.331044181969368,1.8929331610133158,0,0,0,0,-1,inf,0,-1,0,0,-1,0,0,7600,229,0,3780,0,3591,1.747808993139489,4.076344253157213,False
occluding_cut_in,P2,15008,50,5.0,2.5,11.242095386263324,7.3487750725582055,0.21339878044954438,0.00020804090547800493,999791959.094522,17.096720715219114,17.092146062856212,19.42906718105352,11.331044181969368,1.9097912970261546,0,0,0,0,-1,inf,0,-1,0,0,-1,0,0,7600,276,0,3732,0,3592,1.747808993139489,4.076344253157213,False
occluding_cut_in,P3,15008,50,5.0,2.5,11.234115978422913,7.347532739074193,0.2132565692115898,0.00020827732696175155,999791722.6730384,17.09672071521911,17.09343247158598,19.431160541768985,11.331044181969368,1.9092338673411526,0,0,0,0,-1,inf,0,-1,0,0,-1,0,0,7600,216,0,3784,0,3600,1.747808993139489,4.076344253157213,False
occluding_cut_in,P4,15008,50,5.0,2.5,11.267888282720728,7.327224075401506,0.2107706627715266,0.00021432353040528026,999785676.4695947,17.087302883832308,17.087302883832308,19.431160541768985,11.331044181969368,1.912697116167692,0,0,0,0,-1,inf,0,-1,0,0,-1,0,0,7600,182,0,3814,0,3604,1.747808993139489,4.076344253157213,False
occluding_cut_in,P0,15009,50,5.0,2.5,11.267888282720728,7.327224075401506,0.2107706627715266,0.00021432353040528026,999785676.4695947,17.087302883832308,17.087302883832308,19.431160541768985,11.331044181969368,1.912697116167692,0,0,0,0,-1,inf,0,-1,0,0,-1,0,0,7600,182,0,3814,0,3604,1.8202191051472034,4.255274162271365,False
occluding_cut_in,P1,15009,50,5.0,2.5,11.30800178977677,7.346872248129354,0.20871911225034864,0.00020767788750188996,999792322.112498,17.087302883832308,17.084761037695827,19.430048105437574,11.331044181969368,1.9152843159252089,0,0,0,0,-1,inf,0,-1,0,0,-1,0,0,7600,264,0,3732,0,3604,1.8202191051472034,4.255274162271365,False
occluding_cut_in,P2,15009,50,5.0,2.5,11.277324979066798,7.331814707253029,0.21033295076224431,0.00021284964618616586,999787150.3538138,17.087302883832315,17.086798357056182,19.430048105437574,11.331044181969368,1.9132136360357044,0,0,0,0,-1,inf,0,-1,0,0,-1,0,0,7600,208,0,3788,0,3604,1.8202191051472034,4.255274162271365,False
occluding_cut_in,P3,15009,50,5.0,2.5,11.271959506513124,7.335881601140441,0.21027690254954082,0.00021045185835408037,999789548.1416459,17.087302883832308,17.087194917016916,19.431160541768985,11.331044181969368,1.9128245916561997,0,0,0,0,-1,inf,0,-1,0,0,-1,0,0,7600,182,0,3814,0,3604,1.8202191051472034,4.255274162271365,False
occluding_cut_in,P4,15009,50,5.0,2.5,11.267888282720728,7.327224075401506,0.2107706627715266,0.00021432353040528026,999785676.4695947,17.087302883832308,17.087302883832308,19.431160541768985,11.331044181969368,1.912697116167692,0,0,0,0,-1,inf,0,-1,0,0,-1,0,0,7600,182,0,3814,0,3604,1.8202191051472034,4.255274162271365,False
occluding_cut_in,P0,15010,50,5.0,2.5,11.267888282720728,7.327224075401506,0.2107706627715266,0.00021432353040528026,999785676.4695947,17.087302883832308,17.087302883832308,19.431160541768985,11.331044181969368,1.912697116167692,0,0,0,0,-1,inf,0,-1,0,0,-1,0,0,7600,182,0,3814,0,3604,1.841566720491328,4.27993590252107,False
occluding_cut_in,P1,15010,50,5.0,2.5,11.323796424738557,7.340551811305513,0.20790138614253995,0.00020853186552129718,999791468.1344788,17.121780353335424,17.116618173303245,19.430073758811165,11.331044181969368,1.883639107197916,0,0,0,0,-1,inf,0,-1,0,0,-1,0,0,7600,290,0,3728,0,3582,1.841566720491328,4.27993590252107,False
occluding_cut_in,P2,15010,50,5.0,2.5,11.286079728009017,7.344531283409557,0.20991135773334615,0.00020859818563513267,999791401.8143649,17.087302883832315,17.085899104253002,19.429105969747095,11.331044181969368,1.914111531967686,0,0,0,0,-1,inf,0,-1,0,0,-1,0,0,7600,247,0,3753,0,3600,1.841566720491328,4.27993590252107,False
occluding_cut_in,P3,15010,50,5.0,2.5,11.272727078473354,7.347277451802598,0.21016357905894723,0.00020785407926597087,999792145.920734,17.087302883832304,17.086958375649086,19.431160541768985,11.331044181969368,1.913149005085399,0,0,0,0,-1,inf,0,-1,0,0,-1,0,0,7600,191,0,3805,0,3604,1.841566720491328,4.27993590252107,False
occluding_cut_in,P4,15010,50,5.0,2.5,11.267888282720728,7.327224075401506,0.2107706627715266,0.00021432353040528026,999785676.4695947,17.087302883832308,17.087302883832308,19.431160541768985,11.331044181969368,1.912697116167692,0,0,0,0,-1,inf,0,-1,0,0,-1,0,0,7600,182,0,3814,0,3604,1.841566720491328,4.27993590252107,False
occluding_cut_in,P0,15011,50,5.0,2.5,11.267888282720728,7.327224075401506,0.2107706627715266,0.00021432353040528026,999785676.4695947,17.087302883832308,17.087302883832308,19.431160541768985,11.331044181969368,1.912697116167692,0,0,0,0,-1,inf,0,-1,0,0,-1,0,0,7600,182,0,3814,0,3604,1.9324673733405815,4.387028370198077,False
occluding_cut_in,P1,15011,50,5.0,2.5,11.329320433898081,7.332106253957798,0.20798887156564894,0.0002107913386870916,999789208.661313,17.12178035333542,17.116065878104273,19.428979746309775,11.331044181969368,1.8842458135346978,0,0,0,0,-1,inf,0,-1,0,0,-1,0,0,7600,307,0,3711,0,3582,1.9324673733405815,4.387028370198077,False
occluding_cut_in,P2,15011,50,5.0,2.5,11.237081283433438,7.347109052039309,0.21466150889918048,0.00020886447096597608,999791135.5290341,17.11453108664462,17.10789203763665,19.42795271742619,11.331044181969368,1.893914251183964,0,0,0,0,-1,inf,0,-1,0,0,-1,0,0,7600,315,0,3697,0,3588,1.9324673733405815,4.387028370198077,False
occluding_cut_in,P3,15011,50,5.0,2.5,11.225860703385898,7.306477124987944,0.21426607060065175,0.00021907488638274697,999780925.1136171,17.096720715219107,17.093275839460258,19.431160541768985,11.331044181969368,1.9098437800511956,0,0,0,0,-1,inf,0,-1,0,0,-1,0,0,7600,221,0,3779,0,3600,1.9324673733405815,4.387028370198077,False
occluding_cut_in,P4,15011,50,5.0,2.5,11.267888282720728,7.327224075401506,0.2107706627715266,0.00021432353040528026,999785676.4695947,17.087302883832308,17.087302883832308,19.431160541768985,11.331044181969368,1.912697116167692,0,0,0,0,-1,inf,0,-1,0,0,-1,0,0,7600,182,0,3814,0,3604,1.9324673733405815,4.387028370198077,False
occluding_cut_in,P0,15012,50,5.0,2.5,11.267888282720728,7.327224075401506,0.2107706627715266,0.00021432353040528026,999785676.4695947,17.087302883832308,17.087302883832308,19.431160541768985,11.331044181969368,1.912697116167692,0,0,0,0,-1,inf,0,-1,0,0,-1,0,0,7600,182,0,3814,0,3604,1.8752629389254718,4.233491208306433,False
occluding_cut_in,P1,15012,50,5.0,2.5,11.323245775203262,7.336103709242501,0.2080294794994496,0.00020972031113156248,999790279.6888683,17.12178035333542,17.11647470765533,19.431160541768985,11.331044181969368,1.8837141271706073,0,0,0,0,-1,inf,0,-1,0,0,-1,0,0,7600,281,0,3737,0,3582,1.8752629389254718,4.233491208306433,False
occluding_cut_in,P2,15012,50,5.0,2.5,11.234115978422913,7.347532739074193,0.2132565692115898,0.00020827732696175155,999791722.6730384,17.09672071521911,17.09343247158598,19.431160541768985,11.331044181969368,1.9092338673411526,0,0,0,0,-1,inf,0,-1,0,0,-1,0,0,7600,216,0,3784,0,3600,1.8752629389254718,4.233491208306433,False
occluding_cut_in,P3,15012,50,5.0,2.5,11.225860703385898,7.306477124987944,0.21426607060065175,0.00021907488638274697,999780925.1136171,17.096720715219107,17.093275839460258,19.431160541768985,11.331044181969368,1.9098437800511956,0,0,0,0,-1,inf,0,-1,0,0,-1,0,0,7600,221,0,3779,0,3600,1.8752629389254718,4.233491208306433,False
occluding_cut_in,P4,15012,50,5.0,2.5,11.267888282720728,7.327224075401506,0.2107706627715266,0.00021432353040528026,999785676.4695947,17.087302883832308,17.087302883832308,19.431160541768985,11.331044181969368,1.912697116167692,0,0,0,0,-1,inf,0,-1,0,0,-1,0,0,7600,182,0,3814,0,3604,1.8752629389254718,4.233491208306433,False
occluding_cut_in,P0,15013,50,5.0,2.5,11.267888282720728,7.327224075401506,0.2107706627715266,0.00021432353040528026,999785676.4695947,17.087302883832308,17.087302883832308,19.431160541768985,11.331044181969368,1.912697116167692,0,0,0,0,-1,inf,0,-1,0,0,-1,0,0,7600,182,0,3814,0,3604,1.8886144181933056,4.385670153201461,False
occluding_cut_in,P1,15013,50,5.0,2.5,11.323221865888478,7.336492199135528,0.2080234515618103,0.00020961554147513526,999790384.4585248,17.12178035333542,17.11648585854022,19.431160541768985,11.331044181969368,1.8837081838576055,0,0,0,0,-1,inf,0,-1,0,0,-1,0,0,7600,282,0,3736,0,3582,1.8886144181933056,4.385670153201461,False
occluding_cut_in,P2,15013,50,5.0,2.5,11.237443136743446,7.348496364291064,0.21337678219934827,0.0002080716804135019,999791928.3195865,17.096720715219117,17.092725783096938,19.430048105437574,11.331044181969368,1.9095945638237422,0,0,0,0,-1,inf,0,-1,0,0,-1,0,0,7600,242,0,3758,0,3600,1.8886144181933056,4.385670153201461,False
occluding_cut_in,P3,15013,50,5.0,2.5,11.234115978422913,7.347532739074193,0.2132565692115898,0.00020827732696175155,999791722.6730384,17.09672071521911,17.09343247158598,19.431160541768985,11.331044181969368,1.9092338673411526,0,0,0,0,-1,inf,0,-1,0,0,-1,0,0,7600,216,0,3784,0,3600,1.8886144181933056,4.385670153201461,False
occluding_cut_in,P4,15013,50,5.0,2.5,11.267888282720728,7.327224075401506,0.2107706627715266,0.00021432353040528026,999785676.4695947,17.087302883832308,17.087302883832308,19.431160541768985,11.331044181969368,1.912697116167692,0,0,0,0,-1,inf,0,-1,0,0,-1,0,0,7600,182,0,3814,0,3604,1.8886144181933056,4.385670153201461,False
occluding_cut_in,P0,15014,50,5.0,2.5,11.267888282720728,7.327224075401506,0.2107706627715266,0.00021432353040528026,999785676.4695947,17.087302883832308,17.087302883832308,19.431160541768985,11.331044181969368,1.912697116167692,0,0,0,0,-1,inf,0,-1,0,0,-1,0,0,7600,182,0,3814,0,3604,1.7619648705144448,4.103057296883112,False
occluding_cut_in,P1,15014,50,5.0,2.5,11.312940923933725,7.351209970811721,0.20821294100049745,0.0002059015937840497,999794098.4062161,17.10926373406553,17.106377819944512,19.431160541768985,11.331044181969368,1.893627307145357,0,0,0,0,-1,inf,0,-1,0,0,-1,0,0,7600,248,0,3761,0,3591,1.7619648705144448,4.103057296883112,False
occluding_cut_in,P2,15014,50,5.0,2.5,11.234115978422913,7.347532739074193,0.2132565692115898,0.00020827732696175155,999791722.6730384,17.09672071521911,17.09343247158598,19.431160541768985,11.331044181969368,1.9092338673411526,0,0,0,0,-1,inf,0,-1,0,0,-1,0,0,7600,216,0,3784,0,3600,1.7619648705144448,4.103057296883112,False
occluding_cut_in,P3,15014,50,5.0,2.5,11.234073069656134,7.347335823045719,0.2132618538943181,0.00020833406800779844,999791665.9319923,17.095747563781476,17.092459334514142,19.431160541768985,11.331044181969368,1.910205886567364,0,0,0,0,-1,inf,0,-1,0,0,-1,0,0,7600,216,0,3777,0,3607,1.7619648705144448,4.103057296883112,False
occluding_cut_in,P4,15014,50,5.0,2.5,11.267888282720728,7.327224075401506,0.2107706627715266,0.00021432353040528026,999785676.4695947,17.087302883832308,17.087302883832308,19.431160541768985,11.331044181969368,1.912697116167692,0,0,0,0,-1,inf,0,-1,0,0,-1,0,0,7600,182,0,3814,0,3604,1.7619648705144448,4.103057296883112,False
occluding_cut_in,P0,15015,50,5.0,2.5,11.267888282720728,7.327224075401506,0.2107706627715266,0.00021432353040528026,999785676.4695947,17.087302883832308,17.087302883832308,19.431160541768985,11.331044181969368,1.912697116167692,0,0,0,0,-1,inf,0,-1,0,0,-1,0,0,7600,182,0,3814,0,3604,1.9582336797398259,4.46758514076677,False
occluding_cut_in,P1,15015,50,5.0,2.5,11.294827747378518,7.3381468969637,0.20960413055526295,0.00021080039267392807,999789199.6073259,17.0873028838323,17.085889491422154,19.42795271742619,11.331044181969368,1.9142331884842547,0,0,0,0,-1,inf,0,-1,0,0,-1,0,0,7600,269,0,3735,0,3596,1.9582336797398259,4.46758514076677,False
occluding_cut_in,P2,15015,50,5.0,2.5,11.294827747378518,7.3381468969637,0.20960413055526295,0.00021080039267392807,999789199.6073259,17.0873028838323,17.085889491422154,19.42795271742619,11.331044181969368,1.9142331884842547,0,0,0,0,-1,inf,0,-1,0,0,-1,0,0,7600,269,0,3735,0,3596,1.9582336797398259,4.46758514076677,False
occluding_cut_in,P3,15015,50,5.0,2.5,11.27959823775745,7.3462779110606355,0.2100196495923135,0.00020811949895195854,999791880.501048,17.087302883832304,17.08643884012282,19.430094201262467,11.331044181969368,1.9136055059923018,0,0,0,0,-1,inf,0,-1,0,0,-1,0,0,7600,216,0,3780,0,3604,1.9582336797398259,4.46758514076677,False
occluding_cut_in,P4,15015,50,5.0,2.5,11.267888282720728,7.327224075401506,0.2107706627715266,0.00021432353040528026,999785676.4695947,17.087302883832308,17.087302883832308,19.431160541768985,11.331044181969368,1.912697116167692,0,0,0,0,-1,inf,0,-1,0,0,-1,0,0,7600,182,0,3814,0,3604,1.9582336797398259,4.46758514076677,False
occluding_cut_in,P0,15016,50,5.0,2.5,11.267888282720728,7.327224075401506,0.2107706627715266,0.00021432353040528026,999785676.4695947,17.087302883832308,17.087302883832308,19.431160541768985,11.331044181969368,1.912697116167692,0,0,0,0,-1,inf,0,-1,0,0,-1,0,0,7600,182,0,3814,0,3604,1.87513399886103,4.2551322381243075,False
occluding_cut_in,P1,15016,50,5.0,2.5,11.215314815311201,7.3562125437276515,0.2142774355330835,0.00020576808737174726,999794231.9126282,17.143537204129025,17.132519779316038,19.431160541768985,11.331044181969368,1.869272256776083,0,0,0,0,-1,inf,0,-1,0,0,-1,0,0,7600,369,0,3650,0,3581,1.87513399886103,4.2551322381243075,False
occluding_cut_in,P2,15016,50,5.0,2.5,11.234115978422913,7.347532739074193,0.2132565692115898,0.00020827732696175155,999791722.6730384,17.09672071521911,17.09343247158598,19.431160541768985,11.331044181969368,1.9092338673411526,0,0,0,0,-1,inf,0,-1,0,0,-1,0,0,7600,216,0,3784,0,3600,1.87513399886103,4.2551322381243075,False
occluding_cut_in,P3,15016,50,5.0,2.5,11.234115978422913,7.347532739074193,0.2132565692115898,0.00020827732696175155,999791722.6730384,17.09672071521911,17.09343247158598,19.431160541768985,11.331044181969368,1.9092338673411526,0,0,0,0,-1,inf,0,-1,0,0,-1,0,0,7600,216,0,3784,0,3600,1.87513399886103,4.2551322381243075,False
occluding_cut_in,P4,15016,50,5.0,2.5,11.267888282720728,7.327224075401506,0.2107706627715266,0.00021432353040528026,999785676.4695947,17.087302883832308,17.087302883832308,19.431160541768985,11.331044181969368,1.912697116167692,0,0,0,0,-1,inf,0,-1,0,0,-1,0,0,7600,182,0,3814,0,3604,1.87513399886103,4.2551322381243075,False
occluding_cut_in,P0,15017,50,5.0,2.5,11.267888282720728,7.327224075401506,0.2107706627715266,0.00021432353040528026,999785676.4695947,17.087302883832308,17.087302883832308,19.431160541768985,11.331044181969368,1.912697116167692,0,0,0,0,-1,inf,0,-1,0,0,-1,0,0,7600,182,0,3814,0,3604,1.8516435953845685,4.255737904041797,False
occluding_cut_in,P1,15017,50,5.0,2.5,11.317783592570613,7.340924320324938,0.20800412073676305,0.00020844263878270098,999791557.3612175,17.121780353335406,17.116962367430588,19.431160541768985,11.331044181969368,1.88314773956537,0,0,0,0,-1,inf,0,-1,0,0,-1,0,0,7600,257,0,3763,0,3580,1.8516435953845685,4.255737904041797,False
occluding_cut_in,P2,15017,50,5.0,2.5,11.309863290282232,7.352787589935944,0.20799125701341545,0.00020553158235295848,999794468.4176469,17.121780353335403,17.117893544408044,19.43013353196599,11.331044181969368,1.8823350330169113,0,0,0,0,-1,inf,0,-1,0,0,-1,0,0,7600,259,0,3764,0,3577,1.8516435953845685,4.255737904041797,False
occluding_cut_in,P3,15017,50,5.0,2.5,11.271959506513124,7.335881601140441,0.21027690254954082,0.00021045185835408037,999789548.1416459,17.087302883832308,17.087194917016916,19.431160541768985,11.331044181969368,1.9128245916561997,0,0,0,0,-1,inf,0,-1,0,0,-1,0,0,7600,182,0,3814,0,3604,1.8516435953845685,4.255737904041797,False
occluding_cut_in,P4,15017,50,5.0,2.5,11.267888282720728,7.327224075401506,0.2107706627715266,0.00021432353040528026,999785676.4695947,17.087302883832308,17.087302883832308,19.431160541768985,11.331044181969368,1.912697116167692,0,0,0,0,-1,inf,0,-1,0,0,-1,0,0,7600,182,0,3814,0,3604,1.8516435953845685,4.255737904041797,False
occluding_cut_in,P0,15018,50,5.0,2.5,11.267888282720728,7.327224075401506,0.2107706627715266,0.00021432353040528026,999785676.4695947,17.087302883832308,17.087302883832308,19.431160541768985,11.331044181969368,1.912697116167692,0,0,0,0,-1,inf,0,-1,0,0,-1,0,0,7600,182,0,3814,0,3604,1.877675754500745,4.28056704722803,False
occluding_cut_in,P1,15018,50,5.0,2.5,11.322943974651087,7.33403554722125,0.20809220417928995,0.0002102807855881643,999789719.214412,17.1217803533354,17.116418816813685,19.431160541768985,11.331044181969368,1.8837443416425894,0,0,0,0,-1,inf,0,-1,0,0,-1,0,0,7600,275,0,3745,0,3580,1.877675754500745,4.28056704722803,False
occluding_cut_in,P2,15018,50,5.0,2.5,11.311378602159753,7.349014587157961,0.2079716628434389,0.00020637574603807674,999793624.2539618,17.121780353335414,17.117622715201758,19.431160541768985,11.331044181969368,1.8824849619202388,0,0,0,0,-1,inf,0,-1,0,0,-1,0,0,7600,237,0,3784,0,3579,1.877675754500745,4.28056704722803,False
occluding_cut_in,P3,15018,50,5.0,2.5,11.271959506513124,7.335881601140441,0.21027690254954082,0.00021045185835408037,999789548.1416459,17.087302883832308,17.087194917016916,19.431160541768985,11.331044181969368,1.9128245916561997,0,0,0,0,-1,inf,0,-1,0,0,-1,0,0,7600,182,0,3814,0,3604,1.877675754500745,4.28056704722803,False
occluding_cut_in,P4,15018,50,5.0,2.5,11.267888282720728,7.327224075401506,0.2107706627715266,0.00021432353040528026,999785676.4695947,17.087302883832308,17.087302883832308,19.431160541768985,11.331044181969368,1.912697116167692,0,0,0,0,-1,inf,0,-1,0,0,-1,0,0,7600,182,0,3814,0,3604,1.877675754500745,4.28056704722803,False
occluding_cut_in,P0,15019,50,5.0,2.5,11.267888282720728,7.327224075401506,0.2107706627715266,0.00021432353040528026,999785676.4695947,17.087302883832308,17.087302883832308,19.431160541768985,11.331044181969368,1.912697116167692,0,0,0,0,-1,inf,0,-1,0,0,-1,0,0,7600,182,0,3814,0,3604,1.881506844231492,4.269814646692088,False
occluding_cut_in,P1,15019,50,5.0,2.5,11.331835967133403,7.3149064797177,0.20845588473934676,0.00021557699030110445,999784423.009699,17.121780353335417,17.11535503612542,19.43016726865015,15.062367217268713,1.8849336652263151,0,0,0,0,-1,inf,0,-1,0,0,-1,0,0,7600,322,0,3700,0,3578,1.881506844231492,4.269814646692088,False
occluding_cut_in,P2,15019,50,5.0,2.5,11.29041419912351,7.342145767198837,0.20946651499948335,0.00020942562468207745,999790574.3753178,17.08730288383231,17.085952953616665,19.431160541768985,11.331044181969368,1.9140530995723863,0,0,0,0,-1,inf,0,-1,0,0,-1,0,0,7600,221,0,3775,0,3604,1.881506844231492,4.269814646692088,False
occluding_cut_in,P3,15019,50,5.0,2.5,11.225860703385898,7.306477124987944,0.21426607060065175,0.00021907488638274697,999780925.1136171,17.096720715219107,17.093275839460258,19.431160541768985,11.331044181969368,1.9098437800511956,0,0,0,0,-1,inf,0,-1,0,0,-1,0,0,7600,221,0,3779,0,3600,1.881506844231492,4.269814646692088,False
occluding_cut_in,P4,15019,50,5.0,2.5,11.267888282720728,7.327224075401506,0.2107706627715266,0.00021432353040528026,999785676.4695947,17.087302883832308,17.087302883832308,19.431160541768985,11.331044181969368,1.912697116167692,0,0,0,0,-1,inf,0,-1,0,0,-1,0,0,7600,182,0,3814,0,3604,1.881506844231492,4.269814646692088,False
