scenario,planner,seed,steps,duration_s,planning_safety_margin_m,mean_snr_db,min_snr_db,mean_outage_probability,mean_ber_model,mean_goodput_bps_model,path_length_m,progress_m,min_target_distance_m,min_realized_ttc_s,min_static_obstacle_clearance_m,static_clearance_violation_steps,static_clearance_violation_indicator,collision_indicator,collision_steps,first_collision_step,first_collision_time_s,no_candidate_steps,first_no_candidate_step,zero_candidate_after_static_steps,zero_candidate_after_dynamic_steps,candidate_evaluations,candidate_road_rejections,candidate_speed_rejections,candidate_static_rejections,candidate_dynamic_rejections,candidate_feasible,prediction_ade_m,prediction_fde_m,measured_optical_link
following_lateral_offset,P0,9000,40,4.0,1.0,14.815266480664956,-6.410603874627945,0.144808719622535,0.02384317306976288,976156826.9302372,37.41000000000002,37.41000000000002,2.944163718273817,0.7340476309547561,inf,0,0,0,0,-1,inf,0,-1,0,0,6080,0,0,0,1435,4645,1.8225331140428995,4.157889384919348,False
following_lateral_offset,P1,9000,40,4.0,1.0,14.815266480664956,-6.410603874627945,0.144808719622535,0.02384317306976288,976156826.9302372,37.41000000000002,37.41000000000002,2.944163718273817,0.7340476309547561,inf,0,0,0,0,-1,inf,0,-1,0,0,6080,0,0,0,1435,4645,1.8225331140428995,4.157889384919348,False
following_lateral_offset,P2,9000,40,4.0,1.0,16.376147120652547,8.826886380083106,0.048427316404813014,1.0385284262492332e-05,999989614.7157376,37.32,37.31254737110614,2.9393031920646817,0.7223289470470244,inf,0,0,0,0,-1,inf,0,-1,0,0,6080,197,0,0,1233,4650,1.8225331140428995,4.157889384919348,False
following_lateral_offset,P3,9000,40,4.0,1.0,16.019062564335087,5.858072567570012,0.0803799217924944,0.00038859514138422045,999611404.8586159,37.32000000000001,37.31654618612557,2.9595869825176178,0.6926811915309968,inf,0,0,0,0,-1,inf,0,-1,0,0,6080,144,0,0,1280,4656,1.8225331140428995,4.157889384919348,False
following_lateral_offset,P4,9000,40,4.0,1.0,15.68812921447597,4.464228826671125,0.10533302027496334,0.0012665325497493733,998733467.4502506,37.32000000000003,37.31820494209949,2.977444468187023,0.7343315778831396,inf,0,0,0,0,-1,inf,0,-1,0,0,6080,92,0,0,1320,4668,1.8225331140428995,4.157889384919348,False
following_lateral_offset,P0,9001,40,4.0,1.0,14.588062685483033,-5.1562286330648455,0.16320490372628452,0.026771103236293864,973228896.7637062,37.35000000000002,37.35000000000002,2.9970819141291214,0.828660723216065,inf,0,0,0,0,-1,inf,0,-1,0,0,6080,0,0,0,1298,4782,1.8669593561435256,4.219168712727196,False
following_lateral_offset,P1,9001,40,4.0,1.0,14.588062685483033,-5.1562286330648455,0.16320490372628452,0.026771103236293864,973228896.7637062,37.35000000000002,37.35000000000002,2.9970819141291214,0.828660723216065,inf,0,0,0,0,-1,inf,0,-1,0,0,6080,0,0,0,1298,4782,1.8669593561435256,4.219168712727196,False
following_lateral_offset,P2,9001,40,4.0,1.0,15.176014870246252,-2.710861296769231,0.13170561741691714,0.017118880416691133,982881119.5833089,37.350000000000016,37.34868124732909,2.9665946333640547,0.7627117864899939,inf,0,0,0,0,-1,inf,0,-1,0,0,6080,83,0,0,1234,4763,1.8669593561435256,4.219168712727196,False
following_lateral_offset,P3,9001,40,4.0,1.0,14.985851189834005,-3.536158562327252,0.14399026394841685,0.020280211071477174,979719788.9285228,37.35000000000001,37.34910570976971,2.9769597890040957,0.7627117864899939,inf,0,0,0,0,-1,inf,0,-1,0,0,6080,56,0,0,1261,4763,1.8669593561435256,4.219168712727196,False
following_lateral_offset,P4,9001,40,4.0,1.0,15.990393086040536,6.429945568541012,0.07905698539064436,0.0002588476449677364,999741152.3550323,37.35000000000002,37.34725120027134,2.921553576342935,0.7627117864899939,inf,0,0,0,0,-1,inf,0,-1,0,0,6080,166,0,0,1158,4756,1.8669593561435256,4.219168712727196,False
following_lateral_offset,P0,9002,40,4.0,1.0,14.667179177787812,-7.290014518384794,0.15463824970578816,0.02517516279397929,974824837.2060207,37.45000000000002,37.45000000000002,2.9090376415577563,0.69037595489022,inf,0,0,0,0,-1,inf,0,-1,0,0,6080,0,0,0,1508,4572,1.8277397465175511,4.094309413166095,False
following_lateral_offset,P1,9002,40,4.0,1.0,14.667179177787812,-7.290014518384794,0.15463824970578816,0.02517516279397929,974824837.2060207,37.45000000000002,37.45000000000002,2.9090376415577563,0.69037595489022,inf,0,0,0,0,-1,inf,0,-1,0,0,6080,0,0,0,1508,4572,1.8277397465175511,4.094309413166095,False
following_lateral_offset,P2,9002,40,4.0,1.0,15.186572123364936,-3.3879890207151817,0.12970144712171,0.015660142238598233,984339857.7614019,37.36000000000003,37.35902306478777,2.9657931190965705,0.7346676291833729,inf,0,0,0,0,-1,inf,0,-1,0,0,6080,47,0,0,1445,4588,1.8277397465175511,4.094309413166095,False
following_lateral_offset,P3,9002,40,4.0,1.0,15.186572123364936,-3.3879890207151817,0.12970144712171,0.015660142238598233,984339857.7614019,37.36000000000003,37.35902306478777,2.9657931190965705,0.7346676291833729,inf,0,0,0,0,-1,inf,0,-1,0,0,6080,47,0,0,1445,4588,1.8277397465175511,4.094309413166095,False
following_lateral_offset,P4,9002,40,4.0,1.0,15.889382989102355,1.370476694887408,0.07949200517155386,0.0032169525430518022,996783047.456948,37.34500000000002,37.34221972950984,2.9315071024087413,0.6930574654901087,inf,0,0,0,0,-1,inf,0,-1,0,0,6080,143,0,0,1353,4584,1.8277397465175511,4.094309413166095,False
following_lateral_offset,P0,9003,40,4.0,1.0,14.82012810435931,-3.5963838200344114,0.15558460990084166,0.020108320457034166,979891679.5429659,37.27000000000002,37.27000000000002,3.068044980113542,0.8932275238116343,inf,0,0,0,0,-1,inf,0,-1,0,0,6080,0,0,0,1250,4830,1.9068996853727835,4.167308936891915,False
following_lateral_offset,P1,9003,40,4.0,1.0,14.82012810435931,-3.5963838200344114,0.15558460990084166,0.020108320457034166,979891679.5429659,37.27000000000002,37.27000000000002,3.068044980113542,0.8932275238116343,inf,0,0,0,0,-1,inf,0,-1,0,0,6080,0,0,0,1250,4830,1.9068996853727835,4.167308936891915,False
following_lateral_offset,P2,9003,40,4.0,1.0,16.58410246324963,7.26907905899558,0.041148201968100616,6.183580572690141e-05,999938164.194273,37.18000000000002,37.17165602501636,3.057756879210547,0.8151880659668626,inf,0,0,0,0,-1,inf,0,-1,0,0,6080,210,0,0,1048,4822,1.9068996853727835,4.167308936891915,False
following_lateral_offset,P3,9003,40,4.0,1.0,15.79077430765624,5.06535899468696,0.09450823111362203,0.0006589266568052988,999341073.3431946,37.18000000000002,37.175266176056724,3.094655465771945,0.8932275238116343,inf,0,0,0,0,-1,inf,0,-1,0,0,6080,116,0,0,1137,4827,1.9068996853727835,4.167308936891915,False
following_lateral_offset,P4,9003,40,4.0,1.0,16.108572834824933,3.466723532322895,0.06612133857997346,0.0013614978064853103,998638502.1935146,37.21000000000001,37.20706016127084,3.047654073135463,0.8151880659668626,inf,0,0,0,0,-1,inf,0,-1,0,0,6080,166,0,0,1086,4828,1.9068996853727835,4.167308936891915,False
following_lateral_offset,P0,9004,40,4.0,1.0,14.976156424990041,-1.9823839357631208,0.15148444382233034,0.014974092936640013,985025907.06336,37.180000000000014,37.180000000000014,3.1483964172257473,0.9365873095253926,inf,0,0,0,0,-1,inf,0,-1,0,0,6080,0,0,0,1290,4790,1.8217073995019,4.047051677859335,False
following_lateral_offset,P1,9004,40,4.0,1.0,14.976156424990041,-1.9823839357631208,0.15148444382233034,0.014974092936640013,985025907.06336,37.180000000000014,37.180000000000014,3.1483964172257473,0.9365873095253926,inf,0,0,0,0,-1,inf,0,-1,0,0,6080,0,0,0,1290,4790,1.8217073995019,4.047051677859335,False
following_lateral_offset,P2,9004,40,4.0,1.0,15.53493575197056,0.08457431327121512,0.12202922783679981,0.008193941091246864,991806058.9087532,37.180000000000014,37.17867337505262,3.1209736060028885,0.8769296775444927,inf,0,0,0,0,-1,inf,0,-1,0,0,6080,85,0,0,1213,4782,1.8217073995019,4.047051677859335,False
following_lateral_offset,P3,9004,40,4.0,1.0,15.353409329210745,-0.6086868473672702,0.13282387794265055,0.010248388711595618,989751611.2884045,37.180000000000014,37.17910252181989,3.1302710975426504,0.8769296775444927,inf,0,0,0,0,-1,inf,0,-1,0,0,6080,57,0,0,1241,4782,1.8217073995019,4.047051677859335,False
following_lateral_offset,P4,9004,40,4.0,1.0,16.316060491586803,8.97596229033466,0.04674961908637134,6.165558957717786e-06,999993834.4410423,37.18000000000001,37.17707610976305,3.075543628631786,0.8873670620211654,inf,0,0,0,0,-1,inf,0,-1,0,0,6080,164,0,0,1141,4775,1.8217073995019,4.047051677859335,False
following_lateral_offset,P0,9005,40,4.0,1.0,14.645513848984724,-8.919349833000197,0.15184629127717014,0.025013765457949644,974986234.5420506,37.17000000000002,37.1694248413814,3.17055173674172,0.9391208901120852,inf,0,0,0,0,-1,inf,0,-1,0,0,6080,24,0,0,1362,4694,1.7680371504148742,4.082494654630341,False
following_lateral_offset,P1,9005,40,4.0,1.0,14.645513848984724,-8.919349833000197,0.15184629127717014,0.025013765457949644,974986234.5420506,37.17000000000002,37.1694248413814,3.17055173674172,0.9391208901120852,inf,0,0,0,0,-1,inf,0,-1,0,0,6080,24,0,0,1362,4694,1.7680371504148742,4.082494654630341,False
following_lateral_offset,P2,9005,40,4.0,1.0,15.877852747824559,6.780254848768809,0.0882994158527482,0.00016857857840721154,999831421.4215927,37.09000000000001,37.088050492068895,3.186994339178043,0.9249829881932566,inf,0,0,0,0,-1,inf,0,-1,0,0,6080,94,0,0,1298,4688,1.7680371504148742,4.082494654630341,False
following_lateral_offset,P3,9005,40,4.0,1.0,15.497248729126383,1.0872139991066199,0.11338947714082939,0.005628777739789646,994371222.2602104,37.15000000000002,37.14848734887656,3.1425583221384943,0.9391208901120852,inf,0,0,0,0,-1,inf,0,-1,0,0,6080,72,0,0,1327,4681,1.7680371504148742,4.082494654630341,False
following_lateral_offset,P4,9005,40,4.0,1.0,16.429551740260735,10.324683874318161,0.03759646257493579,4.6961826774945645e-07,999999530.3817323,37.06000000000002,37.05706583754879,3.186560932481468,0.9249829881932566,inf,0,0,0,0,-1,inf,0,-1,0,0,6080,164,0,0,1230,4686,1.7680371504148742,4.082494654630341,False
following_lateral_offset,P0,9006,40,4.0,1.0,13.304141141747806,-23.596282808296678,0.1703641038536584,0.04855011934278192,951449880.6572182,37.990000000000016,37.990000000000016,2.449510155112637,0.38780954286094305,inf,0,0,0,0,-1,inf,4,37,0,4,6080,0,0,0,1655,4425,1.9421800103479252,4.437562231660171,False
following_lateral_offset,P1,9006,40,4.0,1.0,13.304141141747806,-23.596282808296678,0.1703641038536584,0.04855011934278192,951449880.6572182,37.990000000000016,37.990000000000016,2.449510155112637,0.38780954286094305,inf,0,0,0,0,-1,inf,4,37,0,4,6080,0,0,0,1655,4425,1.9421800103479252,4.437562231660171,False
following_lateral_offset,P2,9006,40,4.0,1.0,13.304141141747806,-23.596282808296678,0.1703641038536584,0.04855011934278192,951449880.6572182,37.990000000000016,37.990000000000016,2.449510155112637,0.38780954286094305,inf,0,0,0,0,-1,inf,4,37,0,4,6080,0,0,0,1655,4425,1.9421800103479252,4.437562231660171,False
following_lateral_offset,P3,9006,40,4.0,1.0,13.304141141747806,-23.596282808296678,0.1703641038536584,0.04855011934278192,951449880.6572182,37.990000000000016,37.990000000000016,2.449510155112637,0.38780954286094305,inf,0,0,0,0,-1,inf,4,37,0,4,6080,0,0,0,1655,4425,1.9421800103479252,4.437562231660171,False
following_lateral_offset,P4,9006,40,4.0,1.0,13.304141141747806,-23.596282808296678,0.1703641038536584,0.04855011934278192,951449880.6572182,37.990000000000016,37.990000000000016,2.449510155112637,0.38780954286094305,inf,0,0,0,0,-1,inf,4,37,0,4,6080,0,0,0,1655,4425,1.9421800103479252,4.437562231660171,False
following_lateral_offset,P0,9007,40,4.0,1.0,14.89296249077737,-8.946839184479433,0.1418811429992932,0.019288388363902745,980711611.6360973,37.240000000000016,37.240000000000016,3.094769781421537,0.8798496391007417,inf,0,0,0,0,-1,inf,0,-1,0,0,6080,0,0,0,1294,4786,1.9396017326342752,4.366869286070957,False
following_lateral_offset,P1,9007,40,4.0,1.0,14.89296249077737,-8.946839184479433,0.1418811429992932,0.019288388363902745,980711611.6360973,37.240000000000016,37.240000000000016,3.094769781421537,0.8798496391007417,inf,0,0,0,0,-1,inf,0,-1,0,0,6080,0,0,0,1294,4786,1.9396017326342752,4.366869286070957,False
following_lateral_offset,P2,9007,40,4.0,1.0,15.682847848369596,3.4503488209772932,0.11740422303449564,0.002803715565160376,997196284.4348396,37.24000000000002,37.23863858659082,3.0655331092575153,0.8453507026929127,inf,0,0,0,0,-1,inf,1,40,0,1,6080,79,0,0,1238,4763,1.9396017326342752,4.366869286070957,False
following_lateral_offset,P3,9007,40,4.0,1.0,15.503279007331008,2.8394238345277216,0.12725041586991379,0.003996921566182246,996003078.4338176,37.24000000000003,37.23904277414944,3.074054558132411,0.8502494912590649,inf,0,0,0,0,-1,inf,1,40,0,1,6080,50,0,0,1264,4766,1.9396017326342752,4.366869286070957,False
following_lateral_offset,P4,9007,40,4.0,1.0,14.89296249077737,-8.946839184479433,0.1418811429992932,0.019288388363902745,980711611.6360973,37.240000000000016,37.240000000000016,3.094769781421537,0.8798496391007417,inf,0,0,0,0,-1,inf,0,-1,0,0,6080,0,0,0,1294,4786,1.9396017326342752,4.366869286070957,False
following_lateral_offset,P0,9008,40,4.0,1.0,14.080567964152618,-13.101998509000342,0.15658450374398517,0.037882780471577664,962117219.5284221,37.560000000000024,37.55900520778655,2.842098727447256,0.6715476309547564,inf,0,0,0,0,-1,inf,1,39,0,1,6080,46,0,0,1441,4593,1.7831738194278899,4.136500871474583,False
following_lateral_offset,P1,9008,40,4.0,1.0,14.080567964152618,-13.101998509000342,0.15658450374398517,0.037882780471577664,962117219.5284221,37.560000000000024,37.55900520778655,2.842098727447256,0.6715476309547564,inf,0,0,0,0,-1,inf,1,39,0,1,6080,46,0,0,1441,4593,1.7831738194278899,4.136500871474583,False
following_lateral_offset,P2,9008,40,4.0,1.0,16.176921312220202,5.928308440099258,0.06607620189452557,0.0003297197401770884,999670280.2598228,37.47000000000003,37.465705386986095,2.7990560818241392,0.6034295755700969,inf,0,0,0,0,-1,inf,1,39,0,1,6080,207,0,0,1284,4589,1.7831738194278899,4.136500871474583,False
following_lateral_offset,P3,9008,40,4.0,1.0,15.88818813573602,-0.27931039418273684,0.08361996283041916,0.005108522071623033,994891477.9283769,37.47000000000003,37.46703624071218,2.8089852187067157,0.6444124489344515,inf,0,0,0,0,-1,inf,1,39,0,1,6080,174,0,0,1309,4597,1.7831738194278899,4.136500871474583,False
following_lateral_offset,P4,9008,40,4.0,1.0,15.88818813573602,-0.27931039418273684,0.08361996283041916,0.005108522071623033,994891477.9283769,37.47000000000003,37.46703624071218,2.8089852187067157,0.6444124489344515,inf,0,0,0,0,-1,inf,1,39,0,1,6080,174,0,0,1309,4597,1.7831738194278899,4.136500871474583,False
following_lateral_offset,P0,9009,40,4.0,1.0,14.827714464428993,-5.773970728074552,0.14882645477750348,0.02154485460982434,978455145.3901756,37.38000000000001,37.38000000000001,2.9705891671518545,0.7272180601533823,inf,0,0,0,0,-1,inf,0,-1,0,0,6080,0,0,0,1364,4716,1.7224418192182853,3.9984919015509846,False
following_lateral_offset,P1,9009,40,4.0,1.0,14.827714464428993,-5.773970728074552,0.14882645477750348,0.02154485460982434,978455145.3901756,37.38000000000001,37.38000000000001,2.9705891671518545,0.7272180601533823,inf,0,0,0,0,-1,inf,0,-1,0,0,6080,0,0,0,1364,4716,1.7224418192182853,3.9984919015509846,False
following_lateral_offset,P2,9009,40,4.0,1.0,17.39111379579175,13.799805216854573,0.01240367578997012,5.026947372045452e-13,999999999.9994972,37.043333333333344,37.03608375055426,3.1617462739381876,0.8924382602787155,inf,0,0,0,0,-1,inf,0,-1,0,0,6080,308,0,0,1068,4704,1.7224418192182853,3.9984919015509846,False
following_lateral_offset,P3,9009,40,4.0,1.0,16.713299277889558,5.84140796125558,0.03806057094882133,0.00026913639987179665,999730863.6001282,37.21,37.20638213037487,3.02814052926631,0.698397584094593,inf,0,0,0,0,-1,inf,0,-1,0,0,6080,219,0,0,1162,4699,1.7224418192182853,3.9984919015509846,False
following_lateral_offset,P4,9009,40,4.0,1.0,16.17340123552427,2.752789883556531,0.061988864898097504,0.0019045353024715471,998095464.6975285,37.316666666666684,37.313576740035955,2.9474014234174226,0.6749676408350154,inf,0,0,0,0,-1,inf,0,-1,0,0,6080,166,0,0,1223,4691,1.7224418192182853,3.9984919015509846,False
following_lateral_offset,P0,9010,40,4.0,1.0,14.583356311069906,-7.066808660147174,0.16087649914173158,0.026698369661736377,973301630.3382638,37.44000000000002,37.44000000000002,2.9178073959738846,0.5956391127849536,inf,0,0,0,0,-1,inf,0,-1,0,0,6080,0,0,0,1419,4661,1.766760224737339,4.090673845711061,False
following_lateral_offset,P1,9010,40,4.0,1.0,14.583356311069906,-7.066808660147174,0.16087649914173158,0.026698369661736377,973301630.3382638,37.44000000000002,37.44000000000002,2.9178073959738846,0.5956391127849536,inf,0,0,0,0,-1,inf,0,-1,0,0,6080,0,0,0,1419,4661,1.766760224737339,4.090673845711061,False
following_lateral_offset,P2,9010,40,4.0,1.0,17.255874487147548,12.57161905529003,0.01432279043780597,1.7663669067204636e-10,999999999.8233635,37.28000000000003,37.26781757557917,2.925951618928955,0.7282722635806469,inf,0,0,0,0,-1,inf,0,-1,0,0,6080,359,0,0,1100,4621,1.766760224737339,4.090673845711061,False
following_lateral_offset,P3,9010,40,4.0,1.0,16.406806466582317,8.116744623910979,0.04884978284596251,2.3374927050916495e-05,999976625.072949,37.340000000000025,37.334788327363974,2.913072056069369,0.6391018927470778,inf,0,0,0,0,-1,inf,0,-1,0,0,6080,225,0,0,1212,4643,1.766760224737339,4.090673845711061,False
following_lateral_offset,P4,9010,40,4.0,1.0,16.06626329537665,6.687458001605954,0.07114566705104827,0.0001623247571409963,999837675.2428591,37.34000000000002,37.337193031061695,2.9299166802398524,0.6496777637611729,inf,0,0,0,0,-1,inf,0,-1,0,0,6080,165,0,0,1253,4662,1.766760224737339,4.090673845711061,False
following_lateral_offset,P0,9011,40,4.0,1.0,14.482145255141697,-10.154428846980174,0.15530522076786474,0.030096240434491967,969903759.5655081,37.570000000000014,37.570000000000014,2.8044429036797895,0.6181366583875693,inf,0,0,0,0,-1,inf,0,-1,0,0,6080,0,0,0,1441,4639,1.670234023426736,3.8544424832234063,False
following_lateral_offset,P1,9011,40,4.0,1.0,14.482145255141697,-10.154428846980174,0.15530522076786474,0.030096240434491967,969903759.5655081,37.570000000000014,37.570000000000014,2.8044429036797895,0.6181366583875693,inf,0,0,0,0,-1,inf,0,-1,0,0,6080,0,0,0,1441,4639,1.670234023426736,3.8544424832234063,False
following_lateral_offset,P2,9011,40,4.0,1.0,16.910340350632033,6.84607607364665,0.031023165149616293,9.910089095985675e-05,999900899.10904,37.36000000000002,37.3512702361252,2.860989400549788,0.6199230159754726,inf,0,0,0,0,-1,inf,0,-1,0,0,6080,321,0,0,1135,4624,1.670234023426736,3.8544424832234063,False
following_lateral_offset,P3,9011,40,4.0,1.0,16.122880186037502,1.6857052215275345,0.07209482907355089,0.003796840283305828,996203159.7166942,37.36000000000002,37.35706301966308,2.9108360777608056,0.6817997344940154,inf,0,0,0,0,-1,inf,0,-1,0,0,6080,170,0,0,1255,4655,1.670234023426736,3.8544424832234063,False
following_lateral_offset,P4,9011,40,4.0,1.0,15.801164784793812,-4.618199833095456,0.07992877217225147,0.01021508184700281,989784918.1529973,37.36000000000002,37.357300947394435,2.9194079602249325,0.6865869093185533,inf,0,0,0,0,-1,inf,0,-1,0,0,6080,142,0,0,1279,4659,1.670234023426736,3.8544424832234063,False
following_lateral_offset,P0,9012,40,4.0,1.0,15.065542973771608,-3.5963838200344114,0.13907413186267964,0.016941332867594878,983058667.132405,37.27000000000002,37.27000000000002,3.068044980113542,0.8135714464321329,inf,0,0,0,0,-1,inf,0,-1,0,0,6080,0,0,0,1399,4681,1.7752639000756976,4.070058892455026,False
following_lateral_offset,P1,9012,40,4.0,1.0,15.065542973771608,-3.5963838200344114,0.13907413186267964,0.016941332867594878,983058667.132405,37.27000000000002,37.27000000000002,3.068044980113542,0.8135714464321329,inf,0,0,0,0,-1,inf,0,-1,0,0,6080,0,0,0,1399,4681,1.7752639000756976,4.070058892455026,False
following_lateral_offset,P2,9012,40,4.0,1.0,16.48124550602841,8.846967827551776,0.04554486044327748,9.325149556496073e-06,999990674.8504432,37.18000000000002,37.172584196600674,3.0755175441152316,0.8170565410531674,inf,0,0,0,0,-1,inf,0,-1,0,0,6080,171,0,0,1242,4667,1.7752639000756976,4.070058892455026,False
following_lateral_offset,P3,9012,40,4.0,1.0,15.237988565711458,-2.7690355130612865,0.1263057631596674,0.014261177417776692,985738822.5822232,37.270000000000024,37.269503357604236,3.057284660317351,0.805058225176235,inf,0,0,0,0,-1,inf,0,-1,0,0,6080,23,0,0,1376,4681,1.7752639000756976,4.070058892455026,False
following_lateral_offset,P4,9012,40,4.0,1.0,18.506280076434773,16.13407088197926,0.006425467166939874,3.9440245180844273e-20,1000000000.0,36.73666666666667,36.724976268323616,3.4167181992575366,1.02297490078755,inf,0,0,0,0,-1,inf,0,-1,0,0,6080,470,0,0,963,4647,1.7752639000756976,4.070058892455026,False
following_lateral_offset,P0,9013,40,4.0,1.0,15.213323858798423,-2.3288913907578532,0.13230950024894236,0.012001628882101049,987998371.117899,37.20000000000002,37.20000000000002,3.1304951684996905,0.7531972925197248,inf,0,0,0,0,-1,inf,0,-1,0,0,6080,0,0,0,1156,4924,1.981701932017885,4.444373793152747,False
following_lateral_offset,P1,9013,40,4.0,1.0,15.213323858798423,-2.3288913907578532,0.13230950024894236,0.012001628882101049,987998371.117899,37.20000000000002,37.20000000000002,3.1304951684996905,0.7531972925197248,inf,0,0,0,0,-1,inf,0,-1,0,0,6080,0,0,0,1156,4924,1.981701932017885,4.444373793152747,False
following_lateral_offset,P2,9013,40,4.0,1.0,15.863921103979413,2.7802136019672545,0.10402660822479803,0.003117925472043265,996882074.5279567,37.2,37.19864869522389,3.1051328051362717,0.6936994985490039,inf,0,0,0,0,-1,inf,0,-1,0,0,6080,85,0,0,1079,4916,1.981701932017885,4.444373793152747,False
following_lateral_offset,P3,9013,40,4.0,1.0,15.863921103979413,2.7802136019672545,0.10402660822479803,0.003117925472043265,996882074.5279567,37.2,37.19864869522389,3.1051328051362717,0.6936994985490039,inf,0,0,0,0,-1,inf,0,-1,0,0,6080,85,0,0,1079,4916,1.981701932017885,4.444373793152747,False
following_lateral_offset,P4,9013,40,4.0,1.0,16.328750439876494,5.123428263668615,0.04982051757397153,0.00048313250774883543,999516867.4922512,37.14000000000001,37.13690409668736,3.1156141178969525,0.7137965327796079,inf,0,0,0,0,-1,inf,0,-1,0,0,6080,149,0,0,1040,4891,1.981701932017885,4.444373793152747,False
following_lateral_offset,P0,9014,40,4.0,1.0,14.527839806476697,-8.440798004626267,0.15875180739364833,0.028597661824487447,971402338.1755126,37.50000000000002,37.50000000000002,2.8653097563788616,0.6912925306149577,inf,0,0,0,0,-1,inf,0,-1,0,0,6080,0,0,0,1427,4653,1.756685556084228,4.128074026068781,False
following_lateral_offset,P1,9014,40,4.0,1.0,14.527839806476697,-8.440798004626267,0.15875180739364833,0.028597661824487447,971402338.1755126,37.50000000000002,37.50000000000002,2.8653097563788616,0.6912925306149577,inf,0,0,0,0,-1,inf,0,-1,0,0,6080,0,0,0,1427,4653,1.756685556084228,4.128074026068781,False
following_lateral_offset,P2,9014,40,4.0,1.0,16.425488243958405,8.567525149458906,0.044667016032222846,1.200782630772951e-05,999987992.1736923,37.27000000000002,37.26682154773825,2.983639640719495,0.785834898783211,inf,0,0,0,0,-1,inf,0,-1,0,0,6080,195,0,0,1224,4661,1.756685556084228,4.128074026068781,False
following_lateral_offset,P3,9014,40,4.0,1.0,15.34551269046641,1.0053105529029658,0.13553176712752582,0.009519437732849492,990480562.2671505,37.44000000000002,37.43865441429461,2.8856581529933942,0.6590956217640519,inf,0,0,0,0,-1,inf,0,-1,0,0,6080,78,0,0,1356,4646,1.756685556084228,4.128074026068781,False
following_lateral_offset,P4,9014,40,4.0,1.0,15.764864526297307,0.46334746219221046,0.08990441837931124,0.004250963304550789,995749036.6954492,37.360000000000014,37.357408156501435,2.9202368363304245,0.7504382200400738,inf,0,0,0,0,-1,inf,0,-1,0,0,6080,141,0,0,1271,4668,1.756685556084228,4.128074026068781,False
following_lateral_offset,P0,9015,40,4.0,1.0,12.313285857773812,-39.76579517765636,0.16794280344652848,0.0549682413049705,945031758.6950295,37.54000000000001,37.53379744979643,2.9344412978524814,0.7487830793671895,inf,0,0,0,0,-1,inf,0,-1,0,0,6080,177,0,0,1421,4482,1.8995312191166895,4.306306944201667,False
following_lateral_offset,P1,9015,40,4.0,1.0,12.313285857773812,-39.76579517765636,0.16794280344652848,0.0549682413049705,945031758.6950295,37.54000000000001,37.53379744979643,2.9344412978524814,0.7487830793671895,inf,0,0,0,0,-1,inf,0,-1,0,0,6080,177,0,0,1421,4482,1.8995312191166895,4.306306944201667,False
following_lateral_offset,P2,9015,40,4.0,1.0,15.020638270751778,-9.094871235931151,0.12957752401025707,0.024591293237174676,975408706.7628254,37.36000000000002,37.356642310803124,2.960706553592633,0.722144682609173,inf,0,0,0,0,-1,inf,0,-1,0,0,6080,135,0,0,1389,4556,1.8995312191166895,4.306306944201667,False
following_lateral_offset,P3,9015,40,4.0,1.0,15.016659940170323,-9.08505849980634,0.13181824942570816,0.020851380253900424,979148619.7460997,37.360000000000014,37.358681147680024,2.957680966329444,0.7627117864899939,inf,0,0,0,0,-1,inf,0,-1,0,0,6080,83,0,0,1433,4564,1.8995312191166895,4.306306944201667,False
following_lateral_offset,P4,9015,40,4.0,1.0,15.016659940170323,-9.08505849980634,0.13181824942570816,0.020851380253900424,979148619.7460997,37.360000000000014,37.358681147680024,2.957680966329444,0.7627117864899939,inf,0,0,0,0,-1,inf,0,-1,0,0,6080,83,0,0,1433,4564,1.8995312191166895,4.306306944201667,False
following_lateral_offset,P0,9016,40,4.0,1.0,15.46425515596927,3.1237036959648705,0.1258500390277883,0.003048849361852716,996951150.6381474,36.83000000000002,36.83000000000002,3.465385981387914,1.0365873095253928,inf,0,0,0,0,-1,inf,0,-1,0,0,6080,0,0,0,1100,4980,1.869212881245237,4.183759337828542,False
following_lateral_offset,P1,9016,40,4.0,1.0,15.46425515596927,3.1237036959648705,0.1258500390277883,0.003048849361852716,996951150.6381474,36.83000000000002,36.83000000000002,3.465385981387914,1.0365873095253928,inf,0,0,0,0,-1,inf,0,-1,0,0,6080,0,0,0,1100,4980,1.869212881245237,4.183759337828542,False
following_lateral_offset,P2,9016,40,4.0,1.0,15.982580612327023,4.716380252910607,0.09414910225472398,0.0010092814850702863,998990718.5149295,36.83000000000001,36.8286672964594,3.4416883188242706,0.9830290254153136,inf,0,0,0,0,-1,inf,0,-1,0,0,6080,87,0,0,1020,4973,1.869212881245237,4.183759337828542,False
following_lateral_offset,P3,9016,40,4.0,1.0,15.81381892614117,4.1861668537161805,0.10500422618764094,0.0015132502190642854,998486749.7809356,36.830000000000005,36.82910006023839,3.4497024253625077,0.9830290254153136,inf,0,0,0,0,-1,inf,0,-1,0,0,6080,58,0,0,1049,4973,1.869212881245237,4.183759337828542,False
following_lateral_offset,P4,9016,40,4.0,1.0,16.541211160515854,11.46644979684956,0.0296117841035487,1.2405673183524617e-08,999999987.5943267,36.82333333333336,36.820538137263455,3.4139763208784153,1.0365873095253928,inf,0,0,0,0,-1,inf,0,-1,0,0,6080,141,0,0,979,4960,1.869212881245237,4.183759337828542,False
following_lateral_offset,P0,9017,40,4.0,1.0,14.296244472989633,-16.71631011050586,0.1549758871973459,0.0318031256126133,968196874.3873867,37.58000000000001,37.58000000000001,2.795782538038311,0.6325974155870074,inf,0,0,0,0,-1,inf,0,-1,0,0,6080,0,0,0,1497,4583,1.8228974527554247,4.255027039391308,False
following_lateral_offset,P1,9017,40,4.0,1.0,14.296244472989633,-16.71631011050586,0.1549758871973459,0.0318031256126133,968196874.3873867,37.58000000000001,37.58000000000001,2.795782538038311,0.6325974155870074,inf,0,0,0,0,-1,inf,0,-1,0,0,6080,0,0,0,1497,4583,1.8228974527554247,4.255027039391308,False
following_lateral_offset,P2,9017,40,4.0,1.0,16.64389522039469,9.505858072541589,0.030324560951134005,1.6843857938963552e-06,999998315.6142061,37.350000000000016,37.345329452036424,2.8988515190295896,0.6624026310882885,inf,0,0,0,0,-1,inf,0,-1,0,0,6080,222,0,0,1230,4628,1.8228974527554247,4.255027039391308,False
following_lateral_offset,P3,9017,40,4.0,1.0,16.25992644596202,4.077819491701909,0.0638399233043929,0.001065238775760028,998934761.2242401,37.350000000000016,37.34706083229818,2.9200445137774023,0.6891668144889747,inf,0,0,0,0,-1,inf,0,-1,0,0,6080,170,0,0,1278,4632,1.8228974527554247,4.255027039391308,False
following_lateral_offset,P4,9017,40,4.0,1.0,15.809256317697702,-4.597638303306709,0.07961918651975011,0.010244476842890312,989755523.1571096,37.350000000000016,37.34729918096597,2.928596239324403,0.6936232856902038,inf,0,0,0,0,-1,inf,0,-1,0,0,6080,143,0,0,1301,4636,1.8228974527554247,4.255027039391308,False
following_lateral_offset,P0,9018,40,4.0,1.0,14.257769835166409,-11.997223779145614,0.16365033342550928,0.03414383656732585,965856163.432674,37.64000000000002,37.64000000000002,2.7440116617827806,0.5877018757788711,inf,0,0,0,0,-1,inf,0,-1,0,0,6080,0,0,0,1457,4623,1.91662785355989,4.3680535268931,False
following_lateral_offset,P1,9018,40,4.0,1.0,14.257769835166409,-11.997223779145614,0.16365033342550928,0.03414383656732585,965856163.432674,37.64000000000002,37.64000000000002,2.7440116617827806,0.5877018757788711,inf,0,0,0,0,-1,inf,0,-1,0,0,6080,0,0,0,1457,4623,1.91662785355989,4.3680535268931,False
following_lateral_offset,P2,9018,40,4.0,1.0,16.8151261730901,12.57161905529003,0.020565539375537196,2.9736731223278576e-10,999999999.7026327,37.470000000000006,37.46069203194124,2.7617289659507285,0.5949923526505778,inf,0,0,0,0,-1,inf,0,-1,0,0,6080,310,0,0,1148,4622,1.91662785355989,4.3680535268931,False
following_lateral_offset,P3,9018,40,4.0,1.0,15.89853546609525,4.395274127191353,0.08791400696870925,0.0011189489375776837,998881051.0624224,37.490000000000016,37.48718284645925,2.7931987455761274,0.6277443180218553,inf,0,0,0,0,-1,inf,0,-1,0,0,6080,171,0,0,1258,4651,1.91662785355989,4.3680535268931,False
following_lateral_offset,P4,9018,40,4.0,1.0,15.47094003861842,-7.84595451240158,0.09704064477858931,0.014237539947113267,985762460.0528867,37.490000000000016,37.487532069646015,2.8054381794594687,0.6277443180218553,inf,0,0,0,0,-1,inf,0,-1,0,0,6080,149,0,0,1280,4651,1.91662785355989,4.3680535268931,False
following_lateral_offset,P0,9019,40,4.0,1.0,14.562575541048489,-14.202619207953802,0.14961423743300845,0.025872115187865287,974127884.8121345,37.5,37.5,2.8653097563788803,0.5659627453441021,inf,0,0,0,0,-1,inf,0,-1,0,0,6080,0,0,0,1418,4662,1.9201337927204647,4.433619742590105,False
following_lateral_offset,P1,9019,40,4.0,1.0,14.562575541048489,-14.202619207953802,0.14961423743300845,0.025872115187865287,974127884.8121345,37.5,37.5,2.8653097563788803,0.5659627453441021,inf,0,0,0,0,-1,inf,0,-1,0,0,6080,0,0,0,1418,4662,1.9201337927204647,4.433619742590105,False
following_lateral_offset,P2,9019,40,4.0,1.0,14.758339193087476,-13.355557394483696,0.14159867646334753,0.02391281488107278,976087185.1189272,37.500000000000014,37.49954065262419,2.8557043153727073,0.5597121413854784,inf,0,0,0,0,-1,inf,0,-1,0,0,6080,27,0,0,1395,4658,1.9201337927204647,4.433619742590105,False
following_lateral_offset,P3,9019,40,4.0,1.0,14.758339193087476,-13.355557394483696,0.14159867646334753,0.02391281488107278,976087185.1189272,37.500000000000014,37.49954065262419,2.8557043153727073,0.5597121413854784,inf,0,0,0,0,-1,inf,0,-1,0,0,6080,27,0,0,1395,4658,1.9201337927204647,4.433619742590105,False
following_lateral_offset,P4,9019,40,4.0,1.0,16.14830326217887,2.2236557243581387,0.06358435747514253,0.002366743529741637,997633256.4702584,37.360000000000014,37.356891961255386,2.907518193104924,0.6061746683804183,inf,0,0,0,0,-1,inf,0,-1,0,0,6080,166,0,0,1206,4708,1.9201337927204647,4.433619742590105,False
lane_choice,P0,9000,40,4.0,1.0,-1.4841772517946126,-13.800125353527465,0.7112488585418857,0.27149979741639463,728500202.5836054,12.99999999999999,12.882786325056207,16.782438462261936,inf,1.5013499953110632,0,0,0,0,-1,inf,0,-1,0,0,6080,1879,0,1762,0,2439,2.029125558473347,4.66962881291847,False
lane_choice,P1,9000,40,4.0,1.0,11.415283391778743,7.917465961148334,0.1974985300149305,9.757018575009285e-05,999902429.81425,12.999999999999991,12.91210617836171,16.755131274768452,6.1060366622275195,1.5001885304115121,0,0,0,0,-1,inf,0,-1,0,0,6080,1784,0,1780,0,2516,2.029125558473347,4.66962881291847,False
lane_choice,P2,9000,40,4.0,1.0,12.07815978933448,8.783780876789407,0.14867584991876967,1.6790858746630924e-05,999983209.1412532,12.99999999999999,12.905382024182275,16.74847084715829,6.1060366622275195,1.502980198132632,0,0,0,0,-1,inf,0,-1,0,0,6080,1651,0,1763,0,2666,2.029125558473347,4.66962881291847,False
lane_choice,P3,9000,40,4.0,1.0,12.076728932495755,9.263228055490746,0.13843144961890505,8.189156185971114e-06,999991810.8438139,12.99999999999999,12.911716648644994,16.757163456939804,6.1060366622275195,1.5028868179940864,0,0,0,0,-1,inf,0,-1,0,0,6080,1729,0,1751,0,2600,2.029125558473347,4.66962881291847,False
lane_choice,P4,9000,40,4.0,1.0,12.011930681626641,8.339167020023577,0.15681014940403565,3.197086409443261e-05,999968029.1359055,12.99999999999999,12.903358507552323,16.74847084715829,6.1060366622275195,1.508038196389593,0,0,0,0,-1,inf,0,-1,0,0,6080,1616,0,1788,0,2676,2.029125558473347,4.66962881291847,False
lane_choice,P0,9001,40,4.0,1.0,-1.4841772517946126,-13.800125353527465,0.7112488585418857,0.27149979741639463,728500202.5836054,12.99999999999999,12.882786325056207,16.782438462261936,inf,1.5013499953110632,0,0,0,0,-1,inf,0,-1,0,0,6080,1879,0,1762,0,2439,1.9577667412643556,4.5736679661701585,False
lane_choice,P1,9001,40,4.0,1.0,11.435182525296545,8.012373056845629,0.19517708609454484,8.383575704004449e-05,999916164.24296,12.99999999999999,12.910819574708963,16.753017151880435,6.1060366622275195,1.501167547298801,0,0,0,0,-1,inf,0,-1,0,0,6080,1768,0,1784,0,2528,1.9577667412643556,4.5736679661701585,False
lane_choice,P2,9001,40,4.0,1.0,12.008701804632036,8.229738049872287,0.15881413145339823,3.7394747089857576e-05,999962605.2529103,12.999999999999991,12.904499009576284,16.74847084715829,6.1060366622275195,1.5001177930900464,0,0,0,0,-1,inf,0,-1,0,0,6080,1612,0,1861,0,2607,1.9577667412643556,4.5736679661701585,False
lane_choice,P3,9001,40,4.0,1.0,11.435182525296545,8.012373056845629,0.19517708609454484,8.383575704004449e-05,999916164.24296,12.99999999999999,12.910819574708963,16.753017151880435,6.1060366622275195,1.501167547298801,0,0,0,0,-1,inf,0,-1,0,0,6080,1768,0,1784,0,2528,1.9577667412643556,4.5736679661701585,False
lane_choice,P4,9001,40,4.0,1.0,12.011930681626641,8.339167020023577,0.15681014940403565,3.197086409443261e-05,999968029.1359055,12.99999999999999,12.903358507552323,16.74847084715829,6.1060366622275195,1.508038196389593,0,0,0,0,-1,inf,0,-1,0,0,6080,1616,0,1788,0,2676,1.9577667412643556,4.5736679661701585,False
lane_choice,P0,9002,40,4.0,1.0,-1.4841772517946126,-13.800125353527465,0.7112488585418857,0.27149979741639463,728500202.5836054,12.99999999999999,12.882786325056207,16.782438462261936,inf,1.5013499953110632,0,0,0,0,-1,inf,0,-1,0,0,6080,1879,0,1762,0,2439,1.8498662915709285,4.259405347310816,False
lane_choice,P1,9002,40,4.0,1.0,11.415283391778743,7.917465961148334,0.1974985300149305,9.757018575009285e-05,999902429.81425,12.999999999999991,12.91210617836171,16.755131274768452,6.1060366622275195,1.5001885304115121,0,0,0,0,-1,inf,0,-1,0,0,6080,1784,0,1780,0,2516,1.8498662915709285,4.259405347310816,False
lane_choice,P2,9002,40,4.0,1.0,11.028111337726806,7.23980144955763,0.24191058486635467,0.00019969995777805268,999800300.0422218,12.99999999999999,12.897486192459832,16.743070553705927,6.1060366622275195,1.504848049346676,0,0,0,0,-1,inf,0,-1,0,0,6080,1594,0,1882,0,2604,1.8498662915709285,4.259405347310816,False
lane_choice,P3,9002,40,4.0,1.0,11.957187492873938,8.479828962353654,0.15821367999825334,2.6711618496039258e-05,999973288.381504,12.999999999999991,12.900504861170035,16.746449236149434,6.1060366622275195,1.5099068651872138,0,0,0,0,-1,inf,0,-1,0,0,6080,1576,0,1824,0,2680,1.8498662915709285,4.259405347310816,False
lane_choice,P4,9002,40,4.0,1.0,12.011930681626641,8.339167020023577,0.15681014940403565,3.197086409443261e-05,999968029.1359055,12.99999999999999,12.903358507552323,16.74847084715829,6.1060366622275195,1.508038196389593,0,0,0,0,-1,inf,0,-1,0,0,6080,1616,0,1788,0,2676,1.8498662915709285,4.259405347310816,False
lane_choice,P0,9003,40,4.0,1.0,-1.4841772517946126,-13.800125353527465,0.7112488585418857,0.27149979741639463,728500202.5836054,12.99999999999999,12.882786325056207,16.782438462261936,inf,1.5013499953110632,0,0,0,0,-1,inf,0,-1,0,0,6080,1879,0,1762,0,2439,1.9381424965602363,4.4720647876721955,False
lane_choice,P1,9003,40,4.0,1.0,11.415283391778743,7.917465961148334,0.1974985300149305,9.757018575009285e-05,999902429.81425,12.999999999999991,12.91210617836171,16.755131274768452,6.1060366622275195,1.5001885304115121,0,0,0,0,-1,inf,0,-1,0,0,6080,1784,0,1780,0,2516,1.9381424965602363,4.4720647876721955,False
lane_choice,P2,9003,40,4.0,1.0,10.770105304555937,7.155063173351711,0.2733025459464627,0.0004579120371930109,999542087.962807,12.999999999999988,12.911372753138188,16.753017151880435,6.1060366622275195,1.5017602450667762,0,0,0,0,-1,inf,0,-1,0,0,6080,1835,0,1728,0,2517,1.9381424965602363,4.4720647876721955,False
lane_choice,P3,9003,40,4.0,1.0,11.761369247674176,8.763759785661756,0.16494697501400696,2.2891689134287736e-05,999977108.3108658,12.99999999999999,12.909748525722138,16.7508040885184,6.1060366622275195,1.500368498496405,0,0,0,0,-1,inf,0,-1,0,0,6080,1706,0,1817,0,2557,1.9381424965602363,4.4720647876721955,False
lane_choice,P4,9003,40,4.0,1.0,12.011930681626641,8.339167020023577,0.15681014940403565,3.197086409443261e-05,999968029.1359055,12.99999999999999,12.903358507552323,16.74847084715829,6.1060366622275195,1.508038196389593,0,0,0,0,-1,inf,0,-1,0,0,6080,1616,0,1788,0,2676,1.9381424965602363,4.4720647876721955,False
lane_choice,P0,9004,40,4.0,1.0,-1.4841772517946126,-13.800125353527465,0.7112488585418857,0.27149979741639463,728500202.5836054,12.99999999999999,12.882786325056207,16.782438462261936,inf,1.5013499953110632,0,0,0,0,-1,inf,0,-1,0,0,6080,1879,0,1762,0,2439,1.9527272637700872,4.528901061361135,False
lane_choice,P1,9004,40,4.0,1.0,11.415283391778743,7.917465961148334,0.1974985300149305,9.757018575009285e-05,999902429.81425,12.999999999999991,12.91210617836171,16.755131274768452,6.1060366622275195,1.5001885304115121,0,0,0,0,-1,inf,0,-1,0,0,6080,1784,0,1780,0,2516,1.9527272637700872,4.528901061361135,False
lane_choice,P2,9004,40,4.0,1.0,11.272316043486196,7.844264988462617,0.21469494542599654,0.00012119080085557692,999878809.1991444,12.99999999999999,12.911082833631983,16.753017151880435,6.1060366622275195,1.5010204144252062,0,0,0,0,-1,inf,0,-1,0,0,6080,1786,0,1785,0,2509,1.9527272637700872,4.528901061361135,False
lane_choice,P3,9004,40,4.0,1.0,11.946263706406146,9.238320755861485,0.15402062385469292,1.3564703045248826e-05,999986435.2969548,12.99999999999999,12.906029403435662,16.747476673586238,6.1060366622275195,1.5003194677257392,0,0,0,0,-1,inf,0,-1,0,0,6080,1653,0,1877,0,2550,1.9527272637700872,4.528901061361135,False
lane_choice,P4,9004,40,4.0,1.0,12.011930681626641,8.339167020023577,0.15681014940403565,3.197086409443261e-05,999968029.1359055,12.99999999999999,12.903358507552323,16.74847084715829,6.1060366622275195,1.508038196389593,0,0,0,0,-1,inf,0,-1,0,0,6080,1616,0,1788,0,2676,1.9527272637700872,4.528901061361135,False
lane_choice,P0,9005,40,4.0,1.0,-1.4841772517946126,-13.800125353527465,0.7112488585418857,0.27149979741639463,728500202.5836054,12.99999999999999,12.882786325056207,16.782438462261936,inf,1.5013499953110632,0,0,0,0,-1,inf,0,-1,0,0,6080,1879,0,1762,0,2439,1.758726241371972,4.242788529118885,False
lane_choice,P1,9005,40,4.0,1.0,11.415283391778743,7.917465961148334,0.1974985300149305,9.757018575009285e-05,999902429.81425,12.999999999999991,12.91210617836171,16.755131274768452,6.1060366622275195,1.5001885304115121,0,0,0,0,-1,inf,0,-1,0,0,6080,1784,0,1780,0,2516,1.758726241371972,4.242788529118885,False
lane_choice,P2,9005,40,4.0,1.0,12.008701804632036,8.229738049872287,0.15881413145339823,3.7394747089857576e-05,999962605.2529103,12.999999999999991,12.904499009576284,16.74847084715829,6.1060366622275195,1.5001177930900464,0,0,0,0,-1,inf,0,-1,0,0,6080,1612,0,1861,0,2607,1.758726241371972,4.242788529118885,False
lane_choice,P3,9005,40,4.0,1.0,11.415283391778743,7.917465961148334,0.1974985300149305,9.757018575009285e-05,999902429.81425,12.999999999999991,12.91210617836171,16.755131274768452,6.1060366622275195,1.5001885304115121,0,0,0,0,-1,inf,0,-1,0,0,6080,1784,0,1780,0,2516,1.758726241371972,4.242788529118885,False
lane_choice,P4,9005,40,4.0,1.0,12.011930681626641,8.339167020023577,0.15681014940403565,3.197086409443261e-05,999968029.1359055,12.99999999999999,12.903358507552323,16.74847084715829,6.1060366622275195,1.508038196389593,0,0,0,0,-1,inf,0,-1,0,0,6080,1616,0,1788,0,2676,1.758726241371972,4.242788529118885,False
lane_choice,P0,9006,40,4.0,1.0,-1.4841772517946126,-13.800125353527465,0.7112488585418857,0.27149979741639463,728500202.5836054,12.99999999999999,12.882786325056207,16.782438462261936,inf,1.5013499953110632,0,0,0,0,-1,inf,0,-1,0,0,6080,1879,0,1762,0,2439,1.9412977003763452,4.5573602831183795,False
lane_choice,P1,9006,40,4.0,1.0,11.43164033473314,7.97072833400294,0.19631392238432374,8.974218320885683e-05,999910257.8167912,12.99999999999999,12.911978679206724,16.755131274768452,6.1060366622275195,1.5002839596935633,0,0,0,0,-1,inf,0,-1,0,0,6080,1777,0,1784,0,2519,1.9412977003763452,4.5573602831183795,False
lane_choice,P2,9006,40,4.0,1.0,3.6528413593923803,-9.323983547960253,0.6022828479467119,0.18828540351882672,811714596.4811733,12.999999999999991,12.8907238293399,16.747476673586238,6.1060366622275195,1.5033409140563228,0,0,0,0,-1,inf,0,-1,0,0,6080,2002,0,1697,0,2381,1.9412977003763452,4.5573602831183795,False
lane_choice,P3,9006,40,4.0,1.0,11.745317892373032,8.685339274074892,0.16510820070869775,2.5949230389124718e-05,999974050.769611,12.999999999999996,12.910190221619104,16.75414086214862,6.1060366622275195,1.5000540543503091,0,0,0,0,-1,inf,0,-1,0,0,6080,1704,0,1816,0,2560,1.9412977003763452,4.5573602831183795,False
lane_choice,P4,9006,40,4.0,1.0,12.011930681626641,8.339167020023577,0.15681014940403565,3.197086409443261e-05,999968029.1359055,12.99999999999999,12.903358507552323,16.74847084715829,6.1060366622275195,1.508038196389593,0,0,0,0,-1,inf,0,-1,0,0,6080,1616,0,1788,0,2676,1.9412977003763452,4.5573602831183795,False
lane_choice,P0,9007,40,4.0,1.0,-1.4841772517946126,-13.800125353527465,0.7112488585418857,0.27149979741639463,728500202.5836054,12.99999999999999,12.882786325056207,16.782438462261936,inf,1.5013499953110632,0,0,0,0,-1,inf,0,-1,0,0,6080,1879,0,1762,0,2439,1.919373541678981,4.460609253518941,False
lane_choice,P1,9007,40,4.0,1.0,11.761369247674176,8.763759785661756,0.16494697501400696,2.2891689134287736e-05,999977108.3108658,12.99999999999999,12.909748525722138,16.7508040885184,6.1060366622275195,1.500368498496405,0,0,0,0,-1,inf,0,-1,0,0,6080,1706,0,1817,0,2557,1.919373541678981,4.460609253518941,False
lane_choice,P2,9007,40,4.0,1.0,12.003801535674015,8.30317609867053,0.15770970069748805,3.362030996009834e-05,999966379.6900399,12.999999999999993,12.90378423508218,16.747476673586238,6.1060366622275195,1.5006896560409806,0,0,0,0,-1,inf,0,-1,0,0,6080,1603,0,1869,0,2608,1.919373541678981,4.460609253518941,False
lane_choice,P3,9007,40,4.0,1.0,11.967059743362135,8.4329418123197,0.1586427196786054,2.8490085230152824e-05,999971509.9147699,12.999999999999993,12.90133401449049,16.747476673586238,6.1060366622275195,1.5092503614896562,0,0,0,0,-1,inf,0,-1,0,0,6080,1585,0,1817,0,2678,1.919373541678981,4.460609253518941,False
lane_choice,P4,9007,40,4.0,1.0,12.011930681626641,8.339167020023577,0.15681014940403565,3.197086409443261e-05,999968029.1359055,12.99999999999999,12.903358507552323,16.74847084715829,6.1060366622275195,1.508038196389593,0,0,0,0,-1,inf,0,-1,0,0,6080,1616,0,1788,0,2676,1.919373541678981,4.460609253518941,False
lane_choice,P0,9008,40,4.0,1.0,-1.4841772517946126,-13.800125353527465,0.7112488585418857,0.27149979741639463,728500202.5836054,12.99999999999999,12.882786325056207,16.782438462261936,inf,1.5013499953110632,0,0,0,0,-1,inf,0,-1,0,0,6080,1879,0,1762,0,2439,1.9017855362211904,4.534932778662671,False
lane_choice,P1,9008,40,4.0,1.0,11.415283391778743,7.917465961148334,0.1974985300149305,9.757018575009285e-05,999902429.81425,12.999999999999991,12.91210617836171,16.755131274768452,6.1060366622275195,1.5001885304115121,0,0,0,0,-1,inf,0,-1,0,0,6080,1784,0,1780,0,2516,1.9017855362211904,4.534932778662671,False
lane_choice,P2,9008,40,4.0,1.0,12.003801535674015,8.30317609867053,0.15770970069748805,3.362030996009834e-05,999966379.6900399,12.999999999999993,12.90378423508218,16.747476673586238,6.1060366622275195,1.5006896560409806,0,0,0,0,-1,inf,0,-1,0,0,6080,1603,0,1869,0,2608,1.9017855362211904,4.534932778662671,False
lane_choice,P3,9008,40,4.0,1.0,12.023936119321124,9.136985536205104,0.14269111116874683,1.0637499126205956e-05,999989362.5008739,12.99999999999999,12.911716648644994,16.757163456939804,6.1060366622275195,1.5028868179940864,0,0,0,0,-1,inf,0,-1,0,0,6080,1729,0,1751,0,2600,1.9017855362211904,4.534932778662671,False
lane_choice,P4,9008,40,4.0,1.0,12.011930681626641,8.339167020023577,0.15681014940403565,3.197086409443261e-05,999968029.1359055,12.99999999999999,12.903358507552323,16.74847084715829,6.1060366622275195,1.508038196389593,0,0,0,0,-1,inf,0,-1,0,0,6080,1616,0,1788,0,2676,1.9017855362211904,4.534932778662671,False
lane_choice,P0,9009,40,4.0,1.0,-1.4841772517946126,-13.800125353527465,0.7112488585418857,0.27149979741639463,728500202.5836054,12.99999999999999,12.882786325056207,16.782438462261936,inf,1.5013499953110632,0,0,0,0,-1,inf,0,-1,0,0,6080,1879,0,1762,0,2439,1.7500594111147367,4.220654627067576,False
lane_choice,P1,9009,40,4.0,1.0,11.415283391778743,7.917465961148334,0.1974985300149305,9.757018575009285e-05,999902429.81425,12.999999999999991,12.91210617836171,16.755131274768452,6.1060366622275195,1.5001885304115121,0,0,0,0,-1,inf,0,-1,0,0,6080,1784,0,1780,0,2516,1.7500594111147367,4.220654627067576,False
lane_choice,P2,9009,40,4.0,1.0,11.716477214786526,7.746483206623606,0.18069851313027172,7.952567790053056e-05,999920474.3220994,12.999999999999993,12.901956790544096,16.746449236149434,6.1060366622275195,1.51015467471698,0,0,0,0,-1,inf,0,-1,0,0,6080,1634,0,1817,0,2629,1.7500594111147367,4.220654627067576,False
lane_choice,P3,9009,40,4.0,1.0,11.745317892373032,8.685339274074892,0.16510820070869775,2.5949230389124718e-05,999974050.769611,12.999999999999996,12.910190221619104,16.75414086214862,6.1060366622275195,1.5000540543503091,0,0,0,0,-1,inf,0,-1,0,0,6080,1704,0,1816,0,2560,1.7500594111147367,4.220654627067576,False
lane_choice,P4,9009,40,4.0,1.0,12.011930681626641,8.339167020023577,0.15681014940403565,3.197086409443261e-05,999968029.1359055,12.99999999999999,12.903358507552323,16.74847084715829,6.1060366622275195,1.508038196389593,0,0,0,0,-1,inf,0,-1,0,0,6080,1616,0,1788,0,2676,1.7500594111147367,4.220654627067576,False
lane_choice,P0,9010,40,4.0,1.0,-1.4841772517946126,-13.800125353527465,0.7112488585418857,0.27149979741639463,728500202.5836054,12.99999999999999,12.882786325056207,16.782438462261936,inf,1.5013499953110632,0,0,0,0,-1,inf,0,-1,0,0,6080,1879,0,1762,0,2439,1.7713305110539124,4.268821640627037,False
lane_choice,P1,9010,40,4.0,1.0,11.415283391778743,7.917465961148334,0.1974985300149305,9.757018575009285e-05,999902429.81425,12.999999999999991,12.91210617836171,16.755131274768452,6.1060366622275195,1.5001885304115121,0,0,0,0,-1,inf,0,-1,0,0,6080,1784,0,1780,0,2516,1.7713305110539124,4.268821640627037,False
lane_choice,P2,9010,40,4.0,1.0,12.014251034487225,8.229738049872287,0.1584477921853936,3.731306736108154e-05,999962686.9326389,12.999999999999991,12.904499009576284,16.74847084715829,6.1060366622275195,1.5001177930900464,0,0,0,0,-1,inf,0,-1,0,0,6080,1597,0,1876,0,2607,1.7713305110539124,4.268821640627037,False
lane_choice,P3,9010,40,4.0,1.0,11.415283391778743,7.917465961148334,0.1974985300149305,9.757018575009285e-05,999902429.81425,12.999999999999991,12.91210617836171,16.755131274768452,6.1060366622275195,1.5001885304115121,0,0,0,0,-1,inf,0,-1,0,0,6080,1784,0,1780,0,2516,1.7713305110539124,4.268821640627037,False
lane_choice,P4,9010,40,4.0,1.0,12.011930681626641,8.339167020023577,0.15681014940403565,3.197086409443261e-05,999968029.1359055,12.99999999999999,12.903358507552323,16.74847084715829,6.1060366622275195,1.508038196389593,0,0,0,0,-1,inf,0,-1,0,0,6080,1616,0,1788,0,2676,1.7713305110539124,4.268821640627037,False
lane_choice,P0,9011,40,4.0,1.0,-1.4841772517946126,-13.800125353527465,0.7112488585418857,0.27149979741639463,728500202.5836054,12.99999999999999,12.882786325056207,16.782438462261936,inf,1.5013499953110632,0,0,0,0,-1,inf,0,-1,0,0,6080,1879,0,1762,0,2439,1.7436137995682202,4.189080685436053,False
lane_choice,P1,9011,40,4.0,1.0,11.415283391778743,7.917465961148334,0.1974985300149305,9.757018575009285e-05,999902429.81425,12.999999999999991,12.91210617836171,16.755131274768452,6.1060366622275195,1.5001885304115121,0,0,0,0,-1,inf,0,-1,0,0,6080,1784,0,1780,0,2516,1.7436137995682202,4.189080685436053,False
lane_choice,P2,9011,40,4.0,1.0,12.011930681626641,8.339167020023577,0.15681014940403565,3.197086409443261e-05,999968029.1359055,12.99999999999999,12.903358507552323,16.74847084715829,6.1060366622275195,1.508038196389593,0,0,0,0,-1,inf,0,-1,0,0,6080,1616,0,1788,0,2676,1.7436137995682202,4.189080685436053,False
lane_choice,P3,9011,40,4.0,1.0,11.745317892373032,8.685339274074892,0.16510820070869775,2.5949230389124718e-05,999974050.769611,12.999999999999996,12.910190221619104,16.75414086214862,6.1060366622275195,1.5000540543503091,0,0,0,0,-1,inf,0,-1,0,0,6080,1704,0,1816,0,2560,1.7436137995682202,4.189080685436053,False
lane_choice,P4,9011,40,4.0,1.0,12.011930681626641,8.339167020023577,0.15681014940403565,3.197086409443261e-05,999968029.1359055,12.99999999999999,12.903358507552323,16.74847084715829,6.1060366622275195,1.508038196389593,0,0,0,0,-1,inf,0,-1,0,0,6080,1616,0,1788,0,2676,1.7436137995682202,4.189080685436053,False
lane_choice,P0,9012,40,4.0,1.0,-1.4841772517946126,-13.800125353527465,0.7112488585418857,0.27149979741639463,728500202.5836054,12.99999999999999,12.882786325056207,16.782438462261936,inf,1.5013499953110632,0,0,0,0,-1,inf,0,-1,0,0,6080,1879,0,1762,0,2439,1.9271662141782415,4.464680301858925,False
lane_choice,P1,9012,40,4.0,1.0,11.415283391778743,7.917465961148334,0.1974985300149305,9.757018575009285e-05,999902429.81425,12.999999999999991,12.91210617836171,16.755131274768452,6.1060366622275195,1.5001885304115121,0,0,0,0,-1,inf,0,-1,0,0,6080,1784,0,1780,0,2516,1.9271662141782415,4.464680301858925,False
lane_choice,P2,9012,40,4.0,1.0,12.003801535674015,8.30317609867053,0.15770970069748805,3.362030996009834e-05,999966379.6900399,12.999999999999993,12.90378423508218,16.747476673586238,6.1060366622275195,1.5006896560409806,0,0,0,0,-1,inf,0,-1,0,0,6080,1603,0,1869,0,2608,1.9271662141782415,4.464680301858925,False
lane_choice,P3,9012,40,4.0,1.0,12.09113893437139,9.006803560801242,0.14705775191847859,1.3226576274694849e-05,999986773.4237254,12.999999999999991,12.902048996397474,16.74847084715829,6.1060366622275195,1.502900537386866,0,0,0,0,-1,inf,0,-1,0,0,6080,1599,0,1824,0,2657,1.9271662141782415,4.464680301858925,False
lane_choice,P4,9012,40,4.0,1.0,12.011930681626641,8.339167020023577,0.15681014940403565,3.197086409443261e-05,999968029.1359055,12.99999999999999,12.903358507552323,16.74847084715829,6.1060366622275195,1.508038196389593,0,0,0,0,-1,inf,0,-1,0,0,6080,1616,0,1788,0,2676,1.9271662141782415,4.464680301858925,False
lane_choice,P0,9013,40,4.0,1.0,-1.4841772517946126,-13.800125353527465,0.7112488585418857,0.27149979741639463,728500202.5836054,12.99999999999999,12.882786325056207,16.782438462261936,inf,1.5013499953110632,0,0,0,0,-1,inf,0,-1,0,0,6080,1879,0,1762,0,2439,2.0373201874958418,4.768205476191905,False
lane_choice,P1,9013,40,4.0,1.0,11.745317892373032,8.685339274074892,0.16510820070869775,2.5949230389124718e-05,999974050.769611,12.999999999999996,12.910190221619104,16.75414086214862,6.1060366622275195,1.5000540543503091,0,0,0,0,-1,inf,0,-1,0,0,6080,1704,0,1816,0,2560,2.0373201874958418,4.768205476191905,False
lane_choice,P2,9013,40,4.0,1.0,12.004846002929833,8.39448333904421,0.15610001630200873,2.9520593791208435e-05,999970479.4062088,12.999999999999993,12.902589135019047,16.747476673586238,6.1060366622275195,1.5086487573915592,0,0,0,0,-1,inf,0,-1,0,0,6080,1608,0,1796,0,2676,2.0373201874958418,4.768205476191905,False
lane_choice,P3,9013,40,4.0,1.0,12.148535119881036,9.396533745662039,0.13270908330728692,6.12299878901973e-06,999993877.0012109,12.999999999999988,12.909309920487678,16.75414086214862,6.1060366622275195,1.5000811382163608,0,0,0,0,-1,inf,0,-1,0,0,6080,1697,0,1792,0,2591,2.0373201874958418,4.768205476191905,False
lane_choice,P4,9013,40,4.0,1.0,12.011930681626641,8.339167020023577,0.15681014940403565,3.197086409443261e-05,999968029.1359055,12.99999999999999,12.903358507552323,16.74847084715829,6.1060366622275195,1.508038196389593,0,0,0,0,-1,inf,0,-1,0,0,6080,1616,0,1788,0,2676,2.0373201874958418,4.768205476191905,False
lane_choice,P0,9014,40,4.0,1.0,-1.4841772517946126,-13.800125353527465,0.7112488585418857,0.27149979741639463,728500202.5836054,12.99999999999999,12.882786325056207,16.782438462261936,inf,1.5013499953110632,0,0,0,0,-1,inf,0,-1,0,0,6080,1879,0,1762,0,2439,1.7642691193038558,4.258177711704969,False
lane_choice,P1,9014,40,4.0,1.0,11.43164033473314,7.97072833400294,0.19631392238432374,8.974218320885683e-05,999910257.8167912,12.99999999999999,12.911978679206724,16.755131274768452,6.1060366622275195,1.5002839596935633,0,0,0,0,-1,inf,0,-1,0,0,6080,1777,0,1784,0,2519,1.7642691193038558,4.258177711704969,False
lane_choice,P2,9014,40,4.0,1.0,11.01269869819661,6.852514500971516,0.2512075756008333,0.00031252468418453667,999687475.3158153,12.99999999999999,12.902811185911144,16.74847084715829,6.1060366622275195,1.508949992395216,0,0,0,0,-1,inf,0,-1,0,0,6080,1698,0,1785,0,2597,1.7642691193038558,4.258177711704969,False
lane_choice,P3,9014,40,4.0,1.0,11.415283391778743,7.917465961148334,0.1974985300149305,9.757018575009285e-05,999902429.81425,12.999999999999991,12.91210617836171,16.755131274768452,6.1060366622275195,1.5001885304115121,0,0,0,0,-1,inf,0,-1,0,0,6080,1784,0,1780,0,2516,1.7642691193038558,4.258177711704969,False
lane_choice,P4,9014,40,4.0,1.0,12.011930681626641,8.339167020023577,0.15681014940403565,3.197086409443261e-05,999968029.1359055,12.99999999999999,12.903358507552323,16.74847084715829,6.1060366622275195,1.508038196389593,0,0,0,0,-1,inf,0,-1,0,0,6080,1616,0,1788,0,2676,1.7642691193038558,4.258177711704969,False
lane_choice,P0,9015,40,4.0,1.0,-1.4841772517946126,-13.800125353527465,0.7112488585418857,0.27149979741639463,728500202.5836054,12.99999999999999,12.882786325056207,16.782438462261936,inf,1.5013499953110632,0,0,0,0,-1,inf,0,-1,0,0,6080,1879,0,1762,0,2439,1.9980412422365326,4.660037518418148,False
lane_choice,P1,9015,40,4.0,1.0,11.415283391778743,7.917465961148334,0.1974985300149305,9.757018575009285e-05,999902429.81425,12.999999999999991,12.91210617836171,16.755131274768452,6.1060366622275195,1.5001885304115121,0,0,0,0,-1,inf,0,-1,0,0,6080,1784,0,1780,0,2516,1.9980412422365326,4.660037518418148,False
lane_choice,P2,9015,40,4.0,1.0,11.507890071768447,7.586935738170933,0.193672601716863,0.00011453171076863226,999885468.2892313,12.999999999999995,12.911064964602275,16.757163456939804,6.1060366622275195,1.509690408012185,0,0,0,0,-1,inf,0,-1,0,0,6080,1763,0,1741,0,2576,1.9980412422365326,4.660037518418148,False
lane_choice,P3,9015,40,4.0,1.0,11.774323011411733,8.879290723098984,0.16411768005911043,1.9645857822031818e-05,999980354.1421779,12.999999999999986,12.907490514004136,16.74981122510734,6.1060366622275195,1.5021093107878127,0,0,0,0,-1,inf,0,-1,0,0,6080,1685,0,1833,0,2562,1.9980412422365326,4.660037518418148,False
lane_choice,P4,9015,40,4.0,1.0,12.011930681626641,8.339167020023577,0.15681014940403565,3.197086409443261e-05,999968029.1359055,12.99999999999999,12.903358507552323,16.74847084715829,6.1060366622275195,1.508038196389593,0,0,0,0,-1,inf,0,-1,0,0,6080,1616,0,1788,0,2676,1.9980412422365326,4.660037518418148,False
lane_choice,P0,9016,40,4.0,1.0,-1.4841772517946126,-13.800125353527465,0.7112488585418857,0.27149979741639463,728500202.5836054,12.99999999999999,12.882786325056207,16.782438462261936,inf,1.5013499953110632,0,0,0,0,-1,inf,0,-1,0,0,6080,1879,0,1762,0,2439,1.9299018766507394,4.486875731446117,False
lane_choice,P1,9016,40,4.0,1.0,11.435182525296545,8.012373056845629,0.19517708609454484,8.383575704004449e-05,999916164.24296,12.99999999999999,12.910819574708963,16.753017151880435,6.1060366622275195,1.501167547298801,0,0,0,0,-1,inf,0,-1,0,0,6080,1768,0,1784,0,2528,1.9299018766507394,4.486875731446117,False
lane_choice,P2,9016,40,4.0,1.0,10.377378381691624,6.359241483953542,0.32074078480850243,0.0010118365022896841,998988163.4977102,12.999999999999993,12.908228620119699,16.74847084715829,6.1060366622275195,1.5054522843923368,0,0,0,0,-1,inf,0,-1,0,0,6080,1834,0,1711,0,2535,1.9299018766507394,4.486875731446117,False
lane_choice,P3,9016,40,4.0,1.0,12.217394029583092,9.563958712468255,0.13327248817366621,5.690294279877467e-06,999994309.7057202,12.999999999999991,12.906959667058455,16.7508040885184,6.1060366622275195,1.5003354388882966,0,0,0,0,-1,inf,0,-1,0,0,6080,1668,0,1821,0,2591,1.9299018766507394,4.486875731446117,False
lane_choice,P4,9016,40,4.0,1.0,12.011930681626641,8.339167020023577,0.15681014940403565,3.197086409443261e-05,999968029.1359055,12.99999999999999,12.903358507552323,16.74847084715829,6.1060366622275195,1.508038196389593,0,0,0,0,-1,inf,0,-1,0,0,6080,1616,0,1788,0,2676,1.9299018766507394,4.486875731446117,False
lane_choice,P0,9017,40,4.0,1.0,-1.4841772517946126,-13.800125353527465,0.7112488585418857,0.27149979741639463,728500202.5836054,12.99999999999999,12.882786325056207,16.782438462261936,inf,1.5013499953110632,0,0,0,0,-1,inf,0,-1,0,0,6080,1879,0,1762,0,2439,1.8993400315457243,4.5334260532590545,False
lane_choice,P1,9017,40,4.0,1.0,11.415283391778743,7.917465961148334,0.1974985300149305,9.757018575009285e-05,999902429.81425,12.999999999999991,12.91210617836171,16.755131274768452,6.1060366622275195,1.5001885304115121,0,0,0,0,-1,inf,0,-1,0,0,6080,1784,0,1780,0,2516,1.8993400315457243,4.5334260532590545,False
lane_choice,P2,9017,40,4.0,1.0,11.710265089585121,7.57851716733349,0.18461764915124,9.98620855735829e-05,999900137.9144264,12.999999999999995,12.903315582714269,16.74847084715829,6.1060366622275195,1.5090698357111858,0,0,0,0,-1,inf,0,-1,0,0,6080,1649,0,1801,0,2630,1.8993400315457243,4.5334260532590545,False
lane_choice,P3,9017,40,4.0,1.0,12.06103769144737,8.820796964255665,0.149943528783212,1.6485141721720045e-05,999983514.8582783,12.999999999999988,12.905142032963575,16.74847084715829,6.1060366622275195,1.5011711343190912,0,0,0,0,-1,inf,0,-1,0,0,6080,1641,0,1855,0,2584,1.8993400315457243,4.5334260532590545,False
lane_choice,P4,9017,40,4.0,1.0,12.011930681626641,8.339167020023577,0.15681014940403565,3.197086409443261e-05,999968029.1359055,12.99999999999999,12.903358507552323,16.74847084715829,6.1060366622275195,1.508038196389593,0,0,0,0,-1,inf,0,-1,0,0,6080,1616,0,1788,0,2676,1.8993400315457243,4.5334260532590545,False
lane_choice,P0,9018,40,4.0,1.0,-1.4841772517946126,-13.800125353527465,0.7112488585418857,0.27149979741639463,728500202.5836054,12.99999999999999,12.882786325056207,16.782438462261936,inf,1.5013499953110632,0,0,0,0,-1,inf,0,-1,0,0,6080,1879,0,1762,0,2439,1.9219556957696475,4.52666371183305,False
lane_choice,P1,9018,40,4.0,1.0,11.435182525296545,8.012373056845629,0.19517708609454484,8.383575704004449e-05,999916164.24296,12.99999999999999,12.910819574708963,16.753017151880435,6.1060366622275195,1.501167547298801,0,0,0,0,-1,inf,0,-1,0,0,6080,1768,0,1784,0,2528,1.9219556957696475,4.52666371183305,False
lane_choice,P2,9018,40,4.0,1.0,11.781337647654865,8.844884109477269,0.16482138816439776,2.1245657122117595e-05,999978754.342878,12.999999999999993,12.909531264591376,16.7508040885184,6.1060366622275195,1.5005320806178246,0,0,0,0,-1,inf,0,-1,0,0,6080,1709,0,1822,0,2549,1.9219556957696475,4.52666371183305,False
lane_choice,P3,9018,40,4.0,1.0,11.435182525296545,8.012373056845629,0.19517708609454484,8.383575704004449e-05,999916164.24296,12.99999999999999,12.910819574708963,16.753017151880435,6.1060366622275195,1.501167547298801,0,0,0,0,-1,inf,0,-1,0,0,6080,1768,0,1784,0,2528,1.9219556957696475,4.52666371183305,False
lane_choice,P4,9018,40,4.0,1.0,12.011930681626641,8.339167020023577,0.15681014940403565,3.197086409443261e-05,999968029.1359055,12.99999999999999,12.903358507552323,16.74847084715829,6.1060366622275195,1.508038196389593,0,0,0,0,-1,inf,0,-1,0,0,6080,1616,0,1788,0,2676,1.9219556957696475,4.52666371183305,False
lane_choice,P0,9019,40,4.0,1.0,-1.4841772517946126,-13.800125353527465,0.7112488585418857,0.27149979741639463,728500202.5836054,12.99999999999999,12.882786325056207,16.782438462261936,inf,1.5013499953110632,0,0,0,0,-1,inf,0,-1,0,0,6080,1879,0,1762,0,2439,1.9161500471131703,4.4972553711419705,False
lane_choice,P1,9019,40,4.0,1.0,11.43164033473314,7.97072833400294,0.19631392238432374,8.974218320885683e-05,999910257.8167912,12.99999999999999,12.911978679206724,16.755131274768452,6.1060366622275195,1.5002839596935633,0,0,0,0,-1,inf,0,-1,0,0,6080,1777,0,1784,0,2519,1.9161500471131703,4.4972553711419705,False
lane_choice,P2,9019,40,4.0,1.0,6.22114497142759,-1.1398083544380668,0.5961647634082897,0.09343108099395504,906568919.006045,12.999999999999991,12.89533766925217,16.74847084715829,6.1060366622275195,1.5013019280306392,0,0,0,0,-1,inf,0,-1,0,0,6080,1996,0,1651,0,2433,1.9161500471131703,4.4972553711419705,False
lane_choice,P3,9019,40,4.0,1.0,4.6257594699021665,-4.70667090739293,0.6005005259340285,0.15813931424911634,841860685.7508837,12.999999999999991,12.894723046559127,16.74847084715829,6.1060366622275195,1.5013550789311432,0,0,0,0,-1,inf,0,-1,0,0,6080,2014,0,1684,0,2382,1.9161500471131703,4.4972553711419705,False
lane_choice,P4,9019,40,4.0,1.0,12.011930681626641,8.339167020023577,0.15681014940403565,3.197086409443261e-05,999968029.1359055,12.99999999999999,12.903358507552323,16.74847084715829,6.1060366622275195,1.508038196389593,0,0,0,0,-1,inf,0,-1,0,0,6080,1616,0,1788,0,2676,1.9161500471131703,4.4972553711419705,False
overtake,P0,9000,50,5.0,1.0,21.89829946374185,17.202168997219456,0.0028021497694034757,2.198531920033225e-25,1000000000.0,46.08999999999992,46.08999999999992,2.917529038611416,0.5829108659560237,inf,0,0,0,0,-1,inf,0,-1,0,0,7600,0,0,0,1544,6056,1.8026145351021226,4.0529100391618895,False
overtake,P1,9000,50,5.0,1.0,23.089386367623316,17.202168997219456,0.002392389753661423,2.1851098415832407e-25,1000000000.0,46.57999999999999,46.57999999999999,2.429048309758458,0.5387489602630438,inf,0,0,0,0,-1,inf,0,-1,0,0,7600,0,0,0,2035,5565,1.8026145351021226,4.0529100391618895,False
overtake,P2,9000,50,5.0,1.0,21.95295312668944,17.202168997219456,0.0027964858580817008,2.198531920033225e-25,1000000000.0,46.113999999999926,46.113999999999926,2.8935914865683445,0.6258133731701234,inf,0,0,0,0,-1,inf,0,-1,0,0,7600,0,0,0,1564,6036,1.8026145351021226,4.0529100391618895,False
overtake,P3,9000,50,5.0,1.0,21.89829946374185,17.202168997219456,0.0028021497694034757,2.198531920033225e-25,1000000000.0,46.08999999999992,46.08999999999992,2.917529038611416,0.5829108659560237,inf,0,0,0,0,-1,inf,0,-1,0,0,7600,0,0,0,1544,6056,1.8026145351021226,4.0529100391618895,False
overtake,P4,9000,50,5.0,1.0,21.89829946374185,17.202168997219456,0.0028021497694034757,2.198531920033225e-25,1000000000.0,46.08999999999992,46.08999999999992,2.917529038611416,0.5829108659560237,inf,0,0,0,0,-1,inf,0,-1,0,0,7600,0,0,0,1544,6056,1.8026145351021226,4.0529100391618895,False
overtake,P0,9001,50,5.0,1.0,21.87373218953604,17.202168997219456,0.0028007754062180563,2.198531920033225e-25,1000000000.0,45.91333333333326,45.91333333333326,3.093765796283216,0.8232493761578852,inf,0,0,0,0,-1,inf,0,-1,0,0,7600,0,0,0,1495,6105,1.6787658847738165,3.8153876236167967,False
overtake,P1,9001,50,5.0,1.0,23.17286818408229,17.202168997219456,0.0023915782903042456,2.1851098415832407e-25,1000000000.0,46.50666666666667,46.50666666666667,2.502116464565845,0.7109019589207101,inf,0,0,0,0,-1,inf,0,-1,0,0,7600,0,0,0,2193,5407,1.6787658847738165,3.8153876236167967,False
overtake,P2,9001,50,5.0,1.0,21.88198915997776,17.202168997219456,0.002800187511191711,2.198531920033225e-25,1000000000.0,45.916333333333256,45.916333333333256,3.0907726869266794,0.8804282854240107,inf,0,0,0,0,-1,inf,0,-1,0,0,7600,0,0,0,1502,6098,1.6787658847738165,3.8153876236167967,False
overtake,P3,9001,50,5.0,1.0,21.88198915997776,17.202168997219456,0.002800187511191711,2.198531920033225e-25,1000000000.0,45.916333333333256,45.916333333333256,3.0907726869266794,0.8804282854240107,inf,0,0,0,0,-1,inf,0,-1,0,0,7600,0,0,0,1502,6098,1.6787658847738165,3.8153876236167967,False
overtake,P4,9001,50,5.0,1.0,21.87373218953604,17.202168997219456,0.0028007754062180563,2.198531920033225e-25,1000000000.0,45.91333333333326,45.91333333333326,3.093765796283216,0.8232493761578852,inf,0,0,0,0,-1,inf,0,-1,0,0,7600,0,0,0,1495,6105,1.6787658847738165,3.8153876236167967,False
overtake,P0,9002,50,5.0,1.0,21.832990709451938,17.202168997219456,0.002806918768336018,2.198531920033225e-25,1000000000.0,45.927333333333245,45.927333333333245,3.0797980673390533,0.8224259449005671,inf,0,0,0,0,-1,inf,0,-1,0,0,7600,0,0,0,1461,6139,1.6481510573939013,3.7795771014469737,False
overtake,P1,9002,50,5.0,1.0,22.873577663993885,17.202168997219456,0.0024049033566612963,2.1851098415832407e-25,1000000000.0,46.371333333333325,46.371333333333325,2.636999077660981,0.7083275684490844,inf,0,0,0,0,-1,inf,0,-1,0,0,7600,0,0,0,2036,5564,1.6481510573939013,3.7795771014469737,False
overtake,P2,9002,50,5.0,1.0,21.833480251059854,17.202168997219456,0.0028065585059359167,2.198531920033225e-25,1000000000.0,45.88233333333325,45.88233333333325,3.124695366845437,0.8734315512328278,inf,0,0,0,0,-1,inf,0,-1,0,0,7600,0,0,0,1469,6131,1.6481510573939013,3.7795771014469737,False
overtake,P3,9002,50,5.0,1.0,21.833480251059854,17.202168997219456,0.0028065585059359167,2.198531920033225e-25,1000000000.0,45.88233333333325,45.88233333333325,3.124695366845437,0.8734315512328278,inf,0,0,0,0,-1,inf,0,-1,0,0,7600,0,0,0,1469,6131,1.6481510573939013,3.7795771014469737,False
overtake,P4,9002,50,5.0,1.0,21.832990709451938,17.202168997219456,0.002806918768336018,2.198531920033225e-25,1000000000.0,45.927333333333245,45.927333333333245,3.0797980673390533,0.8224259449005671,inf,0,0,0,0,-1,inf,0,-1,0,0,7600,0,0,0,1461,6139,1.6481510573939013,3.7795771014469737,False
overtake,P0,9003,50,5.0,1.0,21.8720295346924,17.202168997219456,0.0028001599725391902,2.198531920033225e-25,1000000000.0,45.87199999999992,45.87199999999992,3.135005532872449,0.9185477162988095,inf,0,0,0,0,-1,inf,0,-1,0,0,7600,0,0,0,1487,6113,1.7406826412036944,3.951445728676361,False
overtake,P1,9003,50,5.0,1.0,23.027055482614145,17.202168997219456,0.002395061482677566,2.1851098415832407e-25,1000000000.0,46.40333333333332,46.40333333333332,2.605101431598819,0.8856750459751171,inf,0,0,0,0,-1,inf,0,-1,0,0,7600,0,0,0,2088,5512,1.7406826412036944,3.951445728676361,False
overtake,P2,9003,50,5.0,1.0,21.93949818817085,17.202168997219456,0.002775961568060375,2.198254193701115e-25,1000000000.0,45.93966666666659,45.93966666666659,3.0674934070429494,0.910480879499026,inf,0,0,0,0,-1,inf,0,-1,0,0,7600,0,0,0,1516,6084,1.7406826412036944,3.951445728676361,False
overtake,P3,9003,50,5.0,1.0,21.851539800411842,17.202168997219456,0.0028017886432000027,2.198531920033225e-25,1000000000.0,45.84699999999991,45.84699999999991,3.159950108963898,0.95149795766529,inf,0,0,0,0,-1,inf,0,-1,0,0,7600,0,0,0,1463,6137,1.7406826412036944,3.951445728676361,False
overtake,P4,9003,50,5.0,1.0,21.851539800411842,17.202168997219456,0.0028017886432000027,2.198531920033225e-25,1000000000.0,45.84699999999991,45.84699999999991,3.159950108963898,0.95149795766529,inf,0,0,0,0,-1,inf,0,-1,0,0,7600,0,0,0,1463,6137,1.7406826412036944,3.951445728676361,False
overtake,P0,9004,50,5.0,1.0,21.924345109850616,17.202168997219456,0.0028004655041384834,2.198531920033225e-25,1000000000.0,46.11533333333327,46.11533333333327,2.892261652914295,0.6997389334977893,inf,0,0,0,0,-1,inf,0,-1,0,0,7600,0,0,0,1606,5994,1.725855587385584,3.9416641517277653,False
overtake,P1,9004,50,5.0,1.0,23.121014017610896,17.202168997219456,0.002392201607883422,2.1851098415832407e-25,1000000000.0,46.67333333333332,46.67333333333332,2.336076511785996,0.49788021712784186,inf,0,0,0,0,-1,inf,1,48,0,1,7600,0,0,0,2366,5234,1.725855587385584,3.9416641517277653,False
overtake,P2,9004,50,5.0,1.0,22.088802900312157,17.202168997219456,0.0027334869805178868,2.197319403053107e-25,1000000000.0,46.21799999999995,46.21799999999995,2.789874493797288,0.6663858556390665,inf,0,0,0,0,-1,inf,0,-1,0,0,7600,0,0,0,1687,5913,1.725855587385584,3.9416641517277653,False
overtake,P3,9004,50,5.0,1.0,21.924345109850616,17.202168997219456,0.0028004655041384834,2.198531920033225e-25,1000000000.0,46.11533333333327,46.11533333333327,2.892261652914295,0.6997389334977893,inf,0,0,0,0,-1,inf,0,-1,0,0,7600,0,0,0,1606,5994,1.725855587385584,3.9416641517277653,False
overtake,P4,9004,50,5.0,1.0,21.893495953563523,17.202168997219456,0.0028025353908738503,2.198531920033225e-25,1000000000.0,46.06199999999991,46.06199999999991,2.945457467209617,0.7282000434327364,inf,0,0,0,0,-1,inf,0,-1,0,0,7600,0,0,0,1564,6036,1.725855587385584,3.9416641517277653,False
overtake,P0,9005,50,5.0,1.0,21.78546471887518,17.202168997219456,0.002804299696794005,2.198531920033225e-25,1000000000.0,45.644666666666595,45.644666666666595,3.361865177088254,1.1405814797463825,inf,0,0,0,0,-1,inf,0,-1,0,0,7600,0,0,0,1396,6204,1.5318607094345342,3.558985847465987,False
overtake,P1,9005,50,5.0,1.0,22.9146258026604,17.202168997219456,0.002397698762131735,2.1851098415832407e-25,1000000000.0,46.129999999999946,46.129999999999946,2.87763369648409,1.143769630074746,inf,0,0,0,0,-1,inf,0,-1,0,0,7600,0,0,0,2017,5583,1.5318607094345342,3.558985847465987,False
overtake,P2,9005,50,5.0,1.0,21.78546471887518,17.202168997219456,0.002804299696794005,2.198531920033225e-25,1000000000.0,45.644666666666595,45.644666666666595,3.361865177088254,1.1405814797463825,inf,0,0,0,0,-1,inf,0,-1,0,0,7600,0,0,0,1396,6204,1.5318607094345342,3.558985847465987,False
overtake,P3,9005,50,5.0,1.0,21.78546471887518,17.202168997219456,0.002804299696794005,2.198531920033225e-25,1000000000.0,45.644666666666595,45.644666666666595,3.361865177088254,1.1405814797463825,inf,0,0,0,0,-1,inf,0,-1,0,0,7600,0,0,0,1396,6204,1.5318607094345342,3.558985847465987,False
overtake,P4,9005,50,5.0,1.0,21.78546471887518,17.202168997219456,0.002804299696794005,2.198531920033225e-25,1000000000.0,45.644666666666595,45.644666666666595,3.361865177088254,1.1405814797463825,inf,0,0,0,0,-1,inf,0,-1,0,0,7600,0,0,0,1396,6204,1.5318607094345342,3.558985847465987,False
overtake,P0,9006,50,5.0,1.0,21.854869775593755,17.202168997219456,0.0027990719016685443,2.198531920033225e-25,1000000000.0,45.6119999999999,45.6119999999999,3.3944689851493766,1.155475178602461,inf,0,0,0,0,-1,inf,0,-1,0,0,7600,0,0,0,1348,6252,1.6017793428370208,3.6880865781645213,False
overtake,P1,9006,50,5.0,1.0,23.119708642563506,17.202168997219456,0.002388962602512014,2.1851098415832407e-25,1000000000.0,46.27666666666662,46.2761409084534,2.733329102147327,0.7799583745931208,inf,0,0,0,0,-1,inf,0,-1,0,0,7600,23,0,0,2089,5488,1.6017793428370208,3.6880865781645213,False
overtake,P2,9006,50,5.0,1.0,21.854869775593755,17.202168997219456,0.0027990719016685443,2.198531920033225e-25,1000000000.0,45.6119999999999,45.6119999999999,3.3944689851493766,1.155475178602461,inf,0,0,0,0,-1,inf,0,-1,0,0,7600,0,0,0,1348,6252,1.6017793428370208,3.6880865781645213,False
overtake,P3,9006,50,5.0,1.0,21.844768097709547,17.202168997219456,0.0027995625392564115,2.198531920033225e-25,1000000000.0,45.591999999999906,45.591999999999906,3.4144310933361965,1.1631478128735597,inf,0,0,0,0,-1,inf,0,-1,0,0,7600,0,0,0,1342,6258,1.6017793428370208,3.6880865781645213,False
overtake,P4,9006,50,5.0,1.0,21.854869775593755,17.202168997219456,0.0027990719016685443,2.198531920033225e-25,1000000000.0,45.6119999999999,45.6119999999999,3.3944689851493766,1.155475178602461,inf,0,0,0,0,-1,inf,0,-1,0,0,7600,0,0,0,1348,6252,1.6017793428370208,3.6880865781645213,False
overtake,P0,9007,50,5.0,1.0,21.84629092281203,17.202168997219456,0.00280036941450083,2.198531920033225e-25,1000000000.0,45.827999999999925,45.827999999999925,3.178908569169748,0.8158614953175963,inf,0,0,0,0,-1,inf,0,-1,0,0,7600,0,0,0,1506,6094,1.6729096877533374,3.855863466851665,False
overtake,P1,9007,50,5.0,1.0,22.98026279881659,17.202168997219456,0.0023969639805768743,2.1851098415832407e-25,1000000000.0,46.30933333333333,46.30933333333333,2.698807663071142,0.8698336795997101,inf,0,0,0,0,-1,inf,0,-1,0,0,7600,0,0,0,1945,5655,1.6729096877533374,3.855863466851665,False
overtake,P2,9007,50,5.0,1.0,21.84629092281203,17.202168997219456,0.00280036941450083,2.198531920033225e-25,1000000000.0,45.827999999999925,45.827999999999925,3.178908569169748,0.8158614953175963,inf,0,0,0,0,-1,inf,0,-1,0,0,7600,0,0,0,1506,6094,1.6729096877533374,3.855863466851665,False
overtake,P3,9007,50,5.0,1.0,21.84629092281203,17.202168997219456,0.00280036941450083,2.198531920033225e-25,1000000000.0,45.827999999999925,45.827999999999925,3.178908569169748,0.8158614953175963,inf,0,0,0,0,-1,inf,0,-1,0,0,7600,0,0,0,1506,6094,1.6729096877533374,3.855863466851665,False
overtake,P4,9007,50,5.0,1.0,21.79943163161098,17.202168997219456,0.002804117116482531,2.198531920033225e-25,1000000000.0,45.74133333333328,45.74133333333328,3.26539188085981,0.867653190121067,inf,0,0,0,0,-1,inf,0,-1,0,0,7600,0,0,0,1445,6155,1.6729096877533374,3.855863466851665,False
overtake,P0,9008,50,5.0,1.0,21.84466217889721,17.202168997219456,0.002800852109908421,2.198531920033225e-25,1000000000.0,45.737333333333254,45.737333333333254,3.269383652757607,1.0895149878751231,inf,0,0,0,0,-1,inf,0,-1,0,0,7600,0,0,0,1370,6230,1.6221160007640243,3.758897473583504,False
overtake,P1,9008,50,5.0,1.0,23.14236481586108,17.202168997219456,0.002392884089107373,2.1851098415832407e-25,1000000000.0,46.489999999999974,46.489999999999974,2.5187250130056893,0.8004592597277788,inf,0,0,0,0,-1,inf,0,-1,0,0,7600,0,0,0,2026,5574,1.6221160007640243,3.758897473583504,False
overtake,P2,9008,50,5.0,1.0,21.854912516001463,17.202168997219456,0.002800139098904409,2.198531920033225e-25,1000000000.0,45.76133333333323,45.76133333333323,3.2454333252924488,1.0708284052871873,inf,0,0,0,0,-1,inf,0,-1,0,0,7600,0,0,0,1377,6223,1.6221160007640243,3.758897473583504,False
overtake,P3,9008,50,5.0,1.0,21.86389492998132,17.202168997219456,0.0028005162201175664,2.198531920033225e-25,1000000000.0,45.8106666666666,45.8106666666666,3.196204436867567,1.0238797028000646,inf,0,0,0,0,-1,inf,0,-1,0,0,7600,0,0,0,1401,6199,1.6221160007640243,3.758897473583504,False
overtake,P4,9008,50,5.0,1.0,21.86389492998132,17.202168997219456,0.0028005162201175664,2.198531920033225e-25,1000000000.0,45.8106666666666,45.8106666666666,3.196204436867567,1.0238797028000646,inf,0,0,0,0,-1,inf,0,-1,0,0,7600,0,0,0,1401,6199,1.6221160007640243,3.758897473583504,False
overtake,P0,9009,50,5.0,1.0,21.746075358827326,17.202168997219456,0.0028075040779992123,2.198531920033225e-25,1000000000.0,45.54833333333324,45.54833333333324,3.458016551278898,1.21215400680432,inf,0,0,0,0,-1,inf,0,-1,0,0,7600,0,0,0,1375,6225,1.4965532936838892,3.531104416482918,False
overtake,P1,9009,50,5.0,1.0,22.868221011431142,17.202168997219456,0.002397313096881128,2.1851098415832407e-25,1000000000.0,46.10333333333331,46.10333333333331,2.9042302713315085,1.1071473178180453,inf,0,0,0,0,-1,inf,0,-1,0,0,7600,0,0,0,1956,5644,1.4965532936838892,3.531104416482918,False
overtake,P2,9009,50,5.0,1.0,21.79159756298054,17.202168997219456,0.0027820040847774956,2.197331358113668e-25,1000000000.0,45.58166666666658,45.58166666666658,3.4247450224679152,1.1715840176589103,inf,0,0,0,0,-1,inf,0,-1,0,0,7600,0,0,0,1402,6198,1.4965532936838892,3.531104416482918,False
overtake,P3,9009,50,5.0,1.0,21.7626590816826,17.202168997219456,0.002797738291623585,2.1980766220599543e-25,1000000000.0,45.549333333333244,45.549333333333244,3.4570183880889953,1.2248596381652566,inf,0,0,0,0,-1,inf,0,-1,0,0,7600,0,0,0,1370,6230,1.4965532936838892,3.531104416482918,False
overtake,P4,9009,50,5.0,1.0,21.744096643387092,17.202168997219456,0.002807589199008129,2.198531920033225e-25,1000000000.0,45.54533333333326,45.54533333333326,3.4610110472112994,1.207966347426259,inf,0,0,0,0,-1,inf,0,-1,0,0,7600,0,0,0,1377,6223,1.4965532936838892,3.531104416482918,False
overtake,P0,9010,50,5.0,1.0,21.881672053832173,17.202168997219456,0.002801606284666967,2.198531920033225e-25,1000000000.0,45.98733333333324,45.98733333333324,3.019939756946384,0.8352071832885639,inf,0,0,0,0,-1,inf,0,-1,0,0,7600,0,0,0,1498,6102,1.5339110196654433,3.583314711264141,False
overtake,P1,9010,50,5.0,1.0,23.028137327170093,17.202168997219456,0.0023969355241567265,2.1851098415832407e-25,1000000000.0,46.53999999999999,46.53999999999999,2.4689017175943673,0.6641584086857271,inf,0,0,0,0,-1,inf,2,49,0,2,7600,0,0,0,2294,5306,1.5339110196654433,3.583314711264141,False
overtake,P2,9010,50,5.0,1.0,21.881672053832173,17.202168997219456,0.002801606284666967,2.198531920033225e-25,1000000000.0,45.98733333333324,45.98733333333324,3.019939756946384,0.8352071832885639,inf,0,0,0,0,-1,inf,0,-1,0,0,7600,0,0,0,1498,6102,1.5339110196654433,3.583314711264141,False
overtake,P3,9010,50,5.0,1.0,21.881672053832173,17.202168997219456,0.002801606284666967,2.198531920033225e-25,1000000000.0,45.98733333333324,45.98733333333324,3.019939756946384,0.8352071832885639,inf,0,0,0,0,-1,inf,0,-1,0,0,7600,0,0,0,1498,6102,1.5339110196654433,3.583314711264141,False
overtake,P4,9010,50,5.0,1.0,21.881672053832173,17.202168997219456,0.002801606284666967,2.198531920033225e-25,1000000000.0,45.98733333333324,45.98733333333324,3.019939756946384,0.8352071832885639,inf,0,0,0,0,-1,inf,0,-1,0,0,7600,0,0,0,1498,6102,1.5339110196654433,3.583314711264141,False
overtake,P0,9011,50,5.0,1.0,21.859029456359877,17.202168997219456,0.002803939204163754,2.198531920033225e-25,1000000000.0,45.87533333333325,45.87533333333325,3.1316796561779214,0.8729560996895722,inf,0,0,0,0,-1,inf,0,-1,0,0,7600,0,0,0,1611,5989,1.5113356402439646,3.585860869439825,False
overtake,P1,9011,50,5.0,1.0,22.886792862724715,17.202168997219456,0.002401927504490369,2.1851098415832407e-25,1000000000.0,46.24666666666664,46.24666666666664,2.7490773210975776,0.7536093539428718,inf,0,0,0,0,-1,inf,1,49,0,1,7600,0,0,0,2204,5396,1.5113356402439646,3.585860869439825,False
overtake,P2,9011,50,5.0,1.0,21.93843301822103,17.202168997219456,0.0027770339577163285,2.197331358113668e-25,1000000000.0,45.97399999999993,45.97399999999993,3.033241119848665,0.8226857702147927,inf,0,0,0,0,-1,inf,0,-1,0,0,7600,0,0,0,1668,5932,1.5113356402439646,3.585860869439825,False
overtake,P3,9011,50,5.0,1.0,21.859029456359877,17.202168997219456,0.002803939204163754,2.198531920033225e-25,1000000000.0,45.87533333333325,45.87533333333325,3.1316796561779214,0.8729560996895722,inf,0,0,0,0,-1,inf,0,-1,0,0,7600,0,0,0,1611,5989,1.5113356402439646,3.585860869439825,False
overtake,P4,9011,50,5.0,1.0,21.859029456359877,17.202168997219456,0.002803939204163754,2.198531920033225e-25,1000000000.0,45.87533333333325,45.87533333333325,3.1316796561779214,0.8729560996895722,inf,0,0,0,0,-1,inf,0,-1,0,0,7600,0,0,0,1611,5989,1.5113356402439646,3.585860869439825,False
overtake,P0,9012,50,5.0,1.0,21.844482955071477,17.202168997219456,0.0028028658231128434,2.198531920033225e-25,1000000000.0,45.855666666666586,45.855666666666586,3.151302556444239,0.8864443745860792,inf,0,0,0,0,-1,inf,0,-1,0,0,7600,0,0,0,1568,6032,1.6696234808616635,3.8839542123264392,False
overtake,P1,9012,50,5.0,1.0,22.972796452394377,17.202168997219456,0.0023977882449023875,2.1851098415832407e-25,1000000000.0,46.35999999999997,46.35999999999997,2.648296752847107,0.9236638974859744,inf,0,0,0,0,-1,inf,0,-1,0,0,7600,0,0,0,2110,5490,1.6696234808616635,3.8839542123264392,False
overtake,P2,9012,50,5.0,1.0,21.844482955071477,17.202168997219456,0.0028028658231128434,2.198531920033225e-25,1000000000.0,45.855666666666586,45.855666666666586,3.151302556444239,0.8864443745860792,inf,0,0,0,0,-1,inf,0,-1,0,0,7600,0,0,0,1568,6032,1.6696234808616635,3.8839542123264392,False
overtake,P3,9012,50,5.0,1.0,21.844482955071477,17.202168997219456,0.0028028658231128434,2.198531920033225e-25,1000000000.0,45.855666666666586,45.855666666666586,3.151302556444239,0.8864443745860792,inf,0,0,0,0,-1,inf,0,-1,0,0,7600,0,0,0,1568,6032,1.6696234808616635,3.8839542123264392,False
overtake,P4,9012,50,5.0,1.0,21.844482955071477,17.202168997219456,0.0028028658231128434,2.198531920033225e-25,1000000000.0,45.855666666666586,45.855666666666586,3.151302556444239,0.8864443745860792,inf,0,0,0,0,-1,inf,0,-1,0,0,7600,0,0,0,1568,6032,1.6696234808616635,3.8839542123264392,False
overtake,P0,9013,50,5.0,1.0,21.746618882190276,17.202168997219456,0.0028084287328350786,2.198531920033225e-25,1000000000.0,45.61599999999992,45.61599999999992,3.3904766171057585,1.0955490849820868,inf,0,0,0,0,-1,inf,0,-1,0,0,7600,0,0,0,1470,6130,1.7397502475244335,3.9757968498745773,False
overtake,P1,9013,50,5.0,1.0,22.892182701367265,17.202168997219456,0.002397614632331405,2.1851098415832407e-25,1000000000.0,46.233333333333306,46.233333333333306,2.7745846780347097,0.9348166758470814,inf,0,0,0,0,-1,inf,0,-1,0,0,7600,0,0,0,1903,5697,1.7397502475244335,3.9757968498745773,False
overtake,P2,9013,50,5.0,1.0,21.746618882190276,17.202168997219456,0.0028084287328350786,2.198531920033225e-25,1000000000.0,45.61599999999992,45.61599999999992,3.3904766171057585,1.0955490849820868,inf,0,0,0,0,-1,inf,0,-1,0,0,7600,0,0,0,1470,6130,1.7397502475244335,3.9757968498745773,False
overtake,P3,9013,50,5.0,1.0,21.746618882190276,17.202168997219456,0.0028084287328350786,2.198531920033225e-25,1000000000.0,45.61599999999992,45.61599999999992,3.3904766171057585,1.0955490849820868,inf,0,0,0,0,-1,inf,0,-1,0,0,7600,0,0,0,1470,6130,1.7397502475244335,3.9757968498745773,False
overtake,P4,9013,50,5.0,1.0,21.746618882190276,17.202168997219456,0.0028084287328350786,2.198531920033225e-25,1000000000.0,45.61599999999992,45.61599999999992,3.3904766171057585,1.0955490849820868,inf,0,0,0,0,-1,inf,0,-1,0,0,7600,0,0,0,1470,6130,1.7397502475244335,3.9757968498745773,False
overtake,P0,9014,50,5.0,1.0,21.854933144322263,17.202168997219456,0.00280183582457465,2.198531920033225e-25,1000000000.0,45.886666666666585,45.886666666666585,3.1203717944477916,0.7269391173774924,inf,0,0,0,0,-1,inf,0,-1,0,0,7600,0,0,0,1443,6157,1.4756193938599602,3.537789174473412,False
overtake,P1,9014,50,5.0,1.0,23.041667688111374,17.202168997219456,0.0023962664107642505,2.1851098415832407e-25,1000000000.0,46.36999999999998,46.36999999999998,2.6383282000426833,0.8360858715788395,inf,0,0,0,0,-1,inf,0,-1,0,0,7600,0,0,0,2065,5535,1.4756193938599602,3.537789174473412,False
overtake,P2,9014,50,5.0,1.0,21.895048581157898,17.202168997219456,0.0027931311007690605,2.1985319200328954e-25,1000000000.0,45.92599999999992,45.92599999999992,3.0811283146180215,0.7201321912901697,inf,0,0,0,0,-1,inf,0,-1,0,0,7600,0,0,0,1452,6148,1.4756193938599602,3.537789174473412,False
overtake,P3,9014,50,5.0,1.0,21.854933144322263,17.202168997219456,0.00280183582457465,2.198531920033225e-25,1000000000.0,45.886666666666585,45.886666666666585,3.1203717944477916,0.7269391173774924,inf,0,0,0,0,-1,inf,0,-1,0,0,7600,0,0,0,1443,6157,1.4756193938599602,3.537789174473412,False
overtake,P4,9014,50,5.0,1.0,21.854933144322263,17.202168997219456,0.00280183582457465,2.198531920033225e-25,1000000000.0,45.886666666666585,45.886666666666585,3.1203717944477916,0.7269391173774924,inf,0,0,0,0,-1,inf,0,-1,0,0,7600,0,0,0,1443,6157,1.4756193938599602,3.537789174473412,False
overtake,P0,9015,50,5.0,1.0,21.80038139674483,17.202168997219456,0.002802585854243034,2.198531920033225e-25,1000000000.0,45.65033333333325,45.65033333333325,3.35620953888739,1.1301412131921043,inf,0,0,0,0,-1,inf,0,-1,0,0,7600,0,0,0,1352,6248,1.7054485788917324,3.8853451910131684,False
overtake,P1,9015,50,5.0,1.0,23.0012217615949,17.202168997219456,0.0023947921917203993,2.1851098415832407e-25,1000000000.0,46.31999999999997,46.31999999999997,2.6881733000572208,0.9285340281950516,inf,0,0,0,0,-1,inf,0,-1,0,0,7600,0,0,0,2090,5510,1.7054485788917324,3.8853451910131684,False
overtake,P2,9015,50,5.0,1.0,21.827163603375606,17.202168997219456,0.0027775165222154214,2.197331358113668e-25,1000000000.0,45.61233333333325,45.61233333333325,3.394136287125991,1.199856018796757,inf,0,0,0,0,-1,inf,0,-1,0,0,7600,0,0,0,1329,6271,1.7054485788917324,3.8853451910131684,False
overtake,P3,9015,50,5.0,1.0,21.80038139674483,17.202168997219456,0.002802585854243034,2.198531920033225e-25,1000000000.0,45.65033333333325,45.65033333333325,3.35620953888739,1.1301412131921043,inf,0,0,0,0,-1,inf,0,-1,0,0,7600,0,0,0,1352,6248,1.7054485788917324,3.8853451910131684,False
overtake,P4,9015,50,5.0,1.0,21.80038139674483,17.202168997219456,0.002802585854243034,2.198531920033225e-25,1000000000.0,45.65033333333325,45.65033333333325,3.35620953888739,1.1301412131921043,inf,0,0,0,0,-1,inf,0,-1,0,0,7600,0,0,0,1352,6248,1.7054485788917324,3.8853451910131684,False
overtake,P0,9016,50,5.0,1.0,21.780062596606427,17.202168997219456,0.0028060551630131165,2.198531920033225e-25,1000000000.0,45.672333333333256,45.672333333333256,3.334252710216389,1.050751484965491,inf,0,0,0,0,-1,inf,0,-1,0,0,7600,0,0,0,1392,6208,1.7295659107402748,3.857901806231145,False
overtake,P1,9016,50,5.0,1.0,23.001506495023914,17.202168997219456,0.0023912513194359,2.1851098415832407e-25,1000000000.0,46.246666666666655,46.246666666666655,2.761289578364588,0.8854534650079201,inf,0,0,0,0,-1,inf,1,46,0,1,7600,0,0,0,1903,5697,1.7295659107402748,3.857901806231145,False
overtake,P2,9016,50,5.0,1.0,21.84034590600506,17.202168997219456,0.002783892617637677,2.1984727898461514e-25,1000000000.0,45.734999999999914,45.734999999999914,3.271712195646331,1.0182239513509173,inf,0,0,0,0,-1,inf,0,-1,0,0,7600,0,0,0,1411,6189,1.7295659107402748,3.857901806231145,False
overtake,P3,9016,50,5.0,1.0,21.780062596606427,17.202168997219456,0.0028060551630131165,2.198531920033225e-25,1000000000.0,45.672333333333256,45.672333333333256,3.334252710216389,1.050751484965491,inf,0,0,0,0,-1,inf,0,-1,0,0,7600,0,0,0,1392,6208,1.7295659107402748,3.857901806231145,False
overtake,P4,9016,50,5.0,1.0,21.780062596606427,17.202168997219456,0.0028060551630131165,2.198531920033225e-25,1000000000.0,45.672333333333256,45.672333333333256,3.334252710216389,1.050751484965491,inf,0,0,0,0,-1,inf,0,-1,0,0,7600,0,0,0,1392,6208,1.7295659107402748,3.857901806231145,False
overtake,P0,9017,50,5.0,1.0,21.87879079315413,17.202168997219456,0.0028020849390977074,2.198531920033225e-25,1000000000.0,45.89999999999993,45.89999999999993,3.107068665340505,0.9235490163886878,inf,0,0,0,0,-1,inf,0,-1,0,0,7600,0,0,0,1520,6080,1.6019623543179136,3.7139958725942073,False
overtake,P1,9017,50,5.0,1.0,23.03218257194756,17.202168997219456,0.002396551792119876,2.1851098415832407e-25,1000000000.0,46.43333333333332,46.43333333333332,2.575199694959249,0.703921273419405,inf,0,0,0,0,-1,inf,1,48,0,1,7600,0,0,0,2147,5453,1.6019623543179136,3.7139958725942073,False
overtake,P2,9017,50,5.0,1.0,21.87879079315413,17.202168997219456,0.0028020849390977074,2.198531920033225e-25,1000000000.0,45.89999999999993,45.89999999999993,3.107068665340505,0.9235490163886878,inf,0,0,0,0,-1,inf,0,-1,0,0,7600,0,0,0,1520,6080,1.6019623543179136,3.7139958725942073,False
overtake,P3,9017,50,5.0,1.0,21.87879079315413,17.202168997219456,0.0028020849390977074,2.198531920033225e-25,1000000000.0,45.89999999999993,45.89999999999993,3.107068665340505,0.9235490163886878,inf,0,0,0,0,-1,inf,0,-1,0,0,7600,0,0,0,1520,6080,1.6019623543179136,3.7139958725942073,False
overtake,P4,9017,50,5.0,1.0,21.87879079315413,17.202168997219456,0.0028020849390977074,2.198531920033225e-25,1000000000.0,45.89999999999993,45.89999999999993,3.107068665340505,0.9235490163886878,inf,0,0,0,0,-1,inf,0,-1,0,0,7600,0,0,0,1520,6080,1.6019623543179136,3.7139958725942073,False
overtake,P0,9018,50,5.0,1.0,21.945740378594678,17.202168997219456,0.0027403331459499923,2.187960100826603e-25,1000000000.0,45.81299999999992,45.81299999999992,3.1938761233242756,1.0664681022645666,inf,0,0,0,0,-1,inf,0,-1,0,0,7600,0,0,0,1502,6098,1.6244253770872066,3.7901867091228025,False
overtake,P1,9018,50,5.0,1.0,23.02797404978883,17.202168997219456,0.0023927426999687733,2.1851098415832407e-25,1000000000.0,46.38666666666666,46.38666666666666,2.621714477637011,0.9531637155523188,inf,0,0,0,0,-1,inf,0,-1,0,0,7600,0,0,0,2140,5460,1.6244253770872066,3.7901867091228025,False
overtake,P2,9018,50,5.0,1.0,21.94356853373123,17.202168997219456,0.002739814564948086,2.187960100826603e-25,1000000000.0,45.81299999999993,45.81299999999993,3.1938761233242614,1.0595964512992009,inf,0,0,0,0,-1,inf,0,-1,0,0,7600,0,0,0,1507,6093,1.6244253770872066,3.7901867091228025,False
overtake,P3,9018,50,5.0,1.0,21.945740378594678,17.202168997219456,0.0027403331459499923,2.187960100826603e-25,1000000000.0,45.81299999999992,45.81299999999992,3.1938761233242756,1.0664681022645666,inf,0,0,0,0,-1,inf,0,-1,0,0,7600,0,0,0,1502,6098,1.6244253770872066,3.7901867091228025,False
overtake,P4,9018,50,5.0,1.0,21.945740378594678,17.202168997219456,0.0027403331459499923,2.187960100826603e-25,1000000000.0,45.81299999999992,45.81299999999992,3.1938761233242756,1.0664681022645666,inf,0,0,0,0,-1,inf,0,-1,0,0,7600,0,0,0,1502,6098,1.6244253770872066,3.7901867091228025,False
overtake,P0,9019,50,5.0,1.0,21.82822028038915,17.202168997219456,0.0028018852268898507,2.198531920033225e-25,1000000000.0,45.65533333333326,45.65533333333326,3.3512193008294724,1.099188514765291,inf,0,0,0,0,-1,inf,0,-1,0,0,7600,0,0,0,1270,6330,1.6346609010236943,3.77174078988068,False
overtake,P1,9019,50,5.0,1.0,23.054975877325464,17.202168997219456,0.0023919283612897787,2.1851098415832407e-25,1000000000.0,46.19299999999999,46.19299999999999,2.81480455647287,0.8423416774018669,inf,0,0,0,0,-1,inf,0,-1,0,0,7600,0,0,0,1864,5736,1.6346609010236943,3.77174078988068,False
overtake,P2,9019,50,5.0,1.0,21.879931344826428,17.202168997219456,0.002791020498676457,2.198531920033225e-25,1000000000.0,45.67733333333326,45.67733333333326,3.3292626013756634,1.136647018361243,inf,0,0,0,0,-1,inf,0,-1,0,0,7600,0,0,0,1297,6303,1.6346609010236943,3.77174078988068,False
overtake,P3,9019,50,5.0,1.0,21.82822028038915,17.202168997219456,0.0028018852268898507,2.198531920033225e-25,1000000000.0,45.65533333333326,45.65533333333326,3.3512193008294724,1.099188514765291,inf,0,0,0,0,-1,inf,0,-1,0,0,7600,0,0,0,1270,6330,1.6346609010236943,3.77174078988068,False
overtake,P4,9019,50,5.0,1.0,21.82822028038915,17.202168997219456,0.0028018852268898507,2.198531920033225e-25,1000000000.0,45.65533333333326,45.65533333333326,3.3512193008294724,1.099188514765291,inf,0,0,0,0,-1,inf,0,-1,0,0,7600,0,0,0,1270,6330,1.6346609010236943,3.77174078988068,False
intersection_turn,P0,9000,50,5.0,1.0,18.879104982919795,14.72403780401211,0.0087160678450512,2.1131514094617817e-15,999999999.9999979,44.24000000000002,44.24000000000002,3.8441644085548456,3.2696391047406856,inf,0,0,0,0,-1,inf,0,-1,0,0,7600,0,0,0,1125,6475,1.7750604023869527,3.977239932993864,False
intersection_turn,P1,9000,50,5.0,1.0,18.879104982919795,14.72403780401211,0.0087160678450512,2.1131514094617817e-15,999999999.9999979,44.24000000000002,44.24000000000002,3.8441644085548456,3.2696391047406856,inf,0,0,0,0,-1,inf,0,-1,0,0,7600,0,0,0,1125,6475,1.7750604023869527,3.977239932993864,False
intersection_turn,P2,9000,50,5.0,1.0,18.879104982919795,14.72403780401211,0.0087160678450512,2.1131514094617817e-15,999999999.9999979,44.24000000000002,44.24000000000002,3.8441644085548456,3.2696391047406856,inf,0,0,0,0,-1,inf,0,-1,0,0,7600,0,0,0,1125,6475,1.7750604023869527,3.977239932993864,False
intersection_turn,P3,9000,50,5.0,1.0,18.879104982919795,14.72403780401211,0.0087160678450512,2.1131514094617817e-15,999999999.9999979,44.24000000000002,44.24000000000002,3.8441644085548456,3.2696391047406856,inf,0,0,0,0,-1,inf,0,-1,0,0,7600,0,0,0,1125,6475,1.7750604023869527,3.977239932993864,False
intersection_turn,P4,9000,50,5.0,1.0,18.879104982919795,14.72403780401211,0.0087160678450512,2.1131514094617817e-15,999999999.9999979,44.24000000000002,44.24000000000002,3.8441644085548456,3.2696391047406856,inf,0,0,0,0,-1,inf,0,-1,0,0,7600,0,0,0,1125,6475,1.7750604023869527,3.977239932993864,False
intersection_turn,P0,9001,50,5.0,1.0,18.888233367588224,14.72403780401211,0.008711689971053775,2.1131514094617817e-15,999999999.9999979,43.960000000000015,43.960000000000015,4.118446308985936,3.2696391047406856,inf,0,0,0,0,-1,inf,0,-1,0,0,7600,0,0,0,879,6721,1.682506057521995,3.6673418076132815,False
intersection_turn,P1,9001,50,5.0,1.0,18.888233367588224,14.72403780401211,0.008711689971053775,2.1131514094617817e-15,999999999.9999979,43.960000000000015,43.960000000000015,4.118446308985936,3.2696391047406856,inf,0,0,0,0,-1,inf,0,-1,0,0,7600,0,0,0,879,6721,1.682506057521995,3.6673418076132815,False
intersection_turn,P2,9001,50,5.0,1.0,18.888233367588224,14.72403780401211,0.008711689971053775,2.1131514094617817e-15,999999999.9999979,43.960000000000015,43.960000000000015,4.118446308985936,3.2696391047406856,inf,0,0,0,0,-1,inf,0,-1,0,0,7600,0,0,0,879,6721,1.682506057521995,3.6673418076132815,False
intersection_turn,P3,9001,50,5.0,1.0,18.888233367588224,14.72403780401211,0.008711689971053775,2.1131514094617817e-15,999999999.9999979,43.960000000000015,43.960000000000015,4.118446308985936,3.2696391047406856,inf,0,0,0,0,-1,inf,0,-1,0,0,7600,0,0,0,879,6721,1.682506057521995,3.6673418076132815,False
intersection_turn,P4,9001,50,5.0,1.0,18.888233367588224,14.72403780401211,0.008711689971053775,2.1131514094617817e-15,999999999.9999979,43.960000000000015,43.960000000000015,4.118446308985936,3.2696391047406856,inf,0,0,0,0,-1,inf,0,-1,0,0,7600,0,0,0,879,6721,1.682506057521995,3.6673418076132815,False
intersection_turn,P0,9002,50,5.0,1.0,18.879149150337433,14.72403780401211,0.008715985891003065,2.1131514094617817e-15,999999999.9999979,44.20333333333336,44.20333333333336,3.8800357959402336,3.2696391047406856,inf,0,0,0,0,-1,inf,0,-1,0,0,7600,0,0,0,984,6616,1.6613156227064898,3.6929355065140435,False
intersection_turn,P1,9002,50,5.0,1.0,18.88028458760457,14.72403780401211,0.008715422181975721,2.1131514094617817e-15,999999999.9999979,44.17333333333337,44.17333333333337,3.9093960886276946,3.2696391047406856,inf,0,0,0,0,-1,inf,0,-1,0,0,7600,0,0,0,980,6620,1.6613156227064898,3.6929355065140435,False
intersection_turn,P2,9002,50,5.0,1.0,18.879149150337433,14.72403780401211,0.008715985891003065,2.1131514094617817e-15,999999999.9999979,44.20333333333336,44.20333333333336,3.8800357959402336,3.2696391047406856,inf,0,0,0,0,-1,inf,0,-1,0,0,7600,0,0,0,984,6616,1.6613156227064898,3.6929355065140435,False
intersection_turn,P3,9002,50,5.0,1.0,18.879149150337433,14.72403780401211,0.008715985891003065,2.1131514094617817e-15,999999999.9999979,44.20333333333336,44.20333333333336,3.8800357959402336,3.2696391047406856,inf,0,0,0,0,-1,inf,0,-1,0,0,7600,0,0,0,984,6616,1.6613156227064898,3.6929355065140435,False
intersection_turn,P4,9002,50,5.0,1.0,18.878009034860217,14.72403780401211,0.008716557445004325,2.1131514094617817e-15,999999999.9999979,44.230000000000004,44.230000000000004,3.853946029720703,3.2696391047406856,inf,0,0,0,0,-1,inf,0,-1,0,0,7600,0,0,0,987,6613,1.6613156227064898,3.6929355065140435,False
intersection_turn,P0,9003,50,5.0,1.0,18.885817516710635,14.72403780401211,0.008712834368765056,2.1131514094617817e-15,999999999.9999979,44.01000000000003,44.01000000000003,4.069410276686258,3.2696391047406856,inf,0,0,0,0,-1,inf,0,-1,0,0,7600,0,0,0,1009,6591,1.7389684518276498,3.7694450536013955,False
intersection_turn,P1,9003,50,5.0,1.0,18.885817516710635,14.72403780401211,0.008712834368765056,2.1131514094617817e-15,999999999.9999979,44.01000000000003,44.01000000000003,4.069410276686258,3.2696391047406856,inf,0,0,0,0,-1,inf,0,-1,0,0,7600,0,0,0,1009,6591,1.7389684518276498,3.7694450536013955,False
intersection_turn,P2,9003,50,5.0,1.0,18.885817516710635,14.72403780401211,0.008712834368765056,2.1131514094617817e-15,999999999.9999979,44.01000000000003,44.01000000000003,4.069410276686258,3.2696391047406856,inf,0,0,0,0,-1,inf,0,-1,0,0,7600,0,0,0,1009,6591,1.7389684518276498,3.7694450536013955,False
intersection_turn,P3,9003,50,5.0,1.0,18.885817516710635,14.72403780401211,0.008712834368765056,2.1131514094617817e-15,999999999.9999979,44.01000000000003,44.01000000000003,4.069410276686258,3.2696391047406856,inf,0,0,0,0,-1,inf,0,-1,0,0,7600,0,0,0,1009,6591,1.7389684518276498,3.7694450536013955,False
intersection_turn,P4,9003,50,5.0,1.0,19.071140002857387,14.72403780401211,0.008664173661510965,2.1131514094617817e-15,999999999.9999979,44.01000000000003,44.0084341425449,4.054994291032363,3.2696391047406856,inf,0,0,0,0,-1,inf,0,-1,0,0,7600,71,0,0,965,6564,1.7389684518276498,3.7694450536013955,False
intersection_turn,P0,9004,50,5.0,1.0,18.884058657300827,14.72403780401211,0.008713613323905696,2.1131514094617817e-15,999999999.9999979,44.090000000000025,44.090000000000025,3.9910023803550665,3.2696391047406856,inf,0,0,0,0,-1,inf,0,-1,0,0,7600,0,0,0,932,6668,1.7685627662764722,3.863197801095528,False
intersection_turn,P1,9004,50,5.0,1.0,18.884058657300827,14.72403780401211,0.008713613323905696,2.1131514094617817e-15,999999999.9999979,44.090000000000025,44.090000000000025,3.9910023803550665,3.2696391047406856,inf,0,0,0,0,-1,inf,0,-1,0,0,7600,0,0,0,932,6668,1.7685627662764722,3.863197801095528,False
intersection_turn,P2,9004,50,5.0,1.0,18.884058657300827,14.72403780401211,0.008713613323905696,2.1131514094617817e-15,999999999.9999979,44.090000000000025,44.090000000000025,3.9910023803550665,3.2696391047406856,inf,0,0,0,0,-1,inf,0,-1,0,0,7600,0,0,0,932,6668,1.7685627662764722,3.863197801095528,False
intersection_turn,P3,9004,50,5.0,1.0,18.884058657300827,14.72403780401211,0.008713613323905696,2.1131514094617817e-15,999999999.9999979,44.090000000000025,44.090000000000025,3.9910023803550665,3.2696391047406856,inf,0,0,0,0,-1,inf,0,-1,0,0,7600,0,0,0,932,6668,1.7685627662764722,3.863197801095528,False
intersection_turn,P4,9004,50,5.0,1.0,18.884058657300827,14.72403780401211,0.008713613323905696,2.1131514094617817e-15,999999999.9999979,44.090000000000025,44.090000000000025,3.9910023803550665,3.2696391047406856,inf,0,0,0,0,-1,inf,0,-1,0,0,7600,0,0,0,932,6668,1.7685627662764722,3.863197801095528,False
intersection_turn,P0,9005,50,5.0,1.0,18.882345210944937,14.72403780401211,0.008714554030976656,2.1131514094617817e-15,999999999.9999979,44.02000000000002,44.02000000000002,4.059605892201835,3.2696391047406856,inf,0,0,0,0,-1,inf,0,-1,0,0,7600,0,0,0,1080,6520,1.6097246868287052,3.587151959502908,False
intersection_turn,P1,9005,50,5.0,1.0,18.882345210944937,14.72403780401211,0.008714554030976656,2.1131514094617817e-15,999999999.9999979,44.02000000000002,44.02000000000002,4.059605892201835,3.2696391047406856,inf,0,0,0,0,-1,inf,0,-1,0,0,7600,0,0,0,1080,6520,1.6097246868287052,3.587151959502908,False
intersection_turn,P2,9005,50,5.0,1.0,18.882345210944937,14.72403780401211,0.008714554030976656,2.1131514094617817e-15,999999999.9999979,44.02000000000002,44.02000000000002,4.059605892201835,3.2696391047406856,inf,0,0,0,0,-1,inf,0,-1,0,0,7600,0,0,0,1080,6520,1.6097246868287052,3.587151959502908,False
intersection_turn,P3,9005,50,5.0,1.0,18.882345210944937,14.72403780401211,0.008714554030976656,2.1131514094617817e-15,999999999.9999979,44.02000000000002,44.02000000000002,4.059605892201835,3.2696391047406856,inf,0,0,0,0,-1,inf,0,-1,0,0,7600,0,0,0,1080,6520,1.6097246868287052,3.587151959502908,False
intersection_turn,P4,9005,50,5.0,1.0,18.882345210944937,14.72403780401211,0.008714554030976656,2.1131514094617817e-15,999999999.9999979,44.02000000000002,44.02000000000002,4.059605892201835,3.2696391047406856,inf,0,0,0,0,-1,inf,0,-1,0,0,7600,0,0,0,1080,6520,1.6097246868287052,3.587151959502908,False
intersection_turn,P0,9006,50,5.0,1.0,18.88854738886012,14.72403780401211,0.00871153738378844,2.1131514094617817e-15,999999999.9999979,43.92000000000002,43.92000000000002,4.157691667259588,3.2696391047406856,inf,0,0,0,0,-1,inf,0,-1,0,0,7600,0,0,0,976,6624,1.621137218101975,3.5977236448731134,False
intersection_turn,P1,9006,50,5.0,1.0,18.88854738886012,14.72403780401211,0.00871153738378844,2.1131514094617817e-15,999999999.9999979,43.92000000000002,43.92000000000002,4.157691667259588,3.2696391047406856,inf,0,0,0,0,-1,inf,0,-1,0,0,7600,0,0,0,976,6624,1.621137218101975,3.5977236448731134,False
intersection_turn,P2,9006,50,5.0,1.0,18.88854738886012,14.72403780401211,0.00871153738378844,2.1131514094617817e-15,999999999.9999979,43.92000000000002,43.92000000000002,4.157691667259588,3.2696391047406856,inf,0,0,0,0,-1,inf,0,-1,0,0,7600,0,0,0,976,6624,1.621137218101975,3.5977236448731134,False
intersection_turn,P3,9006,50,5.0,1.0,18.88854738886012,14.72403780401211,0.00871153738378844,2.1131514094617817e-15,999999999.9999979,43.92000000000002,43.92000000000002,4.157691667259588,3.2696391047406856,inf,0,0,0,0,-1,inf,0,-1,0,0,7600,0,0,0,976,6624,1.621137218101975,3.5977236448731134,False
intersection_turn,P4,9006,50,5.0,1.0,18.88854738886012,14.72403780401211,0.00871153738378844,2.1131514094617817e-15,999999999.9999979,43.92000000000002,43.92000000000002,4.157691667259588,3.2696391047406856,inf,0,0,0,0,-1,inf,0,-1,0,0,7600,0,0,0,976,6624,1.621137218101975,3.5977236448731134,False
intersection_turn,P0,9007,50,5.0,1.0,18.88925552474996,14.72403780401211,0.00871121329299421,2.1131514094617817e-15,999999999.9999979,43.86600000000003,43.86600000000003,4.210695429498525,3.2696391047406856,inf,0,0,0,0,-1,inf,0,-1,0,0,7600,0,0,0,848,6752,1.7660825452214206,3.846577997886988,False
intersection_turn,P1,9007,50,5.0,1.0,18.88925552474996,14.72403780401211,0.00871121329299421,2.1131514094617817e-15,999999999.9999979,43.86600000000003,43.86600000000003,4.210695429498525,3.2696391047406856,inf,0,0,0,0,-1,inf,0,-1,0,0,7600,0,0,0,848,6752,1.7660825452214206,3.846577997886988,False
intersection_turn,P2,9007,50,5.0,1.0,18.889528517960603,14.72403780401211,0.008711091448930905,2.1131514094617817e-15,999999999.9999979,43.85000000000001,43.85000000000001,4.226405091800824,3.2696391047406856,inf,0,0,0,0,-1,inf,0,-1,0,0,7600,0,0,0,837,6763,1.7660825452214206,3.846577997886988,False
intersection_turn,P3,9007,50,5.0,1.0,18.88925552474996,14.72403780401211,0.00871121329299421,2.1131514094617817e-15,999999999.9999979,43.86600000000003,43.86600000000003,4.210695429498525,3.2696391047406856,inf,0,0,0,0,-1,inf,0,-1,0,0,7600,0,0,0,848,6752,1.7660825452214206,3.846577997886988,False
intersection_turn,P4,9007,50,5.0,1.0,19.31525499563959,14.72403780401211,0.008604534747606007,2.1131514094617817e-15,999999999.9999979,43.85000000000001,43.846330356317274,4.19428555515555,3.2696391047406856,inf,0,0,0,0,-1,inf,0,-1,0,0,7600,195,0,0,718,6687,1.7660825452214206,3.846577997886988,False
intersection_turn,P0,9008,50,5.0,1.0,18.883154914690966,14.72403780401211,0.008714049824343059,2.1131514094617817e-15,999999999.9999979,44.120000000000026,44.120000000000026,3.9616158319554153,3.2696391047406856,inf,0,0,0,0,-1,inf,0,-1,0,0,7600,0,0,0,937,6663,1.612874512419017,3.614449253108861,False
intersection_turn,P1,9008,50,5.0,1.0,18.883154914690966,14.72403780401211,0.008714049824343059,2.1131514094617817e-15,999999999.9999979,44.120000000000026,44.120000000000026,3.9616158319554153,3.2696391047406856,inf,0,0,0,0,-1,inf,0,-1,0,0,7600,0,0,0,937,6663,1.612874512419017,3.614449253108861,False
intersection_turn,P2,9008,50,5.0,1.0,18.883154914690966,14.72403780401211,0.008714049824343059,2.1131514094617817e-15,999999999.9999979,44.120000000000026,44.120000000000026,3.9616158319554153,3.2696391047406856,inf,0,0,0,0,-1,inf,0,-1,0,0,7600,0,0,0,937,6663,1.612874512419017,3.614449253108861,False
intersection_turn,P3,9008,50,5.0,1.0,18.883154914690966,14.72403780401211,0.008714049824343059,2.1131514094617817e-15,999999999.9999979,44.120000000000026,44.120000000000026,3.9616158319554153,3.2696391047406856,inf,0,0,0,0,-1,inf,0,-1,0,0,7600,0,0,0,937,6663,1.612874512419017,3.614449253108861,False
intersection_turn,P4,9008,50,5.0,1.0,18.883154914690966,14.72403780401211,0.008714049824343059,2.1131514094617817e-15,999999999.9999979,44.120000000000026,44.120000000000026,3.9616158319554153,3.2696391047406856,inf,0,0,0,0,-1,inf,0,-1,0,0,7600,0,0,0,937,6663,1.612874512419017,3.614449253108861,False
intersection_turn,P0,9009,50,5.0,1.0,18.88763614836071,14.72403780401211,0.008711953010724709,2.1131514094617817e-15,999999999.9999979,43.970000000000034,43.970000000000034,4.108637243661178,3.2696391047406856,inf,0,0,0,0,-1,inf,0,-1,0,0,7600,0,0,0,900,6700,1.578875368870595,3.5968439904691327,False
intersection_turn,P1,9009,50,5.0,1.0,18.88763614836071,14.72403780401211,0.008711953010724709,2.1131514094617817e-15,999999999.9999979,43.970000000000034,43.970000000000034,4.108637243661178,3.2696391047406856,inf,0,0,0,0,-1,inf,0,-1,0,0,7600,0,0,0,900,6700,1.578875368870595,3.5968439904691327,False
intersection_turn,P2,9009,50,5.0,1.0,18.88763614836071,14.72403780401211,0.008711953010724709,2.1131514094617817e-15,999999999.9999979,43.970000000000034,43.970000000000034,4.108637243661178,3.2696391047406856,inf,0,0,0,0,-1,inf,0,-1,0,0,7600,0,0,0,900,6700,1.578875368870595,3.5968439904691327,False
intersection_turn,P3,9009,50,5.0,1.0,18.88763614836071,14.72403780401211,0.008711953010724709,2.1131514094617817e-15,999999999.9999979,43.970000000000034,43.970000000000034,4.108637243661178,3.2696391047406856,inf,0,0,0,0,-1,inf,0,-1,0,0,7600,0,0,0,900,6700,1.578875368870595,3.5968439904691327,False
intersection_turn,P4,9009,50,5.0,1.0,19.328559926962438,14.72403780401211,0.008603154346182479,2.1131514094617817e-15,999999999.9999979,43.96333333333337,43.9595993099369,4.081600670248239,3.2696391047406856,inf,0,0,0,0,-1,inf,0,-1,0,0,7600,198,0,0,733,6669,1.578875368870595,3.5968439904691327,False
intersection_turn,P0,9010,50,5.0,1.0,18.873965901834126,14.72403780401211,0.008718680619028866,2.1131514094617817e-15,999999999.9999979,44.33000000000003,44.33000000000003,3.7561815717560574,3.2696391047406856,inf,0,0,0,0,-1,inf,0,-1,0,0,7600,0,0,0,997,6603,1.5752701426179627,3.613638173581725,False
intersection_turn,P1,9010,50,5.0,1.0,18.873965901834126,14.72403780401211,0.008718680619028866,2.1131514094617817e-15,999999999.9999979,44.33000000000003,44.33000000000003,3.7561815717560574,3.2696391047406856,inf,0,0,0,0,-1,inf,0,-1,0,0,7600,0,0,0,997,6603,1.5752701426179627,3.613638173581725,False
intersection_turn,P2,9010,50,5.0,1.0,18.873965901834126,14.72403780401211,0.008718680619028866,2.1131514094617817e-15,999999999.9999979,44.33000000000003,44.33000000000003,3.7561815717560574,3.2696391047406856,inf,0,0,0,0,-1,inf,0,-1,0,0,7600,0,0,0,997,6603,1.5752701426179627,3.613638173581725,False
intersection_turn,P3,9010,50,5.0,1.0,18.873965901834126,14.72403780401211,0.008718680619028866,2.1131514094617817e-15,999999999.9999979,44.33000000000003,44.33000000000003,3.7561815717560574,3.2696391047406856,inf,0,0,0,0,-1,inf,0,-1,0,0,7600,0,0,0,997,6603,1.5752701426179627,3.613638173581725,False
intersection_turn,P4,9010,50,5.0,1.0,18.873965901834126,14.72403780401211,0.008718680619028866,2.1131514094617817e-15,999999999.9999979,44.33000000000003,44.33000000000003,3.7561815717560574,3.2696391047406856,inf,0,0,0,0,-1,inf,0,-1,0,0,7600,0,0,0,997,6603,1.5752701426179627,3.613638173581725,False
intersection_turn,P0,9011,50,5.0,1.0,18.879398646860068,14.72403780401211,0.008715835018432148,2.1131514094617817e-15,999999999.9999979,44.18000000000002,44.18000000000002,3.9028707383155594,3.2696391047406856,inf,0,0,0,0,-1,inf,0,-1,0,0,7600,0,0,0,950,6650,1.5627160130129893,3.6435845367889272,False
intersection_turn,P1,9011,50,5.0,1.0,18.879398646860068,14.72403780401211,0.008715835018432148,2.1131514094617817e-15,999999999.9999979,44.18000000000002,44.18000000000002,3.9028707383155594,3.2696391047406856,inf,0,0,0,0,-1,inf,0,-1,0,0,7600,0,0,0,950,6650,1.5627160130129893,3.6435845367889272,False
intersection_turn,P2,9011,50,5.0,1.0,18.879398646860068,14.72403780401211,0.008715835018432148,2.1131514094617817e-15,999999999.9999979,44.18000000000002,44.18000000000002,3.9028707383155594,3.2696391047406856,inf,0,0,0,0,-1,inf,0,-1,0,0,7600,0,0,0,950,6650,1.5627160130129893,3.6435845367889272,False
intersection_turn,P3,9011,50,5.0,1.0,18.879398646860068,14.72403780401211,0.008715835018432148,2.1131514094617817e-15,999999999.9999979,44.18000000000002,44.18000000000002,3.9028707383155594,3.2696391047406856,inf,0,0,0,0,-1,inf,0,-1,0,0,7600,0,0,0,950,6650,1.5627160130129893,3.6435845367889272,False
intersection_turn,P4,9011,50,5.0,1.0,18.879398646860068,14.72403780401211,0.008715835018432148,2.1131514094617817e-15,999999999.9999979,44.18000000000002,44.18000000000002,3.9028707383155594,3.2696391047406856,inf,0,0,0,0,-1,inf,0,-1,0,0,7600,0,0,0,950,6650,1.5627160130129893,3.6435845367889272,False
intersection_turn,P0,9012,50,5.0,1.0,18.88354287259999,14.72403780401211,0.008713875692271267,2.1131514094617817e-15,999999999.9999979,44.090000000000025,44.090000000000025,3.9910023803550665,3.2696391047406856,inf,0,0,0,0,-1,inf,0,-1,0,0,7600,0,0,0,1060,6540,1.7126610683333732,3.81788998531909,False
intersection_turn,P1,9012,50,5.0,1.0,18.884300015662085,14.72403780401211,0.00871351637742143,2.1131514094617817e-15,999999999.9999979,44.06000000000003,44.06000000000003,4.020397990249194,3.2696391047406856,inf,0,0,0,0,-1,inf,0,-1,0,0,7600,0,0,0,1055,6545,1.7126610683333732,3.81788998531909,False
intersection_turn,P2,9012,50,5.0,1.0,18.88354287259999,14.72403780401211,0.008713875692271267,2.1131514094617817e-15,999999999.9999979,44.090000000000025,44.090000000000025,3.9910023803550665,3.2696391047406856,inf,0,0,0,0,-1,inf,0,-1,0,0,7600,0,0,0,1060,6540,1.7126610683333732,3.81788998531909,False
intersection_turn,P3,9012,50,5.0,1.0,18.88354287259999,14.72403780401211,0.008713875692271267,2.1131514094617817e-15,999999999.9999979,44.090000000000025,44.090000000000025,3.9910023803550665,3.2696391047406856,inf,0,0,0,0,-1,inf,0,-1,0,0,7600,0,0,0,1060,6540,1.7126610683333732,3.81788998531909,False
intersection_turn,P4,9012,50,5.0,1.0,18.88354287259999,14.72403780401211,0.008713875692271267,2.1131514094617817e-15,999999999.9999979,44.090000000000025,44.090000000000025,3.9910023803550665,3.2696391047406856,inf,0,0,0,0,-1,inf,0,-1,0,0,7600,0,0,0,1060,6540,1.7126610683333732,3.81788998531909,False
intersection_turn,P0,9013,50,5.0,1.0,18.885449884679797,14.72403780401211,0.008712967637121318,2.1131514094617817e-15,999999999.9999979,44.05000000000001,44.05000000000001,4.0301985062773165,3.2696391047406856,inf,0,0,0,0,-1,inf,0,-1,0,0,7600,0,0,0,990,6610,1.7837190472773954,3.9643585836287603,False
intersection_turn,P1,9013,50,5.0,1.0,18.885449884679797,14.72403780401211,0.008712967637121318,2.1131514094617817e-15,999999999.9999979,44.05000000000001,44.05000000000001,4.0301985062773165,3.2696391047406856,inf,0,0,0,0,-1,inf,0,-1,0,0,7600,0,0,0,990,6610,1.7837190472773954,3.9643585836287603,False
intersection_turn,P2,9013,50,5.0,1.0,18.885449884679797,14.72403780401211,0.008712967637121318,2.1131514094617817e-15,999999999.9999979,44.05000000000001,44.05000000000001,4.0301985062773165,3.2696391047406856,inf,0,0,0,0,-1,inf,0,-1,0,0,7600,0,0,0,990,6610,1.7837190472773954,3.9643585836287603,False
intersection_turn,P3,9013,50,5.0,1.0,18.885449884679797,14.72403780401211,0.008712967637121318,2.1131514094617817e-15,999999999.9999979,44.05000000000001,44.05000000000001,4.0301985062773165,3.2696391047406856,inf,0,0,0,0,-1,inf,0,-1,0,0,7600,0,0,0,990,6610,1.7837190472773954,3.9643585836287603,False
intersection_turn,P4,9013,50,5.0,1.0,18.885449884679797,14.72403780401211,0.008712967637121318,2.1131514094617817e-15,999999999.9999979,44.05000000000001,44.05000000000001,4.0301985062773165,3.2696391047406856,inf,0,0,0,0,-1,inf,0,-1,0,0,7600,0,0,0,990,6610,1.7837190472773954,3.9643585836287603,False
intersection_turn,P0,9014,50,5.0,1.0,18.86975784585228,14.72403780401211,0.008720890984766163,2.1131514094617817e-15,999999999.9999979,44.39000000000003,44.39000000000003,3.6975802898652237,3.2696391047406856,inf,0,0,0,0,-1,inf,0,-1,0,0,7600,0,0,0,1012,6588,1.5667190559384374,3.5372148251850284,False
intersection_turn,P1,9014,50,5.0,1.0,18.86975784585228,14.72403780401211,0.008720890984766163,2.1131514094617817e-15,999999999.9999979,44.39000000000003,44.39000000000003,3.6975802898652237,3.2696391047406856,inf,0,0,0,0,-1,inf,0,-1,0,0,7600,0,0,0,1012,6588,1.5667190559384374,3.5372148251850284,False
intersection_turn,P2,9014,50,5.0,1.0,18.86975784585228,14.72403780401211,0.008720890984766163,2.1131514094617817e-15,999999999.9999979,44.39000000000003,44.39000000000003,3.6975802898652237,3.2696391047406856,inf,0,0,0,0,-1,inf,0,-1,0,0,7600,0,0,0,1012,6588,1.5667190559384374,3.5372148251850284,False
intersection_turn,P3,9014,50,5.0,1.0,18.86975784585228,14.72403780401211,0.008720890984766163,2.1131514094617817e-15,999999999.9999979,44.39000000000003,44.39000000000003,3.6975802898652237,3.2696391047406856,inf,0,0,0,0,-1,inf,0,-1,0,0,7600,0,0,0,1012,6588,1.5667190559384374,3.5372148251850284,False
intersection_turn,P4,9014,50,5.0,1.0,18.86975784585228,14.72403780401211,0.008720890984766163,2.1131514094617817e-15,999999999.9999979,44.39000000000003,44.39000000000003,3.6975802898652237,3.2696391047406856,inf,0,0,0,0,-1,inf,0,-1,0,0,7600,0,0,0,1012,6588,1.5667190559384374,3.5372148251850284,False
intersection_turn,P0,9015,50,5.0,1.0,18.88243885998404,14.72403780401211,0.008714405389478198,2.1131514094617817e-15,999999999.9999979,44.15000000000001,44.15000000000001,3.93223854820634,3.2696391047406856,inf,0,0,0,0,-1,inf,0,-1,0,0,7600,0,0,0,1053,6547,1.7507140148664397,3.833633017140656,False
intersection_turn,P1,9015,50,5.0,1.0,18.883206828615815,14.72403780401211,0.008714035598545486,2.1131514094617817e-15,999999999.9999979,44.13000000000003,44.13000000000003,3.9518223644288164,3.2696391047406856,inf,0,0,0,0,-1,inf,0,-1,0,0,7600,0,0,0,1046,6554,1.7507140148664397,3.833633017140656,False
intersection_turn,P2,9015,50,5.0,1.0,18.88243885998404,14.72403780401211,0.008714405389478198,2.1131514094617817e-15,999999999.9999979,44.15000000000001,44.15000000000001,3.93223854820634,3.2696391047406856,inf,0,0,0,0,-1,inf,0,-1,0,0,7600,0,0,0,1053,6547,1.7507140148664397,3.833633017140656,False
intersection_turn,P3,9015,50,5.0,1.0,18.88243885998404,14.72403780401211,0.008714405389478198,2.1131514094617817e-15,999999999.9999979,44.15000000000001,44.15000000000001,3.93223854820634,3.2696391047406856,inf,0,0,0,0,-1,inf,0,-1,0,0,7600,0,0,0,1053,6547,1.7507140148664397,3.833633017140656,False
intersection_turn,P4,9015,50,5.0,1.0,18.88243885998404,14.72403780401211,0.008714405389478198,2.1131514094617817e-15,999999999.9999979,44.15000000000001,44.15000000000001,3.93223854820634,3.2696391047406856,inf,0,0,0,0,-1,inf,0,-1,0,0,7600,0,0,0,1053,6547,1.7507140148664397,3.833633017140656,False
intersection_turn,P0,9016,50,5.0,1.0,18.88881598888637,14.72403780401211,0.00871141876364343,2.1131514094617817e-15,999999999.9999979,43.95500000000002,43.95500000000002,4.123351185625576,3.2696391047406856,inf,0,0,0,0,-1,inf,0,-1,0,0,7600,0,0,0,840,6760,1.8224816788831766,3.8649352115622553,False
intersection_turn,P1,9016,50,5.0,1.0,18.88967159074353,14.72403780401211,0.00871103083092367,2.1131514094617817e-15,999999999.9999979,43.91400000000003,43.91400000000003,4.163579709816993,3.2696391047406856,inf,0,0,0,0,-1,inf,0,-1,0,0,7600,0,0,0,829,6771,1.8224816788831766,3.8649352115622553,False
intersection_turn,P2,9016,50,5.0,1.0,18.88888604823292,14.72403780401211,0.00871138603534464,2.1131514094617817e-15,999999999.9999979,43.95000000000002,43.95000000000002,4.128256290493586,3.2696391047406856,inf,0,0,0,0,-1,inf,0,-1,0,0,7600,0,0,0,839,6761,1.8224816788831766,3.8649352115622553,False
intersection_turn,P3,9016,50,5.0,1.0,18.8888300611723,14.72403780401211,0.008711412185167135,2.1131514094617817e-15,999999999.9999979,43.95400000000002,43.95400000000002,4.124332188366963,3.2696391047406856,inf,0,0,0,0,-1,inf,0,-1,0,0,7600,0,0,0,840,6760,1.8224816788831766,3.8649352115622553,False
intersection_turn,P4,9016,50,5.0,1.0,18.8888300611723,14.72403780401211,0.008711412185167135,2.1131514094617817e-15,999999999.9999979,43.95400000000002,43.95400000000002,4.124332188366963,3.2696391047406856,inf,0,0,0,0,-1,inf,0,-1,0,0,7600,0,0,0,840,6760,1.8224816788831766,3.8649352115622553,False
intersection_turn,P0,9017,50,5.0,1.0,18.879239372927476,14.72403780401211,0.008715939843270619,2.1131514094617817e-15,999999999.9999979,44.20000000000003,44.20000000000003,3.8832975677894894,3.2696391047406856,inf,0,0,0,0,-1,inf,0,-1,0,0,7600,0,0,0,1039,6561,1.6013145330173364,3.6399410007587303,False
intersection_turn,P1,9017,50,5.0,1.0,18.879239372927476,14.72403780401211,0.008715939843270619,2.1131514094617817e-15,999999999.9999979,44.20000000000003,44.20000000000003,3.8832975677894894,3.2696391047406856,inf,0,0,0,0,-1,inf,0,-1,0,0,7600,0,0,0,1039,6561,1.6013145330173364,3.6399410007587303,False
intersection_turn,P2,9017,50,5.0,1.0,18.879239372927476,14.72403780401211,0.008715939843270619,2.1131514094617817e-15,999999999.9999979,44.20000000000003,44.20000000000003,3.8832975677894894,3.2696391047406856,inf,0,0,0,0,-1,inf,0,-1,0,0,7600,0,0,0,1039,6561,1.6013145330173364,3.6399410007587303,False
intersection_turn,P3,9017,50,5.0,1.0,18.879239372927476,14.72403780401211,0.008715939843270619,2.1131514094617817e-15,999999999.9999979,44.20000000000003,44.20000000000003,3.8832975677894894,3.2696391047406856,inf,0,0,0,0,-1,inf,0,-1,0,0,7600,0,0,0,1039,6561,1.6013145330173364,3.6399410007587303,False
intersection_turn,P4,9017,50,5.0,1.0,18.879239372927476,14.72403780401211,0.008715939843270619,2.1131514094617817e-15,999999999.9999979,44.20000000000003,44.20000000000003,3.8832975677894894,3.2696391047406856,inf,0,0,0,0,-1,inf,0,-1,0,0,7600,0,0,0,1039,6561,1.6013145330173364,3.6399410007587303,False
intersection_turn,P0,9018,50,5.0,1.0,18.88533892483131,14.72403780401211,0.00871302221817359,2.1131514094617817e-15,999999999.9999979,44.03000000000002,44.03000000000002,4.049802464318454,3.2696391047406856,inf,0,0,0,0,-1,inf,0,-1,0,0,7600,0,0,0,991,6609,1.7093776381043788,3.8440636066910634,False
intersection_turn,P1,9018,50,5.0,1.0,18.885920280808225,14.72403780401211,0.00871275242739888,2.1131514094617817e-15,999999999.9999979,44.010000000000026,44.010000000000026,4.069410276686265,3.2696391047406856,inf,0,0,0,0,-1,inf,0,-1,0,0,7600,0,0,0,986,6614,1.7093776381043788,3.8440636066910634,False
intersection_turn,P2,9018,50,5.0,1.0,18.88533892483131,14.72403780401211,0.00871302221817359,2.1131514094617817e-15,999999999.9999979,44.03000000000002,44.03000000000002,4.049802464318454,3.2696391047406856,inf,0,0,0,0,-1,inf,0,-1,0,0,7600,0,0,0,991,6609,1.7093776381043788,3.8440636066910634,False
intersection_turn,P3,9018,50,5.0,1.0,18.88533892483131,14.72403780401211,0.00871302221817359,2.1131514094617817e-15,999999999.9999979,44.03000000000002,44.03000000000002,4.049802464318454,3.2696391047406856,inf,0,0,0,0,-1,inf,0,-1,0,0,7600,0,0,0,991,6609,1.7093776381043788,3.8440636066910634,False
intersection_turn,P4,9018,50,5.0,1.0,18.88533892483131,14.72403780401211,0.00871302221817359,2.1131514094617817e-15,999999999.9999979,44.03000000000002,44.03000000000002,4.049802464318454,3.2696391047406856,inf,0,0,0,0,-1,inf,0,-1,0,0,7600,0,0,0,991,6609,1.7093776381043788,3.8440636066910634,False
intersection_turn,P0,9019,50,5.0,1.0,18.882593391925482,14.72403780401211,0.008714348364116681,2.1131514094617817e-15,999999999.9999979,44.16000000000004,44.16000000000004,3.9224482150819657,3.2696391047406856,inf,0,0,0,0,-1,inf,0,-1,0,0,7600,0,0,0,957,6643,1.7344524602526286,3.79068039860401,False
intersection_turn,P1,9019,50,5.0,1.0,18.882593391925482,14.72403780401211,0.008714348364116681,2.1131514094617817e-15,999999999.9999979,44.16000000000004,44.16000000000004,3.9224482150819657,3.2696391047406856,inf,0,0,0,0,-1,inf,0,-1,0,0,7600,0,0,0,957,6643,1.7344524602526286,3.79068039860401,False
intersection_turn,P2,9019,50,5.0,1.0,18.882593391925482,14.72403780401211,0.008714348364116681,2.1131514094617817e-15,999999999.9999979,44.16000000000004,44.16000000000004,3.9224482150819657,3.2696391047406856,inf,0,0,0,0,-1,inf,0,-1,0,0,7600,0,0,0,957,6643,1.7344524602526286,3.79068039860401,False
intersection_turn,P3,9019,50,5.0,1.0,18.882593391925482,14.72403780401211,0.008714348364116681,2.1131514094617817e-15,999999999.9999979,44.16000000000004,44.16000000000004,3.9224482150819657,3.2696391047406856,inf,0,0,0,0,-1,inf,0,-1,0,0,7600,0,0,0,957,6643,1.7344524602526286,3.79068039860401,False
intersection_turn,P4,9019,50,5.0,1.0,19.47216995786001,14.72403780401211,0.008598808276146612,2.1131514094617817e-15,999999999.9999979,43.96666666666669,43.95467403993374,4.068955649256368,3.2696391047406856,inf,0,0,0,0,-1,inf,0,-1,0,0,7600,364,0,0,653,6583,1.7344524602526286,3.79068039860401,False
occluding_cut_in,P0,9000,50,5.0,1.0,11.267888282720728,7.327224075401506,0.2107706627715266,0.00021432353040528026,999785676.4695947,17.087302883832308,17.087302883832308,19.431160541768985,11.331044181969368,1.912697116167692,0,0,0,0,-1,inf,0,-1,0,0,7600,182,0,3814,0,3604,2.236508710247554,5.049424401377409,False
occluding_cut_in,P1,9000,50,5.0,1.0,11.332110574919035,7.317204022519822,0.2083959278339579,0.00021492416088724126,999785075.8391128,17.12178035333541,17.115394505041873,19.430094201262467,11.331044181969368,1.884920524226191,0,0,0,0,-1,inf,0,-1,0,0,7600,321,0,3697,0,3582,2.236508710247554,5.049424401377409,False
occluding_cut_in,P2,9000,50,5.0,1.0,11.18816933512213,7.346569653191002,0.21586657007766732,0.0002080808762265537,999791919.1237735,17.151780353335415,17.141282313467723,19.429070033382242,11.331044181969368,1.8631485915805577,0,0,0,0,-1,inf,0,-1,0,0,7600,355,0,3670,0,3575,2.236508710247554,5.049424401377409,False
occluding_cut_in,P3,9000,50,5.0,1.0,11.110482535262593,7.326894548691421,0.2222887307412461,0.00021561099413591555,999784389.0058641,17.15178035333542,17.14141999371464,19.430094201262467,11.331044181969368,1.871072585264871,0,0,0,0,-1,inf,0,-1,0,0,7600,330,0,3695,0,3575,2.236508710247554,5.049424401377409,False
occluding_cut_in,P4,9000,50,5.0,1.0,11.267888282720728,7.327224075401506,0.2107706627715266,0.00021432353040528026,999785676.4695947,17.087302883832308,17.087302883832308,19.431160541768985,11.331044181969368,1.912697116167692,0,0,0,0,-1,inf,0,-1,0,0,7600,182,0,3814,0,3604,2.236508710247554,5.049424401377409,False
occluding_cut_in,P0,9001,50,5.0,1.0,11.267888282720728,7.327224075401506,0.2107706627715266,0.00021432353040528026,999785676.4695947,17.087302883832308,17.087302883832308,19.431160541768985,11.331044181969368,1.912697116167692,0,0,0,0,-1,inf,0,-1,0,0,7600,182,0,3814,0,3604,2.0694366379210174,4.7190311108022716,False
occluding_cut_in,P1,9001,50,5.0,1.0,11.328220731869775,7.326331172501157,0.2081802931586817,0.0002123833658676743,999787616.6341324,17.121780353335406,17.11591623790376,19.43013353196599,11.331044181969368,1.884317558638751,0,0,0,0,-1,inf,0,-1,0,0,7600,296,0,3726,0,3578,2.0694366379210174,4.7190311108022716,False
occluding_cut_in,P2,9001,50,5.0,1.0,11.18503284799463,7.339654199503235,0.21578966851087075,0.0002091103767101219,999790889.62329,17.15178035333542,17.141898185769094,19.430094201262467,11.331044181969368,1.863837459608201,0,0,0,0,-1,inf,0,-1,0,0,7600,329,0,3696,0,3575,2.0694366379210174,4.7190311108022716,False
occluding_cut_in,P3,9001,50,5.0,1.0,11.188730860473086,7.323169320534642,0.21491378570597813,0.0002136283809497396,999786371.6190503,17.15178035333541,17.145196624852222,19.431160541768985,11.331044181969368,1.862832600337549,0,0,0,0,-1,inf,0,-1,0,0,7600,282,0,3743,0,3575,2.0694366379210174,4.7190311108022716,False
occluding_cut_in,P4,9001,50,5.0,1.0,11.267888282720728,7.327224075401506,0.2107706627715266,0.00021432353040528026,999785676.4695947,17.087302883832308,17.087302883832308,19.431160541768985,11.331044181969368,1.912697116167692,0,0,0,0,-1,inf,0,-1,0,0,7600,182,0,3814,0,3604,2.0694366379210174,4.7190311108022716,False
occluding_cut_in,P0,9002,50,5.0,1.0,11.267888282720728,7.327224075401506,0.2107706627715266,0.00021432353040528026,999785676.4695947,17.087302883832308,17.087302883832308,19.431160541768985,11.331044181969368,1.912697116167692,0,0,0,0,-1,inf,0,-1,0,0,7600,182,0,3814,0,3604,2.045198073203585,4.605688830064313,False
occluding_cut_in,P1,9002,50,5.0,1.0,11.32259098532521,7.330849635099795,0.20818126146480598,0.00021115231607467784,999788847.6839255,17.121780353335417,17.116341439325343,19.431160541768985,11.331044181969368,1.8837879858002218,0,0,0,0,-1,inf,0,-1,0,0,7600,270,0,3750,0,3580,2.045198073203585,4.605688830064313,False
occluding_cut_in,P2,9002,50,5.0,1.0,11.196766385412548,7.328414488419855,0.2174767325720963,0.0002145978516012744,999785402.1483989,17.139263734065537,17.128619776554984,19.433133628587235,11.331044181969368,1.8730956592448713,0,0,0,0,-1,inf,0,-1,0,0,7600,328,0,3696,0,3576,2.045198073203585,4.605688830064313,False
occluding_cut_in,P3,9002,50,5.0,1.0,11.188730860473086,7.323169320534642,0.21491378570597813,0.0002136283809497396,999786371.6190503,17.15178035333541,17.145196624852222,19.431160541768985,11.331044181969368,1.862832600337549,0,0,0,0,-1,inf,0,-1,0,0,7600,282,0,3743,0,3575,2.045198073203585,4.605688830064313,False
occluding_cut_in,P4,9002,50,5.0,1.0,11.267888282720728,7.327224075401506,0.2107706627715266,0.00021432353040528026,999785676.4695947,17.087302883832308,17.087302883832308,19.431160541768985,11.331044181969368,1.912697116167692,0,0,0,0,-1,inf,0,-1,0,0,7600,182,0,3814,0,3604,2.045198073203585,4.605688830064313,False
occluding_cut_in,P0,9003,50,5.0,1.0,11.267888282720728,7.327224075401506,0.2107706627715266,0.00021432353040528026,999785676.4695947,17.087302883832308,17.087302883832308,19.431160541768985,11.331044181969368,1.912697116167692,0,0,0,0,-1,inf,0,-1,0,0,7600,182,0,3814,0,3604,2.020775338962199,4.67894251683254,False
occluding_cut_in,P1,9003,50,5.0,1.0,11.276963380877083,7.330914167477342,0.21037900968694642,0.00021314547187283376,999786854.5281272,17.087302883832308,17.08684058791738,19.43013353196599,11.331044181969368,1.913174713293892,0,0,0,0,-1,inf,0,-1,0,0,7600,211,0,3789,0,3600,2.020775338962199,4.67894251683254,False
occluding_cut_in,P2,9003,50,5.0,1.0,11.196786944937497,7.337191093635807,0.2154759439718455,0.00021095573300218003,999789044.2669979,17.151780353335425,17.142163523128445,19.428020504095343,11.331044181969368,1.8616610242549663,0,0,0,0,-1,inf,0,-1,0,0,7600,368,0,3657,0,3575,2.020775338962199,4.67894251683254,False
occluding_cut_in,P3,9003,50,5.0,1.0,11.199130816814181,7.356061034498325,0.21413805358081653,0.000205079719788151,999794920.2802118,17.151780353335415,17.14460914194521,19.43013353196599,11.331044181969368,1.8618445850186753,0,0,0,0,-1,inf,0,-1,0,0,7600,308,0,3721,0,3571,2.020775338962199,4.67894251683254,False
occluding_cut_in,P4,9003,50,5.0,1.0,11.267888282720728,7.327224075401506,0.2107706627715266,0.00021432353040528026,999785676.4695947,17.087302883832308,17.087302883832308,19.431160541768985,11.331044181969368,1.912697116167692,0,0,0,0,-1,inf,0,-1,0,0,7600,182,0,3814,0,3604,2.020775338962199,4.67894251683254,False
occluding_cut_in,P0,9004,50,5.0,1.0,11.267888282720728,7.327224075401506,0.2107706627715266,0.00021432353040528026,999785676.4695947,17.087302883832308,17.087302883832308,19.431160541768985,11.331044181969368,1.912697116167692,0,0,0,0,-1,inf,0,-1,0,0,7600,182,0,3814,0,3604,2.122312493233909,4.859681844703765,False
occluding_cut_in,P1,9004,50,5.0,1.0,11.323529922543887,7.344714577229324,0.20783637704025407,0.00020744801661319413,999792551.9833866,17.121780353335428,17.116769463525344,19.431160541768985,11.331044181969368,1.8835758807025362,0,0,0,0,-1,inf,0,-1,0,0,7600,299,0,3720,0,3581,2.122312493233909,4.859681844703765,False
occluding_cut_in,P2,9004,50,5.0,1.0,11.201647634344402,7.358379049554543,0.2151735306038816,0.00020446212536482774,999795537.8746353,17.15178035333541,17.141062881760497,19.42810077019037,11.331044181969368,1.8635751868897756,0,0,0,0,-1,inf,0,-1,0,0,7600,395,0,3638,0,3567,2.122312493233909,4.859681844703765,False
occluding_cut_in,P3,9004,50,5.0,1.0,11.202189795197482,7.357528109595406,0.21421375202681323,0.000204669026887397,999795330.9731126,17.151780353335415,17.143840049942327,19.42906718105352,11.331044181969368,1.8620315890357273,0,0,0,0,-1,inf,0,-1,0,0,7600,338,0,3695,0,3567,2.122312493233909,4.859681844703765,False
occluding_cut_in,P4,9004,50,5.0,1.0,11.267888282720728,7.327224075401506,0.2107706627715266,0.00021432353040528026,999785676.4695947,17.087302883832308,17.087302883832308,19.431160541768985,11.331044181969368,1.912697116167692,0,0,0,0,-1,inf,0,-1,0,0,7600,182,0,3814,0,3604,2.122312493233909,4.859681844703765,False
occluding_cut_in,P0,9005,50,5.0,1.0,11.267888282720728,7.327224075401506,0.2107706627715266,0.00021432353040528026,999785676.4695947,17.087302883832308,17.087302883832308,19.431160541768985,11.331044181969368,1.912697116167692,0,0,0,0,-1,inf,0,-1,0,0,7600,182,0,3814,0,3604,1.9231246571925498,4.458599560991289,False
occluding_cut_in,P1,9005,50,5.0,1.0,11.3001277500668,7.353114950902221,0.208425261639691,0.00020585546103420025,999794144.5389657,17.121780353335414,17.118624309963533,19.43013353196599,11.331044181969368,1.8816690398021683,0,0,0,0,-1,inf,0,-1,0,0,7600,250,0,3773,0,3577,1.9231246571925498,4.458599560991289,False
occluding_cut_in,P2,9005,50,5.0,1.0,11.241532334536684,7.348806511430331,0.2134431764884724,0.0002080407196453287,999791959.2803547,17.096720715219124,17.092105632699788,19.42902108482531,11.331044181969368,1.9098528538218829,0,0,0,0,-1,inf,0,-1,0,0,7600,273,0,3731,0,3596,1.9231246571925498,4.458599560991289,False
occluding_cut_in,P3,9005,50,5.0,1.0,11.199130816814181,7.356061034498325,0.21413805358081653,0.000205079719788151,999794920.2802118,17.151780353335415,17.14460914194521,19.43013353196599,11.331044181969368,1.8618445850186753,0,0,0,0,-1,inf,0,-1,0,0,7600,308,0,3721,0,3571,1.9231246571925498,4.458599560991289,False
occluding_cut_in,P4,9005,50,5.0,1.0,11.267888282720728,7.327224075401506,0.2107706627715266,0.00021432353040528026,999785676.4695947,17.087302883832308,17.087302883832308,19.431160541768985,11.331044181969368,1.912697116167692,0,0,0,0,-1,inf,0,-1,0,0,7600,182,0,3814,0,3604,1.9231246571925498,4.458599560991289,False
occluding_cut_in,P0,9006,50,5.0,1.0,11.267888282720728,7.327224075401506,0.2107706627715266,0.00021432353040528026,999785676.4695947,17.087302883832308,17.087302883832308,19.431160541768985,11.331044181969368,1.912697116167692,0,0,0,0,-1,inf,0,-1,0,0,7600,182,0,3814,0,3604,1.9990717305850219,4.5711068011340314,False
occluding_cut_in,P1,9006,50,5.0,1.0,11.302438581173565,7.353591518223721,0.208176956459349,0.00020539113233300558,999794608.8676671,17.121780353335414,17.11831932101108,19.431160541768985,11.331044181969368,1.8818062231194883,0,0,0,0,-1,inf,0,-1,0,0,7600,232,0,3787,0,3581,1.9990717305850219,4.5711068011340314,False
occluding_cut_in,P2,9006,50,5.0,1.0,11.107775349567344,7.325385328508848,0.22251478459329055,0.00021610844700436602,999783891.5529958,17.151780353335425,17.141289758271174,19.430073758811165,11.331044181969368,1.8713197526690561,0,0,0,0,-1,inf,0,-1,0,0,7600,333,0,3692,0,3575,1.9990717305850219,4.5711068011340314,False
occluding_cut_in,P3,9006,50,5.0,1.0,11.111649839346782,7.332463616707964,0.22175011372850684,0.00021383137110448101,999786168.6288955,17.15178035333541,17.14231219455394,19.431160541768985,11.331044181969368,1.8710232551863193,0,0,0,0,-1,inf,0,-1,0,0,7600,304,0,3721,0,3575,1.9990717305850219,4.5711068011340314,False
occluding_cut_in,P4,9006,50,5.0,1.0,11.267888282720728,7.327224075401506,0.2107706627715266,0.00021432353040528026,999785676.4695947,17.087302883832308,17.087302883832308,19.431160541768985,11.331044181969368,1.912697116167692,0,0,0,0,-1,inf,0,-1,0,0,7600,182,0,3814,0,3604,1.9990717305850219,4.5711068011340314,False
occluding_cut_in,P0,9007,50,5.0,1.0,11.267888282720728,7.327224075401506,0.2107706627715266,0.00021432353040528026,999785676.4695947,17.087302883832308,17.087302883832308,19.431160541768985,11.331044181969368,1.912697116167692,0,0,0,0,-1,inf,0,-1,0,0,7600,182,0,3814,0,3604,2.0271637120754717,4.624597932615985,False
occluding_cut_in,P1,9007,50,5.0,1.0,11.311378602159753,7.349014587157961,0.2079716628434389,0.00020637574603807674,999793624.2539618,17.121780353335414,17.117622715201758,19.431160541768985,11.331044181969368,1.8824849619202388,0,0,0,0,-1,inf,0,-1,0,0,7600,237,0,3784,0,3579,2.0271637120754717,4.624597932615985,False
occluding_cut_in,P2,9007,50,5.0,1.0,11.230696940318678,7.351286970130206,0.21341323529873268,0.00020714780381925966,999792852.1961806,17.109263734065536,17.103890552950787,19.433133628587235,11.331044181969368,1.898345575441665,0,0,0,0,-1,inf,0,-1,0,0,7600,258,0,3751,0,3591,2.0271637120754717,4.624597932615985,False
occluding_cut_in,P3,9007,50,5.0,1.0,11.171875733710857,7.333605833077077,0.21495380087290047,0.00021066228407198067,999789337.7159281,17.15178035333541,17.14487247370373,19.435032721914393,11.331044181969368,1.864576446601228,0,0,0,0,-1,inf,0,-1,0,0,7600,342,0,3691,0,3567,2.0271637120754717,4.624597932615985,False
occluding_cut_in,P4,9007,50,5.0,1.0,11.267888282720728,7.327224075401506,0.2107706627715266,0.00021432353040528026,999785676.4695947,17.087302883832308,17.087302883832308,19.431160541768985,11.331044181969368,1.912697116167692,0,0,0,0,-1,inf,0,-1,0,0,7600,182,0,3814,0,3604,2.0271637120754717,4.624597932615985,False
occluding_cut_in,P0,9008,50,5.0,1.0,11.267888282720728,7.327224075401506,0.2107706627715266,0.00021432353040528026,999785676.4695947,17.087302883832308,17.087302883832308,19.431160541768985,11.331044181969368,1.912697116167692,0,0,0,0,-1,inf,0,-1,0,0,7600,182,0,3814,0,3604,2.0446041312115977,4.708559449648159,False
occluding_cut_in,P1,9008,50,5.0,1.0,11.32641752979756,7.319765403233969,0.20844227475307264,0.00021422358668181642,999785776.4133182,17.12178035333541,17.115760141865753,19.431160541768985,11.331044181969368,1.8844060385324797,0,0,0,0,-1,inf,0,-1,0,0,7600,295,0,3725,0,3580,2.0446041312115977,4.708559449648159,False
occluding_cut_in,P2,9008,50,5.0,1.0,11.175019714200964,7.36219329629697,0.21644261492479372,0.00020343671155943966,999796563.2884406,17.17353720412902,17.15966099532262,19.431160541768985,11.331044181969368,1.8432977905978762,0,0,0,0,-1,inf,0,-1,0,0,7600,371,0,3669,0,3560,2.0446041312115977,4.708559449648159,False
occluding_cut_in,P3,9008,50,5.0,1.0,11.111649839346782,7.332463616707964,0.22175011372850684,0.00021383137110448101,999786168.6288955,17.15178035333541,17.14231219455394,19.431160541768985,11.331044181969368,1.8710232551863193,0,0,0,0,-1,inf,0,-1,0,0,7600,304,0,3721,0,3575,2.0446041312115977,4.708559449648159,False
occluding_cut_in,P4,9008,50,5.0,1.0,11.267888282720728,7.327224075401506,0.2107706627715266,0.00021432353040528026,999785676.4695947,17.087302883832308,17.087302883832308,19.431160541768985,11.331044181969368,1.912697116167692,0,0,0,0,-1,inf,0,-1,0,0,7600,182,0,3814,0,3604,2.0446041312115977,4.708559449648159,False
occluding_cut_in,P0,9009,50,5.0,1.0,11.267888282720728,7.327224075401506,0.2107706627715266,0.00021432353040528026,999785676.4695947,17.087302883832308,17.087302883832308,19.431160541768985,11.331044181969368,1.912697116167692,0,0,0,0,-1,inf,0,-1,0,0,7600,182,0,3814,0,3604,1.9841330657377356,4.574813734233022,False
occluding_cut_in,P1,9009,50,5.0,1.0,11.318117202915344,7.346777872757504,0.2078571064664496,0.0002069281249115017,999793071.8750887,17.121780353335417,17.117194242825846,19.43013353196599,11.331044181969368,1.8830099866060035,0,0,0,0,-1,inf,0,-1,0,0,7600,266,0,3757,0,3577,1.9841330657377356,4.574813734233022,False
occluding_cut_in,P2,9009,50,5.0,1.0,11.184655886519955,7.344973534918988,0.2154781521159735,0.00020687544511968677,999793124.5548804,17.135545583644515,17.123580622550783,19.43013353196599,11.331044181969368,1.8788502045275304,0,0,0,0,-1,inf,0,-1,0,0,7600,344,0,3649,0,3607,1.9841330657377356,4.574813734233022,False
occluding_cut_in,P3,9009,50,5.0,1.0,11.197714630725336,7.356509060113466,0.21426811040009994,0.00020471969377836862,999795280.3062217,17.151780353335422,17.144674857593426,19.43013353196599,11.331044181969368,1.861175591180816,0,0,0,0,-1,inf,0,-1,0,0,7600,303,0,3726,0,3571,1.9841330657377356,4.574813734233022,False
occluding_cut_in,P4,9009,50,5.0,1.0,11.267888282720728,7.327224075401506,0.2107706627715266,0.00021432353040528026,999785676.4695947,17.087302883832308,17.087302883832308,19.431160541768985,11.331044181969368,1.912697116167692,0,0,0,0,-1,inf,0,-1,0,0,7600,182,0,3814,0,3604,1.9841330657377356,4.574813734233022,False
occluding_cut_in,P0,9010,50,5.0,1.0,11.267888282720728,7.327224075401506,0.2107706627715266,0.00021432353040528026,999785676.4695947,17.087302883832308,17.087302883832308,19.431160541768985,11.331044181969368,1.912697116167692,0,0,0,0,-1,inf,0,-1,0,0,7600,182,0,3814,0,3604,1.9371861556321617,4.495257527242439,False
occluding_cut_in,P1,9010,50,5.0,1.0,11.289445943630772,7.342689165104604,0.2094229478708295,0.00020923845846061495,999790761.5415394,17.087302883832304,17.085957907423442,19.43013353196599,11.331044181969368,1.914046008693127,0,0,0,0,-1,inf,0,-1,0,0,7600,220,0,3780,0,3600,1.9371861556321617,4.495257527242439,False
occluding_cut_in,P2,9010,50,5.0,1.0,11.237984396402712,7.348411669860199,0.2133351507000627,0.00020808773445762894,999791912.2655423,17.096720715219103,17.092765427591445,19.430094201262467,11.331044181969368,1.9095319180822474,0,0,0,0,-1,inf,0,-1,0,0,7600,241,0,3759,0,3600,1.9371861556321617,4.495257527242439,False
occluding_cut_in,P3,9010,50,5.0,1.0,11.234115978422913,7.347532739074193,0.2132565692115898,0.00020827732696175155,999791722.6730384,17.09672071521911,17.09343247158598,19.431160541768985,11.331044181969368,1.9092338673411526,0,0,0,0,-1,inf,0,-1,0,0,7600,216,0,3784,0,3600,1.9371861556321617,4.495257527242439,False
occluding_cut_in,P4,9010,50,5.0,1.0,11.267888282720728,7.327224075401506,0.2107706627715266,0.00021432353040528026,999785676.4695947,17.087302883832308,17.087302883832308,19.431160541768985,11.331044181969368,1.912697116167692,0,0,0,0,-1,inf,0,-1,0,0,7600,182,0,3814,0,3604,1.9371861556321617,4.495257527242439,False
occluding_cut_in,P0,9011,50,5.0,1.0,11.267888282720728,7.327224075401506,0.2107706627715266,0.00021432353040528026,999785676.4695947,17.087302883832308,17.087302883832308,19.431160541768985,11.331044181969368,1.912697116167692,0,0,0,0,-1,inf,0,-1,0,0,7600,182,0,3814,0,3604,1.993312493236331,4.662031427717469,False
occluding_cut_in,P1,9011,50,5.0,1.0,11.32259098532521,7.330849635099795,0.20818126146480598,0.00021115231607467784,999788847.6839255,17.121780353335417,17.116341439325343,19.431160541768985,11.331044181969368,1.8837879858002218,0,0,0,0,-1,inf,0,-1,0,0,7600,270,0,3750,0,3580,1.993312493236331,4.662031427717469,False
occluding_cut_in,P2,9011,50,5.0,1.0,11.186075618820407,7.330539289814475,0.21570086009281156,0.00021294527912640434,999787054.7208736,17.151780353335415,17.143391869241814,19.430094201262467,11.331044181969368,1.8615756950911542,0,0,0,0,-1,inf,0,-1,0,0,7600,316,0,3709,0,3575,1.993312493236331,4.662031427717469,False
occluding_cut_in,P3,9011,50,5.0,1.0,11.110193745786946,7.321493843175827,0.22275828606353712,0.00021733650592131214,999782663.4940786,17.151780353335415,17.14059414129135,19.42906718105352,11.331044181969368,1.8710372311344217,0,0,0,0,-1,inf,0,-1,0,0,7600,366,0,3667,0,3567,1.993312493236331,4.662031427717469,False
occluding_cut_in,P4,9011,50,5.0,1.0,11.267888282720728,7.327224075401506,0.2107706627715266,0.00021432353040528026,999785676.4695947,17.087302883832308,17.087302883832308,19.431160541768985,11.331044181969368,1.912697116167692,0,0,0,0,-1,inf,0,-1,0,0,7600,182,0,3814,0,3604,1.993312493236331,4.662031427717469,False
occluding_cut_in,P0,9012,50,5.0,1.0,11.267888282720728,7.327224075401506,0.2107706627715266,0.00021432353040528026,999785676.4695947,17.087302883832308,17.087302883832308,19.431160541768985,11.331044181969368,1.912697116167692,0,0,0,0,-1,inf,0,-1,0,0,7600,182,0,3814,0,3604,2.039523884466683,4.783729763623461,False
occluding_cut_in,P1,9012,50,5.0,1.0,11.32641752979756,7.319765403233969,0.20844227475307264,0.00021422358668181642,999785776.4133182,17.12178035333541,17.115760141865753,19.431160541768985,11.331044181969368,1.8844060385324797,0,0,0,0,-1,inf,0,-1,0,0,7600,295,0,3725,0,3580,2.039523884466683,4.783729763623461,False
occluding_cut_in,P2,9012,50,5.0,1.0,11.247849540917121,7.340815012458834,0.21461636854754762,0.00021060421127506,999789395.788725,17.10926373406554,17.101305601602693,19.42902108482531,11.331044181969368,1.8996968893496033,0,0,0,0,-1,inf,0,-1,0,0,7600,326,0,3687,0,3587,2.039523884466683,4.783729763623461,False
occluding_cut_in,P3,9012,50,5.0,1.0,11.234115978422913,7.347532739074193,0.2132565692115898,0.00020827732696175155,999791722.6730384,17.09672071521911,17.09343247158598,19.431160541768985,11.331044181969368,1.9092338673411526,0,0,0,0,-1,inf,0,-1,0,0,7600,216,0,3784,0,3600,2.039523884466683,4.783729763623461,False
occluding_cut_in,P4,9012,50,5.0,1.0,11.267888282720728,7.327224075401506,0.2107706627715266,0.00021432353040528026,999785676.4695947,17.087302883832308,17.087302883832308,19.431160541768985,11.331044181969368,1.912697116167692,0,0,0,0,-1,inf,0,-1,0,0,7600,182,0,3814,0,3604,2.039523884466683,4.783729763623461,False
occluding_cut_in,P0,9013,50,5.0,1.0,11.267888282720728,7.327224075401506,0.2107706627715266,0.00021432353040528026,999785676.4695947,17.087302883832308,17.087302883832308,19.431160541768985,11.331044181969368,1.912697116167692,0,0,0,0,-1,inf,0,-1,0,0,7600,182,0,3814,0,3604,2.066445214034944,4.802323028794282,False
occluding_cut_in,P1,9013,50,5.0,1.0,11.27959823775745,7.3462779110606355,0.2100196495923135,0.00020811949895195854,999791880.501048,17.087302883832304,17.08643884012282,19.430094201262467,11.331044181969368,1.9136055059923018,0,0,0,0,-1,inf,0,-1,0,0,7600,216,0,3780,0,3604,2.066445214034944,4.802323028794282,False
occluding_cut_in,P2,9013,50,5.0,1.0,11.239816059035615,7.348858456009843,0.21357968894979265,0.0002080533438758597,999791946.6561241,17.096720715219128,17.09198709612105,19.429027819371885,11.331044181969368,1.910035992509385,0,0,0,0,-1,inf,0,-1,0,0,7600,270,0,3730,0,3600,2.066445214034944,4.802323028794282,False
occluding_cut_in,P3,9013,50,5.0,1.0,11.195220078189754,7.354345850186862,0.21412403749681036,0.00020556110229852885,999794438.8977014,17.151780353335408,17.145345201145346,19.431160541768985,11.331044181969368,1.8617540578986738,0,0,0,0,-1,inf,0,-1,0,0,7600,279,0,3746,0,3575,2.066445214034944,4.802323028794282,False
occluding_cut_in,P4,9013,50,5.0,1.0,11.267888282720728,7.327224075401506,0.2107706627715266,0.00021432353040528026,999785676.4695947,17.087302883832308,17.087302883832308,19.431160541768985,11.331044181969368,1.912697116167692,0,0,0,0,-1,inf,0,-1,0,0,7600,182,0,3814,0,3604,2.066445214034944,4.802323028794282,False
occluding_cut_in,P0,9014,50,5.0,1.0,11.267888282720728,7.327224075401506,0.2107706627715266,0.00021432353040528026,999785676.4695947,17.087302883832308,17.087302883832308,19.431160541768985,11.331044181969368,1.912697116167692,0,0,0,0,-1,inf,0,-1,0,0,7600,182,0,3814,0,3604,1.8754138311910105,4.451606663516725,False
occluding_cut_in,P1,9014,50,5.0,1.0,11.311378602159753,7.349014587157961,0.2079716628434389,0.00020637574603807674,999793624.2539618,17.121780353335414,17.117622715201758,19.431160541768985,11.331044181969368,1.8824849619202388,0,0,0,0,-1,inf,0,-1,0,0,7600,237,0,3784,0,3579,1.8754138311910105,4.451606663516725,False
occluding_cut_in,P2,9014,50,5.0,1.0,11.222601870957808,7.344685878004649,0.21524704515085424,0.00020936202785666778,999790637.9721433,17.139263734065544,17.130520724208843,19.430094201262467,11.331044181969368,1.870638421737648,0,0,0,0,-1,inf,0,-1,0,0,7600,296,0,3728,0,3576,1.8754138311910105,4.451606663516725,False
occluding_cut_in,P3,9014,50,5.0,1.0,11.195220078189754,7.354345850186862,0.21412403749681036,0.00020556110229852885,999794438.8977014,17.151780353335408,17.145345201145346,19.431160541768985,11.331044181969368,1.8617540578986738,0,0,0,0,-1,inf,0,-1,0,0,7600,279,0,3746,0,3575,1.8754138311910105,4.451606663516725,False
occluding_cut_in,P4,9014,50,5.0,1.0,11.267888282720728,7.327224075401506,0.2107706627715266,0.00021432353040528026,999785676.4695947,17.087302883832308,17.087302883832308,19.431160541768985,11.331044181969368,1.912697116167692,0,0,0,0,-1,inf,0,-1,0,0,7600,182,0,3814,0,3604,1.8754138311910105,4.451606663516725,False
occluding_cut_in,P0,9015,50,5.0,1.0,11.267888282720728,7.327224075401506,0.2107706627715266,0.00021432353040528026,999785676.4695947,17.087302883832308,17.087302883832308,19.431160541768985,11.331044181969368,1.912697116167692,0,0,0,0,-1,inf,0,-1,0,0,7600,182,0,3814,0,3604,2.055938133199836,4.7406857387731645,False
occluding_cut_in,P1,9015,50,5.0,1.0,11.295418314240075,7.339360492320376,0.20953016730312896,0.00021039180284611168,999789608.1971539,17.087302883832308,17.085812480747336,19.42902108482531,11.331044181969368,1.9142924455010761,0,0,0,0,-1,inf,0,-1,0,0,7600,263,0,3737,0,3600,2.055938133199836,4.7406857387731645,False
occluding_cut_in,P2,9015,50,5.0,1.0,11.243941675404542,7.347368074154136,0.2140636836089802,0.00020866313146191432,999791336.8685383,17.096720715219117,17.090576267391267,19.428020504095343,11.331044181969368,1.9108983617464803,0,0,0,0,-1,inf,0,-1,0,0,7600,314,0,3686,0,3600,2.055938133199836,4.7406857387731645,False
occluding_cut_in,P3,9015,50,5.0,1.0,11.196457491852643,7.356078480514971,0.21434967398794555,0.00020482149822213837,999795178.501778,17.15178035333541,17.14458172147624,19.430048105437574,11.331044181969368,1.8613389248502736,0,0,0,0,-1,inf,0,-1,0,0,7600,300,0,3725,0,3575,2.055938133199836,4.7406857387731645,False
occluding_cut_in,P4,9015,50,5.0,1.0,11.267888282720728,7.327224075401506,0.2107706627715266,0.00021432353040528026,999785676.4695947,17.087302883832308,17.087302883832308,19.431160541768985,11.331044181969368,1.912697116167692,0,0,0,0,-1,inf,0,-1,0,0,7600,182,0,3814,0,3604,2.055938133199836,4.7406857387731645,False
occluding_cut_in,P0,9016,50,5.0,1.0,11.267888282720728,7.327224075401506,0.2107706627715266,0.00021432353040528026,999785676.4695947,17.087302883832308,17.087302883832308,19.431160541768985,11.331044181969368,1.912697116167692,0,0,0,0,-1,inf,0,-1,0,0,7600,182,0,3814,0,3604,1.9453876142750834,4.462424339071997,False
occluding_cut_in,P1,9016,50,5.0,1.0,11.297869342228044,7.343466673689892,0.20923779931311032,0.00020898105217346914,999791018.9478265,17.087302883832308,17.08552342188271,19.430073758811165,11.331044181969368,1.9145226843294183,0,0,0,0,-1,inf,0,-1,0,0,7600,248,0,3748,0,3604,1.9453876142750834,4.462424339071997,False
occluding_cut_in,P2,9016,50,5.0,1.0,11.241042283227243,7.34834648612017,0.21388584832584492,0.00020830622371436619,999791693.7762855,17.096720715219117,17.09120928887516,19.429027819371885,11.331044181969368,1.9105636526441665,0,0,0,0,-1,inf,0,-1,0,0,7600,292,0,3708,0,3600,1.9453876142750834,4.462424339071997,False
occluding_cut_in,P3,9016,50,5.0,1.0,11.188730860473086,7.323169320534642,0.21491378570597813,0.0002136283809497396,999786371.6190503,17.15178035333541,17.145196624852222,19.431160541768985,11.331044181969368,1.862832600337549,0,0,0,0,-1,inf,0,-1,0,0,7600,282,0,3743,0,3575,1.9453876142750834,4.462424339071997,False
occluding_cut_in,P4,9016,50,5.0,1.0,11.267888282720728,7.327224075401506,0.2107706627715266,0.00021432353040528026,999785676.4695947,17.087302883832308,17.087302883832308,19.431160541768985,11.331044181969368,1.912697116167692,0,0,0,0,-1,inf,0,-1,0,0,7600,182,0,3814,0,3604,1.9453876142750834,4.462424339071997,False
occluding_cut_in,P0,9017,50,5.0,1.0,11.267888282720728,7.327224075401506,0.2107706627715266,0.00021432353040528026,999785676.4695947,17.087302883832308,17.087302883832308,19.431160541768985,11.331044181969368,1.912697116167692,0,0,0,0,-1,inf,0,-1,0,0,7600,182,0,3814,0,3604,2.004324368321974,4.612497842378737,False
occluding_cut_in,P1,9017,50,5.0,1.0,11.317783592570613,7.340924320324938,0.20800412073676305,0.00020844263878270098,999791557.3612175,17.121780353335406,17.116962367430588,19.431160541768985,11.331044181969368,1.88314773956537,0,0,0,0,-1,inf,0,-1,0,0,7600,257,0,3763,0,3580,2.004324368321974,4.612497842378737,False
occluding_cut_in,P2,9017,50,5.0,1.0,11.175127974755581,7.332945383751173,0.2159798629118412,0.00021217371145124502,999787826.2885487,17.151780353335404,17.143658201067584,19.431160541768985,11.331044181969368,1.8622859975209516,0,0,0,0,-1,inf,0,-1,0,0,7600,283,0,3742,0,3575,2.004324368321974,4.612497842378737,False
occluding_cut_in,P3,9017,50,5.0,1.0,11.17982647253661,7.309945239514288,0.21592928226700317,0.00021928228020077524,999780717.7197994,17.15178035333542,17.145397845880034,19.431160541768985,11.331044181969368,1.8602356327073468,0,0,0,0,-1,inf,0,-1,0,0,7600,271,0,3754,0,3575,2.004324368321974,4.612497842378737,False
occluding_cut_in,P4,9017,50,5.0,1.0,11.267888282720728,7.327224075401506,0.2107706627715266,0.00021432353040528026,999785676.4695947,17.087302883832308,17.087302883832308,19.431160541768985,11.331044181969368,1.912697116167692,0,0,0,0,-1,inf,0,-1,0,0,7600,182,0,3814,0,3604,2.004324368321974,4.612497842378737,False
occluding_cut_in,P0,9018,50,5.0,1.0,11.267888282720728,7.327224075401506,0.2107706627715266,0.00021432353040528026,999785676.4695947,17.087302883832308,17.087302883832308,19.431160541768985,11.331044181969368,1.912697116167692,0,0,0,0,-1,inf,0,-1,0,0,7600,182,0,3814,0,3604,1.976186555234266,4.603608206986899,False
occluding_cut_in,P1,9018,50,5.0,1.0,11.321771043070433,7.3391346447995085,0.20825445283837796,0.00021042990867270784,999789570.0913273,17.121780353335417,17.116548502169948,19.431160541768985,11.331044181969368,1.8837522492727996,0,0,0,0,-1,inf,0,-1,0,0,7600,272,0,3748,0,3580,1.976186555234266,4.603608206986899,False
occluding_cut_in,P2,9018,50,5.0,1.0,11.238473942199763,7.348331817929137,0.213296932476458,0.00020810353427264775,999791896.4657272,17.096720715219107,17.09280097618688,19.43013353196599,11.331044181969368,1.9094763375039747,0,0,0,0,-1,inf,0,-1,0,0,7600,245,0,3759,0,3596,1.976186555234266,4.603608206986899,False
occluding_cut_in,P3,9018,50,5.0,1.0,11.111649839346782,7.332463616707964,0.22175011372850684,0.00021383137110448101,999786168.6288955,17.15178035333541,17.14231219455394,19.431160541768985,11.331044181969368,1.8710232551863193,0,0,0,0,-1,inf,0,-1,0,0,7600,304,0,3721,0,3575,1.976186555234266,4.603608206986899,False
occluding_cut_in,P4,9018,50,5.0,1.0,11.267888282720728,7.327224075401506,0.2107706627715266,0.00021432353040528026,999785676.4695947,17.087302883832308,17.087302883832308,19.431160541768985,11.331044181969368,1.912697116167692,0,0,0,0,-1,inf,0,-1,0,0,7600,182,0,3814,0,3604,1.976186555234266,4.603608206986899,False
occluding_cut_in,P0,9019,50,5.0,1.0,11.267888282720728,7.327224075401506,0.2107706627715266,0.00021432353040528026,999785676.4695947,17.087302883832308,17.087302883832308,19.431160541768985,11.331044181969368,1.912697116167692,0,0,0,0,-1,inf,0,-1,0,0,7600,182,0,3814,0,3604,1.8593987034300925,4.278714910622801,False
occluding_cut_in,P1,9019,50,5.0,1.0,11.302438581173565,7.353591518223721,0.208176956459349,0.00020539113233300558,999794608.8676671,17.121780353335414,17.11831932101108,19.431160541768985,11.331044181969368,1.8818062231194883,0,0,0,0,-1,inf,0,-1,0,0,7600,232,0,3787,0,3581,1.8593987034300925,4.278714910622801,False
occluding_cut_in,P2,9019,50,5.0,1.0,11.238473942199763,7.348331817929137,0.213296932476458,0.00020810353427264775,999791896.4657272,17.096720715219107,17.09280097618688,19.43013353196599,11.331044181969368,1.9094763375039747,0,0,0,0,-1,inf,0,-1,0,0,7600,245,0,3759,0,3596,1.8593987034300925,4.278714910622801,False
occluding_cut_in,P3,9019,50,5.0,1.0,11.234115978422913,7.347532739074193,0.2132565692115898,0.00020827732696175155,999791722.6730384,17.09672071521911,17.09343247158598,19.431160541768985,11.331044181969368,1.9092338673411526,0,0,0,0,-1,inf,0,-1,0,0,7600,216,0,3784,0,3600,1.8593987034300925,4.278714910622801,False
occluding_cut_in,P4,9019,50,5.0,1.0,11.267888282720728,7.327224075401506,0.2107706627715266,0.00021432353040528026,999785676.4695947,17.087302883832308,17.087302883832308,19.431160541768985,11.331044181969368,1.912697116167692,0,0,0,0,-1,inf,0,-1,0,0,7600,182,0,3814,0,3604,1.8593987034300925,4.278714910622801,False
