scenario,planner,seed,steps,duration_s,planning_safety_margin_m,mean_snr_db,min_snr_db,mean_outage_probability,mean_ber_model,mean_goodput_bps_model,path_length_m,progress_m,min_target_distance_m,min_realized_ttc_s,min_static_obstacle_clearance_m,static_clearance_violation_steps,static_clearance_violation_indicator,collision_indicator,collision_steps,first_collision_step,first_collision_time_s,no_candidate_steps,first_no_candidate_step,zero_candidate_after_static_steps,zero_candidate_after_dynamic_steps,candidate_evaluations,candidate_road_rejections,candidate_speed_rejections,candidate_static_rejections,candidate_dynamic_rejections,candidate_feasible,prediction_ade_m,prediction_fde_m,measured_optical_link
following_lateral_offset,P0,9000,40,4.0,0.0,12.768956767518443,-37.30267897516377,0.16898437627147148,0.04888973674408302,951110263.255917,38.28000000000002,38.28000000000002,2.2177466041006406,0.10804233862644724,inf,0,0,0,0,-1,inf,0,-1,0,0,6080,0,0,0,1063,5017,1.8225331140428995,4.157889384919348,False
following_lateral_offset,P1,9000,40,4.0,0.0,12.768956767518443,-37.30267897516377,0.16898437627147148,0.04888973674408302,951110263.255917,38.28000000000002,38.28000000000002,2.2177466041006406,0.10804233862644724,inf,0,0,0,0,-1,inf,0,-1,0,0,6080,0,0,0,1063,5017,1.8225331140428995,4.157889384919348,False
following_lateral_offset,P2,9000,40,4.0,0.0,12.768956767518443,-37.30267897516377,0.16898437627147148,0.04888973674408302,951110263.255917,38.28000000000002,38.28000000000002,2.2177466041006406,0.10804233862644724,inf,0,0,0,0,-1,inf,0,-1,0,0,6080,0,0,0,1063,5017,1.8225331140428995,4.157889384919348,False
following_lateral_offset,P3,9000,40,4.0,0.0,12.768956767518443,-37.30267897516377,0.16898437627147148,0.04888973674408302,951110263.255917,38.28000000000002,38.28000000000002,2.2177466041006406,0.10804233862644724,inf,0,0,0,0,-1,inf,0,-1,0,0,6080,0,0,0,1063,5017,1.8225331140428995,4.157889384919348,False
following_lateral_offset,P4,9000,40,4.0,0.0,12.768956767518443,-37.30267897516377,0.16898437627147148,0.04888973674408302,951110263.255917,38.28000000000002,38.28000000000002,2.2177466041006406,0.10804233862644724,inf,0,0,0,0,-1,inf,0,-1,0,0,6080,0,0,0,1063,5017,1.8225331140428995,4.157889384919348,False
following_lateral_offset,P0,9001,40,4.0,0.0,13.600574255301462,-19.113211465737173,0.1701488628900067,0.04608349377339373,953916506.2266064,37.870000000000026,37.870000000000026,2.548901724272611,0.35085715714570237,inf,0,0,0,0,-1,inf,0,-1,0,0,6080,0,0,0,847,5233,1.8669593561435256,4.219168712727196,False
following_lateral_offset,P1,9001,40,4.0,0.0,13.600574255301462,-19.113211465737173,0.1701488628900067,0.04608349377339373,953916506.2266064,37.870000000000026,37.870000000000026,2.548901724272611,0.35085715714570237,inf,0,0,0,0,-1,inf,0,-1,0,0,6080,0,0,0,847,5233,1.8669593561435256,4.219168712727196,False
following_lateral_offset,P2,9001,40,4.0,0.0,14.778903414232639,-5.596494568558526,0.15062611933232467,0.02264886235660655,977351137.6433935,37.840000000000025,37.83794938563759,2.5068393698485254,0.3458751211431221,inf,0,0,0,0,-1,inf,0,-1,0,0,6080,121,0,0,733,5226,1.8669593561435256,4.219168712727196,False
following_lateral_offset,P3,9001,40,4.0,0.0,13.821617301469328,-17.896001052615073,0.1595991113982959,0.043254353366827945,956745646.6331723,37.87000000000001,37.86954776258764,2.536044201571721,0.3411608281276875,inf,0,0,0,0,-1,inf,0,-1,0,0,6080,27,0,0,824,5229,1.8669593561435256,4.219168712727196,False
following_lateral_offset,P4,9001,40,4.0,0.0,14.450945179747858,-13.111008428163455,0.1507609496035072,0.02850835609708251,971491643.9029175,37.84000000000002,37.83830560548721,2.5210762644012767,0.38562597151622335,inf,0,0,0,0,-1,inf,0,-1,0,0,6080,101,0,0,746,5233,1.8669593561435256,4.219168712727196,False
following_lateral_offset,P0,9002,40,4.0,0.0,12.917088257425501,-32.55111137828368,0.17042534402201553,0.04957624452939409,950423755.4706059,38.190000000000026,38.190000000000026,2.288252608432886,0.13632654081835857,inf,0,0,0,0,-1,inf,0,-1,0,0,6080,0,0,0,927,5153,1.8277397465175511,4.094309413166095,False
following_lateral_offset,P1,9002,40,4.0,0.0,12.917088257425501,-32.55111137828368,0.17042534402201553,0.04957624452939409,950423755.4706059,38.190000000000026,38.190000000000026,2.288252608432886,0.13632654081835857,inf,0,0,0,0,-1,inf,0,-1,0,0,6080,0,0,0,927,5153,1.8277397465175511,4.094309413166095,False
following_lateral_offset,P2,9002,40,4.0,0.0,13.5149189472562,-21.079402321489503,0.17041137858461475,0.047502334346421565,952497665.6535785,38.16000000000002,38.15908561978046,2.279275046775167,0.14191764416519384,inf,0,0,0,0,-1,inf,0,-1,0,0,6080,46,0,0,886,5148,1.8277397465175511,4.094309413166095,False
following_lateral_offset,P3,9002,40,4.0,0.0,12.917088257425501,-32.55111137828368,0.17042534402201553,0.04957624452939409,950423755.4706059,38.190000000000026,38.190000000000026,2.288252608432886,0.13632654081835857,inf,0,0,0,0,-1,inf,0,-1,0,0,6080,0,0,0,927,5153,1.8277397465175511,4.094309413166095,False
following_lateral_offset,P4,9002,40,4.0,0.0,12.917088257425501,-32.55111137828368,0.17042534402201553,0.04957624452939409,950423755.4706059,38.190000000000026,38.190000000000026,2.288252608432886,0.13632654081835857,inf,0,0,0,0,-1,inf,0,-1,0,0,6080,0,0,0,927,5153,1.8277397465175511,4.094309413166095,False
following_lateral_offset,P0,9003,40,4.0,0.0,13.244269290043622,-28.449781666590376,0.17015265334077684,0.046908922970975056,953091077.0290248,38.10400000000003,38.10400000000003,2.3568657153091888,0.18413949381551287,inf,0,0,0,0,-1,inf,1,40,0,1,6080,0,0,0,867,5213,1.9068996853727835,4.167308936891915,False
following_lateral_offset,P1,9003,40,4.0,0.0,13.244269290043622,-28.449781666590376,0.17015265334077684,0.046908922970975056,953091077.0290248,38.10400000000003,38.10400000000003,2.3568657153091888,0.18413949381551287,inf,0,0,0,0,-1,inf,1,40,0,1,6080,0,0,0,867,5213,1.9068996853727835,4.167308936891915,False
following_lateral_offset,P2,9003,40,4.0,0.0,15.244262907336827,-3.547100011679561,0.1326327203065208,0.009509995498784845,990490004.5012153,37.930000000000014,37.92380761033739,2.3886715288666385,0.23639727869772648,inf,0,0,0,0,-1,inf,0,-1,0,0,6080,221,0,0,733,5126,1.9068996853727835,4.167308936891915,False
following_lateral_offset,P3,9003,40,4.0,0.0,13.244269290043622,-28.449781666590376,0.17015265334077684,0.046908922970975056,953091077.0290248,38.10400000000003,38.10400000000003,2.3568657153091888,0.18413949381551287,inf,0,0,0,0,-1,inf,1,40,0,1,6080,0,0,0,867,5213,1.9068996853727835,4.167308936891915,False
following_lateral_offset,P4,9003,40,4.0,0.0,14.645010343561893,-9.824134521337278,0.1506998897482542,0.025372077312792334,974627922.6872078,37.99000000000002,37.98787614941036,2.3762475307002613,0.19274044783893082,inf,0,0,0,0,-1,inf,1,40,0,1,6080,128,0,0,826,5126,1.9068996853727835,4.167308936891915,False
following_lateral_offset,P0,9004,40,4.0,0.0,13.814593377729476,-18.421956094123146,0.16847440630300742,0.04144457415659463,958555425.8434055,37.85000000000002,37.85000000000002,2.5656383221334806,0.2886857257165631,inf,0,0,0,0,-1,inf,0,-1,0,0,6080,0,0,0,917,5163,1.8217073995019,4.047051677859335,False
following_lateral_offset,P1,9004,40,4.0,0.0,13.814593377729476,-18.421956094123146,0.16847440630300742,0.04144457415659463,958555425.8434055,37.85000000000002,37.85000000000002,2.5656383221334806,0.2886857257165631,inf,0,0,0,0,-1,inf,0,-1,0,0,6080,0,0,0,917,5163,1.8217073995019,4.047051677859335,False
following_lateral_offset,P2,9004,40,4.0,0.0,14.032758099743123,-17.294301174539232,0.15820772370974256,0.038838799741761375,961161200.2582386,37.85000000000001,37.849546894942456,2.5535578694445173,0.28124033401658977,inf,0,0,0,0,-1,inf,0,-1,0,0,6080,27,0,0,895,5158,1.8217073995019,4.047051677859335,False
following_lateral_offset,P3,9004,40,4.0,0.0,14.032758099743123,-17.294301174539232,0.15820772370974256,0.038838799741761375,961161200.2582386,37.85000000000001,37.849546894942456,2.5535578694445173,0.28124033401658977,inf,0,0,0,0,-1,inf,0,-1,0,0,6080,27,0,0,895,5158,1.8217073995019,4.047051677859335,False
following_lateral_offset,P4,9004,40,4.0,0.0,15.30178487713402,-1.2201557090595472,0.1264560277945619,0.010380273235374974,989619726.7646252,37.72000000000003,37.71753926276511,2.5987491158167053,0.36147409650687456,inf,0,0,0,0,-1,inf,0,-1,0,0,6080,148,0,0,781,5151,1.8217073995019,4.047051677859335,False
following_lateral_offset,P0,9005,40,4.0,0.0,13.26520917159159,-27.287148745612207,0.16981322689784992,0.04669964897091412,953300351.0290859,38.07800000000002,38.07800000000002,2.377831785471784,0.23070762350066018,inf,0,0,0,0,-1,inf,0,-1,0,0,6080,0,0,0,990,5090,1.7680371504148742,4.082494654630341,False
following_lateral_offset,P1,9005,40,4.0,0.0,13.26520917159159,-27.287148745612207,0.16981322689784992,0.04669964897091412,953300351.0290859,38.07800000000002,38.07800000000002,2.377831785471784,0.23070762350066018,inf,0,0,0,0,-1,inf,0,-1,0,0,6080,0,0,0,990,5090,1.7680371504148742,4.082494654630341,False
following_lateral_offset,P2,9005,40,4.0,0.0,13.26520917159159,-27.287148745612207,0.16981322689784992,0.04669964897091412,953300351.0290859,38.07800000000002,38.07800000000002,2.377831785471784,0.23070762350066018,inf,0,0,0,0,-1,inf,0,-1,0,0,6080,0,0,0,990,5090,1.7680371504148742,4.082494654630341,False
following_lateral_offset,P3,9005,40,4.0,0.0,13.26520917159159,-27.287148745612207,0.16981322689784992,0.04669964897091412,953300351.0290859,38.07800000000002,38.07800000000002,2.377831785471784,0.23070762350066018,inf,0,0,0,0,-1,inf,0,-1,0,0,6080,0,0,0,990,5090,1.7680371504148742,4.082494654630341,False
following_lateral_offset,P4,9005,40,4.0,0.0,14.485510927791301,-13.842662882651261,0.14878312516621528,0.027244359580531376,972755640.4194686,37.880000000000024,37.878273080943785,2.4853857071780494,0.30282570230597755,inf,0,0,0,0,-1,inf,0,-1,0,0,6080,97,0,0,905,5078,1.7680371504148742,4.082494654630341,False
following_lateral_offset,P0,9006,40,4.0,0.0,12.212763526699975,-43.85244165361612,0.17044192224242513,0.050802666871137755,949197333.1288624,38.20000000000002,38.19908561978046,2.3159129700955696,0.25214975534744644,inf,0,0,0,0,-1,inf,0,-1,0,0,6080,46,0,0,716,5318,1.9421800103479252,4.437562231660171,False
following_lateral_offset,P1,9006,40,4.0,0.0,12.212763526699975,-43.85244165361612,0.17044192224242513,0.050802666871137755,949197333.1288624,38.20000000000002,38.19908561978046,2.3159129700955696,0.25214975534744644,inf,0,0,0,0,-1,inf,0,-1,0,0,6080,46,0,0,716,5318,1.9421800103479252,4.437562231660171,False
following_lateral_offset,P2,9006,40,4.0,0.0,12.860679003742254,-38.64228528686254,0.17018513679826047,0.046296123987892415,953703876.0121075,38.20000000000002,38.199549230200255,2.2645920060883458,0.2037093934759339,inf,0,0,0,0,-1,inf,0,-1,0,0,6080,27,0,0,785,5268,1.9421800103479252,4.437562231660171,False
following_lateral_offset,P3,9006,40,4.0,0.0,12.212763526699975,-43.85244165361612,0.17044192224242513,0.050802666871137755,949197333.1288624,38.20000000000002,38.19908561978046,2.3159129700955696,0.25214975534744644,inf,0,0,0,0,-1,inf,0,-1,0,0,6080,46,0,0,716,5318,1.9421800103479252,4.437562231660171,False
following_lateral_offset,P4,9006,40,4.0,0.0,12.212763526699975,-43.85244165361612,0.17044192224242513,0.050802666871137755,949197333.1288624,38.20000000000002,38.19908561978046,2.3159129700955696,0.25214975534744644,inf,0,0,0,0,-1,inf,0,-1,0,0,6080,46,0,0,716,5318,1.9421800103479252,4.437562231660171,False
following_lateral_offset,P0,9007,40,4.0,0.0,13.200484322414985,-32.52155700875745,0.16723265844468418,0.04577071862646325,954229281.3735367,38.04000000000002,38.04000000000002,2.4086510747719188,0.3134824897714142,inf,0,0,0,0,-1,inf,0,-1,0,0,6080,0,0,0,992,5088,1.9396017326342752,4.366869286070957,False
following_lateral_offset,P1,9007,40,4.0,0.0,13.200484322414985,-32.52155700875745,0.16723265844468418,0.04577071862646325,954229281.3735367,38.04000000000002,38.04000000000002,2.4086510747719188,0.3134824897714142,inf,0,0,0,0,-1,inf,0,-1,0,0,6080,0,0,0,992,5088,1.9396017326342752,4.366869286070957,False
following_lateral_offset,P2,9007,40,4.0,0.0,14.362636859178915,-11.071046169680848,0.16613612606853412,0.031438819974397854,968561180.0256021,37.98000000000002,37.9772473388091,2.398661702527278,0.261686130257027,inf,0,0,0,0,-1,inf,0,-1,0,0,6080,100,0,0,892,5088,1.9396017326342752,4.366869286070957,False
following_lateral_offset,P3,9007,40,4.0,0.0,14.037952781293559,-18.81843610974225,0.1662725623268822,0.035767224472612685,964232775.5273873,37.980000000000025,37.97867337206878,2.412932394725935,0.30995370478091466,inf,0,0,0,0,-1,inf,0,-1,0,0,6080,72,0,0,912,5096,1.9396017326342752,4.366869286070957,False
following_lateral_offset,P4,9007,40,4.0,0.0,15.322473124099139,-7.075293656937099,0.11541914821896677,0.01441264495224506,985587355.047755,37.80000000000002,37.79703149158964,2.5134130348172965,0.3942201317389963,inf,0,0,0,0,-1,inf,0,-1,0,0,6080,185,0,0,773,5122,1.9396017326342752,4.366869286070957,False
following_lateral_offset,P0,9008,40,4.0,0.0,11.93646285391423,-50.67526094436391,0.17044193871478971,0.05084408039569334,949155919.6043068,38.32000000000002,38.319121165273266,2.2239584205160368,0.14697995545334275,inf,0,0,0,0,-1,inf,1,39,0,1,6080,53,0,0,982,5045,1.7831738194278899,4.136500871474583,False
following_lateral_offset,P1,9008,40,4.0,0.0,11.93646285391423,-50.67526094436391,0.17044193871478971,0.05084408039569334,949155919.6043068,38.32000000000002,38.319121165273266,2.2239584205160368,0.14697995545334275,inf,0,0,0,0,-1,inf,1,39,0,1,6080,53,0,0,982,5045,1.7831738194278899,4.136500871474583,False
following_lateral_offset,P2,9008,40,4.0,0.0,11.93646285391423,-50.67526094436391,0.17044193871478971,0.05084408039569334,949155919.6043068,38.32000000000002,38.319121165273266,2.2239584205160368,0.14697995545334275,inf,0,0,0,0,-1,inf,1,39,0,1,6080,53,0,0,982,5045,1.7831738194278899,4.136500871474583,False
following_lateral_offset,P3,9008,40,4.0,0.0,11.93646285391423,-50.67526094436391,0.17044193871478971,0.05084408039569334,949155919.6043068,38.32000000000002,38.319121165273266,2.2239584205160368,0.14697995545334275,inf,0,0,0,0,-1,inf,1,39,0,1,6080,53,0,0,982,5045,1.7831738194278899,4.136500871474583,False
following_lateral_offset,P4,9008,40,4.0,0.0,11.93646285391423,-50.67526094436391,0.17044193871478971,0.05084408039569334,949155919.6043068,38.32000000000002,38.319121165273266,2.2239584205160368,0.14697995545334275,inf,0,0,0,0,-1,inf,1,39,0,1,6080,53,0,0,982,5045,1.7831738194278899,4.136500871474583,False
following_lateral_offset,P0,9009,40,4.0,0.0,12.739741621663347,-36.20333457786013,0.1704377375568775,0.05011700448217251,949882995.5178276,38.260000000000026,38.260000000000026,2.233293531983628,0.1298809642880849,inf,0,0,0,0,-1,inf,0,-1,0,0,6080,0,0,0,935,5145,1.7224418192182853,3.9984919015509846,False
following_lateral_offset,P1,9009,40,4.0,0.0,12.739741621663347,-36.20333457786013,0.1704377375568775,0.05011700448217251,949882995.5178276,38.260000000000026,38.260000000000026,2.233293531983628,0.1298809642880849,inf,0,0,0,0,-1,inf,0,-1,0,0,6080,0,0,0,935,5145,1.7224418192182853,3.9984919015509846,False
following_lateral_offset,P2,9009,40,4.0,0.0,13.909735829894753,-15.068930416747875,0.17012285648030562,0.04219663219766544,957803367.8023345,38.24000000000004,38.23728093543772,2.182213217757374,0.08507665779333236,inf,0,0,0,0,-1,inf,0,-1,0,0,6080,111,0,0,848,5121,1.7224418192182853,3.9984919015509846,False
following_lateral_offset,P3,9009,40,4.0,0.0,13.580505950637217,-22.908441997268213,0.1701293728689779,0.04367122121921123,956328778.7807888,38.24000000000003,38.23865883722133,2.1981181149960114,0.10096510066728617,inf,0,0,0,0,-1,inf,0,-1,0,0,6080,82,0,0,868,5130,1.7224418192182853,3.9984919015509846,False
following_lateral_offset,P4,9009,40,4.0,0.0,12.739741621663347,-36.20333457786013,0.1704377375568775,0.05011700448217251,949882995.5178276,38.260000000000026,38.260000000000026,2.233293531983628,0.1298809642880849,inf,0,0,0,0,-1,inf,0,-1,0,0,6080,0,0,0,935,5145,1.7224418192182853,3.9984919015509846,False
following_lateral_offset,P0,9010,40,4.0,0.0,12.576548719481835,-40.75974971934925,0.17044131096063067,0.050343447327765654,949656552.6722343,38.340000000000025,38.340000000000025,2.17154323005551,0.0702164588761834,inf,0,0,0,0,-1,inf,0,-1,0,0,6080,0,0,0,887,5193,1.766760224737339,4.090673845711061,False
following_lateral_offset,P1,9010,40,4.0,0.0,12.576548719481835,-40.75974971934925,0.17044131096063067,0.050343447327765654,949656552.6722343,38.340000000000025,38.340000000000025,2.17154323005551,0.0702164588761834,inf,0,0,0,0,-1,inf,0,-1,0,0,6080,0,0,0,887,5193,1.766760224737339,4.090673845711061,False
following_lateral_offset,P2,9010,40,4.0,0.0,13.467873288830045,-25.8431359986636,0.17016993150819795,0.044322690955449204,955677309.0445507,38.30000000000003,38.2986622182493,2.1499229106763216,0.05803940736685692,inf,0,0,0,0,-1,inf,0,-1,0,0,6080,83,0,0,844,5153,1.766760224737339,4.090673845711061,False
following_lateral_offset,P3,9010,40,4.0,0.0,13.467873288830045,-25.8431359986636,0.17016993150819795,0.044322690955449204,955677309.0445507,38.30000000000003,38.2986622182493,2.1499229106763216,0.05803940736685692,inf,0,0,0,0,-1,inf,0,-1,0,0,6080,83,0,0,844,5153,1.766760224737339,4.090673845711061,False
following_lateral_offset,P4,9010,40,4.0,0.0,12.576548719481835,-40.75974971934925,0.17044131096063067,0.050343447327765654,949656552.6722343,38.340000000000025,38.340000000000025,2.17154323005551,0.0702164588761834,inf,0,0,0,0,-1,inf,0,-1,0,0,6080,0,0,0,887,5193,1.766760224737339,4.090673845711061,False
following_lateral_offset,P0,9011,40,4.0,0.0,12.19964372417851,-51.70026320932141,0.17044159977369278,0.05050425702127177,949495742.9787283,38.40000000000003,38.40000000000003,2.1260291625469097,0.06840718015173224,inf,0,0,0,0,-1,inf,0,-1,0,0,6080,0,0,0,1011,5069,1.670234023426736,3.8544424832234063,False
following_lateral_offset,P1,9011,40,4.0,0.0,12.19964372417851,-51.70026320932141,0.17044159977369278,0.05050425702127177,949495742.9787283,38.40000000000003,38.40000000000003,2.1260291625469097,0.06840718015173224,inf,0,0,0,0,-1,inf,0,-1,0,0,6080,0,0,0,1011,5069,1.670234023426736,3.8544424832234063,False
following_lateral_offset,P2,9011,40,4.0,0.0,12.19964372417851,-51.70026320932141,0.17044159977369278,0.05050425702127177,949495742.9787283,38.40000000000003,38.40000000000003,2.1260291625469097,0.06840718015173224,inf,0,0,0,0,-1,inf,0,-1,0,0,6080,0,0,0,1011,5069,1.670234023426736,3.8544424832234063,False
following_lateral_offset,P3,9011,40,4.0,0.0,12.19964372417851,-51.70026320932141,0.17044159977369278,0.05050425702127177,949495742.9787283,38.40000000000003,38.40000000000003,2.1260291625469097,0.06840718015173224,inf,0,0,0,0,-1,inf,0,-1,0,0,6080,0,0,0,1011,5069,1.670234023426736,3.8544424832234063,False
following_lateral_offset,P4,9011,40,4.0,0.0,12.19964372417851,-51.70026320932141,0.17044159977369278,0.05050425702127177,949495742.9787283,38.40000000000003,38.40000000000003,2.1260291625469097,0.06840718015173224,inf,0,0,0,0,-1,inf,0,-1,0,0,6080,0,0,0,1011,5069,1.670234023426736,3.8544424832234063,False
following_lateral_offset,P0,9012,40,4.0,0.0,13.75650412890731,-23.997549417006617,0.1578044431293389,0.040579430809095506,959420569.1909046,38.000000000000014,38.000000000000014,2.441311123146729,0.18442397235206975,inf,0,0,0,0,-1,inf,0,-1,0,0,6080,0,0,0,1051,5029,1.7752639000756976,4.070058892455026,False
following_lateral_offset,P1,9012,40,4.0,0.0,13.75650412890731,-23.997549417006617,0.1578044431293389,0.040579430809095506,959420569.1909046,38.000000000000014,38.000000000000014,2.441311123146729,0.18442397235206975,inf,0,0,0,0,-1,inf,0,-1,0,0,6080,0,0,0,1051,5029,1.7752639000756976,4.070058892455026,False
following_lateral_offset,P2,9012,40,4.0,0.0,14.538753779968477,-11.32142781037355,0.15524153471793908,0.027830935251671213,972169064.7483288,37.950000000000024,37.94862134744403,2.4364207363621007,0.2073966241711133,inf,0,0,0,0,-1,inf,0,-1,0,0,6080,81,0,0,984,5015,1.7752639000756976,4.070058892455026,False
following_lateral_offset,P3,9012,40,4.0,0.0,14.538753779968477,-11.32142781037355,0.15524153471793908,0.027830935251671213,972169064.7483288,37.950000000000024,37.94862134744403,2.4364207363621007,0.2073966241711133,inf,0,0,0,0,-1,inf,0,-1,0,0,6080,81,0,0,984,5015,1.7752639000756976,4.070058892455026,False
following_lateral_offset,P4,9012,40,4.0,0.0,16.83456577011154,5.471296634428125,0.0478881830217472,0.00038239836191449603,999617601.6380856,37.75000000000002,37.745181056248306,2.5051600255558104,0.23552747901755908,inf,0,0,0,0,-1,inf,0,-1,0,0,6080,339,0,0,814,4927,1.7752639000756976,4.070058892455026,False
following_lateral_offset,P0,9013,40,4.0,0.0,12.840677559809393,-41.68295407920692,0.1676751950947068,0.0465800374038058,953419962.5961943,38.238000000000014,38.238000000000014,2.2504763940108217,0.12608915375304547,inf,0,0,0,0,-1,inf,0,-1,0,0,6080,0,0,0,937,5143,1.981701932017885,4.444373793152747,False
following_lateral_offset,P1,9013,40,4.0,0.0,12.840677559809393,-41.68295407920692,0.1676751950947068,0.0465800374038058,953419962.5961943,38.238000000000014,38.238000000000014,2.2504763940108217,0.12608915375304547,inf,0,0,0,0,-1,inf,0,-1,0,0,6080,0,0,0,937,5143,1.981701932017885,4.444373793152747,False
following_lateral_offset,P2,9013,40,4.0,0.0,12.840677559809393,-41.68295407920692,0.1676751950947068,0.0465800374038058,953419962.5961943,38.238000000000014,38.238000000000014,2.2504763940108217,0.12608915375304547,inf,0,0,0,0,-1,inf,0,-1,0,0,6080,0,0,0,937,5143,1.981701932017885,4.444373793152747,False
following_lateral_offset,P3,9013,40,4.0,0.0,12.831301994233513,-41.961111286905194,0.1676751959307395,0.046582625785221196,953417374.2147789,38.243333333333354,38.243333333333354,2.246303135771685,0.1228286306321784,inf,0,0,0,0,-1,inf,0,-1,0,0,6080,0,0,0,938,5142,1.981701932017885,4.444373793152747,False
following_lateral_offset,P4,9013,40,4.0,0.0,12.840677559809393,-41.68295407920692,0.1676751950947068,0.0465800374038058,953419962.5961943,38.238000000000014,38.238000000000014,2.2504763940108217,0.12608915375304547,inf,0,0,0,0,-1,inf,0,-1,0,0,6080,0,0,0,937,5143,1.981701932017885,4.444373793152747,False
following_lateral_offset,P0,9014,40,4.0,0.0,12.19964372417851,-51.70026320932141,0.17044159977369278,0.05050425702127177,949495742.9787283,38.40000000000003,38.40000000000003,2.1260291625469097,0.06840718015173224,inf,0,0,0,0,-1,inf,0,-1,0,0,6080,0,0,0,1028,5052,1.756685556084228,4.128074026068781,False
following_lateral_offset,P1,9014,40,4.0,0.0,12.19964372417851,-51.70026320932141,0.17044159977369278,0.05050425702127177,949495742.9787283,38.40000000000003,38.40000000000003,2.1260291625469097,0.06840718015173224,inf,0,0,0,0,-1,inf,0,-1,0,0,6080,0,0,0,1028,5052,1.756685556084228,4.128074026068781,False
following_lateral_offset,P2,9014,40,4.0,0.0,12.19964372417851,-51.70026320932141,0.17044159977369278,0.05050425702127177,949495742.9787283,38.40000000000003,38.40000000000003,2.1260291625469097,0.06840718015173224,inf,0,0,0,0,-1,inf,0,-1,0,0,6080,0,0,0,1028,5052,1.756685556084228,4.128074026068781,False
following_lateral_offset,P3,9014,40,4.0,0.0,12.19964372417851,-51.70026320932141,0.17044159977369278,0.05050425702127177,949495742.9787283,38.40000000000003,38.40000000000003,2.1260291625469097,0.06840718015173224,inf,0,0,0,0,-1,inf,0,-1,0,0,6080,0,0,0,1028,5052,1.756685556084228,4.128074026068781,False
following_lateral_offset,P4,9014,40,4.0,0.0,12.19964372417851,-51.70026320932141,0.17044159977369278,0.05050425702127177,949495742.9787283,38.40000000000003,38.40000000000003,2.1260291625469097,0.06840718015173224,inf,0,0,0,0,-1,inf,0,-1,0,0,6080,0,0,0,1028,5052,1.756685556084228,4.128074026068781,False
following_lateral_offset,P0,9015,40,4.0,0.0,13.181544412854237,-31.199310370430155,0.1701777437527821,0.047451805673840816,952548194.3261591,38.01000000000002,38.01000000000002,2.4331255619059045,0.33139450114094543,inf,0,0,0,0,-1,inf,0,-1,0,0,6080,0,0,0,908,5172,1.8995312191166895,4.306306944201667,False
following_lateral_offset,P1,9015,40,4.0,0.0,13.181544412854237,-31.199310370430155,0.1701777437527821,0.047451805673840816,952548194.3261591,38.01000000000002,38.01000000000002,2.4331255619059045,0.33139450114094543,inf,0,0,0,0,-1,inf,0,-1,0,0,6080,0,0,0,908,5172,1.8995312191166895,4.306306944201667,False
following_lateral_offset,P2,9015,40,4.0,0.0,16.19599010546294,8.476205574977609,0.05426578776071149,1.7398708359839568e-05,999982601.2916403,37.84000000000001,37.82625338864579,2.4274318241527824,0.31519557046705277,inf,0,0,0,0,-1,inf,0,-1,0,0,6080,315,0,0,595,5170,1.8995312191166895,4.306306944201667,False
following_lateral_offset,P3,9015,40,4.0,0.0,14.798932999325283,-11.54195392180327,0.13825888628102098,0.021984050957749565,978015949.0422504,37.89000000000002,37.88667171873513,2.451358784603801,0.32983738711436267,inf,0,0,0,0,-1,inf,0,-1,0,0,6080,152,0,0,741,5187,1.8995312191166895,4.306306944201667,False
following_lateral_offset,P4,9015,40,4.0,0.0,14.59840636833626,-12.816376404413603,0.15065322688544897,0.025023585848953846,974976414.1510464,37.890000000000015,37.887924973561844,2.4630631051331355,0.3396014802438854,inf,0,0,0,0,-1,inf,0,-1,0,0,6080,123,0,0,764,5193,1.8995312191166895,4.306306944201667,False
following_lateral_offset,P0,9016,40,4.0,0.0,14.438899807699922,-8.917856400148914,0.16335151161578904,0.030390896204048178,969609103.7959518,37.520000000000024,37.520000000000024,2.8478764018123885,0.5347699903176641,inf,0,0,0,0,-1,inf,0,-1,0,0,6080,0,0,0,904,5176,1.869212881245237,4.183759337828542,False
following_lateral_offset,P1,9016,40,4.0,0.0,14.438899807699922,-8.917856400148914,0.16335151161578904,0.030390896204048178,969609103.7959518,37.520000000000024,37.520000000000024,2.8478764018123885,0.5347699903176641,inf,0,0,0,0,-1,inf,0,-1,0,0,6080,0,0,0,904,5176,1.869212881245237,4.183759337828542,False
following_lateral_offset,P2,9016,40,4.0,0.0,15.394487131945127,3.1868462848830994,0.13357086510775606,0.002851574471034026,997148425.528966,37.42000000000004,37.41804867681207,2.8866028428642423,0.5849809617064181,inf,0,0,0,0,-1,inf,0,-1,0,0,6080,94,0,0,811,5175,1.869212881245237,4.183759337828542,False
following_lateral_offset,P3,9016,40,4.0,0.0,14.706333454757745,-6.397580821941126,0.15257282482502466,0.024717197434553966,975282802.5654461,37.45000000000003,37.44948619899998,2.8977899728592247,0.6148951791619541,inf,0,0,0,0,-1,inf,0,-1,0,0,6080,23,0,0,866,5191,1.869212881245237,4.183759337828542,False
following_lateral_offset,P4,9016,40,4.0,0.0,15.95658277936251,5.4524969649601225,0.08251553176464858,0.000516613425544365,999483386.5744556,37.42000000000002,37.41721702336529,2.8572394484650987,0.5664509776796285,inf,0,0,0,0,-1,inf,0,-1,0,0,6080,169,0,0,745,5166,1.869212881245237,4.183759337828542,False
following_lateral_offset,P0,9017,40,4.0,0.0,12.19964372417851,-51.70026320932141,0.17044159977369278,0.05050425702127177,949495742.9787283,38.40000000000003,38.40000000000003,2.1260291625469097,0.06840718015173224,inf,0,0,0,0,-1,inf,0,-1,0,0,6080,0,0,0,1009,5071,1.8228974527554247,4.255027039391308,False
following_lateral_offset,P1,9017,40,4.0,0.0,12.19964372417851,-51.70026320932141,0.17044159977369278,0.05050425702127177,949495742.9787283,38.40000000000003,38.40000000000003,2.1260291625469097,0.06840718015173224,inf,0,0,0,0,-1,inf,0,-1,0,0,6080,0,0,0,1009,5071,1.8228974527554247,4.255027039391308,False
following_lateral_offset,P2,9017,40,4.0,0.0,12.19964372417851,-51.70026320932141,0.17044159977369278,0.05050425702127177,949495742.9787283,38.40000000000003,38.40000000000003,2.1260291625469097,0.06840718015173224,inf,0,0,0,0,-1,inf,0,-1,0,0,6080,0,0,0,1009,5071,1.8228974527554247,4.255027039391308,False
following_lateral_offset,P3,9017,40,4.0,0.0,12.19964372417851,-51.70026320932141,0.17044159977369278,0.05050425702127177,949495742.9787283,38.40000000000003,38.40000000000003,2.1260291625469097,0.06840718015173224,inf,0,0,0,0,-1,inf,0,-1,0,0,6080,0,0,0,1009,5071,1.8228974527554247,4.255027039391308,False
following_lateral_offset,P4,9017,40,4.0,0.0,12.19964372417851,-51.70026320932141,0.17044159977369278,0.05050425702127177,949495742.9787283,38.40000000000003,38.40000000000003,2.1260291625469097,0.06840718015173224,inf,0,0,0,0,-1,inf,0,-1,0,0,6080,0,0,0,1009,5071,1.8228974527554247,4.255027039391308,False
following_lateral_offset,P0,9018,40,4.0,0.0,13.058729256898545,-33.224104723812076,0.16900879633022317,0.04666850512553827,953331494.8744618,38.20333333333336,38.20333333333336,2.2777205954881756,0.11633083609202158,inf,0,0,0,0,-1,inf,0,-1,0,0,6080,0,0,0,971,5109,1.91662785355989,4.3680535268931,False
following_lateral_offset,P1,9018,40,4.0,0.0,13.058729256898545,-33.224104723812076,0.16900879633022317,0.04666850512553827,953331494.8744618,38.20333333333336,38.20333333333336,2.2777205954881756,0.11633083609202158,inf,0,0,0,0,-1,inf,0,-1,0,0,6080,0,0,0,971,5109,1.91662785355989,4.3680535268931,False
following_lateral_offset,P2,9018,40,4.0,0.0,14.759851753161609,-12.23728513693014,0.1329722425363334,0.025038308244195607,974961691.7558044,38.120000000000026,38.11734396615916,2.248857889152981,0.11770441547485369,inf,0,0,0,0,-1,inf,0,-1,0,0,6080,173,0,0,872,5035,1.91662785355989,4.3680535268931,False
following_lateral_offset,P3,9018,40,4.0,0.0,14.446629724189815,-19.73258906830481,0.13300789364849538,0.027842989517609752,972157010.4823902,38.120000000000026,38.11777280642866,2.2643216062527625,0.12191395355155055,inf,0,0,0,0,-1,inf,0,-1,0,0,6080,144,0,0,894,5042,1.91662785355989,4.3680535268931,False
following_lateral_offset,P4,9018,40,4.0,0.0,14.446629724189815,-19.73258906830481,0.13300789364849538,0.027842989517609752,972157010.4823902,38.120000000000026,38.11777280642866,2.2643216062527625,0.12191395355155055,inf,0,0,0,0,-1,inf,0,-1,0,0,6080,144,0,0,894,5042,1.91662785355989,4.3680535268931,False
following_lateral_offset,P0,9019,40,4.0,0.0,12.767827856636645,-42.384564916591884,0.1690991423934785,0.04733415131897237,952665848.6810277,38.25000000000002,38.25000000000002,2.2410934831014804,0.12341106417408383,inf,0,0,0,0,-1,inf,0,-1,0,0,6080,0,0,0,1022,5058,1.9201337927204647,4.433619742590105,False
following_lateral_offset,P1,9019,40,4.0,0.0,12.767827856636645,-42.384564916591884,0.1690991423934785,0.04733415131897237,952665848.6810277,38.25000000000002,38.25000000000002,2.2410934831014804,0.12341106417408383,inf,0,0,0,0,-1,inf,0,-1,0,0,6080,0,0,0,1022,5058,1.9201337927204647,4.433619742590105,False
following_lateral_offset,P2,9019,40,4.0,0.0,14.494510267368202,-20.567070298844897,0.13422962470010963,0.027238703606615212,972761296.3933847,38.19000000000003,38.18730978925312,2.1893921878843257,0.08702486905124283,inf,0,0,0,0,-1,inf,0,-1,0,0,6080,175,0,0,943,4962,1.9201337927204647,4.433619742590105,False
following_lateral_offset,P3,9019,40,4.0,0.0,14.494510267368202,-20.567070298844897,0.13422962470010963,0.027238703606615212,972761296.3933847,38.19000000000003,38.18730978925312,2.1893921878843257,0.08702486905124283,inf,0,0,0,0,-1,inf,0,-1,0,0,6080,175,0,0,943,4962,1.9201337927204647,4.433619742590105,False
following_lateral_offset,P4,9019,40,4.0,0.0,14.494510267368202,-20.567070298844897,0.13422962470010963,0.027238703606615212,972761296.3933847,38.19000000000003,38.18730978925312,2.1893921878843257,0.08702486905124283,inf,0,0,0,0,-1,inf,0,-1,0,0,6080,175,0,0,943,4962,1.9201337927204647,4.433619742590105,False
lane_choice,P0,9000,40,4.0,0.0,-1.4841772517946126,-13.800125353527465,0.7112488585418857,0.27149979741639463,728500202.5836054,12.99999999999999,12.882786325056207,16.782438462261936,inf,1.5013499953110632,0,0,0,0,-1,inf,0,-1,0,0,6080,1879,0,1762,0,2439,2.029125558473347,4.66962881291847,False
lane_choice,P1,9000,40,4.0,0.0,11.415283391778743,7.917465961148334,0.1974985300149305,9.757018575009285e-05,999902429.81425,12.999999999999991,12.91210617836171,16.755131274768452,6.1060366622275195,1.5001885304115121,0,0,0,0,-1,inf,0,-1,0,0,6080,1784,0,1780,0,2516,2.029125558473347,4.66962881291847,False
lane_choice,P2,9000,40,4.0,0.0,12.07815978933448,8.783780876789407,0.14867584991876967,1.6790858746630924e-05,999983209.1412532,12.99999999999999,12.905382024182275,16.74847084715829,6.1060366622275195,1.502980198132632,0,0,0,0,-1,inf,0,-1,0,0,6080,1651,0,1763,0,2666,2.029125558473347,4.66962881291847,False
lane_choice,P3,9000,40,4.0,0.0,12.076728932495755,9.263228055490746,0.13843144961890505,8.189156185971114e-06,999991810.8438139,12.99999999999999,12.911716648644994,16.757163456939804,6.1060366622275195,1.5028868179940864,0,0,0,0,-1,inf,0,-1,0,0,6080,1729,0,1751,0,2600,2.029125558473347,4.66962881291847,False
lane_choice,P4,9000,40,4.0,0.0,12.011930681626641,8.339167020023577,0.15681014940403565,3.197086409443261e-05,999968029.1359055,12.99999999999999,12.903358507552323,16.74847084715829,6.1060366622275195,1.508038196389593,0,0,0,0,-1,inf,0,-1,0,0,6080,1616,0,1788,0,2676,2.029125558473347,4.66962881291847,False
lane_choice,P0,9001,40,4.0,0.0,-1.4841772517946126,-13.800125353527465,0.7112488585418857,0.27149979741639463,728500202.5836054,12.99999999999999,12.882786325056207,16.782438462261936,inf,1.5013499953110632,0,0,0,0,-1,inf,0,-1,0,0,6080,1879,0,1762,0,2439,1.9577667412643556,4.5736679661701585,False
lane_choice,P1,9001,40,4.0,0.0,11.435182525296545,8.012373056845629,0.19517708609454484,8.383575704004449e-05,999916164.24296,12.99999999999999,12.910819574708963,16.753017151880435,6.1060366622275195,1.501167547298801,0,0,0,0,-1,inf,0,-1,0,0,6080,1768,0,1784,0,2528,1.9577667412643556,4.5736679661701585,False
lane_choice,P2,9001,40,4.0,0.0,12.008701804632036,8.229738049872287,0.15881413145339823,3.7394747089857576e-05,999962605.2529103,12.999999999999991,12.904499009576284,16.74847084715829,6.1060366622275195,1.5001177930900464,0,0,0,0,-1,inf,0,-1,0,0,6080,1612,0,1861,0,2607,1.9577667412643556,4.5736679661701585,False
lane_choice,P3,9001,40,4.0,0.0,11.435182525296545,8.012373056845629,0.19517708609454484,8.383575704004449e-05,999916164.24296,12.99999999999999,12.910819574708963,16.753017151880435,6.1060366622275195,1.501167547298801,0,0,0,0,-1,inf,0,-1,0,0,6080,1768,0,1784,0,2528,1.9577667412643556,4.5736679661701585,False
lane_choice,P4,9001,40,4.0,0.0,12.011930681626641,8.339167020023577,0.15681014940403565,3.197086409443261e-05,999968029.1359055,12.99999999999999,12.903358507552323,16.74847084715829,6.1060366622275195,1.508038196389593,0,0,0,0,-1,inf,0,-1,0,0,6080,1616,0,1788,0,2676,1.9577667412643556,4.5736679661701585,False
lane_choice,P0,9002,40,4.0,0.0,-1.4841772517946126,-13.800125353527465,0.7112488585418857,0.27149979741639463,728500202.5836054,12.99999999999999,12.882786325056207,16.782438462261936,inf,1.5013499953110632,0,0,0,0,-1,inf,0,-1,0,0,6080,1879,0,1762,0,2439,1.8498662915709285,4.259405347310816,False
lane_choice,P1,9002,40,4.0,0.0,11.415283391778743,7.917465961148334,0.1974985300149305,9.757018575009285e-05,999902429.81425,12.999999999999991,12.91210617836171,16.755131274768452,6.1060366622275195,1.5001885304115121,0,0,0,0,-1,inf,0,-1,0,0,6080,1784,0,1780,0,2516,1.8498662915709285,4.259405347310816,False
lane_choice,P2,9002,40,4.0,0.0,11.028111337726806,7.23980144955763,0.24191058486635467,0.00019969995777805268,999800300.0422218,12.99999999999999,12.897486192459832,16.743070553705927,6.1060366622275195,1.504848049346676,0,0,0,0,-1,inf,0,-1,0,0,6080,1594,0,1882,0,2604,1.8498662915709285,4.259405347310816,False
lane_choice,P3,9002,40,4.0,0.0,11.957187492873938,8.479828962353654,0.15821367999825334,2.6711618496039258e-05,999973288.381504,12.999999999999991,12.900504861170035,16.746449236149434,6.1060366622275195,1.5099068651872138,0,0,0,0,-1,inf,0,-1,0,0,6080,1576,0,1824,0,2680,1.8498662915709285,4.259405347310816,False
lane_choice,P4,9002,40,4.0,0.0,12.011930681626641,8.339167020023577,0.15681014940403565,3.197086409443261e-05,999968029.1359055,12.99999999999999,12.903358507552323,16.74847084715829,6.1060366622275195,1.508038196389593,0,0,0,0,-1,inf,0,-1,0,0,6080,1616,0,1788,0,2676,1.8498662915709285,4.259405347310816,False
lane_choice,P0,9003,40,4.0,0.0,-1.4841772517946126,-13.800125353527465,0.7112488585418857,0.27149979741639463,728500202.5836054,12.99999999999999,12.882786325056207,16.782438462261936,inf,1.5013499953110632,0,0,0,0,-1,inf,0,-1,0,0,6080,1879,0,1762,0,2439,1.9381424965602363,4.4720647876721955,False
lane_choice,P1,9003,40,4.0,0.0,11.415283391778743,7.917465961148334,0.1974985300149305,9.757018575009285e-05,999902429.81425,12.999999999999991,12.91210617836171,16.755131274768452,6.1060366622275195,1.5001885304115121,0,0,0,0,-1,inf,0,-1,0,0,6080,1784,0,1780,0,2516,1.9381424965602363,4.4720647876721955,False
lane_choice,P2,9003,40,4.0,0.0,10.770105304555937,7.155063173351711,0.2733025459464627,0.0004579120371930109,999542087.962807,12.999999999999988,12.911372753138188,16.753017151880435,6.1060366622275195,1.5017602450667762,0,0,0,0,-1,inf,0,-1,0,0,6080,1835,0,1728,0,2517,1.9381424965602363,4.4720647876721955,False
lane_choice,P3,9003,40,4.0,0.0,11.761369247674176,8.763759785661756,0.16494697501400696,2.2891689134287736e-05,999977108.3108658,12.99999999999999,12.909748525722138,16.7508040885184,6.1060366622275195,1.500368498496405,0,0,0,0,-1,inf,0,-1,0,0,6080,1706,0,1817,0,2557,1.9381424965602363,4.4720647876721955,False
lane_choice,P4,9003,40,4.0,0.0,12.011930681626641,8.339167020023577,0.15681014940403565,3.197086409443261e-05,999968029.1359055,12.99999999999999,12.903358507552323,16.74847084715829,6.1060366622275195,1.508038196389593,0,0,0,0,-1,inf,0,-1,0,0,6080,1616,0,1788,0,2676,1.9381424965602363,4.4720647876721955,False
lane_choice,P0,9004,40,4.0,0.0,-1.4841772517946126,-13.800125353527465,0.7112488585418857,0.27149979741639463,728500202.5836054,12.99999999999999,12.882786325056207,16.782438462261936,inf,1.5013499953110632,0,0,0,0,-1,inf,0,-1,0,0,6080,1879,0,1762,0,2439,1.9527272637700872,4.528901061361135,False
lane_choice,P1,9004,40,4.0,0.0,11.415283391778743,7.917465961148334,0.1974985300149305,9.757018575009285e-05,999902429.81425,12.999999999999991,12.91210617836171,16.755131274768452,6.1060366622275195,1.5001885304115121,0,0,0,0,-1,inf,0,-1,0,0,6080,1784,0,1780,0,2516,1.9527272637700872,4.528901061361135,False
lane_choice,P2,9004,40,4.0,0.0,11.272316043486196,7.844264988462617,0.21469494542599654,0.00012119080085557692,999878809.1991444,12.99999999999999,12.911082833631983,16.753017151880435,6.1060366622275195,1.5010204144252062,0,0,0,0,-1,inf,0,-1,0,0,6080,1786,0,1785,0,2509,1.9527272637700872,4.528901061361135,False
lane_choice,P3,9004,40,4.0,0.0,11.946263706406146,9.238320755861485,0.15402062385469292,1.3564703045248826e-05,999986435.2969548,12.99999999999999,12.906029403435662,16.747476673586238,6.1060366622275195,1.5003194677257392,0,0,0,0,-1,inf,0,-1,0,0,6080,1653,0,1877,0,2550,1.9527272637700872,4.528901061361135,False
lane_choice,P4,9004,40,4.0,0.0,12.011930681626641,8.339167020023577,0.15681014940403565,3.197086409443261e-05,999968029.1359055,12.99999999999999,12.903358507552323,16.74847084715829,6.1060366622275195,1.508038196389593,0,0,0,0,-1,inf,0,-1,0,0,6080,1616,0,1788,0,2676,1.9527272637700872,4.528901061361135,False
lane_choice,P0,9005,40,4.0,0.0,-1.4841772517946126,-13.800125353527465,0.7112488585418857,0.27149979741639463,728500202.5836054,12.99999999999999,12.882786325056207,16.782438462261936,inf,1.5013499953110632,0,0,0,0,-1,inf,0,-1,0,0,6080,1879,0,1762,0,2439,1.758726241371972,4.242788529118885,False
lane_choice,P1,9005,40,4.0,0.0,11.415283391778743,7.917465961148334,0.1974985300149305,9.757018575009285e-05,999902429.81425,12.999999999999991,12.91210617836171,16.755131274768452,6.1060366622275195,1.5001885304115121,0,0,0,0,-1,inf,0,-1,0,0,6080,1784,0,1780,0,2516,1.758726241371972,4.242788529118885,False
lane_choice,P2,9005,40,4.0,0.0,12.008701804632036,8.229738049872287,0.15881413145339823,3.7394747089857576e-05,999962605.2529103,12.999999999999991,12.904499009576284,16.74847084715829,6.1060366622275195,1.5001177930900464,0,0,0,0,-1,inf,0,-1,0,0,6080,1612,0,1861,0,2607,1.758726241371972,4.242788529118885,False
lane_choice,P3,9005,40,4.0,0.0,11.415283391778743,7.917465961148334,0.1974985300149305,9.757018575009285e-05,999902429.81425,12.999999999999991,12.91210617836171,16.755131274768452,6.1060366622275195,1.5001885304115121,0,0,0,0,-1,inf,0,-1,0,0,6080,1784,0,1780,0,2516,1.758726241371972,4.242788529118885,False
lane_choice,P4,9005,40,4.0,0.0,12.011930681626641,8.339167020023577,0.15681014940403565,3.197086409443261e-05,999968029.1359055,12.99999999999999,12.903358507552323,16.74847084715829,6.1060366622275195,1.508038196389593,0,0,0,0,-1,inf,0,-1,0,0,6080,1616,0,1788,0,2676,1.758726241371972,4.242788529118885,False
lane_choice,P0,9006,40,4.0,0.0,-1.4841772517946126,-13.800125353527465,0.7112488585418857,0.27149979741639463,728500202.5836054,12.99999999999999,12.882786325056207,16.782438462261936,inf,1.5013499953110632,0,0,0,0,-1,inf,0,-1,0,0,6080,1879,0,1762,0,2439,1.9412977003763452,4.5573602831183795,False
lane_choice,P1,9006,40,4.0,0.0,11.43164033473314,7.97072833400294,0.19631392238432374,8.974218320885683e-05,999910257.8167912,12.99999999999999,12.911978679206724,16.755131274768452,6.1060366622275195,1.5002839596935633,0,0,0,0,-1,inf,0,-1,0,0,6080,1777,0,1784,0,2519,1.9412977003763452,4.5573602831183795,False
lane_choice,P2,9006,40,4.0,0.0,3.6528413593923803,-9.323983547960253,0.6022828479467119,0.18828540351882672,811714596.4811733,12.999999999999991,12.8907238293399,16.747476673586238,6.1060366622275195,1.5033409140563228,0,0,0,0,-1,inf,0,-1,0,0,6080,2002,0,1697,0,2381,1.9412977003763452,4.5573602831183795,False
lane_choice,P3,9006,40,4.0,0.0,11.745317892373032,8.685339274074892,0.16510820070869775,2.5949230389124718e-05,999974050.769611,12.999999999999996,12.910190221619104,16.75414086214862,6.1060366622275195,1.5000540543503091,0,0,0,0,-1,inf,0,-1,0,0,6080,1704,0,1816,0,2560,1.9412977003763452,4.5573602831183795,False
lane_choice,P4,9006,40,4.0,0.0,12.011930681626641,8.339167020023577,0.15681014940403565,3.197086409443261e-05,999968029.1359055,12.99999999999999,12.903358507552323,16.74847084715829,6.1060366622275195,1.508038196389593,0,0,0,0,-1,inf,0,-1,0,0,6080,1616,0,1788,0,2676,1.9412977003763452,4.5573602831183795,False
lane_choice,P0,9007,40,4.0,0.0,-1.4841772517946126,-13.800125353527465,0.7112488585418857,0.27149979741639463,728500202.5836054,12.99999999999999,12.882786325056207,16.782438462261936,inf,1.5013499953110632,0,0,0,0,-1,inf,0,-1,0,0,6080,1879,0,1762,0,2439,1.919373541678981,4.460609253518941,False
lane_choice,P1,9007,40,4.0,0.0,11.761369247674176,8.763759785661756,0.16494697501400696,2.2891689134287736e-05,999977108.3108658,12.99999999999999,12.909748525722138,16.7508040885184,6.1060366622275195,1.500368498496405,0,0,0,0,-1,inf,0,-1,0,0,6080,1706,0,1817,0,2557,1.919373541678981,4.460609253518941,False
lane_choice,P2,9007,40,4.0,0.0,12.003801535674015,8.30317609867053,0.15770970069748805,3.362030996009834e-05,999966379.6900399,12.999999999999993,12.90378423508218,16.747476673586238,6.1060366622275195,1.5006896560409806,0,0,0,0,-1,inf,0,-1,0,0,6080,1603,0,1869,0,2608,1.919373541678981,4.460609253518941,False
lane_choice,P3,9007,40,4.0,0.0,11.967059743362135,8.4329418123197,0.1586427196786054,2.8490085230152824e-05,999971509.9147699,12.999999999999993,12.90133401449049,16.747476673586238,6.1060366622275195,1.5092503614896562,0,0,0,0,-1,inf,0,-1,0,0,6080,1585,0,1817,0,2678,1.919373541678981,4.460609253518941,False
lane_choice,P4,9007,40,4.0,0.0,12.011930681626641,8.339167020023577,0.15681014940403565,3.197086409443261e-05,999968029.1359055,12.99999999999999,12.903358507552323,16.74847084715829,6.1060366622275195,1.508038196389593,0,0,0,0,-1,inf,0,-1,0,0,6080,1616,0,1788,0,2676,1.919373541678981,4.460609253518941,False
lane_choice,P0,9008,40,4.0,0.0,-1.4841772517946126,-13.800125353527465,0.7112488585418857,0.27149979741639463,728500202.5836054,12.99999999999999,12.882786325056207,16.782438462261936,inf,1.5013499953110632,0,0,0,0,-1,inf,0,-1,0,0,6080,1879,0,1762,0,2439,1.9017855362211904,4.534932778662671,False
lane_choice,P1,9008,40,4.0,0.0,11.415283391778743,7.917465961148334,0.1974985300149305,9.757018575009285e-05,999902429.81425,12.999999999999991,12.91210617836171,16.755131274768452,6.1060366622275195,1.5001885304115121,0,0,0,0,-1,inf,0,-1,0,0,6080,1784,0,1780,0,2516,1.9017855362211904,4.534932778662671,False
lane_choice,P2,9008,40,4.0,0.0,12.003801535674015,8.30317609867053,0.15770970069748805,3.362030996009834e-05,999966379.6900399,12.999999999999993,12.90378423508218,16.747476673586238,6.1060366622275195,1.5006896560409806,0,0,0,0,-1,inf,0,-1,0,0,6080,1603,0,1869,0,2608,1.9017855362211904,4.534932778662671,False
lane_choice,P3,9008,40,4.0,0.0,12.023936119321124,9.136985536205104,0.14269111116874683,1.0637499126205956e-05,999989362.5008739,12.99999999999999,12.911716648644994,16.757163456939804,6.1060366622275195,1.5028868179940864,0,0,0,0,-1,inf,0,-1,0,0,6080,1729,0,1751,0,2600,1.9017855362211904,4.534932778662671,False
lane_choice,P4,9008,40,4.0,0.0,12.011930681626641,8.339167020023577,0.15681014940403565,3.197086409443261e-05,999968029.1359055,12.99999999999999,12.903358507552323,16.74847084715829,6.1060366622275195,1.508038196389593,0,0,0,0,-1,inf,0,-1,0,0,6080,1616,0,1788,0,2676,1.9017855362211904,4.534932778662671,False
lane_choice,P0,9009,40,4.0,0.0,-1.4841772517946126,-13.800125353527465,0.7112488585418857,0.27149979741639463,728500202.5836054,12.99999999999999,12.882786325056207,16.782438462261936,inf,1.5013499953110632,0,0,0,0,-1,inf,0,-1,0,0,6080,1879,0,1762,0,2439,1.7500594111147367,4.220654627067576,False
lane_choice,P1,9009,40,4.0,0.0,11.415283391778743,7.917465961148334,0.1974985300149305,9.757018575009285e-05,999902429.81425,12.999999999999991,12.91210617836171,16.755131274768452,6.1060366622275195,1.5001885304115121,0,0,0,0,-1,inf,0,-1,0,0,6080,1784,0,1780,0,2516,1.7500594111147367,4.220654627067576,False
lane_choice,P2,9009,40,4.0,0.0,11.716477214786526,7.746483206623606,0.18069851313027172,7.952567790053056e-05,999920474.3220994,12.999999999999993,12.901956790544096,16.746449236149434,6.1060366622275195,1.51015467471698,0,0,0,0,-1,inf,0,-1,0,0,6080,1634,0,1817,0,2629,1.7500594111147367,4.220654627067576,False
lane_choice,P3,9009,40,4.0,0.0,11.745317892373032,8.685339274074892,0.16510820070869775,2.5949230389124718e-05,999974050.769611,12.999999999999996,12.910190221619104,16.75414086214862,6.1060366622275195,1.5000540543503091,0,0,0,0,-1,inf,0,-1,0,0,6080,1704,0,1816,0,2560,1.7500594111147367,4.220654627067576,False
lane_choice,P4,9009,40,4.0,0.0,12.011930681626641,8.339167020023577,0.15681014940403565,3.197086409443261e-05,999968029.1359055,12.99999999999999,12.903358507552323,16.74847084715829,6.1060366622275195,1.508038196389593,0,0,0,0,-1,inf,0,-1,0,0,6080,1616,0,1788,0,2676,1.7500594111147367,4.220654627067576,False
lane_choice,P0,9010,40,4.0,0.0,-1.4841772517946126,-13.800125353527465,0.7112488585418857,0.27149979741639463,728500202.5836054,12.99999999999999,12.882786325056207,16.782438462261936,inf,1.5013499953110632,0,0,0,0,-1,inf,0,-1,0,0,6080,1879,0,1762,0,2439,1.7713305110539124,4.268821640627037,False
lane_choice,P1,9010,40,4.0,0.0,11.415283391778743,7.917465961148334,0.1974985300149305,9.757018575009285e-05,999902429.81425,12.999999999999991,12.91210617836171,16.755131274768452,6.1060366622275195,1.5001885304115121,0,0,0,0,-1,inf,0,-1,0,0,6080,1784,0,1780,0,2516,1.7713305110539124,4.268821640627037,False
lane_choice,P2,9010,40,4.0,0.0,12.014251034487225,8.229738049872287,0.1584477921853936,3.731306736108154e-05,999962686.9326389,12.999999999999991,12.904499009576284,16.74847084715829,6.1060366622275195,1.5001177930900464,0,0,0,0,-1,inf,0,-1,0,0,6080,1597,0,1876,0,2607,1.7713305110539124,4.268821640627037,False
lane_choice,P3,9010,40,4.0,0.0,11.415283391778743,7.917465961148334,0.1974985300149305,9.757018575009285e-05,999902429.81425,12.999999999999991,12.91210617836171,16.755131274768452,6.1060366622275195,1.5001885304115121,0,0,0,0,-1,inf,0,-1,0,0,6080,1784,0,1780,0,2516,1.7713305110539124,4.268821640627037,False
lane_choice,P4,9010,40,4.0,0.0,12.011930681626641,8.339167020023577,0.15681014940403565,3.197086409443261e-05,999968029.1359055,12.99999999999999,12.903358507552323,16.74847084715829,6.1060366622275195,1.508038196389593,0,0,0,0,-1,inf,0,-1,0,0,6080,1616,0,1788,0,2676,1.7713305110539124,4.268821640627037,False
lane_choice,P0,9011,40,4.0,0.0,-1.4841772517946126,-13.800125353527465,0.7112488585418857,0.27149979741639463,728500202.5836054,12.99999999999999,12.882786325056207,16.782438462261936,inf,1.5013499953110632,0,0,0,0,-1,inf,0,-1,0,0,6080,1879,0,1762,0,2439,1.7436137995682202,4.189080685436053,False
lane_choice,P1,9011,40,4.0,0.0,11.415283391778743,7.917465961148334,0.1974985300149305,9.757018575009285e-05,999902429.81425,12.999999999999991,12.91210617836171,16.755131274768452,6.1060366622275195,1.5001885304115121,0,0,0,0,-1,inf,0,-1,0,0,6080,1784,0,1780,0,2516,1.7436137995682202,4.189080685436053,False
lane_choice,P2,9011,40,4.0,0.0,12.011930681626641,8.339167020023577,0.15681014940403565,3.197086409443261e-05,999968029.1359055,12.99999999999999,12.903358507552323,16.74847084715829,6.1060366622275195,1.508038196389593,0,0,0,0,-1,inf,0,-1,0,0,6080,1616,0,1788,0,2676,1.7436137995682202,4.189080685436053,False
lane_choice,P3,9011,40,4.0,0.0,11.745317892373032,8.685339274074892,0.16510820070869775,2.5949230389124718e-05,999974050.769611,12.999999999999996,12.910190221619104,16.75414086214862,6.1060366622275195,1.5000540543503091,0,0,0,0,-1,inf,0,-1,0,0,6080,1704,0,1816,0,2560,1.7436137995682202,4.189080685436053,False
lane_choice,P4,9011,40,4.0,0.0,12.011930681626641,8.339167020023577,0.15681014940403565,3.197086409443261e-05,999968029.1359055,12.99999999999999,12.903358507552323,16.74847084715829,6.1060366622275195,1.508038196389593,0,0,0,0,-1,inf,0,-1,0,0,6080,1616,0,1788,0,2676,1.7436137995682202,4.189080685436053,False
lane_choice,P0,9012,40,4.0,0.0,-1.4841772517946126,-13.800125353527465,0.7112488585418857,0.27149979741639463,728500202.5836054,12.99999999999999,12.882786325056207,16.782438462261936,inf,1.5013499953110632,0,0,0,0,-1,inf,0,-1,0,0,6080,1879,0,1762,0,2439,1.9271662141782415,4.464680301858925,False
lane_choice,P1,9012,40,4.0,0.0,11.415283391778743,7.917465961148334,0.1974985300149305,9.757018575009285e-05,999902429.81425,12.999999999999991,12.91210617836171,16.755131274768452,6.1060366622275195,1.5001885304115121,0,0,0,0,-1,inf,0,-1,0,0,6080,1784,0,1780,0,2516,1.9271662141782415,4.464680301858925,False
lane_choice,P2,9012,40,4.0,0.0,12.003801535674015,8.30317609867053,0.15770970069748805,3.362030996009834e-05,999966379.6900399,12.999999999999993,12.90378423508218,16.747476673586238,6.1060366622275195,1.5006896560409806,0,0,0,0,-1,inf,0,-1,0,0,6080,1603,0,1869,0,2608,1.9271662141782415,4.464680301858925,False
lane_choice,P3,9012,40,4.0,0.0,12.09113893437139,9.006803560801242,0.14705775191847859,1.3226576274694849e-05,999986773.4237254,12.999999999999991,12.902048996397474,16.74847084715829,6.1060366622275195,1.502900537386866,0,0,0,0,-1,inf,0,-1,0,0,6080,1599,0,1824,0,2657,1.9271662141782415,4.464680301858925,False
lane_choice,P4,9012,40,4.0,0.0,12.011930681626641,8.339167020023577,0.15681014940403565,3.197086409443261e-05,999968029.1359055,12.99999999999999,12.903358507552323,16.74847084715829,6.1060366622275195,1.508038196389593,0,0,0,0,-1,inf,0,-1,0,0,6080,1616,0,1788,0,2676,1.9271662141782415,4.464680301858925,False
lane_choice,P0,9013,40,4.0,0.0,-1.4841772517946126,-13.800125353527465,0.7112488585418857,0.27149979741639463,728500202.5836054,12.99999999999999,12.882786325056207,16.782438462261936,inf,1.5013499953110632,0,0,0,0,-1,inf,0,-1,0,0,6080,1879,0,1762,0,2439,2.0373201874958418,4.768205476191905,False
lane_choice,P1,9013,40,4.0,0.0,11.745317892373032,8.685339274074892,0.16510820070869775,2.5949230389124718e-05,999974050.769611,12.999999999999996,12.910190221619104,16.75414086214862,6.1060366622275195,1.5000540543503091,0,0,0,0,-1,inf,0,-1,0,0,6080,1704,0,1816,0,2560,2.0373201874958418,4.768205476191905,False
lane_choice,P2,9013,40,4.0,0.0,12.004846002929833,8.39448333904421,0.15610001630200873,2.9520593791208435e-05,999970479.4062088,12.999999999999993,12.902589135019047,16.747476673586238,6.1060366622275195,1.5086487573915592,0,0,0,0,-1,inf,0,-1,0,0,6080,1608,0,1796,0,2676,2.0373201874958418,4.768205476191905,False
lane_choice,P3,9013,40,4.0,0.0,12.148535119881036,9.396533745662039,0.13270908330728692,6.12299878901973e-06,999993877.0012109,12.999999999999988,12.909309920487678,16.75414086214862,6.1060366622275195,1.5000811382163608,0,0,0,0,-1,inf,0,-1,0,0,6080,1697,0,1792,0,2591,2.0373201874958418,4.768205476191905,False
lane_choice,P4,9013,40,4.0,0.0,12.011930681626641,8.339167020023577,0.15681014940403565,3.197086409443261e-05,999968029.1359055,12.99999999999999,12.903358507552323,16.74847084715829,6.1060366622275195,1.508038196389593,0,0,0,0,-1,inf,0,-1,0,0,6080,1616,0,1788,0,2676,2.0373201874958418,4.768205476191905,False
lane_choice,P0,9014,40,4.0,0.0,-1.4841772517946126,-13.800125353527465,0.7112488585418857,0.27149979741639463,728500202.5836054,12.99999999999999,12.882786325056207,16.782438462261936,inf,1.5013499953110632,0,0,0,0,-1,inf,0,-1,0,0,6080,1879,0,1762,0,2439,1.7642691193038558,4.258177711704969,False
lane_choice,P1,9014,40,4.0,0.0,11.43164033473314,7.97072833400294,0.19631392238432374,8.974218320885683e-05,999910257.8167912,12.99999999999999,12.911978679206724,16.755131274768452,6.1060366622275195,1.5002839596935633,0,0,0,0,-1,inf,0,-1,0,0,6080,1777,0,1784,0,2519,1.7642691193038558,4.258177711704969,False
lane_choice,P2,9014,40,4.0,0.0,11.01269869819661,6.852514500971516,0.2512075756008333,0.00031252468418453667,999687475.3158153,12.99999999999999,12.902811185911144,16.74847084715829,6.1060366622275195,1.508949992395216,0,0,0,0,-1,inf,0,-1,0,0,6080,1698,0,1785,0,2597,1.7642691193038558,4.258177711704969,False
lane_choice,P3,9014,40,4.0,0.0,11.415283391778743,7.917465961148334,0.1974985300149305,9.757018575009285e-05,999902429.81425,12.999999999999991,12.91210617836171,16.755131274768452,6.1060366622275195,1.5001885304115121,0,0,0,0,-1,inf,0,-1,0,0,6080,1784,0,1780,0,2516,1.7642691193038558,4.258177711704969,False
lane_choice,P4,9014,40,4.0,0.0,12.011930681626641,8.339167020023577,0.15681014940403565,3.197086409443261e-05,999968029.1359055,12.99999999999999,12.903358507552323,16.74847084715829,6.1060366622275195,1.508038196389593,0,0,0,0,-1,inf,0,-1,0,0,6080,1616,0,1788,0,2676,1.7642691193038558,4.258177711704969,False
lane_choice,P0,9015,40,4.0,0.0,-1.4841772517946126,-13.800125353527465,0.7112488585418857,0.27149979741639463,728500202.5836054,12.99999999999999,12.882786325056207,16.782438462261936,inf,1.5013499953110632,0,0,0,0,-1,inf,0,-1,0,0,6080,1879,0,1762,0,2439,1.9980412422365326,4.660037518418148,False
lane_choice,P1,9015,40,4.0,0.0,11.415283391778743,7.917465961148334,0.1974985300149305,9.757018575009285e-05,999902429.81425,12.999999999999991,12.91210617836171,16.755131274768452,6.1060366622275195,1.5001885304115121,0,0,0,0,-1,inf,0,-1,0,0,6080,1784,0,1780,0,2516,1.9980412422365326,4.660037518418148,False
lane_choice,P2,9015,40,4.0,0.0,11.507890071768447,7.586935738170933,0.193672601716863,0.00011453171076863226,999885468.2892313,12.999999999999995,12.911064964602275,16.757163456939804,6.1060366622275195,1.509690408012185,0,0,0,0,-1,inf,0,-1,0,0,6080,1763,0,1741,0,2576,1.9980412422365326,4.660037518418148,False
lane_choice,P3,9015,40,4.0,0.0,11.774323011411733,8.879290723098984,0.16411768005911043,1.9645857822031818e-05,999980354.1421779,12.999999999999986,12.907490514004136,16.74981122510734,6.1060366622275195,1.5021093107878127,0,0,0,0,-1,inf,0,-1,0,0,6080,1685,0,1833,0,2562,1.9980412422365326,4.660037518418148,False
lane_choice,P4,9015,40,4.0,0.0,12.011930681626641,8.339167020023577,0.15681014940403565,3.197086409443261e-05,999968029.1359055,12.99999999999999,12.903358507552323,16.74847084715829,6.1060366622275195,1.508038196389593,0,0,0,0,-1,inf,0,-1,0,0,6080,1616,0,1788,0,2676,1.9980412422365326,4.660037518418148,False
lane_choice,P0,9016,40,4.0,0.0,-1.4841772517946126,-13.800125353527465,0.7112488585418857,0.27149979741639463,728500202.5836054,12.99999999999999,12.882786325056207,16.782438462261936,inf,1.5013499953110632,0,0,0,0,-1,inf,0,-1,0,0,6080,1879,0,1762,0,2439,1.9299018766507394,4.486875731446117,False
lane_choice,P1,9016,40,4.0,0.0,11.435182525296545,8.012373056845629,0.19517708609454484,8.383575704004449e-05,999916164.24296,12.99999999999999,12.910819574708963,16.753017151880435,6.1060366622275195,1.501167547298801,0,0,0,0,-1,inf,0,-1,0,0,6080,1768,0,1784,0,2528,1.9299018766507394,4.486875731446117,False
lane_choice,P2,9016,40,4.0,0.0,10.377378381691624,6.359241483953542,0.32074078480850243,0.0010118365022896841,998988163.4977102,12.999999999999993,12.908228620119699,16.74847084715829,6.1060366622275195,1.5054522843923368,0,0,0,0,-1,inf,0,-1,0,0,6080,1834,0,1711,0,2535,1.9299018766507394,4.486875731446117,False
lane_choice,P3,9016,40,4.0,0.0,12.217394029583092,9.563958712468255,0.13327248817366621,5.690294279877467e-06,999994309.7057202,12.999999999999991,12.906959667058455,16.7508040885184,6.1060366622275195,1.5003354388882966,0,0,0,0,-1,inf,0,-1,0,0,6080,1668,0,1821,0,2591,1.9299018766507394,4.486875731446117,False
lane_choice,P4,9016,40,4.0,0.0,12.011930681626641,8.339167020023577,0.15681014940403565,3.197086409443261e-05,999968029.1359055,12.99999999999999,12.903358507552323,16.74847084715829,6.1060366622275195,1.508038196389593,0,0,0,0,-1,inf,0,-1,0,0,6080,1616,0,1788,0,2676,1.9299018766507394,4.486875731446117,False
lane_choice,P0,9017,40,4.0,0.0,-1.4841772517946126,-13.800125353527465,0.7112488585418857,0.27149979741639463,728500202.5836054,12.99999999999999,12.882786325056207,16.782438462261936,inf,1.5013499953110632,0,0,0,0,-1,inf,0,-1,0,0,6080,1879,0,1762,0,2439,1.8993400315457243,4.5334260532590545,False
lane_choice,P1,9017,40,4.0,0.0,11.415283391778743,7.917465961148334,0.1974985300149305,9.757018575009285e-05,999902429.81425,12.999999999999991,12.91210617836171,16.755131274768452,6.1060366622275195,1.5001885304115121,0,0,0,0,-1,inf,0,-1,0,0,6080,1784,0,1780,0,2516,1.8993400315457243,4.5334260532590545,False
lane_choice,P2,9017,40,4.0,0.0,11.710265089585121,7.57851716733349,0.18461764915124,9.98620855735829e-05,999900137.9144264,12.999999999999995,12.903315582714269,16.74847084715829,6.1060366622275195,1.5090698357111858,0,0,0,0,-1,inf,0,-1,0,0,6080,1649,0,1801,0,2630,1.8993400315457243,4.5334260532590545,False
lane_choice,P3,9017,40,4.0,0.0,12.06103769144737,8.820796964255665,0.149943528783212,1.6485141721720045e-05,999983514.8582783,12.999999999999988,12.905142032963575,16.74847084715829,6.1060366622275195,1.5011711343190912,0,0,0,0,-1,inf,0,-1,0,0,6080,1641,0,1855,0,2584,1.8993400315457243,4.5334260532590545,False
lane_choice,P4,9017,40,4.0,0.0,12.011930681626641,8.339167020023577,0.15681014940403565,3.197086409443261e-05,999968029.1359055,12.99999999999999,12.903358507552323,16.74847084715829,6.1060366622275195,1.508038196389593,0,0,0,0,-1,inf,0,-1,0,0,6080,1616,0,1788,0,2676,1.8993400315457243,4.5334260532590545,False
lane_choice,P0,9018,40,4.0,0.0,-1.4841772517946126,-13.800125353527465,0.7112488585418857,0.27149979741639463,728500202.5836054,12.99999999999999,12.882786325056207,16.782438462261936,inf,1.5013499953110632,0,0,0,0,-1,inf,0,-1,0,0,6080,1879,0,1762,0,2439,1.9219556957696475,4.52666371183305,False
lane_choice,P1,9018,40,4.0,0.0,11.435182525296545,8.012373056845629,0.19517708609454484,8.383575704004449e-05,999916164.24296,12.99999999999999,12.910819574708963,16.753017151880435,6.1060366622275195,1.501167547298801,0,0,0,0,-1,inf,0,-1,0,0,6080,1768,0,1784,0,2528,1.9219556957696475,4.52666371183305,False
lane_choice,P2,9018,40,4.0,0.0,11.781337647654865,8.844884109477269,0.16482138816439776,2.1245657122117595e-05,999978754.342878,12.999999999999993,12.909531264591376,16.7508040885184,6.1060366622275195,1.5005320806178246,0,0,0,0,-1,inf,0,-1,0,0,6080,1709,0,1822,0,2549,1.9219556957696475,4.52666371183305,False
lane_choice,P3,9018,40,4.0,0.0,11.435182525296545,8.012373056845629,0.19517708609454484,8.383575704004449e-05,999916164.24296,12.99999999999999,12.910819574708963,16.753017151880435,6.1060366622275195,1.501167547298801,0,0,0,0,-1,inf,0,-1,0,0,6080,1768,0,1784,0,2528,1.9219556957696475,4.52666371183305,False
lane_choice,P4,9018,40,4.0,0.0,12.011930681626641,8.339167020023577,0.15681014940403565,3.197086409443261e-05,999968029.1359055,12.99999999999999,12.903358507552323,16.74847084715829,6.1060366622275195,1.508038196389593,0,0,0,0,-1,inf,0,-1,0,0,6080,1616,0,1788,0,2676,1.9219556957696475,4.52666371183305,False
lane_choice,P0,9019,40,4.0,0.0,-1.4841772517946126,-13.800125353527465,0.7112488585418857,0.27149979741639463,728500202.5836054,12.99999999999999,12.882786325056207,16.782438462261936,inf,1.5013499953110632,0,0,0,0,-1,inf,0,-1,0,0,6080,1879,0,1762,0,2439,1.9161500471131703,4.4972553711419705,False
lane_choice,P1,9019,40,4.0,0.0,11.43164033473314,7.97072833400294,0.19631392238432374,8.974218320885683e-05,999910257.8167912,12.99999999999999,12.911978679206724,16.755131274768452,6.1060366622275195,1.5002839596935633,0,0,0,0,-1,inf,0,-1,0,0,6080,1777,0,1784,0,2519,1.9161500471131703,4.4972553711419705,False
lane_choice,P2,9019,40,4.0,0.0,6.22114497142759,-1.1398083544380668,0.5961647634082897,0.09343108099395504,906568919.006045,12.999999999999991,12.89533766925217,16.74847084715829,6.1060366622275195,1.5013019280306392,0,0,0,0,-1,inf,0,-1,0,0,6080,1996,0,1651,0,2433,1.9161500471131703,4.4972553711419705,False
lane_choice,P3,9019,40,4.0,0.0,4.6257594699021665,-4.70667090739293,0.6005005259340285,0.15813931424911634,841860685.7508837,12.999999999999991,12.894723046559127,16.74847084715829,6.1060366622275195,1.5013550789311432,0,0,0,0,-1,inf,0,-1,0,0,6080,2014,0,1684,0,2382,1.9161500471131703,4.4972553711419705,False
lane_choice,P4,9019,40,4.0,0.0,12.011930681626641,8.339167020023577,0.15681014940403565,3.197086409443261e-05,999968029.1359055,12.99999999999999,12.903358507552323,16.74847084715829,6.1060366622275195,1.508038196389593,0,0,0,0,-1,inf,0,-1,0,0,6080,1616,0,1788,0,2676,1.9161500471131703,4.4972553711419705,False
overtake,P0,9000,50,5.0,0.0,22.18818743358445,17.202168997219456,0.0027923702403029626,2.198531920033225e-25,1000000000.0,46.88266666666658,46.88266666666658,2.1276691790748834,0.06503336226884109,inf,0,0,0,0,-1,inf,0,-1,0,0,7600,0,0,0,1368,6232,1.8026145351021226,4.0529100391618895,False
overtake,P1,9000,50,5.0,0.0,23.6267336546946,17.202168997219456,0.002382854520613148,2.1851098415832407e-25,1000000000.0,47.639999999999986,47.639999999999986,1.3760362245015263,0.0,inf,0,0,1,6,45,4.5,0,-1,0,0,7600,0,0,0,1897,5703,1.8026145351021226,4.0529100391618895,False
overtake,P2,9000,50,5.0,0.0,22.220478778469232,17.202168997219456,0.0027888351831742647,2.198531920033225e-25,1000000000.0,46.889999999999915,46.889999999999915,2.1203715927027353,0.06599954629664262,inf,0,0,0,0,-1,inf,0,-1,0,0,7600,0,0,0,1361,6239,1.8026145351021226,4.0529100391618895,False
overtake,P3,9000,50,5.0,0.0,22.1716403029912,17.202168997219456,0.0027934800460673935,2.198531920033225e-25,1000000000.0,46.86466666666658,46.86466666666658,2.1455824700032378,0.07365729943482252,inf,0,0,0,0,-1,inf,0,-1,0,0,7600,0,0,0,1355,6245,1.8026145351021226,4.0529100391618895,False
overtake,P4,9000,50,5.0,0.0,22.1716403029912,17.202168997219456,0.0027934800460673935,2.198531920033225e-25,1000000000.0,46.86466666666658,46.86466666666658,2.1455824700032378,0.07365729943482252,inf,0,0,0,0,-1,inf,0,-1,0,0,7600,0,0,0,1355,6245,1.8026145351021226,4.0529100391618895,False
overtake,P0,9001,50,5.0,0.0,22.238937471777106,17.202168997219456,0.0027919557090011625,2.198531920033225e-25,1000000000.0,46.93533333333323,46.93533333333323,2.075264835047623,0.0480926916592329,inf,0,0,0,0,-1,inf,0,-1,0,0,7600,0,0,0,1422,6178,1.6787658847738165,3.8153876236167967,False
overtake,P1,9001,50,5.0,0.0,23.606310098696696,17.202168997219456,0.0023847597037874595,2.1851098415832407e-25,1000000000.0,47.513333333333335,47.513333333333335,1.5013505483124683,0.0,inf,0,0,1,6,45,4.5,0,-1,0,0,7600,0,0,0,1834,5766,1.6787658847738165,3.8153876236167967,False
overtake,P2,9001,50,5.0,0.0,22.256406496651888,17.202168997219456,0.0027907484677645563,2.198531920033225e-25,1000000000.0,46.96366666666659,46.96366666666659,2.0470781947901093,0.030020614086999103,inf,0,0,0,0,-1,inf,0,-1,0,0,7600,0,0,0,1432,6168,1.6787658847738165,3.8153876236167967,False
overtake,P3,9001,50,5.0,0.0,22.238937471777106,17.202168997219456,0.0027919557090011625,2.198531920033225e-25,1000000000.0,46.93533333333323,46.93533333333323,2.075264835047623,0.0480926916592329,inf,0,0,0,0,-1,inf,0,-1,0,0,7600,0,0,0,1422,6178,1.6787658847738165,3.8153876236167967,False
overtake,P4,9001,50,5.0,0.0,22.238937471777106,17.202168997219456,0.0027919557090011625,2.198531920033225e-25,1000000000.0,46.93533333333323,46.93533333333323,2.075264835047623,0.0480926916592329,inf,0,0,0,0,-1,inf,0,-1,0,0,7600,0,0,0,1422,6178,1.6787658847738165,3.8153876236167967,False
overtake,P0,9002,50,5.0,0.0,22.288921031196274,17.202168997219456,0.0027901155440316827,2.198531920033225e-25,1000000000.0,47.000666666666554,47.000666666666554,2.010275968348278,0.01115018152216306,inf,0,0,0,0,-1,inf,0,-1,0,0,7600,0,0,0,1461,6139,1.6481510573939013,3.7795771014469737,False
overtake,P1,9002,50,5.0,0.0,23.61215814103857,17.202168997219456,0.002384522609910559,2.1851098415832407e-25,1000000000.0,47.78999999999998,47.78999999999998,1.2279966169091963,0.0,inf,0,0,1,7,44,4.4,4,47,0,4,7600,0,0,0,2385,5215,1.6481510573939013,3.7795771014469737,False
overtake,P2,9002,50,5.0,0.0,22.27236912025964,17.202168997219456,0.002791051372869319,2.198531920033225e-25,1000000000.0,46.99499999999991,46.99499999999991,2.0159118758370194,0.016493987845889607,inf,0,0,0,0,-1,inf,0,-1,0,0,7600,0,0,0,1443,6157,1.6481510573939013,3.7795771014469737,False
overtake,P3,9002,50,5.0,0.0,22.248515174524144,17.202168997219456,0.0027914039341656615,2.198531920033225e-25,1000000000.0,46.93999999999993,46.93999999999993,2.0706220541520075,0.06454469837318144,inf,0,0,0,0,-1,inf,0,-1,0,0,7600,0,0,0,1441,6159,1.6481510573939013,3.7795771014469737,False
overtake,P4,9002,50,5.0,0.0,22.248515174524144,17.202168997219456,0.0027914039341656615,2.198531920033225e-25,1000000000.0,46.93999999999993,46.93999999999993,2.0706220541520075,0.06454469837318144,inf,0,0,0,0,-1,inf,0,-1,0,0,7600,0,0,0,1441,6159,1.6481510573939013,3.7795771014469737,False
overtake,P0,9003,50,5.0,0.0,22.137103981989267,17.202168997219456,0.0027934322004295985,2.198531920033225e-25,1000000000.0,46.6839999999999,46.6839999999999,2.3254530077257742,0.19698745072923646,inf,0,0,0,0,-1,inf,0,-1,0,0,7600,0,0,0,1298,6302,1.7406826412036944,3.951445728676361,False
overtake,P1,9003,50,5.0,0.0,23.600745696276732,17.202168997219456,0.0023819577108156005,2.1851098415832407e-25,1000000000.0,47.43999999999999,47.43999999999999,1.5739999018870383,0.0,inf,0,0,1,5,46,4.6000000000000005,0,-1,0,0,7600,0,0,0,1984,5616,1.7406826412036944,3.951445728676361,False
overtake,P2,9003,50,5.0,0.0,22.207058417731183,17.202168997219456,0.002770250811934301,2.198254193701115e-25,1000000000.0,46.79866666666657,46.79866666666657,2.2112765850488376,0.1244135751233542,inf,0,0,0,0,-1,inf,0,-1,0,0,7600,0,0,0,1338,6262,1.7406826412036944,3.951445728676361,False
overtake,P3,9003,50,5.0,0.0,22.129011311030602,17.202168997219456,0.0027938224642175963,2.198531920033225e-25,1000000000.0,46.68399999999989,46.68399999999989,2.3254530077257813,0.19698745072924065,inf,0,0,0,0,-1,inf,0,-1,0,0,7600,0,0,0,1290,6310,1.7406826412036944,3.951445728676361,False
overtake,P4,9003,50,5.0,0.0,22.129011311030602,17.202168997219456,0.0027938224642175963,2.198531920033225e-25,1000000000.0,46.68399999999989,46.68399999999989,2.3254530077257813,0.19698745072924065,inf,0,0,0,0,-1,inf,0,-1,0,0,7600,0,0,0,1290,6310,1.7406826412036944,3.951445728676361,False
overtake,P0,9004,50,5.0,0.0,22.20739822985531,17.202168997219456,0.0027931537540970565,2.198531920033225e-25,1000000000.0,47.0366666666666,47.0366666666666,1.9744754921037702,0.0,inf,0,0,1,1,50,5.0,0,-1,0,0,7600,0,0,0,1368,6232,1.725855587385584,3.9416641517277653,False
overtake,P1,9004,50,5.0,0.0,23.585014744219965,17.202168997219456,0.0023834555096822387,2.1851098415832407e-25,1000000000.0,47.7,47.7,1.3167671362622817,0.0,inf,0,0,1,6,45,4.5,1,48,0,1,7600,0,0,0,2095,5505,1.725855587385584,3.9416641517277653,False
overtake,P2,9004,50,5.0,0.0,22.472799230930367,17.202168997219456,0.0027241005197278533,2.197319403053107e-25,1000000000.0,47.18399999999993,47.18355664577028,1.82563820703723,0.0,inf,0,0,1,2,49,4.9,0,-1,0,0,7600,27,0,0,1456,6117,1.725855587385584,3.9416641517277653,False
overtake,P3,9004,50,5.0,0.0,22.21780078695108,17.202168997219456,0.002794181578133615,2.198531920033225e-25,1000000000.0,46.996666666666584,46.99623217504461,2.0121004684415484,0.007265988541581954,inf,0,0,0,0,-1,inf,0,-1,0,0,7600,27,0,0,1313,6260,1.725855587385584,3.9416641517277653,False
overtake,P4,9004,50,5.0,0.0,22.18344485918127,17.202168997219456,0.002794344899709345,2.198531920033225e-25,1000000000.0,46.99666666666659,46.99666666666659,2.0142542380705377,0.008565239966434227,inf,0,0,0,0,-1,inf,0,-1,0,0,7600,0,0,0,1336,6264,1.725855587385584,3.9416641517277653,False
overtake,P0,9005,50,5.0,0.0,22.088310742771146,17.202168997219456,0.0027941661897242713,2.198531920033225e-25,1000000000.0,46.50333333333324,46.50333333333324,2.5054381125035396,0.4326697456339758,inf,0,0,0,0,-1,inf,0,-1,0,0,7600,0,0,0,1346,6254,1.5318607094345342,3.558985847465987,False
overtake,P1,9005,50,5.0,0.0,23.547087739250177,17.202168997219456,0.0023826114798136252,2.1851098415832407e-25,1000000000.0,47.305,47.305,1.7078936416359123,0.0,inf,0,0,1,4,47,4.7,0,-1,0,0,7600,0,0,0,1959,5641,1.5318607094345342,3.558985847465987,False
overtake,P2,9005,50,5.0,0.0,22.090914689850756,17.202168997219456,0.002795437795269208,2.198531920033225e-25,1000000000.0,46.567999999999905,46.567999999999905,2.441003828579717,0.3754230239072282,inf,0,0,0,0,-1,inf,0,-1,0,0,7600,0,0,0,1351,6249,1.5318607094345342,3.558985847465987,False
overtake,P3,9005,50,5.0,0.0,22.090914689850756,17.202168997219456,0.002795437795269208,2.198531920033225e-25,1000000000.0,46.567999999999905,46.567999999999905,2.441003828579717,0.3754230239072282,inf,0,0,0,0,-1,inf,0,-1,0,0,7600,0,0,0,1351,6249,1.5318607094345342,3.558985847465987,False
overtake,P4,9005,50,5.0,0.0,22.090914689850756,17.202168997219456,0.002795437795269208,2.198531920033225e-25,1000000000.0,46.567999999999905,46.567999999999905,2.441003828579717,0.3754230239072282,inf,0,0,0,0,-1,inf,0,-1,0,0,7600,0,0,0,1351,6249,1.5318607094345342,3.558985847465987,False
overtake,P0,9006,50,5.0,0.0,22.05968685935901,17.202168997219456,0.0027944062995163233,2.198531920033225e-25,1000000000.0,46.403999999999904,46.403999999999904,2.6044369240088874,0.3891020309041873,inf,0,0,0,0,-1,inf,0,-1,0,0,7600,0,0,0,1238,6362,1.6017793428370208,3.6880865781645213,False
overtake,P1,9006,50,5.0,0.0,23.60382212136345,17.202168997219456,0.0023815329334101742,2.1851098415832407e-25,1000000000.0,47.24,47.24,1.772420856100596,0.0,inf,0,0,1,4,47,4.7,0,-1,0,0,7600,0,0,0,1785,5815,1.6017793428370208,3.6880865781645213,False
overtake,P2,9006,50,5.0,0.0,22.05927967790099,17.202168997219456,0.0027942317946431715,2.198531920033225e-25,1000000000.0,46.389666666666585,46.389666666666585,2.618724079060624,0.4043378534992523,inf,0,0,0,0,-1,inf,0,-1,0,0,7600,0,0,0,1241,6359,1.6017793428370208,3.6880865781645213,False
overtake,P3,9006,50,5.0,0.0,22.05968685935901,17.202168997219456,0.0027944062995163233,2.198531920033225e-25,1000000000.0,46.403999999999904,46.403999999999904,2.6044369240088874,0.3891020309041873,inf,0,0,0,0,-1,inf,0,-1,0,0,7600,0,0,0,1238,6362,1.6017793428370208,3.6880865781645213,False
overtake,P4,9006,50,5.0,0.0,22.05968685935901,17.202168997219456,0.0027944062995163233,2.198531920033225e-25,1000000000.0,46.403999999999904,46.403999999999904,2.6044369240088874,0.3891020309041873,inf,0,0,0,0,-1,inf,0,-1,0,0,7600,0,0,0,1238,6362,1.6017793428370208,3.6880865781645213,False
overtake,P0,9007,50,5.0,0.0,22.095685077906968,17.202168997219456,0.0027945684477646443,2.198531920033225e-25,1000000000.0,46.70333333333324,46.70333333333324,2.306198922235153,0.16966865893962627,inf,0,0,0,0,-1,inf,0,-1,0,0,7600,0,0,0,1332,6268,1.6729096877533374,3.855863466851665,False
overtake,P1,9007,50,5.0,0.0,23.529626576249324,17.202168997219456,0.002382366041712625,2.1851098415832407e-25,1000000000.0,47.29,47.29,1.7227813822828422,0.0,inf,0,0,1,3,48,4.800000000000001,0,-1,0,0,7600,0,0,0,1862,5738,1.6729096877533374,3.855863466851665,False
overtake,P2,9007,50,5.0,0.0,22.095685077906968,17.202168997219456,0.0027945684477646443,2.198531920033225e-25,1000000000.0,46.70333333333324,46.70333333333324,2.306198922235153,0.16966865893962627,inf,0,0,0,0,-1,inf,0,-1,0,0,7600,0,0,0,1332,6268,1.6729096877533374,3.855863466851665,False
overtake,P3,9007,50,5.0,0.0,22.095685077906968,17.202168997219456,0.0027945684477646443,2.198531920033225e-25,1000000000.0,46.70333333333324,46.70333333333324,2.306198922235153,0.16966865893962627,inf,0,0,0,0,-1,inf,0,-1,0,0,7600,0,0,0,1332,6268,1.6729096877533374,3.855863466851665,False
overtake,P4,9007,50,5.0,0.0,22.095685077906968,17.202168997219456,0.0027945684477646443,2.198531920033225e-25,1000000000.0,46.70333333333324,46.70333333333324,2.306198922235153,0.16966865893962627,inf,0,0,0,0,-1,inf,0,-1,0,0,7600,0,0,0,1332,6268,1.6729096877533374,3.855863466851665,False
overtake,P0,9008,50,5.0,0.0,22.126639440570788,17.202168997219456,0.0027942945641400065,2.198531920033225e-25,1000000000.0,46.68799999999992,46.68799999999992,2.321469295756625,0.22224713408980304,inf,0,0,0,0,-1,inf,0,-1,0,0,7600,0,0,0,1281,6319,1.6221160007640243,3.758897473583504,False
overtake,P1,9008,50,5.0,0.0,23.651904150089166,17.202168997219456,0.0023816325741300316,2.1851098415832407e-25,1000000000.0,47.649999999999984,47.649999999999984,1.3661536118388808,0.0,inf,0,0,1,6,45,4.5,1,47,0,1,7600,0,0,0,1974,5626,1.6221160007640243,3.758897473583504,False
overtake,P2,9008,50,5.0,0.0,22.13772898924152,17.202168997219456,0.0027936728659208017,2.198531920033225e-25,1000000000.0,46.71199999999991,46.71199999999991,2.297568212510955,0.2043274498021771,inf,0,0,0,0,-1,inf,0,-1,0,0,7600,0,0,0,1289,6311,1.6221160007640243,3.758897473583504,False
overtake,P3,9008,50,5.0,0.0,22.126639440570788,17.202168997219456,0.0027942945641400065,2.198531920033225e-25,1000000000.0,46.68799999999992,46.68799999999992,2.321469295756625,0.22224713408980304,inf,0,0,0,0,-1,inf,0,-1,0,0,7600,0,0,0,1281,6319,1.6221160007640243,3.758897473583504,False
overtake,P4,9008,50,5.0,0.0,22.126639440570788,17.202168997219456,0.0027942945641400065,2.198531920033225e-25,1000000000.0,46.68799999999992,46.68799999999992,2.321469295756625,0.22224713408980304,inf,0,0,0,0,-1,inf,0,-1,0,0,7600,0,0,0,1281,6319,1.6221160007640243,3.758897473583504,False
overtake,P0,9009,50,5.0,0.0,22.122243292016336,17.202168997219456,0.0027934771941714102,2.198531920033225e-25,1000000000.0,46.63933333333325,46.63933333333325,2.3699415187408936,0.25226187887591656,inf,0,0,0,0,-1,inf,0,-1,0,0,7600,0,0,0,1394,6206,1.4965532936838892,3.531104416482918,False
overtake,P1,9009,50,5.0,0.0,23.50109188044219,17.202168997219456,0.0023851126251727885,2.1851098415832407e-25,1000000000.0,47.41999999999999,47.41999999999999,1.5938242347073333,0.0,inf,0,0,1,4,47,4.7,1,50,0,1,7600,0,0,0,2079,5521,1.4965532936838892,3.531104416482918,False
overtake,P2,9009,50,5.0,0.0,22.152423237880285,17.202168997219456,0.0027684063794872885,2.197331358113668e-25,1000000000.0,46.60266666666658,46.60266666666658,2.406466871214293,0.2796797955779816,inf,0,0,0,0,-1,inf,0,-1,0,0,7600,0,0,0,1384,6216,1.4965532936838892,3.531104416482918,False
overtake,P3,9009,50,5.0,0.0,22.12447896882673,17.202168997219456,0.002784031491925077,2.1980766220599543e-25,1000000000.0,46.596333333333234,46.596333333333234,2.4127762299030753,0.2795500010408073,inf,0,0,0,0,-1,inf,0,-1,0,0,7600,0,0,0,1386,6214,1.4965532936838892,3.531104416482918,False
overtake,P4,9009,50,5.0,0.0,22.091490578640688,17.202168997219456,0.0027939775858854426,2.198531920033225e-25,1000000000.0,46.54933333333326,46.54933333333326,2.4596021634101426,0.3133478517265892,inf,0,0,0,0,-1,inf,0,-1,0,0,7600,0,0,0,1366,6234,1.4965532936838892,3.531104416482918,False
overtake,P0,9010,50,5.0,0.0,22.25157361641613,17.202168997219456,0.0027921183095988207,2.198531920033225e-25,1000000000.0,47.01999999999991,47.01999999999991,1.991048892202482,0.0,inf,0,0,1,1,50,5.0,0,-1,0,0,7600,0,0,0,1434,6166,1.5339110196654433,3.583314711264141,False
overtake,P1,9010,50,5.0,0.0,23.642572115986553,17.202168997219456,0.002382198198002667,2.1851098415832407e-25,1000000000.0,47.63999999999999,47.63999999999999,1.3760362245015192,0.0,inf,0,0,1,7,44,4.4,2,49,0,2,7600,0,0,0,2238,5362,1.5339110196654433,3.583314711264141,False
overtake,P2,9010,50,5.0,0.0,22.250564676145636,17.202168997219456,0.002792528290590869,2.198531920033225e-25,1000000000.0,46.96799999999992,46.967519210922866,2.040507649228673,0.03571296099721136,inf,0,0,0,0,-1,inf,0,-1,0,0,7600,23,0,0,1455,6122,1.5339110196654433,3.583314711264141,False
overtake,P3,9010,50,5.0,0.0,22.250564676145636,17.202168997219456,0.002792528290590869,2.198531920033225e-25,1000000000.0,46.96799999999992,46.967519210922866,2.040507649228673,0.03571296099721136,inf,0,0,0,0,-1,inf,0,-1,0,0,7600,23,0,0,1455,6122,1.5339110196654433,3.583314711264141,False
overtake,P4,9010,50,5.0,0.0,22.20494048752314,17.202168997219456,0.0027932330802313598,2.198531920033225e-25,1000000000.0,46.927999999999926,46.927999999999926,2.08256084932486,0.07280628790394775,inf,0,0,0,0,-1,inf,0,-1,0,0,7600,0,0,0,1404,6196,1.5339110196654433,3.583314711264141,False
overtake,P0,9011,50,5.0,0.0,22.22258180884629,17.202168997219456,0.0027905982004312576,2.198531920033225e-25,1000000000.0,46.883999999999915,46.883493287848445,2.129850721301294,0.19758782279858392,inf,0,0,0,0,-1,inf,0,-1,0,0,7600,23,0,0,1543,6034,1.5113356402439646,3.585860869439825,False
overtake,P1,9011,50,5.0,0.0,23.582000205660833,17.202168997219456,0.002384636704447678,2.1851098415832407e-25,1000000000.0,47.54,47.54,1.474949385958847,0.0,inf,0,0,1,6,45,4.5,3,48,0,3,7600,0,0,0,2355,5245,1.5113356402439646,3.585860869439825,False
overtake,P2,9011,50,5.0,0.0,22.2112531058905,17.202168997219456,0.0027690654767753525,2.197331358113668e-25,1000000000.0,46.701333333333245,46.701333333333245,2.3081906627454387,0.36574704906754485,inf,0,0,0,0,-1,inf,0,-1,0,0,7600,0,0,0,1446,6154,1.5113356402439646,3.585860869439825,False
overtake,P3,9011,50,5.0,0.0,22.120449653378326,17.202168997219456,0.002794864464412977,2.198531920033225e-25,1000000000.0,46.64733333333324,46.64733333333324,2.361972932864652,0.39768660118805266,inf,0,0,0,0,-1,inf,0,-1,0,0,7600,0,0,0,1376,6224,1.5113356402439646,3.585860869439825,False
overtake,P4,9011,50,5.0,0.0,22.120449653378326,17.202168997219456,0.002794864464412977,2.198531920033225e-25,1000000000.0,46.64733333333324,46.64733333333324,2.361972932864652,0.39768660118805266,inf,0,0,0,0,-1,inf,0,-1,0,0,7600,0,0,0,1376,6224,1.5113356402439646,3.585860869439825,False
overtake,P0,9012,50,5.0,0.0,22.130362362302517,17.202168997219456,0.002793570872828882,2.198531920033225e-25,1000000000.0,46.5999999999999,46.5999999999999,2.4091234279589844,0.2601260558294495,inf,0,0,0,0,-1,inf,0,-1,0,0,7600,0,0,0,1350,6250,1.6696234808616635,3.8839542123264392,False
overtake,P1,9012,50,5.0,0.0,23.61464477692796,17.202168997219456,0.0023821782599779367,2.1851098415832407e-25,1000000000.0,47.44999999999999,47.44999999999999,1.5640894127703866,0.0,inf,0,0,1,5,46,4.6000000000000005,0,-1,0,0,7600,0,0,0,1998,5602,1.6696234808616635,3.8839542123264392,False
overtake,P2,9012,50,5.0,0.0,22.130362362302517,17.202168997219456,0.002793570872828882,2.198531920033225e-25,1000000000.0,46.5999999999999,46.5999999999999,2.4091234279589844,0.2601260558294495,inf,0,0,0,0,-1,inf,0,-1,0,0,7600,0,0,0,1350,6250,1.6696234808616635,3.8839542123264392,False
overtake,P3,9012,50,5.0,0.0,22.130362362302517,17.202168997219456,0.002793570872828882,2.198531920033225e-25,1000000000.0,46.5999999999999,46.5999999999999,2.4091234279589844,0.2601260558294495,inf,0,0,0,0,-1,inf,0,-1,0,0,7600,0,0,0,1350,6250,1.6696234808616635,3.8839542123264392,False
overtake,P4,9012,50,5.0,0.0,22.130362362302517,17.202168997219456,0.002793570872828882,2.198531920033225e-25,1000000000.0,46.5999999999999,46.5999999999999,2.4091234279589844,0.2601260558294495,inf,0,0,0,0,-1,inf,0,-1,0,0,7600,0,0,0,1350,6250,1.6696234808616635,3.8839542123264392,False
overtake,P0,9013,50,5.0,0.0,22.048690602107786,17.202168997219456,0.0027970082252541323,2.198531920033225e-25,1000000000.0,46.523666666666585,46.523666666666585,2.4851765468309406,0.3090903815288671,inf,0,0,0,0,-1,inf,0,-1,0,0,7600,0,0,0,1389,6211,1.7397502475244335,3.9757968498745773,False
overtake,P1,9013,50,5.0,0.0,23.384295076073613,17.202168997219456,0.0023863816635175893,2.1851098415832407e-25,1000000000.0,47.25999999999999,47.25999999999999,1.752562606910352,0.0,inf,0,0,1,3,48,4.800000000000001,0,-1,0,0,7600,0,0,0,1811,5789,1.7397502475244335,3.9757968498745773,False
overtake,P2,9013,50,5.0,0.0,22.053746747498447,17.202168997219456,0.002797273574831197,2.198531920033225e-25,1000000000.0,46.56866666666659,46.56866666666659,2.440339621634362,0.2897374464260989,inf,0,0,0,0,-1,inf,0,-1,0,0,7600,0,0,0,1392,6208,1.7397502475244335,3.9757968498745773,False
overtake,P3,9013,50,5.0,0.0,22.04377873049058,17.202168997219456,0.002797124391907387,2.198531920033225e-25,1000000000.0,46.508666666666585,46.508666666666585,2.50012349073372,0.32063776694288204,inf,0,0,0,0,-1,inf,0,-1,0,0,7600,0,0,0,1386,6214,1.7397502475244335,3.9757968498745773,False
overtake,P4,9013,50,5.0,0.0,22.04377873049058,17.202168997219456,0.002797124391907387,2.198531920033225e-25,1000000000.0,46.508666666666585,46.508666666666585,2.50012349073372,0.32063776694288204,inf,0,0,0,0,-1,inf,0,-1,0,0,7600,0,0,0,1386,6214,1.7397502475244335,3.9757968498745773,False
overtake,P0,9014,50,5.0,0.0,22.190102086746638,17.202168997219456,0.0027925881280074193,2.198531920033225e-25,1000000000.0,46.88999999999991,46.88999999999991,2.1203715927027424,0.06111069101541321,inf,0,0,0,0,-1,inf,0,-1,0,0,7600,0,0,0,1354,6246,1.4756193938599602,3.537789174473412,False
overtake,P1,9014,50,5.0,0.0,23.5747633639377,17.202168997219456,0.002382270038837265,2.1851098415832407e-25,1000000000.0,47.40333333333332,47.40333333333332,1.6103478306207197,0.0,inf,0,0,1,4,47,4.7,0,-1,0,0,7600,0,0,0,1906,5694,1.4756193938599602,3.537789174473412,False
overtake,P2,9014,50,5.0,0.0,22.215732006861057,17.202168997219456,0.0027842088704267526,2.1985319200328954e-25,1000000000.0,46.8659999999999,46.8659999999999,2.1442555097610927,0.06882871908727524,inf,0,0,0,0,-1,inf,0,-1,0,0,7600,0,0,0,1356,6244,1.4756193938599602,3.537789174473412,False
overtake,P3,9014,50,5.0,0.0,22.14965842841853,17.202168997219456,0.002793646301249988,2.198531920033225e-25,1000000000.0,46.82999999999992,46.82999999999992,2.180086165989942,0.08701883087043588,inf,0,0,0,0,-1,inf,0,-1,0,0,7600,0,0,0,1326,6274,1.4756193938599602,3.537789174473412,False
overtake,P4,9014,50,5.0,0.0,22.14965842841853,17.202168997219456,0.002793646301249988,2.198531920033225e-25,1000000000.0,46.82999999999992,46.82999999999992,2.180086165989942,0.08701883087043588,inf,0,0,0,0,-1,inf,0,-1,0,0,7600,0,0,0,1326,6274,1.4756193938599602,3.537789174473412,False
overtake,P0,9015,50,5.0,0.0,22.030836524077163,17.202168997219456,0.002795944208167155,2.198531920033225e-25,1000000000.0,46.427333333333245,46.427333333333245,2.5811798598545224,0.36028755239332716,inf,0,0,0,0,-1,inf,0,-1,0,0,7600,0,0,0,1295,6305,1.7054485788917324,3.8853451910131684,False
overtake,P1,9015,50,5.0,0.0,23.5150149146022,17.202168997219456,0.0023825544488644055,2.1851098415832407e-25,1000000000.0,47.39333333333334,47.39282655847645,1.6243176713431995,0.0,inf,0,0,1,4,47,4.7,0,-1,0,0,7600,23,0,0,1946,5631,1.7054485788917324,3.8853451910131684,False
overtake,P2,9015,50,5.0,0.0,22.06911879112416,17.202168997219456,0.0027707279815655443,2.197331358113668e-25,1000000000.0,46.41066666666657,46.41066666666657,2.5977919089588335,0.3675505111493035,inf,0,0,0,0,-1,inf,0,-1,0,0,7600,0,0,0,1271,6329,1.7054485788917324,3.8853451910131684,False
overtake,P3,9015,50,5.0,0.0,22.030836524077163,17.202168997219456,0.002795944208167155,2.198531920033225e-25,1000000000.0,46.427333333333245,46.427333333333245,2.5811798598545224,0.36028755239332716,inf,0,0,0,0,-1,inf,0,-1,0,0,7600,0,0,0,1295,6305,1.7054485788917324,3.8853451910131684,False
overtake,P4,9015,50,5.0,0.0,22.03311259153304,17.202168997219456,0.002796092155649468,2.198531920033225e-25,1000000000.0,46.447333333333226,46.447333333333226,2.5612463376746946,0.3552515766032825,inf,0,0,0,0,-1,inf,0,-1,0,0,7600,0,0,0,1304,6296,1.7054485788917324,3.8853451910131684,False
overtake,P0,9016,50,5.0,0.0,22.10222546656652,17.202168997219456,0.002795154789300526,2.198531920033225e-25,1000000000.0,46.60699999999992,46.60699999999992,2.402150014287358,0.2606446246519421,inf,0,0,0,0,-1,inf,0,-1,0,0,7600,0,0,0,1333,6267,1.7295659107402748,3.857901806231145,False
overtake,P1,9016,50,5.0,0.0,23.402610462555252,17.202168997219456,0.002385480497725986,2.1851098415832407e-25,1000000000.0,47.19,47.19,1.8220800452066823,0.0,inf,0,0,1,3,48,4.800000000000001,1,46,0,1,7600,0,0,0,1730,5870,1.7295659107402748,3.857901806231145,False
overtake,P2,9016,50,5.0,0.0,22.174305879346253,17.202168997219456,0.0027731911808794203,2.1984727898461514e-25,1000000000.0,46.6819999999999,46.6819999999999,2.3274448846623264,0.21550163856584792,inf,0,0,0,0,-1,inf,0,-1,0,0,7600,0,0,0,1366,6234,1.7295659107402748,3.857901806231145,False
overtake,P3,9016,50,5.0,0.0,22.106342530319875,17.202168997219456,0.002795006934783091,2.198531920033225e-25,1000000000.0,46.61499999999992,46.61499999999992,2.394180588665102,0.25548333432936426,inf,0,0,0,0,-1,inf,0,-1,0,0,7600,0,0,0,1340,6260,1.7295659107402748,3.857901806231145,False
overtake,P4,9016,50,5.0,0.0,22.100689219405243,17.202168997219456,0.0027951738874496556,2.198531920033225e-25,1000000000.0,46.60466666666658,46.60466666666658,2.404474468344084,0.25826218318465083,inf,0,0,0,0,-1,inf,0,-1,0,0,7600,0,0,0,1337,6263,1.7295659107402748,3.857901806231145,False
overtake,P0,9017,50,5.0,0.0,22.155609006101944,17.202168997219456,0.0027933753578534655,2.198531920033225e-25,1000000000.0,46.67266666666657,46.67266666666657,2.336740493847201,0.2803860510031996,inf,0,0,0,0,-1,inf,0,-1,0,0,7600,0,0,0,1318,6282,1.6019623543179136,3.7139958725942073,False
overtake,P1,9017,50,5.0,0.0,23.57612700440208,17.202168997219456,0.002383566054432076,2.1851098415832407e-25,1000000000.0,47.42999999999999,47.42999999999999,1.5839115161966595,0.0,inf,0,0,1,5,46,4.6000000000000005,1,48,0,1,7600,0,0,0,1952,5648,1.6019623543179136,3.7139958725942073,False
overtake,P2,9017,50,5.0,0.0,22.15258582667316,17.202168997219456,0.002793993737731378,2.198531920033225e-25,1000000000.0,46.705999999999925,46.705999999999925,2.3035432904854907,0.29326843097164235,inf,0,0,0,0,-1,inf,0,-1,0,0,7600,0,0,0,1319,6281,1.6019623543179136,3.7139958725942073,False
overtake,P3,9017,50,5.0,0.0,22.15258582667316,17.202168997219456,0.002793993737731378,2.198531920033225e-25,1000000000.0,46.705999999999925,46.705999999999925,2.3035432904854907,0.29326843097164235,inf,0,0,0,0,-1,inf,0,-1,0,0,7600,0,0,0,1319,6281,1.6019623543179136,3.7139958725942073,False
overtake,P4,9017,50,5.0,0.0,22.15258582667316,17.202168997219456,0.002793993737731378,2.198531920033225e-25,1000000000.0,46.705999999999925,46.705999999999925,2.3035432904854907,0.29326843097164235,inf,0,0,0,0,-1,inf,0,-1,0,0,7600,0,0,0,1319,6281,1.6019623543179136,3.7139958725942073,False
overtake,P0,9018,50,5.0,0.0,22.120564665866755,17.202168997219456,0.0027943944478006875,2.198531920033225e-25,1000000000.0,46.66866666666658,46.66866666666658,2.340724418262835,0.2619891593447839,inf,0,0,0,0,-1,inf,0,-1,0,0,7600,0,0,0,1276,6324,1.6244253770872066,3.7901867091228025,False
overtake,P1,9018,50,5.0,0.0,23.540242724224054,17.202168997219456,0.0023838758912320267,2.1851098415832407e-25,1000000000.0,47.5,47.5,1.5145546180776635,0.0,inf,0,0,1,5,46,4.6000000000000005,0,-1,0,0,7600,0,0,0,1989,5611,1.6244253770872066,3.7901867091228025,False
overtake,P2,9018,50,5.0,0.0,22.13040472076671,17.202168997219456,0.002792160706752888,2.198531920033225e-25,1000000000.0,46.653999999999904,46.653999999999904,2.3553326073276417,0.2818414485872595,inf,0,0,0,0,-1,inf,0,-1,0,0,7600,0,0,0,1280,6320,1.6244253770872066,3.7901867091228025,False
overtake,P3,9018,50,5.0,0.0,22.096179608345274,17.202168997219456,0.002794831132130563,2.198531920033225e-25,1000000000.0,46.61199999999991,46.61199999999991,2.3971690994047146,0.3217735227504233,inf,0,0,0,0,-1,inf,0,-1,0,0,7600,0,0,0,1249,6351,1.6244253770872066,3.7901867091228025,False
overtake,P4,9018,50,5.0,0.0,22.096179608345274,17.202168997219456,0.002794831132130563,2.198531920033225e-25,1000000000.0,46.61199999999991,46.61199999999991,2.3971690994047146,0.3217735227504233,inf,0,0,0,0,-1,inf,0,-1,0,0,7600,0,0,0,1249,6351,1.6244253770872066,3.7901867091228025,False
overtake,P0,9019,50,5.0,0.0,22.096587076704033,17.202168997219456,0.002793843420089811,2.198531920033225e-25,1000000000.0,46.50199999999991,46.50199999999991,2.506766780364864,0.2817338569430937,inf,0,0,0,0,-1,inf,0,-1,0,0,7600,0,0,0,1195,6405,1.6346609010236943,3.77174078988068,False
overtake,P1,9019,50,5.0,0.0,23.62877361324692,17.202168997219456,0.0023823738752911804,2.1851098415832407e-25,1000000000.0,47.57,47.57,1.4452597313771585,0.0,inf,0,0,1,6,45,4.5,1,43,0,1,7600,0,0,0,1878,5722,1.6346609010236943,3.77174078988068,False
overtake,P2,9019,50,5.0,0.0,22.153190424940384,17.202168997219456,0.0027832723401860935,2.198531920033225e-25,1000000000.0,46.529999999999895,46.529999999999895,2.478865807408884,0.2753812031739715,inf,0,0,0,0,-1,inf,0,-1,0,0,7600,0,0,0,1211,6389,1.6346609010236943,3.77174078988068,False
overtake,P3,9019,50,5.0,0.0,22.108399702970395,17.202168997219456,0.002794136287859999,2.198531920033225e-25,1000000000.0,46.61199999999993,46.61199999999993,2.3971690994046932,0.21684737402744553,inf,0,0,0,0,-1,inf,0,-1,0,0,7600,0,0,0,1248,6352,1.6346609010236943,3.77174078988068,False
overtake,P4,9019,50,5.0,0.0,22.087560570449867,17.202168997219456,0.002794837986892336,2.198531920033225e-25,1000000000.0,46.56999999999993,46.56999999999993,2.4390112117701963,0.23210482537394836,inf,0,0,0,0,-1,inf,0,-1,0,0,7600,0,0,0,1219,6381,1.6346609010236943,3.77174078988068,False
intersection_turn,P0,9000,50,5.0,0.0,18.948699431266512,14.72403780401211,0.00850226003061923,2.0707175358668105e-15,999999999.9999979,44.83999999999997,44.83999999999997,3.259693237100725,3.075487864675807,inf,0,0,0,0,-1,inf,0,-1,0,0,7600,0,0,0,901,6699,1.7750604023869527,3.977239932993864,False
intersection_turn,P1,9000,50,5.0,0.0,18.948699431266512,14.72403780401211,0.00850226003061923,2.0707175358668105e-15,999999999.9999979,44.83999999999997,44.83999999999997,3.259693237100725,3.075487864675807,inf,0,0,0,0,-1,inf,0,-1,0,0,7600,0,0,0,901,6699,1.7750604023869527,3.977239932993864,False
intersection_turn,P2,9000,50,5.0,0.0,18.948699431266512,14.72403780401211,0.00850226003061923,2.0707175358668105e-15,999999999.9999979,44.83999999999997,44.83999999999997,3.259693237100725,3.075487864675807,inf,0,0,0,0,-1,inf,0,-1,0,0,7600,0,0,0,901,6699,1.7750604023869527,3.977239932993864,False
intersection_turn,P3,9000,50,5.0,0.0,18.948699431266512,14.72403780401211,0.00850226003061923,2.0707175358668105e-15,999999999.9999979,44.83999999999997,44.83999999999997,3.259693237100725,3.075487864675807,inf,0,0,0,0,-1,inf,0,-1,0,0,7600,0,0,0,901,6699,1.7750604023869527,3.977239932993864,False
intersection_turn,P4,9000,50,5.0,0.0,18.948699431266512,14.72403780401211,0.00850226003061923,2.0707175358668105e-15,999999999.9999979,44.83999999999997,44.83999999999997,3.259693237100725,3.075487864675807,inf,0,0,0,0,-1,inf,0,-1,0,0,7600,0,0,0,901,6699,1.7750604023869527,3.977239932993864,False
intersection_turn,P0,9001,50,5.0,0.0,18.96849528909017,14.72403780401211,0.008487912493148281,2.0707175358668105e-15,999999999.9999979,44.65999999999999,44.65999999999999,3.4344723029892195,3.075487864675807,inf,0,0,0,0,-1,inf,0,-1,0,0,7600,0,0,0,777,6823,1.682506057521995,3.6673418076132815,False
intersection_turn,P1,9001,50,5.0,0.0,18.96849528909017,14.72403780401211,0.008487912493148281,2.0707175358668105e-15,999999999.9999979,44.65999999999999,44.65999999999999,3.4344723029892195,3.075487864675807,inf,0,0,0,0,-1,inf,0,-1,0,0,7600,0,0,0,777,6823,1.682506057521995,3.6673418076132815,False
intersection_turn,P2,9001,50,5.0,0.0,18.963742329652067,14.72403780401211,0.008491334573794328,2.0707175358668105e-15,999999999.9999979,44.71999999999997,44.71999999999997,3.3761516553614994,3.075487864675807,inf,0,0,0,0,-1,inf,0,-1,0,0,7600,0,0,0,795,6805,1.682506057521995,3.6673418076132815,False
intersection_turn,P3,9001,50,5.0,0.0,18.96849528909017,14.72403780401211,0.008487912493148281,2.0707175358668105e-15,999999999.9999979,44.65999999999999,44.65999999999999,3.4344723029892195,3.075487864675807,inf,0,0,0,0,-1,inf,0,-1,0,0,7600,0,0,0,777,6823,1.682506057521995,3.6673418076132815,False
intersection_turn,P4,9001,50,5.0,0.0,18.96849528909017,14.72403780401211,0.008487912493148281,2.0707175358668105e-15,999999999.9999979,44.65999999999999,44.65999999999999,3.4344723029892195,3.075487864675807,inf,0,0,0,0,-1,inf,0,-1,0,0,7600,0,0,0,777,6823,1.682506057521995,3.6673418076132815,False
intersection_turn,P0,9002,50,5.0,0.0,18.945071750460617,14.72403780401211,0.008504176934351244,2.0707175358668105e-15,999999999.9999979,44.82666666666662,44.82666666666662,3.272620424742954,3.075487864675807,inf,0,0,0,0,-1,inf,0,-1,0,0,7600,0,0,0,801,6799,1.6613156227064898,3.6929355065140435,False
intersection_turn,P1,9002,50,5.0,0.0,18.945071750460617,14.72403780401211,0.008504176934351244,2.0707175358668105e-15,999999999.9999979,44.82666666666662,44.82666666666662,3.272620424742954,3.075487864675807,inf,0,0,0,0,-1,inf,0,-1,0,0,7600,0,0,0,801,6799,1.6613156227064898,3.6929355065140435,False
intersection_turn,P2,9002,50,5.0,0.0,18.945071750460617,14.72403780401211,0.008504176934351244,2.0707175358668105e-15,999999999.9999979,44.82666666666662,44.82666666666662,3.272620424742954,3.075487864675807,inf,0,0,0,0,-1,inf,0,-1,0,0,7600,0,0,0,801,6799,1.6613156227064898,3.6929355065140435,False
intersection_turn,P3,9002,50,5.0,0.0,18.945071750460617,14.72403780401211,0.008504176934351244,2.0707175358668105e-15,999999999.9999979,44.82666666666662,44.82666666666662,3.272620424742954,3.075487864675807,inf,0,0,0,0,-1,inf,0,-1,0,0,7600,0,0,0,801,6799,1.6613156227064898,3.6929355065140435,False
intersection_turn,P4,9002,50,5.0,0.0,18.945071750460617,14.72403780401211,0.008504176934351244,2.0707175358668105e-15,999999999.9999979,44.82666666666662,44.82666666666662,3.272620424742954,3.075487864675807,inf,0,0,0,0,-1,inf,0,-1,0,0,7600,0,0,0,801,6799,1.6613156227064898,3.6929355065140435,False
intersection_turn,P0,9003,50,5.0,0.0,18.945177240372836,14.72403780401211,0.008504217676173556,2.0707175358668105e-15,999999999.9999979,44.83999999999997,44.83999999999997,3.259693237100725,3.075487864675807,inf,0,0,0,0,-1,inf,0,-1,0,0,7600,0,0,0,894,6706,1.7389684518276498,3.7694450536013955,False
intersection_turn,P1,9003,50,5.0,0.0,18.945177240372836,14.72403780401211,0.008504217676173556,2.0707175358668105e-15,999999999.9999979,44.83999999999997,44.83999999999997,3.259693237100725,3.075487864675807,inf,0,0,0,0,-1,inf,0,-1,0,0,7600,0,0,0,894,6706,1.7389684518276498,3.7694450536013955,False
intersection_turn,P2,9003,50,5.0,0.0,18.952592980586427,14.72403780401211,0.008498531572217496,2.0707175358668105e-15,999999999.9999979,44.77999999999998,44.77999999999998,3.317890896337631,3.075487864675807,inf,0,0,0,0,-1,inf,0,-1,0,0,7600,0,0,0,881,6719,1.7389684518276498,3.7694450536013955,False
intersection_turn,P3,9003,50,5.0,0.0,18.945177240372836,14.72403780401211,0.008504217676173556,2.0707175358668105e-15,999999999.9999979,44.83999999999997,44.83999999999997,3.259693237100725,3.075487864675807,inf,0,0,0,0,-1,inf,0,-1,0,0,7600,0,0,0,894,6706,1.7389684518276498,3.7694450536013955,False
intersection_turn,P4,9003,50,5.0,0.0,18.945177240372836,14.72403780401211,0.008504217676173556,2.0707175358668105e-15,999999999.9999979,44.83999999999997,44.83999999999997,3.259693237100725,3.075487864675807,inf,0,0,0,0,-1,inf,0,-1,0,0,7600,0,0,0,894,6706,1.7389684518276498,3.7694450536013955,False
intersection_turn,P0,9004,50,5.0,0.0,18.95883951736231,14.72403780401211,0.008493998936490263,2.0707175358668105e-15,999999999.9999979,44.71999999999997,44.71999999999997,3.3761516553614994,3.075487864675807,inf,0,0,0,0,-1,inf,0,-1,0,0,7600,0,0,0,819,6781,1.7685627662764722,3.863197801095528,False
intersection_turn,P1,9004,50,5.0,0.0,18.95883951736231,14.72403780401211,0.008493998936490263,2.0707175358668105e-15,999999999.9999979,44.71999999999997,44.71999999999997,3.3761516553614994,3.075487864675807,inf,0,0,0,0,-1,inf,0,-1,0,0,7600,0,0,0,819,6781,1.7685627662764722,3.863197801095528,False
intersection_turn,P2,9004,50,5.0,0.0,18.9648700679013,14.72403780401211,0.008489946223003461,2.0707175358668105e-15,999999999.9999979,44.666666666666636,44.666666666666636,3.4279893685820144,3.075487864675807,inf,0,0,0,0,-1,inf,0,-1,0,0,7600,0,0,0,804,6796,1.7685627662764722,3.863197801095528,False
intersection_turn,P3,9004,50,5.0,0.0,18.95883951736231,14.72403780401211,0.008493998936490263,2.0707175358668105e-15,999999999.9999979,44.71999999999997,44.71999999999997,3.3761516553614994,3.075487864675807,inf,0,0,0,0,-1,inf,0,-1,0,0,7600,0,0,0,819,6781,1.7685627662764722,3.863197801095528,False
intersection_turn,P4,9004,50,5.0,0.0,18.95883951736231,14.72403780401211,0.008493998936490263,2.0707175358668105e-15,999999999.9999979,44.71999999999997,44.71999999999997,3.3761516553614994,3.075487864675807,inf,0,0,0,0,-1,inf,0,-1,0,0,7600,0,0,0,819,6781,1.7685627662764722,3.863197801095528,False
intersection_turn,P0,9005,50,5.0,0.0,18.929918224806805,14.72403780401211,0.008518308085836764,2.0707175358668105e-15,999999999.9999979,44.96999999999996,44.96999999999996,3.1338315206788354,3.075487864675807,inf,0,0,0,0,-1,inf,0,-1,0,0,7600,0,0,0,983,6617,1.6097246868287052,3.587151959502908,False
intersection_turn,P1,9005,50,5.0,0.0,18.929918224806805,14.72403780401211,0.008518308085836764,2.0707175358668105e-15,999999999.9999979,44.96999999999996,44.96999999999996,3.1338315206788354,3.075487864675807,inf,0,0,0,0,-1,inf,0,-1,0,0,7600,0,0,0,983,6617,1.6097246868287052,3.587151959502908,False
intersection_turn,P2,9005,50,5.0,0.0,18.929918224806805,14.72403780401211,0.008518308085836764,2.0707175358668105e-15,999999999.9999979,44.96999999999996,44.96999999999996,3.1338315206788354,3.075487864675807,inf,0,0,0,0,-1,inf,0,-1,0,0,7600,0,0,0,983,6617,1.6097246868287052,3.587151959502908,False
intersection_turn,P3,9005,50,5.0,0.0,18.929918224806805,14.72403780401211,0.008518308085836764,2.0707175358668105e-15,999999999.9999979,44.96999999999996,44.96999999999996,3.1338315206788354,3.075487864675807,inf,0,0,0,0,-1,inf,0,-1,0,0,7600,0,0,0,983,6617,1.6097246868287052,3.587151959502908,False
intersection_turn,P4,9005,50,5.0,0.0,18.929918224806805,14.72403780401211,0.008518308085836764,2.0707175358668105e-15,999999999.9999979,44.96999999999996,44.96999999999996,3.1338315206788354,3.075487864675807,inf,0,0,0,0,-1,inf,0,-1,0,0,7600,0,0,0,983,6617,1.6097246868287052,3.587151959502908,False
intersection_turn,P0,9006,50,5.0,0.0,18.965990462680992,14.72403780401211,0.008489613109520936,2.0707175358668105e-15,999999999.9999979,44.679999999999964,44.679999999999964,3.415025622158674,3.075487864675807,inf,0,0,0,0,-1,inf,0,-1,0,0,7600,0,0,0,877,6723,1.621137218101975,3.5977236448731134,False
intersection_turn,P1,9006,50,5.0,0.0,18.965990462680992,14.72403780401211,0.008489613109520936,2.0707175358668105e-15,999999999.9999979,44.679999999999964,44.679999999999964,3.415025622158674,3.075487864675807,inf,0,0,0,0,-1,inf,0,-1,0,0,7600,0,0,0,877,6723,1.621137218101975,3.5977236448731134,False
intersection_turn,P2,9006,50,5.0,0.0,18.965990462680992,14.72403780401211,0.008489613109520936,2.0707175358668105e-15,999999999.9999979,44.679999999999964,44.679999999999964,3.415025622158674,3.075487864675807,inf,0,0,0,0,-1,inf,0,-1,0,0,7600,0,0,0,877,6723,1.621137218101975,3.5977236448731134,False
intersection_turn,P3,9006,50,5.0,0.0,18.965990462680992,14.72403780401211,0.008489613109520936,2.0707175358668105e-15,999999999.9999979,44.679999999999964,44.679999999999964,3.415025622158674,3.075487864675807,inf,0,0,0,0,-1,inf,0,-1,0,0,7600,0,0,0,877,6723,1.621137218101975,3.5977236448731134,False
intersection_turn,P4,9006,50,5.0,0.0,18.965990462680992,14.72403780401211,0.008489613109520936,2.0707175358668105e-15,999999999.9999979,44.679999999999964,44.679999999999964,3.415025622158674,3.075487864675807,inf,0,0,0,0,-1,inf,0,-1,0,0,7600,0,0,0,877,6723,1.621137218101975,3.5977236448731134,False
intersection_turn,P0,9007,50,5.0,0.0,18.990663154056698,14.72403780401211,0.008474884795022756,2.0707175358668105e-15,999999999.9999979,44.42399999999997,44.42399999999997,3.664392992024765,3.075487864675807,inf,0,0,0,0,-1,inf,0,-1,0,0,7600,0,0,0,615,6985,1.7660825452214206,3.846577997886988,False
intersection_turn,P1,9007,50,5.0,0.0,18.990426426761886,14.72403780401211,0.008475017778338798,2.0707175358668105e-15,999999999.9999979,44.427999999999976,44.427999999999976,3.660489584741387,3.075487864675807,inf,0,0,0,0,-1,inf,0,-1,0,0,7600,0,0,0,618,6982,1.7660825452214206,3.846577997886988,False
intersection_turn,P2,9007,50,5.0,0.0,18.99193886892195,14.72403780401211,0.00847416580425673,2.0707175358668105e-15,999999999.9999979,44.39999999999997,44.39999999999997,3.687817782917184,3.075487864675807,inf,0,0,0,0,-1,inf,0,-1,0,0,7600,0,0,0,600,7000,1.7660825452214206,3.846577997886988,False
intersection_turn,P3,9007,50,5.0,0.0,18.990663154056698,14.72403780401211,0.008474884795022756,2.0707175358668105e-15,999999999.9999979,44.42399999999997,44.42399999999997,3.664392992024765,3.075487864675807,inf,0,0,0,0,-1,inf,0,-1,0,0,7600,0,0,0,615,6985,1.7660825452214206,3.846577997886988,False
intersection_turn,P4,9007,50,5.0,0.0,19.448074844245355,14.72403780401211,0.008363846630895531,2.0707175358668105e-15,999999999.9999979,44.43599999999997,44.43248602428907,3.617377648224649,3.075487864675807,inf,0,0,0,0,-1,inf,0,-1,0,0,7600,187,0,0,551,6862,1.7660825452214206,3.846577997886988,False
intersection_turn,P0,9008,50,5.0,0.0,18.95106156746721,14.72403780401211,0.008499601262291247,2.0707175358668105e-15,999999999.9999979,44.78999999999998,44.78999999999998,3.3081868145556927,3.075487864675807,inf,0,0,0,0,-1,inf,0,-1,0,0,7600,0,0,0,700,6900,1.612874512419017,3.614449253108861,False
intersection_turn,P1,9008,50,5.0,0.0,18.95106156746721,14.72403780401211,0.008499601262291247,2.0707175358668105e-15,999999999.9999979,44.78999999999998,44.78999999999998,3.3081868145556927,3.075487864675807,inf,0,0,0,0,-1,inf,0,-1,0,0,7600,0,0,0,700,6900,1.612874512419017,3.614449253108861,False
intersection_turn,P2,9008,50,5.0,0.0,18.95106156746721,14.72403780401211,0.008499601262291247,2.0707175358668105e-15,999999999.9999979,44.78999999999998,44.78999999999998,3.3081868145556927,3.075487864675807,inf,0,0,0,0,-1,inf,0,-1,0,0,7600,0,0,0,700,6900,1.612874512419017,3.614449253108861,False
intersection_turn,P3,9008,50,5.0,0.0,18.95106156746721,14.72403780401211,0.008499601262291247,2.0707175358668105e-15,999999999.9999979,44.78999999999998,44.78999999999998,3.3081868145556927,3.075487864675807,inf,0,0,0,0,-1,inf,0,-1,0,0,7600,0,0,0,700,6900,1.612874512419017,3.614449253108861,False
intersection_turn,P4,9008,50,5.0,0.0,18.95106156746721,14.72403780401211,0.008499601262291247,2.0707175358668105e-15,999999999.9999979,44.78999999999998,44.78999999999998,3.3081868145556927,3.075487864675807,inf,0,0,0,0,-1,inf,0,-1,0,0,7600,0,0,0,700,6900,1.612874512419017,3.614449253108861,False
intersection_turn,P0,9009,50,5.0,0.0,18.945726318224246,14.72403780401211,0.008504868943416583,2.0707175358668105e-15,999999999.9999979,44.86999999999998,44.86999999999998,3.230619135707598,3.075487864675807,inf,0,0,0,0,-1,inf,0,-1,0,0,7600,0,0,0,836,6764,1.578875368870595,3.5968439904691327,False
intersection_turn,P1,9009,50,5.0,0.0,18.945726318224246,14.72403780401211,0.008504868943416583,2.0707175358668105e-15,999999999.9999979,44.86999999999998,44.86999999999998,3.230619135707598,3.075487864675807,inf,0,0,0,0,-1,inf,0,-1,0,0,7600,0,0,0,836,6764,1.578875368870595,3.5968439904691327,False
intersection_turn,P2,9009,50,5.0,0.0,18.945726318224246,14.72403780401211,0.008504868943416583,2.0707175358668105e-15,999999999.9999979,44.86999999999998,44.86999999999998,3.230619135707598,3.075487864675807,inf,0,0,0,0,-1,inf,0,-1,0,0,7600,0,0,0,836,6764,1.578875368870595,3.5968439904691327,False
intersection_turn,P3,9009,50,5.0,0.0,18.945726318224246,14.72403780401211,0.008504868943416583,2.0707175358668105e-15,999999999.9999979,44.86999999999998,44.86999999999998,3.230619135707598,3.075487864675807,inf,0,0,0,0,-1,inf,0,-1,0,0,7600,0,0,0,836,6764,1.578875368870595,3.5968439904691327,False
intersection_turn,P4,9009,50,5.0,0.0,18.945726318224246,14.72403780401211,0.008504868943416583,2.0707175358668105e-15,999999999.9999979,44.86999999999998,44.86999999999998,3.230619135707598,3.075487864675807,inf,0,0,0,0,-1,inf,0,-1,0,0,7600,0,0,0,836,6764,1.578875368870595,3.5968439904691327,False
intersection_turn,P0,9010,50,5.0,0.0,18.930150918241726,14.72403780401211,0.008517829184096182,2.0707175358668105e-15,999999999.9999979,44.95999999999996,44.95999999999996,3.1435012327022007,3.075487864675807,inf,0,0,0,0,-1,inf,0,-1,0,0,7600,0,0,0,697,6903,1.5752701426179627,3.613638173581725,False
intersection_turn,P1,9010,50,5.0,0.0,18.930150918241726,14.72403780401211,0.008517829184096182,2.0707175358668105e-15,999999999.9999979,44.95999999999996,44.95999999999996,3.1435012327022007,3.075487864675807,inf,0,0,0,0,-1,inf,0,-1,0,0,7600,0,0,0,697,6903,1.5752701426179627,3.613638173581725,False
intersection_turn,P2,9010,50,5.0,0.0,18.93819828742179,14.72403780401211,0.008510702922872045,2.0707175358668105e-15,999999999.9999979,44.90666666666662,44.90666666666662,3.195107370826749,3.075487864675807,inf,0,0,0,0,-1,inf,0,-1,0,0,7600,0,0,0,690,6910,1.5752701426179627,3.613638173581725,False
intersection_turn,P3,9010,50,5.0,0.0,18.930150918241726,14.72403780401211,0.008517829184096182,2.0707175358668105e-15,999999999.9999979,44.95999999999996,44.95999999999996,3.1435012327022007,3.075487864675807,inf,0,0,0,0,-1,inf,0,-1,0,0,7600,0,0,0,697,6903,1.5752701426179627,3.613638173581725,False
intersection_turn,P4,9010,50,5.0,0.0,18.930150918241726,14.72403780401211,0.008517829184096182,2.0707175358668105e-15,999999999.9999979,44.95999999999996,44.95999999999996,3.1435012327022007,3.075487864675807,inf,0,0,0,0,-1,inf,0,-1,0,0,7600,0,0,0,697,6903,1.5752701426179627,3.613638173581725,False
intersection_turn,P0,9011,50,5.0,0.0,18.940684109427323,14.72403780401211,0.008507392309313069,2.0707175358668105e-15,999999999.9999979,44.849999999999966,44.849999999999966,3.250000000000033,3.075487864675807,inf,0,0,0,0,-1,inf,0,-1,0,0,7600,0,0,0,726,6874,1.5627160130129893,3.6435845367889272,False
intersection_turn,P1,9011,50,5.0,0.0,18.940684109427323,14.72403780401211,0.008507392309313069,2.0707175358668105e-15,999999999.9999979,44.849999999999966,44.849999999999966,3.250000000000033,3.075487864675807,inf,0,0,0,0,-1,inf,0,-1,0,0,7600,0,0,0,726,6874,1.5627160130129893,3.6435845367889272,False
intersection_turn,P2,9011,50,5.0,0.0,18.940684109427323,14.72403780401211,0.008507392309313069,2.0707175358668105e-15,999999999.9999979,44.849999999999966,44.849999999999966,3.250000000000033,3.075487864675807,inf,0,0,0,0,-1,inf,0,-1,0,0,7600,0,0,0,726,6874,1.5627160130129893,3.6435845367889272,False
intersection_turn,P3,9011,50,5.0,0.0,18.940684109427323,14.72403780401211,0.008507392309313069,2.0707175358668105e-15,999999999.9999979,44.849999999999966,44.849999999999966,3.250000000000033,3.075487864675807,inf,0,0,0,0,-1,inf,0,-1,0,0,7600,0,0,0,726,6874,1.5627160130129893,3.6435845367889272,False
intersection_turn,P4,9011,50,5.0,0.0,18.940684109427323,14.72403780401211,0.008507392309313069,2.0707175358668105e-15,999999999.9999979,44.849999999999966,44.849999999999966,3.250000000000033,3.075487864675807,inf,0,0,0,0,-1,inf,0,-1,0,0,7600,0,0,0,726,6874,1.5627160130129893,3.6435845367889272,False
intersection_turn,P0,9012,50,5.0,0.0,18.927938121204303,14.72403780401211,0.008520543127758844,2.0707175358668105e-15,999999999.9999979,44.98999999999996,44.98999999999996,3.1144983544706273,3.075487864675807,inf,0,0,0,0,-1,inf,0,-1,0,0,7600,0,0,0,931,6669,1.7126610683333732,3.81788998531909,False
intersection_turn,P1,9012,50,5.0,0.0,18.927938121204303,14.72403780401211,0.008520543127758844,2.0707175358668105e-15,999999999.9999979,44.98999999999996,44.98999999999996,3.1144983544706273,3.075487864675807,inf,0,0,0,0,-1,inf,0,-1,0,0,7600,0,0,0,931,6669,1.7126610683333732,3.81788998531909,False
intersection_turn,P2,9012,50,5.0,0.0,18.927938121204303,14.72403780401211,0.008520543127758844,2.0707175358668105e-15,999999999.9999979,44.98999999999996,44.98999999999996,3.1144983544706273,3.075487864675807,inf,0,0,0,0,-1,inf,0,-1,0,0,7600,0,0,0,931,6669,1.7126610683333732,3.81788998531909,False
intersection_turn,P3,9012,50,5.0,0.0,18.927938121204303,14.72403780401211,0.008520543127758844,2.0707175358668105e-15,999999999.9999979,44.98999999999996,44.98999999999996,3.1144983544706273,3.075487864675807,inf,0,0,0,0,-1,inf,0,-1,0,0,7600,0,0,0,931,6669,1.7126610683333732,3.81788998531909,False
intersection_turn,P4,9012,50,5.0,0.0,18.927938121204303,14.72403780401211,0.008520543127758844,2.0707175358668105e-15,999999999.9999979,44.98999999999996,44.98999999999996,3.1144983544706273,3.075487864675807,inf,0,0,0,0,-1,inf,0,-1,0,0,7600,0,0,0,931,6669,1.7126610683333732,3.81788998531909,False
intersection_turn,P0,9013,50,5.0,0.0,18.938392025994837,14.72403780401211,0.008510972112606253,2.0707175358668105e-15,999999999.9999979,44.91999999999997,44.91999999999997,3.1822004965118342,3.075487864675807,inf,0,0,0,0,-1,inf,0,-1,0,0,7600,0,0,0,836,6764,1.7837190472773954,3.9643585836287603,False
intersection_turn,P1,9013,50,5.0,0.0,18.938392025994837,14.72403780401211,0.008510972112606253,2.0707175358668105e-15,999999999.9999979,44.91999999999997,44.91999999999997,3.1822004965118342,3.075487864675807,inf,0,0,0,0,-1,inf,0,-1,0,0,7600,0,0,0,836,6764,1.7837190472773954,3.9643585836287603,False
intersection_turn,P2,9013,50,5.0,0.0,18.946839885364312,14.72403780401211,0.00850394918881583,2.0707175358668105e-15,999999999.9999979,44.859999999999964,44.859999999999964,3.2403086272761468,3.075487864675807,inf,0,0,0,0,-1,inf,0,-1,0,0,7600,0,0,0,823,6777,1.7837190472773954,3.9643585836287603,False
intersection_turn,P3,9013,50,5.0,0.0,18.938392025994837,14.72403780401211,0.008510972112606253,2.0707175358668105e-15,999999999.9999979,44.91999999999997,44.91999999999997,3.1822004965118342,3.075487864675807,inf,0,0,0,0,-1,inf,0,-1,0,0,7600,0,0,0,836,6764,1.7837190472773954,3.9643585836287603,False
intersection_turn,P4,9013,50,5.0,0.0,18.938392025994837,14.72403780401211,0.008510972112606253,2.0707175358668105e-15,999999999.9999979,44.91999999999997,44.91999999999997,3.1822004965118342,3.075487864675807,inf,0,0,0,0,-1,inf,0,-1,0,0,7600,0,0,0,836,6764,1.7837190472773954,3.9643585836287603,False
intersection_turn,P0,9014,50,5.0,0.0,18.93206968056007,14.72403780401211,0.008515763195884698,2.0707175358668105e-15,999999999.9999979,44.93999999999996,44.93999999999996,3.162846818927567,3.075487864675807,inf,0,0,0,0,-1,inf,0,-1,0,0,7600,0,0,0,693,6907,1.5667190559384374,3.5372148251850284,False
intersection_turn,P1,9014,50,5.0,0.0,18.93206968056007,14.72403780401211,0.008515763195884698,2.0707175358668105e-15,999999999.9999979,44.93999999999996,44.93999999999996,3.162846818927567,3.075487864675807,inf,0,0,0,0,-1,inf,0,-1,0,0,7600,0,0,0,693,6907,1.5667190559384374,3.5372148251850284,False
intersection_turn,P2,9014,50,5.0,0.0,18.93206968056007,14.72403780401211,0.008515763195884698,2.0707175358668105e-15,999999999.9999979,44.93999999999996,44.93999999999996,3.162846818927567,3.075487864675807,inf,0,0,0,0,-1,inf,0,-1,0,0,7600,0,0,0,693,6907,1.5667190559384374,3.5372148251850284,False
intersection_turn,P3,9014,50,5.0,0.0,18.93206968056007,14.72403780401211,0.008515763195884698,2.0707175358668105e-15,999999999.9999979,44.93999999999996,44.93999999999996,3.162846818927567,3.075487864675807,inf,0,0,0,0,-1,inf,0,-1,0,0,7600,0,0,0,693,6907,1.5667190559384374,3.5372148251850284,False
intersection_turn,P4,9014,50,5.0,0.0,18.93206968056007,14.72403780401211,0.008515763195884698,2.0707175358668105e-15,999999999.9999979,44.93999999999996,44.93999999999996,3.162846818927567,3.075487864675807,inf,0,0,0,0,-1,inf,0,-1,0,0,7600,0,0,0,693,6907,1.5667190559384374,3.5372148251850284,False
intersection_turn,P0,9015,50,5.0,0.0,18.937512219995025,14.72403780401211,0.00851141746205717,2.0707175358668105e-15,999999999.9999979,44.91999999999997,44.91999999999997,3.1822004965118342,3.075487864675807,inf,0,0,0,0,-1,inf,0,-1,0,0,7600,0,0,0,856,6744,1.7507140148664397,3.833633017140656,False
intersection_turn,P1,9015,50,5.0,0.0,18.937512219995025,14.72403780401211,0.00851141746205717,2.0707175358668105e-15,999999999.9999979,44.91999999999997,44.91999999999997,3.1822004965118342,3.075487864675807,inf,0,0,0,0,-1,inf,0,-1,0,0,7600,0,0,0,856,6744,1.7507140148664397,3.833633017140656,False
intersection_turn,P2,9015,50,5.0,0.0,18.947120426446958,14.72403780401211,0.008503436180619973,2.0707175358668105e-15,999999999.9999979,44.849999999999966,44.849999999999966,3.250000000000033,3.075487864675807,inf,0,0,0,0,-1,inf,0,-1,0,0,7600,0,0,0,846,6754,1.7507140148664397,3.833633017140656,False
intersection_turn,P3,9015,50,5.0,0.0,18.937512219995025,14.72403780401211,0.00851141746205717,2.0707175358668105e-15,999999999.9999979,44.91999999999997,44.91999999999997,3.1822004965118342,3.075487864675807,inf,0,0,0,0,-1,inf,0,-1,0,0,7600,0,0,0,856,6744,1.7507140148664397,3.833633017140656,False
intersection_turn,P4,9015,50,5.0,0.0,18.937512219995025,14.72403780401211,0.00851141746205717,2.0707175358668105e-15,999999999.9999979,44.91999999999997,44.91999999999997,3.1822004965118342,3.075487864675807,inf,0,0,0,0,-1,inf,0,-1,0,0,7600,0,0,0,856,6744,1.7507140148664397,3.833633017140656,False
intersection_turn,P0,9016,50,5.0,0.0,18.96484413190231,14.72403780401211,0.008490303795907083,2.0707175358668105e-15,999999999.9999979,44.6933333333333,44.6933333333333,3.402064732547673,3.075487864675807,inf,0,0,0,0,-1,inf,0,-1,0,0,7600,0,0,0,752,6848,1.8224816788831766,3.8649352115622553,False
intersection_turn,P1,9016,50,5.0,0.0,18.96484413190231,14.72403780401211,0.008490303795907083,2.0707175358668105e-15,999999999.9999979,44.6933333333333,44.6933333333333,3.402064732547673,3.075487864675807,inf,0,0,0,0,-1,inf,0,-1,0,0,7600,0,0,0,752,6848,1.8224816788831766,3.8649352115622553,False
intersection_turn,P2,9016,50,5.0,0.0,18.96484413190231,14.72403780401211,0.008490303795907083,2.0707175358668105e-15,999999999.9999979,44.6933333333333,44.6933333333333,3.402064732547673,3.075487864675807,inf,0,0,0,0,-1,inf,0,-1,0,0,7600,0,0,0,752,6848,1.8224816788831766,3.8649352115622553,False
intersection_turn,P3,9016,50,5.0,0.0,18.96484413190231,14.72403780401211,0.008490303795907083,2.0707175358668105e-15,999999999.9999979,44.6933333333333,44.6933333333333,3.402064732547673,3.075487864675807,inf,0,0,0,0,-1,inf,0,-1,0,0,7600,0,0,0,752,6848,1.8224816788831766,3.8649352115622553,False
intersection_turn,P4,9016,50,5.0,0.0,18.96484413190231,14.72403780401211,0.008490303795907083,2.0707175358668105e-15,999999999.9999979,44.6933333333333,44.6933333333333,3.402064732547673,3.075487864675807,inf,0,0,0,0,-1,inf,0,-1,0,0,7600,0,0,0,752,6848,1.8224816788831766,3.8649352115622553,False
intersection_turn,P0,9017,50,5.0,0.0,18.94388064455377,14.72403780401211,0.008504945695121214,2.0707175358668105e-15,999999999.9999979,44.82999999999997,44.82999999999997,3.269388321995445,3.075487864675807,inf,0,0,0,0,-1,inf,0,-1,0,0,7600,0,0,0,826,6774,1.6013145330173364,3.6399410007587303,False
intersection_turn,P1,9017,50,5.0,0.0,18.94388064455377,14.72403780401211,0.008504945695121214,2.0707175358668105e-15,999999999.9999979,44.82999999999997,44.82999999999997,3.269388321995445,3.075487864675807,inf,0,0,0,0,-1,inf,0,-1,0,0,7600,0,0,0,826,6774,1.6013145330173364,3.6399410007587303,False
intersection_turn,P2,9017,50,5.0,0.0,18.94388064455377,14.72403780401211,0.008504945695121214,2.0707175358668105e-15,999999999.9999979,44.82999999999997,44.82999999999997,3.269388321995445,3.075487864675807,inf,0,0,0,0,-1,inf,0,-1,0,0,7600,0,0,0,826,6774,1.6013145330173364,3.6399410007587303,False
intersection_turn,P3,9017,50,5.0,0.0,18.94388064455377,14.72403780401211,0.008504945695121214,2.0707175358668105e-15,999999999.9999979,44.82999999999997,44.82999999999997,3.269388321995445,3.075487864675807,inf,0,0,0,0,-1,inf,0,-1,0,0,7600,0,0,0,826,6774,1.6013145330173364,3.6399410007587303,False
intersection_turn,P4,9017,50,5.0,0.0,18.94388064455377,14.72403780401211,0.008504945695121214,2.0707175358668105e-15,999999999.9999979,44.82999999999997,44.82999999999997,3.269388321995445,3.075487864675807,inf,0,0,0,0,-1,inf,0,-1,0,0,7600,0,0,0,826,6774,1.6013145330173364,3.6399410007587303,False
intersection_turn,P0,9018,50,5.0,0.0,18.945177240372836,14.72403780401211,0.008504217676173556,2.0707175358668105e-15,999999999.9999979,44.83999999999997,44.83999999999997,3.259693237100725,3.075487864675807,inf,0,0,0,0,-1,inf,0,-1,0,0,7600,0,0,0,876,6724,1.7093776381043788,3.8440636066910634,False
intersection_turn,P1,9018,50,5.0,0.0,18.945177240372836,14.72403780401211,0.008504217676173556,2.0707175358668105e-15,999999999.9999979,44.83999999999997,44.83999999999997,3.259693237100725,3.075487864675807,inf,0,0,0,0,-1,inf,0,-1,0,0,7600,0,0,0,876,6724,1.7093776381043788,3.8440636066910634,False
intersection_turn,P2,9018,50,5.0,0.0,18.94616626985118,14.72403780401211,0.008504009655170133,2.0707175358668105e-15,999999999.9999979,44.849999999999966,44.849999999999966,3.250000000000033,3.075487864675807,inf,0,0,0,0,-1,inf,0,-1,0,0,7600,0,0,0,868,6732,1.7093776381043788,3.8440636066910634,False
intersection_turn,P3,9018,50,5.0,0.0,18.945177240372836,14.72403780401211,0.008504217676173556,2.0707175358668105e-15,999999999.9999979,44.83999999999997,44.83999999999997,3.259693237100725,3.075487864675807,inf,0,0,0,0,-1,inf,0,-1,0,0,7600,0,0,0,876,6724,1.7093776381043788,3.8440636066910634,False
intersection_turn,P4,9018,50,5.0,0.0,18.945177240372836,14.72403780401211,0.008504217676173556,2.0707175358668105e-15,999999999.9999979,44.83999999999997,44.83999999999997,3.259693237100725,3.075487864675807,inf,0,0,0,0,-1,inf,0,-1,0,0,7600,0,0,0,876,6724,1.7093776381043788,3.8440636066910634,False
intersection_turn,P0,9019,50,5.0,0.0,18.930150918241726,14.72403780401211,0.008517829184096182,2.0707175358668105e-15,999999999.9999979,44.95999999999996,44.95999999999996,3.1435012327022007,3.075487864675807,inf,0,0,0,0,-1,inf,0,-1,0,0,7600,0,0,0,794,6806,1.7344524602526286,3.79068039860401,False
intersection_turn,P1,9019,50,5.0,0.0,18.930150918241726,14.72403780401211,0.008517829184096182,2.0707175358668105e-15,999999999.9999979,44.95999999999996,44.95999999999996,3.1435012327022007,3.075487864675807,inf,0,0,0,0,-1,inf,0,-1,0,0,7600,0,0,0,794,6806,1.7344524602526286,3.79068039860401,False
intersection_turn,P2,9019,50,5.0,0.0,18.930150918241726,14.72403780401211,0.008517829184096182,2.0707175358668105e-15,999999999.9999979,44.95999999999996,44.95999999999996,3.1435012327022007,3.075487864675807,inf,0,0,0,0,-1,inf,0,-1,0,0,7600,0,0,0,794,6806,1.7344524602526286,3.79068039860401,False
intersection_turn,P3,9019,50,5.0,0.0,18.930150918241726,14.72403780401211,0.008517829184096182,2.0707175358668105e-15,999999999.9999979,44.95999999999996,44.95999999999996,3.1435012327022007,3.075487864675807,inf,0,0,0,0,-1,inf,0,-1,0,0,7600,0,0,0,794,6806,1.7344524602526286,3.79068039860401,False
intersection_turn,P4,9019,50,5.0,0.0,18.930150918241726,14.72403780401211,0.008517829184096182,2.0707175358668105e-15,999999999.9999979,44.95999999999996,44.95999999999996,3.1435012327022007,3.075487864675807,inf,0,0,0,0,-1,inf,0,-1,0,0,7600,0,0,0,794,6806,1.7344524602526286,3.79068039860401,False
occluding_cut_in,P0,9000,50,5.0,0.0,11.267888282720728,7.327224075401506,0.2107706627715266,0.00021432353040528026,999785676.4695947,17.087302883832308,17.087302883832308,19.431160541768985,11.331044181969368,1.912697116167692,0,0,0,0,-1,inf,0,-1,0,0,7600,182,0,3814,0,3604,2.236508710247554,5.049424401377409,False
occluding_cut_in,P1,9000,50,5.0,0.0,11.332110574919035,7.317204022519822,0.2083959278339579,0.00021492416088724126,999785075.8391128,17.12178035333541,17.115394505041873,19.430094201262467,11.331044181969368,1.884920524226191,0,0,0,0,-1,inf,0,-1,0,0,7600,321,0,3697,0,3582,2.236508710247554,5.049424401377409,False
occluding_cut_in,P2,9000,50,5.0,0.0,11.18816933512213,7.346569653191002,0.21586657007766732,0.0002080808762265537,999791919.1237735,17.151780353335415,17.141282313467723,19.429070033382242,11.331044181969368,1.8631485915805577,0,0,0,0,-1,inf,0,-1,0,0,7600,355,0,3670,0,3575,2.236508710247554,5.049424401377409,False
occluding_cut_in,P3,9000,50,5.0,0.0,11.110482535262593,7.326894548691421,0.2222887307412461,0.00021561099413591555,999784389.0058641,17.15178035333542,17.14141999371464,19.430094201262467,11.331044181969368,1.871072585264871,0,0,0,0,-1,inf,0,-1,0,0,7600,330,0,3695,0,3575,2.236508710247554,5.049424401377409,False
occluding_cut_in,P4,9000,50,5.0,0.0,11.267888282720728,7.327224075401506,0.2107706627715266,0.00021432353040528026,999785676.4695947,17.087302883832308,17.087302883832308,19.431160541768985,11.331044181969368,1.912697116167692,0,0,0,0,-1,inf,0,-1,0,0,7600,182,0,3814,0,3604,2.236508710247554,5.049424401377409,False
occluding_cut_in,P0,9001,50,5.0,0.0,11.267888282720728,7.327224075401506,0.2107706627715266,0.00021432353040528026,999785676.4695947,17.087302883832308,17.087302883832308,19.431160541768985,11.331044181969368,1.912697116167692,0,0,0,0,-1,inf,0,-1,0,0,7600,182,0,3814,0,3604,2.0694366379210174,4.7190311108022716,False
occluding_cut_in,P1,9001,50,5.0,0.0,11.328220731869775,7.326331172501157,0.2081802931586817,0.0002123833658676743,999787616.6341324,17.121780353335406,17.11591623790376,19.43013353196599,11.331044181969368,1.884317558638751,0,0,0,0,-1,inf,0,-1,0,0,7600,296,0,3726,0,3578,2.0694366379210174,4.7190311108022716,False
occluding_cut_in,P2,9001,50,5.0,0.0,11.18503284799463,7.339654199503235,0.21578966851087075,0.0002091103767101219,999790889.62329,17.15178035333542,17.141898185769094,19.430094201262467,11.331044181969368,1.863837459608201,0,0,0,0,-1,inf,0,-1,0,0,7600,329,0,3696,0,3575,2.0694366379210174,4.7190311108022716,False
occluding_cut_in,P3,9001,50,5.0,0.0,11.188730860473086,7.323169320534642,0.21491378570597813,0.0002136283809497396,999786371.6190503,17.15178035333541,17.145196624852222,19.431160541768985,11.331044181969368,1.862832600337549,0,0,0,0,-1,inf,0,-1,0,0,7600,282,0,3743,0,3575,2.0694366379210174,4.7190311108022716,False
occluding_cut_in,P4,9001,50,5.0,0.0,11.267888282720728,7.327224075401506,0.2107706627715266,0.00021432353040528026,999785676.4695947,17.087302883832308,17.087302883832308,19.431160541768985,11.331044181969368,1.912697116167692,0,0,0,0,-1,inf,0,-1,0,0,7600,182,0,3814,0,3604,2.0694366379210174,4.7190311108022716,False
occluding_cut_in,P0,9002,50,5.0,0.0,11.267888282720728,7.327224075401506,0.2107706627715266,0.00021432353040528026,999785676.4695947,17.087302883832308,17.087302883832308,19.431160541768985,11.331044181969368,1.912697116167692,0,0,0,0,-1,inf,0,-1,0,0,7600,182,0,3814,0,3604,2.045198073203585,4.605688830064313,False
occluding_cut_in,P1,9002,50,5.0,0.0,11.32259098532521,7.330849635099795,0.20818126146480598,0.00021115231607467784,999788847.6839255,17.121780353335417,17.116341439325343,19.431160541768985,11.331044181969368,1.8837879858002218,0,0,0,0,-1,inf,0,-1,0,0,7600,270,0,3750,0,3580,2.045198073203585,4.605688830064313,False
occluding_cut_in,P2,9002,50,5.0,0.0,11.196766385412548,7.328414488419855,0.2174767325720963,0.0002145978516012744,999785402.1483989,17.139263734065537,17.128619776554984,19.433133628587235,11.331044181969368,1.8730956592448713,0,0,0,0,-1,inf,0,-1,0,0,7600,328,0,3696,0,3576,2.045198073203585,4.605688830064313,False
occluding_cut_in,P3,9002,50,5.0,0.0,11.188730860473086,7.323169320534642,0.21491378570597813,0.0002136283809497396,999786371.6190503,17.15178035333541,17.145196624852222,19.431160541768985,11.331044181969368,1.862832600337549,0,0,0,0,-1,inf,0,-1,0,0,7600,282,0,3743,0,3575,2.045198073203585,4.605688830064313,False
occluding_cut_in,P4,9002,50,5.0,0.0,11.267888282720728,7.327224075401506,0.2107706627715266,0.00021432353040528026,999785676.4695947,17.087302883832308,17.087302883832308,19.431160541768985,11.331044181969368,1.912697116167692,0,0,0,0,-1,inf,0,-1,0,0,7600,182,0,3814,0,3604,2.045198073203585,4.605688830064313,False
occluding_cut_in,P0,9003,50,5.0,0.0,11.267888282720728,7.327224075401506,0.2107706627715266,0.00021432353040528026,999785676.4695947,17.087302883832308,17.087302883832308,19.431160541768985,11.331044181969368,1.912697116167692,0,0,0,0,-1,inf,0,-1,0,0,7600,182,0,3814,0,3604,2.020775338962199,4.67894251683254,False
occluding_cut_in,P1,9003,50,5.0,0.0,11.276963380877083,7.330914167477342,0.21037900968694642,0.00021314547187283376,999786854.5281272,17.087302883832308,17.08684058791738,19.43013353196599,11.331044181969368,1.913174713293892,0,0,0,0,-1,inf,0,-1,0,0,7600,211,0,3789,0,3600,2.020775338962199,4.67894251683254,False
occluding_cut_in,P2,9003,50,5.0,0.0,11.196786944937497,7.337191093635807,0.2154759439718455,0.00021095573300218003,999789044.2669979,17.151780353335425,17.142163523128445,19.428020504095343,11.331044181969368,1.8616610242549663,0,0,0,0,-1,inf,0,-1,0,0,7600,368,0,3657,0,3575,2.020775338962199,4.67894251683254,False
occluding_cut_in,P3,9003,50,5.0,0.0,11.199130816814181,7.356061034498325,0.21413805358081653,0.000205079719788151,999794920.2802118,17.151780353335415,17.14460914194521,19.43013353196599,11.331044181969368,1.8618445850186753,0,0,0,0,-1,inf,0,-1,0,0,7600,308,0,3721,0,3571,2.020775338962199,4.67894251683254,False
occluding_cut_in,P4,9003,50,5.0,0.0,11.267888282720728,7.327224075401506,0.2107706627715266,0.00021432353040528026,999785676.4695947,17.087302883832308,17.087302883832308,19.431160541768985,11.331044181969368,1.912697116167692,0,0,0,0,-1,inf,0,-1,0,0,7600,182,0,3814,0,3604,2.020775338962199,4.67894251683254,False
occluding_cut_in,P0,9004,50,5.0,0.0,11.267888282720728,7.327224075401506,0.2107706627715266,0.00021432353040528026,999785676.4695947,17.087302883832308,17.087302883832308,19.431160541768985,11.331044181969368,1.912697116167692,0,0,0,0,-1,inf,0,-1,0,0,7600,182,0,3814,0,3604,2.122312493233909,4.859681844703765,False
occluding_cut_in,P1,9004,50,5.0,0.0,11.323529922543887,7.344714577229324,0.20783637704025407,0.00020744801661319413,999792551.9833866,17.121780353335428,17.116769463525344,19.431160541768985,11.331044181969368,1.8835758807025362,0,0,0,0,-1,inf,0,-1,0,0,7600,299,0,3720,0,3581,2.122312493233909,4.859681844703765,False
occluding_cut_in,P2,9004,50,5.0,0.0,11.201647634344402,7.358379049554543,0.2151735306038816,0.00020446212536482774,999795537.8746353,17.15178035333541,17.141062881760497,19.42810077019037,11.331044181969368,1.8635751868897756,0,0,0,0,-1,inf,0,-1,0,0,7600,395,0,3638,0,3567,2.122312493233909,4.859681844703765,False
occluding_cut_in,P3,9004,50,5.0,0.0,11.202189795197482,7.357528109595406,0.21421375202681323,0.000204669026887397,999795330.9731126,17.151780353335415,17.143840049942327,19.42906718105352,11.331044181969368,1.8620315890357273,0,0,0,0,-1,inf,0,-1,0,0,7600,338,0,3695,0,3567,2.122312493233909,4.859681844703765,False
occluding_cut_in,P4,9004,50,5.0,0.0,11.267888282720728,7.327224075401506,0.2107706627715266,0.00021432353040528026,999785676.4695947,17.087302883832308,17.087302883832308,19.431160541768985,11.331044181969368,1.912697116167692,0,0,0,0,-1,inf,0,-1,0,0,7600,182,0,3814,0,3604,2.122312493233909,4.859681844703765,False
occluding_cut_in,P0,9005,50,5.0,0.0,11.267888282720728,7.327224075401506,0.2107706627715266,0.00021432353040528026,999785676.4695947,17.087302883832308,17.087302883832308,19.431160541768985,11.331044181969368,1.912697116167692,0,0,0,0,-1,inf,0,-1,0,0,7600,182,0,3814,0,3604,1.9231246571925498,4.458599560991289,False
occluding_cut_in,P1,9005,50,5.0,0.0,11.3001277500668,7.353114950902221,0.208425261639691,0.00020585546103420025,999794144.5389657,17.121780353335414,17.118624309963533,19.43013353196599,11.331044181969368,1.8816690398021683,0,0,0,0,-1,inf,0,-1,0,0,7600,250,0,3773,0,3577,1.9231246571925498,4.458599560991289,False
occluding_cut_in,P2,9005,50,5.0,0.0,11.241532334536684,7.348806511430331,0.2134431764884724,0.0002080407196453287,999791959.2803547,17.096720715219124,17.092105632699788,19.42902108482531,11.331044181969368,1.9098528538218829,0,0,0,0,-1,inf,0,-1,0,0,7600,273,0,3731,0,3596,1.9231246571925498,4.458599560991289,False
occluding_cut_in,P3,9005,50,5.0,0.0,11.199130816814181,7.356061034498325,0.21413805358081653,0.000205079719788151,999794920.2802118,17.151780353335415,17.14460914194521,19.43013353196599,11.331044181969368,1.8618445850186753,0,0,0,0,-1,inf,0,-1,0,0,7600,308,0,3721,0,3571,1.9231246571925498,4.458599560991289,False
occluding_cut_in,P4,9005,50,5.0,0.0,11.267888282720728,7.327224075401506,0.2107706627715266,0.00021432353040528026,999785676.4695947,17.087302883832308,17.087302883832308,19.431160541768985,11.331044181969368,1.912697116167692,0,0,0,0,-1,inf,0,-1,0,0,7600,182,0,3814,0,3604,1.9231246571925498,4.458599560991289,False
occluding_cut_in,P0,9006,50,5.0,0.0,11.267888282720728,7.327224075401506,0.2107706627715266,0.00021432353040528026,999785676.4695947,17.087302883832308,17.087302883832308,19.431160541768985,11.331044181969368,1.912697116167692,0,0,0,0,-1,inf,0,-1,0,0,7600,182,0,3814,0,3604,1.9990717305850219,4.5711068011340314,False
occluding_cut_in,P1,9006,50,5.0,0.0,11.302438581173565,7.353591518223721,0.208176956459349,0.00020539113233300558,999794608.8676671,17.121780353335414,17.11831932101108,19.431160541768985,11.331044181969368,1.8818062231194883,0,0,0,0,-1,inf,0,-1,0,0,7600,232,0,3787,0,3581,1.9990717305850219,4.5711068011340314,False
occluding_cut_in,P2,9006,50,5.0,0.0,11.107775349567344,7.325385328508848,0.22251478459329055,0.00021610844700436602,999783891.5529958,17.151780353335425,17.141289758271174,19.430073758811165,11.331044181969368,1.8713197526690561,0,0,0,0,-1,inf,0,-1,0,0,7600,333,0,3692,0,3575,1.9990717305850219,4.5711068011340314,False
occluding_cut_in,P3,9006,50,5.0,0.0,11.111649839346782,7.332463616707964,0.22175011372850684,0.00021383137110448101,999786168.6288955,17.15178035333541,17.14231219455394,19.431160541768985,11.331044181969368,1.8710232551863193,0,0,0,0,-1,inf,0,-1,0,0,7600,304,0,3721,0,3575,1.9990717305850219,4.5711068011340314,False
occluding_cut_in,P4,9006,50,5.0,0.0,11.267888282720728,7.327224075401506,0.2107706627715266,0.00021432353040528026,999785676.4695947,17.087302883832308,17.087302883832308,19.431160541768985,11.331044181969368,1.912697116167692,0,0,0,0,-1,inf,0,-1,0,0,7600,182,0,3814,0,3604,1.9990717305850219,4.5711068011340314,False
occluding_cut_in,P0,9007,50,5.0,0.0,11.267888282720728,7.327224075401506,0.2107706627715266,0.00021432353040528026,999785676.4695947,17.087302883832308,17.087302883832308,19.431160541768985,11.331044181969368,1.912697116167692,0,0,0,0,-1,inf,0,-1,0,0,7600,182,0,3814,0,3604,2.0271637120754717,4.624597932615985,False
occluding_cut_in,P1,9007,50,5.0,0.0,11.311378602159753,7.349014587157961,0.2079716628434389,0.00020637574603807674,999793624.2539618,17.121780353335414,17.117622715201758,19.431160541768985,11.331044181969368,1.8824849619202388,0,0,0,0,-1,inf,0,-1,0,0,7600,237,0,3784,0,3579,2.0271637120754717,4.624597932615985,False
occluding_cut_in,P2,9007,50,5.0,0.0,11.230696940318678,7.351286970130206,0.21341323529873268,0.00020714780381925966,999792852.1961806,17.109263734065536,17.103890552950787,19.433133628587235,11.331044181969368,1.898345575441665,0,0,0,0,-1,inf,0,-1,0,0,7600,258,0,3751,0,3591,2.0271637120754717,4.624597932615985,False
occluding_cut_in,P3,9007,50,5.0,0.0,11.171875733710857,7.333605833077077,0.21495380087290047,0.00021066228407198067,999789337.7159281,17.15178035333541,17.14487247370373,19.435032721914393,11.331044181969368,1.864576446601228,0,0,0,0,-1,inf,0,-1,0,0,7600,342,0,3691,0,3567,2.0271637120754717,4.624597932615985,False
occluding_cut_in,P4,9007,50,5.0,0.0,11.267888282720728,7.327224075401506,0.2107706627715266,0.00021432353040528026,999785676.4695947,17.087302883832308,17.087302883832308,19.431160541768985,11.331044181969368,1.912697116167692,0,0,0,0,-1,inf,0,-1,0,0,7600,182,0,3814,0,3604,2.0271637120754717,4.624597932615985,False
occluding_cut_in,P0,9008,50,5.0,0.0,11.267888282720728,7.327224075401506,0.2107706627715266,0.00021432353040528026,999785676.4695947,17.087302883832308,17.087302883832308,19.431160541768985,11.331044181969368,1.912697116167692,0,0,0,0,-1,inf,0,-1,0,0,7600,182,0,3814,0,3604,2.0446041312115977,4.708559449648159,False
occluding_cut_in,P1,9008,50,5.0,0.0,11.32641752979756,7.319765403233969,0.20844227475307264,0.00021422358668181642,999785776.4133182,17.12178035333541,17.115760141865753,19.431160541768985,11.331044181969368,1.8844060385324797,0,0,0,0,-1,inf,0,-1,0,0,7600,295,0,3725,0,3580,2.0446041312115977,4.708559449648159,False
occluding_cut_in,P2,9008,50,5.0,0.0,11.175019714200964,7.36219329629697,0.21644261492479372,0.00020343671155943966,999796563.2884406,17.17353720412902,17.15966099532262,19.431160541768985,11.331044181969368,1.8432977905978762,0,0,0,0,-1,inf,0,-1,0,0,7600,371,0,3669,0,3560,2.0446041312115977,4.708559449648159,False
occluding_cut_in,P3,9008,50,5.0,0.0,11.111649839346782,7.332463616707964,0.22175011372850684,0.00021383137110448101,999786168.6288955,17.15178035333541,17.14231219455394,19.431160541768985,11.331044181969368,1.8710232551863193,0,0,0,0,-1,inf,0,-1,0,0,7600,304,0,3721,0,3575,2.0446041312115977,4.708559449648159,False
occluding_cut_in,P4,9008,50,5.0,0.0,11.267888282720728,7.327224075401506,0.2107706627715266,0.00021432353040528026,999785676.4695947,17.087302883832308,17.087302883832308,19.431160541768985,11.331044181969368,1.912697116167692,0,0,0,0,-1,inf,0,-1,0,0,7600,182,0,3814,0,3604,2.0446041312115977,4.708559449648159,False
occluding_cut_in,P0,9009,50,5.0,0.0,11.267888282720728,7.327224075401506,0.2107706627715266,0.00021432353040528026,999785676.4695947,17.087302883832308,17.087302883832308,19.431160541768985,11.331044181969368,1.912697116167692,0,0,0,0,-1,inf,0,-1,0,0,7600,182,0,3814,0,3604,1.9841330657377356,4.574813734233022,False
occluding_cut_in,P1,9009,50,5.0,0.0,11.318117202915344,7.346777872757504,0.2078571064664496,0.0002069281249115017,999793071.8750887,17.121780353335417,17.117194242825846,19.43013353196599,11.331044181969368,1.8830099866060035,0,0,0,0,-1,inf,0,-1,0,0,7600,266,0,3757,0,3577,1.9841330657377356,4.574813734233022,False
occluding_cut_in,P2,9009,50,5.0,0.0,11.184655886519955,7.344973534918988,0.2154781521159735,0.00020687544511968677,999793124.5548804,17.135545583644515,17.123580622550783,19.43013353196599,11.331044181969368,1.8788502045275304,0,0,0,0,-1,inf,0,-1,0,0,7600,344,0,3649,0,3607,1.9841330657377356,4.574813734233022,False
occluding_cut_in,P3,9009,50,5.0,0.0,11.197714630725336,7.356509060113466,0.21426811040009994,0.00020471969377836862,999795280.3062217,17.151780353335422,17.144674857593426,19.43013353196599,11.331044181969368,1.861175591180816,0,0,0,0,-1,inf,0,-1,0,0,7600,303,0,3726,0,3571,1.9841330657377356,4.574813734233022,False
occluding_cut_in,P4,9009,50,5.0,0.0,11.267888282720728,7.327224075401506,0.2107706627715266,0.00021432353040528026,999785676.4695947,17.087302883832308,17.087302883832308,19.431160541768985,11.331044181969368,1.912697116167692,0,0,0,0,-1,inf,0,-1,0,0,7600,182,0,3814,0,3604,1.9841330657377356,4.574813734233022,False
occluding_cut_in,P0,9010,50,5.0,0.0,11.267888282720728,7.327224075401506,0.2107706627715266,0.00021432353040528026,999785676.4695947,17.087302883832308,17.087302883832308,19.431160541768985,11.331044181969368,1.912697116167692,0,0,0,0,-1,inf,0,-1,0,0,7600,182,0,3814,0,3604,1.9371861556321617,4.495257527242439,False
occluding_cut_in,P1,9010,50,5.0,0.0,11.289445943630772,7.342689165104604,0.2094229478708295,0.00020923845846061495,999790761.5415394,17.087302883832304,17.085957907423442,19.43013353196599,11.331044181969368,1.914046008693127,0,0,0,0,-1,inf,0,-1,0,0,7600,220,0,3780,0,3600,1.9371861556321617,4.495257527242439,False
occluding_cut_in,P2,9010,50,5.0,0.0,11.237984396402712,7.348411669860199,0.2133351507000627,0.00020808773445762894,999791912.2655423,17.096720715219103,17.092765427591445,19.430094201262467,11.331044181969368,1.9095319180822474,0,0,0,0,-1,inf,0,-1,0,0,7600,241,0,3759,0,3600,1.9371861556321617,4.495257527242439,False
occluding_cut_in,P3,9010,50,5.0,0.0,11.234115978422913,7.347532739074193,0.2132565692115898,0.00020827732696175155,999791722.6730384,17.09672071521911,17.09343247158598,19.431160541768985,11.331044181969368,1.9092338673411526,0,0,0,0,-1,inf,0,-1,0,0,7600,216,0,3784,0,3600,1.9371861556321617,4.495257527242439,False
occluding_cut_in,P4,9010,50,5.0,0.0,11.267888282720728,7.327224075401506,0.2107706627715266,0.00021432353040528026,999785676.4695947,17.087302883832308,17.087302883832308,19.431160541768985,11.331044181969368,1.912697116167692,0,0,0,0,-1,inf,0,-1,0,0,7600,182,0,3814,0,3604,1.9371861556321617,4.495257527242439,False
occluding_cut_in,P0,9011,50,5.0,0.0,11.267888282720728,7.327224075401506,0.2107706627715266,0.00021432353040528026,999785676.4695947,17.087302883832308,17.087302883832308,19.431160541768985,11.331044181969368,1.912697116167692,0,0,0,0,-1,inf,0,-1,0,0,7600,182,0,3814,0,3604,1.993312493236331,4.662031427717469,False
occluding_cut_in,P1,9011,50,5.0,0.0,11.32259098532521,7.330849635099795,0.20818126146480598,0.00021115231607467784,999788847.6839255,17.121780353335417,17.116341439325343,19.431160541768985,11.331044181969368,1.8837879858002218,0,0,0,0,-1,inf,0,-1,0,0,7600,270,0,3750,0,3580,1.993312493236331,4.662031427717469,False
occluding_cut_in,P2,9011,50,5.0,0.0,11.186075618820407,7.330539289814475,0.21570086009281156,0.00021294527912640434,999787054.7208736,17.151780353335415,17.143391869241814,19.430094201262467,11.331044181969368,1.8615756950911542,0,0,0,0,-1,inf,0,-1,0,0,7600,316,0,3709,0,3575,1.993312493236331,4.662031427717469,False
occluding_cut_in,P3,9011,50,5.0,0.0,11.110193745786946,7.321493843175827,0.22275828606353712,0.00021733650592131214,999782663.4940786,17.151780353335415,17.14059414129135,19.42906718105352,11.331044181969368,1.8710372311344217,0,0,0,0,-1,inf,0,-1,0,0,7600,366,0,3667,0,3567,1.993312493236331,4.662031427717469,False
occluding_cut_in,P4,9011,50,5.0,0.0,11.267888282720728,7.327224075401506,0.2107706627715266,0.00021432353040528026,999785676.4695947,17.087302883832308,17.087302883832308,19.431160541768985,11.331044181969368,1.912697116167692,0,0,0,0,-1,inf,0,-1,0,0,7600,182,0,3814,0,3604,1.993312493236331,4.662031427717469,False
occluding_cut_in,P0,9012,50,5.0,0.0,11.267888282720728,7.327224075401506,0.2107706627715266,0.00021432353040528026,999785676.4695947,17.087302883832308,17.087302883832308,19.431160541768985,11.331044181969368,1.912697116167692,0,0,0,0,-1,inf,0,-1,0,0,7600,182,0,3814,0,3604,2.039523884466683,4.783729763623461,False
occluding_cut_in,P1,9012,50,5.0,0.0,11.32641752979756,7.319765403233969,0.20844227475307264,0.00021422358668181642,999785776.4133182,17.12178035333541,17.115760141865753,19.431160541768985,11.331044181969368,1.8844060385324797,0,0,0,0,-1,inf,0,-1,0,0,7600,295,0,3725,0,3580,2.039523884466683,4.783729763623461,False
occluding_cut_in,P2,9012,50,5.0,0.0,11.247849540917121,7.340815012458834,0.21461636854754762,0.00021060421127506,999789395.788725,17.10926373406554,17.101305601602693,19.42902108482531,11.331044181969368,1.8996968893496033,0,0,0,0,-1,inf,0,-1,0,0,7600,326,0,3687,0,3587,2.039523884466683,4.783729763623461,False
occluding_cut_in,P3,9012,50,5.0,0.0,11.234115978422913,7.347532739074193,0.2132565692115898,0.00020827732696175155,999791722.6730384,17.09672071521911,17.09343247158598,19.431160541768985,11.331044181969368,1.9092338673411526,0,0,0,0,-1,inf,0,-1,0,0,7600,216,0,3784,0,3600,2.039523884466683,4.783729763623461,False
occluding_cut_in,P4,9012,50,5.0,0.0,11.267888282720728,7.327224075401506,0.2107706627715266,0.00021432353040528026,999785676.4695947,17.087302883832308,17.087302883832308,19.431160541768985,11.331044181969368,1.912697116167692,0,0,0,0,-1,inf,0,-1,0,0,7600,182,0,3814,0,3604,2.039523884466683,4.783729763623461,False
occluding_cut_in,P0,9013,50,5.0,0.0,11.267888282720728,7.327224075401506,0.2107706627715266,0.00021432353040528026,999785676.4695947,17.087302883832308,17.087302883832308,19.431160541768985,11.331044181969368,1.912697116167692,0,0,0,0,-1,inf,0,-1,0,0,7600,182,0,3814,0,3604,2.066445214034944,4.802323028794282,False
occluding_cut_in,P1,9013,50,5.0,0.0,11.27959823775745,7.3462779110606355,0.2100196495923135,0.00020811949895195854,999791880.501048,17.087302883832304,17.08643884012282,19.430094201262467,11.331044181969368,1.9136055059923018,0,0,0,0,-1,inf,0,-1,0,0,7600,216,0,3780,0,3604,2.066445214034944,4.802323028794282,False
occluding_cut_in,P2,9013,50,5.0,0.0,11.239816059035615,7.348858456009843,0.21357968894979265,0.0002080533438758597,999791946.6561241,17.096720715219128,17.09198709612105,19.429027819371885,11.331044181969368,1.910035992509385,0,0,0,0,-1,inf,0,-1,0,0,7600,270,0,3730,0,3600,2.066445214034944,4.802323028794282,False
occluding_cut_in,P3,9013,50,5.0,0.0,11.195220078189754,7.354345850186862,0.21412403749681036,0.00020556110229852885,999794438.8977014,17.151780353335408,17.145345201145346,19.431160541768985,11.331044181969368,1.8617540578986738,0,0,0,0,-1,inf,0,-1,0,0,7600,279,0,3746,0,3575,2.066445214034944,4.802323028794282,False
occluding_cut_in,P4,9013,50,5.0,0.0,11.267888282720728,7.327224075401506,0.2107706627715266,0.00021432353040528026,999785676.4695947,17.087302883832308,17.087302883832308,19.431160541768985,11.331044181969368,1.912697116167692,0,0,0,0,-1,inf,0,-1,0,0,7600,182,0,3814,0,3604,2.066445214034944,4.802323028794282,False
occluding_cut_in,P0,9014,50,5.0,0.0,11.267888282720728,7.327224075401506,0.2107706627715266,0.00021432353040528026,999785676.4695947,17.087302883832308,17.087302883832308,19.431160541768985,11.331044181969368,1.912697116167692,0,0,0,0,-1,inf,0,-1,0,0,7600,182,0,3814,0,3604,1.8754138311910105,4.451606663516725,False
occluding_cut_in,P1,9014,50,5.0,0.0,11.311378602159753,7.349014587157961,0.2079716628434389,0.00020637574603807674,999793624.2539618,17.121780353335414,17.117622715201758,19.431160541768985,11.331044181969368,1.8824849619202388,0,0,0,0,-1,inf,0,-1,0,0,7600,237,0,3784,0,3579,1.8754138311910105,4.451606663516725,False
occluding_cut_in,P2,9014,50,5.0,0.0,11.222601870957808,7.344685878004649,0.21524704515085424,0.00020936202785666778,999790637.9721433,17.139263734065544,17.130520724208843,19.430094201262467,11.331044181969368,1.870638421737648,0,0,0,0,-1,inf,0,-1,0,0,7600,296,0,3728,0,3576,1.8754138311910105,4.451606663516725,False
occluding_cut_in,P3,9014,50,5.0,0.0,11.195220078189754,7.354345850186862,0.21412403749681036,0.00020556110229852885,999794438.8977014,17.151780353335408,17.145345201145346,19.431160541768985,11.331044181969368,1.8617540578986738,0,0,0,0,-1,inf,0,-1,0,0,7600,279,0,3746,0,3575,1.8754138311910105,4.451606663516725,False
occluding_cut_in,P4,9014,50,5.0,0.0,11.267888282720728,7.327224075401506,0.2107706627715266,0.00021432353040528026,999785676.4695947,17.087302883832308,17.087302883832308,19.431160541768985,11.331044181969368,1.912697116167692,0,0,0,0,-1,inf,0,-1,0,0,7600,182,0,3814,0,3604,1.8754138311910105,4.451606663516725,False
occluding_cut_in,P0,9015,50,5.0,0.0,11.267888282720728,7.327224075401506,0.2107706627715266,0.00021432353040528026,999785676.4695947,17.087302883832308,17.087302883832308,19.431160541768985,11.331044181969368,1.912697116167692,0,0,0,0,-1,inf,0,-1,0,0,7600,182,0,3814,0,3604,2.055938133199836,4.7406857387731645,False
occluding_cut_in,P1,9015,50,5.0,0.0,11.295418314240075,7.339360492320376,0.20953016730312896,0.00021039180284611168,999789608.1971539,17.087302883832308,17.085812480747336,19.42902108482531,11.331044181969368,1.9142924455010761,0,0,0,0,-1,inf,0,-1,0,0,7600,263,0,3737,0,3600,2.055938133199836,4.7406857387731645,False
occluding_cut_in,P2,9015,50,5.0,0.0,11.243941675404542,7.347368074154136,0.2140636836089802,0.00020866313146191432,999791336.8685383,17.096720715219117,17.090576267391267,19.428020504095343,11.331044181969368,1.9108983617464803,0,0,0,0,-1,inf,0,-1,0,0,7600,314,0,3686,0,3600,2.055938133199836,4.7406857387731645,False
occluding_cut_in,P3,9015,50,5.0,0.0,11.196457491852643,7.356078480514971,0.21434967398794555,0.00020482149822213837,999795178.501778,17.15178035333541,17.14458172147624,19.430048105437574,11.331044181969368,1.8613389248502736,0,0,0,0,-1,inf,0,-1,0,0,7600,300,0,3725,0,3575,2.055938133199836,4.7406857387731645,False
occluding_cut_in,P4,9015,50,5.0,0.0,11.267888282720728,7.327224075401506,0.2107706627715266,0.00021432353040528026,999785676.4695947,17.087302883832308,17.087302883832308,19.431160541768985,11.331044181969368,1.912697116167692,0,0,0,0,-1,inf,0,-1,0,0,7600,182,0,3814,0,3604,2.055938133199836,4.7406857387731645,False
occluding_cut_in,P0,9016,50,5.0,0.0,11.267888282720728,7.327224075401506,0.2107706627715266,0.00021432353040528026,999785676.4695947,17.087302883832308,17.087302883832308,19.431160541768985,11.331044181969368,1.912697116167692,0,0,0,0,-1,inf,0,-1,0,0,7600,182,0,3814,0,3604,1.9453876142750834,4.462424339071997,False
occluding_cut_in,P1,9016,50,5.0,0.0,11.297869342228044,7.343466673689892,0.20923779931311032,0.00020898105217346914,999791018.9478265,17.087302883832308,17.08552342188271,19.430073758811165,11.331044181969368,1.9145226843294183,0,0,0,0,-1,inf,0,-1,0,0,7600,248,0,3748,0,3604,1.9453876142750834,4.462424339071997,False
occluding_cut_in,P2,9016,50,5.0,0.0,11.241042283227243,7.34834648612017,0.21388584832584492,0.00020830622371436619,999791693.7762855,17.096720715219117,17.09120928887516,19.429027819371885,11.331044181969368,1.9105636526441665,0,0,0,0,-1,inf,0,-1,0,0,7600,292,0,3708,0,3600,1.9453876142750834,4.462424339071997,False
occluding_cut_in,P3,9016,50,5.0,0.0,11.188730860473086,7.323169320534642,0.21491378570597813,0.0002136283809497396,999786371.6190503,17.15178035333541,17.145196624852222,19.431160541768985,11.331044181969368,1.862832600337549,0,0,0,0,-1,inf,0,-1,0,0,7600,282,0,3743,0,3575,1.9453876142750834,4.462424339071997,False
occluding_cut_in,P4,9016,50,5.0,0.0,11.267888282720728,7.327224075401506,0.2107706627715266,0.00021432353040528026,999785676.4695947,17.087302883832308,17.087302883832308,19.431160541768985,11.331044181969368,1.912697116167692,0,0,0,0,-1,inf,0,-1,0,0,7600,182,0,3814,0,3604,1.9453876142750834,4.462424339071997,False
occluding_cut_in,P0,9017,50,5.0,0.0,11.267888282720728,7.327224075401506,0.2107706627715266,0.00021432353040528026,999785676.4695947,17.087302883832308,17.087302883832308,19.431160541768985,11.331044181969368,1.912697116167692,0,0,0,0,-1,inf,0,-1,0,0,7600,182,0,3814,0,3604,2.004324368321974,4.612497842378737,False
occluding_cut_in,P1,9017,50,5.0,0.0,11.317783592570613,7.340924320324938,0.20800412073676305,0.00020844263878270098,999791557.3612175,17.121780353335406,17.116962367430588,19.431160541768985,11.331044181969368,1.88314773956537,0,0,0,0,-1,inf,0,-1,0,0,7600,257,0,3763,0,3580,2.004324368321974,4.612497842378737,False
occluding_cut_in,P2,9017,50,5.0,0.0,11.175127974755581,7.332945383751173,0.2159798629118412,0.00021217371145124502,999787826.2885487,17.151780353335404,17.143658201067584,19.431160541768985,11.331044181969368,1.8622859975209516,0,0,0,0,-1,inf,0,-1,0,0,7600,283,0,3742,0,3575,2.004324368321974,4.612497842378737,False
occluding_cut_in,P3,9017,50,5.0,0.0,11.17982647253661,7.309945239514288,0.21592928226700317,0.00021928228020077524,999780717.7197994,17.15178035333542,17.145397845880034,19.431160541768985,11.331044181969368,1.8602356327073468,0,0,0,0,-1,inf,0,-1,0,0,7600,271,0,3754,0,3575,2.004324368321974,4.612497842378737,False
occluding_cut_in,P4,9017,50,5.0,0.0,11.267888282720728,7.327224075401506,0.2107706627715266,0.00021432353040528026,999785676.4695947,17.087302883832308,17.087302883832308,19.431160541768985,11.331044181969368,1.912697116167692,0,0,0,0,-1,inf,0,-1,0,0,7600,182,0,3814,0,3604,2.004324368321974,4.612497842378737,False
occluding_cut_in,P0,9018,50,5.0,0.0,11.267888282720728,7.327224075401506,0.2107706627715266,0.00021432353040528026,999785676.4695947,17.087302883832308,17.087302883832308,19.431160541768985,11.331044181969368,1.912697116167692,0,0,0,0,-1,inf,0,-1,0,0,7600,182,0,3814,0,3604,1.976186555234266,4.603608206986899,False
occluding_cut_in,P1,9018,50,5.0,0.0,11.321771043070433,7.3391346447995085,0.20825445283837796,0.00021042990867270784,999789570.0913273,17.121780353335417,17.116548502169948,19.431160541768985,11.331044181969368,1.8837522492727996,0,0,0,0,-1,inf,0,-1,0,0,7600,272,0,3748,0,3580,1.976186555234266,4.603608206986899,False
occluding_cut_in,P2,9018,50,5.0,0.0,11.238473942199763,7.348331817929137,0.213296932476458,0.00020810353427264775,999791896.4657272,17.096720715219107,17.09280097618688,19.43013353196599,11.331044181969368,1.9094763375039747,0,0,0,0,-1,inf,0,-1,0,0,7600,245,0,3759,0,3596,1.976186555234266,4.603608206986899,False
occluding_cut_in,P3,9018,50,5.0,0.0,11.111649839346782,7.332463616707964,0.22175011372850684,0.00021383137110448101,999786168.6288955,17.15178035333541,17.14231219455394,19.431160541768985,11.331044181969368,1.8710232551863193,0,0,0,0,-1,inf,0,-1,0,0,7600,304,0,3721,0,3575,1.976186555234266,4.603608206986899,False
occluding_cut_in,P4,9018,50,5.0,0.0,11.267888282720728,7.327224075401506,0.2107706627715266,0.00021432353040528026,999785676.4695947,17.087302883832308,17.087302883832308,19.431160541768985,11.331044181969368,1.912697116167692,0,0,0,0,-1,inf,0,-1,0,0,7600,182,0,3814,0,3604,1.976186555234266,4.603608206986899,False
occluding_cut_in,P0,9019,50,5.0,0.0,11.267888282720728,7.327224075401506,0.2107706627715266,0.00021432353040528026,999785676.4695947,17.087302883832308,17.087302883832308,19.431160541768985,11.331044181969368,1.912697116167692,0,0,0,0,-1,inf,0,-1,0,0,7600,182,0,3814,0,3604,1.8593987034300925,4.278714910622801,False
occluding_cut_in,P1,9019,50,5.0,0.0,11.302438581173565,7.353591518223721,0.208176956459349,0.00020539113233300558,999794608.8676671,17.121780353335414,17.11831932101108,19.431160541768985,11.331044181969368,1.8818062231194883,0,0,0,0,-1,inf,0,-1,0,0,7600,232,0,3787,0,3581,1.8593987034300925,4.278714910622801,False
occluding_cut_in,P2,9019,50,5.0,0.0,11.238473942199763,7.348331817929137,0.213296932476458,0.00020810353427264775,999791896.4657272,17.096720715219107,17.09280097618688,19.43013353196599,11.331044181969368,1.9094763375039747,0,0,0,0,-1,inf,0,-1,0,0,7600,245,0,3759,0,3596,1.8593987034300925,4.278714910622801,False
occluding_cut_in,P3,9019,50,5.0,0.0,11.234115978422913,7.347532739074193,0.2132565692115898,0.00020827732696175155,999791722.6730384,17.09672071521911,17.09343247158598,19.431160541768985,11.331044181969368,1.9092338673411526,0,0,0,0,-1,inf,0,-1,0,0,7600,216,0,3784,0,3600,1.8593987034300925,4.278714910622801,False
occluding_cut_in,P4,9019,50,5.0,0.0,11.267888282720728,7.327224075401506,0.2107706627715266,0.00021432353040528026,999785676.4695947,17.087302883832308,17.087302883832308,19.431160541768985,11.331044181969368,1.912697116167692,0,0,0,0,-1,inf,0,-1,0,0,7600,182,0,3814,0,3604,1.8593987034300925,4.278714910622801,False
