scenario,planner,seed,steps,duration_s,planning_safety_margin_m,mean_snr_db,min_snr_db,mean_outage_probability,mean_ber_model,mean_goodput_bps_model,path_length_m,progress_m,min_target_distance_m,min_realized_ttc_s,min_static_obstacle_clearance_m,static_clearance_violation_steps,static_clearance_violation_indicator,collision_indicator,collision_steps,first_collision_step,first_collision_time_s,no_candidate_steps,first_no_candidate_step,margin_relaxation_steps,margin_relaxation_indicator,first_margin_relaxation_step,zero_candidate_after_static_steps,zero_candidate_after_dynamic_steps,candidate_evaluations,candidate_road_rejections,candidate_speed_rejections,candidate_static_rejections,candidate_dynamic_rejections,candidate_feasible,prediction_ade_m,prediction_fde_m,measured_optical_link
following_lateral_offset,P0,15000,40,4.0,1.0,16.177535727147056,5.58200796882231,0.07173155561573408,0.0004147294133000699,999585270.5867001,36.61000000000001,36.61000000000001,3.667710457492515,1.1247619134216482,inf,0,0,0,0,-1,inf,0,-1,0,0,-1,0,0,6080,0,0,0,2950,3130,1.6048957577899443,3.7007883893794555,False
following_lateral_offset,P1,15000,40,4.0,1.0,16.177535727147056,5.58200796882231,0.07173155561573408,0.0004147294133000699,999585270.5867001,36.61000000000001,36.61000000000001,3.667710457492515,1.1247619134216482,inf,0,0,0,0,-1,inf,0,-1,0,0,-1,0,0,6080,0,0,0,2950,3130,1.6048957577899443,3.7007883893794555,False
following_lateral_offset,P2,15000,40,4.0,1.0,18.707745280952384,16.137508032910766,0.005585809520269628,2.0692768561017174e-20,1000000000.0,35.95999999999999,35.95407959770294,4.175702634761434,1.5348255529534838,inf,0,0,0,0,-1,inf,0,-1,0,0,-1,0,0,6080,387,0,0,2545,3148,1.6048957577899443,3.7007883893794555,False
following_lateral_offset,P3,15000,40,4.0,1.0,17.990515451329372,14.27508194892111,0.008738596119456547,3.002062287272053e-14,999999999.9999698,36.043333333333344,36.03972765431263,4.137572947658043,1.4664108186721732,inf,0,0,0,0,-1,inf,0,-1,0,0,-1,0,0,6080,239,0,0,2683,3158,1.6048957577899443,3.7007883893794555,False
following_lateral_offset,P4,15000,40,4.0,1.0,18.8943002172227,16.137508032910766,0.005422159767306732,2.0692768561017174e-20,1000000000.0,35.903333333333336,35.89479399604509,4.22172473390085,1.5083933975082597,inf,0,0,0,0,-1,inf,0,-1,0,0,-1,0,0,6080,449,0,0,2478,3153,1.6048957577899443,3.7007883893794555,False
following_lateral_offset,P0,15001,40,4.0,1.0,16.591852855261465,8.400132190930922,0.038144378044516605,1.3577491184818608e-05,999986422.5088152,36.28999999999999,36.28999999999999,3.9653625307152005,1.2189610519506529,inf,0,0,0,0,-1,inf,0,-1,0,0,-1,0,0,6080,0,0,0,2789,3291,1.7747964430522576,3.95850468599878,False
following_lateral_offset,P1,15001,40,4.0,1.0,16.591852855261465,8.400132190930922,0.038144378044516605,1.3577491184818608e-05,999986422.5088152,36.28999999999999,36.28999999999999,3.9653625307152005,1.2189610519506529,inf,0,0,0,0,-1,inf,0,-1,0,0,-1,0,0,6080,0,0,0,2789,3291,1.7747964430522576,3.95850468599878,False
following_lateral_offset,P2,15001,40,4.0,1.0,18.002873388373416,16.137508032910766,0.007325393721895057,2.090108356235025e-20,1000000000.0,36.146666666666654,36.14241798897838,4.0215431742574586,1.299244778127186,inf,0,0,0,0,-1,inf,0,-1,0,0,-1,0,0,6080,242,0,0,2569,3269,1.7747964430522576,3.95850468599878,False
following_lateral_offset,P3,15001,40,4.0,1.0,17.71794859806536,14.072042113013575,0.009362423824998564,1.0241289921973659e-13,999999999.9998976,36.16,36.156275699188164,4.021591626185823,1.2752306129333317,inf,0,0,0,0,-1,inf,0,-1,0,0,-1,0,0,6080,200,0,0,2604,3276,1.7747964430522576,3.95850468599878,False
following_lateral_offset,P4,15001,40,4.0,1.0,18.670230013331047,16.137508032910766,0.006301764963432083,2.090108356134348e-20,1000000000.0,36.086666666666666,36.07449745671717,4.0459542355300675,1.303684232134726,inf,0,0,0,0,-1,inf,0,-1,0,0,-1,0,0,6080,461,0,0,2418,3201,1.7747964430522576,3.95850468599878,False
following_lateral_offset,P0,15002,40,4.0,1.0,16.649703393941714,9.108995787717713,0.03397518435881164,3.903096674076207e-06,999996096.9033258,36.193333333333335,36.193333333333335,4.055947621840191,1.2093462615041157,inf,0,0,0,0,-1,inf,0,-1,0,0,-1,0,0,6080,0,0,0,2751,3329,1.9265213423358218,4.295468048218334,False
following_lateral_offset,P1,15002,40,4.0,1.0,16.60499457547207,8.77407558446249,0.03682900185594419,7.244181303001287e-06,999992755.818697,36.24,36.24,4.012181451529827,1.227218060153383,inf,0,0,0,0,-1,inf,0,-1,0,0,-1,0,0,6080,0,0,0,2756,3324,1.9265213423358218,4.295468048218334,False
following_lateral_offset,P2,15002,40,4.0,1.0,17.83657345652299,15.920792849668302,0.008066082653546016,1.5504261044110301e-19,1000000000.0,35.87333333333335,35.86980608250124,4.298847615810683,1.4293961796777628,inf,0,0,0,0,-1,inf,0,-1,0,0,-1,0,0,6080,189,0,0,2518,3373,1.9265213423358218,4.295468048218334,False
following_lateral_offset,P3,15002,40,4.0,1.0,17.834801115600996,15.920792849668302,0.00807177150482007,1.5504261044344995e-19,1000000000.0,35.88666666666668,35.88313172700442,4.285920437315353,1.4293961796777628,inf,0,0,0,0,-1,inf,0,-1,0,0,-1,0,0,6080,189,0,0,2523,3368,1.9265213423358218,4.295468048218334,False
following_lateral_offset,P4,15002,40,4.0,1.0,19.20687671941614,16.137508032910766,0.006338606194226043,2.327565372252838e-20,1000000000.0,35.713333333333324,35.68441548108069,4.388111378149085,1.4111824812208404,inf,0,0,0,0,-1,inf,0,-1,0,0,-1,0,0,6080,620,0,0,2222,3238,1.9265213423358218,4.295468048218334,False
following_lateral_offset,P0,15003,40,4.0,1.0,15.866061063118332,2.7486660107891687,0.09600201303048188,0.0027214186526253155,997278581.3473747,36.85999999999999,36.85999999999999,3.4379645140693422,1.0358571571457147,inf,0,0,0,0,-1,inf,0,-1,0,0,-1,0,0,6080,0,0,0,2865,3215,1.6701978024952815,3.841872605197355,False
following_lateral_offset,P1,15003,40,4.0,1.0,15.866061063118332,2.7486660107891687,0.09600201303048188,0.0027214186526253155,997278581.3473747,36.85999999999999,36.85999999999999,3.4379645140693422,1.0358571571457147,inf,0,0,0,0,-1,inf,0,-1,0,0,-1,0,0,6080,0,0,0,2865,3215,1.6701978024952815,3.841872605197355,False
following_lateral_offset,P2,15003,40,4.0,1.0,17.210625686970168,13.731343358324187,0.013714976762492798,7.750102654535795e-13,999999999.999225,36.73,36.7258727376633,3.4860372468408247,1.0259426960069176,inf,0,0,0,0,-1,inf,0,-1,0,0,-1,0,0,6080,199,0,0,2673,3208,1.6701978024952815,3.841872605197355,False
following_lateral_offset,P3,15003,40,4.0,1.0,16.402461930480346,5.602538102196267,0.06343441424865978,0.0003956098289745167,999604390.1710255,36.760000000000005,36.75863820072503,3.5045565985523246,1.036581997244028,inf,0,0,0,0,-1,inf,0,-1,0,0,-1,0,0,6080,80,0,0,2772,3228,1.6701978024952815,3.841872605197355,False
following_lateral_offset,P4,15003,40,4.0,1.0,16.937371352221508,12.814560879282183,0.01811086043985588,7.507194305698956e-11,999999999.9249281,36.730000000000004,36.72732445483813,3.50016378939377,1.0823376709974044,inf,0,0,0,0,-1,inf,0,-1,0,0,-1,0,0,6080,141,0,0,2720,3219,1.6701978024952815,3.841872605197355,False
following_lateral_offset,P0,15004,40,4.0,1.0,16.28568588801476,5.8811156875033745,0.0639388541616404,0.00031307270179391797,999686927.2982061,36.58000000000001,36.58000000000001,3.6954566700206235,1.1293877687102003,inf,0,0,0,0,-1,inf,0,-1,0,0,-1,0,0,6080,0,0,0,2782,3298,1.7117403531429396,3.9201001928302945,False
following_lateral_offset,P1,15004,40,4.0,1.0,16.28568588801476,5.8811156875033745,0.0639388541616404,0.00031307270179391797,999686927.2982061,36.58000000000001,36.58000000000001,3.6954566700206235,1.1293877687102003,inf,0,0,0,0,-1,inf,0,-1,0,0,-1,0,0,6080,0,0,0,2782,3298,1.7117403531429396,3.9201001928302945,False
following_lateral_offset,P2,15004,40,4.0,1.0,17.723794137329964,13.1156895215242,0.009829878507973774,1.576387433968789e-11,999999999.9842361,36.39333333333333,36.38846136100635,3.7897074781916316,1.270582055800866,inf,0,0,0,0,-1,inf,0,-1,0,0,-1,0,0,6080,249,0,0,2530,3301,1.7117403531429396,3.9201001928302945,False
following_lateral_offset,P3,15004,40,4.0,1.0,17.505182203917844,12.231717102198303,0.01263604481473849,7.065739124396393e-10,999999999.2934262,36.400000000000006,36.39661905999898,3.7968464626662253,1.270582055800866,inf,0,0,0,0,-1,inf,0,-1,0,0,-1,0,0,6080,194,0,0,2577,3309,1.7117403531429396,3.9201001928302945,False
following_lateral_offset,P4,15004,40,4.0,1.0,17.815495139767844,15.910887531997135,0.008337554356767049,1.673316485042427e-19,1000000000.0,36.400000000000006,36.39512489205201,3.7832957152161963,1.270582055800866,inf,0,0,0,0,-1,inf,0,-1,0,0,-1,0,0,6080,249,0,0,2530,3301,1.7117403531429396,3.9201001928302945,False
following_lateral_offset,P0,15005,40,4.0,1.0,15.813097720265706,-2.5685822319677456,0.09230892679289031,0.007864680834004574,992135319.1659954,36.890000000000015,36.890000000000015,3.410586459833544,0.9008163401387722,inf,0,0,0,0,-1,inf,0,-1,0,0,-1,0,0,6080,0,0,0,2857,3223,1.8553560057015506,4.1506239888747585,False
following_lateral_offset,P1,15005,40,4.0,1.0,15.813097720265706,-2.5685822319677456,0.09230892679289031,0.007864680834004574,992135319.1659954,36.890000000000015,36.890000000000015,3.410586459833544,0.9008163401387722,inf,0,0,0,0,-1,inf,0,-1,0,0,-1,0,0,6080,0,0,0,2857,3223,1.8553560057015506,4.1506239888747585,False
following_lateral_offset,P2,15005,40,4.0,1.0,17.606962092780304,15.77169033790965,0.009450505106925317,1.0067949689822094e-18,1000000000.0,36.550000000000004,36.546228214705316,3.6453382639605945,1.1797389488886232,inf,0,0,0,0,-1,inf,0,-1,0,0,-1,0,0,6080,217,0,0,2549,3314,1.8553560057015506,4.1506239888747585,False
following_lateral_offset,P3,15005,40,4.0,1.0,15.930825684338368,-1.592868408608311,0.08553251770110994,0.006629567315580262,993370432.6844196,36.82000000000003,36.82000000000003,3.4745359402371734,0.9341496734720989,inf,0,0,0,0,-1,inf,0,-1,0,0,-1,0,0,6080,0,0,0,2833,3247,1.8553560057015506,4.1506239888747585,False
following_lateral_offset,P4,15005,40,4.0,1.0,7.8300124674761165,-25.39037178766344,0.37916584039223,0.10450842405985053,895491575.9401493,36.74666666666665,36.73392623077799,3.9524636756463893,2.7747286463458325,inf,0,0,0,0,-1,inf,0,-1,0,0,-1,0,0,6080,1525,0,0,1724,2831,1.8553560057015506,4.1506239888747585,False
following_lateral_offset,P0,15006,40,4.0,1.0,16.48606220248711,8.009813989935267,0.04593367655752303,2.5366570122039657e-05,999974633.4298779,36.34000000000001,36.34000000000001,3.918622206847698,1.3127731260537747,inf,0,0,0,0,-1,inf,0,-1,0,0,-1,0,0,6080,0,0,0,2829,3251,1.5734816876710536,3.6255237591843965,False
following_lateral_offset,P1,15006,40,4.0,1.0,16.48606220248711,8.009813989935267,0.04593367655752303,2.5366570122039657e-05,999974633.4298779,36.34000000000001,36.34000000000001,3.918622206847698,1.3127731260537747,inf,0,0,0,0,-1,inf,0,-1,0,0,-1,0,0,6080,0,0,0,2829,3251,1.5734816876710536,3.6255237591843965,False
following_lateral_offset,P2,15006,40,4.0,1.0,18.09098538861459,14.830332270880833,0.008114192060291313,7.854540970748486e-16,999999999.9999993,35.88000000000001,35.87639198669909,4.295303360690671,1.6344402252242436,inf,0,0,0,0,-1,inf,0,-1,0,0,-1,0,0,6080,240,0,0,2567,3273,1.5734816876710536,3.6255237591843965,False
following_lateral_offset,P3,15006,40,4.0,1.0,16.48606220248711,8.009813989935267,0.04593367655752303,2.5366570122039657e-05,999974633.4298779,36.34000000000001,36.34000000000001,3.918622206847698,1.3127731260537747,inf,0,0,0,0,-1,inf,0,-1,0,0,-1,0,0,6080,0,0,0,2829,3251,1.5734816876710536,3.6255237591843965,False
following_lateral_offset,P4,15006,40,4.0,1.0,19.1788405436958,16.137508032910766,0.0050550879306318144,2.066868731685691e-20,1000000000.0,35.752000000000024,35.741739696118486,4.360075967281314,1.6344402252242436,inf,0,0,0,0,-1,inf,0,-1,0,0,-1,0,0,6080,507,0,0,2336,3237,1.5734816876710536,3.6255237591843965,False
following_lateral_offset,P0,15007,40,4.0,1.0,16.21142383216454,6.172362900857465,0.07105813377325476,0.0002785901800253295,999721409.8199745,36.55,36.55,3.7232378382262956,1.1696139111992276,inf,0,0,0,0,-1,inf,0,-1,0,0,-1,0,0,6080,0,0,0,2829,3251,1.7563163619065378,4.004216182476936,False
following_lateral_offset,P1,15007,40,4.0,1.0,20.47518269579489,16.001791007316,0.0041847768140801924,7.636400952429443e-20,1000000000.0,35.45500000000001,35.44277915090425,4.602179423357026,1.9190959499072846,inf,0,0,0,0,-1,inf,0,-1,0,0,-1,0,0,6080,1405,0,0,1801,2874,1.7563163619065378,4.004216182476936,False
following_lateral_offset,P2,15007,40,4.0,1.0,20.358002557916443,16.001791007316,0.004218026562894718,7.636400952429443e-20,1000000000.0,35.51500000000002,35.50353078414699,4.548813941006711,1.8629640696680785,inf,0,0,0,0,-1,inf,0,-1,0,0,-1,0,0,6080,1329,0,0,1865,2886,1.7563163619065378,4.004216182476936,False
following_lateral_offset,P3,15007,40,4.0,1.0,17.654988504562404,13.169421582799778,0.011080548039571253,1.2667473691945567e-11,999999999.9873326,36.20333333333334,36.199914078521566,3.98550334478122,1.3791111576583046,inf,0,0,0,0,-1,inf,0,-1,0,0,-1,0,0,6080,197,0,0,2604,3279,1.7563163619065378,4.004216182476936,False
following_lateral_offset,P4,15007,40,4.0,1.0,20.499388946045478,16.001791007316,0.004178555366466223,7.636400952429443e-20,1000000000.0,35.55833333333335,35.54610800227793,4.499470054977882,1.852659427954563,inf,0,0,0,0,-1,inf,0,-1,0,0,-1,0,0,6080,1412,0,0,1826,2842,1.7563163619065378,4.004216182476936,False
following_lateral_offset,P0,15008,40,4.0,1.0,8.455694732691143,-13.547618631832385,0.38873756957939604,0.10377105018081385,896228949.819186,36.99000000000001,36.95306754500332,3.620968990191532,1.181473301728635,inf,0,0,0,0,-1,inf,0,-1,0,0,-1,0,0,6080,1754,0,0,1671,2655,1.584998077215367,3.7399322959350707,False
following_lateral_offset,P1,15008,40,4.0,1.0,20.90880645282281,16.001791007316,0.00412219109874104,7.636400952429443e-20,1000000000.0,35.40333333333335,35.38785299441102,4.626809304788771,1.9459190142794223,inf,0,0,0,0,-1,inf,0,-1,0,0,-1,0,0,6080,1749,0,0,1601,2730,1.584998077215367,3.7399322959350707,False
following_lateral_offset,P2,15008,40,4.0,1.0,20.90698497537063,16.001791007316,0.004118428010953444,7.636400952429443e-20,1000000000.0,35.52000000000002,35.50475372591483,4.512389157772131,1.790844917815281,inf,0,0,0,0,-1,inf,0,-1,0,0,-1,0,0,6080,1724,0,0,1632,2724,1.584998077215367,3.7399322959350707,False
following_lateral_offset,P3,15008,40,4.0,1.0,8.455694732691143,-13.547618631832385,0.38873756957939604,0.10377105018081385,896228949.819186,36.99000000000001,36.95306754500332,3.620968990191532,1.181473301728635,inf,0,0,0,0,-1,inf,0,-1,0,0,-1,0,0,6080,1754,0,0,1671,2655,1.584998077215367,3.7399322959350707,False
following_lateral_offset,P4,15008,40,4.0,1.0,20.886859105977514,16.001791007316,0.004121259667033996,7.636400952429443e-20,1000000000.0,35.459999999999994,35.444778139324164,4.572294297612006,1.8504692237094011,inf,0,0,0,0,-1,inf,0,-1,0,0,-1,0,0,6080,1722,0,0,1628,2730,1.584998077215367,3.7399322959350707,False
following_lateral_offset,P0,15009,40,4.0,1.0,16.1185917096832,4.188889289848579,0.0788752499282124,0.001132400346143298,998867599.6538566,36.74,36.74,3.547900787789871,1.0640601654165425,inf,0,0,0,0,-1,inf,0,-1,0,0,-1,0,0,6080,0,0,0,2866,3214,1.638089197511475,3.8831112232401495,False
following_lateral_offset,P1,15009,40,4.0,1.0,16.1185917096832,4.188889289848579,0.0788752499282124,0.001132400346143298,998867599.6538566,36.74,36.74,3.547900787789871,1.0640601654165425,inf,0,0,0,0,-1,inf,0,-1,0,0,-1,0,0,6080,0,0,0,2866,3214,1.638089197511475,3.8831112232401495,False
following_lateral_offset,P2,15009,40,4.0,1.0,16.968153695668374,13.087220213822409,0.017724674479239727,3.580014491157047e-11,999999999.9641998,36.62000000000001,36.617663727349544,3.6109809226375185,1.0962477552051149,inf,0,0,0,0,-1,inf,0,-1,0,0,-1,0,0,6080,118,0,0,2745,3217,1.638089197511475,3.8831112232401495,False
following_lateral_offset,P3,15009,40,4.0,1.0,16.968153695668374,13.087220213822409,0.017724674479239727,3.580014491157047e-11,999999999.9641998,36.62000000000001,36.617663727349544,3.6109809226375185,1.0962477552051149,inf,0,0,0,0,-1,inf,0,-1,0,0,-1,0,0,6080,118,0,0,2745,3217,1.638089197511475,3.8831112232401495,False
following_lateral_offset,P4,15009,40,4.0,1.0,19.11395394704821,16.137508032910766,0.005818125264870904,2.089067789945608e-20,1000000000.0,36.12666666666669,36.109917611904265,3.987270028674185,1.4566725231548845,inf,0,0,0,0,-1,inf,0,-1,0,0,-1,0,0,6080,558,0,0,2333,3189,1.638089197511475,3.8831112232401495,False
following_lateral_offset,P0,15010,40,4.0,1.0,16.4603046636209,7.767425909927347,0.0459893369404059,3.535490825374816e-05,999964645.0917461,36.370000000000005,36.370000000000005,3.8906169176622836,1.2231746190507926,inf,0,0,0,0,-1,inf,0,-1,0,0,-1,0,0,6080,0,0,0,2771,3309,1.7875495615945431,4.117033358825645,False
following_lateral_offset,P1,15010,40,4.0,1.0,16.580782662033425,8.774075584462434,0.036710504960504556,7.249951716780596e-06,999992750.0482833,36.24000000000001,36.24000000000001,4.01218145152982,1.291160723216071,inf,0,0,0,0,-1,inf,0,-1,0,0,-1,0,0,6080,0,0,0,2719,3361,1.7875495615945431,4.117033358825645,False
following_lateral_offset,P2,15010,40,4.0,1.0,16.471889040618677,7.848920693092797,0.04518904971847498,3.1498978511270026e-05,999968501.0214885,36.36000000000001,36.36000000000001,3.8999487176115473,1.228730174606347,inf,0,0,0,0,-1,inf,0,-1,0,0,-1,0,0,6080,0,0,0,2768,3312,1.7875495615945431,4.117033358825645,False
following_lateral_offset,P3,15010,40,4.0,1.0,16.4833140606761,7.929714443913486,0.04440282408230614,2.803315671570125e-05,999971966.8432842,36.35000000000001,36.35000000000001,3.9092838218783674,1.2342857301619015,inf,0,0,0,0,-1,inf,0,-1,0,0,-1,0,0,6080,0,0,0,2768,3312,1.7875495615945431,4.117033358825645,False
following_lateral_offset,P4,15010,40,4.0,1.0,17.195208738708658,13.748538878714538,0.012635083007871254,6.437334644356848e-13,999999999.9993563,36.15333333333334,36.151301005665474,4.0585033859057935,1.3142255729341354,inf,0,0,0,0,-1,inf,0,-1,0,0,-1,0,0,6080,95,0,0,2624,3361,1.7875495615945431,4.117033358825645,False
following_lateral_offset,P0,15011,40,4.0,1.0,16.205010179173684,4.852130628736472,0.0729608328082823,0.0007136812709558744,999286318.7290442,36.68,36.68,3.6031097679643347,1.0509523968285717,inf,0,0,0,0,-1,inf,0,-1,0,0,-1,0,0,6080,0,0,0,2832,3248,1.7477541353049002,3.975544140041761,False
following_lateral_offset,P1,15011,40,4.0,1.0,16.205010179173684,4.852130628736472,0.0729608328082823,0.0007136812709558744,999286318.7290442,36.68,36.68,3.6031097679643347,1.0509523968285717,inf,0,0,0,0,-1,inf,0,-1,0,0,-1,0,0,6080,0,0,0,2832,3248,1.7477541353049002,3.975544140041761,False
following_lateral_offset,P2,15011,40,4.0,1.0,16.681926483232672,7.362225403062936,0.045211143477342036,5.962212889905517e-05,999940377.871101,36.58000000000001,36.578637972339685,3.6717112475885605,1.1014596336401494,inf,0,0,0,0,-1,inf,0,-1,0,0,-1,0,0,6080,80,0,0,2729,3271,1.7477541353049002,3.975544140041761,False
following_lateral_offset,P3,15011,40,4.0,1.0,16.681926483232672,7.362225403062936,0.045211143477342036,5.962212889905517e-05,999940377.871101,36.58000000000001,36.578637972339685,3.6717112475885605,1.1014596336401494,inf,0,0,0,0,-1,inf,0,-1,0,0,-1,0,0,6080,80,0,0,2729,3271,1.7477541353049002,3.975544140041761,False
following_lateral_offset,P4,15011,40,4.0,1.0,20.72684908138909,16.001791007316,0.00424735612652763,7.650667914844442e-20,1000000000.0,35.31999999999999,35.30455715826526,4.7100418329194556,1.7243118542152513,inf,0,0,0,0,-1,inf,0,-1,0,0,-1,0,0,6080,1733,0,0,1524,2823,1.7477541353049002,3.975544140041761,False
following_lateral_offset,P0,15012,40,4.0,1.0,16.332309326120875,6.5488716556079005,0.05896843755781774,0.00016481986831209594,999835180.1316879,36.51000000000001,36.51000000000001,3.7603324321128726,1.1406857257165692,inf,0,0,0,0,-1,inf,0,-1,0,0,-1,0,0,6080,0,0,0,2832,3248,1.59936882192798,3.7844504347352057,False
following_lateral_offset,P1,15012,40,4.0,1.0,16.332309326120875,6.5488716556079005,0.05896843755781774,0.00016481986831209594,999835180.1316879,36.51000000000001,36.51000000000001,3.7603324321128726,1.1406857257165692,inf,0,0,0,0,-1,inf,0,-1,0,0,-1,0,0,6080,0,0,0,2832,3248,1.59936882192798,3.7844504347352057,False
following_lateral_offset,P2,15012,40,4.0,1.0,16.799154742660814,11.859065032425946,0.022074619163536258,2.9572069636024916e-09,999999997.0427929,36.51000000000002,36.50854271183866,3.731741272907012,1.1201060636442632,inf,0,0,0,0,-1,inf,0,-1,0,0,-1,0,0,6080,70,0,0,2764,3246,1.59936882192798,3.7844504347352057,False
following_lateral_offset,P3,15012,40,4.0,1.0,16.799154742660814,11.859065032425946,0.022074619163536258,2.9572069636024916e-09,999999997.0427929,36.51000000000002,36.50854271183866,3.731741272907012,1.1201060636442632,inf,0,0,0,0,-1,inf,0,-1,0,0,-1,0,0,6080,70,0,0,2764,3246,1.59936882192798,3.7844504347352057,False
following_lateral_offset,P4,15012,40,4.0,1.0,19.08980512551628,16.137508032910766,0.005871189611233202,2.0832697973560944e-20,1000000000.0,35.90000000000001,35.883653883238296,4.210807198674808,1.4730304799418468,inf,0,0,0,0,-1,inf,0,-1,0,0,-1,0,0,6080,540,0,0,2321,3219,1.59936882192798,3.7844504347352057,False
following_lateral_offset,P0,15013,40,4.0,1.0,16.47403753960058,6.455985544405504,0.052767656292202494,0.00016490382734190854,999835096.1726582,36.52,36.52,3.751053185440054,0.9770068163292505,inf,0,0,0,0,-1,inf,0,-1,0,0,-1,0,0,6080,0,0,0,2763,3317,1.766201502272724,3.9559436272319433,False
following_lateral_offset,P1,15013,40,4.0,1.0,16.47403753960058,6.455985544405504,0.052767656292202494,0.00016490382734190854,999835096.1726582,36.52,36.52,3.751053185440054,0.9770068163292505,inf,0,0,0,0,-1,inf,0,-1,0,0,-1,0,0,6080,0,0,0,2763,3317,1.766201502272724,3.9559436272319433,False
following_lateral_offset,P2,15013,40,4.0,1.0,17.238877851506224,14.261519987464904,0.012611726339632073,4.022637856936496e-14,999999999.9999597,36.38999999999999,36.38771073312052,3.8271128115021384,1.1015986266415467,inf,0,0,0,0,-1,inf,0,-1,0,0,-1,0,0,6080,118,0,0,2640,3322,1.766201502272724,3.9559436272319433,False
following_lateral_offset,P3,15013,40,4.0,1.0,16.47403753960058,6.455985544405504,0.052767656292202494,0.00016490382734190854,999835096.1726582,36.52,36.52,3.751053185440054,0.9770068163292505,inf,0,0,0,0,-1,inf,0,-1,0,0,-1,0,0,6080,0,0,0,2763,3317,1.766201502272724,3.9559436272319433,False
following_lateral_offset,P4,15013,40,4.0,1.0,18.749029310414887,16.137508032910766,0.005548255952637159,2.0668943097952572e-20,1000000000.0,35.90000000000001,35.89389704365084,4.232278340980196,1.4084383464434982,inf,0,0,0,0,-1,inf,0,-1,0,0,-1,0,0,6080,408,0,0,2369,3303,1.766201502272724,3.9559436272319433,False
following_lateral_offset,P0,15014,40,4.0,1.0,16.057741843840482,4.188889289848579,0.08211863347234459,0.0012370829771279211,998762917.022872,36.74,36.74,3.547900787789871,1.044223614909316,inf,0,0,0,0,-1,inf,0,-1,0,0,-1,0,0,6080,0,0,0,2903,3177,1.6227211704508258,3.8131753024748334,False
following_lateral_offset,P1,15014,40,4.0,1.0,16.057741843840482,4.188889289848579,0.08211863347234459,0.0012370829771279211,998762917.022872,36.74,36.74,3.547900787789871,1.044223614909316,inf,0,0,0,0,-1,inf,0,-1,0,0,-1,0,0,6080,0,0,0,2903,3177,1.6227211704508258,3.8131753024748334,False
following_lateral_offset,P2,15014,40,4.0,1.0,17.790716962813995,14.634785165981931,0.009227798394651912,2.984929107510399e-15,999999999.9999969,36.38,36.37131559175492,3.7951703371889054,1.2336910148182123,inf,0,0,0,0,-1,inf,0,-1,0,0,-1,0,0,6080,277,0,0,2633,3170,1.6227211704508258,3.8131753024748334,False
following_lateral_offset,P3,15014,40,4.0,1.0,16.42161664980538,9.271544994900495,0.0433693427629531,3.3713395917946477e-06,999996628.660408,36.74,36.73899415799547,3.527241782902598,1.0213282081264865,inf,0,0,0,0,-1,inf,0,-1,0,0,-1,0,0,6080,46,0,0,2869,3165,1.6227211704508258,3.8131753024748334,False
following_lateral_offset,P4,15014,40,4.0,1.0,19.66327735469033,16.001791007316,0.004617034800021342,7.650667914844442e-20,1000000000.0,35.693333333333335,35.68434387463831,4.400167887809861,1.5173377777056174,inf,0,0,0,0,-1,inf,0,-1,0,0,-1,0,0,6080,1080,0,0,2055,2945,1.6227211704508258,3.8131753024748334,False
following_lateral_offset,P0,15015,40,4.0,1.0,15.89772317260854,3.488542048930448,0.09762134479624372,0.002182072663151801,997817927.336848,36.800000000000004,36.800000000000004,3.492849839314592,1.02866072321607,inf,0,0,0,0,-1,inf,0,-1,0,0,-1,0,0,6080,0,0,0,2840,3240,1.7795284872409582,3.965218208658702,False
following_lateral_offset,P1,15015,40,4.0,1.0,15.89772317260854,3.488542048930448,0.09762134479624372,0.002182072663151801,997817927.336848,36.800000000000004,36.800000000000004,3.492849839314592,1.02866072321607,inf,0,0,0,0,-1,inf,0,-1,0,0,-1,0,0,6080,0,0,0,2840,3240,1.7795284872409582,3.965218208658702,False
following_lateral_offset,P2,15015,40,4.0,1.0,16.4420978229545,7.47453180513855,0.04858355522739041,4.7650946593102384e-05,999952349.053407,36.79999999999998,36.79857392048579,3.463965618094064,0.9809404273377429,inf,0,0,0,0,-1,inf,0,-1,0,0,-1,0,0,6080,71,0,0,2777,3232,1.7795284872409582,3.965218208658702,False
following_lateral_offset,P3,15015,40,4.0,1.0,16.4420978229545,7.47453180513855,0.04858355522739041,4.7650946593102384e-05,999952349.053407,36.79999999999998,36.79857392048579,3.463965618094064,0.9809404273377429,inf,0,0,0,0,-1,inf,0,-1,0,0,-1,0,0,6080,71,0,0,2777,3232,1.7795284872409582,3.965218208658702,False
following_lateral_offset,P4,15015,40,4.0,1.0,16.924789503500982,12.91386791084013,0.018901627603620165,9.624702045426293e-11,999999999.9037529,36.679999999999986,36.677512035216544,3.5489405196566093,0.9809404273377429,inf,0,0,0,0,-1,inf,0,-1,0,0,-1,0,0,6080,135,0,0,2694,3251,1.7795284872409582,3.965218208658702,False
following_lateral_offset,P0,15016,40,4.0,1.0,13.110127803789334,5.134342666118776,0.1963925482166741,0.0008552365822774093,999144763.4177227,36.49666666666668,36.47349120423165,3.887478363200238,1.283765064894866,inf,0,0,0,0,-1,inf,0,-1,0,0,-1,0,0,6080,1325,0,0,1825,2930,1.8109798780404769,4.01727152529453,False
following_lateral_offset,P1,15016,40,4.0,1.0,14.058605139702596,5.134342666118776,0.1246940447284276,0.0007333027199736651,999266697.2800262,36.49333333333335,36.456276600584324,3.8386134963283514,1.283765064894866,inf,0,0,0,0,-1,inf,0,-1,0,0,-1,0,0,6080,1465,0,0,1696,2919,1.8109798780404769,4.01727152529453,False
following_lateral_offset,P2,15016,40,4.0,1.0,14.06006182404138,5.134342666118776,0.1246766753244253,0.0007333027199735757,999266697.2800264,36.483333333333334,36.446330495682105,3.8481951140387363,1.283765064894866,inf,0,0,0,0,-1,inf,0,-1,0,0,-1,0,0,6080,1465,0,0,1695,2920,1.8109798780404769,4.01727152529453,False
following_lateral_offset,P3,15016,40,4.0,1.0,13.264063080857772,5.134342666118776,0.18038723190664502,0.0007891177347673225,999210882.2652328,36.48333333333334,36.45816962976032,3.8926045421948903,1.283765064894866,inf,0,0,0,0,-1,inf,0,-1,0,0,-1,0,0,6080,1347,0,0,1802,2931,1.8109798780404769,4.01727152529453,False
following_lateral_offset,P4,15016,40,4.0,1.0,14.058605139702596,5.134342666118776,0.1246940447284276,0.0007333027199736651,999266697.2800262,36.49333333333335,36.456276600584324,3.8386134963283514,1.283765064894866,inf,0,0,0,0,-1,inf,0,-1,0,0,-1,0,0,6080,1465,0,0,1696,2919,1.8109798780404769,4.01727152529453,False
following_lateral_offset,P0,15017,40,4.0,1.0,16.554837453625414,8.77407558446249,0.03771426360714062,7.345963843936714e-06,999992654.036156,36.24,36.24,4.012181451529827,1.3715966554655468,inf,0,0,0,0,-1,inf,0,-1,0,0,-1,0,0,6080,0,0,0,2717,3363,1.6497324450352906,3.8604211648494995,False
following_lateral_offset,P1,15017,40,4.0,1.0,16.554837453625414,8.77407558446249,0.03771426360714062,7.345963843936714e-06,999992654.036156,36.24,36.24,4.012181451529827,1.3715966554655468,inf,0,0,0,0,-1,inf,0,-1,0,0,-1,0,0,6080,0,0,0,2717,3363,1.6497324450352906,3.8604211648494995,False
following_lateral_offset,P2,15017,40,4.0,1.0,16.7320927488203,9.540050814155602,0.030472039700543074,1.6726600949028371e-06,999998327.3399051,36.17999999999999,36.179530244181066,4.062267078582249,1.378230564360624,inf,0,0,0,0,-1,inf,0,-1,0,0,-1,0,0,6080,26,0,0,2689,3365,1.6497324450352906,3.8604211648494995,False
following_lateral_offset,P3,15017,40,4.0,1.0,16.554837453625414,8.77407558446249,0.03771426360714062,7.345963843936714e-06,999992654.036156,36.24,36.24,4.012181451529827,1.3715966554655468,inf,0,0,0,0,-1,inf,0,-1,0,0,-1,0,0,6080,0,0,0,2717,3363,1.6497324450352906,3.8604211648494995,False
following_lateral_offset,P4,15017,40,4.0,1.0,19.160139160366192,16.137508032910766,0.006467307859200876,2.3374362492891194e-20,1000000000.0,35.769999999999996,35.741307802254774,4.332199664644073,1.378230564360624,inf,0,0,0,0,-1,inf,0,-1,0,0,-1,0,0,6080,626,0,0,2201,3253,1.6497324450352906,3.8604211648494995,False
following_lateral_offset,P0,15018,40,4.0,1.0,16.440929436283806,7.17674308567063,0.049574164730237326,7.681130669328202e-05,999923188.6933067,36.44,36.44,3.825388869121676,1.1877018757788842,inf,0,0,0,0,-1,inf,0,-1,0,0,-1,0,0,6080,0,0,0,2808,3272,1.7498627482627356,3.9444650579306924,False
following_lateral_offset,P1,15018,40,4.0,1.0,16.440929436283806,7.17674308567063,0.049574164730237326,7.681130669328202e-05,999923188.6933067,36.44,36.44,3.825388869121676,1.1877018757788842,inf,0,0,0,0,-1,inf,0,-1,0,0,-1,0,0,6080,0,0,0,2808,3272,1.7498627482627356,3.9444650579306924,False
following_lateral_offset,P2,15018,40,4.0,1.0,17.479478692931526,15.100623685566115,0.009975324850984537,1.1106970975621585e-16,1000000000.0,36.24000000000001,36.236121056310566,3.9561557035374344,1.2094366060498383,inf,0,0,0,0,-1,inf,0,-1,0,0,-1,0,0,6080,170,0,0,2637,3273,1.7498627482627356,3.9444650579306924,False
following_lateral_offset,P3,15018,40,4.0,1.0,17.389557908522864,15.143237228220656,0.010417682781583145,8.113646948336615e-17,1000000000.0,36.22000000000001,36.217391855598926,3.981225827348905,1.216398773195859,inf,0,0,0,0,-1,inf,0,-1,0,0,-1,0,0,6080,141,0,0,2659,3280,1.7498627482627356,3.9444650579306924,False
following_lateral_offset,P4,15018,40,4.0,1.0,17.080329430033466,13.583936767522026,0.01422850726955677,1.6140300005277486e-12,999999999.998386,36.36000000000001,36.35809769148055,3.8635112643104756,1.1422343641388022,inf,0,0,0,0,-1,inf,0,-1,0,0,-1,0,0,6080,95,0,0,2709,3276,1.7498627482627356,3.9444650579306924,False
following_lateral_offset,P0,15019,40,4.0,1.0,6.790624423519927,-28.858719701915888,0.38625401025307854,0.12258199075748215,877418009.2425178,36.81,36.796390572012726,3.932617029352388,2.674968826188792,inf,0,0,0,0,-1,inf,0,-1,0,0,-1,0,0,6080,1614,0,0,1738,2728,1.7486208977068478,4.010405597993836,False
following_lateral_offset,P1,15019,40,4.0,1.0,6.790624423519927,-28.858719701915888,0.38625401025307854,0.12258199075748215,877418009.2425178,36.81,36.796390572012726,3.932617029352388,2.674968826188792,inf,0,0,0,0,-1,inf,0,-1,0,0,-1,0,0,6080,1614,0,0,1738,2728,1.7486208977068478,4.010405597993836,False
following_lateral_offset,P2,15019,40,4.0,1.0,6.790624423519927,-28.858719701915888,0.38625401025307854,0.12258199075748215,877418009.2425178,36.81,36.796390572012726,3.932617029352388,2.674968826188792,inf,0,0,0,0,-1,inf,0,-1,0,0,-1,0,0,6080,1614,0,0,1738,2728,1.7486208977068478,4.010405597993836,False
following_lateral_offset,P3,15019,40,4.0,1.0,6.790624423519927,-28.858719701915888,0.38625401025307854,0.12258199075748215,877418009.2425178,36.81,36.796390572012726,3.932617029352388,2.674968826188792,inf,0,0,0,0,-1,inf,0,-1,0,0,-1,0,0,6080,1614,0,0,1738,2728,1.7486208977068478,4.010405597993836,False
following_lateral_offset,P4,15019,40,4.0,1.0,6.790624423519927,-28.858719701915888,0.38625401025307854,0.12258199075748215,877418009.2425178,36.81,36.796390572012726,3.932617029352388,2.674968826188792,inf,0,0,0,0,-1,inf,0,-1,0,0,-1,0,0,6080,1614,0,0,1738,2728,1.7486208977068478,4.010405597993836,False
lane_choice,P0,15000,40,4.0,1.0,-1.4841772517946121,-13.800125353527465,0.7112488585418857,0.27149979741639463,728500202.5836054,12.99999999999999,12.882786325056207,16.782438462261936,inf,1.5013499953110632,0,0,0,0,-1,inf,0,-1,0,0,-1,0,0,6080,1879,0,1762,0,2439,1.649674481586056,3.9807249007015764,False
lane_choice,P1,15000,40,4.0,1.0,11.415283391778742,7.917465961148334,0.19749853001493048,9.757018575009277e-05,999902429.81425,12.999999999999991,12.91210617836171,16.755131274768452,6.1060366622275195,1.5001885304115121,0,0,0,0,-1,inf,0,-1,0,0,-1,0,0,6080,1784,0,1780,0,2516,1.649674481586056,3.9807249007015764,False
lane_choice,P2,15000,40,4.0,1.0,12.008701804632036,8.229738049872287,0.15881413145339823,3.739474708985757e-05,999962605.2529103,12.999999999999991,12.904499009576284,16.74847084715829,6.1060366622275195,1.5001177930900464,0,0,0,0,-1,inf,0,-1,0,0,-1,0,0,6080,1612,0,1861,0,2607,1.649674481586056,3.9807249007015764,False
lane_choice,P3,15000,40,4.0,1.0,11.415283391778742,7.917465961148334,0.19749853001493048,9.757018575009277e-05,999902429.81425,12.999999999999991,12.91210617836171,16.755131274768452,6.1060366622275195,1.5001885304115121,0,0,0,0,-1,inf,0,-1,0,0,-1,0,0,6080,1784,0,1780,0,2516,1.649674481586056,3.9807249007015764,False
lane_choice,P4,15000,40,4.0,1.0,12.011930681626641,8.339167020023577,0.15681014940403565,3.197086409443261e-05,999968029.1359055,12.99999999999999,12.903358507552323,16.74847084715829,6.1060366622275195,1.508038196389593,0,0,0,0,-1,inf,0,-1,0,0,-1,0,0,6080,1616,0,1788,0,2676,1.649674481586056,3.9807249007015764,False
lane_choice,P0,15001,40,4.0,1.0,-1.4841772517946121,-13.800125353527465,0.7112488585418857,0.27149979741639463,728500202.5836054,12.99999999999999,12.882786325056207,16.782438462261936,inf,1.5013499953110632,0,0,0,0,-1,inf,0,-1,0,0,-1,0,0,6080,1879,0,1762,0,2439,1.8292554926996782,4.262830557993312,False
lane_choice,P1,15001,40,4.0,1.0,11.415283391778742,7.917465961148334,0.19749853001493048,9.757018575009277e-05,999902429.81425,12.999999999999991,12.91210617836171,16.755131274768452,6.1060366622275195,1.5001885304115121,0,0,0,0,-1,inf,0,-1,0,0,-1,0,0,6080,1784,0,1780,0,2516,1.8292554926996782,4.262830557993312,False
lane_choice,P2,15001,40,4.0,1.0,12.011930681626641,8.339167020023577,0.15681014940403565,3.197086409443261e-05,999968029.1359055,12.99999999999999,12.903358507552323,16.74847084715829,6.1060366622275195,1.508038196389593,0,0,0,0,-1,inf,0,-1,0,0,-1,0,0,6080,1616,0,1788,0,2676,1.8292554926996782,4.262830557993312,False
lane_choice,P3,15001,40,4.0,1.0,12.076728932495755,9.263228055490746,0.13843144961890505,8.18915618597111e-06,999991810.8438139,12.99999999999999,12.911716648644994,16.757163456939804,6.1060366622275195,1.5028868179940864,0,0,0,0,-1,inf,0,-1,0,0,-1,0,0,6080,1729,0,1751,0,2600,1.8292554926996782,4.262830557993312,False
lane_choice,P4,15001,40,4.0,1.0,12.011930681626641,8.339167020023577,0.15681014940403565,3.197086409443261e-05,999968029.1359055,12.99999999999999,12.903358507552323,16.74847084715829,6.1060366622275195,1.508038196389593,0,0,0,0,-1,inf,0,-1,0,0,-1,0,0,6080,1616,0,1788,0,2676,1.8292554926996782,4.262830557993312,False
lane_choice,P0,15002,40,4.0,1.0,-1.4841772517946121,-13.800125353527465,0.7112488585418857,0.27149979741639463,728500202.5836054,12.99999999999999,12.882786325056207,16.782438462261936,inf,1.5013499953110632,0,0,0,0,-1,inf,0,-1,0,0,-1,0,0,6080,1879,0,1762,0,2439,2.008957958564018,4.630339818696669,False
lane_choice,P1,15002,40,4.0,1.0,11.415283391778742,7.917465961148334,0.19749853001493048,9.757018575009277e-05,999902429.81425,12.999999999999991,12.91210617836171,16.755131274768452,6.1060366622275195,1.5001885304115121,0,0,0,0,-1,inf,0,-1,0,0,-1,0,0,6080,1784,0,1780,0,2516,2.008957958564018,4.630339818696669,False
lane_choice,P2,15002,40,4.0,1.0,12.011930681626641,8.339167020023577,0.15681014940403565,3.197086409443261e-05,999968029.1359055,12.99999999999999,12.903358507552323,16.74847084715829,6.1060366622275195,1.508038196389593,0,0,0,0,-1,inf,0,-1,0,0,-1,0,0,6080,1616,0,1788,0,2676,2.008957958564018,4.630339818696669,False
lane_choice,P3,15002,40,4.0,1.0,11.745317892373032,8.685339274074892,0.16510820070869772,2.59492303891247e-05,999974050.769611,12.999999999999996,12.910190221619104,16.75414086214862,6.1060366622275195,1.5000540543503091,0,0,0,0,-1,inf,0,-1,0,0,-1,0,0,6080,1704,0,1816,0,2560,2.008957958564018,4.630339818696669,False
lane_choice,P4,15002,40,4.0,1.0,12.011930681626641,8.339167020023577,0.15681014940403565,3.197086409443261e-05,999968029.1359055,12.99999999999999,12.903358507552323,16.74847084715829,6.1060366622275195,1.508038196389593,0,0,0,0,-1,inf,0,-1,0,0,-1,0,0,6080,1616,0,1788,0,2676,2.008957958564018,4.630339818696669,False
lane_choice,P0,15003,40,4.0,1.0,-1.4841772517946121,-13.800125353527465,0.7112488585418857,0.27149979741639463,728500202.5836054,12.99999999999999,12.882786325056207,16.782438462261936,inf,1.5013499953110632,0,0,0,0,-1,inf,0,-1,0,0,-1,0,0,6080,1879,0,1762,0,2439,1.728947102137066,4.132884947513448,False
lane_choice,P1,15003,40,4.0,1.0,11.415283391778742,7.917465961148334,0.19749853001493048,9.757018575009277e-05,999902429.81425,12.999999999999991,12.91210617836171,16.755131274768452,6.1060366622275195,1.5001885304115121,0,0,0,0,-1,inf,0,-1,0,0,-1,0,0,6080,1784,0,1780,0,2516,1.728947102137066,4.132884947513448,False
lane_choice,P2,15003,40,4.0,1.0,12.011930681626641,8.339167020023577,0.15681014940403565,3.197086409443261e-05,999968029.1359055,12.99999999999999,12.903358507552323,16.74847084715829,6.1060366622275195,1.508038196389593,0,0,0,0,-1,inf,0,-1,0,0,-1,0,0,6080,1616,0,1788,0,2676,1.728947102137066,4.132884947513448,False
lane_choice,P3,15003,40,4.0,1.0,11.745317892373032,8.685339274074892,0.16510820070869772,2.59492303891247e-05,999974050.769611,12.999999999999996,12.910190221619104,16.75414086214862,6.1060366622275195,1.5000540543503091,0,0,0,0,-1,inf,0,-1,0,0,-1,0,0,6080,1704,0,1816,0,2560,1.728947102137066,4.132884947513448,False
lane_choice,P4,15003,40,4.0,1.0,12.011930681626641,8.339167020023577,0.15681014940403565,3.197086409443261e-05,999968029.1359055,12.99999999999999,12.903358507552323,16.74847084715829,6.1060366622275195,1.508038196389593,0,0,0,0,-1,inf,0,-1,0,0,-1,0,0,6080,1616,0,1788,0,2676,1.728947102137066,4.132884947513448,False
lane_choice,P0,15004,40,4.0,1.0,-1.4841772517946121,-13.800125353527465,0.7112488585418857,0.27149979741639463,728500202.5836054,12.99999999999999,12.882786325056207,16.782438462261936,inf,1.5013499953110632,0,0,0,0,-1,inf,0,-1,0,0,-1,0,0,6080,1879,0,1762,0,2439,1.7703965073196195,4.2130087649858785,False
lane_choice,P1,15004,40,4.0,1.0,11.415283391778742,7.917465961148334,0.19749853001493048,9.757018575009277e-05,999902429.81425,12.999999999999991,12.91210617836171,16.755131274768452,6.1060366622275195,1.5001885304115121,0,0,0,0,-1,inf,0,-1,0,0,-1,0,0,6080,1784,0,1780,0,2516,1.7703965073196195,4.2130087649858785,False
lane_choice,P2,15004,40,4.0,1.0,11.692534694579816,7.737611167851467,0.18323134530947305,8.033966742415669e-05,999919660.332576,12.99999999999999,12.90094040479751,16.74537999526075,6.1060366622275195,1.5026651257413706,0,0,0,0,-1,inf,0,-1,0,0,-1,0,0,6080,1577,0,1866,0,2637,1.7703965073196195,4.2130087649858785,False
lane_choice,P3,15004,40,4.0,1.0,11.967059743362135,8.4329418123197,0.15864271967860538,2.849008523015281e-05,999971509.9147699,12.999999999999993,12.90133401449049,16.747476673586238,6.1060366622275195,1.5092503614896562,0,0,0,0,-1,inf,0,-1,0,0,-1,0,0,6080,1585,0,1817,0,2678,1.7703965073196195,4.2130087649858785,False
lane_choice,P4,15004,40,4.0,1.0,12.011930681626641,8.339167020023577,0.15681014940403565,3.197086409443261e-05,999968029.1359055,12.99999999999999,12.903358507552323,16.74847084715829,6.1060366622275195,1.508038196389593,0,0,0,0,-1,inf,0,-1,0,0,-1,0,0,6080,1616,0,1788,0,2676,1.7703965073196195,4.2130087649858785,False
lane_choice,P0,15005,40,4.0,1.0,-1.4841772517946121,-13.800125353527465,0.7112488585418857,0.27149979741639463,728500202.5836054,12.99999999999999,12.882786325056207,16.782438462261936,inf,1.5013499953110632,0,0,0,0,-1,inf,0,-1,0,0,-1,0,0,6080,1879,0,1762,0,2439,1.8550941879393488,4.36707037215241,False
lane_choice,P1,15005,40,4.0,1.0,11.774571468909128,8.864510842673633,0.1650053882993474,2.0320664283531382e-05,999979679.3357166,12.999999999999991,12.90832076244491,16.74847084715829,6.1060366622275195,1.5014545503952075,0,0,0,0,-1,inf,0,-1,0,0,-1,0,0,6080,1691,0,1829,0,2560,1.8550941879393488,4.36707037215241,False
lane_choice,P2,15005,40,4.0,1.0,9.442138725861042,5.261737385831458,0.42628233700490614,0.0032248009077124316,996775199.0922874,12.99999999999999,12.898306838071617,16.743070553705927,6.1060366622275195,1.5008971974299756,0,0,0,0,-1,inf,0,-1,0,0,-1,0,0,6080,1770,0,1799,0,2511,1.8550941879393488,4.36707037215241,False
lane_choice,P3,15005,40,4.0,1.0,11.644041212935715,7.922005714062466,0.18339310862800912,6.358736524925005e-05,999936412.6347507,12.999999999999996,12.897657439087379,16.744258271972367,6.1060366622275195,1.5134672466476218,0,0,0,0,-1,inf,0,-1,0,0,-1,0,0,6080,1596,0,1826,0,2658,1.8550941879393488,4.36707037215241,False
lane_choice,P4,15005,40,4.0,1.0,12.011930681626641,8.339167020023577,0.15681014940403565,3.197086409443261e-05,999968029.1359055,12.99999999999999,12.903358507552323,16.74847084715829,6.1060366622275195,1.508038196389593,0,0,0,0,-1,inf,0,-1,0,0,-1,0,0,6080,1616,0,1788,0,2676,1.8550941879393488,4.36707037215241,False
lane_choice,P0,15006,40,4.0,1.0,-1.4841772517946121,-13.800125353527465,0.7112488585418857,0.27149979741639463,728500202.5836054,12.99999999999999,12.882786325056207,16.782438462261936,inf,1.5013499953110632,0,0,0,0,-1,inf,0,-1,0,0,-1,0,0,6080,1879,0,1762,0,2439,1.6740155964770103,3.9817003595050124,False
lane_choice,P1,15006,40,4.0,1.0,11.415283391778742,7.917465961148334,0.19749853001493048,9.757018575009277e-05,999902429.81425,12.999999999999991,12.91210617836171,16.755131274768452,6.1060366622275195,1.5001885304115121,0,0,0,0,-1,inf,0,-1,0,0,-1,0,0,6080,1784,0,1780,0,2516,1.6740155964770103,3.9817003595050124,False
lane_choice,P2,15006,40,4.0,1.0,12.030364578987355,8.274701614065629,0.15568613803943815,3.5044396621258736e-05,999964955.6033787,12.999999999999991,12.904611142055042,16.74847084715829,6.1060366622275195,1.5070833792626344,0,0,0,0,-1,inf,0,-1,0,0,-1,0,0,6080,1621,0,1786,0,2673,1.6740155964770103,3.9817003595050124,False
lane_choice,P3,15006,40,4.0,1.0,11.415283391778742,7.917465961148334,0.19749853001493048,9.757018575009277e-05,999902429.81425,12.999999999999991,12.91210617836171,16.755131274768452,6.1060366622275195,1.5001885304115121,0,0,0,0,-1,inf,0,-1,0,0,-1,0,0,6080,1784,0,1780,0,2516,1.6740155964770103,3.9817003595050124,False
lane_choice,P4,15006,40,4.0,1.0,12.011930681626641,8.339167020023577,0.15681014940403565,3.197086409443261e-05,999968029.1359055,12.99999999999999,12.903358507552323,16.74847084715829,6.1060366622275195,1.508038196389593,0,0,0,0,-1,inf,0,-1,0,0,-1,0,0,6080,1616,0,1788,0,2676,1.6740155964770103,3.9817003595050124,False
lane_choice,P0,15007,40,4.0,1.0,-1.4841772517946121,-13.800125353527465,0.7112488585418857,0.27149979741639463,728500202.5836054,12.99999999999999,12.882786325056207,16.782438462261936,inf,1.5013499953110632,0,0,0,0,-1,inf,0,-1,0,0,-1,0,0,6080,1879,0,1762,0,2439,1.815551637675488,4.306373864150535,False
lane_choice,P1,15007,40,4.0,1.0,11.415283391778742,7.917465961148334,0.19749853001493048,9.757018575009277e-05,999902429.81425,12.999999999999991,12.91210617836171,16.755131274768452,6.1060366622275195,1.5001885304115121,0,0,0,0,-1,inf,0,-1,0,0,-1,0,0,6080,1784,0,1780,0,2516,1.815551637675488,4.306373864150535,False
lane_choice,P2,15007,40,4.0,1.0,12.006669292576891,8.339167020023577,0.15719914595329887,3.211108957552374e-05,999967888.9104245,12.99999999999999,12.903343972408566,16.74847084715829,6.1060366622275195,1.5076951843659407,0,0,0,0,-1,inf,0,-1,0,0,-1,0,0,6080,1600,0,1804,0,2676,1.815551637675488,4.306373864150535,False
lane_choice,P3,15007,40,4.0,1.0,11.415283391778742,7.917465961148334,0.19749853001493048,9.757018575009277e-05,999902429.81425,12.999999999999991,12.91210617836171,16.755131274768452,6.1060366622275195,1.5001885304115121,0,0,0,0,-1,inf,0,-1,0,0,-1,0,0,6080,1784,0,1780,0,2516,1.815551637675488,4.306373864150535,False
lane_choice,P4,15007,40,4.0,1.0,12.011930681626641,8.339167020023577,0.15681014940403565,3.197086409443261e-05,999968029.1359055,12.99999999999999,12.903358507552323,16.74847084715829,6.1060366622275195,1.508038196389593,0,0,0,0,-1,inf,0,-1,0,0,-1,0,0,6080,1616,0,1788,0,2676,1.815551637675488,4.306373864150535,False
lane_choice,P0,15008,40,4.0,1.0,-1.4841772517946121,-13.800125353527465,0.7112488585418857,0.27149979741639463,728500202.5836054,12.99999999999999,12.882786325056207,16.782438462261936,inf,1.5013499953110632,0,0,0,0,-1,inf,0,-1,0,0,-1,0,0,6080,1879,0,1762,0,2439,1.6389142043786642,4.035794492444502,False
lane_choice,P1,15008,40,4.0,1.0,11.415283391778742,7.917465961148334,0.19749853001493048,9.757018575009277e-05,999902429.81425,12.999999999999991,12.91210617836171,16.755131274768452,6.1060366622275195,1.5001885304115121,0,0,0,0,-1,inf,0,-1,0,0,-1,0,0,6080,1784,0,1780,0,2516,1.6389142043786642,4.035794492444502,False
lane_choice,P2,15008,40,4.0,1.0,12.008701804632036,8.229738049872287,0.15881413145339823,3.739474708985757e-05,999962605.2529103,12.999999999999991,12.904499009576284,16.74847084715829,6.1060366622275195,1.5001177930900464,0,0,0,0,-1,inf,0,-1,0,0,-1,0,0,6080,1612,0,1861,0,2607,1.6389142043786642,4.035794492444502,False
lane_choice,P3,15008,40,4.0,1.0,11.415283391778742,7.917465961148334,0.19749853001493048,9.757018575009277e-05,999902429.81425,12.999999999999991,12.91210617836171,16.755131274768452,6.1060366622275195,1.5001885304115121,0,0,0,0,-1,inf,0,-1,0,0,-1,0,0,6080,1784,0,1780,0,2516,1.6389142043786642,4.035794492444502,False
lane_choice,P4,15008,40,4.0,1.0,12.011930681626641,8.339167020023577,0.15681014940403565,3.197086409443261e-05,999968029.1359055,12.99999999999999,12.903358507552323,16.74847084715829,6.1060366622275195,1.508038196389593,0,0,0,0,-1,inf,0,-1,0,0,-1,0,0,6080,1616,0,1788,0,2676,1.6389142043786642,4.035794492444502,False
lane_choice,P0,15009,40,4.0,1.0,-1.4841772517946121,-13.800125353527465,0.7112488585418857,0.27149979741639463,728500202.5836054,12.99999999999999,12.882786325056207,16.782438462261936,inf,1.5013499953110632,0,0,0,0,-1,inf,0,-1,0,0,-1,0,0,6080,1879,0,1762,0,2439,1.7216598038848225,4.200261905416722,False
lane_choice,P1,15009,40,4.0,1.0,11.415283391778742,7.917465961148334,0.19749853001493048,9.757018575009277e-05,999902429.81425,12.999999999999991,12.91210617836171,16.755131274768452,6.1060366622275195,1.5001885304115121,0,0,0,0,-1,inf,0,-1,0,0,-1,0,0,6080,1784,0,1780,0,2516,1.7216598038848225,4.200261905416722,False
lane_choice,P2,15009,40,4.0,1.0,12.10846277555633,8.783780876789407,0.1467584698392844,1.6328797180109017e-05,999983671.2028201,12.99999999999999,12.905349679254607,16.74847084715829,6.1060366622275195,1.5010597912286787,0,0,0,0,-1,inf,0,-1,0,0,-1,0,0,6080,1617,0,1797,0,2666,1.7216598038848225,4.200261905416722,False
lane_choice,P3,15009,40,4.0,1.0,11.415283391778742,7.917465961148334,0.19749853001493048,9.757018575009277e-05,999902429.81425,12.999999999999991,12.91210617836171,16.755131274768452,6.1060366622275195,1.5001885304115121,0,0,0,0,-1,inf,0,-1,0,0,-1,0,0,6080,1784,0,1780,0,2516,1.7216598038848225,4.200261905416722,False
lane_choice,P4,15009,40,4.0,1.0,12.011930681626641,8.339167020023577,0.15681014940403565,3.197086409443261e-05,999968029.1359055,12.99999999999999,12.903358507552323,16.74847084715829,6.1060366622275195,1.508038196389593,0,0,0,0,-1,inf,0,-1,0,0,-1,0,0,6080,1616,0,1788,0,2676,1.7216598038848225,4.200261905416722,False
lane_choice,P0,15010,40,4.0,1.0,-1.4841772517946121,-13.800125353527465,0.7112488585418857,0.27149979741639463,728500202.5836054,12.99999999999999,12.882786325056207,16.782438462261936,inf,1.5013499953110632,0,0,0,0,-1,inf,0,-1,0,0,-1,0,0,6080,1879,0,1762,0,2439,1.8414214584696857,4.423991052042945,False
lane_choice,P1,15010,40,4.0,1.0,11.415283391778742,7.917465961148334,0.19749853001493048,9.757018575009277e-05,999902429.81425,12.999999999999991,12.91210617836171,16.755131274768452,6.1060366622275195,1.5001885304115121,0,0,0,0,-1,inf,0,-1,0,0,-1,0,0,6080,1784,0,1780,0,2516,1.8414214584696857,4.423991052042945,False
lane_choice,P2,15010,40,4.0,1.0,12.006669292576891,8.339167020023577,0.15719914595329887,3.211108957552374e-05,999967888.9104245,12.99999999999999,12.903343972408566,16.74847084715829,6.1060366622275195,1.5076951843659407,0,0,0,0,-1,inf,0,-1,0,0,-1,0,0,6080,1600,0,1804,0,2676,1.8414214584696857,4.423991052042945,False
lane_choice,P3,15010,40,4.0,1.0,12.076728932495755,9.263228055490746,0.13843144961890505,8.18915618597111e-06,999991810.8438139,12.99999999999999,12.911716648644994,16.757163456939804,6.1060366622275195,1.5028868179940864,0,0,0,0,-1,inf,0,-1,0,0,-1,0,0,6080,1729,0,1751,0,2600,1.8414214584696857,4.423991052042945,False
lane_choice,P4,15010,40,4.0,1.0,12.011930681626641,8.339167020023577,0.15681014940403565,3.197086409443261e-05,999968029.1359055,12.99999999999999,12.903358507552323,16.74847084715829,6.1060366622275195,1.508038196389593,0,0,0,0,-1,inf,0,-1,0,0,-1,0,0,6080,1616,0,1788,0,2676,1.8414214584696857,4.423991052042945,False
lane_choice,P0,15011,40,4.0,1.0,-1.4841772517946121,-13.800125353527465,0.7112488585418857,0.27149979741639463,728500202.5836054,12.99999999999999,12.882786325056207,16.782438462261936,inf,1.5013499953110632,0,0,0,0,-1,inf,0,-1,0,0,-1,0,0,6080,1879,0,1762,0,2439,1.8891145874597755,4.394991433133544,False
lane_choice,P1,15011,40,4.0,1.0,11.415283391778742,7.917465961148334,0.19749853001493048,9.757018575009277e-05,999902429.81425,12.999999999999991,12.91210617836171,16.755131274768452,6.1060366622275195,1.5001885304115121,0,0,0,0,-1,inf,0,-1,0,0,-1,0,0,6080,1784,0,1780,0,2516,1.8891145874597755,4.394991433133544,False
lane_choice,P2,15011,40,4.0,1.0,11.994151129574023,8.339167020023577,0.1581424021019724,3.244000943071595e-05,999967559.9905694,12.99999999999999,12.903343972408566,16.74847084715829,6.1060366622275195,1.5076951843659407,0,0,0,0,-1,inf,0,-1,0,0,-1,0,0,6080,1600,0,1804,0,2676,1.8891145874597755,4.394991433133544,False
lane_choice,P3,15011,40,4.0,1.0,11.745317892373032,8.685339274074892,0.16510820070869772,2.59492303891247e-05,999974050.769611,12.999999999999996,12.910190221619104,16.75414086214862,6.1060366622275195,1.5000540543503091,0,0,0,0,-1,inf,0,-1,0,0,-1,0,0,6080,1704,0,1816,0,2560,1.8891145874597755,4.394991433133544,False
lane_choice,P4,15011,40,4.0,1.0,12.011930681626641,8.339167020023577,0.15681014940403565,3.197086409443261e-05,999968029.1359055,12.99999999999999,12.903358507552323,16.74847084715829,6.1060366622275195,1.508038196389593,0,0,0,0,-1,inf,0,-1,0,0,-1,0,0,6080,1616,0,1788,0,2676,1.8891145874597755,4.394991433133544,False
lane_choice,P0,15012,40,4.0,1.0,-1.4841772517946121,-13.800125353527465,0.7112488585418857,0.27149979741639463,728500202.5836054,12.99999999999999,12.882786325056207,16.782438462261936,inf,1.5013499953110632,0,0,0,0,-1,inf,0,-1,0,0,-1,0,0,6080,1879,0,1762,0,2439,1.7215546000258442,4.132036440735199,False
lane_choice,P1,15012,40,4.0,1.0,11.415283391778742,7.917465961148334,0.19749853001493048,9.757018575009277e-05,999902429.81425,12.999999999999991,12.91210617836171,16.755131274768452,6.1060366622275195,1.5001885304115121,0,0,0,0,-1,inf,0,-1,0,0,-1,0,0,6080,1784,0,1780,0,2516,1.7215546000258442,4.132036440735199,False
lane_choice,P2,15012,40,4.0,1.0,12.004846002929833,8.39448333904421,0.15610001630200873,2.9520593791208425e-05,999970479.4062088,12.999999999999993,12.902589135019047,16.747476673586238,6.1060366622275195,1.5086487573915592,0,0,0,0,-1,inf,0,-1,0,0,-1,0,0,6080,1608,0,1796,0,2676,1.7215546000258442,4.132036440735199,False
lane_choice,P3,15012,40,4.0,1.0,12.076728932495755,9.263228055490746,0.13843144961890505,8.18915618597111e-06,999991810.8438139,12.99999999999999,12.911716648644994,16.757163456939804,6.1060366622275195,1.5028868179940864,0,0,0,0,-1,inf,0,-1,0,0,-1,0,0,6080,1729,0,1751,0,2600,1.7215546000258442,4.132036440735199,False
lane_choice,P4,15012,40,4.0,1.0,12.011930681626641,8.339167020023577,0.15681014940403565,3.197086409443261e-05,999968029.1359055,12.99999999999999,12.903358507552323,16.74847084715829,6.1060366622275195,1.508038196389593,0,0,0,0,-1,inf,0,-1,0,0,-1,0,0,6080,1616,0,1788,0,2676,1.7215546000258442,4.132036440735199,False
lane_choice,P0,15013,40,4.0,1.0,-1.4841772517946121,-13.800125353527465,0.7112488585418857,0.27149979741639463,728500202.5836054,12.99999999999999,12.882786325056207,16.782438462261936,inf,1.5013499953110632,0,0,0,0,-1,inf,0,-1,0,0,-1,0,0,6080,1879,0,1762,0,2439,1.8750042090334176,4.295805285838297,False
lane_choice,P1,15013,40,4.0,1.0,11.415283391778742,7.917465961148334,0.19749853001493048,9.757018575009277e-05,999902429.81425,12.999999999999991,12.91210617836171,16.755131274768452,6.1060366622275195,1.5001885304115121,0,0,0,0,-1,inf,0,-1,0,0,-1,0,0,6080,1784,0,1780,0,2516,1.8750042090334176,4.295805285838297,False
lane_choice,P2,15013,40,4.0,1.0,12.101132847578397,8.783780876789407,0.14732170842461895,1.6529403731088244e-05,999983470.5962689,12.99999999999999,12.905349679254607,16.74847084715829,6.1060366622275195,1.5010597912286787,0,0,0,0,-1,inf,0,-1,0,0,-1,0,0,6080,1602,0,1812,0,2666,1.8750042090334176,4.295805285838297,False
lane_choice,P3,15013,40,4.0,1.0,11.415283391778742,7.917465961148334,0.19749853001493048,9.757018575009277e-05,999902429.81425,12.999999999999991,12.91210617836171,16.755131274768452,6.1060366622275195,1.5001885304115121,0,0,0,0,-1,inf,0,-1,0,0,-1,0,0,6080,1784,0,1780,0,2516,1.8750042090334176,4.295805285838297,False
lane_choice,P4,15013,40,4.0,1.0,12.011930681626641,8.339167020023577,0.15681014940403565,3.197086409443261e-05,999968029.1359055,12.99999999999999,12.903358507552323,16.74847084715829,6.1060366622275195,1.508038196389593,0,0,0,0,-1,inf,0,-1,0,0,-1,0,0,6080,1616,0,1788,0,2676,1.8750042090334176,4.295805285838297,False
lane_choice,P0,15014,40,4.0,1.0,-1.4841772517946121,-13.800125353527465,0.7112488585418857,0.27149979741639463,728500202.5836054,12.99999999999999,12.882786325056207,16.782438462261936,inf,1.5013499953110632,0,0,0,0,-1,inf,0,-1,0,0,-1,0,0,6080,1879,0,1762,0,2439,1.6658550528625464,4.040942121384396,False
lane_choice,P1,15014,40,4.0,1.0,11.415283391778742,7.917465961148334,0.19749853001493048,9.757018575009277e-05,999902429.81425,12.999999999999991,12.91210617836171,16.755131274768452,6.1060366622275195,1.5001885304115121,0,0,0,0,-1,inf,0,-1,0,0,-1,0,0,6080,1784,0,1780,0,2516,1.6658550528625464,4.040942121384396,False
lane_choice,P2,15014,40,4.0,1.0,12.003633799522168,8.350570069085126,0.15675953905088255,3.134923525812653e-05,999968650.7647419,12.999999999999991,12.902939065224487,16.746449236149434,6.1060366622275195,1.5001257136001795,0,0,0,0,-1,inf,0,-1,0,0,-1,0,0,6080,1578,0,1891,0,2611,1.6658550528625464,4.040942121384396,False
lane_choice,P3,15014,40,4.0,1.0,11.415283391778742,7.917465961148334,0.19749853001493048,9.757018575009277e-05,999902429.81425,12.999999999999991,12.91210617836171,16.755131274768452,6.1060366622275195,1.5001885304115121,0,0,0,0,-1,inf,0,-1,0,0,-1,0,0,6080,1784,0,1780,0,2516,1.6658550528625464,4.040942121384396,False
lane_choice,P4,15014,40,4.0,1.0,12.011930681626641,8.339167020023577,0.15681014940403565,3.197086409443261e-05,999968029.1359055,12.99999999999999,12.903358507552323,16.74847084715829,6.1060366622275195,1.508038196389593,0,0,0,0,-1,inf,0,-1,0,0,-1,0,0,6080,1616,0,1788,0,2676,1.6658550528625464,4.040942121384396,False
lane_choice,P0,15015,40,4.0,1.0,-1.4841772517946121,-13.800125353527465,0.7112488585418857,0.27149979741639463,728500202.5836054,12.99999999999999,12.882786325056207,16.782438462261936,inf,1.5013499953110632,0,0,0,0,-1,inf,0,-1,0,0,-1,0,0,6080,1879,0,1762,0,2439,1.8910398438856024,4.359036561409913,False
lane_choice,P1,15015,40,4.0,1.0,11.745317892373032,8.685339274074892,0.16510820070869772,2.59492303891247e-05,999974050.769611,12.999999999999996,12.910190221619104,16.75414086214862,6.1060366622275195,1.5000540543503091,0,0,0,0,-1,inf,0,-1,0,0,-1,0,0,6080,1704,0,1816,0,2560,1.8910398438856024,4.359036561409913,False
lane_choice,P2,15015,40,4.0,1.0,10.377378381691624,6.359241483953542,0.32074078480850243,0.0010118365022896846,998988163.4977102,12.999999999999993,12.908228620119699,16.74847084715829,6.1060366622275195,1.5054522843923368,0,0,0,0,-1,inf,0,-1,0,0,-1,0,0,6080,1834,0,1711,0,2535,1.8910398438856024,4.359036561409913,False
lane_choice,P3,15015,40,4.0,1.0,11.724101155926135,8.71113664209406,0.16877881955397006,2.629946675616684e-05,999973700.5332439,12.999999999999995,12.906925786351799,16.751005614868024,6.1060366622275195,1.5002385066918666,0,0,0,0,-1,inf,0,-1,0,0,-1,0,0,6080,1670,0,1885,0,2525,1.8910398438856024,4.359036561409913,False
lane_choice,P4,15015,40,4.0,1.0,12.011930681626641,8.339167020023577,0.15681014940403565,3.197086409443261e-05,999968029.1359055,12.99999999999999,12.903358507552323,16.74847084715829,6.1060366622275195,1.508038196389593,0,0,0,0,-1,inf,0,-1,0,0,-1,0,0,6080,1616,0,1788,0,2676,1.8910398438856024,4.359036561409913,False
lane_choice,P0,15016,40,4.0,1.0,-1.4841772517946121,-13.800125353527465,0.7112488585418857,0.27149979741639463,728500202.5836054,12.99999999999999,12.882786325056207,16.782438462261936,inf,1.5013499953110632,0,0,0,0,-1,inf,0,-1,0,0,-1,0,0,6080,1879,0,1762,0,2439,1.875002078047911,4.29309322084531,False
lane_choice,P1,15016,40,4.0,1.0,11.435182525296545,8.012373056845629,0.19517708609454484,8.383575704004454e-05,999916164.24296,12.99999999999999,12.910819574708963,16.753017151880435,6.1060366622275195,1.501167547298801,0,0,0,0,-1,inf,0,-1,0,0,-1,0,0,6080,1768,0,1784,0,2528,1.875002078047911,4.29309322084531,False
lane_choice,P2,15016,40,4.0,1.0,11.688149806161638,7.78461867199141,0.18227791446486424,7.531207105671113e-05,999924687.9289434,12.999999999999995,12.900021753913492,16.744258271972367,6.1060366622275195,1.503391720901357,0,0,0,0,-1,inf,0,-1,0,0,-1,0,0,6080,1567,0,1874,0,2639,1.875002078047911,4.29309322084531,False
lane_choice,P3,15016,40,4.0,1.0,11.863250199052144,9.22089698890259,0.15799043770156984,1.4034168112434699e-05,999985965.8318875,12.999999999999998,12.904472044256531,16.747725155669244,6.1060366622275195,1.5002284245268873,0,0,0,0,-1,inf,0,-1,0,0,-1,0,0,6080,1618,0,1856,0,2606,1.875002078047911,4.29309322084531,False
lane_choice,P4,15016,40,4.0,1.0,12.011930681626641,8.339167020023577,0.15681014940403565,3.197086409443261e-05,999968029.1359055,12.99999999999999,12.903358507552323,16.74847084715829,6.1060366622275195,1.508038196389593,0,0,0,0,-1,inf,0,-1,0,0,-1,0,0,6080,1616,0,1788,0,2676,1.875002078047911,4.29309322084531,False
lane_choice,P0,15017,40,4.0,1.0,-1.4841772517946121,-13.800125353527465,0.7112488585418857,0.27149979741639463,728500202.5836054,12.99999999999999,12.882786325056207,16.782438462261936,inf,1.5013499953110632,0,0,0,0,-1,inf,0,-1,0,0,-1,0,0,6080,1879,0,1762,0,2439,1.772212189971428,4.2095508718758365,False
lane_choice,P1,15017,40,4.0,1.0,11.415283391778742,7.917465961148334,0.19749853001493048,9.757018575009277e-05,999902429.81425,12.999999999999991,12.91210617836171,16.755131274768452,6.1060366622275195,1.5001885304115121,0,0,0,0,-1,inf,0,-1,0,0,-1,0,0,6080,1784,0,1780,0,2516,1.772212189971428,4.2095508718758365,False
lane_choice,P2,15017,40,4.0,1.0,12.008701804632036,8.229738049872287,0.15881413145339823,3.739474708985757e-05,999962605.2529103,12.999999999999991,12.904499009576284,16.74847084715829,6.1060366622275195,1.5001177930900464,0,0,0,0,-1,inf,0,-1,0,0,-1,0,0,6080,1612,0,1861,0,2607,1.772212189971428,4.2095508718758365,False
lane_choice,P3,15017,40,4.0,1.0,12.076728932495755,9.263228055490746,0.13843144961890505,8.18915618597111e-06,999991810.8438139,12.99999999999999,12.911716648644994,16.757163456939804,6.1060366622275195,1.5028868179940864,0,0,0,0,-1,inf,0,-1,0,0,-1,0,0,6080,1729,0,1751,0,2600,1.772212189971428,4.2095508718758365,False
lane_choice,P4,15017,40,4.0,1.0,12.011930681626641,8.339167020023577,0.15681014940403565,3.197086409443261e-05,999968029.1359055,12.99999999999999,12.903358507552323,16.74847084715829,6.1060366622275195,1.508038196389593,0,0,0,0,-1,inf,0,-1,0,0,-1,0,0,6080,1616,0,1788,0,2676,1.772212189971428,4.2095508718758365,False
lane_choice,P0,15018,40,4.0,1.0,-1.4841772517946121,-13.800125353527465,0.7112488585418857,0.27149979741639463,728500202.5836054,12.99999999999999,12.882786325056207,16.782438462261936,inf,1.5013499953110632,0,0,0,0,-1,inf,0,-1,0,0,-1,0,0,6080,1879,0,1762,0,2439,1.818527263769576,4.23623287545256,False
lane_choice,P1,15018,40,4.0,1.0,11.415283391778742,7.917465961148334,0.19749853001493048,9.757018575009277e-05,999902429.81425,12.999999999999991,12.91210617836171,16.755131274768452,6.1060366622275195,1.5001885304115121,0,0,0,0,-1,inf,0,-1,0,0,-1,0,0,6080,1784,0,1780,0,2516,1.818527263769576,4.23623287545256,False
lane_choice,P2,15018,40,4.0,1.0,12.003801535674015,8.30317609867053,0.15770970069748805,3.362030996009836e-05,999966379.6900399,12.999999999999993,12.90378423508218,16.747476673586238,6.1060366622275195,1.5006896560409806,0,0,0,0,-1,inf,0,-1,0,0,-1,0,0,6080,1603,0,1869,0,2608,1.818527263769576,4.23623287545256,False
lane_choice,P3,15018,40,4.0,1.0,11.745317892373032,8.685339274074892,0.16510820070869772,2.59492303891247e-05,999974050.769611,12.999999999999996,12.910190221619104,16.75414086214862,6.1060366622275195,1.5000540543503091,0,0,0,0,-1,inf,0,-1,0,0,-1,0,0,6080,1704,0,1816,0,2560,1.818527263769576,4.23623287545256,False
lane_choice,P4,15018,40,4.0,1.0,12.011930681626641,8.339167020023577,0.15681014940403565,3.197086409443261e-05,999968029.1359055,12.99999999999999,12.903358507552323,16.74847084715829,6.1060366622275195,1.508038196389593,0,0,0,0,-1,inf,0,-1,0,0,-1,0,0,6080,1616,0,1788,0,2676,1.818527263769576,4.23623287545256,False
lane_choice,P0,15019,40,4.0,1.0,-1.4841772517946121,-13.800125353527465,0.7112488585418857,0.27149979741639463,728500202.5836054,12.99999999999999,12.882786325056207,16.782438462261936,inf,1.5013499953110632,0,0,0,0,-1,inf,0,-1,0,0,-1,0,0,6080,1879,0,1762,0,2439,1.8203285523707358,4.281639014270608,False
lane_choice,P1,15019,40,4.0,1.0,11.758934634062106,8.774627668072814,0.1643701125898196,2.2394814054187174e-05,999977605.1859459,12.999999999999993,12.90887192507583,16.752025539288738,6.1060366622275195,1.501057888153312,0,0,0,0,-1,inf,0,-1,0,0,-1,0,0,6080,1698,0,1823,0,2559,1.8203285523707358,4.281639014270608,False
lane_choice,P2,15019,40,4.0,1.0,11.832741258051616,8.335939670729472,0.16651268150172335,3.2794177612824545e-05,999967205.8223871,12.999999999999995,12.900148708289226,16.74537999526075,6.1060366622275195,1.5096519956738716,0,0,0,0,-1,inf,0,-1,0,0,-1,0,0,6080,1593,0,1842,0,2645,1.8203285523707358,4.281639014270608,False
lane_choice,P3,15019,40,4.0,1.0,11.758934634062106,8.774627668072814,0.1643701125898196,2.2394814054187174e-05,999977605.1859459,12.999999999999993,12.90887192507583,16.752025539288738,6.1060366622275195,1.501057888153312,0,0,0,0,-1,inf,0,-1,0,0,-1,0,0,6080,1698,0,1823,0,2559,1.8203285523707358,4.281639014270608,False
lane_choice,P4,15019,40,4.0,1.0,12.011930681626641,8.339167020023577,0.15681014940403565,3.197086409443261e-05,999968029.1359055,12.99999999999999,12.903358507552323,16.74847084715829,6.1060366622275195,1.508038196389593,0,0,0,0,-1,inf,0,-1,0,0,-1,0,0,6080,1616,0,1788,0,2676,1.8203285523707358,4.281639014270608,False
overtake,P0,15000,50,5.0,1.0,21.75143734501799,17.202168997219456,0.00261827227731359,2.2024539364397517e-25,1000000000.0,44.935333333333304,44.935333333333304,4.070060294670305,1.8812681282874204,inf,0,0,0,0,-1,inf,0,-1,0,0,-1,0,0,7600,0,0,0,2780,4820,1.4657649397857977,3.4119738841445475,False
overtake,P1,15000,50,5.0,1.0,21.739503100057956,17.202168997219456,0.0026210354622309986,2.2024539364397517e-25,1000000000.0,44.90000000000001,44.90000000000001,4.105347207136112,2.0204505128399104,inf,0,0,0,0,-1,inf,0,-1,0,0,-1,0,0,7600,0,0,0,2773,4827,1.4657649397857977,3.4119738841445475,False
overtake,P2,15000,50,5.0,1.0,21.75143734501799,17.202168997219456,0.00261827227731359,2.2024539364397517e-25,1000000000.0,44.935333333333304,44.935333333333304,4.070060294670305,1.8812681282874204,inf,0,0,0,0,-1,inf,0,-1,0,0,-1,0,0,7600,0,0,0,2780,4820,1.4657649397857977,3.4119738841445475,False
overtake,P3,15000,50,5.0,1.0,21.75143734501799,17.202168997219456,0.00261827227731359,2.2024539364397517e-25,1000000000.0,44.935333333333304,44.935333333333304,4.070060294670305,1.8812681282874204,inf,0,0,0,0,-1,inf,0,-1,0,0,-1,0,0,7600,0,0,0,2780,4820,1.4657649397857977,3.4119738841445475,False
overtake,P4,15000,50,5.0,1.0,21.75143734501799,17.202168997219456,0.00261827227731359,2.2024539364397517e-25,1000000000.0,44.935333333333304,44.935333333333304,4.070060294670305,1.8812681282874204,inf,0,0,0,0,-1,inf,0,-1,0,0,-1,0,0,7600,0,0,0,2780,4820,1.4657649397857977,3.4119738841445475,False
overtake,P0,15001,50,5.0,1.0,21.44258571319696,17.202168997219456,0.0029331763776628337,2.308621205039836e-25,1000000000.0,44.92799999999997,44.92799999999997,4.07738392736576,1.8822281640455973,inf,0,0,0,0,-1,inf,0,-1,0,0,-1,0,0,7600,0,0,0,2687,4913,1.5777884826685784,3.7168434310554472,False
overtake,P1,15001,50,5.0,1.0,21.438818644134,17.202168997219456,0.0029023783235499066,2.301793921694645e-25,1000000000.0,44.80999999999999,44.80999999999999,4.195232495481088,2.00809456842406,inf,0,0,0,0,-1,inf,0,-1,0,0,-1,0,0,7600,0,0,0,2637,4963,1.5777884826685784,3.7168434310554472,False
overtake,P2,15001,50,5.0,1.0,21.44258571319696,17.202168997219456,0.0029331763776628337,2.308621205039836e-25,1000000000.0,44.92799999999997,44.92799999999997,4.07738392736576,1.8822281640455973,inf,0,0,0,0,-1,inf,0,-1,0,0,-1,0,0,7600,0,0,0,2687,4913,1.5777884826685784,3.7168434310554472,False
overtake,P3,15001,50,5.0,1.0,21.44258571319696,17.202168997219456,0.0029331763776628337,2.308621205039836e-25,1000000000.0,44.92799999999997,44.92799999999997,4.07738392736576,1.8822281640455973,inf,0,0,0,0,-1,inf,0,-1,0,0,-1,0,0,7600,0,0,0,2687,4913,1.5777884826685784,3.7168434310554472,False
overtake,P4,15001,50,5.0,1.0,21.44258571319696,17.202168997219456,0.0029331763776628337,2.308621205039836e-25,1000000000.0,44.92799999999997,44.92799999999997,4.07738392736576,1.8822281640455973,inf,0,0,0,0,-1,inf,0,-1,0,0,-1,0,0,7600,0,0,0,2687,4913,1.5777884826685784,3.7168434310554472,False
overtake,P0,15002,50,5.0,1.0,21.659346193779783,17.202168997219456,0.0026950027774044994,2.189855400659446e-25,1000000000.0,44.87066666666665,44.87066666666665,4.134642604738442,1.9485618750661582,inf,0,0,0,0,-1,inf,0,-1,0,0,-1,0,0,7600,0,0,0,2772,4828,1.7176817730536116,3.8018688815184594,False
overtake,P1,15002,50,5.0,1.0,21.619662243469946,17.202168997219456,0.002679146955945094,2.1898551425567233e-25,1000000000.0,44.76,44.76,4.24517086713131,2.128634206318986,inf,0,0,0,0,-1,inf,0,-1,0,0,-1,0,0,7600,0,0,0,2740,4860,1.7176817730536116,3.8018688815184594,False
overtake,P2,15002,50,5.0,1.0,21.659346193779783,17.202168997219456,0.0026950027774044994,2.189855400659446e-25,1000000000.0,44.87066666666665,44.87066666666665,4.134642604738442,1.9485618750661582,inf,0,0,0,0,-1,inf,0,-1,0,0,-1,0,0,7600,0,0,0,2772,4828,1.7176817730536116,3.8018688815184594,False
overtake,P3,15002,50,5.0,1.0,21.659346193779783,17.202168997219456,0.0026950027774044994,2.189855400659446e-25,1000000000.0,44.87066666666665,44.87066666666665,4.134642604738442,1.9485618750661582,inf,0,0,0,0,-1,inf,0,-1,0,0,-1,0,0,7600,0,0,0,2772,4828,1.7176817730536116,3.8018688815184594,False
overtake,P4,15002,50,5.0,1.0,21.659346193779783,17.202168997219456,0.0026950027774044994,2.189855400659446e-25,1000000000.0,44.87066666666665,44.87066666666665,4.134642604738442,1.9485618750661582,inf,0,0,0,0,-1,inf,0,-1,0,0,-1,0,0,7600,0,0,0,2772,4828,1.7176817730536116,3.8018688815184594,False
overtake,P0,15003,50,5.0,1.0,21.86626156328747,17.202168997219456,0.002612223866816108,2.202938418179446e-25,1000000000.0,45.071666666666665,45.071666666666665,3.933913886820372,1.9739897517625322,inf,0,0,0,0,-1,inf,0,-1,0,0,-1,0,0,7600,0,0,0,2857,4743,1.426992255625306,3.3585772683325645,False
overtake,P1,15003,50,5.0,1.0,21.79630476406516,17.202168997219456,0.0025991956762689964,2.2024539338772025e-25,1000000000.0,44.78999999999999,44.78999999999999,4.215207668803572,2.1755894850064705,inf,0,0,0,0,-1,inf,0,-1,0,0,-1,0,0,7600,0,0,0,2747,4853,1.426992255625306,3.3585772683325645,False
overtake,P2,15003,50,5.0,1.0,21.86626156328747,17.202168997219456,0.002612223866816108,2.202938418179446e-25,1000000000.0,45.071666666666665,45.071666666666665,3.933913886820372,1.9739897517625322,inf,0,0,0,0,-1,inf,0,-1,0,0,-1,0,0,7600,0,0,0,2857,4743,1.426992255625306,3.3585772683325645,False
overtake,P3,15003,50,5.0,1.0,21.86626156328747,17.202168997219456,0.002612223866816108,2.202938418179446e-25,1000000000.0,45.071666666666665,45.071666666666665,3.933913886820372,1.9739897517625322,inf,0,0,0,0,-1,inf,0,-1,0,0,-1,0,0,7600,0,0,0,2857,4743,1.426992255625306,3.3585772683325645,False
overtake,P4,15003,50,5.0,1.0,21.86626156328747,17.202168997219456,0.002612223866816108,2.202938418179446e-25,1000000000.0,45.071666666666665,45.071666666666665,3.933913886820372,1.9739897517625322,inf,0,0,0,0,-1,inf,0,-1,0,0,-1,0,0,7600,0,0,0,2857,4743,1.426992255625306,3.3585772683325645,False
overtake,P0,15004,50,5.0,1.0,21.771267909770376,17.202168997219456,0.002666419381023972,2.197772561726199e-25,1000000000.0,45.083666666666666,45.083666666666666,3.9219309617735703,1.8695677958323327,inf,0,0,0,0,-1,inf,0,-1,0,0,-1,0,0,7600,0,0,0,2697,4903,1.5563016276200892,3.5477200223659584,False
overtake,P1,15004,50,5.0,1.0,21.91480371016153,17.202168997219456,0.0025444904079573805,2.185109842567277e-25,1000000000.0,45.026666666666664,45.026666666666664,3.9788507723861897,2.1226483085358803,inf,0,0,0,0,-1,inf,0,-1,0,0,-1,0,0,7600,0,0,0,2684,4916,1.5563016276200892,3.5477200223659584,False
overtake,P2,15004,50,5.0,1.0,21.771267909770376,17.202168997219456,0.002666419381023972,2.197772561726199e-25,1000000000.0,45.083666666666666,45.083666666666666,3.9219309617735703,1.8695677958323327,inf,0,0,0,0,-1,inf,0,-1,0,0,-1,0,0,7600,0,0,0,2697,4903,1.5563016276200892,3.5477200223659584,False
overtake,P3,15004,50,5.0,1.0,21.771267909770376,17.202168997219456,0.002666419381023972,2.197772561726199e-25,1000000000.0,45.083666666666666,45.083666666666666,3.9219309617735703,1.8695677958323327,inf,0,0,0,0,-1,inf,0,-1,0,0,-1,0,0,7600,0,0,0,2697,4903,1.5563016276200892,3.5477200223659584,False
overtake,P4,15004,50,5.0,1.0,21.771267909770376,17.202168997219456,0.002666419381023972,2.197772561726199e-25,1000000000.0,45.083666666666666,45.083666666666666,3.9219309617735703,1.8695677958323327,inf,0,0,0,0,-1,inf,0,-1,0,0,-1,0,0,7600,0,0,0,2697,4903,1.5563016276200892,3.5477200223659584,False
overtake,P0,15005,50,5.0,1.0,21.745379219614502,17.202168997219456,0.0026853161186718736,2.198515567166301e-25,1000000000.0,45.1173333333333,45.1173333333333,3.888312762058254,1.8347938688315457,inf,0,0,0,0,-1,inf,0,-1,0,0,-1,0,0,7600,0,0,0,2732,4868,1.521704009981525,3.5426194572194443,False
overtake,P1,15005,50,5.0,1.0,21.921949629023803,17.202168997219456,0.002552272693699733,2.1851098425644823e-25,1000000000.0,45.16000000000001,45.16000000000001,3.8457087371693004,1.837002943827956,inf,0,0,0,0,-1,inf,0,-1,0,0,-1,0,0,7600,0,0,0,2772,4828,1.521704009981525,3.5426194572194443,False
overtake,P2,15005,50,5.0,1.0,21.745379219614502,17.202168997219456,0.0026853161186718736,2.198515567166301e-25,1000000000.0,45.1173333333333,45.1173333333333,3.888312762058254,1.8347938688315457,inf,0,0,0,0,-1,inf,0,-1,0,0,-1,0,0,7600,0,0,0,2732,4868,1.521704009981525,3.5426194572194443,False
overtake,P3,15005,50,5.0,1.0,21.745379219614502,17.202168997219456,0.0026853161186718736,2.198515567166301e-25,1000000000.0,45.1173333333333,45.1173333333333,3.888312762058254,1.8347938688315457,inf,0,0,0,0,-1,inf,0,-1,0,0,-1,0,0,7600,0,0,0,2732,4868,1.521704009981525,3.5426194572194443,False
overtake,P4,15005,50,5.0,1.0,21.741463695182137,17.202168997219456,0.0026854773081497253,2.198515567166301e-25,1000000000.0,45.099999999999966,45.099999999999966,3.9056210378300458,1.8531157804682061,inf,0,0,0,0,-1,inf,0,-1,0,0,-1,0,0,7600,0,0,0,2724,4876,1.521704009981525,3.5426194572194443,False
overtake,P0,15006,50,5.0,1.0,21.917244518125997,17.202168997219456,0.002575064049686425,2.1866326806172832e-25,1000000000.0,45.234999999999964,45.234999999999964,3.770822283155313,1.634342020033645,inf,0,0,0,0,-1,inf,0,-1,0,0,-1,0,0,7600,0,0,0,2784,4816,1.4848390639047315,3.4367703701239445,False
overtake,P1,15006,50,5.0,1.0,21.89947733964484,17.202168997219456,0.0025407570695023685,2.1851098425644805e-25,1000000000.0,45.06333333333334,45.06333333333334,3.942235423663175,1.9672925679164748,inf,0,0,0,0,-1,inf,0,-1,0,0,-1,0,0,7600,0,0,0,2714,4886,1.4848390639047315,3.4367703701239445,False
overtake,P2,15006,50,5.0,1.0,21.917244518125997,17.202168997219456,0.002575064049686425,2.1866326806172832e-25,1000000000.0,45.234999999999964,45.234999999999964,3.770822283155313,1.634342020033645,inf,0,0,0,0,-1,inf,0,-1,0,0,-1,0,0,7600,0,0,0,2784,4816,1.4848390639047315,3.4367703701239445,False
overtake,P3,15006,50,5.0,1.0,21.917244518125997,17.202168997219456,0.002575064049686425,2.1866326806172832e-25,1000000000.0,45.234999999999964,45.234999999999964,3.770822283155313,1.634342020033645,inf,0,0,0,0,-1,inf,0,-1,0,0,-1,0,0,7600,0,0,0,2784,4816,1.4848390639047315,3.4367703701239445,False
overtake,P4,15006,50,5.0,1.0,21.917244518125997,17.202168997219456,0.002575064049686425,2.1866326806172832e-25,1000000000.0,45.234999999999964,45.234999999999964,3.770822283155313,1.634342020033645,inf,0,0,0,0,-1,inf,0,-1,0,0,-1,0,0,7600,0,0,0,2784,4816,1.4848390639047315,3.4367703701239445,False
overtake,P0,15007,50,5.0,1.0,21.930862345197216,17.202168997219456,0.0026033625415673458,2.1978567766749536e-25,1000000000.0,45.24633333333332,45.24633333333332,3.759506501601631,1.4724379747978462,inf,0,0,0,0,-1,inf,0,-1,0,0,-1,0,0,7600,0,0,0,2730,4870,1.655053232859164,3.768433429183625,False
overtake,P1,15007,50,5.0,1.0,21.988271271767545,17.202168997219456,0.0025214629188428195,2.1851098570723835e-25,1000000000.0,45.179999999999986,45.179999999999986,3.8257385811292033,1.665817500935105,inf,0,0,0,0,-1,inf,0,-1,0,0,-1,0,0,7600,0,0,0,2735,4865,1.655053232859164,3.768433429183625,False
overtake,P2,15007,50,5.0,1.0,21.930862345197216,17.202168997219456,0.0026033625415673458,2.1978567766749536e-25,1000000000.0,45.24633333333332,45.24633333333332,3.759506501601631,1.4724379747978462,inf,0,0,0,0,-1,inf,0,-1,0,0,-1,0,0,7600,0,0,0,2730,4870,1.655053232859164,3.768433429183625,False
overtake,P3,15007,50,5.0,1.0,21.930862345197216,17.202168997219456,0.0026033625415673458,2.1978567766749536e-25,1000000000.0,45.24633333333332,45.24633333333332,3.759506501601631,1.4724379747978462,inf,0,0,0,0,-1,inf,0,-1,0,0,-1,0,0,7600,0,0,0,2730,4870,1.655053232859164,3.768433429183625,False
overtake,P4,15007,50,5.0,1.0,21.926619136446043,17.202168997219456,0.0026036297138703184,2.1978567766749536e-25,1000000000.0,45.285000000000004,45.285000000000004,3.7209005215324353,1.473697483289663,inf,0,0,0,0,-1,inf,0,-1,0,0,-1,0,0,7600,0,0,0,2738,4862,1.655053232859164,3.768433429183625,False
overtake,P0,15008,50,5.0,1.0,22.086125816558216,17.202168997219456,0.00252515473189355,2.1853885201883506e-25,1000000000.0,45.35866666666664,45.35866666666664,3.6473530313893376,1.6337471816936204,inf,0,0,0,0,-1,inf,0,-1,0,0,-1,0,0,7600,0,0,0,2913,4687,1.3973449727883525,3.3392896167853308,False
overtake,P1,15008,50,5.0,1.0,22.036662963910576,17.202168997219456,0.0025103800583625687,2.185109841583271e-25,1000000000.0,45.24666666666664,45.24666666666664,3.7591736860980074,1.68059013546413,inf,0,0,0,0,-1,inf,0,-1,0,0,-1,0,0,7600,0,0,0,2866,4734,1.3973449727883525,3.3392896167853308,False
overtake,P2,15008,50,5.0,1.0,22.014791063089184,17.202168997219456,0.00254708085965531,2.185388520188426e-25,1000000000.0,45.315333333333335,45.315333333333335,3.690615685164849,1.629903871874824,inf,0,0,0,0,-1,inf,0,-1,0,0,-1,0,0,7600,0,0,0,2884,4716,1.3973449727883525,3.3392896167853308,False
overtake,P3,15008,50,5.0,1.0,22.086125816558216,17.202168997219456,0.00252515473189355,2.1853885201883506e-25,1000000000.0,45.35866666666664,45.35866666666664,3.6473530313893376,1.6337471816936204,inf,0,0,0,0,-1,inf,0,-1,0,0,-1,0,0,7600,0,0,0,2913,4687,1.3973449727883525,3.3392896167853308,False
overtake,P4,15008,50,5.0,1.0,22.014791063089184,17.202168997219456,0.00254708085965531,2.185388520188426e-25,1000000000.0,45.315333333333335,45.315333333333335,3.690615685164849,1.629903871874824,inf,0,0,0,0,-1,inf,0,-1,0,0,-1,0,0,7600,0,0,0,2884,4716,1.3973449727883525,3.3392896167853308,False
overtake,P0,15009,50,5.0,1.0,21.84291066501729,17.202168997219456,0.002608869182575149,2.196687420105136e-25,1000000000.0,45.12699999999999,45.12699999999999,3.878660167008766,1.8350641248802944,inf,0,0,0,0,-1,inf,0,-1,0,0,-1,0,0,7600,0,0,0,2777,4823,1.4617118443510362,3.4759650553814936,False
overtake,P1,15009,50,5.0,1.0,21.925985973091947,17.202168997219456,0.002525997943742851,2.185109841583271e-25,1000000000.0,45.046666666666646,45.046666666666646,3.9588786462311507,2.0666283118064674,inf,0,0,0,0,-1,inf,0,-1,0,0,-1,0,0,7600,0,0,0,2771,4829,1.4617118443510362,3.4759650553814936,False
overtake,P2,15009,50,5.0,1.0,21.84291066501729,17.202168997219456,0.002608869182575149,2.196687420105136e-25,1000000000.0,45.12699999999999,45.12699999999999,3.878660167008766,1.8350641248802944,inf,0,0,0,0,-1,inf,0,-1,0,0,-1,0,0,7600,0,0,0,2777,4823,1.4617118443510362,3.4759650553814936,False
overtake,P3,15009,50,5.0,1.0,21.84291066501729,17.202168997219456,0.002608869182575149,2.196687420105136e-25,1000000000.0,45.12699999999999,45.12699999999999,3.878660167008766,1.8350641248802944,inf,0,0,0,0,-1,inf,0,-1,0,0,-1,0,0,7600,0,0,0,2777,4823,1.4617118443510362,3.4759650553814936,False
overtake,P4,15009,50,5.0,1.0,21.832115908586715,17.202168997219456,0.0026094060269543475,2.196687420105136e-25,1000000000.0,45.095333333333336,45.095333333333336,3.9102809961584772,1.8659082807244352,inf,0,0,0,0,-1,inf,0,-1,0,0,-1,0,0,7600,0,0,0,2763,4837,1.4617118443510362,3.4759650553814936,False
overtake,P0,15010,50,5.0,1.0,21.341138994570994,17.202168997219456,0.0029924777114432406,2.3021869268289034e-25,1000000000.0,44.909999999999954,44.909999999999954,4.095360263901181,1.7958884209352075,inf,0,0,0,0,-1,inf,0,-1,0,0,-1,0,0,7600,0,0,0,2682,4918,1.514953795008625,3.5520794648134113,False
overtake,P1,15010,50,5.0,1.0,21.471786675094947,17.202168997219456,0.002909958409189583,2.3017939217965527e-25,1000000000.0,44.87999999999998,44.87999999999998,4.125321283383942,1.987710673683323,inf,0,0,0,0,-1,inf,0,-1,0,0,-1,0,0,7600,0,0,0,2700,4900,1.514953795008625,3.5520794648134113,False
overtake,P2,15010,50,5.0,1.0,21.341138994570994,17.202168997219456,0.0029924777114432406,2.3021869268289034e-25,1000000000.0,44.909999999999954,44.909999999999954,4.095360263901181,1.7958884209352075,inf,0,0,0,0,-1,inf,0,-1,0,0,-1,0,0,7600,0,0,0,2682,4918,1.514953795008625,3.5520794648134113,False
overtake,P3,15010,50,5.0,1.0,21.341138994570994,17.202168997219456,0.0029924777114432406,2.3021869268289034e-25,1000000000.0,44.909999999999954,44.909999999999954,4.095360263901181,1.7958884209352075,inf,0,0,0,0,-1,inf,0,-1,0,0,-1,0,0,7600,0,0,0,2682,4918,1.514953795008625,3.5520794648134113,False
overtake,P4,15010,50,5.0,1.0,21.331867302015336,17.202168997219456,0.0029930437712070183,2.3021869268289034e-25,1000000000.0,44.874999999999964,44.874999999999964,4.130314841648355,1.8328002515975412,inf,0,0,0,0,-1,inf,0,-1,0,0,-1,0,0,7600,0,0,0,2675,4925,1.514953795008625,3.5520794648134113,False
overtake,P0,15011,50,5.0,1.0,21.768822731312348,17.202168997219456,0.002676255925439467,2.1911411801320164e-25,1000000000.0,45.25166666666666,45.25166666666666,3.7541814645696365,1.6402919107190161,inf,0,0,0,0,-1,inf,0,-1,0,0,-1,0,0,7600,0,0,0,2712,4888,1.568896114441345,3.625192643987379,False
overtake,P1,15011,50,5.0,1.0,21.95049514977447,17.202168997219456,0.0025545063161787544,2.185109841626682e-25,1000000000.0,45.27,45.27,3.7358768302957146,1.7758669634227082,inf,0,0,0,0,-1,inf,0,-1,0,0,-1,0,0,7600,0,0,0,2772,4828,1.568896114441345,3.625192643987379,False
overtake,P2,15011,50,5.0,1.0,21.768822731312348,17.202168997219456,0.002676255925439467,2.1911411801320164e-25,1000000000.0,45.25166666666666,45.25166666666666,3.7541814645696365,1.6402919107190161,inf,0,0,0,0,-1,inf,0,-1,0,0,-1,0,0,7600,0,0,0,2712,4888,1.568896114441345,3.625192643987379,False
overtake,P3,15011,50,5.0,1.0,21.768822731312348,17.202168997219456,0.002676255925439467,2.1911411801320164e-25,1000000000.0,45.25166666666666,45.25166666666666,3.7541814645696365,1.6402919107190161,inf,0,0,0,0,-1,inf,0,-1,0,0,-1,0,0,7600,0,0,0,2712,4888,1.568896114441345,3.625192643987379,False
overtake,P4,15011,50,5.0,1.0,21.764804042343474,17.202168997219456,0.002676409355120429,2.1911411801320164e-25,1000000000.0,45.233333333333334,45.233333333333334,3.7724863775656163,1.675573742812329,inf,0,0,0,0,-1,inf,0,-1,0,0,-1,0,0,7600,0,0,0,2704,4896,1.568896114441345,3.625192643987379,False
overtake,P0,15012,50,5.0,1.0,21.921624852176155,17.202168997219456,0.0026269082173096692,2.203140801310565e-25,1000000000.0,45.30233333333333,45.30233333333333,3.7035948035548083,1.6769129022690743,inf,0,0,0,0,-1,inf,0,-1,0,0,-1,0,0,7600,0,0,0,2890,4710,1.4831061589104169,3.4407602585657195,False
overtake,P1,15012,50,5.0,1.0,21.94713725595752,17.202168997219456,0.0025787857652841265,2.2024539338694493e-25,1000000000.0,45.173333333333346,45.173333333333346,3.832395265224877,1.9627674329925775,inf,0,0,0,0,-1,inf,0,-1,0,0,-1,0,0,7600,0,0,0,2836,4764,1.4831061589104169,3.4407602585657195,False
overtake,P2,15012,50,5.0,1.0,21.89969580644103,17.202168997219456,0.0026390633685889377,2.203140801310566e-25,1000000000.0,45.31899999999998,45.31899999999998,3.686954934785685,1.6371756297034674,inf,0,0,0,0,-1,inf,0,-1,0,0,-1,0,0,7600,0,0,0,2875,4725,1.4831061589104169,3.4407602585657195,False
overtake,P3,15012,50,5.0,1.0,21.921624852176155,17.202168997219456,0.0026269082173096692,2.203140801310565e-25,1000000000.0,45.30233333333333,45.30233333333333,3.7035948035548083,1.6769129022690743,inf,0,0,0,0,-1,inf,0,-1,0,0,-1,0,0,7600,0,0,0,2890,4710,1.4831061589104169,3.4407602585657195,False
overtake,P4,15012,50,5.0,1.0,21.921624852176155,17.202168997219456,0.0026269082173096692,2.203140801310565e-25,1000000000.0,45.30233333333333,45.30233333333333,3.7035948035548083,1.6769129022690743,inf,0,0,0,0,-1,inf,0,-1,0,0,-1,0,0,7600,0,0,0,2890,4710,1.4831061589104169,3.4407602585657195,False
overtake,P0,15013,50,5.0,1.0,21.929179133376053,17.202168997219456,0.002595716926388153,2.1977859982460317e-25,1000000000.0,45.22999999999999,45.22999999999999,3.7758145731935056,1.8156092968314477,inf,0,0,0,0,-1,inf,0,-1,0,0,-1,0,0,7600,0,0,0,2833,4767,1.5358843170614005,3.6269636664524194,False
overtake,P1,15013,50,5.0,1.0,21.929126030963566,17.202168997219456,0.002569538772447102,2.185849447168334e-25,1000000000.0,45.11333333333332,45.11333333333332,3.8923069597499933,1.9409273585150109,inf,0,0,0,0,-1,inf,0,-1,0,0,-1,0,0,7600,0,0,0,2774,4826,1.5358843170614005,3.6269636664524194,False
overtake,P2,15013,50,5.0,1.0,21.929179133376053,17.202168997219456,0.002595716926388153,2.1977859982460317e-25,1000000000.0,45.22999999999999,45.22999999999999,3.7758145731935056,1.8156092968314477,inf,0,0,0,0,-1,inf,0,-1,0,0,-1,0,0,7600,0,0,0,2833,4767,1.5358843170614005,3.6269636664524194,False
overtake,P3,15013,50,5.0,1.0,21.929179133376053,17.202168997219456,0.002595716926388153,2.1977859982460317e-25,1000000000.0,45.22999999999999,45.22999999999999,3.7758145731935056,1.8156092968314477,inf,0,0,0,0,-1,inf,0,-1,0,0,-1,0,0,7600,0,0,0,2833,4767,1.5358843170614005,3.6269636664524194,False
overtake,P4,15013,50,5.0,1.0,21.930386699695504,17.202168997219456,0.002595717577171338,2.1977859982460317e-25,1000000000.0,45.24166666666664,45.24166666666664,3.7641659282748194,1.8008660157338694,inf,0,0,0,0,-1,inf,0,-1,0,0,-1,0,0,7600,0,0,0,2832,4768,1.5358843170614005,3.6269636664524194,False
overtake,P0,15014,50,5.0,1.0,21.894827076352577,17.202168997219456,0.002616860073762196,2.203015739314673e-25,1000000000.0,45.12833333333334,45.12833333333334,3.877328780090505,1.7753444447958122,inf,0,0,0,0,-1,inf,0,-1,0,0,-1,0,0,7600,0,0,0,2794,4806,1.4123828046753801,3.3596745180432475,False
overtake,P1,15014,50,5.0,1.0,21.876920127550036,17.202168997219456,0.0025716965404350206,2.2024539337221373e-25,1000000000.0,44.993333333333325,44.993333333333325,4.0121382664258,2.115522543707942,inf,0,0,0,0,-1,inf,0,-1,0,0,-1,0,0,7600,0,0,0,2737,4863,1.4123828046753801,3.3596745180432475,False
overtake,P2,15014,50,5.0,1.0,21.894827076352577,17.202168997219456,0.002616860073762196,2.203015739314673e-25,1000000000.0,45.12833333333334,45.12833333333334,3.877328780090505,1.7753444447958122,inf,0,0,0,0,-1,inf,0,-1,0,0,-1,0,0,7600,0,0,0,2794,4806,1.4123828046753801,3.3596745180432475,False
overtake,P3,15014,50,5.0,1.0,21.894827076352577,17.202168997219456,0.002616860073762196,2.203015739314673e-25,1000000000.0,45.12833333333334,45.12833333333334,3.877328780090505,1.7753444447958122,inf,0,0,0,0,-1,inf,0,-1,0,0,-1,0,0,7600,0,0,0,2794,4806,1.4123828046753801,3.3596745180432475,False
overtake,P4,15014,50,5.0,1.0,21.885369102769506,17.202168997219456,0.0026172814116448527,2.203015739314673e-25,1000000000.0,45.09499999999999,45.09499999999999,3.9106138509370165,1.8203490373930942,inf,0,0,0,0,-1,inf,0,-1,0,0,-1,0,0,7600,0,0,0,2783,4817,1.4123828046753801,3.3596745180432475,False
overtake,P0,15015,50,5.0,1.0,21.86720311790136,17.202168997219456,0.002626109517316866,2.1977873209283998e-25,1000000000.0,45.238333333333316,45.238333333333316,3.767494101156845,1.7466950234958727,inf,0,0,0,0,-1,inf,0,-1,0,0,-1,0,0,7600,0,0,0,2820,4780,1.615679451618593,3.7056495780477996,False
overtake,P1,15015,50,5.0,1.0,21.868461474666045,17.202168997219456,0.0025593743332934155,2.185109841626682e-25,1000000000.0,45.02000000000002,45.02000000000002,3.9855082098949737,2.068515580666415,inf,0,0,0,0,-1,inf,0,-1,0,0,-1,0,0,7600,0,0,0,2754,4846,1.615679451618593,3.7056495780477996,False
overtake,P2,15015,50,5.0,1.0,21.798117162712156,17.202168997219456,0.002639974456065635,2.1977873209283998e-25,1000000000.0,45.1683333333333,45.1683333333333,3.8373878010418845,1.7658144391431982,inf,0,0,0,0,-1,inf,0,-1,0,0,-1,0,0,7600,0,0,0,2784,4816,1.615679451618593,3.7056495780477996,False
overtake,P3,15015,50,5.0,1.0,21.86720311790136,17.202168997219456,0.002626109517316866,2.1977873209283998e-25,1000000000.0,45.238333333333316,45.238333333333316,3.767494101156845,1.7466950234958727,inf,0,0,0,0,-1,inf,0,-1,0,0,-1,0,0,7600,0,0,0,2820,4780,1.615679451618593,3.7056495780477996,False
overtake,P4,15015,50,5.0,1.0,21.86720311790136,17.202168997219456,0.002626109517316866,2.1977873209283998e-25,1000000000.0,45.238333333333316,45.238333333333316,3.767494101156845,1.7466950234958727,inf,0,0,0,0,-1,inf,0,-1,0,0,-1,0,0,7600,0,0,0,2820,4780,1.615679451618593,3.7056495780477996,False
overtake,P0,15016,50,5.0,1.0,21.819029747618373,17.202168997219456,0.0026222193094538066,2.1978463195421074e-25,1000000000.0,45.11499999999999,45.11499999999999,3.8906427092628886,1.9078882976488023,inf,0,0,0,0,-1,inf,0,-1,0,0,-1,0,0,7600,0,0,0,2671,4929,1.5716009617353368,3.6211761131772295,False
overtake,P1,15016,50,5.0,1.0,21.972208256272264,17.202168997219456,0.002503387776177293,2.185109841583241e-25,1000000000.0,45.043333333333344,45.043333333333344,3.962207314395778,2.072740685055288,inf,0,0,0,0,-1,inf,0,-1,0,0,-1,0,0,7600,0,0,0,2669,4931,1.5716009617353368,3.6211761131772295,False
overtake,P2,15016,50,5.0,1.0,21.819029747618373,17.202168997219456,0.0026222193094538066,2.1978463195421074e-25,1000000000.0,45.11499999999999,45.11499999999999,3.8906427092628886,1.9078882976488023,inf,0,0,0,0,-1,inf,0,-1,0,0,-1,0,0,7600,0,0,0,2671,4929,1.5716009617353368,3.6211761131772295,False
overtake,P3,15016,50,5.0,1.0,21.819029747618373,17.202168997219456,0.0026222193094538066,2.1978463195421074e-25,1000000000.0,45.11499999999999,45.11499999999999,3.8906427092628886,1.9078882976488023,inf,0,0,0,0,-1,inf,0,-1,0,0,-1,0,0,7600,0,0,0,2671,4929,1.5716009617353368,3.6211761131772295,False
overtake,P4,15016,50,5.0,1.0,21.808558198211117,17.202168997219456,0.002622702138708565,2.1978463195421074e-25,1000000000.0,45.07666666666665,45.07666666666665,3.9289209887175103,1.9570970033556052,inf,0,0,0,0,-1,inf,0,-1,0,0,-1,0,0,7600,0,0,0,2648,4952,1.5716009617353368,3.6211761131772295,False
overtake,P0,15017,50,5.0,1.0,21.86903571201766,17.202168997219456,0.0026591985945031487,2.222273907751373e-25,1000000000.0,45.246666666666655,45.246666666666655,3.759173686097993,1.8005683562730073,inf,0,0,0,0,-1,inf,0,-1,0,0,-1,0,0,7600,0,0,0,2862,4738,1.4642838654022652,3.4671220449163127,False
overtake,P1,15017,50,5.0,1.0,21.84611352207378,17.202168997219456,0.0026362432570337215,2.222258465301526e-25,1000000000.0,45.07999999999998,45.07999999999998,3.92559240002583,1.978427358515012,inf,0,0,0,0,-1,inf,0,-1,0,0,-1,0,0,7600,0,0,0,2788,4812,1.4642838654022652,3.4671220449163127,False
overtake,P2,15017,50,5.0,1.0,21.83788414285521,17.202168997219456,0.0026690240199609455,2.222273907751373e-25,1000000000.0,45.24333333333332,45.24333333333332,3.762501845260004,1.7767359624252088,inf,0,0,0,0,-1,inf,0,-1,0,0,-1,0,0,7600,0,0,0,2849,4751,1.4642838654022652,3.4671220449163127,False
overtake,P3,15017,50,5.0,1.0,21.86903571201766,17.202168997219456,0.0026591985945031487,2.222273907751373e-25,1000000000.0,45.246666666666655,45.246666666666655,3.759173686097993,1.8005683562730073,inf,0,0,0,0,-1,inf,0,-1,0,0,-1,0,0,7600,0,0,0,2862,4738,1.4642838654022652,3.4671220449163127,False
overtake,P4,15017,50,5.0,1.0,21.82199204599799,17.202168997219456,0.002669698642432134,2.222273907751373e-25,1000000000.0,45.18333333333332,45.18333333333332,3.8224102521295253,1.8521206073686094,inf,0,0,0,0,-1,inf,0,-1,0,0,-1,0,0,7600,0,0,0,2828,4772,1.4642838654022652,3.4671220449163127,False
overtake,P0,15018,50,5.0,1.0,21.402352536234908,17.202168997219456,0.0029237660344680087,2.3028998120408246e-25,1000000000.0,44.837333333333305,44.837333333333305,4.167933477026522,1.8952198647640968,inf,0,0,0,0,-1,inf,0,-1,0,0,-1,0,0,7600,0,0,0,2690,4910,1.5729259062166374,3.626472585213832,False
overtake,P1,15018,50,5.0,1.0,21.401875613402122,17.202168997219456,0.002900791714774937,2.301793921694449e-25,1000000000.0,44.73,44.73,4.275134581640724,2.0633050374639508,inf,0,0,0,0,-1,inf,0,-1,0,0,-1,0,0,7600,0,0,0,2644,4956,1.5729259062166374,3.626472585213832,False
overtake,P2,15018,50,5.0,1.0,21.402352536234908,17.202168997219456,0.0029237660344680087,2.3028998120408246e-25,1000000000.0,44.837333333333305,44.837333333333305,4.167933477026522,1.8952198647640968,inf,0,0,0,0,-1,inf,0,-1,0,0,-1,0,0,7600,0,0,0,2690,4910,1.5729259062166374,3.626472585213832,False
overtake,P3,15018,50,5.0,1.0,21.402352536234908,17.202168997219456,0.0029237660344680087,2.3028998120408246e-25,1000000000.0,44.837333333333305,44.837333333333305,4.167933477026522,1.8952198647640968,inf,0,0,0,0,-1,inf,0,-1,0,0,-1,0,0,7600,0,0,0,2690,4910,1.5729259062166374,3.626472585213832,False
overtake,P4,15018,50,5.0,1.0,21.402352536234908,17.202168997219456,0.0029237660344680087,2.3028998120408246e-25,1000000000.0,44.837333333333305,44.837333333333305,4.167933477026522,1.8952198647640968,inf,0,0,0,0,-1,inf,0,-1,0,0,-1,0,0,7600,0,0,0,2690,4910,1.5729259062166374,3.626472585213832,False
overtake,P0,15019,50,5.0,1.0,21.813936151099256,17.202168997219456,0.002645623002813396,2.1977378238525506e-25,1000000000.0,45.16366666666668,45.16366666666668,3.842047518652617,1.6113042758506022,inf,0,0,0,0,-1,inf,0,-1,0,0,-1,0,0,7600,0,0,0,2721,4879,1.5877012024587824,3.629217301029708,False
overtake,P1,15019,50,5.0,1.0,21.80630285371438,17.202168997219456,0.002574180758769521,2.1851098571370187e-25,1000000000.0,44.96000000000001,44.96000000000001,4.045426515355373,1.9033515205901004,inf,0,0,0,0,-1,inf,0,-1,0,0,-1,0,0,7600,0,0,0,2653,4947,1.5877012024587824,3.629217301029708,False
overtake,P2,15019,50,5.0,1.0,21.813936151099256,17.202168997219456,0.002645623002813396,2.1977378238525506e-25,1000000000.0,45.16366666666668,45.16366666666668,3.842047518652617,1.6113042758506022,inf,0,0,0,0,-1,inf,0,-1,0,0,-1,0,0,7600,0,0,0,2721,4879,1.5877012024587824,3.629217301029708,False
overtake,P3,15019,50,5.0,1.0,21.813936151099256,17.202168997219456,0.002645623002813396,2.1977378238525506e-25,1000000000.0,45.16366666666668,45.16366666666668,3.842047518652617,1.6113042758506022,inf,0,0,0,0,-1,inf,0,-1,0,0,-1,0,0,7600,0,0,0,2721,4879,1.5877012024587824,3.629217301029708,False
overtake,P4,15019,50,5.0,1.0,21.803263630614698,17.202168997219456,0.0026461140622329447,2.1977378238525506e-25,1000000000.0,45.12033333333333,45.12033333333333,3.8853171216240336,1.6900522947820085,inf,0,0,0,0,-1,inf,0,-1,0,0,-1,0,0,7600,0,0,0,2704,4896,1.5877012024587824,3.629217301029708,False
intersection_turn,P0,15000,50,5.0,1.0,18.450876344528638,14.72403780401211,0.009584537607586341,2.2614855272116717e-15,999999999.9999979,42.599999999999994,42.599999999999994,5.458937625582478,3.9550147740798045,inf,0,0,0,0,-1,inf,0,-1,0,0,-1,0,0,7600,0,0,0,2494,5106,1.469761835278087,3.3191295440929127,False
intersection_turn,P1,15000,50,5.0,1.0,18.45059749213832,14.72403780401211,0.00958466819956215,2.2614855272116717e-15,999999999.9999979,42.58,42.58,5.4787224788266125,3.9550147740798045,inf,0,0,0,0,-1,inf,0,-1,0,0,-1,0,0,7600,0,0,0,2488,5112,1.469761835278087,3.3191295440929127,False
intersection_turn,P2,15000,50,5.0,1.0,18.450876344528638,14.72403780401211,0.009584537607586341,2.2614855272116717e-15,999999999.9999979,42.599999999999994,42.599999999999994,5.458937625582478,3.9550147740798045,inf,0,0,0,0,-1,inf,0,-1,0,0,-1,0,0,7600,0,0,0,2494,5106,1.469761835278087,3.3191295440929127,False
intersection_turn,P3,15000,50,5.0,1.0,18.450876344528638,14.72403780401211,0.009584537607586341,2.2614855272116717e-15,999999999.9999979,42.599999999999994,42.599999999999994,5.458937625582478,3.9550147740798045,inf,0,0,0,0,-1,inf,0,-1,0,0,-1,0,0,7600,0,0,0,2494,5106,1.469761835278087,3.3191295440929127,False
intersection_turn,P4,15000,50,5.0,1.0,18.450876344528638,14.72403780401211,0.009584537607586341,2.2614855272116717e-15,999999999.9999979,42.599999999999994,42.599999999999994,5.458937625582478,3.9550147740798045,inf,0,0,0,0,-1,inf,0,-1,0,0,-1,0,0,7600,0,0,0,2494,5106,1.469761835278087,3.3191295440929127,False
intersection_turn,P0,15001,50,5.0,1.0,18.317684539307308,14.72403780401211,0.00988199084069632,2.2857810681714177e-15,999999999.9999976,42.34666666666669,42.34666666666669,5.709656537636698,4.200509536258781,inf,0,0,0,0,-1,inf,0,-1,0,0,-1,0,0,7600,0,0,0,2326,5274,1.5579067593991536,3.5819924375117798,False
intersection_turn,P1,15001,50,5.0,1.0,18.31552533842629,14.72403780401211,0.009883283328137987,2.2857810681714177e-15,999999999.9999976,42.31000000000004,42.31000000000004,5.745963800790914,4.200509536258781,inf,0,0,0,0,-1,inf,0,-1,0,0,-1,0,0,7600,0,0,0,2316,5284,1.5579067593991536,3.5819924375117798,False
intersection_turn,P2,15001,50,5.0,1.0,18.317684539307308,14.72403780401211,0.00988199084069632,2.2857810681714177e-15,999999999.9999976,42.34666666666669,42.34666666666669,5.709656537636698,4.200509536258781,inf,0,0,0,0,-1,inf,0,-1,0,0,-1,0,0,7600,0,0,0,2326,5274,1.5579067593991536,3.5819924375117798,False
intersection_turn,P3,15001,50,5.0,1.0,18.317684539307308,14.72403780401211,0.00988199084069632,2.2857810681714177e-15,999999999.9999976,42.34666666666669,42.34666666666669,5.709656537636698,4.200509536258781,inf,0,0,0,0,-1,inf,0,-1,0,0,-1,0,0,7600,0,0,0,2326,5274,1.5579067593991536,3.5819924375117798,False
intersection_turn,P4,15001,50,5.0,1.0,18.31575920772397,14.72403780401211,0.009883166319095074,2.2857810681714177e-15,999999999.9999976,42.32333333333337,42.32333333333337,5.732760630311019,4.200509536258781,inf,0,0,0,0,-1,inf,0,-1,0,0,-1,0,0,7600,0,0,0,2318,5282,1.5579067593991536,3.5819924375117798,False
intersection_turn,P0,15002,50,5.0,1.0,18.08157116281445,14.72403780401211,0.010449862189310688,2.365680356760878e-15,999999999.9999976,41.72666666666665,41.72666666666665,6.324137183135048,4.586825468511424,inf,0,0,0,0,-1,inf,0,-1,0,0,-1,0,0,7600,0,0,0,2119,5481,1.7191127703167337,3.6820174704778306,False
intersection_turn,P1,15002,50,5.0,1.0,17.97966516742333,14.72403780401211,0.010682073001974874,2.372171529204751e-15,999999999.9999976,41.44999999999995,41.44999999999995,6.598674109243509,4.785121783422708,inf,0,0,0,0,-1,inf,0,-1,0,0,-1,0,0,7600,0,0,0,2003,5597,1.7191127703167337,3.6820174704778306,False
intersection_turn,P2,15002,50,5.0,1.0,18.08157116281445,14.72403780401211,0.010449862189310688,2.365680356760878e-15,999999999.9999976,41.72666666666665,41.72666666666665,6.324137183135048,4.586825468511424,inf,0,0,0,0,-1,inf,0,-1,0,0,-1,0,0,7600,0,0,0,2119,5481,1.7191127703167337,3.6820174704778306,False
intersection_turn,P3,15002,50,5.0,1.0,18.08157116281445,14.72403780401211,0.010449862189310688,2.365680356760878e-15,999999999.9999976,41.72666666666665,41.72666666666665,6.324137183135048,4.586825468511424,inf,0,0,0,0,-1,inf,0,-1,0,0,-1,0,0,7600,0,0,0,2119,5481,1.7191127703167337,3.6820174704778306,False
intersection_turn,P4,15002,50,5.0,1.0,18.08157116281445,14.72403780401211,0.010449862189310688,2.365680356760878e-15,999999999.9999976,41.72666666666665,41.72666666666665,6.324137183135048,4.586825468511424,inf,0,0,0,0,-1,inf,0,-1,0,0,-1,0,0,7600,0,0,0,2119,5481,1.7191127703167337,3.6820174704778306,False
intersection_turn,P0,15003,50,5.0,1.0,18.461959933951917,14.72403780401211,0.009576314079579342,2.2614855272116717e-15,999999999.9999979,42.58999999999999,42.58999999999999,5.468829856559822,3.9550147740798045,inf,0,0,0,0,-1,inf,0,-1,0,0,-1,0,0,7600,0,0,0,2473,5127,1.4302722272908135,3.263213443061161,False
intersection_turn,P1,15003,50,5.0,1.0,18.461959933951917,14.72403780401211,0.009576314079579342,2.2614855272116717e-15,999999999.9999979,42.58999999999999,42.58999999999999,5.468829856559822,3.9550147740798045,inf,0,0,0,0,-1,inf,0,-1,0,0,-1,0,0,7600,0,0,0,2473,5127,1.4302722272908135,3.263213443061161,False
intersection_turn,P2,15003,50,5.0,1.0,18.461959933951917,14.72403780401211,0.009576314079579342,2.2614855272116717e-15,999999999.9999979,42.58999999999999,42.58999999999999,5.468829856559822,3.9550147740798045,inf,0,0,0,0,-1,inf,0,-1,0,0,-1,0,0,7600,0,0,0,2473,5127,1.4302722272908135,3.263213443061161,False
intersection_turn,P3,15003,50,5.0,1.0,18.461959933951917,14.72403780401211,0.009576314079579342,2.2614855272116717e-15,999999999.9999979,42.58999999999999,42.58999999999999,5.468829856559822,3.9550147740798045,inf,0,0,0,0,-1,inf,0,-1,0,0,-1,0,0,7600,0,0,0,2473,5127,1.4302722272908135,3.263213443061161,False
intersection_turn,P4,15003,50,5.0,1.0,18.461959933951917,14.72403780401211,0.009576314079579342,2.2614855272116717e-15,999999999.9999979,42.58999999999999,42.58999999999999,5.468829856559822,3.9550147740798045,inf,0,0,0,0,-1,inf,0,-1,0,0,-1,0,0,7600,0,0,0,2473,5127,1.4302722272908135,3.263213443061161,False
intersection_turn,P0,15004,50,5.0,1.0,18.440359210871904,14.72403780401211,0.009591866714216808,2.2614855272116717e-15,999999999.9999979,42.47333333333335,42.47333333333335,5.584267583528233,3.9550147740798045,inf,0,0,0,0,-1,inf,0,-1,0,0,-1,0,0,7600,0,0,0,2303,5297,1.5313278720669194,3.3832182284545023,False
intersection_turn,P1,15004,50,5.0,1.0,18.4401449296069,14.72403780401211,0.009591969978759054,2.2614855272116717e-15,999999999.9999979,42.46000000000001,42.46000000000001,5.597463711360701,3.9550147740798045,inf,0,0,0,0,-1,inf,0,-1,0,0,-1,0,0,7600,0,0,0,2299,5301,1.5313278720669194,3.3832182284545023,False
intersection_turn,P2,15004,50,5.0,1.0,18.440359210871904,14.72403780401211,0.009591866714216808,2.2614855272116717e-15,999999999.9999979,42.47333333333335,42.47333333333335,5.584267583528233,3.9550147740798045,inf,0,0,0,0,-1,inf,0,-1,0,0,-1,0,0,7600,0,0,0,2303,5297,1.5313278720669194,3.3832182284545023,False
intersection_turn,P3,15004,50,5.0,1.0,18.440359210871904,14.72403780401211,0.009591866714216808,2.2614855272116717e-15,999999999.9999979,42.47333333333335,42.47333333333335,5.584267583528233,3.9550147740798045,inf,0,0,0,0,-1,inf,0,-1,0,0,-1,0,0,7600,0,0,0,2303,5297,1.5313278720669194,3.3832182284545023,False
intersection_turn,P4,15004,50,5.0,1.0,18.440359210871904,14.72403780401211,0.009591866714216808,2.2614855272116717e-15,999999999.9999979,42.47333333333335,42.47333333333335,5.584267583528233,3.9550147740798045,inf,0,0,0,0,-1,inf,0,-1,0,0,-1,0,0,7600,0,0,0,2303,5297,1.5313278720669194,3.3832182284545023,False
intersection_turn,P0,15005,50,5.0,1.0,18.462424830781583,14.72403780401211,0.009576355709222687,2.2614855272116717e-15,999999999.9999979,42.679999999999986,42.679999999999986,5.379814123183082,3.9550147740798045,inf,0,0,0,0,-1,inf,0,-1,0,0,-1,0,0,7600,0,0,0,2344,5256,1.5085951243976317,3.3672102026875415,False
intersection_turn,P1,15005,50,5.0,1.0,18.4609221861771,14.72403780401211,0.009577158085528866,2.2614855272116717e-15,999999999.9999979,42.649999999999984,42.649999999999984,5.409482415166923,3.9550147740798045,inf,0,0,0,0,-1,inf,0,-1,0,0,-1,0,0,7600,0,0,0,2336,5264,1.5085951243976317,3.3672102026875415,False
intersection_turn,P2,15005,50,5.0,1.0,18.462424830781583,14.72403780401211,0.009576355709222687,2.2614855272116717e-15,999999999.9999979,42.679999999999986,42.679999999999986,5.379814123183082,3.9550147740798045,inf,0,0,0,0,-1,inf,0,-1,0,0,-1,0,0,7600,0,0,0,2344,5256,1.5085951243976317,3.3672102026875415,False
intersection_turn,P3,15005,50,5.0,1.0,18.462424830781583,14.72403780401211,0.009576355709222687,2.2614855272116717e-15,999999999.9999979,42.679999999999986,42.679999999999986,5.379814123183082,3.9550147740798045,inf,0,0,0,0,-1,inf,0,-1,0,0,-1,0,0,7600,0,0,0,2344,5256,1.5085951243976317,3.3672102026875415,False
intersection_turn,P4,15005,50,5.0,1.0,18.462424830781583,14.72403780401211,0.009576355709222687,2.2614855272116717e-15,999999999.9999979,42.679999999999986,42.679999999999986,5.379814123183082,3.9550147740798045,inf,0,0,0,0,-1,inf,0,-1,0,0,-1,0,0,7600,0,0,0,2344,5256,1.5085951243976317,3.3672102026875415,False
intersection_turn,P0,15006,50,5.0,1.0,18.4625544654612,14.72403780401211,0.009577250371155225,2.2614855272116717e-15,999999999.9999979,42.779999999999994,42.779999999999994,5.2809468847925425,3.9550147740798045,inf,0,0,0,0,-1,inf,0,-1,0,0,-1,0,0,7600,0,0,0,2360,5240,1.4998085948057618,3.3545243609270075,False
intersection_turn,P1,15006,50,5.0,1.0,18.4625544654612,14.72403780401211,0.009577250371155225,2.2614855272116717e-15,999999999.9999979,42.779999999999994,42.779999999999994,5.2809468847925425,3.9550147740798045,inf,0,0,0,0,-1,inf,0,-1,0,0,-1,0,0,7600,0,0,0,2360,5240,1.4998085948057618,3.3545243609270075,False
intersection_turn,P2,15006,50,5.0,1.0,18.4625544654612,14.72403780401211,0.009577250371155225,2.2614855272116717e-15,999999999.9999979,42.779999999999994,42.779999999999994,5.2809468847925425,3.9550147740798045,inf,0,0,0,0,-1,inf,0,-1,0,0,-1,0,0,7600,0,0,0,2360,5240,1.4998085948057618,3.3545243609270075,False
intersection_turn,P3,15006,50,5.0,1.0,18.4625544654612,14.72403780401211,0.009577250371155225,2.2614855272116717e-15,999999999.9999979,42.779999999999994,42.779999999999994,5.2809468847925425,3.9550147740798045,inf,0,0,0,0,-1,inf,0,-1,0,0,-1,0,0,7600,0,0,0,2360,5240,1.4998085948057618,3.3545243609270075,False
intersection_turn,P4,15006,50,5.0,1.0,18.4625544654612,14.72403780401211,0.009577250371155225,2.2614855272116717e-15,999999999.9999979,42.779999999999994,42.779999999999994,5.2809468847925425,3.9550147740798045,inf,0,0,0,0,-1,inf,0,-1,0,0,-1,0,0,7600,0,0,0,2360,5240,1.4998085948057618,3.3545243609270075,False
intersection_turn,P0,15007,50,5.0,1.0,18.473684132301965,14.72403780401211,0.00957034440038704,2.2614855272116717e-15,999999999.9999979,42.8533333333333,42.8533333333333,5.2084717314945745,3.9550147740798045,inf,0,0,0,0,-1,inf,0,-1,0,0,-1,0,0,7600,0,0,0,2349,5251,1.6461129230859857,3.6511212159178457,False
intersection_turn,P1,15007,50,5.0,1.0,18.47316804336209,14.72403780401211,0.009570609142621218,2.2614855272116717e-15,999999999.9999979,42.849999999999994,42.849999999999994,5.21176553578536,3.9550147740798045,inf,0,0,0,0,-1,inf,0,-1,0,0,-1,0,0,7600,0,0,0,2344,5256,1.6461129230859857,3.6511212159178457,False
intersection_turn,P2,15007,50,5.0,1.0,18.473684132301965,14.72403780401211,0.00957034440038704,2.2614855272116717e-15,999999999.9999979,42.8533333333333,42.8533333333333,5.2084717314945745,3.9550147740798045,inf,0,0,0,0,-1,inf,0,-1,0,0,-1,0,0,7600,0,0,0,2349,5251,1.6461129230859857,3.6511212159178457,False
intersection_turn,P3,15007,50,5.0,1.0,18.473684132301965,14.72403780401211,0.00957034440038704,2.2614855272116717e-15,999999999.9999979,42.8533333333333,42.8533333333333,5.2084717314945745,3.9550147740798045,inf,0,0,0,0,-1,inf,0,-1,0,0,-1,0,0,7600,0,0,0,2349,5251,1.6461129230859857,3.6511212159178457,False
intersection_turn,P4,15007,50,5.0,1.0,18.537325746966697,14.72403780401211,0.009550929501788659,2.2614855272116717e-15,999999999.9999979,42.8533333333333,42.852803205244584,5.204693853310237,3.9550147740798045,inf,0,0,0,0,-1,inf,0,-1,0,0,-1,0,0,7600,23,0,0,2329,5248,1.6461129230859857,3.6511212159178457,False
intersection_turn,P0,15008,50,5.0,1.0,18.468051518018807,14.72403780401211,0.009573142667848707,2.2614855272116717e-15,999999999.9999979,42.76666666666665,42.76666666666665,5.294126724756212,3.9550147740798045,inf,0,0,0,0,-1,inf,0,-1,0,0,-1,0,0,7600,0,0,0,2370,5230,1.4549191145271916,3.2770623293832437,False
intersection_turn,P1,15008,50,5.0,1.0,18.467982720870143,14.72403780401211,0.00957317358955351,2.2614855272116717e-15,999999999.9999979,42.759999999999984,42.759999999999984,5.300716932642241,3.9550147740798045,inf,0,0,0,0,-1,inf,0,-1,0,0,-1,0,0,7600,0,0,0,2370,5230,1.4549191145271916,3.2770623293832437,False
intersection_turn,P2,15008,50,5.0,1.0,18.468051518018807,14.72403780401211,0.009573142667848707,2.2614855272116717e-15,999999999.9999979,42.76666666666665,42.76666666666665,5.294126724756212,3.9550147740798045,inf,0,0,0,0,-1,inf,0,-1,0,0,-1,0,0,7600,0,0,0,2370,5230,1.4549191145271916,3.2770623293832437,False
intersection_turn,P3,15008,50,5.0,1.0,18.468051518018807,14.72403780401211,0.009573142667848707,2.2614855272116717e-15,999999999.9999979,42.76666666666665,42.76666666666665,5.294126724756212,3.9550147740798045,inf,0,0,0,0,-1,inf,0,-1,0,0,-1,0,0,7600,0,0,0,2370,5230,1.4549191145271916,3.2770623293832437,False
intersection_turn,P4,15008,50,5.0,1.0,18.468051518018807,14.72403780401211,0.009573142667848707,2.2614855272116717e-15,999999999.9999979,42.76666666666665,42.76666666666665,5.294126724756212,3.9550147740798045,inf,0,0,0,0,-1,inf,0,-1,0,0,-1,0,0,7600,0,0,0,2370,5230,1.4549191145271916,3.2770623293832437,False
intersection_turn,P0,15009,50,5.0,1.0,18.463009415432058,14.72403780401211,0.009575822817242573,2.2614855272116717e-15,999999999.9999979,42.65666666666666,42.65666666666666,5.402889144810505,3.9550147740798045,inf,0,0,0,0,-1,inf,0,-1,0,0,-1,0,0,7600,0,0,0,2369,5231,1.4879110174261083,3.4214766107077583,False
intersection_turn,P1,15009,50,5.0,1.0,18.462724257909446,14.72403780401211,0.009575958247583012,2.2614855272116717e-15,999999999.9999979,42.64333333333332,42.64333333333332,5.416075865216251,3.9550147740798045,inf,0,0,0,0,-1,inf,0,-1,0,0,-1,0,0,7600,0,0,0,2365,5235,1.4879110174261083,3.4214766107077583,False
intersection_turn,P2,15009,50,5.0,1.0,18.463009415432058,14.72403780401211,0.009575822817242573,2.2614855272116717e-15,999999999.9999979,42.65666666666666,42.65666666666666,5.402889144810505,3.9550147740798045,inf,0,0,0,0,-1,inf,0,-1,0,0,-1,0,0,7600,0,0,0,2369,5231,1.4879110174261083,3.4214766107077583,False
intersection_turn,P3,15009,50,5.0,1.0,18.463009415432058,14.72403780401211,0.009575822817242573,2.2614855272116717e-15,999999999.9999979,42.65666666666666,42.65666666666666,5.402889144810505,3.9550147740798045,inf,0,0,0,0,-1,inf,0,-1,0,0,-1,0,0,7600,0,0,0,2369,5231,1.4879110174261083,3.4214766107077583,False
intersection_turn,P4,15009,50,5.0,1.0,18.463009415432058,14.72403780401211,0.009575822817242573,2.2614855272116717e-15,999999999.9999979,42.65666666666666,42.65666666666666,5.402889144810505,3.9550147740798045,inf,0,0,0,0,-1,inf,0,-1,0,0,-1,0,0,7600,0,0,0,2369,5231,1.4879110174261083,3.4214766107077583,False
intersection_turn,P0,15010,50,5.0,1.0,18.465701243026018,14.72403780401211,0.009574443603300738,2.2614855272116717e-15,999999999.9999979,42.696666666666665,42.696666666666665,5.363333333333335,3.9550147740798045,inf,0,0,0,0,-1,inf,0,-1,0,0,-1,0,0,7600,0,0,0,2458,5142,1.5456970052763614,3.4980015524828243,False
intersection_turn,P1,15010,50,5.0,1.0,18.464636199035873,14.72403780401211,0.009574961667339801,2.2614855272116717e-15,999999999.9999979,42.65999999999999,42.65999999999999,5.399592577222851,3.9550147740798045,inf,0,0,0,0,-1,inf,0,-1,0,0,-1,0,0,7600,0,0,0,2456,5144,1.5456970052763614,3.4980015524828243,False
intersection_turn,P2,15010,50,5.0,1.0,18.465701243026018,14.72403780401211,0.009574443603300738,2.2614855272116717e-15,999999999.9999979,42.696666666666665,42.696666666666665,5.363333333333335,3.9550147740798045,inf,0,0,0,0,-1,inf,0,-1,0,0,-1,0,0,7600,0,0,0,2458,5142,1.5456970052763614,3.4980015524828243,False
intersection_turn,P3,15010,50,5.0,1.0,18.465701243026018,14.72403780401211,0.009574443603300738,2.2614855272116717e-15,999999999.9999979,42.696666666666665,42.696666666666665,5.363333333333335,3.9550147740798045,inf,0,0,0,0,-1,inf,0,-1,0,0,-1,0,0,7600,0,0,0,2458,5142,1.5456970052763614,3.4980015524828243,False
intersection_turn,P4,15010,50,5.0,1.0,18.465701243026018,14.72403780401211,0.009574443603300738,2.2614855272116717e-15,999999999.9999979,42.696666666666665,42.696666666666665,5.363333333333335,3.9550147740798045,inf,0,0,0,0,-1,inf,0,-1,0,0,-1,0,0,7600,0,0,0,2458,5142,1.5456970052763614,3.4980015524828243,False
intersection_turn,P0,15011,50,5.0,1.0,18.46556343157403,14.72403780401211,0.009574559495955566,2.2614855272116717e-15,999999999.9999979,42.71999999999998,42.71999999999998,5.340262165849186,3.9550147740798045,inf,0,0,0,0,-1,inf,0,-1,0,0,-1,0,0,7600,0,0,0,2292,5308,1.5636106186991803,3.515793623321699,False
intersection_turn,P1,15011,50,5.0,1.0,18.465437467762744,14.72403780401211,0.009574620932003466,2.2614855272116717e-15,999999999.9999979,42.719999999999985,42.719999999999985,5.340262165849179,3.9550147740798045,inf,0,0,0,0,-1,inf,0,-1,0,0,-1,0,0,7600,0,0,0,2293,5307,1.5636106186991803,3.515793623321699,False
intersection_turn,P2,15011,50,5.0,1.0,18.46556343157403,14.72403780401211,0.009574559495955566,2.2614855272116717e-15,999999999.9999979,42.71999999999998,42.71999999999998,5.340262165849186,3.9550147740798045,inf,0,0,0,0,-1,inf,0,-1,0,0,-1,0,0,7600,0,0,0,2292,5308,1.5636106186991803,3.515793623321699,False
intersection_turn,P3,15011,50,5.0,1.0,18.46556343157403,14.72403780401211,0.009574559495955566,2.2614855272116717e-15,999999999.9999979,42.71999999999998,42.71999999999998,5.340262165849186,3.9550147740798045,inf,0,0,0,0,-1,inf,0,-1,0,0,-1,0,0,7600,0,0,0,2292,5308,1.5636106186991803,3.515793623321699,False
intersection_turn,P4,15011,50,5.0,1.0,18.46556343157403,14.72403780401211,0.009574559495955566,2.2614855272116717e-15,999999999.9999979,42.71999999999998,42.71999999999998,5.340262165849186,3.9550147740798045,inf,0,0,0,0,-1,inf,0,-1,0,0,-1,0,0,7600,0,0,0,2292,5308,1.5636106186991803,3.515793623321699,False
intersection_turn,P0,15012,50,5.0,1.0,18.464610931172945,14.72403780401211,0.009575781309077045,2.2614855272116717e-15,999999999.9999979,42.76,42.76,5.300716932642227,3.9550147740798045,inf,0,0,0,0,-1,inf,0,-1,0,0,-1,0,0,7600,0,0,0,2414,5186,1.4832489623529344,3.378397289049119,False
intersection_turn,P1,15012,50,5.0,1.0,18.464610931172945,14.72403780401211,0.009575781309077045,2.2614855272116717e-15,999999999.9999979,42.76,42.76,5.300716932642227,3.9550147740798045,inf,0,0,0,0,-1,inf,0,-1,0,0,-1,0,0,7600,0,0,0,2414,5186,1.4832489623529344,3.378397289049119,False
intersection_turn,P2,15012,50,5.0,1.0,18.464610931172945,14.72403780401211,0.009575781309077045,2.2614855272116717e-15,999999999.9999979,42.76,42.76,5.300716932642227,3.9550147740798045,inf,0,0,0,0,-1,inf,0,-1,0,0,-1,0,0,7600,0,0,0,2414,5186,1.4832489623529344,3.378397289049119,False
intersection_turn,P3,15012,50,5.0,1.0,18.464610931172945,14.72403780401211,0.009575781309077045,2.2614855272116717e-15,999999999.9999979,42.76,42.76,5.300716932642227,3.9550147740798045,inf,0,0,0,0,-1,inf,0,-1,0,0,-1,0,0,7600,0,0,0,2414,5186,1.4832489623529344,3.378397289049119,False
intersection_turn,P4,15012,50,5.0,1.0,18.464610931172945,14.72403780401211,0.009575781309077045,2.2614855272116717e-15,999999999.9999979,42.76,42.76,5.300716932642227,3.9550147740798045,inf,0,0,0,0,-1,inf,0,-1,0,0,-1,0,0,7600,0,0,0,2414,5186,1.4832489623529344,3.378397289049119,False
intersection_turn,P0,15013,50,5.0,1.0,18.46264225068368,14.72403780401211,0.009575976762149205,2.2614855272116717e-15,999999999.9999979,42.613333333333316,42.613333333333316,5.445748596637378,3.9550147740798045,inf,0,0,0,0,-1,inf,0,-1,0,0,-1,0,0,7600,0,0,0,2392,5208,1.4959453308662753,3.465446967016718,False
intersection_turn,P1,15013,50,5.0,1.0,18.461959933951917,14.72403780401211,0.009576314079579342,2.2614855272116717e-15,999999999.9999979,42.58999999999999,42.58999999999999,5.468829856559822,3.9550147740798045,inf,0,0,0,0,-1,inf,0,-1,0,0,-1,0,0,7600,0,0,0,2390,5210,1.4959453308662753,3.465446967016718,False
intersection_turn,P2,15013,50,5.0,1.0,18.46264225068368,14.72403780401211,0.009575976762149205,2.2614855272116717e-15,999999999.9999979,42.613333333333316,42.613333333333316,5.445748596637378,3.9550147740798045,inf,0,0,0,0,-1,inf,0,-1,0,0,-1,0,0,7600,0,0,0,2392,5208,1.4959453308662753,3.465446967016718,False
intersection_turn,P3,15013,50,5.0,1.0,18.46264225068368,14.72403780401211,0.009575976762149205,2.2614855272116717e-15,999999999.9999979,42.613333333333316,42.613333333333316,5.445748596637378,3.9550147740798045,inf,0,0,0,0,-1,inf,0,-1,0,0,-1,0,0,7600,0,0,0,2392,5208,1.4959453308662753,3.465446967016718,False
intersection_turn,P4,15013,50,5.0,1.0,18.46264225068368,14.72403780401211,0.009575976762149205,2.2614855272116717e-15,999999999.9999979,42.613333333333316,42.613333333333316,5.445748596637378,3.9550147740798045,inf,0,0,0,0,-1,inf,0,-1,0,0,-1,0,0,7600,0,0,0,2392,5208,1.4959453308662753,3.465446967016718,False
intersection_turn,P0,15014,50,5.0,1.0,18.464184345105615,14.72403780401211,0.009575632826465695,2.2614855272116717e-15,999999999.9999979,42.67,42.67,5.389703145814246,3.9550147740798045,inf,0,0,0,0,-1,inf,0,-1,0,0,-1,0,0,7600,0,0,0,2385,5215,1.3930366724141978,3.2661260145222544,False
intersection_turn,P1,15014,50,5.0,1.0,18.464184345105615,14.72403780401211,0.009575632826465695,2.2614855272116717e-15,999999999.9999979,42.67,42.67,5.389703145814246,3.9550147740798045,inf,0,0,0,0,-1,inf,0,-1,0,0,-1,0,0,7600,0,0,0,2385,5215,1.3930366724141978,3.2661260145222544,False
intersection_turn,P2,15014,50,5.0,1.0,18.464184345105615,14.72403780401211,0.009575632826465695,2.2614855272116717e-15,999999999.9999979,42.67,42.67,5.389703145814246,3.9550147740798045,inf,0,0,0,0,-1,inf,0,-1,0,0,-1,0,0,7600,0,0,0,2385,5215,1.3930366724141978,3.2661260145222544,False
intersection_turn,P3,15014,50,5.0,1.0,18.464184345105615,14.72403780401211,0.009575632826465695,2.2614855272116717e-15,999999999.9999979,42.67,42.67,5.389703145814246,3.9550147740798045,inf,0,0,0,0,-1,inf,0,-1,0,0,-1,0,0,7600,0,0,0,2385,5215,1.3930366724141978,3.2661260145222544,False
intersection_turn,P4,15014,50,5.0,1.0,18.464184345105615,14.72403780401211,0.009575632826465695,2.2614855272116717e-15,999999999.9999979,42.67,42.67,5.389703145814246,3.9550147740798045,inf,0,0,0,0,-1,inf,0,-1,0,0,-1,0,0,7600,0,0,0,2385,5215,1.3930366724141978,3.2661260145222544,False
intersection_turn,P0,15015,50,5.0,1.0,18.460311746796933,14.72403780401211,0.00957765519739637,2.2614855272116717e-15,999999999.9999979,42.65999999999999,42.65999999999999,5.399592577222851,3.9550147740798045,inf,0,0,0,0,-1,inf,0,-1,0,0,-1,0,0,7600,0,0,0,2321,5279,1.6304225320712176,3.6134589648228355,False
intersection_turn,P1,15015,50,5.0,1.0,18.458088937477907,14.72403780401211,0.009578887140104568,2.2614855272116717e-15,999999999.9999979,42.62999999999999,42.62999999999999,5.42926330177494,3.9550147740798045,inf,0,0,0,0,-1,inf,0,-1,0,0,-1,0,0,7600,0,0,0,2309,5291,1.6304225320712176,3.6134589648228355,False
intersection_turn,P2,15015,50,5.0,1.0,18.460311746796933,14.72403780401211,0.00957765519739637,2.2614855272116717e-15,999999999.9999979,42.65999999999999,42.65999999999999,5.399592577222851,3.9550147740798045,inf,0,0,0,0,-1,inf,0,-1,0,0,-1,0,0,7600,0,0,0,2321,5279,1.6304225320712176,3.6134589648228355,False
intersection_turn,P3,15015,50,5.0,1.0,18.460311746796933,14.72403780401211,0.00957765519739637,2.2614855272116717e-15,999999999.9999979,42.65999999999999,42.65999999999999,5.399592577222851,3.9550147740798045,inf,0,0,0,0,-1,inf,0,-1,0,0,-1,0,0,7600,0,0,0,2321,5279,1.6304225320712176,3.6134589648228355,False
intersection_turn,P4,15015,50,5.0,1.0,18.460311746796933,14.72403780401211,0.00957765519739637,2.2614855272116717e-15,999999999.9999979,42.65999999999999,42.65999999999999,5.399592577222851,3.9550147740798045,inf,0,0,0,0,-1,inf,0,-1,0,0,-1,0,0,7600,0,0,0,2321,5279,1.6304225320712176,3.6134589648228355,False
intersection_turn,P0,15016,50,5.0,1.0,18.461305586504025,14.72403780401211,0.009576776475329065,2.2614855272116717e-15,999999999.9999979,42.60666666666666,42.60666666666666,5.452343023365688,3.9550147740798045,inf,0,0,0,0,-1,inf,0,-1,0,0,-1,0,0,7600,0,0,0,2299,5301,1.5718591228631373,3.489412540494337,False
intersection_turn,P1,15016,50,5.0,1.0,18.460816474798506,14.72403780401211,0.009577008356656067,2.2614855272116717e-15,999999999.9999979,42.57999999999999,42.57999999999999,5.47872247882662,3.9550147740798045,inf,0,0,0,0,-1,inf,0,-1,0,0,-1,0,0,7600,0,0,0,2292,5308,1.5718591228631373,3.489412540494337,False
intersection_turn,P2,15016,50,5.0,1.0,18.461305586504025,14.72403780401211,0.009576776475329065,2.2614855272116717e-15,999999999.9999979,42.60666666666666,42.60666666666666,5.452343023365688,3.9550147740798045,inf,0,0,0,0,-1,inf,0,-1,0,0,-1,0,0,7600,0,0,0,2299,5301,1.5718591228631373,3.489412540494337,False
intersection_turn,P3,15016,50,5.0,1.0,18.461305586504025,14.72403780401211,0.009576776475329065,2.2614855272116717e-15,999999999.9999979,42.60666666666666,42.60666666666666,5.452343023365688,3.9550147740798045,inf,0,0,0,0,-1,inf,0,-1,0,0,-1,0,0,7600,0,0,0,2299,5301,1.5718591228631373,3.489412540494337,False
intersection_turn,P4,15016,50,5.0,1.0,18.461305586504025,14.72403780401211,0.009576776475329065,2.2614855272116717e-15,999999999.9999979,42.60666666666666,42.60666666666666,5.452343023365688,3.9550147740798045,inf,0,0,0,0,-1,inf,0,-1,0,0,-1,0,0,7600,0,0,0,2299,5301,1.5718591228631373,3.489412540494337,False
intersection_turn,P0,15017,50,5.0,1.0,18.463880683488092,14.72403780401211,0.009575319964617645,2.2614855272116717e-15,999999999.9999979,42.649999999999984,42.649999999999984,5.409482415166923,3.9550147740798045,inf,0,0,0,0,-1,inf,0,-1,0,0,-1,0,0,7600,0,0,0,2409,5191,1.52269213325376,3.4426984879084,False
intersection_turn,P1,15017,50,5.0,1.0,18.462201685371802,14.72403780401211,0.009576202339190936,2.2614855272116717e-15,999999999.9999979,42.609999999999985,42.609999999999985,5.449045788025658,3.9550147740798045,inf,0,0,0,0,-1,inf,0,-1,0,0,-1,0,0,7600,0,0,0,2403,5197,1.52269213325376,3.4426984879084,False
intersection_turn,P2,15017,50,5.0,1.0,18.463880683488092,14.72403780401211,0.009575319964617645,2.2614855272116717e-15,999999999.9999979,42.649999999999984,42.649999999999984,5.409482415166923,3.9550147740798045,inf,0,0,0,0,-1,inf,0,-1,0,0,-1,0,0,7600,0,0,0,2409,5191,1.52269213325376,3.4426984879084,False
intersection_turn,P3,15017,50,5.0,1.0,18.463880683488092,14.72403780401211,0.009575319964617645,2.2614855272116717e-15,999999999.9999979,42.649999999999984,42.649999999999984,5.409482415166923,3.9550147740798045,inf,0,0,0,0,-1,inf,0,-1,0,0,-1,0,0,7600,0,0,0,2409,5191,1.52269213325376,3.4426984879084,False
intersection_turn,P4,15017,50,5.0,1.0,18.463880683488092,14.72403780401211,0.009575319964617645,2.2614855272116717e-15,999999999.9999979,42.649999999999984,42.649999999999984,5.409482415166923,3.9550147740798045,inf,0,0,0,0,-1,inf,0,-1,0,0,-1,0,0,7600,0,0,0,2409,5191,1.52269213325376,3.4426984879084,False
intersection_turn,P0,15018,50,5.0,1.0,18.102755004194382,14.72403780401211,0.010382724352379547,2.3539172866445954e-15,999999999.9999976,41.86666666666665,41.86666666666665,6.185287202529722,4.5736061965307435,inf,0,0,0,0,-1,inf,0,-1,0,0,-1,0,0,7600,0,0,0,2123,5477,1.561547592606322,3.4951397003472353,False
intersection_turn,P1,15018,50,5.0,1.0,17.976711653925896,14.72403780401211,0.010699443553275656,2.3724918240518642e-15,999999999.9999976,41.509999999999955,41.509999999999955,6.539120736001177,4.789682321088468,inf,0,0,0,0,-1,inf,0,-1,0,0,-1,0,0,7600,0,0,0,1967,5633,1.561547592606322,3.4951397003472353,False
intersection_turn,P2,15018,50,5.0,1.0,18.102755004194382,14.72403780401211,0.010382724352379547,2.3539172866445954e-15,999999999.9999976,41.86666666666665,41.86666666666665,6.185287202529722,4.5736061965307435,inf,0,0,0,0,-1,inf,0,-1,0,0,-1,0,0,7600,0,0,0,2123,5477,1.561547592606322,3.4951397003472353,False
intersection_turn,P3,15018,50,5.0,1.0,18.102755004194382,14.72403780401211,0.010382724352379547,2.3539172866445954e-15,999999999.9999976,41.86666666666665,41.86666666666665,6.185287202529722,4.5736061965307435,inf,0,0,0,0,-1,inf,0,-1,0,0,-1,0,0,7600,0,0,0,2123,5477,1.561547592606322,3.4951397003472353,False
intersection_turn,P4,15018,50,5.0,1.0,18.102755004194382,14.72403780401211,0.010382724352379547,2.3539172866445954e-15,999999999.9999976,41.86666666666665,41.86666666666665,6.185287202529722,4.5736061965307435,inf,0,0,0,0,-1,inf,0,-1,0,0,-1,0,0,7600,0,0,0,2123,5477,1.561547592606322,3.4951397003472353,False
intersection_turn,P0,15019,50,5.0,1.0,18.464853387749084,14.72403780401211,0.009574918655668783,2.2614855272116717e-15,999999999.9999979,42.72,42.72,5.340262165849165,3.9550147740798045,inf,0,0,0,0,-1,inf,0,-1,0,0,-1,0,0,7600,0,0,0,2331,5269,1.5743522403351407,3.4794510814667836,False
intersection_turn,P1,15019,50,5.0,1.0,18.46484513808628,14.72403780401211,0.00957494262112258,2.2614855272116717e-15,999999999.9999979,42.72999999999999,42.72999999999999,5.3303752213141715,3.9550147740798045,inf,0,0,0,0,-1,inf,0,-1,0,0,-1,0,0,7600,0,0,0,2331,5269,1.5743522403351407,3.4794510814667836,False
intersection_turn,P2,15019,50,5.0,1.0,18.464853387749084,14.72403780401211,0.009574918655668783,2.2614855272116717e-15,999999999.9999979,42.72,42.72,5.340262165849165,3.9550147740798045,inf,0,0,0,0,-1,inf,0,-1,0,0,-1,0,0,7600,0,0,0,2331,5269,1.5743522403351407,3.4794510814667836,False
intersection_turn,P3,15019,50,5.0,1.0,18.464853387749084,14.72403780401211,0.009574918655668783,2.2614855272116717e-15,999999999.9999979,42.72,42.72,5.340262165849165,3.9550147740798045,inf,0,0,0,0,-1,inf,0,-1,0,0,-1,0,0,7600,0,0,0,2331,5269,1.5743522403351407,3.4794510814667836,False
intersection_turn,P4,15019,50,5.0,1.0,18.464853387749084,14.72403780401211,0.009574918655668783,2.2614855272116717e-15,999999999.9999979,42.72,42.72,5.340262165849165,3.9550147740798045,inf,0,0,0,0,-1,inf,0,-1,0,0,-1,0,0,7600,0,0,0,2331,5269,1.5743522403351407,3.4794510814667836,False
occluding_cut_in,P0,15000,50,5.0,1.0,11.267888282720728,7.327224075401506,0.2107706627715266,0.00021432353040528015,999785676.4695947,17.087302883832308,17.087302883832308,19.431160541768985,11.331044181969368,1.912697116167692,0,0,0,0,-1,inf,0,-1,0,0,-1,0,0,7600,182,0,3814,0,3604,1.8029692480110322,4.140925597920948,False
occluding_cut_in,P1,15000,50,5.0,1.0,11.317783592570613,7.340924320324938,0.20800412073676305,0.00020844263878270109,999791557.3612175,17.121780353335406,17.116962367430588,19.431160541768985,11.331044181969368,1.88314773956537,0,0,0,0,-1,inf,0,-1,0,0,-1,0,0,7600,257,0,3763,0,3580,1.8029692480110322,4.140925597920948,False
occluding_cut_in,P2,15000,50,5.0,1.0,11.281172157870188,7.340688870815291,0.2097296356476733,0.00020990463374568333,999790095.3662541,17.08730288383231,17.086426541833706,19.431160541768985,11.331044181969368,1.9135771939595783,0,0,0,0,-1,inf,0,-1,0,0,-1,0,0,7600,192,0,3804,0,3604,1.8029692480110322,4.140925597920948,False
occluding_cut_in,P3,15000,50,5.0,1.0,11.234115978422913,7.347532739074193,0.2132565692115898,0.0002082773269617516,999791722.6730384,17.09672071521911,17.09343247158598,19.431160541768985,11.331044181969368,1.9092338673411526,0,0,0,0,-1,inf,0,-1,0,0,-1,0,0,7600,216,0,3784,0,3600,1.8029692480110322,4.140925597920948,False
occluding_cut_in,P4,15000,50,5.0,1.0,11.267888282720728,7.327224075401506,0.2107706627715266,0.00021432353040528015,999785676.4695947,17.087302883832308,17.087302883832308,19.431160541768985,11.331044181969368,1.912697116167692,0,0,0,0,-1,inf,0,-1,0,0,-1,0,0,7600,182,0,3814,0,3604,1.8029692480110322,4.140925597920948,False
occluding_cut_in,P0,15001,50,5.0,1.0,11.267888282720728,7.327224075401506,0.2107706627715266,0.00021432353040528015,999785676.4695947,17.087302883832308,17.087302883832308,19.431160541768985,11.331044181969368,1.912697116167692,0,0,0,0,-1,inf,0,-1,0,0,-1,0,0,7600,182,0,3814,0,3604,1.8770559585775786,4.391566502196141,False
occluding_cut_in,P1,15001,50,5.0,1.0,11.308998829511795,7.347120509100741,0.20861593368995265,0.00020749174905207977,999792508.2509481,17.087302883832308,17.0846002770323,19.430094201262467,11.331044181969368,1.9154212449517773,0,0,0,0,-1,inf,0,-1,0,0,-1,0,0,7600,254,0,3742,0,3604,1.8770559585775786,4.391566502196141,False
occluding_cut_in,P2,15001,50,5.0,1.0,11.277123624067267,7.331337482424192,0.21035847978845165,0.00021300644759230826,999786993.5524075,17.087302883832304,17.08682042164354,19.430094201262467,11.331044181969368,1.913193285685995,0,0,0,0,-1,inf,0,-1,0,0,-1,0,0,7600,207,0,3789,0,3604,1.8770559585775786,4.391566502196141,False
occluding_cut_in,P3,15001,50,5.0,1.0,11.272727078473352,7.347277451802598,0.21016357905894725,0.00020785407926597092,999792145.920734,17.087302883832304,17.086958375649086,19.431160541768985,11.331044181969368,1.913149005085399,0,0,0,0,-1,inf,0,-1,0,0,-1,0,0,7600,191,0,3805,0,3604,1.8770559585775786,4.391566502196141,False
occluding_cut_in,P4,15001,50,5.0,1.0,11.267888282720728,7.327224075401506,0.2107706627715266,0.00021432353040528015,999785676.4695947,17.087302883832308,17.087302883832308,19.431160541768985,11.331044181969368,1.912697116167692,0,0,0,0,-1,inf,0,-1,0,0,-1,0,0,7600,182,0,3814,0,3604,1.8770559585775786,4.391566502196141,False
occluding_cut_in,P0,15002,50,5.0,1.0,11.267888282720728,7.327224075401506,0.2107706627715266,0.00021432353040528015,999785676.4695947,17.087302883832308,17.087302883832308,19.431160541768985,11.331044181969368,1.912697116167692,0,0,0,0,-1,inf,0,-1,0,0,-1,0,0,7600,182,0,3814,0,3604,1.9844408763674926,4.409632679218499,False
occluding_cut_in,P1,15002,50,5.0,1.0,11.317319119307221,7.34927735771918,0.20786128060150882,0.00020631348633499947,999793686.5136652,17.121780353335414,17.11729961532519,19.430094201262467,11.331044181969368,1.8829699810294924,0,0,0,0,-1,inf,0,-1,0,0,-1,0,0,7600,274,0,3745,0,3581,1.9844408763674926,4.409632679218499,False
occluding_cut_in,P2,15002,50,5.0,1.0,11.279361912896213,7.332113693679981,0.2100884834712571,0.00021137485237719998,999788625.147623,17.087302883832304,17.08669665353498,19.430094201262467,11.331044181969368,1.9133038564810327,0,0,0,0,-1,inf,0,-1,0,0,-1,0,0,7600,207,0,3789,0,3604,1.9844408763674926,4.409632679218499,False
occluding_cut_in,P3,15002,50,5.0,1.0,11.271959506513124,7.335881601140441,0.21027690254954082,0.00021045185835408037,999789548.1416459,17.087302883832308,17.087194917016916,19.431160541768985,11.331044181969368,1.9128245916561997,0,0,0,0,-1,inf,0,-1,0,0,-1,0,0,7600,182,0,3814,0,3604,1.9844408763674926,4.409632679218499,False
occluding_cut_in,P4,15002,50,5.0,1.0,11.267888282720728,7.327224075401506,0.2107706627715266,0.00021432353040528015,999785676.4695947,17.087302883832308,17.087302883832308,19.431160541768985,11.331044181969368,1.912697116167692,0,0,0,0,-1,inf,0,-1,0,0,-1,0,0,7600,182,0,3814,0,3604,1.9844408763674926,4.409632679218499,False
occluding_cut_in,P0,15003,50,5.0,1.0,11.267888282720728,7.327224075401506,0.2107706627715266,0.00021432353040528015,999785676.4695947,17.087302883832308,17.087302883832308,19.431160541768985,11.331044181969368,1.912697116167692,0,0,0,0,-1,inf,0,-1,0,0,-1,0,0,7600,182,0,3814,0,3604,1.7815224882299439,4.111772128384117,False
occluding_cut_in,P1,15003,50,5.0,1.0,11.317737018469153,7.347697923399429,0.20786527404869443,0.00020669870706799598,999793301.292932,17.1217803533354,17.11722384637169,19.430094201262467,11.331044181969368,1.8830018139341327,0,0,0,0,-1,inf,0,-1,0,0,-1,0,0,7600,265,0,3754,0,3581,1.7815224882299439,4.111772128384117,False
occluding_cut_in,P2,15003,50,5.0,1.0,11.237984396402712,7.348411669860199,0.2133351507000627,0.00020808773445762889,999791912.2655423,17.096720715219103,17.092765427591445,19.430094201262467,11.331044181969368,1.9095319180822474,0,0,0,0,-1,inf,0,-1,0,0,-1,0,0,7600,241,0,3759,0,3600,1.7815224882299439,4.111772128384117,False
occluding_cut_in,P3,15003,50,5.0,1.0,11.234115978422913,7.347532739074193,0.2132565692115898,0.0002082773269617516,999791722.6730384,17.09672071521911,17.09343247158598,19.431160541768985,11.331044181969368,1.9092338673411526,0,0,0,0,-1,inf,0,-1,0,0,-1,0,0,7600,216,0,3784,0,3600,1.7815224882299439,4.111772128384117,False
occluding_cut_in,P4,15003,50,5.0,1.0,11.267888282720728,7.327224075401506,0.2107706627715266,0.00021432353040528015,999785676.4695947,17.087302883832308,17.087302883832308,19.431160541768985,11.331044181969368,1.912697116167692,0,0,0,0,-1,inf,0,-1,0,0,-1,0,0,7600,182,0,3814,0,3604,1.7815224882299439,4.111772128384117,False
occluding_cut_in,P0,15004,50,5.0,1.0,11.267888282720728,7.327224075401506,0.2107706627715266,0.00021432353040528015,999785676.4695947,17.087302883832308,17.087302883832308,19.431160541768985,11.331044181969368,1.912697116167692,0,0,0,0,-1,inf,0,-1,0,0,-1,0,0,7600,182,0,3814,0,3604,1.8528979945337958,4.179216941300658,False
occluding_cut_in,P1,15004,50,5.0,1.0,11.317783592570613,7.340924320324938,0.20800412073676305,0.00020844263878270109,999791557.3612175,17.121780353335406,17.116962367430588,19.431160541768985,11.331044181969368,1.88314773956537,0,0,0,0,-1,inf,0,-1,0,0,-1,0,0,7600,257,0,3763,0,3580,1.8528979945337958,4.179216941300658,False
occluding_cut_in,P2,15004,50,5.0,1.0,11.311378602159753,7.349014587157961,0.2079716628434389,0.00020637574603807663,999793624.2539618,17.121780353335414,17.117622715201758,19.431160541768985,11.331044181969368,1.8824849619202388,0,0,0,0,-1,inf,0,-1,0,0,-1,0,0,7600,237,0,3784,0,3579,1.8528979945337958,4.179216941300658,False
occluding_cut_in,P3,15004,50,5.0,1.0,11.271959506513124,7.335881601140441,0.21027690254954082,0.00021045185835408037,999789548.1416459,17.087302883832308,17.087194917016916,19.431160541768985,11.331044181969368,1.9128245916561997,0,0,0,0,-1,inf,0,-1,0,0,-1,0,0,7600,182,0,3814,0,3604,1.8528979945337958,4.179216941300658,False
occluding_cut_in,P4,15004,50,5.0,1.0,11.267888282720728,7.327224075401506,0.2107706627715266,0.00021432353040528015,999785676.4695947,17.087302883832308,17.087302883832308,19.431160541768985,11.331044181969368,1.912697116167692,0,0,0,0,-1,inf,0,-1,0,0,-1,0,0,7600,182,0,3814,0,3604,1.8528979945337958,4.179216941300658,False
occluding_cut_in,P0,15005,50,5.0,1.0,11.267888282720728,7.327224075401506,0.2107706627715266,0.00021432353040528015,999785676.4695947,17.087302883832308,17.087302883832308,19.431160541768985,11.331044181969368,1.912697116167692,0,0,0,0,-1,inf,0,-1,0,0,-1,0,0,7600,182,0,3814,0,3604,1.7461476271457061,4.0820762434835,False
occluding_cut_in,P1,15005,50,5.0,1.0,11.281172157870188,7.340688870815291,0.2097296356476733,0.00020990463374568333,999790095.3662541,17.08730288383231,17.086426541833706,19.431160541768985,11.331044181969368,1.9135771939595783,0,0,0,0,-1,inf,0,-1,0,0,-1,0,0,7600,192,0,3804,0,3604,1.7461476271457061,4.0820762434835,False
occluding_cut_in,P2,15005,50,5.0,1.0,11.267888282720728,7.327224075401506,0.2107706627715266,0.00021432353040528015,999785676.4695947,17.087302883832308,17.087302883832308,19.431160541768985,11.331044181969368,1.912697116167692,0,0,0,0,-1,inf,0,-1,0,0,-1,0,0,7600,182,0,3814,0,3604,1.7461476271457061,4.0820762434835,False
occluding_cut_in,P3,15005,50,5.0,1.0,11.271959506513124,7.335881601140441,0.21027690254954082,0.00021045185835408037,999789548.1416459,17.087302883832308,17.087194917016916,19.431160541768985,11.331044181969368,1.9128245916561997,0,0,0,0,-1,inf,0,-1,0,0,-1,0,0,7600,182,0,3814,0,3604,1.7461476271457061,4.0820762434835,False
occluding_cut_in,P4,15005,50,5.0,1.0,11.267888282720728,7.327224075401506,0.2107706627715266,0.00021432353040528015,999785676.4695947,17.087302883832308,17.087302883832308,19.431160541768985,11.331044181969368,1.912697116167692,0,0,0,0,-1,inf,0,-1,0,0,-1,0,0,7600,182,0,3814,0,3604,1.7461476271457061,4.0820762434835,False
occluding_cut_in,P0,15006,50,5.0,1.0,11.267888282720728,7.327224075401506,0.2107706627715266,0.00021432353040528015,999785676.4695947,17.087302883832308,17.087302883832308,19.431160541768985,11.331044181969368,1.912697116167692,0,0,0,0,-1,inf,0,-1,0,0,-1,0,0,7600,182,0,3814,0,3604,1.8288023278894938,4.204243865628658,False
occluding_cut_in,P1,15006,50,5.0,1.0,11.30815976414788,7.346969508872786,0.20870055795720902,0.00020762557142257526,999792374.4285775,17.087302883832322,17.08472641182488,19.430048105437574,11.331044181969368,1.91531324796778,0,0,0,0,-1,inf,0,-1,0,0,-1,0,0,7600,260,0,3736,0,3604,1.8288023278894938,4.204243865628658,False
occluding_cut_in,P2,15006,50,5.0,1.0,11.237443136743446,7.348496364291064,0.21337678219934827,0.00020807168041350188,999791928.3195865,17.096720715219117,17.092725783096938,19.430048105437574,11.331044181969368,1.9095945638237422,0,0,0,0,-1,inf,0,-1,0,0,-1,0,0,7600,242,0,3758,0,3600,1.8288023278894938,4.204243865628658,False
occluding_cut_in,P3,15006,50,5.0,1.0,11.234115978422913,7.347532739074193,0.2132565692115898,0.0002082773269617516,999791722.6730384,17.09672071521911,17.09343247158598,19.431160541768985,11.331044181969368,1.9092338673411526,0,0,0,0,-1,inf,0,-1,0,0,-1,0,0,7600,216,0,3784,0,3600,1.8288023278894938,4.204243865628658,False
occluding_cut_in,P4,15006,50,5.0,1.0,11.267888282720728,7.327224075401506,0.2107706627715266,0.00021432353040528015,999785676.4695947,17.087302883832308,17.087302883832308,19.431160541768985,11.331044181969368,1.912697116167692,0,0,0,0,-1,inf,0,-1,0,0,-1,0,0,7600,182,0,3814,0,3604,1.8288023278894938,4.204243865628658,False
occluding_cut_in,P0,15007,50,5.0,1.0,11.267888282720728,7.327224075401506,0.2107706627715266,0.00021432353040528015,999785676.4695947,17.087302883832308,17.087302883832308,19.431160541768985,11.331044181969368,1.912697116167692,0,0,0,0,-1,inf,0,-1,0,0,-1,0,0,7600,182,0,3814,0,3604,1.9923192698093404,4.504491166825627,False
occluding_cut_in,P1,15007,50,5.0,1.0,11.317783592570613,7.340924320324938,0.20800412073676305,0.00020844263878270109,999791557.3612175,17.121780353335406,17.116962367430588,19.431160541768985,11.331044181969368,1.88314773956537,0,0,0,0,-1,inf,0,-1,0,0,-1,0,0,7600,257,0,3763,0,3580,1.9923192698093404,4.504491166825627,False
occluding_cut_in,P2,15007,50,5.0,1.0,11.271959506513124,7.335881601140441,0.21027690254954082,0.00021045185835408037,999789548.1416459,17.087302883832308,17.087194917016916,19.431160541768985,11.331044181969368,1.9128245916561997,0,0,0,0,-1,inf,0,-1,0,0,-1,0,0,7600,182,0,3814,0,3604,1.9923192698093404,4.504491166825627,False
occluding_cut_in,P3,15007,50,5.0,1.0,11.271959506513124,7.335881601140441,0.21027690254954082,0.00021045185835408037,999789548.1416459,17.087302883832308,17.087194917016916,19.431160541768985,11.331044181969368,1.9128245916561997,0,0,0,0,-1,inf,0,-1,0,0,-1,0,0,7600,182,0,3814,0,3604,1.9923192698093404,4.504491166825627,False
occluding_cut_in,P4,15007,50,5.0,1.0,11.267888282720728,7.327224075401506,0.2107706627715266,0.00021432353040528015,999785676.4695947,17.087302883832308,17.087302883832308,19.431160541768985,11.331044181969368,1.912697116167692,0,0,0,0,-1,inf,0,-1,0,0,-1,0,0,7600,182,0,3814,0,3604,1.9923192698093404,4.504491166825627,False
occluding_cut_in,P0,15008,50,5.0,1.0,11.267888282720728,7.327224075401506,0.2107706627715266,0.00021432353040528015,999785676.4695947,17.087302883832308,17.087302883832308,19.431160541768985,11.331044181969368,1.912697116167692,0,0,0,0,-1,inf,0,-1,0,0,-1,0,0,7600,182,0,3814,0,3604,1.7478089931394922,4.076344253157223,False
occluding_cut_in,P1,15008,50,5.0,1.0,11.30374712546382,7.351436410970007,0.2084816638955532,0.0002060536343597253,999793946.3656402,17.109263734065532,17.10706766941568,19.430094201262467,11.331044181969368,1.8929331610133158,0,0,0,0,-1,inf,0,-1,0,0,-1,0,0,7600,229,0,3780,0,3591,1.7478089931394922,4.076344253157223,False
occluding_cut_in,P2,15008,50,5.0,1.0,11.242095386263324,7.3487750725582055,0.21339878044954438,0.00020804090547800493,999791959.094522,17.096720715219114,17.092146062856212,19.42906718105352,11.331044181969368,1.9097912970261546,0,0,0,0,-1,inf,0,-1,0,0,-1,0,0,7600,276,0,3732,0,3592,1.7478089931394922,4.076344253157223,False
occluding_cut_in,P3,15008,50,5.0,1.0,11.234115978422913,7.347532739074193,0.2132565692115898,0.0002082773269617516,999791722.6730384,17.09672071521911,17.09343247158598,19.431160541768985,11.331044181969368,1.9092338673411526,0,0,0,0,-1,inf,0,-1,0,0,-1,0,0,7600,216,0,3784,0,3600,1.7478089931394922,4.076344253157223,False
occluding_cut_in,P4,15008,50,5.0,1.0,11.267888282720728,7.327224075401506,0.2107706627715266,0.00021432353040528015,999785676.4695947,17.087302883832308,17.087302883832308,19.431160541768985,11.331044181969368,1.912697116167692,0,0,0,0,-1,inf,0,-1,0,0,-1,0,0,7600,182,0,3814,0,3604,1.7478089931394922,4.076344253157223,False
occluding_cut_in,P0,15009,50,5.0,1.0,11.267888282720728,7.327224075401506,0.2107706627715266,0.00021432353040528015,999785676.4695947,17.087302883832308,17.087302883832308,19.431160541768985,11.331044181969368,1.912697116167692,0,0,0,0,-1,inf,0,-1,0,0,-1,0,0,7600,182,0,3814,0,3604,1.820219105147202,4.255274162271365,False
occluding_cut_in,P1,15009,50,5.0,1.0,11.30800178977677,7.346872248129354,0.20871911225034864,0.0002076778875018899,999792322.112498,17.087302883832308,17.084761037695827,19.430048105437574,11.331044181969368,1.9152843159252089,0,0,0,0,-1,inf,0,-1,0,0,-1,0,0,7600,264,0,3732,0,3604,1.820219105147202,4.255274162271365,False
occluding_cut_in,P2,15009,50,5.0,1.0,11.277324979066798,7.331814707253029,0.21033295076224431,0.00021284964618616586,999787150.3538138,17.087302883832315,17.086798357056182,19.430048105437574,11.331044181969368,1.9132136360357044,0,0,0,0,-1,inf,0,-1,0,0,-1,0,0,7600,208,0,3788,0,3604,1.820219105147202,4.255274162271365,False
occluding_cut_in,P3,15009,50,5.0,1.0,11.271959506513124,7.335881601140441,0.21027690254954082,0.00021045185835408037,999789548.1416459,17.087302883832308,17.087194917016916,19.431160541768985,11.331044181969368,1.9128245916561997,0,0,0,0,-1,inf,0,-1,0,0,-1,0,0,7600,182,0,3814,0,3604,1.820219105147202,4.255274162271365,False
occluding_cut_in,P4,15009,50,5.0,1.0,11.267888282720728,7.327224075401506,0.2107706627715266,0.00021432353040528015,999785676.4695947,17.087302883832308,17.087302883832308,19.431160541768985,11.331044181969368,1.912697116167692,0,0,0,0,-1,inf,0,-1,0,0,-1,0,0,7600,182,0,3814,0,3604,1.820219105147202,4.255274162271365,False
occluding_cut_in,P0,15010,50,5.0,1.0,11.267888282720728,7.327224075401506,0.2107706627715266,0.00021432353040528015,999785676.4695947,17.087302883832308,17.087302883832308,19.431160541768985,11.331044181969368,1.912697116167692,0,0,0,0,-1,inf,0,-1,0,0,-1,0,0,7600,182,0,3814,0,3604,1.8415667204913264,4.279935902521069,False
occluding_cut_in,P1,15010,50,5.0,1.0,11.323796424738557,7.340551811305513,0.20790138614253995,0.00020853186552129724,999791468.1344788,17.121780353335424,17.116618173303245,19.430073758811165,11.331044181969368,1.883639107197916,0,0,0,0,-1,inf,0,-1,0,0,-1,0,0,7600,290,0,3728,0,3582,1.8415667204913264,4.279935902521069,False
occluding_cut_in,P2,15010,50,5.0,1.0,11.286079728009017,7.344531283409557,0.20991135773334615,0.00020859818563513267,999791401.8143649,17.087302883832315,17.085899104253002,19.429105969747095,11.331044181969368,1.914111531967686,0,0,0,0,-1,inf,0,-1,0,0,-1,0,0,7600,247,0,3753,0,3600,1.8415667204913264,4.279935902521069,False
occluding_cut_in,P3,15010,50,5.0,1.0,11.272727078473352,7.347277451802598,0.21016357905894725,0.00020785407926597092,999792145.920734,17.087302883832304,17.086958375649086,19.431160541768985,11.331044181969368,1.913149005085399,0,0,0,0,-1,inf,0,-1,0,0,-1,0,0,7600,191,0,3805,0,3604,1.8415667204913264,4.279935902521069,False
occluding_cut_in,P4,15010,50,5.0,1.0,11.267888282720728,7.327224075401506,0.2107706627715266,0.00021432353040528015,999785676.4695947,17.087302883832308,17.087302883832308,19.431160541768985,11.331044181969368,1.912697116167692,0,0,0,0,-1,inf,0,-1,0,0,-1,0,0,7600,182,0,3814,0,3604,1.8415667204913264,4.279935902521069,False
occluding_cut_in,P0,15011,50,5.0,1.0,11.267888282720728,7.327224075401506,0.2107706627715266,0.00021432353040528015,999785676.4695947,17.087302883832308,17.087302883832308,19.431160541768985,11.331044181969368,1.912697116167692,0,0,0,0,-1,inf,0,-1,0,0,-1,0,0,7600,182,0,3814,0,3604,1.9324673733405848,4.387028370198084,False
occluding_cut_in,P1,15011,50,5.0,1.0,11.329320433898081,7.332106253957798,0.20798887156564894,0.00021079133868709152,999789208.661313,17.12178035333542,17.116065878104273,19.428979746309775,11.331044181969368,1.8842458135346978,0,0,0,0,-1,inf,0,-1,0,0,-1,0,0,7600,307,0,3711,0,3582,1.9324673733405848,4.387028370198084,False
occluding_cut_in,P2,15011,50,5.0,1.0,11.237081283433438,7.347109052039309,0.21466150889918045,0.00020886447096597603,999791135.5290341,17.11453108664462,17.10789203763665,19.42795271742619,11.331044181969368,1.893914251183964,0,0,0,0,-1,inf,0,-1,0,0,-1,0,0,7600,315,0,3697,0,3588,1.9324673733405848,4.387028370198084,False
occluding_cut_in,P3,15011,50,5.0,1.0,11.225860703385898,7.306477124987945,0.21426607060065175,0.00021907488638274686,999780925.1136171,17.096720715219107,17.093275839460258,19.431160541768985,11.331044181969368,1.9098437800511956,0,0,0,0,-1,inf,0,-1,0,0,-1,0,0,7600,221,0,3779,0,3600,1.9324673733405848,4.387028370198084,False
occluding_cut_in,P4,15011,50,5.0,1.0,11.267888282720728,7.327224075401506,0.2107706627715266,0.00021432353040528015,999785676.4695947,17.087302883832308,17.087302883832308,19.431160541768985,11.331044181969368,1.912697116167692,0,0,0,0,-1,inf,0,-1,0,0,-1,0,0,7600,182,0,3814,0,3604,1.9324673733405848,4.387028370198084,False
occluding_cut_in,P0,15012,50,5.0,1.0,11.267888282720728,7.327224075401506,0.2107706627715266,0.00021432353040528015,999785676.4695947,17.087302883832308,17.087302883832308,19.431160541768985,11.331044181969368,1.912697116167692,0,0,0,0,-1,inf,0,-1,0,0,-1,0,0,7600,182,0,3814,0,3604,1.875262938925473,4.2334912083064395,False
occluding_cut_in,P1,15012,50,5.0,1.0,11.323245775203263,7.336103709242501,0.20802947949944958,0.0002097203111315624,999790279.6888683,17.12178035333542,17.11647470765533,19.431160541768985,11.331044181969368,1.8837141271706073,0,0,0,0,-1,inf,0,-1,0,0,-1,0,0,7600,281,0,3737,0,3582,1.875262938925473,4.2334912083064395,False
occluding_cut_in,P2,15012,50,5.0,1.0,11.234115978422913,7.347532739074193,0.2132565692115898,0.0002082773269617516,999791722.6730384,17.09672071521911,17.09343247158598,19.431160541768985,11.331044181969368,1.9092338673411526,0,0,0,0,-1,inf,0,-1,0,0,-1,0,0,7600,216,0,3784,0,3600,1.875262938925473,4.2334912083064395,False
occluding_cut_in,P3,15012,50,5.0,1.0,11.225860703385898,7.306477124987945,0.21426607060065175,0.00021907488638274686,999780925.1136171,17.096720715219107,17.093275839460258,19.431160541768985,11.331044181969368,1.9098437800511956,0,0,0,0,-1,inf,0,-1,0,0,-1,0,0,7600,221,0,3779,0,3600,1.875262938925473,4.2334912083064395,False
occluding_cut_in,P4,15012,50,5.0,1.0,11.267888282720728,7.327224075401506,0.2107706627715266,0.00021432353040528015,999785676.4695947,17.087302883832308,17.087302883832308,19.431160541768985,11.331044181969368,1.912697116167692,0,0,0,0,-1,inf,0,-1,0,0,-1,0,0,7600,182,0,3814,0,3604,1.875262938925473,4.2334912083064395,False
occluding_cut_in,P0,15013,50,5.0,1.0,11.267888282720728,7.327224075401506,0.2107706627715266,0.00021432353040528015,999785676.4695947,17.087302883832308,17.087302883832308,19.431160541768985,11.331044181969368,1.912697116167692,0,0,0,0,-1,inf,0,-1,0,0,-1,0,0,7600,182,0,3814,0,3604,1.888614418193306,4.385670153201462,False
occluding_cut_in,P1,15013,50,5.0,1.0,11.323221865888478,7.336492199135528,0.20802345156181026,0.00020961554147513523,999790384.4585248,17.12178035333542,17.11648585854022,19.431160541768985,11.331044181969368,1.8837081838576055,0,0,0,0,-1,inf,0,-1,0,0,-1,0,0,7600,282,0,3736,0,3582,1.888614418193306,4.385670153201462,False
occluding_cut_in,P2,15013,50,5.0,1.0,11.237443136743446,7.348496364291064,0.21337678219934827,0.00020807168041350188,999791928.3195865,17.096720715219117,17.092725783096938,19.430048105437574,11.331044181969368,1.9095945638237422,0,0,0,0,-1,inf,0,-1,0,0,-1,0,0,7600,242,0,3758,0,3600,1.888614418193306,4.385670153201462,False
occluding_cut_in,P3,15013,50,5.0,1.0,11.234115978422913,7.347532739074193,0.2132565692115898,0.0002082773269617516,999791722.6730384,17.09672071521911,17.09343247158598,19.431160541768985,11.331044181969368,1.9092338673411526,0,0,0,0,-1,inf,0,-1,0,0,-1,0,0,7600,216,0,3784,0,3600,1.888614418193306,4.385670153201462,False
occluding_cut_in,P4,15013,50,5.0,1.0,11.267888282720728,7.327224075401506,0.2107706627715266,0.00021432353040528015,999785676.4695947,17.087302883832308,17.087302883832308,19.431160541768985,11.331044181969368,1.912697116167692,0,0,0,0,-1,inf,0,-1,0,0,-1,0,0,7600,182,0,3814,0,3604,1.888614418193306,4.385670153201462,False
occluding_cut_in,P0,15014,50,5.0,1.0,11.267888282720728,7.327224075401506,0.2107706627715266,0.00021432353040528015,999785676.4695947,17.087302883832308,17.087302883832308,19.431160541768985,11.331044181969368,1.912697116167692,0,0,0,0,-1,inf,0,-1,0,0,-1,0,0,7600,182,0,3814,0,3604,1.7619648705144504,4.103057296883126,False
occluding_cut_in,P1,15014,50,5.0,1.0,11.312940923933725,7.351209970811721,0.20821294100049745,0.00020590159378404969,999794098.4062161,17.10926373406553,17.106377819944512,19.431160541768985,11.331044181969368,1.893627307145357,0,0,0,0,-1,inf,0,-1,0,0,-1,0,0,7600,248,0,3761,0,3591,1.7619648705144504,4.103057296883126,False
occluding_cut_in,P2,15014,50,5.0,1.0,11.234115978422913,7.347532739074193,0.2132565692115898,0.0002082773269617516,999791722.6730384,17.09672071521911,17.09343247158598,19.431160541768985,11.331044181969368,1.9092338673411526,0,0,0,0,-1,inf,0,-1,0,0,-1,0,0,7600,216,0,3784,0,3600,1.7619648705144504,4.103057296883126,False
occluding_cut_in,P3,15014,50,5.0,1.0,11.234073069656134,7.347335823045719,0.2132618538943181,0.00020833406800779846,999791665.9319923,17.095747563781476,17.092459334514142,19.431160541768985,11.331044181969368,1.910205886567364,0,0,0,0,-1,inf,0,-1,0,0,-1,0,0,7600,216,0,3777,0,3607,1.7619648705144504,4.103057296883126,False
occluding_cut_in,P4,15014,50,5.0,1.0,11.267888282720728,7.327224075401506,0.2107706627715266,0.00021432353040528015,999785676.4695947,17.087302883832308,17.087302883832308,19.431160541768985,11.331044181969368,1.912697116167692,0,0,0,0,-1,inf,0,-1,0,0,-1,0,0,7600,182,0,3814,0,3604,1.7619648705144504,4.103057296883126,False
occluding_cut_in,P0,15015,50,5.0,1.0,11.267888282720728,7.327224075401506,0.2107706627715266,0.00021432353040528015,999785676.4695947,17.087302883832308,17.087302883832308,19.431160541768985,11.331044181969368,1.912697116167692,0,0,0,0,-1,inf,0,-1,0,0,-1,0,0,7600,182,0,3814,0,3604,1.9582336797398288,4.4675851407667775,False
occluding_cut_in,P1,15015,50,5.0,1.0,11.294827747378518,7.3381468969637,0.20960413055526295,0.00021080039267392812,999789199.6073259,17.0873028838323,17.085889491422154,19.42795271742619,11.331044181969368,1.9142331884842547,0,0,0,0,-1,inf,0,-1,0,0,-1,0,0,7600,269,0,3735,0,3596,1.9582336797398288,4.4675851407667775,False
occluding_cut_in,P2,15015,50,5.0,1.0,11.294827747378518,7.3381468969637,0.20960413055526295,0.00021080039267392812,999789199.6073259,17.0873028838323,17.085889491422154,19.42795271742619,11.331044181969368,1.9142331884842547,0,0,0,0,-1,inf,0,-1,0,0,-1,0,0,7600,269,0,3735,0,3596,1.9582336797398288,4.4675851407667775,False
occluding_cut_in,P3,15015,50,5.0,1.0,11.27959823775745,7.34627791106064,0.21001964959231348,0.00020811949895195827,999791880.501048,17.087302883832304,17.08643884012282,19.430094201262467,11.331044181969368,1.9136055059923018,0,0,0,0,-1,inf,0,-1,0,0,-1,0,0,7600,216,0,3780,0,3604,1.9582336797398288,4.4675851407667775,False
occluding_cut_in,P4,15015,50,5.0,1.0,11.267888282720728,7.327224075401506,0.2107706627715266,0.00021432353040528015,999785676.4695947,17.087302883832308,17.087302883832308,19.431160541768985,11.331044181969368,1.912697116167692,0,0,0,0,-1,inf,0,-1,0,0,-1,0,0,7600,182,0,3814,0,3604,1.9582336797398288,4.4675851407667775,False
occluding_cut_in,P0,15016,50,5.0,1.0,11.267888282720728,7.327224075401506,0.2107706627715266,0.00021432353040528015,999785676.4695947,17.087302883832308,17.087302883832308,19.431160541768985,11.331044181969368,1.912697116167692,0,0,0,0,-1,inf,0,-1,0,0,-1,0,0,7600,182,0,3814,0,3604,1.8751339988610303,4.255132238124313,False
occluding_cut_in,P1,15016,50,5.0,1.0,11.215314815311201,7.3562125437276515,0.2142774355330835,0.00020576808737174718,999794231.9126282,17.143537204129025,17.132519779316038,19.431160541768985,11.331044181969368,1.869272256776083,0,0,0,0,-1,inf,0,-1,0,0,-1,0,0,7600,369,0,3650,0,3581,1.8751339988610303,4.255132238124313,False
occluding_cut_in,P2,15016,50,5.0,1.0,11.234115978422913,7.347532739074193,0.2132565692115898,0.0002082773269617516,999791722.6730384,17.09672071521911,17.09343247158598,19.431160541768985,11.331044181969368,1.9092338673411526,0,0,0,0,-1,inf,0,-1,0,0,-1,0,0,7600,216,0,3784,0,3600,1.8751339988610303,4.255132238124313,False
occluding_cut_in,P3,15016,50,5.0,1.0,11.234115978422913,7.347532739074193,0.2132565692115898,0.0002082773269617516,999791722.6730384,17.09672071521911,17.09343247158598,19.431160541768985,11.331044181969368,1.9092338673411526,0,0,0,0,-1,inf,0,-1,0,0,-1,0,0,7600,216,0,3784,0,3600,1.8751339988610303,4.255132238124313,False
occluding_cut_in,P4,15016,50,5.0,1.0,11.267888282720728,7.327224075401506,0.2107706627715266,0.00021432353040528015,999785676.4695947,17.087302883832308,17.087302883832308,19.431160541768985,11.331044181969368,1.912697116167692,0,0,0,0,-1,inf,0,-1,0,0,-1,0,0,7600,182,0,3814,0,3604,1.8751339988610303,4.255132238124313,False
occluding_cut_in,P0,15017,50,5.0,1.0,11.267888282720728,7.327224075401506,0.2107706627715266,0.00021432353040528015,999785676.4695947,17.087302883832308,17.087302883832308,19.431160541768985,11.331044181969368,1.912697116167692,0,0,0,0,-1,inf,0,-1,0,0,-1,0,0,7600,182,0,3814,0,3604,1.8516435953845711,4.255737904041808,False
occluding_cut_in,P1,15017,50,5.0,1.0,11.317783592570613,7.340924320324938,0.20800412073676305,0.00020844263878270109,999791557.3612175,17.121780353335406,17.116962367430588,19.431160541768985,11.331044181969368,1.88314773956537,0,0,0,0,-1,inf,0,-1,0,0,-1,0,0,7600,257,0,3763,0,3580,1.8516435953845711,4.255737904041808,False
occluding_cut_in,P2,15017,50,5.0,1.0,11.309863290282236,7.352787589935944,0.20799125701341545,0.00020553158235295848,999794468.4176469,17.121780353335403,17.117893544408044,19.43013353196599,11.331044181969368,1.8823350330169113,0,0,0,0,-1,inf,0,-1,0,0,-1,0,0,7600,259,0,3764,0,3577,1.8516435953845711,4.255737904041808,False
occluding_cut_in,P3,15017,50,5.0,1.0,11.271959506513124,7.335881601140441,0.21027690254954082,0.00021045185835408037,999789548.1416459,17.087302883832308,17.087194917016916,19.431160541768985,11.331044181969368,1.9128245916561997,0,0,0,0,-1,inf,0,-1,0,0,-1,0,0,7600,182,0,3814,0,3604,1.8516435953845711,4.255737904041808,False
occluding_cut_in,P4,15017,50,5.0,1.0,11.267888282720728,7.327224075401506,0.2107706627715266,0.00021432353040528015,999785676.4695947,17.087302883832308,17.087302883832308,19.431160541768985,11.331044181969368,1.912697116167692,0,0,0,0,-1,inf,0,-1,0,0,-1,0,0,7600,182,0,3814,0,3604,1.8516435953845711,4.255737904041808,False
occluding_cut_in,P0,15018,50,5.0,1.0,11.267888282720728,7.327224075401506,0.2107706627715266,0.00021432353040528015,999785676.4695947,17.087302883832308,17.087302883832308,19.431160541768985,11.331044181969368,1.912697116167692,0,0,0,0,-1,inf,0,-1,0,0,-1,0,0,7600,182,0,3814,0,3604,1.8776757545007472,4.280567047228032,False
occluding_cut_in,P1,15018,50,5.0,1.0,11.322943974651084,7.334035547221251,0.20809220417928986,0.00021028078558816413,999789719.214412,17.1217803533354,17.116418816813685,19.431160541768985,11.331044181969368,1.8837443416425894,0,0,0,0,-1,inf,0,-1,0,0,-1,0,0,7600,275,0,3745,0,3580,1.8776757545007472,4.280567047228032,False
occluding_cut_in,P2,15018,50,5.0,1.0,11.311378602159753,7.349014587157961,0.2079716628434389,0.00020637574603807663,999793624.2539618,17.121780353335414,17.117622715201758,19.431160541768985,11.331044181969368,1.8824849619202388,0,0,0,0,-1,inf,0,-1,0,0,-1,0,0,7600,237,0,3784,0,3579,1.8776757545007472,4.280567047228032,False
occluding_cut_in,P3,15018,50,5.0,1.0,11.271959506513124,7.335881601140441,0.21027690254954082,0.00021045185835408037,999789548.1416459,17.087302883832308,17.087194917016916,19.431160541768985,11.331044181969368,1.9128245916561997,0,0,0,0,-1,inf,0,-1,0,0,-1,0,0,7600,182,0,3814,0,3604,1.8776757545007472,4.280567047228032,False
occluding_cut_in,P4,15018,50,5.0,1.0,11.267888282720728,7.327224075401506,0.2107706627715266,0.00021432353040528015,999785676.4695947,17.087302883832308,17.087302883832308,19.431160541768985,11.331044181969368,1.912697116167692,0,0,0,0,-1,inf,0,-1,0,0,-1,0,0,7600,182,0,3814,0,3604,1.8776757545007472,4.280567047228032,False
occluding_cut_in,P0,15019,50,5.0,1.0,11.267888282720728,7.327224075401506,0.2107706627715266,0.00021432353040528015,999785676.4695947,17.087302883832308,17.087302883832308,19.431160541768985,11.331044181969368,1.912697116167692,0,0,0,0,-1,inf,0,-1,0,0,-1,0,0,7600,182,0,3814,0,3604,1.8815068442314966,4.269814646692098,False
occluding_cut_in,P1,15019,50,5.0,1.0,11.331835967133403,7.3149064797177,0.20845588473934668,0.00021557699030110442,999784423.009699,17.121780353335417,17.11535503612542,19.43016726865015,15.062367217268713,1.8849336652263151,0,0,0,0,-1,inf,0,-1,0,0,-1,0,0,7600,322,0,3700,0,3578,1.8815068442314966,4.269814646692098,False
occluding_cut_in,P2,15019,50,5.0,1.0,11.29041419912351,7.342145767198837,0.20946651499948335,0.00020942562468207742,999790574.3753178,17.08730288383231,17.085952953616665,19.431160541768985,11.331044181969368,1.9140530995723863,0,0,0,0,-1,inf,0,-1,0,0,-1,0,0,7600,221,0,3775,0,3604,1.8815068442314966,4.269814646692098,False
occluding_cut_in,P3,15019,50,5.0,1.0,11.225860703385898,7.306477124987945,0.21426607060065175,0.00021907488638274686,999780925.1136171,17.096720715219107,17.093275839460258,19.431160541768985,11.331044181969368,1.9098437800511956,0,0,0,0,-1,inf,0,-1,0,0,-1,0,0,7600,221,0,3779,0,3600,1.8815068442314966,4.269814646692098,False
occluding_cut_in,P4,15019,50,5.0,1.0,11.267888282720728,7.327224075401506,0.2107706627715266,0.00021432353040528015,999785676.4695947,17.087302883832308,17.087302883832308,19.431160541768985,11.331044181969368,1.912697116167692,0,0,0,0,-1,inf,0,-1,0,0,-1,0,0,7600,182,0,3814,0,3604,1.8815068442314966,4.269814646692098,False
