scenario,planner,seed,steps,duration_s,planning_safety_margin_m,mean_snr_db,min_snr_db,mean_outage_probability,mean_ber_model,mean_goodput_bps_model,path_length_m,progress_m,min_target_distance_m,min_realized_ttc_s,min_static_obstacle_clearance_m,static_clearance_violation_steps,static_clearance_violation_indicator,collision_indicator,collision_steps,first_collision_step,first_collision_time_s,no_candidate_steps,first_no_candidate_step,margin_relaxation_steps,margin_relaxation_indicator,first_margin_relaxation_step,zero_candidate_after_static_steps,zero_candidate_after_dynamic_steps,candidate_evaluations,candidate_road_rejections,candidate_speed_rejections,candidate_static_rejections,candidate_dynamic_rejections,candidate_feasible,prediction_ade_m,prediction_fde_m,measured_optical_link
following_lateral_offset,P0,15000,40,4.0,2.0,17.41814571787802,14.991052726859039,0.010619880244373518,2.8967854955913445e-16,999999999.9999996,34.78,34.78,5.404479623423516,2.42841592796606,inf,0,0,0,0,-1,inf,0,-1,1,1,1,0,0,6080,0,0,0,2779,3301,1.6048957577899443,3.7007883893794515,False
following_lateral_offset,P1,15000,40,4.0,2.0,18.896345466068592,16.137508032910766,0.005430416208246884,2.069279258288876e-20,1000000000.0,34.693333333333335,34.68681560599328,5.411407645346951,2.407726382940358,inf,0,0,0,0,-1,inf,0,-1,1,1,1,0,0,6080,365,0,0,2472,3243,1.6048957577899443,3.7007883893794515,False
following_lateral_offset,P2,15000,40,4.0,2.0,18.37221455335091,16.137508032910766,0.006313067449214305,2.0692793210392116e-20,1000000000.0,34.69333333333333,34.689417536543075,5.443032780245622,2.407726382940358,inf,0,0,0,0,-1,inf,0,-1,1,1,1,0,0,6080,223,0,0,2572,3285,1.6048957577899443,3.7007883893794515,False
following_lateral_offset,P3,15000,40,4.0,2.0,18.03478264665053,16.137508032910766,0.007493070090069715,2.1355959334872634e-20,1000000000.0,34.79666666666665,34.79349688257909,5.350528601320767,2.42841592796606,inf,0,0,0,0,-1,inf,0,-1,1,1,1,0,0,6080,144,0,0,2670,3266,1.6048957577899443,3.7007883893794515,False
following_lateral_offset,P4,15000,40,4.0,2.0,18.03478264665053,16.137508032910766,0.007493070090069715,2.1355959334872634e-20,1000000000.0,34.79666666666665,34.79349688257909,5.350528601320767,2.42841592796606,inf,0,0,0,0,-1,inf,0,-1,1,1,1,0,0,6080,144,0,0,2670,3266,1.6048957577899443,3.7007883893794515,False
following_lateral_offset,P0,15001,40,4.0,2.0,17.301821111796396,14.270899809234331,0.011682561808521733,3.347475558325027e-14,999999999.9999664,35.06666666666668,35.06666666666668,5.1281358969685735,2.36397733650523,inf,0,0,0,0,-1,inf,0,-1,1,1,1,0,0,6080,0,0,0,2787,3293,1.7747964430522565,3.958504685998777,False
following_lateral_offset,P1,15001,40,4.0,2.0,18.28665756005912,16.137508032910766,0.0067643328792766745,2.0785554627273315e-20,1000000000.0,34.98000000000002,34.97543626160515,5.154608716553723,2.361384711293582,inf,0,0,0,0,-1,inf,0,-1,1,1,1,0,0,6080,225,0,0,2586,3269,1.7747964430522565,3.958504685998777,False
following_lateral_offset,P2,15001,40,4.0,2.0,18.2861153581037,16.137508032910766,0.006765006051033551,2.0785554627273315e-20,1000000000.0,34.99166666666668,34.987095121290196,5.143149211574031,2.3086742259816693,inf,0,0,0,0,-1,inf,0,-1,1,1,1,0,0,6080,226,0,0,2589,3265,1.7747964430522565,3.958504685998777,False
following_lateral_offset,P3,15001,40,4.0,2.0,17.301821111796396,14.270899809234331,0.011682561808521733,3.347475558325027e-14,999999999.9999664,35.06666666666668,35.06666666666668,5.1281358969685735,2.36397733650523,inf,0,0,0,0,-1,inf,0,-1,1,1,1,0,0,6080,0,0,0,2787,3293,1.7747964430522565,3.958504685998777,False
following_lateral_offset,P4,15001,40,4.0,2.0,18.2861153581037,16.137508032910766,0.006765006051033551,2.0785554627273315e-20,1000000000.0,34.99166666666668,34.987095121290196,5.143149211574031,2.3086742259816693,inf,0,0,0,0,-1,inf,0,-1,1,1,1,0,0,6080,226,0,0,2589,3265,1.7747964430522565,3.958504685998777,False
following_lateral_offset,P0,15002,40,4.0,2.0,17.391498095410217,15.326748261340052,0.010294227090094902,2.2894600339515384e-17,1000000000.0,34.62,34.62,5.559172600306635,2.2807347061248957,inf,0,0,0,0,-1,inf,0,-1,1,1,1,0,0,6080,0,0,0,2627,3453,1.9265213423358187,4.295468048218329,False
following_lateral_offset,P1,15002,40,4.0,2.0,18.171784448095593,16.137508032910766,0.007057677041169191,2.0788088758629062e-20,1000000000.0,34.53,34.52615298090475,5.601101469613923,2.331180136648446,inf,0,0,0,0,-1,inf,0,-1,1,1,1,0,0,6080,190,0,0,2458,3432,1.9265213423358187,4.295468048218329,False
following_lateral_offset,P2,15002,40,4.0,2.0,11.974977324719793,0.9580259789999204,0.2957131846873328,0.01283190361741246,987168096.3825874,34.85,34.83684960445356,5.615536757289904,3.232762464531809,inf,0,0,0,0,-1,inf,0,-1,1,1,1,0,0,6080,1419,0,0,1708,2953,1.9265213423358187,4.295468048218329,False
following_lateral_offset,P3,15002,40,4.0,2.0,11.974977324719793,0.9580259789999204,0.2957131846873328,0.01283190361741246,987168096.3825874,34.85,34.83684960445356,5.615536757289904,3.232762464531809,inf,0,0,0,0,-1,inf,0,-1,1,1,1,0,0,6080,1419,0,0,1708,2953,1.9265213423358187,4.295468048218329,False
following_lateral_offset,P4,15002,40,4.0,2.0,18.162844615909016,16.137508032910766,0.007076202083965056,2.0789528585775166e-20,1000000000.0,34.608,34.604161230613954,5.524805040481318,2.2807347061248957,inf,0,0,0,0,-1,inf,0,-1,1,1,1,0,0,6080,190,0,0,2479,3411,1.9265213423358187,4.295468048218329,False
following_lateral_offset,P0,15003,40,4.0,2.0,17.250458640104746,13.780677940912469,0.012559828480577628,5.722936993125568e-13,999999999.9994278,35.23,35.23,4.971207096872955,2.2480672437008407,inf,0,0,0,0,-1,inf,0,-1,1,1,1,0,0,6080,0,0,0,2804,3276,1.6701978024952804,3.841872605197352,False
following_lateral_offset,P1,15003,40,4.0,2.0,17.250458640104746,13.780677940912469,0.012559828480577628,5.722936993125568e-13,999999999.9994278,35.23,35.23,4.971207096872955,2.2480672437008407,inf,0,0,0,0,-1,inf,0,-1,1,1,1,0,0,6080,0,0,0,2804,3276,1.6701978024952804,3.841872605197352,False
following_lateral_offset,P2,15003,40,4.0,2.0,17.250458640104746,13.780677940912469,0.012559828480577628,5.722936993125568e-13,999999999.9994278,35.23,35.23,4.971207096872955,2.2480672437008407,inf,0,0,0,0,-1,inf,0,-1,1,1,1,0,0,6080,0,0,0,2804,3276,1.6701978024952804,3.841872605197352,False
following_lateral_offset,P3,15003,40,4.0,2.0,17.250458640104746,13.780677940912469,0.012559828480577628,5.722936993125568e-13,999999999.9994278,35.23,35.23,4.971207096872955,2.2480672437008407,inf,0,0,0,0,-1,inf,0,-1,1,1,1,0,0,6080,0,0,0,2804,3276,1.6701978024952804,3.841872605197352,False
following_lateral_offset,P4,15003,40,4.0,2.0,17.250458640104746,13.780677940912469,0.012559828480577628,5.722936993125568e-13,999999999.9994278,35.23,35.23,4.971207096872955,2.2480672437008407,inf,0,0,0,0,-1,inf,0,-1,1,1,1,0,0,6080,0,0,0,2804,3276,1.6701978024952804,3.841872605197352,False
following_lateral_offset,P0,15004,40,4.0,2.0,17.35335682122412,14.317427002552197,0.011685566559971917,2.5722774358255824e-14,999999999.9999743,35.05000000000002,35.05000000000002,5.144171459039815,2.413214297621427,inf,0,0,0,0,-1,inf,0,-1,1,1,1,0,0,6080,0,0,0,2690,3390,1.71174035314294,3.920100192830295,False
following_lateral_offset,P1,15004,40,4.0,2.0,18.126060685780615,16.137508032910766,0.00725850503195803,2.2019641205071043e-20,1000000000.0,35.003333333333345,34.99963244819699,5.1435363421237845,2.413214297621427,inf,0,0,0,0,-1,inf,0,-1,1,1,1,0,0,6080,169,0,0,2551,3360,1.71174035314294,3.920100192830295,False
following_lateral_offset,P2,15004,40,4.0,2.0,18.125487018434686,16.137508032910766,0.007259328941343676,2.2019641205071043e-20,1000000000.0,35.01800000000001,35.01428854090612,5.129158550334576,2.413214297621427,inf,0,0,0,0,-1,inf,0,-1,1,1,1,0,0,6080,171,0,0,2552,3357,1.71174035314294,3.920100192830295,False
following_lateral_offset,P3,15004,40,4.0,2.0,17.35335682122412,14.317427002552197,0.011685566559971917,2.5722774358255824e-14,999999999.9999743,35.05000000000002,35.05000000000002,5.144171459039815,2.413214297621427,inf,0,0,0,0,-1,inf,0,-1,1,1,1,0,0,6080,0,0,0,2690,3390,1.71174035314294,3.920100192830295,False
following_lateral_offset,P4,15004,40,4.0,2.0,18.125184883587604,16.137508032910766,0.007259814321160548,2.2019641205071043e-20,1000000000.0,35.02466666666668,35.02095040122846,5.1226237318765016,2.413214297621427,inf,0,0,0,0,-1,inf,0,-1,1,1,1,0,0,6080,171,0,0,2553,3356,1.71174035314294,3.920100192830295,False
following_lateral_offset,P0,15005,40,4.0,2.0,17.37745357306341,14.219001088530517,0.011522038489613622,4.522421419801514e-14,999999999.9999548,35.085000000000015,35.085000000000015,5.110501443107109,2.3494931059944566,inf,0,0,0,0,-1,inf,0,-1,1,1,1,0,0,6080,0,0,0,2651,3429,1.8553560057015481,4.150623988874752,False
following_lateral_offset,P1,15005,40,4.0,2.0,17.37745357306341,14.219001088530517,0.011522038489613622,4.522421419801514e-14,999999999.9999548,35.085000000000015,35.085000000000015,5.110501443107109,2.3494931059944566,inf,0,0,0,0,-1,inf,0,-1,1,1,1,0,0,6080,0,0,0,2651,3429,1.8553560057015481,4.150623988874752,False
following_lateral_offset,P2,15005,40,4.0,2.0,17.384695318888816,14.270899809234331,0.011423682846668374,3.2872925677125997e-14,999999999.9999672,35.06666666666668,35.06666666666668,5.1281358969685735,2.3372644559306868,inf,0,0,0,0,-1,inf,0,-1,1,1,1,0,0,6080,0,0,0,2645,3435,1.8553560057015481,4.150623988874752,False
following_lateral_offset,P3,15005,40,4.0,2.0,17.37745357306341,14.219001088530517,0.011522038489613622,4.522421419801514e-14,999999999.9999548,35.085000000000015,35.085000000000015,5.110501443107109,2.3494931059944566,inf,0,0,0,0,-1,inf,0,-1,1,1,1,0,0,6080,0,0,0,2651,3429,1.8553560057015481,4.150623988874752,False
following_lateral_offset,P4,15005,40,4.0,2.0,17.37745357306341,14.219001088530517,0.011522038489613622,4.522421419801514e-14,999999999.9999548,35.085000000000015,35.085000000000015,5.110501443107109,2.3494931059944566,inf,0,0,0,0,-1,inf,0,-1,1,1,1,0,0,6080,0,0,0,2651,3429,1.8553560057015481,4.150623988874752,False
following_lateral_offset,P0,15006,40,4.0,2.0,17.336412079774387,14.108004102352254,0.01195298017912443,9.048355825641688e-14,999999999.9999096,35.12333333333334,35.12333333333334,5.073645413090838,2.38310925630504,inf,0,0,0,0,-1,inf,0,-1,1,1,1,0,0,6080,0,0,0,2828,3252,1.5734816876710525,3.625523759184394,False
following_lateral_offset,P1,15006,40,4.0,2.0,17.363132640785704,14.289584871997652,0.011577192495831196,3.021979869122237e-14,999999999.9999698,35.06,35.06,5.134549639452323,2.417714298903732,inf,0,0,0,0,-1,inf,0,-1,1,1,1,0,0,6080,0,0,0,2806,3274,1.5734816876710525,3.625523759184394,False
following_lateral_offset,P2,15006,40,4.0,2.0,17.336412079774387,14.108004102352254,0.01195298017912443,9.048355825641688e-14,999999999.9999096,35.12333333333334,35.12333333333334,5.073645413090838,2.38310925630504,inf,0,0,0,0,-1,inf,0,-1,1,1,1,0,0,6080,0,0,0,2828,3252,1.5734816876710525,3.625523759184394,False
following_lateral_offset,P3,15006,40,4.0,2.0,17.336412079774387,14.108004102352254,0.01195298017912443,9.048355825641688e-14,999999999.9999096,35.12333333333334,35.12333333333334,5.073645413090838,2.38310925630504,inf,0,0,0,0,-1,inf,0,-1,1,1,1,0,0,6080,0,0,0,2828,3252,1.5734816876710525,3.625523759184394,False
following_lateral_offset,P4,15006,40,4.0,2.0,17.336412079774387,14.108004102352254,0.01195298017912443,9.048355825641688e-14,999999999.9999096,35.12333333333334,35.12333333333334,5.073645413090838,2.38310925630504,inf,0,0,0,0,-1,inf,0,-1,1,1,1,0,0,6080,0,0,0,2828,3252,1.5734816876710525,3.625523759184394,False
following_lateral_offset,P0,15007,40,4.0,2.0,17.23914535371689,13.617385258688403,0.013465762789637039,1.468248855314196e-12,999999999.9985317,35.28,35.28,4.923250958462304,2.125714297621429,inf,0,0,0,0,-1,inf,0,-1,1,1,1,0,0,6080,0,0,0,2815,3265,1.756316361906536,4.004216182476933,False
following_lateral_offset,P1,15007,40,4.0,2.0,17.23914535371689,13.617385258688403,0.013465762789637039,1.468248855314196e-12,999999999.9985317,35.28,35.28,4.923250958462304,2.125714297621429,inf,0,0,0,0,-1,inf,0,-1,1,1,1,0,0,6080,0,0,0,2815,3265,1.756316361906536,4.004216182476933,False
following_lateral_offset,P2,15007,40,4.0,2.0,18.40616953842551,16.137508032910766,0.006426390241693442,2.0699511704401327e-20,1000000000.0,35.263333333333335,35.258516668470676,4.874344259736283,2.125714297621429,inf,0,0,0,0,-1,inf,0,-1,1,1,1,0,0,6080,243,0,0,2591,3246,1.756316361906536,4.004216182476933,False
following_lateral_offset,P3,15007,40,4.0,2.0,18.173668690644927,16.137508032910766,0.007067406896306111,2.0720015006281425e-20,1000000000.0,35.22666666666667,35.222738933165616,4.922837702390935,2.125714297621429,inf,0,0,0,0,-1,inf,0,-1,1,1,1,0,0,6080,197,0,0,2605,3278,1.756316361906536,4.004216182476933,False
following_lateral_offset,P4,15007,40,4.0,2.0,18.173668690644927,16.137508032910766,0.007067406896306111,2.0720015006281425e-20,1000000000.0,35.22666666666667,35.222738933165616,4.922837702390935,2.125714297621429,inf,0,0,0,0,-1,inf,0,-1,1,1,1,0,0,6080,197,0,0,2605,3278,1.756316361906536,4.004216182476933,False
following_lateral_offset,P0,15008,40,4.0,2.0,17.324041730186952,13.906699745895917,0.012414178977817136,3.073199331735232e-13,999999999.9996927,35.19000000000001,35.19000000000001,5.009600782497532,2.3152040969418315,inf,0,0,0,0,-1,inf,0,-1,1,1,1,0,0,6080,0,0,0,2868,3212,1.5849980772153656,3.7399322959350663,False
following_lateral_offset,P1,15008,40,4.0,2.0,17.324041730186952,13.906699745895917,0.012414178977817136,3.073199331735232e-13,999999999.9996927,35.19000000000001,35.19000000000001,5.009600782497532,2.3152040969418315,inf,0,0,0,0,-1,inf,0,-1,1,1,1,0,0,6080,0,0,0,2868,3212,1.5849980772153656,3.7399322959350663,False
following_lateral_offset,P2,15008,40,4.0,2.0,17.503235348840864,14.693045117019707,0.01044948643930089,2.170853516943515e-15,999999999.9999977,35.15333333333335,35.15276060647822,5.037566555389696,2.3663896259771353,inf,0,0,0,0,-1,inf,0,-1,1,1,1,0,0,6080,24,0,0,2835,3221,1.5849980772153656,3.7399322959350663,False
following_lateral_offset,P3,15008,40,4.0,2.0,17.324041730186952,13.906699745895917,0.012414178977817136,3.073199331735232e-13,999999999.9996927,35.19000000000001,35.19000000000001,5.009600782497532,2.3152040969418315,inf,0,0,0,0,-1,inf,0,-1,1,1,1,0,0,6080,0,0,0,2868,3212,1.5849980772153656,3.7399322959350663,False
following_lateral_offset,P4,15008,40,4.0,2.0,17.491956954782044,14.617939330964159,0.010555020005426236,3.575724376759357e-15,999999999.9999965,35.19000000000001,35.18942968450934,5.002290862084632,2.3152040969418315,inf,0,0,0,0,-1,inf,0,-1,1,1,1,0,0,6080,24,0,0,2845,3211,1.5849980772153656,3.7399322959350663,False
following_lateral_offset,P0,15009,40,4.0,2.0,17.318526058573052,13.998611998298564,0.012033784449687262,1.6858806176840346e-13,999999999.9998314,35.16000000000001,35.16000000000001,5.038412448380928,2.315462197481507,inf,0,0,0,0,-1,inf,0,-1,1,1,1,0,0,6080,0,0,0,2799,3281,1.6380891975114757,3.8831112232401495,False
following_lateral_offset,P1,15009,40,4.0,2.0,17.280529092641473,13.716142207353283,0.01264019368036674,8.176076682082442e-13,999999999.9991825,35.250000000000014,35.250000000000014,4.952019789944288,2.2507792337688253,inf,0,0,0,0,-1,inf,0,-1,1,1,1,0,0,6080,0,0,0,2837,3243,1.6380891975114757,3.8831112232401495,False
following_lateral_offset,P2,15009,40,4.0,2.0,17.318526058573052,13.998611998298564,0.012033784449687262,1.6858806176840346e-13,999999999.9998314,35.16000000000001,35.16000000000001,5.038412448380928,2.315462197481507,inf,0,0,0,0,-1,inf,0,-1,1,1,1,0,0,6080,0,0,0,2799,3281,1.6380891975114757,3.8831112232401495,False
following_lateral_offset,P3,15009,40,4.0,2.0,17.318526058573052,13.998611998298564,0.012033784449687262,1.6858806176840346e-13,999999999.9998314,35.16000000000001,35.16000000000001,5.038412448380928,2.315462197481507,inf,0,0,0,0,-1,inf,0,-1,1,1,1,0,0,6080,0,0,0,2799,3281,1.6380891975114757,3.8831112232401495,False
following_lateral_offset,P4,15009,40,4.0,2.0,17.318526058573052,13.998611998298564,0.012033784449687262,1.6858806176840346e-13,999999999.9998314,35.16000000000001,35.16000000000001,5.038412448380928,2.315462197481507,inf,0,0,0,0,-1,inf,0,-1,1,1,1,0,0,6080,0,0,0,2799,3281,1.6380891975114757,3.8831112232401495,False
following_lateral_offset,P0,15010,40,4.0,2.0,17.350989899093644,14.853646612046074,0.01070028923933022,7.257145822029156e-16,999999999.9999993,34.83999999999999,34.83999999999999,5.346550289672782,2.139060677106071,inf,0,0,0,0,-1,inf,0,-1,1,1,1,0,0,6080,0,0,0,2718,3362,1.7875495615945423,4.117033358825643,False
following_lateral_offset,P1,15010,40,4.0,2.0,17.37481942374827,15.050036474682388,0.010433659880890945,1.7763722796132386e-16,999999999.9999998,34.75333333333335,34.75333333333335,5.430240428481129,2.196547630954758,inf,0,0,0,0,-1,inf,0,-1,1,1,1,0,0,6080,0,0,0,2692,3388,1.7875495615945423,4.117033358825643,False
following_lateral_offset,P2,15010,40,4.0,2.0,17.350989899093644,14.853646612046074,0.01070028923933022,7.257145822029156e-16,999999999.9999993,34.83999999999999,34.83999999999999,5.346550289672782,2.139060677106071,inf,0,0,0,0,-1,inf,0,-1,1,1,1,0,0,6080,0,0,0,2718,3362,1.7875495615945423,4.117033358825643,False
following_lateral_offset,P3,15010,40,4.0,2.0,17.350989899093644,14.853646612046074,0.01070028923933022,7.257145822029156e-16,999999999.9999993,34.83999999999999,34.83999999999999,5.346550289672782,2.139060677106071,inf,0,0,0,0,-1,inf,0,-1,1,1,1,0,0,6080,0,0,0,2718,3362,1.7875495615945423,4.117033358825643,False
following_lateral_offset,P4,15010,40,4.0,2.0,18.489275925115845,16.137508032910766,0.006938698803057336,2.0796587786107087e-20,1000000000.0,34.67999999999999,34.66762247132058,5.434004632921156,2.139060677106071,inf,0,0,0,0,-1,inf,0,-1,1,1,1,0,0,6080,342,0,0,2411,3327,1.7875495615945423,4.117033358825643,False
following_lateral_offset,P0,15011,40,4.0,2.0,17.367512039177797,14.233230564345872,0.011422374862074838,4.121566101494554e-14,999999999.9999588,35.080000000000005,35.080000000000005,5.1153103522660235,2.2480672437008278,inf,0,0,0,0,-1,inf,0,-1,1,1,1,0,0,6080,0,0,0,2715,3365,1.7477541353048978,3.9755441400417553,False
following_lateral_offset,P1,15011,40,4.0,2.0,17.367512039177797,14.233230564345872,0.011422374862074838,4.121566101494554e-14,999999999.9999588,35.080000000000005,35.080000000000005,5.1153103522660235,2.2480672437008278,inf,0,0,0,0,-1,inf,0,-1,1,1,1,0,0,6080,0,0,0,2715,3365,1.7477541353048978,3.9755441400417553,False
following_lateral_offset,P2,15011,40,4.0,2.0,17.367512039177797,14.233230564345872,0.011422374862074838,4.121566101494554e-14,999999999.9999588,35.080000000000005,35.080000000000005,5.1153103522660235,2.2480672437008278,inf,0,0,0,0,-1,inf,0,-1,1,1,1,0,0,6080,0,0,0,2715,3365,1.7477541353048978,3.9755441400417553,False
following_lateral_offset,P3,15011,40,4.0,2.0,17.367512039177797,14.233230564345872,0.011422374862074838,4.121566101494554e-14,999999999.9999588,35.080000000000005,35.080000000000005,5.1153103522660235,2.2480672437008278,inf,0,0,0,0,-1,inf,0,-1,1,1,1,0,0,6080,0,0,0,2715,3365,1.7477541353048978,3.9755441400417553,False
following_lateral_offset,P4,15011,40,4.0,2.0,17.367512039177797,14.233230564345872,0.011422374862074838,4.121566101494554e-14,999999999.9999588,35.080000000000005,35.080000000000005,5.1153103522660235,2.2480672437008278,inf,0,0,0,0,-1,inf,0,-1,1,1,1,0,0,6080,0,0,0,2715,3365,1.7477541353048978,3.9755441400417553,False
following_lateral_offset,P0,15012,40,4.0,2.0,17.305904084768628,13.937581824843171,0.012249374553623819,2.4153523711860105e-13,999999999.9997585,35.18000000000001,35.18000000000001,5.019203124002846,2.359831949583184,inf,0,0,0,0,-1,inf,0,-1,1,1,1,0,0,6080,0,0,0,2818,3262,1.5993688219279754,3.784450434735193,False
following_lateral_offset,P1,15012,40,4.0,2.0,17.305904084768628,13.937581824843171,0.012249374553623819,2.4153523711860105e-13,999999999.9997585,35.18000000000001,35.18000000000001,5.019203124002846,2.359831949583184,inf,0,0,0,0,-1,inf,0,-1,1,1,1,0,0,6080,0,0,0,2818,3262,1.5993688219279754,3.784450434735193,False
following_lateral_offset,P2,15012,40,4.0,2.0,17.305904084768628,13.937581824843171,0.012249374553623819,2.4153523711860105e-13,999999999.9997585,35.18000000000001,35.18000000000001,5.019203124002846,2.359831949583184,inf,0,0,0,0,-1,inf,0,-1,1,1,1,0,0,6080,0,0,0,2818,3262,1.5993688219279754,3.784450434735193,False
following_lateral_offset,P3,15012,40,4.0,2.0,17.305904084768628,13.937581824843171,0.012249374553623819,2.4153523711860105e-13,999999999.9997585,35.18000000000001,35.18000000000001,5.019203124002846,2.359831949583184,inf,0,0,0,0,-1,inf,0,-1,1,1,1,0,0,6080,0,0,0,2818,3262,1.5993688219279754,3.784450434735193,False
following_lateral_offset,P4,15012,40,4.0,2.0,17.305904084768628,13.937581824843171,0.012249374553623819,2.4153523711860105e-13,999999999.9997585,35.18000000000001,35.18000000000001,5.019203124002846,2.359831949583184,inf,0,0,0,0,-1,inf,0,-1,1,1,1,0,0,6080,0,0,0,2818,3262,1.5993688219279754,3.784450434735193,False
following_lateral_offset,P0,15013,40,4.0,2.0,17.40854365128784,14.634785165981945,0.010859665444320543,3.2142226647886546e-15,999999999.9999968,34.92999999999999,34.92999999999999,5.2597433397457785,2.375031074537887,inf,0,0,0,0,-1,inf,0,-1,1,1,1,0,0,6080,0,0,0,2655,3425,1.766201502272724,3.9559436272319433,False
following_lateral_offset,P1,15013,40,4.0,2.0,17.40854365128784,14.634785165981945,0.010859665444320543,3.2142226647886546e-15,999999999.9999968,34.92999999999999,34.92999999999999,5.2597433397457785,2.375031074537887,inf,0,0,0,0,-1,inf,0,-1,1,1,1,0,0,6080,0,0,0,2655,3425,1.766201502272724,3.9559436272319433,False
following_lateral_offset,P2,15013,40,4.0,2.0,19.208518483785383,16.137508032910766,0.004972795459162989,2.066894297625851e-20,1000000000.0,34.78633333333333,34.77874050350704,5.306898056210918,2.4107642923065105,inf,0,0,0,0,-1,inf,0,-1,1,1,1,0,0,6080,481,0,0,2240,3359,1.766201502272724,3.9559436272319433,False
following_lateral_offset,P3,15013,40,4.0,2.0,17.40854365128784,14.634785165981945,0.010859665444320543,3.2142226647886546e-15,999999999.9999968,34.92999999999999,34.92999999999999,5.2597433397457785,2.375031074537887,inf,0,0,0,0,-1,inf,0,-1,1,1,1,0,0,6080,0,0,0,2655,3425,1.766201502272724,3.9559436272319433,False
following_lateral_offset,P4,15013,40,4.0,2.0,17.40854365128784,14.634785165981945,0.010859665444320543,3.2142226647886546e-15,999999999.9999968,34.92999999999999,34.92999999999999,5.2597433397457785,2.375031074537887,inf,0,0,0,0,-1,inf,0,-1,1,1,1,0,0,6080,0,0,0,2655,3425,1.766201502272724,3.9559436272319433,False
following_lateral_offset,P0,15014,40,4.0,2.0,17.383310722639358,14.444463149198869,0.011383703591673216,1.1727788684063231e-14,999999999.9999882,35.00333333333334,35.00333333333334,5.189092192067678,2.418762721127857,inf,0,0,0,0,-1,inf,0,-1,1,1,1,0,0,6080,0,0,0,2774,3306,1.622721170450821,3.8131753024748223,False
following_lateral_offset,P1,15014,40,4.0,2.0,17.39840280566035,14.541014933667457,0.011202752424308238,6.289302027414796e-15,999999999.9999937,34.96666666666666,34.96666666666666,5.224408525799308,2.418762721127857,inf,0,0,0,0,-1,inf,0,-1,1,1,1,0,0,6080,0,0,0,2760,3320,1.622721170450821,3.8131753024748223,False
following_lateral_offset,P2,15014,40,4.0,2.0,17.38455971924983,14.471075923061209,0.011362628898388431,9.968406564862489e-15,999999999.9999901,34.99333333333334,34.99333333333334,5.1987220651917,2.418762721127857,inf,0,0,0,0,-1,inf,0,-1,1,1,1,0,0,6080,0,0,0,2770,3310,1.622721170450821,3.8131753024748223,False
following_lateral_offset,P3,15014,40,4.0,2.0,17.383310722639358,14.444463149198869,0.011383703591673216,1.1727788684063231e-14,999999999.9999882,35.00333333333334,35.00333333333334,5.189092192067678,2.418762721127857,inf,0,0,0,0,-1,inf,0,-1,1,1,1,0,0,6080,0,0,0,2774,3306,1.622721170450821,3.8131753024748223,False
following_lateral_offset,P4,15014,40,4.0,2.0,17.393440418531796,14.506231261666851,0.011264307936876206,7.884530449470877e-15,999999999.9999921,34.98,34.98,5.211564064654682,2.418762721127857,inf,0,0,0,0,-1,inf,0,-1,1,1,1,0,0,6080,0,0,0,2764,3316,1.622721170450821,3.8131753024748223,False
following_lateral_offset,P0,15015,40,4.0,2.0,17.254374193826198,13.572727734202754,0.013101169276288085,1.844739479039336e-12,999999999.9981552,35.293333333333344,35.293333333333344,4.91046954079862,2.170184345624875,inf,0,0,0,0,-1,inf,0,-1,1,1,1,0,0,6080,0,0,0,2849,3231,1.7795284872409556,3.9652182086586967,False
following_lateral_offset,P1,15015,40,4.0,2.0,17.2910200266637,13.780677940912422,0.012531905202380766,6.004060317161488e-13,999999999.9993995,35.23000000000001,35.23000000000001,4.971207096872941,2.1770068163292438,inf,0,0,0,0,-1,inf,0,-1,1,1,1,0,0,6080,0,0,0,2834,3246,1.7795284872409556,3.9652182086586967,False
following_lateral_offset,P2,15015,40,4.0,2.0,17.424117432665675,14.399634467838244,0.010943103454186205,1.4562427913309293e-14,999999999.9999855,35.293333333333344,35.29277013206624,4.902986981236635,2.170184345624875,inf,0,0,0,0,-1,inf,0,-1,1,1,1,0,0,6080,24,0,0,2828,3228,1.7795284872409556,3.9652182086586967,False
following_lateral_offset,P3,15015,40,4.0,2.0,17.254374193826198,13.572727734202754,0.013101169276288085,1.844739479039336e-12,999999999.9981552,35.293333333333344,35.293333333333344,4.91046954079862,2.170184345624875,inf,0,0,0,0,-1,inf,0,-1,1,1,1,0,0,6080,0,0,0,2849,3231,1.7795284872409556,3.9652182086586967,False
following_lateral_offset,P4,15015,40,4.0,2.0,17.424117432665675,14.399634467838244,0.010943103454186205,1.4562427913309293e-14,999999999.9999855,35.293333333333344,35.29277013206624,4.902986981236635,2.170184345624875,inf,0,0,0,0,-1,inf,0,-1,1,1,1,0,0,6080,24,0,0,2828,3228,1.7795284872409556,3.9652182086586967,False
following_lateral_offset,P0,15016,40,4.0,2.0,17.38123998605738,14.20471480120603,0.01167551025461148,5.0176661462364953e-14,999999999.9999498,35.09000000000001,35.09000000000001,5.105692901066407,2.4500234332580706,inf,0,0,0,0,-1,inf,0,-1,1,1,1,0,0,6080,0,0,0,2641,3439,1.810979878040476,4.017271525294527,False
following_lateral_offset,P1,15016,40,4.0,2.0,17.401042350855832,14.335865544459814,0.011421903526073338,2.2429192176088218e-14,999999999.9999775,35.043333333333344,35.043333333333344,5.1505868058352675,2.4831494638426803,inf,0,0,0,0,-1,inf,0,-1,1,1,1,0,0,6080,0,0,0,2623,3457,1.810979878040476,4.017271525294527,False
following_lateral_offset,P2,15016,40,4.0,2.0,17.38123998605738,14.20471480120603,0.01167551025461148,5.0176661462364953e-14,999999999.9999498,35.09000000000001,35.09000000000001,5.105692901066407,2.4500234332580706,inf,0,0,0,0,-1,inf,0,-1,1,1,1,0,0,6080,0,0,0,2641,3439,1.810979878040476,4.017271525294527,False
following_lateral_offset,P3,15016,40,4.0,2.0,17.38123998605738,14.20471480120603,0.01167551025461148,5.0176661462364953e-14,999999999.9999498,35.09000000000001,35.09000000000001,5.105692901066407,2.4500234332580706,inf,0,0,0,0,-1,inf,0,-1,1,1,1,0,0,6080,0,0,0,2641,3439,1.810979878040476,4.017271525294527,False
following_lateral_offset,P4,15016,40,4.0,2.0,17.38123998605738,14.20471480120603,0.01167551025461148,5.0176661462364953e-14,999999999.9999498,35.09000000000001,35.09000000000001,5.105692901066407,2.4500234332580706,inf,0,0,0,0,-1,inf,0,-1,1,1,1,0,0,6080,0,0,0,2641,3439,1.810979878040476,4.017271525294527,False
following_lateral_offset,P0,15017,40,4.0,2.0,17.284911343346927,14.13728756240438,0.011796079617914493,7.375296630735836e-14,999999999.9999263,35.11333333333333,35.11333333333333,5.083257922937921,2.207477221888143,inf,0,0,0,0,-1,inf,0,-1,1,1,1,0,0,6080,0,0,0,2760,3320,1.64973244503529,3.8604211648494973,False
following_lateral_offset,P1,15017,40,4.0,2.0,17.284911343346927,14.13728756240438,0.011796079617914493,7.375296630735836e-14,999999999.9999263,35.11333333333333,35.11333333333333,5.083257922937921,2.207477221888143,inf,0,0,0,0,-1,inf,0,-1,1,1,1,0,0,6080,0,0,0,2760,3320,1.64973244503529,3.8604211648494973,False
following_lateral_offset,P2,15017,40,4.0,2.0,17.304756521755532,14.317427002552213,0.01151573142866318,2.4761999347018644e-14,999999999.9999752,35.05000000000001,35.05000000000001,5.144171459039821,2.2967702049726557,inf,0,0,0,0,-1,inf,0,-1,1,1,1,0,0,6080,0,0,0,2746,3334,1.64973244503529,3.8604211648494973,False
following_lateral_offset,P3,15017,40,4.0,2.0,17.284911343346927,14.13728756240438,0.011796079617914493,7.375296630735836e-14,999999999.9999263,35.11333333333333,35.11333333333333,5.083257922937921,2.207477221888143,inf,0,0,0,0,-1,inf,0,-1,1,1,1,0,0,6080,0,0,0,2760,3320,1.64973244503529,3.8604211648494973,False
following_lateral_offset,P4,15017,40,4.0,2.0,17.284911343346927,14.13728756240438,0.011796079617914493,7.375296630735836e-14,999999999.9999263,35.11333333333333,35.11333333333333,5.083257922937921,2.207477221888143,inf,0,0,0,0,-1,inf,0,-1,1,1,1,0,0,6080,0,0,0,2760,3320,1.64973244503529,3.8604211648494973,False
following_lateral_offset,P0,15018,40,4.0,2.0,17.3387224390077,14.734000310257889,0.010888986779823234,1.6599464934191972e-15,999999999.9999985,34.890000000000015,34.890000000000015,5.298311051646539,2.3918123795334716,inf,0,0,0,0,-1,inf,0,-1,1,1,1,0,0,6080,0,0,0,2786,3294,1.749862748262735,3.944465057930691,False
following_lateral_offset,P1,15018,40,4.0,2.0,17.3387224390077,14.734000310257889,0.010888986779823234,1.6599464934191972e-15,999999999.9999985,34.890000000000015,34.890000000000015,5.298311051646539,2.3918123795334716,inf,0,0,0,0,-1,inf,0,-1,1,1,1,0,0,6080,0,0,0,2786,3294,1.749862748262735,3.944465057930691,False
following_lateral_offset,P2,15018,40,4.0,2.0,17.339850389549802,14.758313212198711,0.01087242090514214,1.41318628178217e-15,999999999.9999985,34.88000000000002,34.88000000000002,5.307956292208879,2.3918123795334716,inf,0,0,0,0,-1,inf,0,-1,1,1,1,0,0,6080,0,0,0,2783,3297,1.749862748262735,3.944465057930691,False
following_lateral_offset,P3,15018,40,4.0,2.0,17.3387224390077,14.734000310257889,0.010888986779823234,1.6599464934191972e-15,999999999.9999985,34.890000000000015,34.890000000000015,5.298311051646539,2.3918123795334716,inf,0,0,0,0,-1,inf,0,-1,1,1,1,0,0,6080,0,0,0,2786,3294,1.749862748262735,3.944465057930691,False
following_lateral_offset,P4,15018,40,4.0,2.0,17.3387224390077,14.734000310257889,0.010888986779823234,1.6599464934191972e-15,999999999.9999985,34.890000000000015,34.890000000000015,5.298311051646539,2.3918123795334716,inf,0,0,0,0,-1,inf,0,-1,1,1,1,0,0,6080,0,0,0,2786,3294,1.749862748262735,3.944465057930691,False
following_lateral_offset,P0,15019,40,4.0,2.0,17.379402000456356,14.558268610327382,0.011205439091381445,5.550434363952798e-15,999999999.9999945,34.960000000000015,34.960000000000015,5.230831673835419,2.4628676902059503,inf,0,0,0,0,-1,inf,0,-1,1,1,1,0,0,6080,0,0,0,2738,3342,1.7486208977068436,4.0104055979938265,False
following_lateral_offset,P1,15019,40,4.0,2.0,17.409388287082855,14.76637448060737,0.010843382524459311,1.3744450798609372e-15,999999999.9999987,34.87666666666667,34.87666666666667,5.311171663996975,2.501521341817516,inf,0,0,0,0,-1,inf,0,-1,1,1,1,0,0,6080,0,0,0,2706,3374,1.7486208977068436,4.0104055979938265,False
following_lateral_offset,P2,15019,40,4.0,2.0,17.379402000456356,14.558268610327382,0.011205439091381445,5.550434363952798e-15,999999999.9999945,34.960000000000015,34.960000000000015,5.230831673835419,2.4628676902059503,inf,0,0,0,0,-1,inf,0,-1,1,1,1,0,0,6080,0,0,0,2738,3342,1.7486208977068436,4.0104055979938265,False
following_lateral_offset,P3,15019,40,4.0,2.0,17.379402000456356,14.558268610327382,0.011205439091381445,5.550434363952798e-15,999999999.9999945,34.960000000000015,34.960000000000015,5.230831673835419,2.4628676902059503,inf,0,0,0,0,-1,inf,0,-1,1,1,1,0,0,6080,0,0,0,2738,3342,1.7486208977068436,4.0104055979938265,False
following_lateral_offset,P4,15019,40,4.0,2.0,17.379402000456356,14.558268610327382,0.011205439091381445,5.550434363952798e-15,999999999.9999945,34.960000000000015,34.960000000000015,5.230831673835419,2.4628676902059503,inf,0,0,0,0,-1,inf,0,-1,1,1,1,0,0,6080,0,0,0,2738,3342,1.7486208977068436,4.0104055979938265,False
lane_choice,P0,15000,40,4.0,2.0,-1.4841772517946126,-13.800125353527465,0.7112488585418857,0.27149979741639463,728500202.5836054,12.99999999999999,12.882786325056207,16.782438462261936,inf,1.5013499953110632,0,0,0,0,-1,inf,0,-1,0,0,-1,0,0,6080,1879,0,1762,0,2439,1.649674481586056,3.980724900701573,False
lane_choice,P1,15000,40,4.0,2.0,11.415283391778743,7.917465961148334,0.1974985300149305,9.757018575009285e-05,999902429.81425,12.999999999999991,12.91210617836171,16.755131274768452,6.1060366622275195,1.5001885304115121,0,0,0,0,-1,inf,0,-1,0,0,-1,0,0,6080,1784,0,1780,0,2516,1.649674481586056,3.980724900701573,False
lane_choice,P2,15000,40,4.0,2.0,12.008701804632036,8.229738049872287,0.15881413145339823,3.7394747089857576e-05,999962605.2529103,12.999999999999991,12.904499009576284,16.74847084715829,6.1060366622275195,1.5001177930900464,0,0,0,0,-1,inf,0,-1,0,0,-1,0,0,6080,1612,0,1861,0,2607,1.649674481586056,3.980724900701573,False
lane_choice,P3,15000,40,4.0,2.0,11.415283391778743,7.917465961148334,0.1974985300149305,9.757018575009285e-05,999902429.81425,12.999999999999991,12.91210617836171,16.755131274768452,6.1060366622275195,1.5001885304115121,0,0,0,0,-1,inf,0,-1,0,0,-1,0,0,6080,1784,0,1780,0,2516,1.649674481586056,3.980724900701573,False
lane_choice,P4,15000,40,4.0,2.0,12.011930681626641,8.339167020023577,0.15681014940403565,3.197086409443261e-05,999968029.1359055,12.99999999999999,12.903358507552323,16.74847084715829,6.1060366622275195,1.508038196389593,0,0,0,0,-1,inf,0,-1,0,0,-1,0,0,6080,1616,0,1788,0,2676,1.649674481586056,3.980724900701573,False
lane_choice,P0,15001,40,4.0,2.0,-1.4841772517946126,-13.800125353527465,0.7112488585418857,0.27149979741639463,728500202.5836054,12.99999999999999,12.882786325056207,16.782438462261936,inf,1.5013499953110632,0,0,0,0,-1,inf,0,-1,0,0,-1,0,0,6080,1879,0,1762,0,2439,1.8292554926996771,4.262830557993311,False
lane_choice,P1,15001,40,4.0,2.0,11.415283391778743,7.917465961148334,0.1974985300149305,9.757018575009285e-05,999902429.81425,12.999999999999991,12.91210617836171,16.755131274768452,6.1060366622275195,1.5001885304115121,0,0,0,0,-1,inf,0,-1,0,0,-1,0,0,6080,1784,0,1780,0,2516,1.8292554926996771,4.262830557993311,False
lane_choice,P2,15001,40,4.0,2.0,12.011930681626641,8.339167020023577,0.15681014940403565,3.197086409443261e-05,999968029.1359055,12.99999999999999,12.903358507552323,16.74847084715829,6.1060366622275195,1.508038196389593,0,0,0,0,-1,inf,0,-1,0,0,-1,0,0,6080,1616,0,1788,0,2676,1.8292554926996771,4.262830557993311,False
lane_choice,P3,15001,40,4.0,2.0,12.076728932495755,9.263228055490746,0.13843144961890505,8.189156185971114e-06,999991810.8438139,12.99999999999999,12.911716648644994,16.757163456939804,6.1060366622275195,1.5028868179940864,0,0,0,0,-1,inf,0,-1,0,0,-1,0,0,6080,1729,0,1751,0,2600,1.8292554926996771,4.262830557993311,False
lane_choice,P4,15001,40,4.0,2.0,12.011930681626641,8.339167020023577,0.15681014940403565,3.197086409443261e-05,999968029.1359055,12.99999999999999,12.903358507552323,16.74847084715829,6.1060366622275195,1.508038196389593,0,0,0,0,-1,inf,0,-1,0,0,-1,0,0,6080,1616,0,1788,0,2676,1.8292554926996771,4.262830557993311,False
lane_choice,P0,15002,40,4.0,2.0,-1.4841772517946126,-13.800125353527465,0.7112488585418857,0.27149979741639463,728500202.5836054,12.99999999999999,12.882786325056207,16.782438462261936,inf,1.5013499953110632,0,0,0,0,-1,inf,0,-1,0,0,-1,0,0,6080,1879,0,1762,0,2439,2.008957958564017,4.630339818696664,False
lane_choice,P1,15002,40,4.0,2.0,11.415283391778743,7.917465961148334,0.1974985300149305,9.757018575009285e-05,999902429.81425,12.999999999999991,12.91210617836171,16.755131274768452,6.1060366622275195,1.5001885304115121,0,0,0,0,-1,inf,0,-1,0,0,-1,0,0,6080,1784,0,1780,0,2516,2.008957958564017,4.630339818696664,False
lane_choice,P2,15002,40,4.0,2.0,12.011930681626641,8.339167020023577,0.15681014940403565,3.197086409443261e-05,999968029.1359055,12.99999999999999,12.903358507552323,16.74847084715829,6.1060366622275195,1.508038196389593,0,0,0,0,-1,inf,0,-1,0,0,-1,0,0,6080,1616,0,1788,0,2676,2.008957958564017,4.630339818696664,False
lane_choice,P3,15002,40,4.0,2.0,11.745317892373032,8.685339274074892,0.16510820070869775,2.5949230389124718e-05,999974050.769611,12.999999999999996,12.910190221619104,16.75414086214862,6.1060366622275195,1.5000540543503091,0,0,0,0,-1,inf,0,-1,0,0,-1,0,0,6080,1704,0,1816,0,2560,2.008957958564017,4.630339818696664,False
lane_choice,P4,15002,40,4.0,2.0,12.011930681626641,8.339167020023577,0.15681014940403565,3.197086409443261e-05,999968029.1359055,12.99999999999999,12.903358507552323,16.74847084715829,6.1060366622275195,1.508038196389593,0,0,0,0,-1,inf,0,-1,0,0,-1,0,0,6080,1616,0,1788,0,2676,2.008957958564017,4.630339818696664,False
lane_choice,P0,15003,40,4.0,2.0,-1.4841772517946126,-13.800125353527465,0.7112488585418857,0.27149979741639463,728500202.5836054,12.99999999999999,12.882786325056207,16.782438462261936,inf,1.5013499953110632,0,0,0,0,-1,inf,0,-1,0,0,-1,0,0,6080,1879,0,1762,0,2439,1.7289471021370602,4.1328849475134355,False
lane_choice,P1,15003,40,4.0,2.0,11.415283391778743,7.917465961148334,0.1974985300149305,9.757018575009285e-05,999902429.81425,12.999999999999991,12.91210617836171,16.755131274768452,6.1060366622275195,1.5001885304115121,0,0,0,0,-1,inf,0,-1,0,0,-1,0,0,6080,1784,0,1780,0,2516,1.7289471021370602,4.1328849475134355,False
lane_choice,P2,15003,40,4.0,2.0,12.011930681626641,8.339167020023577,0.15681014940403565,3.197086409443261e-05,999968029.1359055,12.99999999999999,12.903358507552323,16.74847084715829,6.1060366622275195,1.508038196389593,0,0,0,0,-1,inf,0,-1,0,0,-1,0,0,6080,1616,0,1788,0,2676,1.7289471021370602,4.1328849475134355,False
lane_choice,P3,15003,40,4.0,2.0,11.745317892373032,8.685339274074892,0.16510820070869775,2.5949230389124718e-05,999974050.769611,12.999999999999996,12.910190221619104,16.75414086214862,6.1060366622275195,1.5000540543503091,0,0,0,0,-1,inf,0,-1,0,0,-1,0,0,6080,1704,0,1816,0,2560,1.7289471021370602,4.1328849475134355,False
lane_choice,P4,15003,40,4.0,2.0,12.011930681626641,8.339167020023577,0.15681014940403565,3.197086409443261e-05,999968029.1359055,12.99999999999999,12.903358507552323,16.74847084715829,6.1060366622275195,1.508038196389593,0,0,0,0,-1,inf,0,-1,0,0,-1,0,0,6080,1616,0,1788,0,2676,1.7289471021370602,4.1328849475134355,False
lane_choice,P0,15004,40,4.0,2.0,-1.4841772517946126,-13.800125353527465,0.7112488585418857,0.27149979741639463,728500202.5836054,12.99999999999999,12.882786325056207,16.782438462261936,inf,1.5013499953110632,0,0,0,0,-1,inf,0,-1,0,0,-1,0,0,6080,1879,0,1762,0,2439,1.7703965073196166,4.21300876498587,False
lane_choice,P1,15004,40,4.0,2.0,11.415283391778743,7.917465961148334,0.1974985300149305,9.757018575009285e-05,999902429.81425,12.999999999999991,12.91210617836171,16.755131274768452,6.1060366622275195,1.5001885304115121,0,0,0,0,-1,inf,0,-1,0,0,-1,0,0,6080,1784,0,1780,0,2516,1.7703965073196166,4.21300876498587,False
lane_choice,P2,15004,40,4.0,2.0,11.692534694579816,7.737611167851465,0.18323134530947308,8.03396674241568e-05,999919660.332576,12.99999999999999,12.90094040479751,16.74537999526075,6.1060366622275195,1.5026651257413706,0,0,0,0,-1,inf,0,-1,0,0,-1,0,0,6080,1577,0,1866,0,2637,1.7703965073196166,4.21300876498587,False
lane_choice,P3,15004,40,4.0,2.0,11.967059743362135,8.4329418123197,0.1586427196786054,2.8490085230152824e-05,999971509.9147699,12.999999999999993,12.90133401449049,16.747476673586238,6.1060366622275195,1.5092503614896562,0,0,0,0,-1,inf,0,-1,0,0,-1,0,0,6080,1585,0,1817,0,2678,1.7703965073196166,4.21300876498587,False
lane_choice,P4,15004,40,4.0,2.0,12.011930681626641,8.339167020023577,0.15681014940403565,3.197086409443261e-05,999968029.1359055,12.99999999999999,12.903358507552323,16.74847084715829,6.1060366622275195,1.508038196389593,0,0,0,0,-1,inf,0,-1,0,0,-1,0,0,6080,1616,0,1788,0,2676,1.7703965073196166,4.21300876498587,False
lane_choice,P0,15005,40,4.0,2.0,-1.4841772517946126,-13.800125353527465,0.7112488585418857,0.27149979741639463,728500202.5836054,12.99999999999999,12.882786325056207,16.782438462261936,inf,1.5013499953110632,0,0,0,0,-1,inf,0,-1,0,0,-1,0,0,6080,1879,0,1762,0,2439,1.855094187939347,4.367070372152405,False
lane_choice,P1,15005,40,4.0,2.0,11.774571468909128,8.864510842673633,0.1650053882993474,2.0320664283531396e-05,999979679.3357166,12.999999999999991,12.90832076244491,16.74847084715829,6.1060366622275195,1.5014545503952075,0,0,0,0,-1,inf,0,-1,0,0,-1,0,0,6080,1691,0,1829,0,2560,1.855094187939347,4.367070372152405,False
lane_choice,P2,15005,40,4.0,2.0,9.442138725861042,5.261737385831458,0.42628233700490614,0.003224800907712433,996775199.0922874,12.99999999999999,12.898306838071617,16.743070553705927,6.1060366622275195,1.5008971974299756,0,0,0,0,-1,inf,0,-1,0,0,-1,0,0,6080,1770,0,1799,0,2511,1.855094187939347,4.367070372152405,False
lane_choice,P3,15005,40,4.0,2.0,11.644041212935715,7.922005714062466,0.18339310862800912,6.358736524925006e-05,999936412.6347507,12.999999999999996,12.897657439087379,16.744258271972367,6.1060366622275195,1.5134672466476218,0,0,0,0,-1,inf,0,-1,0,0,-1,0,0,6080,1596,0,1826,0,2658,1.855094187939347,4.367070372152405,False
lane_choice,P4,15005,40,4.0,2.0,12.011930681626641,8.339167020023577,0.15681014940403565,3.197086409443261e-05,999968029.1359055,12.99999999999999,12.903358507552323,16.74847084715829,6.1060366622275195,1.508038196389593,0,0,0,0,-1,inf,0,-1,0,0,-1,0,0,6080,1616,0,1788,0,2676,1.855094187939347,4.367070372152405,False
lane_choice,P0,15006,40,4.0,2.0,-1.4841772517946126,-13.800125353527465,0.7112488585418857,0.27149979741639463,728500202.5836054,12.99999999999999,12.882786325056207,16.782438462261936,inf,1.5013499953110632,0,0,0,0,-1,inf,0,-1,0,0,-1,0,0,6080,1879,0,1762,0,2439,1.674015596477006,3.9817003595050027,False
lane_choice,P1,15006,40,4.0,2.0,11.415283391778743,7.917465961148334,0.1974985300149305,9.757018575009285e-05,999902429.81425,12.999999999999991,12.91210617836171,16.755131274768452,6.1060366622275195,1.5001885304115121,0,0,0,0,-1,inf,0,-1,0,0,-1,0,0,6080,1784,0,1780,0,2516,1.674015596477006,3.9817003595050027,False
lane_choice,P2,15006,40,4.0,2.0,12.030364578987355,8.274701614065629,0.15568613803943815,3.504439662125876e-05,999964955.6033787,12.999999999999991,12.904611142055042,16.74847084715829,6.1060366622275195,1.5070833792626344,0,0,0,0,-1,inf,0,-1,0,0,-1,0,0,6080,1621,0,1786,0,2673,1.674015596477006,3.9817003595050027,False
lane_choice,P3,15006,40,4.0,2.0,11.415283391778743,7.917465961148334,0.1974985300149305,9.757018575009285e-05,999902429.81425,12.999999999999991,12.91210617836171,16.755131274768452,6.1060366622275195,1.5001885304115121,0,0,0,0,-1,inf,0,-1,0,0,-1,0,0,6080,1784,0,1780,0,2516,1.674015596477006,3.9817003595050027,False
lane_choice,P4,15006,40,4.0,2.0,12.011930681626641,8.339167020023577,0.15681014940403565,3.197086409443261e-05,999968029.1359055,12.99999999999999,12.903358507552323,16.74847084715829,6.1060366622275195,1.508038196389593,0,0,0,0,-1,inf,0,-1,0,0,-1,0,0,6080,1616,0,1788,0,2676,1.674015596477006,3.9817003595050027,False
lane_choice,P0,15007,40,4.0,2.0,-1.4841772517946126,-13.800125353527465,0.7112488585418857,0.27149979741639463,728500202.5836054,12.99999999999999,12.882786325056207,16.782438462261936,inf,1.5013499953110632,0,0,0,0,-1,inf,0,-1,0,0,-1,0,0,6080,1879,0,1762,0,2439,1.815551637675488,4.306373864150537,False
lane_choice,P1,15007,40,4.0,2.0,11.415283391778743,7.917465961148334,0.1974985300149305,9.757018575009285e-05,999902429.81425,12.999999999999991,12.91210617836171,16.755131274768452,6.1060366622275195,1.5001885304115121,0,0,0,0,-1,inf,0,-1,0,0,-1,0,0,6080,1784,0,1780,0,2516,1.815551637675488,4.306373864150537,False
lane_choice,P2,15007,40,4.0,2.0,12.006669292576891,8.339167020023577,0.15719914595329887,3.211108957552374e-05,999967888.9104245,12.99999999999999,12.903343972408566,16.74847084715829,6.1060366622275195,1.5076951843659407,0,0,0,0,-1,inf,0,-1,0,0,-1,0,0,6080,1600,0,1804,0,2676,1.815551637675488,4.306373864150537,False
lane_choice,P3,15007,40,4.0,2.0,11.415283391778743,7.917465961148334,0.1974985300149305,9.757018575009285e-05,999902429.81425,12.999999999999991,12.91210617836171,16.755131274768452,6.1060366622275195,1.5001885304115121,0,0,0,0,-1,inf,0,-1,0,0,-1,0,0,6080,1784,0,1780,0,2516,1.815551637675488,4.306373864150537,False
lane_choice,P4,15007,40,4.0,2.0,12.011930681626641,8.339167020023577,0.15681014940403565,3.197086409443261e-05,999968029.1359055,12.99999999999999,12.903358507552323,16.74847084715829,6.1060366622275195,1.508038196389593,0,0,0,0,-1,inf,0,-1,0,0,-1,0,0,6080,1616,0,1788,0,2676,1.815551637675488,4.306373864150537,False
lane_choice,P0,15008,40,4.0,2.0,-1.4841772517946126,-13.800125353527465,0.7112488585418857,0.27149979741639463,728500202.5836054,12.99999999999999,12.882786325056207,16.782438462261936,inf,1.5013499953110632,0,0,0,0,-1,inf,0,-1,0,0,-1,0,0,6080,1879,0,1762,0,2439,1.6389142043786613,4.035794492444493,False
lane_choice,P1,15008,40,4.0,2.0,11.415283391778743,7.917465961148334,0.1974985300149305,9.757018575009285e-05,999902429.81425,12.999999999999991,12.91210617836171,16.755131274768452,6.1060366622275195,1.5001885304115121,0,0,0,0,-1,inf,0,-1,0,0,-1,0,0,6080,1784,0,1780,0,2516,1.6389142043786613,4.035794492444493,False
lane_choice,P2,15008,40,4.0,2.0,12.008701804632036,8.229738049872287,0.15881413145339823,3.7394747089857576e-05,999962605.2529103,12.999999999999991,12.904499009576284,16.74847084715829,6.1060366622275195,1.5001177930900464,0,0,0,0,-1,inf,0,-1,0,0,-1,0,0,6080,1612,0,1861,0,2607,1.6389142043786613,4.035794492444493,False
lane_choice,P3,15008,40,4.0,2.0,11.415283391778743,7.917465961148334,0.1974985300149305,9.757018575009285e-05,999902429.81425,12.999999999999991,12.91210617836171,16.755131274768452,6.1060366622275195,1.5001885304115121,0,0,0,0,-1,inf,0,-1,0,0,-1,0,0,6080,1784,0,1780,0,2516,1.6389142043786613,4.035794492444493,False
lane_choice,P4,15008,40,4.0,2.0,12.011930681626641,8.339167020023577,0.15681014940403565,3.197086409443261e-05,999968029.1359055,12.99999999999999,12.903358507552323,16.74847084715829,6.1060366622275195,1.508038196389593,0,0,0,0,-1,inf,0,-1,0,0,-1,0,0,6080,1616,0,1788,0,2676,1.6389142043786613,4.035794492444493,False
lane_choice,P0,15009,40,4.0,2.0,-1.4841772517946126,-13.800125353527465,0.7112488585418857,0.27149979741639463,728500202.5836054,12.99999999999999,12.882786325056207,16.782438462261936,inf,1.5013499953110632,0,0,0,0,-1,inf,0,-1,0,0,-1,0,0,6080,1879,0,1762,0,2439,1.7216598038848183,4.200261905416713,False
lane_choice,P1,15009,40,4.0,2.0,11.415283391778743,7.917465961148334,0.1974985300149305,9.757018575009285e-05,999902429.81425,12.999999999999991,12.91210617836171,16.755131274768452,6.1060366622275195,1.5001885304115121,0,0,0,0,-1,inf,0,-1,0,0,-1,0,0,6080,1784,0,1780,0,2516,1.7216598038848183,4.200261905416713,False
lane_choice,P2,15009,40,4.0,2.0,12.10846277555633,8.783780876789407,0.1467584698392844,1.6328797180109004e-05,999983671.2028201,12.99999999999999,12.905349679254607,16.74847084715829,6.1060366622275195,1.5010597912286787,0,0,0,0,-1,inf,0,-1,0,0,-1,0,0,6080,1617,0,1797,0,2666,1.7216598038848183,4.200261905416713,False
lane_choice,P3,15009,40,4.0,2.0,11.415283391778743,7.917465961148334,0.1974985300149305,9.757018575009285e-05,999902429.81425,12.999999999999991,12.91210617836171,16.755131274768452,6.1060366622275195,1.5001885304115121,0,0,0,0,-1,inf,0,-1,0,0,-1,0,0,6080,1784,0,1780,0,2516,1.7216598038848183,4.200261905416713,False
lane_choice,P4,15009,40,4.0,2.0,12.011930681626641,8.339167020023577,0.15681014940403565,3.197086409443261e-05,999968029.1359055,12.99999999999999,12.903358507552323,16.74847084715829,6.1060366622275195,1.508038196389593,0,0,0,0,-1,inf,0,-1,0,0,-1,0,0,6080,1616,0,1788,0,2676,1.7216598038848183,4.200261905416713,False
lane_choice,P0,15010,40,4.0,2.0,-1.4841772517946126,-13.800125353527465,0.7112488585418857,0.27149979741639463,728500202.5836054,12.99999999999999,12.882786325056207,16.782438462261936,inf,1.5013499953110632,0,0,0,0,-1,inf,0,-1,0,0,-1,0,0,6080,1879,0,1762,0,2439,1.8414214584696835,4.42399105204294,False
lane_choice,P1,15010,40,4.0,2.0,11.415283391778743,7.917465961148334,0.1974985300149305,9.757018575009285e-05,999902429.81425,12.999999999999991,12.91210617836171,16.755131274768452,6.1060366622275195,1.5001885304115121,0,0,0,0,-1,inf,0,-1,0,0,-1,0,0,6080,1784,0,1780,0,2516,1.8414214584696835,4.42399105204294,False
lane_choice,P2,15010,40,4.0,2.0,12.006669292576891,8.339167020023577,0.15719914595329887,3.211108957552374e-05,999967888.9104245,12.99999999999999,12.903343972408566,16.74847084715829,6.1060366622275195,1.5076951843659407,0,0,0,0,-1,inf,0,-1,0,0,-1,0,0,6080,1600,0,1804,0,2676,1.8414214584696835,4.42399105204294,False
lane_choice,P3,15010,40,4.0,2.0,12.076728932495755,9.263228055490746,0.13843144961890505,8.189156185971114e-06,999991810.8438139,12.99999999999999,12.911716648644994,16.757163456939804,6.1060366622275195,1.5028868179940864,0,0,0,0,-1,inf,0,-1,0,0,-1,0,0,6080,1729,0,1751,0,2600,1.8414214584696835,4.42399105204294,False
lane_choice,P4,15010,40,4.0,2.0,12.011930681626641,8.339167020023577,0.15681014940403565,3.197086409443261e-05,999968029.1359055,12.99999999999999,12.903358507552323,16.74847084715829,6.1060366622275195,1.508038196389593,0,0,0,0,-1,inf,0,-1,0,0,-1,0,0,6080,1616,0,1788,0,2676,1.8414214584696835,4.42399105204294,False
lane_choice,P0,15011,40,4.0,2.0,-1.4841772517946126,-13.800125353527465,0.7112488585418857,0.27149979741639463,728500202.5836054,12.99999999999999,12.882786325056207,16.782438462261936,inf,1.5013499953110632,0,0,0,0,-1,inf,0,-1,0,0,-1,0,0,6080,1879,0,1762,0,2439,1.889114587459774,4.394991433133541,False
lane_choice,P1,15011,40,4.0,2.0,11.415283391778743,7.917465961148334,0.1974985300149305,9.757018575009285e-05,999902429.81425,12.999999999999991,12.91210617836171,16.755131274768452,6.1060366622275195,1.5001885304115121,0,0,0,0,-1,inf,0,-1,0,0,-1,0,0,6080,1784,0,1780,0,2516,1.889114587459774,4.394991433133541,False
lane_choice,P2,15011,40,4.0,2.0,11.994151129574023,8.339167020023577,0.15814240210197242,3.244000943071595e-05,999967559.9905694,12.99999999999999,12.903343972408566,16.74847084715829,6.1060366622275195,1.5076951843659407,0,0,0,0,-1,inf,0,-1,0,0,-1,0,0,6080,1600,0,1804,0,2676,1.889114587459774,4.394991433133541,False
lane_choice,P3,15011,40,4.0,2.0,11.745317892373032,8.685339274074892,0.16510820070869775,2.5949230389124718e-05,999974050.769611,12.999999999999996,12.910190221619104,16.75414086214862,6.1060366622275195,1.5000540543503091,0,0,0,0,-1,inf,0,-1,0,0,-1,0,0,6080,1704,0,1816,0,2560,1.889114587459774,4.394991433133541,False
lane_choice,P4,15011,40,4.0,2.0,12.011930681626641,8.339167020023577,0.15681014940403565,3.197086409443261e-05,999968029.1359055,12.99999999999999,12.903358507552323,16.74847084715829,6.1060366622275195,1.508038196389593,0,0,0,0,-1,inf,0,-1,0,0,-1,0,0,6080,1616,0,1788,0,2676,1.889114587459774,4.394991433133541,False
lane_choice,P0,15012,40,4.0,2.0,-1.4841772517946126,-13.800125353527465,0.7112488585418857,0.27149979741639463,728500202.5836054,12.99999999999999,12.882786325056207,16.782438462261936,inf,1.5013499953110632,0,0,0,0,-1,inf,0,-1,0,0,-1,0,0,6080,1879,0,1762,0,2439,1.7215546000258424,4.132036440735194,False
lane_choice,P1,15012,40,4.0,2.0,11.415283391778743,7.917465961148334,0.1974985300149305,9.757018575009285e-05,999902429.81425,12.999999999999991,12.91210617836171,16.755131274768452,6.1060366622275195,1.5001885304115121,0,0,0,0,-1,inf,0,-1,0,0,-1,0,0,6080,1784,0,1780,0,2516,1.7215546000258424,4.132036440735194,False
lane_choice,P2,15012,40,4.0,2.0,12.004846002929833,8.39448333904421,0.15610001630200873,2.9520593791208435e-05,999970479.4062088,12.999999999999993,12.902589135019047,16.747476673586238,6.1060366622275195,1.5086487573915592,0,0,0,0,-1,inf,0,-1,0,0,-1,0,0,6080,1608,0,1796,0,2676,1.7215546000258424,4.132036440735194,False
lane_choice,P3,15012,40,4.0,2.0,12.076728932495755,9.263228055490746,0.13843144961890505,8.189156185971114e-06,999991810.8438139,12.99999999999999,12.911716648644994,16.757163456939804,6.1060366622275195,1.5028868179940864,0,0,0,0,-1,inf,0,-1,0,0,-1,0,0,6080,1729,0,1751,0,2600,1.7215546000258424,4.132036440735194,False
lane_choice,P4,15012,40,4.0,2.0,12.011930681626641,8.339167020023577,0.15681014940403565,3.197086409443261e-05,999968029.1359055,12.99999999999999,12.903358507552323,16.74847084715829,6.1060366622275195,1.508038196389593,0,0,0,0,-1,inf,0,-1,0,0,-1,0,0,6080,1616,0,1788,0,2676,1.7215546000258424,4.132036440735194,False
lane_choice,P0,15013,40,4.0,2.0,-1.4841772517946126,-13.800125353527465,0.7112488585418857,0.27149979741639463,728500202.5836054,12.99999999999999,12.882786325056207,16.782438462261936,inf,1.5013499953110632,0,0,0,0,-1,inf,0,-1,0,0,-1,0,0,6080,1879,0,1762,0,2439,1.8750042090334138,4.295805285838288,False
lane_choice,P1,15013,40,4.0,2.0,11.415283391778743,7.917465961148334,0.1974985300149305,9.757018575009285e-05,999902429.81425,12.999999999999991,12.91210617836171,16.755131274768452,6.1060366622275195,1.5001885304115121,0,0,0,0,-1,inf,0,-1,0,0,-1,0,0,6080,1784,0,1780,0,2516,1.8750042090334138,4.295805285838288,False
lane_choice,P2,15013,40,4.0,2.0,12.101132847578397,8.783780876789407,0.14732170842461895,1.652940373108823e-05,999983470.5962689,12.99999999999999,12.905349679254607,16.74847084715829,6.1060366622275195,1.5010597912286787,0,0,0,0,-1,inf,0,-1,0,0,-1,0,0,6080,1602,0,1812,0,2666,1.8750042090334138,4.295805285838288,False
lane_choice,P3,15013,40,4.0,2.0,11.415283391778743,7.917465961148334,0.1974985300149305,9.757018575009285e-05,999902429.81425,12.999999999999991,12.91210617836171,16.755131274768452,6.1060366622275195,1.5001885304115121,0,0,0,0,-1,inf,0,-1,0,0,-1,0,0,6080,1784,0,1780,0,2516,1.8750042090334138,4.295805285838288,False
lane_choice,P4,15013,40,4.0,2.0,12.011930681626641,8.339167020023577,0.15681014940403565,3.197086409443261e-05,999968029.1359055,12.99999999999999,12.903358507552323,16.74847084715829,6.1060366622275195,1.508038196389593,0,0,0,0,-1,inf,0,-1,0,0,-1,0,0,6080,1616,0,1788,0,2676,1.8750042090334138,4.295805285838288,False
lane_choice,P0,15014,40,4.0,2.0,-1.4841772517946126,-13.800125353527465,0.7112488585418857,0.27149979741639463,728500202.5836054,12.99999999999999,12.882786325056207,16.782438462261936,inf,1.5013499953110632,0,0,0,0,-1,inf,0,-1,0,0,-1,0,0,6080,1879,0,1762,0,2439,1.665855052862541,4.040942121384385,False
lane_choice,P1,15014,40,4.0,2.0,11.415283391778743,7.917465961148334,0.1974985300149305,9.757018575009285e-05,999902429.81425,12.999999999999991,12.91210617836171,16.755131274768452,6.1060366622275195,1.5001885304115121,0,0,0,0,-1,inf,0,-1,0,0,-1,0,0,6080,1784,0,1780,0,2516,1.665855052862541,4.040942121384385,False
lane_choice,P2,15014,40,4.0,2.0,12.003633799522168,8.350570069085126,0.15675953905088255,3.1349235258126525e-05,999968650.7647419,12.999999999999991,12.902939065224487,16.746449236149434,6.1060366622275195,1.5001257136001795,0,0,0,0,-1,inf,0,-1,0,0,-1,0,0,6080,1578,0,1891,0,2611,1.665855052862541,4.040942121384385,False
lane_choice,P3,15014,40,4.0,2.0,11.415283391778743,7.917465961148334,0.1974985300149305,9.757018575009285e-05,999902429.81425,12.999999999999991,12.91210617836171,16.755131274768452,6.1060366622275195,1.5001885304115121,0,0,0,0,-1,inf,0,-1,0,0,-1,0,0,6080,1784,0,1780,0,2516,1.665855052862541,4.040942121384385,False
lane_choice,P4,15014,40,4.0,2.0,12.011930681626641,8.339167020023577,0.15681014940403565,3.197086409443261e-05,999968029.1359055,12.99999999999999,12.903358507552323,16.74847084715829,6.1060366622275195,1.508038196389593,0,0,0,0,-1,inf,0,-1,0,0,-1,0,0,6080,1616,0,1788,0,2676,1.665855052862541,4.040942121384385,False
lane_choice,P0,15015,40,4.0,2.0,-1.4841772517946126,-13.800125353527465,0.7112488585418857,0.27149979741639463,728500202.5836054,12.99999999999999,12.882786325056207,16.782438462261936,inf,1.5013499953110632,0,0,0,0,-1,inf,0,-1,0,0,-1,0,0,6080,1879,0,1762,0,2439,1.8910398438856024,4.359036561409911,False
lane_choice,P1,15015,40,4.0,2.0,11.745317892373032,8.685339274074892,0.16510820070869775,2.5949230389124718e-05,999974050.769611,12.999999999999996,12.910190221619104,16.75414086214862,6.1060366622275195,1.5000540543503091,0,0,0,0,-1,inf,0,-1,0,0,-1,0,0,6080,1704,0,1816,0,2560,1.8910398438856024,4.359036561409911,False
lane_choice,P2,15015,40,4.0,2.0,10.377378381691624,6.359241483953542,0.32074078480850243,0.0010118365022896841,998988163.4977102,12.999999999999993,12.908228620119699,16.74847084715829,6.1060366622275195,1.5054522843923368,0,0,0,0,-1,inf,0,-1,0,0,-1,0,0,6080,1834,0,1711,0,2535,1.8910398438856024,4.359036561409911,False
lane_choice,P3,15015,40,4.0,2.0,11.724101155926135,8.71113664209406,0.16877881955397006,2.629946675616683e-05,999973700.5332439,12.999999999999995,12.906925786351799,16.751005614868024,6.1060366622275195,1.5002385066918666,0,0,0,0,-1,inf,0,-1,0,0,-1,0,0,6080,1670,0,1885,0,2525,1.8910398438856024,4.359036561409911,False
lane_choice,P4,15015,40,4.0,2.0,12.011930681626641,8.339167020023577,0.15681014940403565,3.197086409443261e-05,999968029.1359055,12.99999999999999,12.903358507552323,16.74847084715829,6.1060366622275195,1.508038196389593,0,0,0,0,-1,inf,0,-1,0,0,-1,0,0,6080,1616,0,1788,0,2676,1.8910398438856024,4.359036561409911,False
lane_choice,P0,15016,40,4.0,2.0,-1.4841772517946126,-13.800125353527465,0.7112488585418857,0.27149979741639463,728500202.5836054,12.99999999999999,12.882786325056207,16.782438462261936,inf,1.5013499953110632,0,0,0,0,-1,inf,0,-1,0,0,-1,0,0,6080,1879,0,1762,0,2439,1.8750020780479115,4.293093220845309,False
lane_choice,P1,15016,40,4.0,2.0,11.435182525296545,8.012373056845629,0.19517708609454484,8.383575704004449e-05,999916164.24296,12.99999999999999,12.910819574708963,16.753017151880435,6.1060366622275195,1.501167547298801,0,0,0,0,-1,inf,0,-1,0,0,-1,0,0,6080,1768,0,1784,0,2528,1.8750020780479115,4.293093220845309,False
lane_choice,P2,15016,40,4.0,2.0,11.688149806161638,7.78461867199141,0.18227791446486424,7.531207105671112e-05,999924687.9289434,12.999999999999995,12.900021753913492,16.744258271972367,6.1060366622275195,1.503391720901357,0,0,0,0,-1,inf,0,-1,0,0,-1,0,0,6080,1567,0,1874,0,2639,1.8750020780479115,4.293093220845309,False
lane_choice,P3,15016,40,4.0,2.0,11.863250199052143,9.22089698890259,0.15799043770156987,1.4034168112434702e-05,999985965.8318875,12.999999999999998,12.904472044256531,16.747725155669244,6.1060366622275195,1.5002284245268873,0,0,0,0,-1,inf,0,-1,0,0,-1,0,0,6080,1618,0,1856,0,2606,1.8750020780479115,4.293093220845309,False
lane_choice,P4,15016,40,4.0,2.0,12.011930681626641,8.339167020023577,0.15681014940403565,3.197086409443261e-05,999968029.1359055,12.99999999999999,12.903358507552323,16.74847084715829,6.1060366622275195,1.508038196389593,0,0,0,0,-1,inf,0,-1,0,0,-1,0,0,6080,1616,0,1788,0,2676,1.8750020780479115,4.293093220845309,False
lane_choice,P0,15017,40,4.0,2.0,-1.4841772517946126,-13.800125353527465,0.7112488585418857,0.27149979741639463,728500202.5836054,12.99999999999999,12.882786325056207,16.782438462261936,inf,1.5013499953110632,0,0,0,0,-1,inf,0,-1,0,0,-1,0,0,6080,1879,0,1762,0,2439,1.7722121899714303,4.209550871875832,False
lane_choice,P1,15017,40,4.0,2.0,11.415283391778743,7.917465961148334,0.1974985300149305,9.757018575009285e-05,999902429.81425,12.999999999999991,12.91210617836171,16.755131274768452,6.1060366622275195,1.5001885304115121,0,0,0,0,-1,inf,0,-1,0,0,-1,0,0,6080,1784,0,1780,0,2516,1.7722121899714303,4.209550871875832,False
lane_choice,P2,15017,40,4.0,2.0,12.008701804632036,8.229738049872287,0.15881413145339823,3.7394747089857576e-05,999962605.2529103,12.999999999999991,12.904499009576284,16.74847084715829,6.1060366622275195,1.5001177930900464,0,0,0,0,-1,inf,0,-1,0,0,-1,0,0,6080,1612,0,1861,0,2607,1.7722121899714303,4.209550871875832,False
lane_choice,P3,15017,40,4.0,2.0,12.076728932495755,9.263228055490746,0.13843144961890505,8.189156185971114e-06,999991810.8438139,12.99999999999999,12.911716648644994,16.757163456939804,6.1060366622275195,1.5028868179940864,0,0,0,0,-1,inf,0,-1,0,0,-1,0,0,6080,1729,0,1751,0,2600,1.7722121899714303,4.209550871875832,False
lane_choice,P4,15017,40,4.0,2.0,12.011930681626641,8.339167020023577,0.15681014940403565,3.197086409443261e-05,999968029.1359055,12.99999999999999,12.903358507552323,16.74847084715829,6.1060366622275195,1.508038196389593,0,0,0,0,-1,inf,0,-1,0,0,-1,0,0,6080,1616,0,1788,0,2676,1.7722121899714303,4.209550871875832,False
lane_choice,P0,15018,40,4.0,2.0,-1.4841772517946126,-13.800125353527465,0.7112488585418857,0.27149979741639463,728500202.5836054,12.99999999999999,12.882786325056207,16.782438462261936,inf,1.5013499953110632,0,0,0,0,-1,inf,0,-1,0,0,-1,0,0,6080,1879,0,1762,0,2439,1.8185272637695724,4.236232875452553,False
lane_choice,P1,15018,40,4.0,2.0,11.415283391778743,7.917465961148334,0.1974985300149305,9.757018575009285e-05,999902429.81425,12.999999999999991,12.91210617836171,16.755131274768452,6.1060366622275195,1.5001885304115121,0,0,0,0,-1,inf,0,-1,0,0,-1,0,0,6080,1784,0,1780,0,2516,1.8185272637695724,4.236232875452553,False
lane_choice,P2,15018,40,4.0,2.0,12.003801535674015,8.30317609867053,0.15770970069748805,3.362030996009834e-05,999966379.6900399,12.999999999999993,12.90378423508218,16.747476673586238,6.1060366622275195,1.5006896560409806,0,0,0,0,-1,inf,0,-1,0,0,-1,0,0,6080,1603,0,1869,0,2608,1.8185272637695724,4.236232875452553,False
lane_choice,P3,15018,40,4.0,2.0,11.745317892373032,8.685339274074892,0.16510820070869775,2.5949230389124718e-05,999974050.769611,12.999999999999996,12.910190221619104,16.75414086214862,6.1060366622275195,1.5000540543503091,0,0,0,0,-1,inf,0,-1,0,0,-1,0,0,6080,1704,0,1816,0,2560,1.8185272637695724,4.236232875452553,False
lane_choice,P4,15018,40,4.0,2.0,12.011930681626641,8.339167020023577,0.15681014940403565,3.197086409443261e-05,999968029.1359055,12.99999999999999,12.903358507552323,16.74847084715829,6.1060366622275195,1.508038196389593,0,0,0,0,-1,inf,0,-1,0,0,-1,0,0,6080,1616,0,1788,0,2676,1.8185272637695724,4.236232875452553,False
lane_choice,P0,15019,40,4.0,2.0,-1.4841772517946126,-13.800125353527465,0.7112488585418857,0.27149979741639463,728500202.5836054,12.99999999999999,12.882786325056207,16.782438462261936,inf,1.5013499953110632,0,0,0,0,-1,inf,0,-1,0,0,-1,0,0,6080,1879,0,1762,0,2439,1.8203285523707333,4.281639014270601,False
lane_choice,P1,15019,40,4.0,2.0,11.758934634062106,8.774627668072812,0.16437011258981962,2.2394814054187187e-05,999977605.1859459,12.999999999999993,12.90887192507583,16.752025539288738,6.1060366622275195,1.501057888153312,0,0,0,0,-1,inf,0,-1,0,0,-1,0,0,6080,1698,0,1823,0,2559,1.8203285523707333,4.281639014270601,False
lane_choice,P2,15019,40,4.0,2.0,11.832741258051616,8.335939670729472,0.16651268150172335,3.279417761282451e-05,999967205.8223871,12.999999999999995,12.900148708289226,16.74537999526075,6.1060366622275195,1.5096519956738716,0,0,0,0,-1,inf,0,-1,0,0,-1,0,0,6080,1593,0,1842,0,2645,1.8203285523707333,4.281639014270601,False
lane_choice,P3,15019,40,4.0,2.0,11.758934634062106,8.774627668072812,0.16437011258981962,2.2394814054187187e-05,999977605.1859459,12.999999999999993,12.90887192507583,16.752025539288738,6.1060366622275195,1.501057888153312,0,0,0,0,-1,inf,0,-1,0,0,-1,0,0,6080,1698,0,1823,0,2559,1.8203285523707333,4.281639014270601,False
lane_choice,P4,15019,40,4.0,2.0,12.011930681626641,8.339167020023577,0.15681014940403565,3.197086409443261e-05,999968029.1359055,12.99999999999999,12.903358507552323,16.74847084715829,6.1060366622275195,1.508038196389593,0,0,0,0,-1,inf,0,-1,0,0,-1,0,0,6080,1616,0,1788,0,2676,1.8203285523707333,4.281639014270601,False
overtake,P0,15000,50,5.0,2.0,20.13690770115345,17.04736030859877,0.0034368154677588175,1.4660866183987204e-24,1000000000.0,43.75066666666666,43.73405038797269,5.322239584987701,3.316541566266137,inf,0,0,0,0,-1,inf,0,-1,0,0,-1,0,0,7600,2156,0,0,1642,3802,1.4657649397857957,3.4119738841445426,False
overtake,P1,15000,50,5.0,2.0,18.926192119806124,15.148541799981148,0.0055097467181979085,6.162846954524991e-17,1000000000.0,43.730000000000025,43.7062077586633,5.43209047677035,3.380879355331858,inf,0,0,0,0,-1,inf,0,-1,0,0,-1,0,0,7600,2776,0,0,1343,3481,1.4657649397857957,3.4119738841445426,False
overtake,P2,15000,50,5.0,2.0,20.13690770115345,17.04736030859877,0.0034368154677588175,1.4660866183987204e-24,1000000000.0,43.75066666666666,43.73405038797269,5.322239584987701,3.316541566266137,inf,0,0,0,0,-1,inf,0,-1,0,0,-1,0,0,7600,2156,0,0,1642,3802,1.4657649397857957,3.4119738841445426,False
overtake,P3,15000,50,5.0,2.0,20.13690770115345,17.04736030859877,0.0034368154677588175,1.4660866183987204e-24,1000000000.0,43.75066666666666,43.73405038797269,5.322239584987701,3.316541566266137,inf,0,0,0,0,-1,inf,0,-1,0,0,-1,0,0,7600,2156,0,0,1642,3802,1.4657649397857957,3.4119738841445426,False
overtake,P4,15000,50,5.0,2.0,20.136034301028854,17.04736030859877,0.0034371375723927546,1.4660866183987204e-24,1000000000.0,43.7346666666667,43.71805039854213,5.338073516941052,3.316541566266137,inf,0,0,0,0,-1,inf,0,-1,0,0,-1,0,0,7600,2156,0,0,1637,3807,1.4657649397857957,3.4119738841445426,False
overtake,P0,15001,50,5.0,2.0,21.048339407494378,17.021873918939484,0.0030537876526584937,1.4043478306312239e-24,1000000000.0,44.124666666666656,44.12413801712547,4.878910467268738,2.6151454306239974,inf,0,0,0,0,-1,inf,0,-1,0,0,-1,0,0,7600,43,0,0,2732,4825,1.5777884826685755,3.7168434310554432,False
overtake,P1,15001,50,5.0,2.0,20.991005974475534,17.04736030859877,0.003023167483580842,1.0614678180961035e-24,1000000000.0,43.97999999999999,43.97947152432652,5.0265645095397815,2.694570714375638,inf,0,0,0,0,-1,inf,0,-1,0,0,-1,0,0,7600,44,0,0,2681,4875,1.5777884826685755,3.7168434310554432,False
overtake,P2,15001,50,5.0,2.0,20.96373204631667,17.04736030859877,0.0030738950888589494,1.0621475146452764e-24,1000000000.0,44.10133333333333,44.100804711835316,4.905390071203435,2.6266734987830374,inf,0,0,0,0,-1,inf,0,-1,0,0,-1,0,0,7600,44,0,0,2713,4843,1.5777884826685755,3.7168434310554432,False
overtake,P3,15001,50,5.0,2.0,20.96373204631667,17.04736030859877,0.0030738950888589494,1.0621475146452764e-24,1000000000.0,44.10133333333333,44.100804711835316,4.905390071203435,2.6266734987830374,inf,0,0,0,0,-1,inf,0,-1,0,0,-1,0,0,7600,44,0,0,2713,4843,1.5777884826685755,3.7168434310554432,False
overtake,P4,15001,50,5.0,2.0,20.96373204631667,17.04736030859877,0.0030738950888589494,1.0621475146452764e-24,1000000000.0,44.10133333333333,44.100804711835316,4.905390071203435,2.6266734987830374,inf,0,0,0,0,-1,inf,0,-1,0,0,-1,0,0,7600,44,0,0,2713,4843,1.5777884826685755,3.7168434310554432,False
overtake,P0,15002,50,5.0,2.0,20.761826028883032,17.021873918939484,0.003201491055969414,1.404847152035125e-24,1000000000.0,43.760666666666665,43.76013845459909,5.242716971240482,2.7449306480926667,inf,0,0,0,0,-1,inf,0,-1,0,0,-1,0,0,7600,43,0,0,2598,4959,1.717681773053612,3.8018688815184594,False
overtake,P1,15002,50,5.0,2.0,20.907993455661398,17.021873918939484,0.003110612792186803,1.4048464594249489e-24,1000000000.0,43.80000000000002,43.799471740659634,5.203403242552719,2.796822545842426,inf,0,0,0,0,-1,inf,0,-1,0,0,-1,0,0,7600,44,0,0,2633,4923,1.717681773053612,3.8018688815184594,False
overtake,P2,15002,50,5.0,2.0,15.684843548553681,8.668319210789832,0.05159673552304318,9.857766876207902e-06,999990142.2331238,43.665,43.64124386643088,5.602545455927517,inf,inf,0,0,0,0,-1,inf,0,-1,0,0,-1,0,0,7600,2745,0,0,1236,3619,1.717681773053612,3.8018688815184594,False
overtake,P3,15002,50,5.0,2.0,20.761826028883032,17.021873918939484,0.003201491055969414,1.404847152035125e-24,1000000000.0,43.760666666666665,43.76013845459909,5.242716971240482,2.7449306480926667,inf,0,0,0,0,-1,inf,0,-1,0,0,-1,0,0,7600,43,0,0,2598,4959,1.717681773053612,3.8018688815184594,False
overtake,P4,15002,50,5.0,2.0,20.761826028883032,17.021873918939484,0.003201491055969414,1.404847152035125e-24,1000000000.0,43.760666666666665,43.76013845459909,5.242716971240482,2.7449306480926667,inf,0,0,0,0,-1,inf,0,-1,0,0,-1,0,0,7600,43,0,0,2598,4959,1.717681773053612,3.8018688815184594,False
overtake,P0,15003,50,5.0,2.0,21.33723037253982,17.202168997219456,0.0027322429248217445,2.2027734535404877e-25,1000000000.0,44.10499999999997,44.10499999999997,4.899479634730681,2.685424841359778,inf,0,0,0,0,-1,inf,0,-1,1,1,1,0,0,7600,0,0,0,2848,4752,1.4269922556253034,3.3585772683325574,False
overtake,P1,15003,50,5.0,2.0,21.25463997468527,17.202168997219456,0.0027275635113202246,2.2024539366426815e-25,1000000000.0,43.88,43.88,5.124282944094749,2.8583419382734436,inf,0,0,0,0,-1,inf,0,-1,1,1,1,0,0,7600,0,0,0,2745,4855,1.4269922556253034,3.3585772683325574,False
overtake,P2,15003,50,5.0,2.0,21.33723037253982,17.202168997219456,0.0027322429248217445,2.2027734535404877e-25,1000000000.0,44.10499999999997,44.10499999999997,4.899479634730681,2.685424841359778,inf,0,0,0,0,-1,inf,0,-1,1,1,1,0,0,7600,0,0,0,2848,4752,1.4269922556253034,3.3585772683325574,False
overtake,P3,15003,50,5.0,2.0,21.33723037253982,17.202168997219456,0.0027322429248217445,2.2027734535404877e-25,1000000000.0,44.10499999999997,44.10499999999997,4.899479634730681,2.685424841359778,inf,0,0,0,0,-1,inf,0,-1,1,1,1,0,0,7600,0,0,0,2848,4752,1.4269922556253034,3.3585772683325574,False
overtake,P4,15003,50,5.0,2.0,21.334189616313086,17.202168997219456,0.0027326571600800793,2.2027734535404877e-25,1000000000.0,44.147666666666645,44.147666666666645,4.856852321094226,2.685424841359778,inf,0,0,0,0,-1,inf,0,-1,1,1,1,0,0,7600,0,0,0,2869,4731,1.4269922556253034,3.3585772683325574,False
overtake,P0,15004,50,5.0,2.0,21.28210276386497,17.202168997219456,0.0027731467026982913,2.1977707320905505e-25,1000000000.0,44.16933333333334,44.16933333333334,4.835205904155969,2.7314328575794473,inf,0,0,0,0,-1,inf,0,-1,1,1,1,0,0,7600,0,0,0,2657,4943,1.5563016276200887,3.547720022365956,False
overtake,P1,15004,50,5.0,2.0,21.315900819432876,17.202168997219456,0.0026746273767191938,2.185109858349406e-25,1000000000.0,43.98,43.98,5.0243681882541615,2.9349823755848354,inf,0,0,0,0,-1,inf,0,-1,1,1,1,0,0,7600,0,0,0,2641,4959,1.5563016276200887,3.547720022365956,False
overtake,P2,15004,50,5.0,2.0,21.28210276386497,17.202168997219456,0.0027731467026982913,2.1977707320905505e-25,1000000000.0,44.16933333333334,44.16933333333334,4.835205904155969,2.7314328575794473,inf,0,0,0,0,-1,inf,0,-1,1,1,1,0,0,7600,0,0,0,2657,4943,1.5563016276200887,3.547720022365956,False
overtake,P3,15004,50,5.0,2.0,21.28210276386497,17.202168997219456,0.0027731467026982913,2.1977707320905505e-25,1000000000.0,44.16933333333334,44.16933333333334,4.835205904155969,2.7314328575794473,inf,0,0,0,0,-1,inf,0,-1,1,1,1,0,0,7600,0,0,0,2657,4943,1.5563016276200887,3.547720022365956,False
overtake,P4,15004,50,5.0,2.0,21.27429830222957,17.202168997219456,0.002773842546138922,2.1977707320905505e-25,1000000000.0,44.13266666666666,44.13266666666666,4.871838407512942,2.7314328575794473,inf,0,0,0,0,-1,inf,0,-1,1,1,1,0,0,7600,0,0,0,2649,4951,1.5563016276200887,3.547720022365956,False
overtake,P0,15005,50,5.0,2.0,21.277787700667204,17.202168997219456,0.0027900961298731484,2.1980610089484707e-25,1000000000.0,44.253,44.253,4.7516191652046755,2.4904485620791523,inf,0,0,0,0,-1,inf,0,-1,1,1,1,0,0,7600,0,0,0,2708,4892,1.5217040099815238,3.542619457219441,False
overtake,P1,15005,50,5.0,2.0,21.360269924396185,17.202168997219456,0.0026856857573422915,2.185109858349406e-25,1000000000.0,44.2,44.2,4.804568210686612,2.5291283118064602,inf,0,0,0,0,-1,inf,0,-1,1,1,1,0,0,7600,0,0,0,2722,4878,1.5217040099815238,3.542619457219441,False
overtake,P2,15005,50,5.0,2.0,21.277787700667204,17.202168997219456,0.0027900961298731484,2.1980610089484707e-25,1000000000.0,44.253,44.253,4.7516191652046755,2.4904485620791523,inf,0,0,0,0,-1,inf,0,-1,1,1,1,0,0,7600,0,0,0,2708,4892,1.5217040099815238,3.542619457219441,False
overtake,P3,15005,50,5.0,2.0,21.277787700667204,17.202168997219456,0.0027900961298731484,2.1980610089484707e-25,1000000000.0,44.253,44.253,4.7516191652046755,2.4904485620791523,inf,0,0,0,0,-1,inf,0,-1,1,1,1,0,0,7600,0,0,0,2708,4892,1.5217040099815238,3.542619457219441,False
overtake,P4,15005,50,5.0,2.0,21.277787700667204,17.202168997219456,0.0027900961298731484,2.1980610089484707e-25,1000000000.0,44.253,44.253,4.7516191652046755,2.4904485620791523,inf,0,0,0,0,-1,inf,0,-1,1,1,1,0,0,7600,0,0,0,2708,4892,1.5217040099815238,3.542619457219441,False
overtake,P0,15006,50,5.0,2.0,21.469135817168596,17.202168997219456,0.0026583378814317633,2.1865857328075807e-25,1000000000.0,44.35266666666668,44.35266666666668,4.652051461694225,2.739910062162532,inf,0,0,0,0,-1,inf,0,-1,1,1,1,0,0,7600,0,0,0,2804,4796,1.4848390639047313,3.4367703701239423,False
overtake,P1,15006,50,5.0,2.0,21.45313077484519,17.202168997219456,0.0026235974387939114,2.185109858344542e-25,1000000000.0,44.160000000000004,44.160000000000004,4.8445304923326,2.795109209320042,inf,0,0,0,0,-1,inf,0,-1,1,1,1,0,0,7600,0,0,0,2741,4859,1.4848390639047313,3.4367703701239423,False
overtake,P2,15006,50,5.0,2.0,21.469135817168596,17.202168997219456,0.0026583378814317633,2.1865857328075807e-25,1000000000.0,44.35266666666668,44.35266666666668,4.652051461694225,2.739910062162532,inf,0,0,0,0,-1,inf,0,-1,1,1,1,0,0,7600,0,0,0,2804,4796,1.4848390639047313,3.4367703701239423,False
overtake,P3,15006,50,5.0,2.0,21.469135817168596,17.202168997219456,0.0026583378814317633,2.1865857328075807e-25,1000000000.0,44.35266666666668,44.35266666666668,4.652051461694225,2.739910062162532,inf,0,0,0,0,-1,inf,0,-1,1,1,1,0,0,7600,0,0,0,2804,4796,1.4848390639047313,3.4367703701239423,False
overtake,P4,15006,50,5.0,2.0,21.465090513284178,17.202168997219456,0.0026586516206101624,2.1865857328075807e-25,1000000000.0,44.33433333333333,44.33433333333333,4.670366274242827,2.739910062162532,inf,0,0,0,0,-1,inf,0,-1,1,1,1,0,0,7600,0,0,0,2797,4803,1.4848390639047313,3.4367703701239423,False
overtake,P0,15007,50,5.0,2.0,21.453028493187144,17.202168997219456,0.0026875103250383007,2.1977860453082457e-25,1000000000.0,44.37433333333333,44.37433333333333,4.630406872214524,2.3169835343058316,inf,0,0,0,0,-1,inf,0,-1,1,1,1,0,0,7600,0,0,0,2755,4845,1.655053232859164,3.768433429183621,False
overtake,P1,15007,50,5.0,2.0,21.427473311759513,17.202168997219456,0.002646719940142603,2.1851098583445467e-25,1000000000.0,44.29,44.29,4.714655415949334,2.52130229267969,inf,0,0,0,0,-1,inf,0,-1,1,1,1,0,0,7600,0,0,0,2736,4864,1.655053232859164,3.768433429183621,False
overtake,P2,15007,50,5.0,2.0,21.453028493187144,17.202168997219456,0.0026875103250383007,2.1977860453082457e-25,1000000000.0,44.37433333333333,44.37433333333333,4.630406872214524,2.3169835343058316,inf,0,0,0,0,-1,inf,0,-1,1,1,1,0,0,7600,0,0,0,2755,4845,1.655053232859164,3.768433429183621,False
overtake,P3,15007,50,5.0,2.0,21.453028493187144,17.202168997219456,0.0026875103250383007,2.1977860453082457e-25,1000000000.0,44.37433333333333,44.37433333333333,4.630406872214524,2.3169835343058316,inf,0,0,0,0,-1,inf,0,-1,1,1,1,0,0,7600,0,0,0,2755,4845,1.655053232859164,3.768433429183621,False
overtake,P4,15007,50,5.0,2.0,21.453028493187144,17.202168997219456,0.0026875103250383007,2.1977860453082457e-25,1000000000.0,44.37433333333333,44.37433333333333,4.630406872214524,2.3169835343058316,inf,0,0,0,0,-1,inf,0,-1,1,1,1,0,0,7600,0,0,0,2755,4845,1.655053232859164,3.768433429183621,False
overtake,P0,15008,50,5.0,2.0,21.488252642948364,17.202168997219456,0.002645194947854794,2.185388520271041e-25,1000000000.0,44.36066666666664,44.36066666666664,4.644059589294524,2.5749279560265617,inf,0,0,0,0,-1,inf,0,-1,1,1,1,0,0,7600,0,0,0,2870,4730,1.3973449727883531,3.3392896167853308,False
overtake,P1,15008,50,5.0,2.0,21.50182029315924,17.202168997219456,0.0026109005494400006,2.185109841626682e-25,1000000000.0,44.27999999999998,44.27999999999998,4.72464556248832,2.6653537488540406,inf,0,0,0,0,-1,inf,0,-1,1,1,1,0,0,7600,0,0,0,2845,4755,1.3973449727883531,3.3392896167853308,False
overtake,P2,15008,50,5.0,2.0,21.488252642948364,17.202168997219456,0.002645194947854794,2.185388520271041e-25,1000000000.0,44.36066666666664,44.36066666666664,4.644059589294524,2.5749279560265617,inf,0,0,0,0,-1,inf,0,-1,1,1,1,0,0,7600,0,0,0,2870,4730,1.3973449727883531,3.3392896167853308,False
overtake,P3,15008,50,5.0,2.0,21.488252642948364,17.202168997219456,0.002645194947854794,2.185388520271041e-25,1000000000.0,44.36066666666664,44.36066666666664,4.644059589294524,2.5749279560265617,inf,0,0,0,0,-1,inf,0,-1,1,1,1,0,0,7600,0,0,0,2870,4730,1.3973449727883531,3.3392896167853308,False
overtake,P4,15008,50,5.0,2.0,21.488252642948364,17.202168997219456,0.002645194947854794,2.185388520271041e-25,1000000000.0,44.36066666666664,44.36066666666664,4.644059589294524,2.5749279560265617,inf,0,0,0,0,-1,inf,0,-1,1,1,1,0,0,7600,0,0,0,2870,4730,1.3973449727883531,3.3392896167853308,False
overtake,P0,15009,50,5.0,2.0,21.35019081915856,17.202168997219456,0.0027155626073980216,2.1952444222917444e-25,1000000000.0,44.26199999999999,44.26199999999999,4.742627930919781,2.6682954967670494,inf,0,0,0,0,-1,inf,0,-1,1,1,1,0,0,7600,0,0,0,2776,4824,1.4617118443510342,3.4759650553814874,False
overtake,P1,15009,50,5.0,2.0,21.299133166094883,17.202168997219456,0.0026875734070524325,2.1851100619215468e-25,1000000000.0,43.99,43.99,5.0143768995898546,2.8948357509704623,inf,0,0,0,0,-1,inf,0,-1,1,1,1,0,0,7600,0,0,0,2690,4910,1.4617118443510342,3.4759650553814874,False
overtake,P2,15009,50,5.0,2.0,21.35019081915856,17.202168997219456,0.0027155626073980216,2.1952444222917444e-25,1000000000.0,44.26199999999999,44.26199999999999,4.742627930919781,2.6682954967670494,inf,0,0,0,0,-1,inf,0,-1,1,1,1,0,0,7600,0,0,0,2776,4824,1.4617118443510342,3.4759650553814874,False
overtake,P3,15009,50,5.0,2.0,21.35019081915856,17.202168997219456,0.0027155626073980216,2.1952444222917444e-25,1000000000.0,44.26199999999999,44.26199999999999,4.742627930919781,2.6682954967670494,inf,0,0,0,0,-1,inf,0,-1,1,1,1,0,0,7600,0,0,0,2776,4824,1.4617118443510342,3.4759650553814874,False
overtake,P4,15009,50,5.0,2.0,21.35019081915856,17.202168997219456,0.0027155626073980216,2.1952444222917444e-25,1000000000.0,44.26199999999999,44.26199999999999,4.742627930919781,2.6682954967670494,inf,0,0,0,0,-1,inf,0,-1,1,1,1,0,0,7600,0,0,0,2776,4824,1.4617118443510342,3.4759650553814874,False
overtake,P0,15010,50,5.0,2.0,21.07353018848846,17.021873918939484,0.0030585476757857837,1.4036935639663728e-24,1000000000.0,44.19666666666663,44.1961379305922,4.806952211808414,2.582988770103617,inf,0,0,0,0,-1,inf,0,-1,0,0,-1,0,0,7600,43,0,0,2789,4768,1.5149537950086214,3.5520794648134046,False
overtake,P1,15010,50,5.0,2.0,21.060292170387193,17.021873918939484,0.0030233775182537414,1.4036559466593787e-24,1000000000.0,44.00999999999999,44.009471488271,4.99351313639154,2.6196624048904367,inf,0,0,0,0,-1,inf,0,-1,0,0,-1,0,0,7600,45,0,0,2723,4832,1.5149537950086214,3.5520794648134046,False
overtake,P2,15010,50,5.0,2.0,21.07353018848846,17.021873918939484,0.0030585476757857837,1.4036935639663728e-24,1000000000.0,44.19666666666663,44.1961379305922,4.806952211808414,2.582988770103617,inf,0,0,0,0,-1,inf,0,-1,0,0,-1,0,0,7600,43,0,0,2789,4768,1.5149537950086214,3.5520794648134046,False
overtake,P3,15010,50,5.0,2.0,21.07353018848846,17.021873918939484,0.0030585476757857837,1.4036935639663728e-24,1000000000.0,44.19666666666663,44.1961379305922,4.806952211808414,2.582988770103617,inf,0,0,0,0,-1,inf,0,-1,0,0,-1,0,0,7600,43,0,0,2789,4768,1.5149537950086214,3.5520794648134046,False
overtake,P4,15010,50,5.0,2.0,21.062546990727853,17.04736030859877,0.0030689195079259103,1.061504846057197e-24,1000000000.0,44.214999999999975,44.21305127619897,4.789676710538945,2.495849673513401,inf,0,0,0,0,-1,inf,0,-1,0,0,-1,0,0,7600,104,0,0,2741,4755,1.5149537950086214,3.5520794648134046,False
overtake,P0,15011,50,5.0,2.0,21.37393430294656,17.202168997219456,0.0027577566522858834,2.2028910140737845e-25,1000000000.0,44.47499999999999,44.47499999999999,4.529845548265469,2.396233029701922,inf,0,0,0,0,-1,inf,0,-1,1,1,1,0,0,7600,0,0,0,2789,4811,1.5688961144413422,3.625192643987373,False
overtake,P1,15011,50,5.0,2.0,21.32945839975996,17.202168997219456,0.002727562321275319,2.202453936642683e-25,1000000000.0,44.230000000000004,44.230000000000004,4.774596913996023,2.6103225157493357,inf,0,0,0,0,-1,inf,0,-1,1,1,1,0,0,7600,0,0,0,2695,4905,1.5688961144413422,3.625192643987373,False
overtake,P2,15011,50,5.0,2.0,21.37393430294656,17.202168997219456,0.0027577566522858834,2.2028910140737845e-25,1000000000.0,44.47499999999999,44.47499999999999,4.529845548265469,2.396233029701922,inf,0,0,0,0,-1,inf,0,-1,1,1,1,0,0,7600,0,0,0,2789,4811,1.5688961144413422,3.625192643987373,False
overtake,P3,15011,50,5.0,2.0,21.37393430294656,17.202168997219456,0.0027577566522858834,2.2028910140737845e-25,1000000000.0,44.47499999999999,44.47499999999999,4.529845548265469,2.396233029701922,inf,0,0,0,0,-1,inf,0,-1,1,1,1,0,0,7600,0,0,0,2789,4811,1.5688961144413422,3.625192643987373,False
overtake,P4,15011,50,5.0,2.0,21.37393430294656,17.202168997219456,0.0027577566522858834,2.2028910140737845e-25,1000000000.0,44.47499999999999,44.47499999999999,4.529845548265469,2.396233029701922,inf,0,0,0,0,-1,inf,0,-1,1,1,1,0,0,7600,0,0,0,2789,4811,1.5688961144413422,3.625192643987373,False
overtake,P0,15012,50,5.0,2.0,21.313729734512318,17.202168997219456,0.002766167813463443,2.203037893294904e-25,1000000000.0,44.305666666666674,44.305666666666674,4.699004270649767,2.623687643490176,inf,0,0,0,0,-1,inf,0,-1,1,1,1,0,0,7600,0,0,0,2819,4781,1.483106158910416,3.4407602585657187,False
overtake,P1,15012,50,5.0,2.0,21.377554468163993,17.202168997219456,0.0027018088498520134,2.202453936642071e-25,1000000000.0,44.22,44.22,4.784587306251229,2.7553537488540405,inf,0,0,0,0,-1,inf,0,-1,1,1,1,0,0,7600,0,0,0,2782,4818,1.483106158910416,3.4407602585657187,False
overtake,P2,15012,50,5.0,2.0,21.313729734512318,17.202168997219456,0.002766167813463443,2.203037893294904e-25,1000000000.0,44.305666666666674,44.305666666666674,4.699004270649767,2.623687643490176,inf,0,0,0,0,-1,inf,0,-1,1,1,1,0,0,7600,0,0,0,2819,4781,1.483106158910416,3.4407602585657187,False
overtake,P3,15012,50,5.0,2.0,21.313729734512318,17.202168997219456,0.002766167813463443,2.203037893294904e-25,1000000000.0,44.305666666666674,44.305666666666674,4.699004270649767,2.623687643490176,inf,0,0,0,0,-1,inf,0,-1,1,1,1,0,0,7600,0,0,0,2819,4781,1.483106158910416,3.4407602585657187,False
overtake,P4,15012,50,5.0,2.0,21.313729734512318,17.202168997219456,0.002766167813463443,2.203037893294904e-25,1000000000.0,44.305666666666674,44.305666666666674,4.699004270649767,2.623687643490176,inf,0,0,0,0,-1,inf,0,-1,1,1,1,0,0,7600,0,0,0,2819,4781,1.483106158910416,3.4407602585657187,False
overtake,P0,15013,50,5.0,2.0,21.385469129338126,17.202168997219456,0.002767899453438098,2.1990318111769083e-25,1000000000.0,44.379666666666644,44.379666666666644,4.625079004974045,2.5381322865485636,inf,0,0,0,0,-1,inf,0,-1,1,1,1,0,0,7600,0,0,0,2809,4791,1.5358843170613996,3.6269636664524167,False
overtake,P1,15013,50,5.0,2.0,21.384784064530706,17.202168997219456,0.0026878601268319853,2.1860029148565443e-25,1000000000.0,44.02999999999999,44.02999999999999,4.974412095025954,2.8060203405158908,inf,0,0,0,0,-1,inf,0,-1,1,1,1,0,0,7600,0,0,0,2694,4906,1.5358843170613996,3.6269636664524167,False
overtake,P2,15013,50,5.0,2.0,21.385469129338126,17.202168997219456,0.002767899453438098,2.1990318111769083e-25,1000000000.0,44.379666666666644,44.379666666666644,4.625079004974045,2.5381322865485636,inf,0,0,0,0,-1,inf,0,-1,1,1,1,0,0,7600,0,0,0,2809,4791,1.5358843170613996,3.6269636664524167,False
overtake,P3,15013,50,5.0,2.0,21.385469129338126,17.202168997219456,0.002767899453438098,2.1990318111769083e-25,1000000000.0,44.379666666666644,44.379666666666644,4.625079004974045,2.5381322865485636,inf,0,0,0,0,-1,inf,0,-1,1,1,1,0,0,7600,0,0,0,2809,4791,1.5358843170613996,3.6269636664524167,False
overtake,P4,15013,50,5.0,2.0,21.381168418364737,17.202168997219456,0.0027682505993293577,2.1990318111769083e-25,1000000000.0,44.36266666666664,44.36266666666664,4.642061625569513,2.56001155875497,inf,0,0,0,0,-1,inf,0,-1,1,1,1,0,0,7600,0,0,0,2801,4799,1.5358843170613996,3.6269636664524167,False
overtake,P0,15014,50,5.0,2.0,21.413813080667524,17.202168997219456,0.0026991947685471663,2.2028366960707806e-25,1000000000.0,44.24199999999998,44.24199999999998,4.762608496521684,2.667177450855257,inf,0,0,0,0,-1,inf,0,-1,1,1,1,0,0,7600,0,0,0,2811,4789,1.412382804675377,3.359674518043241,False
overtake,P1,15014,50,5.0,2.0,21.33845909994211,17.202168997219456,0.0026950954779321025,2.202453933877559e-25,1000000000.0,44.04,44.04,4.964420982465164,2.7553537488540414,inf,0,0,0,0,-1,inf,0,-1,1,1,1,0,0,7600,0,0,0,2720,4880,1.412382804675377,3.359674518043241,False
overtake,P2,15014,50,5.0,2.0,21.413813080667524,17.202168997219456,0.0026991947685471663,2.2028366960707806e-25,1000000000.0,44.24199999999998,44.24199999999998,4.762608496521684,2.667177450855257,inf,0,0,0,0,-1,inf,0,-1,1,1,1,0,0,7600,0,0,0,2811,4789,1.412382804675377,3.359674518043241,False
overtake,P3,15014,50,5.0,2.0,21.413813080667524,17.202168997219456,0.0026991947685471663,2.2028366960707806e-25,1000000000.0,44.24199999999998,44.24199999999998,4.762608496521684,2.667177450855257,inf,0,0,0,0,-1,inf,0,-1,1,1,1,0,0,7600,0,0,0,2811,4789,1.412382804675377,3.359674518043241,False
overtake,P4,15014,50,5.0,2.0,21.41375644011764,17.202168997219456,0.0026991980105841146,2.2028366960707806e-25,1000000000.0,44.24033333333331,44.24033333333331,4.764273551016815,2.667177450855257,inf,0,0,0,0,-1,inf,0,-1,1,1,1,0,0,7600,0,0,0,2811,4789,1.412382804675377,3.359674518043241,False
overtake,P0,15015,50,5.0,2.0,18.888249589968645,15.049248776586143,0.00564825359548289,1.292608805858327e-16,999999999.9999999,43.775333333333315,43.75151590914328,5.388287147394445,3.4221042990828807,inf,0,0,0,0,-1,inf,0,-1,0,0,-1,0,0,7600,2782,0,0,1297,3521,1.615679451618591,3.7056495780477974,False
overtake,P1,15015,50,5.0,2.0,18.90584647231553,14.756783565664174,0.005804880570270939,1.0378365848195068e-15,999999999.9999989,43.90000000000003,43.87611332296336,5.267961480709591,3.2582252112246803,inf,0,0,0,0,-1,inf,0,-1,0,0,-1,0,0,7600,2802,0,0,1327,3471,1.615679451618591,3.7056495780477974,False
overtake,P2,15015,50,5.0,2.0,18.888249589968645,15.049248776586143,0.00564825359548289,1.292608805858327e-16,999999999.9999999,43.775333333333315,43.75151590914328,5.388287147394445,3.4221042990828807,inf,0,0,0,0,-1,inf,0,-1,0,0,-1,0,0,7600,2782,0,0,1297,3521,1.615679451618591,3.7056495780477974,False
overtake,P3,15015,50,5.0,2.0,18.888249589968645,15.049248776586143,0.00564825359548289,1.292608805858327e-16,999999999.9999999,43.775333333333315,43.75151590914328,5.388287147394445,3.4221042990828807,inf,0,0,0,0,-1,inf,0,-1,0,0,-1,0,0,7600,2782,0,0,1297,3521,1.615679451618591,3.7056495780477974,False
overtake,P4,15015,50,5.0,2.0,18.888249589968645,15.049248776586143,0.00564825359548289,1.292608805858327e-16,999999999.9999999,43.775333333333315,43.75151590914328,5.388287147394445,3.4221042990828807,inf,0,0,0,0,-1,inf,0,-1,0,0,-1,0,0,7600,2782,0,0,1297,3521,1.615679451618591,3.7056495780477974,False
overtake,P0,15016,50,5.0,2.0,21.443098356982027,17.202168997219456,0.0026685513674480268,2.1978463194673092e-25,1000000000.0,44.28966666666662,44.28966666666662,4.714988420160959,2.7619617474757923,inf,0,0,0,0,-1,inf,0,-1,1,1,1,0,0,7600,0,0,0,2697,4903,1.5716009617353328,3.621176113177221,False
overtake,P1,15016,50,5.0,2.0,21.39222134998836,17.202168997219456,0.0026014624823170697,2.1851098415832715e-25,1000000000.0,43.940000000000005,43.940000000000005,5.064333686788453,2.8768640264200616,inf,0,0,0,0,-1,inf,0,-1,1,1,1,0,0,7600,0,0,0,2605,4995,1.5716009617353328,3.621176113177221,False
overtake,P2,15016,50,5.0,2.0,21.443098356982027,17.202168997219456,0.0026685513674480268,2.1978463194673092e-25,1000000000.0,44.28966666666662,44.28966666666662,4.714988420160959,2.7619617474757923,inf,0,0,0,0,-1,inf,0,-1,1,1,1,0,0,7600,0,0,0,2697,4903,1.5716009617353328,3.621176113177221,False
overtake,P3,15016,50,5.0,2.0,21.443098356982027,17.202168997219456,0.0026685513674480268,2.1978463194673092e-25,1000000000.0,44.28966666666662,44.28966666666662,4.714988420160959,2.7619617474757923,inf,0,0,0,0,-1,inf,0,-1,1,1,1,0,0,7600,0,0,0,2697,4903,1.5716009617353328,3.621176113177221,False
overtake,P4,15016,50,5.0,2.0,21.443098356982027,17.202168997219456,0.0026685513674480268,2.1978463194673092e-25,1000000000.0,44.28966666666662,44.28966666666662,4.714988420160959,2.7619617474757923,inf,0,0,0,0,-1,inf,0,-1,1,1,1,0,0,7600,0,0,0,2697,4903,1.5716009617353328,3.621176113177221,False
overtake,P0,15017,50,5.0,2.0,21.324218642404404,17.202168997219456,0.0027747395156836824,2.2222584658429183e-25,1000000000.0,44.32333333333333,44.32333333333333,4.681355231367463,2.5689738015169987,inf,0,0,0,0,-1,inf,0,-1,1,1,1,0,0,7600,0,0,0,2836,4764,1.4642838654022652,3.4671220449163083,False
overtake,P1,15017,50,5.0,2.0,21.205134393552314,17.202168997219456,0.0027914010848854097,2.2222584658429183e-25,1000000000.0,43.99000000000001,43.99000000000001,5.0143768995898474,2.845353748854039,inf,0,0,0,0,-1,inf,0,-1,1,1,1,0,0,7600,0,0,0,2686,4914,1.4642838654022652,3.4671220449163083,False
overtake,P2,15017,50,5.0,2.0,21.324218642404404,17.202168997219456,0.0027747395156836824,2.2222584658429183e-25,1000000000.0,44.32333333333333,44.32333333333333,4.681355231367463,2.5689738015169987,inf,0,0,0,0,-1,inf,0,-1,1,1,1,0,0,7600,0,0,0,2836,4764,1.4642838654022652,3.4671220449163083,False
overtake,P3,15017,50,5.0,2.0,21.324218642404404,17.202168997219456,0.0027747395156836824,2.2222584658429183e-25,1000000000.0,44.32333333333333,44.32333333333333,4.681355231367463,2.5689738015169987,inf,0,0,0,0,-1,inf,0,-1,1,1,1,0,0,7600,0,0,0,2836,4764,1.4642838654022652,3.4671220449163083,False
overtake,P4,15017,50,5.0,2.0,21.324218642404404,17.202168997219456,0.0027747395156836824,2.2222584658429183e-25,1000000000.0,44.32333333333333,44.32333333333333,4.681355231367463,2.5689738015169987,inf,0,0,0,0,-1,inf,0,-1,1,1,1,0,0,7600,0,0,0,2836,4764,1.4642838654022652,3.4671220449163083,False
overtake,P0,15018,50,5.0,2.0,21.0989984956187,17.021873918939484,0.002986471478349462,1.4036559464978417e-24,1000000000.0,44.091333333333296,44.09080472385379,4.91222488871935,2.781450353999499,inf,0,0,0,0,-1,inf,0,-1,0,0,-1,0,0,7600,44,0,0,2759,4797,1.5729259062166343,3.626472585213825,False
overtake,P1,15018,50,5.0,2.0,21.025692485910852,17.021873918939484,0.002997101358872003,1.4036559464978417e-24,1000000000.0,43.85999999999996,43.85947166854856,5.143433725352759,2.8714230273323214,inf,0,0,0,0,-1,inf,0,-1,0,0,-1,0,0,7600,46,0,0,2663,4891,1.5729259062166343,3.626472585213825,False
overtake,P2,15018,50,5.0,2.0,21.0989984956187,17.021873918939484,0.002986471478349462,1.4036559464978417e-24,1000000000.0,44.091333333333296,44.09080472385379,4.91222488871935,2.781450353999499,inf,0,0,0,0,-1,inf,0,-1,0,0,-1,0,0,7600,44,0,0,2759,4797,1.5729259062166343,3.626472585213825,False
overtake,P3,15018,50,5.0,2.0,21.0989984956187,17.021873918939484,0.002986471478349462,1.4036559464978417e-24,1000000000.0,44.091333333333296,44.09080472385379,4.91222488871935,2.781450353999499,inf,0,0,0,0,-1,inf,0,-1,0,0,-1,0,0,7600,44,0,0,2759,4797,1.5729259062166343,3.626472585213825,False
overtake,P4,15018,50,5.0,2.0,21.094387261602957,17.021873918939484,0.0029869057477910554,1.4036559464978417e-24,1000000000.0,44.0706666666666,44.07013808202535,4.932879958339355,2.826959959840124,inf,0,0,0,0,-1,inf,0,-1,0,0,-1,0,0,7600,44,0,0,2751,4805,1.5729259062166343,3.626472585213825,False
overtake,P0,15019,50,5.0,2.0,21.14469280907719,17.202168997219456,0.0028295977354964585,2.1976643603832598e-25,1000000000.0,44.12099999999999,44.12099999999999,4.883494311570404,2.640581823697024,inf,0,0,0,0,-1,inf,0,-1,1,1,1,0,0,7600,0,0,0,2610,4990,1.5877012024587795,3.6292173010297035,False
overtake,P1,15019,50,5.0,2.0,21.26368874703816,17.202168997219456,0.0027069185861500976,2.1851100637868235e-25,1000000000.0,43.989999999999995,43.989999999999995,5.014376899589862,2.9273665472904913,inf,0,0,0,0,-1,inf,0,-1,1,1,1,0,0,7600,0,0,0,2598,5002,1.5877012024587795,3.6292173010297035,False
overtake,P2,15019,50,5.0,2.0,21.14469280907719,17.202168997219456,0.0028295977354964585,2.1976643603832598e-25,1000000000.0,44.12099999999999,44.12099999999999,4.883494311570404,2.640581823697024,inf,0,0,0,0,-1,inf,0,-1,1,1,1,0,0,7600,0,0,0,2610,4990,1.5877012024587795,3.6292173010297035,False
overtake,P3,15019,50,5.0,2.0,21.14469280907719,17.202168997219456,0.0028295977354964585,2.1976643603832598e-25,1000000000.0,44.12099999999999,44.12099999999999,4.883494311570404,2.640581823697024,inf,0,0,0,0,-1,inf,0,-1,1,1,1,0,0,7600,0,0,0,2610,4990,1.5877012024587795,3.6292173010297035,False
overtake,P4,15019,50,5.0,2.0,21.136110580014318,17.202168997219456,0.002830390666063049,2.1976643603832598e-25,1000000000.0,44.07099999999997,44.07099999999997,4.933448762391343,2.7923721982718983,inf,0,0,0,0,-1,inf,0,-1,1,1,1,0,0,7600,0,0,0,2596,5004,1.5877012024587795,3.6292173010297035,False
intersection_turn,P0,15000,50,5.0,2.0,18.38491610633192,14.72403780401211,0.009636675907432224,2.2614855272116717e-15,999999999.9999979,42.07333333333334,42.07333333333334,5.980416187672705,3.9550147740798045,inf,0,0,0,0,-1,inf,0,-1,0,0,-1,0,0,7600,0,0,0,2641,4959,1.4697618352780868,3.3191295440929114,False
intersection_turn,P1,15000,50,5.0,2.0,18.37366595191701,14.72403780401211,0.009644561407472184,2.2614855272116717e-15,999999999.9999979,41.95000000000001,41.95000000000001,6.102663352995958,3.9550147740798045,inf,0,0,0,0,-1,inf,0,-1,0,0,-1,0,0,7600,0,0,0,2600,5000,1.4697618352780868,3.3191295440929114,False
intersection_turn,P2,15000,50,5.0,2.0,18.38491610633192,14.72403780401211,0.009636675907432224,2.2614855272116717e-15,999999999.9999979,42.07333333333334,42.07333333333334,5.980416187672705,3.9550147740798045,inf,0,0,0,0,-1,inf,0,-1,0,0,-1,0,0,7600,0,0,0,2641,4959,1.4697618352780868,3.3191295440929114,False
intersection_turn,P3,15000,50,5.0,2.0,18.38491610633192,14.72403780401211,0.009636675907432224,2.2614855272116717e-15,999999999.9999979,42.07333333333334,42.07333333333334,5.980416187672705,3.9550147740798045,inf,0,0,0,0,-1,inf,0,-1,0,0,-1,0,0,7600,0,0,0,2641,4959,1.4697618352780868,3.3191295440929114,False
intersection_turn,P4,15000,50,5.0,2.0,18.38153065810212,14.72403780401211,0.009638813233531206,2.2614855272116717e-15,999999999.9999979,42.035000000000004,42.035000000000004,6.018407181306359,3.9550147740798045,inf,0,0,0,0,-1,inf,0,-1,0,0,-1,0,0,7600,0,0,0,2626,4974,1.4697618352780868,3.3191295440929114,False
intersection_turn,P0,15001,50,5.0,2.0,18.061233830804248,14.72403780401211,0.010456078691942143,2.358831311227723e-15,999999999.9999976,41.538333333333355,41.538333333333355,6.511001160429234,4.6229989209283655,inf,0,0,0,0,-1,inf,0,-1,0,0,-1,0,0,7600,0,0,0,2335,5265,1.5579067593991518,3.581992437511774,False
intersection_turn,P1,15001,50,5.0,2.0,17.965224695661934,14.72403780401211,0.01070807275862132,2.3724918240518642e-15,999999999.9999976,41.28999999999997,41.28999999999997,6.757521735074213,4.789682321088468,inf,0,0,0,0,-1,inf,0,-1,0,0,-1,0,0,7600,0,0,0,2243,5357,1.5579067593991518,3.581992437511774,False
intersection_turn,P2,15001,50,5.0,2.0,18.061233830804248,14.72403780401211,0.010456078691942143,2.358831311227723e-15,999999999.9999976,41.538333333333355,41.538333333333355,6.511001160429234,4.6229989209283655,inf,0,0,0,0,-1,inf,0,-1,0,0,-1,0,0,7600,0,0,0,2335,5265,1.5579067593991518,3.581992437511774,False
intersection_turn,P3,15001,50,5.0,2.0,18.061233830804248,14.72403780401211,0.010456078691942143,2.358831311227723e-15,999999999.9999976,41.538333333333355,41.538333333333355,6.511001160429234,4.6229989209283655,inf,0,0,0,0,-1,inf,0,-1,0,0,-1,0,0,7600,0,0,0,2335,5265,1.5579067593991518,3.581992437511774,False
intersection_turn,P4,15001,50,5.0,2.0,18.05879227563985,14.72403780401211,0.010457905238473215,2.358831311227723e-15,999999999.9999976,41.505000000000024,41.505000000000024,6.544083205461227,4.6229989209283655,inf,0,0,0,0,-1,inf,0,-1,0,0,-1,0,0,7600,0,0,0,2329,5271,1.5579067593991518,3.581992437511774,False
intersection_turn,P0,15002,50,5.0,2.0,18.02669526807265,14.72403780401211,0.010509545351544467,2.365860784315325e-15,999999999.9999976,41.27999999999998,41.27999999999998,6.767451514418132,4.589763581805793,inf,0,0,0,0,-1,inf,0,-1,0,0,-1,0,0,7600,0,0,0,2314,5286,1.719112770316732,3.6820174704778252,False
intersection_turn,P1,15002,50,5.0,2.0,17.9545835982446,14.72403780401211,0.01070572886607679,2.372171529204751e-15,999999999.9999976,41.179999999999986,41.179999999999986,6.866760517158014,4.785121783422708,inf,0,0,0,0,-1,inf,0,-1,0,0,-1,0,0,7600,0,0,0,2242,5358,1.719112770316732,3.6820174704778252,False
intersection_turn,P2,15002,50,5.0,2.0,18.02669526807265,14.72403780401211,0.010509545351544467,2.365860784315325e-15,999999999.9999976,41.27999999999998,41.27999999999998,6.767451514418132,4.589763581805793,inf,0,0,0,0,-1,inf,0,-1,0,0,-1,0,0,7600,0,0,0,2314,5286,1.719112770316732,3.6820174704778252,False
intersection_turn,P3,15002,50,5.0,2.0,17.999175455986766,14.72403780401211,0.01057215809066136,2.365948972411704e-15,999999999.9999976,41.22399999999999,41.22399999999999,6.823062069188595,4.66283816059588,inf,0,0,0,0,-1,inf,0,-1,0,0,-1,0,0,7600,0,0,0,2281,5319,1.719112770316732,3.6820174704778252,False
intersection_turn,P4,15002,50,5.0,2.0,18.02669526807265,14.72403780401211,0.010509545351544467,2.365860784315325e-15,999999999.9999976,41.27999999999998,41.27999999999998,6.767451514418132,4.589763581805793,inf,0,0,0,0,-1,inf,0,-1,0,0,-1,0,0,7600,0,0,0,2314,5286,1.719112770316732,3.6820174704778252,False
intersection_turn,P0,15003,50,5.0,2.0,18.39697354073935,14.72403780401211,0.009621903970884547,2.2614855272116717e-15,999999999.9999979,41.99999999999998,41.99999999999998,6.0530983801686435,3.9550147740798045,inf,0,0,0,0,-1,inf,0,-1,0,0,-1,0,0,7600,0,0,0,2640,4960,1.430272227290811,3.263213443061156,False
intersection_turn,P1,15003,50,5.0,2.0,18.38837503008399,14.72403780401211,0.009628314119313293,2.2614855272116717e-15,999999999.9999979,41.91,41.91,6.142320408445007,3.9550147740798045,inf,0,0,0,0,-1,inf,0,-1,0,0,-1,0,0,7600,0,0,0,2608,4992,1.430272227290811,3.263213443061156,False
intersection_turn,P2,15003,50,5.0,2.0,18.39697354073935,14.72403780401211,0.009621903970884547,2.2614855272116717e-15,999999999.9999979,41.99999999999998,41.99999999999998,6.0530983801686435,3.9550147740798045,inf,0,0,0,0,-1,inf,0,-1,0,0,-1,0,0,7600,0,0,0,2640,4960,1.430272227290811,3.263213443061156,False
intersection_turn,P3,15003,50,5.0,2.0,18.39697354073935,14.72403780401211,0.009621903970884547,2.2614855272116717e-15,999999999.9999979,41.99999999999998,41.99999999999998,6.0530983801686435,3.9550147740798045,inf,0,0,0,0,-1,inf,0,-1,0,0,-1,0,0,7600,0,0,0,2640,4960,1.430272227290811,3.263213443061156,False
intersection_turn,P4,15003,50,5.0,2.0,18.394716611625025,14.72403780401211,0.009623305435792304,2.2614855272116717e-15,999999999.9999979,41.966666666666654,41.966666666666654,6.08614090463828,3.9550147740798045,inf,0,0,0,0,-1,inf,0,-1,0,0,-1,0,0,7600,0,0,0,2629,4971,1.430272227290811,3.263213443061156,False
intersection_turn,P0,15004,50,5.0,2.0,18.40759919447541,14.72403780401211,0.009613880967899988,2.2614855272116717e-15,999999999.9999979,42.113333333333316,42.113333333333316,5.940778100926229,3.9550147740798045,inf,0,0,0,0,-1,inf,0,-1,0,0,-1,0,0,7600,0,0,0,2490,5110,1.5313278720669161,3.3832182284544956,False
intersection_turn,P1,15004,50,5.0,2.0,18.404140262703425,14.72403780401211,0.009616068069787638,2.2614855272116717e-15,999999999.9999979,42.059999999999995,42.059999999999995,5.993629951873911,3.9550147740798045,inf,0,0,0,0,-1,inf,0,-1,0,0,-1,0,0,7600,0,0,0,2471,5129,1.5313278720669161,3.3832182284544956,False
intersection_turn,P2,15004,50,5.0,2.0,18.40759919447541,14.72403780401211,0.009613880967899988,2.2614855272116717e-15,999999999.9999979,42.113333333333316,42.113333333333316,5.940778100926229,3.9550147740798045,inf,0,0,0,0,-1,inf,0,-1,0,0,-1,0,0,7600,0,0,0,2490,5110,1.5313278720669161,3.3832182284544956,False
intersection_turn,P3,15004,50,5.0,2.0,18.40759919447541,14.72403780401211,0.009613880967899988,2.2614855272116717e-15,999999999.9999979,42.113333333333316,42.113333333333316,5.940778100926229,3.9550147740798045,inf,0,0,0,0,-1,inf,0,-1,0,0,-1,0,0,7600,0,0,0,2490,5110,1.5313278720669161,3.3832182284544956,False
intersection_turn,P4,15004,50,5.0,2.0,18.40759919447541,14.72403780401211,0.009613880967899988,2.2614855272116717e-15,999999999.9999979,42.113333333333316,42.113333333333316,5.940778100926229,3.9550147740798045,inf,0,0,0,0,-1,inf,0,-1,0,0,-1,0,0,7600,0,0,0,2490,5110,1.5313278720669161,3.3832182284544956,False
intersection_turn,P0,15005,50,5.0,2.0,18.440759999075468,14.72403780401211,0.009589986333539887,2.2614855272116717e-15,999999999.9999979,42.35333333333334,42.35333333333334,5.703055711146822,3.9550147740798045,inf,0,0,0,0,-1,inf,0,-1,0,0,-1,0,0,7600,0,0,0,2563,5037,1.5085951243976294,3.3672102026875343,False
intersection_turn,P1,15005,50,5.0,2.0,18.439989651927768,14.72403780401211,0.009590387270024843,2.2614855272116717e-15,999999999.9999979,42.33,42.33,5.7261592712742475,3.9550147740798045,inf,0,0,0,0,-1,inf,0,-1,0,0,-1,0,0,7600,0,0,0,2558,5042,1.5085951243976294,3.3672102026875343,False
intersection_turn,P2,15005,50,5.0,2.0,18.440759999075468,14.72403780401211,0.009589986333539887,2.2614855272116717e-15,999999999.9999979,42.35333333333334,42.35333333333334,5.703055711146822,3.9550147740798045,inf,0,0,0,0,-1,inf,0,-1,0,0,-1,0,0,7600,0,0,0,2563,5037,1.5085951243976294,3.3672102026875343,False
intersection_turn,P3,15005,50,5.0,2.0,18.440759999075468,14.72403780401211,0.009589986333539887,2.2614855272116717e-15,999999999.9999979,42.35333333333334,42.35333333333334,5.703055711146822,3.9550147740798045,inf,0,0,0,0,-1,inf,0,-1,0,0,-1,0,0,7600,0,0,0,2563,5037,1.5085951243976294,3.3672102026875343,False
intersection_turn,P4,15005,50,5.0,2.0,18.440759999075468,14.72403780401211,0.009589986333539887,2.2614855272116717e-15,999999999.9999979,42.35333333333334,42.35333333333334,5.703055711146822,3.9550147740798045,inf,0,0,0,0,-1,inf,0,-1,0,0,-1,0,0,7600,0,0,0,2563,5037,1.5085951243976294,3.3672102026875343,False
intersection_turn,P0,15006,50,5.0,2.0,18.41974672494915,14.72403780401211,0.009605162468568781,2.2614855272116717e-15,999999999.9999979,42.266666666666666,42.266666666666666,5.788878225624644,3.9550147740798045,inf,0,0,0,0,-1,inf,0,-1,0,0,-1,0,0,7600,0,0,0,2529,5071,1.4998085948057593,3.3545243609270017,False
intersection_turn,P1,15006,50,5.0,2.0,18.418344021447115,14.72403780401211,0.009605925109631878,2.2614855272116717e-15,999999999.9999979,42.23,42.23,5.825195275696776,3.9550147740798045,inf,0,0,0,0,-1,inf,0,-1,0,0,-1,0,0,7600,0,0,0,2520,5080,1.4998085948057593,3.3545243609270017,False
intersection_turn,P2,15006,50,5.0,2.0,18.41974672494915,14.72403780401211,0.009605162468568781,2.2614855272116717e-15,999999999.9999979,42.266666666666666,42.266666666666666,5.788878225624644,3.9550147740798045,inf,0,0,0,0,-1,inf,0,-1,0,0,-1,0,0,7600,0,0,0,2529,5071,1.4998085948057593,3.3545243609270017,False
intersection_turn,P3,15006,50,5.0,2.0,18.41974672494915,14.72403780401211,0.009605162468568781,2.2614855272116717e-15,999999999.9999979,42.266666666666666,42.266666666666666,5.788878225624644,3.9550147740798045,inf,0,0,0,0,-1,inf,0,-1,0,0,-1,0,0,7600,0,0,0,2529,5071,1.4998085948057593,3.3545243609270017,False
intersection_turn,P4,15006,50,5.0,2.0,18.41974672494915,14.72403780401211,0.009605162468568781,2.2614855272116717e-15,999999999.9999979,42.266666666666666,42.266666666666666,5.788878225624644,3.9550147740798045,inf,0,0,0,0,-1,inf,0,-1,0,0,-1,0,0,7600,0,0,0,2529,5071,1.4998085948057593,3.3545243609270017,False
intersection_turn,P0,15007,50,5.0,2.0,18.393952296030125,14.72403780401211,0.009631573448986902,2.2614855272116717e-15,999999999.9999979,42.24499999999999,42.24499999999999,5.8103377698719125,3.9550147740798045,inf,0,0,0,0,-1,inf,0,-1,0,0,-1,0,0,7600,0,0,0,2500,5100,1.6461129230859866,3.6511212159178434,False
intersection_turn,P1,15007,50,5.0,2.0,18.386789313701293,14.72403780401211,0.00963680970556292,2.2614855272116717e-15,999999999.9999979,42.18,42.18,5.874725525503298,3.9550147740798045,inf,0,0,0,0,-1,inf,0,-1,0,0,-1,0,0,7600,0,0,0,2474,5126,1.6461129230859866,3.6511212159178434,False
intersection_turn,P2,15007,50,5.0,2.0,18.393952296030125,14.72403780401211,0.009631573448986902,2.2614855272116717e-15,999999999.9999979,42.24499999999999,42.24499999999999,5.8103377698719125,3.9550147740798045,inf,0,0,0,0,-1,inf,0,-1,0,0,-1,0,0,7600,0,0,0,2500,5100,1.6461129230859866,3.6511212159178434,False
intersection_turn,P3,15007,50,5.0,2.0,18.393952296030125,14.72403780401211,0.009631573448986902,2.2614855272116717e-15,999999999.9999979,42.24499999999999,42.24499999999999,5.8103377698719125,3.9550147740798045,inf,0,0,0,0,-1,inf,0,-1,0,0,-1,0,0,7600,0,0,0,2500,5100,1.6461129230859866,3.6511212159178434,False
intersection_turn,P4,15007,50,5.0,2.0,18.393952296030125,14.72403780401211,0.009631573448986902,2.2614855272116717e-15,999999999.9999979,42.24499999999999,42.24499999999999,5.8103377698719125,3.9550147740798045,inf,0,0,0,0,-1,inf,0,-1,0,0,-1,0,0,7600,0,0,0,2500,5100,1.6461129230859866,3.6511212159178434,False
intersection_turn,P0,15008,50,5.0,2.0,18.434449475909776,14.72403780401211,0.009593374861642683,2.2614855272116717e-15,999999999.9999979,42.31833333333333,42.31833333333333,5.737711748694872,3.9550147740798045,inf,0,0,0,0,-1,inf,0,-1,0,0,-1,0,0,7600,0,0,0,2581,5019,1.4549191145271911,3.2770623293832415,False
intersection_turn,P1,15008,50,5.0,2.0,18.43284430355204,14.72403780401211,0.009594258063526585,2.2614855272116717e-15,999999999.9999979,42.27999999999999,42.27999999999999,5.775673120944446,3.9550147740798045,inf,0,0,0,0,-1,inf,0,-1,0,0,-1,0,0,7600,0,0,0,2571,5029,1.4549191145271911,3.2770623293832415,False
intersection_turn,P2,15008,50,5.0,2.0,18.434449475909776,14.72403780401211,0.009593374861642683,2.2614855272116717e-15,999999999.9999979,42.31833333333333,42.31833333333333,5.737711748694872,3.9550147740798045,inf,0,0,0,0,-1,inf,0,-1,0,0,-1,0,0,7600,0,0,0,2581,5019,1.4549191145271911,3.2770623293832415,False
intersection_turn,P3,15008,50,5.0,2.0,18.434449475909776,14.72403780401211,0.009593374861642683,2.2614855272116717e-15,999999999.9999979,42.31833333333333,42.31833333333333,5.737711748694872,3.9550147740798045,inf,0,0,0,0,-1,inf,0,-1,0,0,-1,0,0,7600,0,0,0,2581,5019,1.4549191145271911,3.2770623293832415,False
intersection_turn,P4,15008,50,5.0,2.0,18.434449475909776,14.72403780401211,0.009593374861642683,2.2614855272116717e-15,999999999.9999979,42.31833333333333,42.31833333333333,5.737711748694872,3.9550147740798045,inf,0,0,0,0,-1,inf,0,-1,0,0,-1,0,0,7600,0,0,0,2581,5019,1.4549191145271911,3.2770623293832415,False
intersection_turn,P0,15009,50,5.0,2.0,18.425087023686366,14.72403780401211,0.009602539899232118,2.2614855272116717e-15,999999999.9999979,42.28333333333333,42.28333333333333,5.772371936888492,3.9550147740798045,inf,0,0,0,0,-1,inf,0,-1,0,0,-1,0,0,7600,0,0,0,2638,4962,1.4879110174261079,3.421476610707756,False
intersection_turn,P1,15009,50,5.0,2.0,18.417114444017948,14.72403780401211,0.009607827518473748,2.2614855272116717e-15,999999999.9999979,42.190000000000005,42.190000000000005,5.864818837781773,3.9550147740798045,inf,0,0,0,0,-1,inf,0,-1,0,0,-1,0,0,7600,0,0,0,2609,4991,1.4879110174261079,3.421476610707756,False
intersection_turn,P2,15009,50,5.0,2.0,18.425087023686366,14.72403780401211,0.009602539899232118,2.2614855272116717e-15,999999999.9999979,42.28333333333333,42.28333333333333,5.772371936888492,3.9550147740798045,inf,0,0,0,0,-1,inf,0,-1,0,0,-1,0,0,7600,0,0,0,2638,4962,1.4879110174261079,3.421476610707756,False
intersection_turn,P3,15009,50,5.0,2.0,18.425087023686366,14.72403780401211,0.009602539899232118,2.2614855272116717e-15,999999999.9999979,42.28333333333333,42.28333333333333,5.772371936888492,3.9550147740798045,inf,0,0,0,0,-1,inf,0,-1,0,0,-1,0,0,7600,0,0,0,2638,4962,1.4879110174261079,3.421476610707756,False
intersection_turn,P4,15009,50,5.0,2.0,18.42310989708268,14.72403780401211,0.009603710878540044,2.2614855272116717e-15,999999999.9999979,42.25999999999999,42.25999999999999,5.795480998157108,3.9550147740798045,inf,0,0,0,0,-1,inf,0,-1,0,0,-1,0,0,7600,0,0,0,2632,4968,1.4879110174261079,3.421476610707756,False
intersection_turn,P0,15010,50,5.0,2.0,18.087101049603728,14.72403780401211,0.010405144355597291,2.3562168342138157e-15,999999999.9999976,41.61666666666665,41.61666666666665,6.433268566167949,4.57654349638288,inf,0,0,0,0,-1,inf,0,-1,0,0,-1,0,0,7600,0,0,0,2369,5231,1.5456970052763614,3.4980015524828207,False
intersection_turn,P1,15010,50,5.0,2.0,17.986817236068035,14.72403780401211,0.010643589109055716,2.369723505635325e-15,999999999.9999976,41.389999999999965,41.389999999999965,6.658235501993037,4.776002108960667,inf,0,0,0,0,-1,inf,0,-1,0,0,-1,0,0,7600,0,0,0,2281,5319,1.5456970052763614,3.4980015524828207,False
intersection_turn,P2,15010,50,5.0,2.0,14.16535138724832,3.5476258801985736,0.13154033092728404,0.0020597659552468966,997940234.0447531,41.580000000000005,41.55577449570495,6.805794262227926,4.915517961126916,inf,0,0,0,0,-1,inf,0,-1,0,0,-1,0,0,7600,2574,0,0,1085,3941,1.5456970052763614,3.4980015524828207,False
intersection_turn,P3,15010,50,5.0,2.0,18.08324722214943,14.72403780401211,0.01041899540496009,2.3572196287704705e-15,999999999.9999976,41.609999999999985,41.609999999999985,6.43988353931965,4.579480976787325,inf,0,0,0,0,-1,inf,0,-1,0,0,-1,0,0,7600,0,0,0,2368,5232,1.5456970052763614,3.4980015524828207,False
intersection_turn,P4,15010,50,5.0,2.0,18.085131121665867,14.72403780401211,0.010406539174964029,2.3562168342138157e-15,999999999.9999976,41.586666666666666,41.586666666666666,6.463036781919507,4.57654349638288,inf,0,0,0,0,-1,inf,0,-1,0,0,-1,0,0,7600,0,0,0,2358,5242,1.5456970052763614,3.4980015524828207,False
intersection_turn,P0,15011,50,5.0,2.0,18.43783331783833,14.72403780401211,0.009592839863684,2.2614855272116717e-15,999999999.9999979,42.39666666666666,42.39666666666666,5.6601541007683265,3.9550147740798045,inf,0,0,0,0,-1,inf,0,-1,0,0,-1,0,0,7600,0,0,0,2586,5014,1.563610618699179,3.515793623321695,False
intersection_turn,P1,15011,50,5.0,2.0,18.4311974037591,14.72403780401211,0.00959744648444112,2.2614855272116717e-15,999999999.9999979,42.32,42.32,5.736061366477872,3.9550147740798045,inf,0,0,0,0,-1,inf,0,-1,0,0,-1,0,0,7600,0,0,0,2564,5036,1.563610618699179,3.515793623321695,False
intersection_turn,P2,15011,50,5.0,2.0,18.43783331783833,14.72403780401211,0.009592839863684,2.2614855272116717e-15,999999999.9999979,42.39666666666666,42.39666666666666,5.6601541007683265,3.9550147740798045,inf,0,0,0,0,-1,inf,0,-1,0,0,-1,0,0,7600,0,0,0,2586,5014,1.563610618699179,3.515793623321695,False
intersection_turn,P3,15011,50,5.0,2.0,18.43783331783833,14.72403780401211,0.009592839863684,2.2614855272116717e-15,999999999.9999979,42.39666666666666,42.39666666666666,5.6601541007683265,3.9550147740798045,inf,0,0,0,0,-1,inf,0,-1,0,0,-1,0,0,7600,0,0,0,2586,5014,1.563610618699179,3.515793623321695,False
intersection_turn,P4,15011,50,5.0,2.0,18.466582590343958,14.72403780401211,0.009583077849429154,2.2614855272116717e-15,999999999.9999979,42.39666666666666,42.39666666666666,5.6601541007683265,3.9550147740798045,inf,0,0,0,0,-1,inf,0,-1,0,0,-1,0,0,7600,0,0,0,2586,5014,1.563610618699179,3.515793623321695,False
intersection_turn,P0,15012,50,5.0,2.0,18.418936562266804,14.72403780401211,0.009605908495258362,2.2614855272116717e-15,999999999.9999979,42.246666666666684,42.246666666666684,5.8086869811037545,3.9550147740798045,inf,0,0,0,0,-1,inf,0,-1,0,0,-1,0,0,7600,0,0,0,2628,4972,1.483248962352931,3.3783972890491096,False
intersection_turn,P1,15012,50,5.0,2.0,18.408052167012574,14.72403780401211,0.009613084204930601,2.2614855272116717e-15,999999999.9999979,42.11,42.11,5.944081089621844,3.9550147740798045,inf,0,0,0,0,-1,inf,0,-1,0,0,-1,0,0,7600,0,0,0,2590,5010,1.483248962352931,3.3783972890491096,False
intersection_turn,P2,15012,50,5.0,2.0,18.418936562266804,14.72403780401211,0.009605908495258362,2.2614855272116717e-15,999999999.9999979,42.246666666666684,42.246666666666684,5.8086869811037545,3.9550147740798045,inf,0,0,0,0,-1,inf,0,-1,0,0,-1,0,0,7600,0,0,0,2628,4972,1.483248962352931,3.3783972890491096,False
intersection_turn,P3,15012,50,5.0,2.0,18.418936562266804,14.72403780401211,0.009605908495258362,2.2614855272116717e-15,999999999.9999979,42.246666666666684,42.246666666666684,5.8086869811037545,3.9550147740798045,inf,0,0,0,0,-1,inf,0,-1,0,0,-1,0,0,7600,0,0,0,2628,4972,1.483248962352931,3.3783972890491096,False
intersection_turn,P4,15012,50,5.0,2.0,18.418936562266804,14.72403780401211,0.009605908495258362,2.2614855272116717e-15,999999999.9999979,42.246666666666684,42.246666666666684,5.8086869811037545,3.9550147740798045,inf,0,0,0,0,-1,inf,0,-1,0,0,-1,0,0,7600,0,0,0,2628,4972,1.483248962352931,3.3783972890491096,False
intersection_turn,P0,15013,50,5.0,2.0,18.44515512971023,14.72403780401211,0.009587361296985538,2.2614855272116717e-15,999999999.9999979,42.40666666666664,42.40666666666664,5.6502546648605225,3.9550147740798045,inf,0,0,0,0,-1,inf,0,-1,0,0,-1,0,0,7600,0,0,0,2650,4950,1.4959453308662733,3.4654469670167134,False
intersection_turn,P1,15013,50,5.0,2.0,18.436441430084756,14.72403780401211,0.009593170602134432,2.2614855272116717e-15,999999999.9999979,42.31,42.31,5.74596380079095,3.9550147740798045,inf,0,0,0,0,-1,inf,0,-1,0,0,-1,0,0,7600,0,0,0,2632,4968,1.4959453308662733,3.4654469670167134,False
intersection_turn,P2,15013,50,5.0,2.0,18.44515512971023,14.72403780401211,0.009587361296985538,2.2614855272116717e-15,999999999.9999979,42.40666666666664,42.40666666666664,5.6502546648605225,3.9550147740798045,inf,0,0,0,0,-1,inf,0,-1,0,0,-1,0,0,7600,0,0,0,2650,4950,1.4959453308662733,3.4654469670167134,False
intersection_turn,P3,15013,50,5.0,2.0,18.44515512971023,14.72403780401211,0.009587361296985538,2.2614855272116717e-15,999999999.9999979,42.40666666666664,42.40666666666664,5.6502546648605225,3.9550147740798045,inf,0,0,0,0,-1,inf,0,-1,0,0,-1,0,0,7600,0,0,0,2650,4950,1.4959453308662733,3.4654469670167134,False
intersection_turn,P4,15013,50,5.0,2.0,18.442666438928114,14.72403780401211,0.00958880907754085,2.2614855272116717e-15,999999999.9999979,42.36999999999998,42.36999999999998,5.686554316983193,3.9550147740798045,inf,0,0,0,0,-1,inf,0,-1,0,0,-1,0,0,7600,0,0,0,2642,4958,1.4959453308662733,3.4654469670167134,False
intersection_turn,P0,15014,50,5.0,2.0,18.416213016768776,14.72403780401211,0.009606514953138258,2.2614855272116717e-15,999999999.9999979,42.11999999999997,42.11999999999997,5.93417222534031,3.9550147740798045,inf,0,0,0,0,-1,inf,0,-1,0,0,-1,0,0,7600,0,0,0,2568,5032,1.3930366724141954,3.266126014522249,False
intersection_turn,P1,15014,50,5.0,2.0,18.531975189935224,14.72403780401211,0.009563543978607366,2.2614855272116717e-15,999999999.9999979,42.11,42.10839948733713,5.934914208010673,3.9550147740798045,inf,0,0,0,0,-1,inf,0,-1,0,0,-1,0,0,7600,71,0,0,2499,5030,1.3930366724141954,3.266126014522249,False
intersection_turn,P2,15014,50,5.0,2.0,18.416213016768776,14.72403780401211,0.009606514953138258,2.2614855272116717e-15,999999999.9999979,42.11999999999997,42.11999999999997,5.93417222534031,3.9550147740798045,inf,0,0,0,0,-1,inf,0,-1,0,0,-1,0,0,7600,0,0,0,2568,5032,1.3930366724141954,3.266126014522249,False
intersection_turn,P3,15014,50,5.0,2.0,18.416213016768776,14.72403780401211,0.009606514953138258,2.2614855272116717e-15,999999999.9999979,42.11999999999997,42.11999999999997,5.93417222534031,3.9550147740798045,inf,0,0,0,0,-1,inf,0,-1,0,0,-1,0,0,7600,0,0,0,2568,5032,1.3930366724141954,3.266126014522249,False
intersection_turn,P4,15014,50,5.0,2.0,18.415933364849526,14.72403780401211,0.00960683355898692,2.2614855272116717e-15,999999999.9999979,42.17333333333332,42.17333333333332,5.8813301594490195,3.9550147740798045,inf,0,0,0,0,-1,inf,0,-1,0,0,-1,0,0,7600,0,0,0,2579,5021,1.3930366724141954,3.266126014522249,False
intersection_turn,P0,15015,50,5.0,2.0,18.391116646375554,14.72403780401211,0.009631932778465843,2.2614855272116717e-15,999999999.9999979,42.09166666666667,42.09166666666667,5.962248131181539,3.9550147740798045,inf,0,0,0,0,-1,inf,0,-1,0,0,-1,0,0,7600,0,0,0,2563,5037,1.630422532071215,3.613458964822831,False
intersection_turn,P1,15015,50,5.0,2.0,18.383844370733357,14.72403780401211,0.00963878418429183,2.2614855272116717e-15,999999999.9999979,42.03999999999999,42.03999999999999,6.013451587898592,3.9550147740798045,inf,0,0,0,0,-1,inf,0,-1,0,0,-1,0,0,7600,0,0,0,2536,5064,1.630422532071215,3.613458964822831,False
intersection_turn,P2,15015,50,5.0,2.0,18.391116646375554,14.72403780401211,0.009631932778465843,2.2614855272116717e-15,999999999.9999979,42.09166666666667,42.09166666666667,5.962248131181539,3.9550147740798045,inf,0,0,0,0,-1,inf,0,-1,0,0,-1,0,0,7600,0,0,0,2563,5037,1.630422532071215,3.613458964822831,False
intersection_turn,P3,15015,50,5.0,2.0,18.391116646375554,14.72403780401211,0.009631932778465843,2.2614855272116717e-15,999999999.9999979,42.09166666666667,42.09166666666667,5.962248131181539,3.9550147740798045,inf,0,0,0,0,-1,inf,0,-1,0,0,-1,0,0,7600,0,0,0,2563,5037,1.630422532071215,3.613458964822831,False
intersection_turn,P4,15015,50,5.0,2.0,18.39107018875838,14.72403780401211,0.009631973555053871,2.2614855272116717e-15,999999999.9999979,42.09166666666666,42.09166666666666,5.962248131181546,3.9550147740798045,inf,0,0,0,0,-1,inf,0,-1,0,0,-1,0,0,7600,0,0,0,2566,5034,1.630422532071215,3.613458964822831,False
intersection_turn,P0,15016,50,5.0,2.0,18.39134169622314,14.72403780401211,0.009633939564535109,2.2614855272116717e-15,999999999.9999979,42.076666666666675,42.076666666666675,5.977112829600733,3.9550147740798045,inf,0,0,0,0,-1,inf,0,-1,0,0,-1,0,0,7600,0,0,0,2438,5162,1.571859122863137,3.489412540494336,False
intersection_turn,P1,15016,50,5.0,2.0,18.390937272504075,14.72403780401211,0.009634186548842365,2.2614855272116717e-15,999999999.9999979,42.05000000000001,42.05000000000001,6.003540621999643,3.9550147740798045,inf,0,0,0,0,-1,inf,0,-1,0,0,-1,0,0,7600,0,0,0,2428,5172,1.571859122863137,3.489412540494336,False
intersection_turn,P2,15016,50,5.0,2.0,18.39134169622314,14.72403780401211,0.009633939564535109,2.2614855272116717e-15,999999999.9999979,42.076666666666675,42.076666666666675,5.977112829600733,3.9550147740798045,inf,0,0,0,0,-1,inf,0,-1,0,0,-1,0,0,7600,0,0,0,2438,5162,1.571859122863137,3.489412540494336,False
intersection_turn,P3,15016,50,5.0,2.0,18.39134169622314,14.72403780401211,0.009633939564535109,2.2614855272116717e-15,999999999.9999979,42.076666666666675,42.076666666666675,5.977112829600733,3.9550147740798045,inf,0,0,0,0,-1,inf,0,-1,0,0,-1,0,0,7600,0,0,0,2438,5162,1.571859122863137,3.489412540494336,False
intersection_turn,P4,15016,50,5.0,2.0,18.392248326181026,14.72403780401211,0.009633478455175152,2.2614855272116717e-15,999999999.9999979,42.10000000000001,42.10000000000001,5.95399025864167,3.9550147740798045,inf,0,0,0,0,-1,inf,0,-1,0,0,-1,0,0,7600,0,0,0,2444,5156,1.571859122863137,3.489412540494336,False
intersection_turn,P0,15017,50,5.0,2.0,18.307389842995622,14.72403780401211,0.009887745626581563,2.2857810681714177e-15,999999999.9999976,42.12666666666669,42.12666666666669,5.927566485872951,4.200509536258781,inf,0,0,0,0,-1,inf,0,-1,0,0,-1,0,0,7600,0,0,0,2557,5043,1.522692133253757,3.442698487908393,False
intersection_turn,P1,15017,50,5.0,2.0,18.33450771516258,14.72403780401211,0.009877774665455395,2.2857810681714177e-15,999999999.9999976,42.11000000000003,42.11000000000003,5.9440810896218155,4.200509536258781,inf,0,0,0,0,-1,inf,0,-1,0,0,-1,0,0,7600,0,0,0,2555,5045,1.522692133253757,3.442698487908393,False
intersection_turn,P2,15017,50,5.0,2.0,18.307389842995622,14.72403780401211,0.009887745626581563,2.2857810681714177e-15,999999999.9999976,42.12666666666669,42.12666666666669,5.927566485872951,4.200509536258781,inf,0,0,0,0,-1,inf,0,-1,0,0,-1,0,0,7600,0,0,0,2557,5043,1.522692133253757,3.442698487908393,False
intersection_turn,P3,15017,50,5.0,2.0,18.307389842995622,14.72403780401211,0.009887745626581563,2.2857810681714177e-15,999999999.9999976,42.12666666666669,42.12666666666669,5.927566485872951,4.200509536258781,inf,0,0,0,0,-1,inf,0,-1,0,0,-1,0,0,7600,0,0,0,2557,5043,1.522692133253757,3.442698487908393,False
intersection_turn,P4,15017,50,5.0,2.0,18.334724558682943,14.72403780401211,0.009877676321257006,2.2857810681714177e-15,999999999.9999976,42.12666666666669,42.12666666666669,5.927566485872951,4.200509536258781,inf,0,0,0,0,-1,inf,0,-1,0,0,-1,0,0,7600,0,0,0,2557,5043,1.522692133253757,3.442698487908393,False
intersection_turn,P0,15018,50,5.0,2.0,18.055609291846345,14.72403780401211,0.010505293699420713,2.365969560944818e-15,999999999.9999976,41.61666666666663,41.61666666666663,6.43326856616797,4.598579008779135,inf,0,0,0,0,-1,inf,0,-1,0,0,-1,0,0,7600,0,0,0,2429,5171,1.5615475926063231,3.495139700347236,False
intersection_turn,P1,15018,50,5.0,2.0,17.973170214537266,14.72403780401211,0.010701872763748817,2.3724918240518642e-15,999999999.9999976,41.41999999999996,41.41999999999996,6.628453816690627,4.789682321088468,inf,0,0,0,0,-1,inf,0,-1,0,0,-1,0,0,7600,0,0,0,2332,5268,1.5615475926063231,3.495139700347236,False
intersection_turn,P2,15018,50,5.0,2.0,18.055609291846345,14.72403780401211,0.010505293699420713,2.365969560944818e-15,999999999.9999976,41.61666666666663,41.61666666666663,6.43326856616797,4.598579008779135,inf,0,0,0,0,-1,inf,0,-1,0,0,-1,0,0,7600,0,0,0,2429,5171,1.5615475926063231,3.495139700347236,False
intersection_turn,P3,15018,50,5.0,2.0,18.055609291846345,14.72403780401211,0.010505293699420713,2.365969560944818e-15,999999999.9999976,41.61666666666663,41.61666666666663,6.43326856616797,4.598579008779135,inf,0,0,0,0,-1,inf,0,-1,0,0,-1,0,0,7600,0,0,0,2429,5171,1.5615475926063231,3.495139700347236,False
intersection_turn,P4,15018,50,5.0,2.0,18.055609291846345,14.72403780401211,0.010505293699420713,2.365969560944818e-15,999999999.9999976,41.61666666666663,41.61666666666663,6.43326856616797,4.598579008779135,inf,0,0,0,0,-1,inf,0,-1,0,0,-1,0,0,7600,0,0,0,2429,5171,1.5615475926063231,3.495139700347236,False
intersection_turn,P0,15019,50,5.0,2.0,18.413401394208122,14.72403780401211,0.009609834665882463,2.2614855272116717e-15,999999999.9999979,42.19166666666665,42.19166666666665,5.8631677539629825,3.9550147740798045,inf,0,0,0,0,-1,inf,0,-1,0,0,-1,0,0,7600,0,0,0,2487,5113,1.5743522403351384,3.479451081466779,False
intersection_turn,P1,15019,50,5.0,2.0,18.407242684232493,14.72403780401211,0.009614578531611793,2.2614855272116717e-15,999999999.9999979,42.13999999999999,42.13999999999999,5.914355417118595,3.9550147740798045,inf,0,0,0,0,-1,inf,0,-1,0,0,-1,0,0,7600,0,0,0,2470,5130,1.5743522403351384,3.479451081466779,False
intersection_turn,P2,15019,50,5.0,2.0,18.413401394208122,14.72403780401211,0.009609834665882463,2.2614855272116717e-15,999999999.9999979,42.19166666666665,42.19166666666665,5.8631677539629825,3.9550147740798045,inf,0,0,0,0,-1,inf,0,-1,0,0,-1,0,0,7600,0,0,0,2487,5113,1.5743522403351384,3.479451081466779,False
intersection_turn,P3,15019,50,5.0,2.0,18.413401394208122,14.72403780401211,0.009609834665882463,2.2614855272116717e-15,999999999.9999979,42.19166666666665,42.19166666666665,5.8631677539629825,3.9550147740798045,inf,0,0,0,0,-1,inf,0,-1,0,0,-1,0,0,7600,0,0,0,2487,5113,1.5743522403351384,3.479451081466779,False
intersection_turn,P4,15019,50,5.0,2.0,18.412614544111523,14.72403780401211,0.009610345533173435,2.2614855272116717e-15,999999999.9999979,42.18499999999999,42.18499999999999,5.869772142085256,3.9550147740798045,inf,0,0,0,0,-1,inf,0,-1,0,0,-1,0,0,7600,0,0,0,2484,5116,1.5743522403351384,3.479451081466779,False
occluding_cut_in,P0,15000,50,5.0,2.0,11.267888282720728,7.327224075401506,0.2107706627715266,0.00021432353040528026,999785676.4695947,17.087302883832308,17.087302883832308,19.431160541768985,11.331044181969368,1.912697116167692,0,0,0,0,-1,inf,0,-1,0,0,-1,0,0,7600,182,0,3814,0,3604,1.8029692480110335,4.14092559792095,False
occluding_cut_in,P1,15000,50,5.0,2.0,11.317783592570613,7.340924320324938,0.20800412073676305,0.00020844263878270098,999791557.3612175,17.121780353335406,17.116962367430588,19.431160541768985,11.331044181969368,1.88314773956537,0,0,0,0,-1,inf,0,-1,0,0,-1,0,0,7600,257,0,3763,0,3580,1.8029692480110335,4.14092559792095,False
occluding_cut_in,P2,15000,50,5.0,2.0,11.281172157870188,7.340688870815291,0.2097296356476733,0.00020990463374568325,999790095.3662541,17.08730288383231,17.086426541833706,19.431160541768985,11.331044181969368,1.9135771939595783,0,0,0,0,-1,inf,0,-1,0,0,-1,0,0,7600,192,0,3804,0,3604,1.8029692480110335,4.14092559792095,False
occluding_cut_in,P3,15000,50,5.0,2.0,11.234115978422913,7.347532739074193,0.2132565692115898,0.00020827732696175155,999791722.6730384,17.09672071521911,17.09343247158598,19.431160541768985,11.331044181969368,1.9092338673411526,0,0,0,0,-1,inf,0,-1,0,0,-1,0,0,7600,216,0,3784,0,3600,1.8029692480110335,4.14092559792095,False
occluding_cut_in,P4,15000,50,5.0,2.0,11.267888282720728,7.327224075401506,0.2107706627715266,0.00021432353040528026,999785676.4695947,17.087302883832308,17.087302883832308,19.431160541768985,11.331044181969368,1.912697116167692,0,0,0,0,-1,inf,0,-1,0,0,-1,0,0,7600,182,0,3814,0,3604,1.8029692480110335,4.14092559792095,False
occluding_cut_in,P0,15001,50,5.0,2.0,11.267888282720728,7.327224075401506,0.2107706627715266,0.00021432353040528026,999785676.4695947,17.087302883832308,17.087302883832308,19.431160541768985,11.331044181969368,1.912697116167692,0,0,0,0,-1,inf,0,-1,0,0,-1,0,0,7600,182,0,3814,0,3604,1.8770559585775741,4.391566502196131,False
occluding_cut_in,P1,15001,50,5.0,2.0,11.308998829511795,7.347120509100741,0.20861593368995265,0.0002074917490520799,999792508.2509481,17.087302883832308,17.0846002770323,19.430094201262467,11.331044181969368,1.9154212449517773,0,0,0,0,-1,inf,0,-1,0,0,-1,0,0,7600,254,0,3742,0,3604,1.8770559585775741,4.391566502196131,False
occluding_cut_in,P2,15001,50,5.0,2.0,11.277123624067267,7.331337482424192,0.21035847978845165,0.00021300644759230845,999786993.5524075,17.087302883832304,17.08682042164354,19.430094201262467,11.331044181969368,1.913193285685995,0,0,0,0,-1,inf,0,-1,0,0,-1,0,0,7600,207,0,3789,0,3604,1.8770559585775741,4.391566502196131,False
occluding_cut_in,P3,15001,50,5.0,2.0,11.272727078473354,7.347277451802598,0.21016357905894723,0.00020785407926597087,999792145.920734,17.087302883832304,17.086958375649086,19.431160541768985,11.331044181969368,1.913149005085399,0,0,0,0,-1,inf,0,-1,0,0,-1,0,0,7600,191,0,3805,0,3604,1.8770559585775741,4.391566502196131,False
occluding_cut_in,P4,15001,50,5.0,2.0,11.267888282720728,7.327224075401506,0.2107706627715266,0.00021432353040528026,999785676.4695947,17.087302883832308,17.087302883832308,19.431160541768985,11.331044181969368,1.912697116167692,0,0,0,0,-1,inf,0,-1,0,0,-1,0,0,7600,182,0,3814,0,3604,1.8770559585775741,4.391566502196131,False
occluding_cut_in,P0,15002,50,5.0,2.0,11.267888282720728,7.327224075401506,0.2107706627715266,0.00021432353040528026,999785676.4695947,17.087302883832308,17.087302883832308,19.431160541768985,11.331044181969368,1.912697116167692,0,0,0,0,-1,inf,0,-1,0,0,-1,0,0,7600,182,0,3814,0,3604,1.9844408763674903,4.409632679218493,False
occluding_cut_in,P1,15002,50,5.0,2.0,11.317319119307221,7.34927735771918,0.20786128060150882,0.00020631348633499952,999793686.5136652,17.121780353335414,17.11729961532519,19.430094201262467,11.331044181969368,1.8829699810294924,0,0,0,0,-1,inf,0,-1,0,0,-1,0,0,7600,274,0,3745,0,3581,1.9844408763674903,4.409632679218493,False
occluding_cut_in,P2,15002,50,5.0,2.0,11.279361912896213,7.332113693679981,0.21008848347125705,0.0002113748523771999,999788625.147623,17.087302883832304,17.08669665353498,19.430094201262467,11.331044181969368,1.9133038564810327,0,0,0,0,-1,inf,0,-1,0,0,-1,0,0,7600,207,0,3789,0,3604,1.9844408763674903,4.409632679218493,False
occluding_cut_in,P3,15002,50,5.0,2.0,11.271959506513124,7.335881601140441,0.21027690254954082,0.00021045185835408037,999789548.1416459,17.087302883832308,17.087194917016916,19.431160541768985,11.331044181969368,1.9128245916561997,0,0,0,0,-1,inf,0,-1,0,0,-1,0,0,7600,182,0,3814,0,3604,1.9844408763674903,4.409632679218493,False
occluding_cut_in,P4,15002,50,5.0,2.0,11.267888282720728,7.327224075401506,0.2107706627715266,0.00021432353040528026,999785676.4695947,17.087302883832308,17.087302883832308,19.431160541768985,11.331044181969368,1.912697116167692,0,0,0,0,-1,inf,0,-1,0,0,-1,0,0,7600,182,0,3814,0,3604,1.9844408763674903,4.409632679218493,False
occluding_cut_in,P0,15003,50,5.0,2.0,11.267888282720728,7.327224075401506,0.2107706627715266,0.00021432353040528026,999785676.4695947,17.087302883832308,17.087302883832308,19.431160541768985,11.331044181969368,1.912697116167692,0,0,0,0,-1,inf,0,-1,0,0,-1,0,0,7600,182,0,3814,0,3604,1.7815224882299427,4.111772128384116,False
occluding_cut_in,P1,15003,50,5.0,2.0,11.317737018469149,7.347697923399429,0.20786527404869443,0.0002066987070679961,999793301.292932,17.1217803533354,17.11722384637169,19.430094201262467,11.331044181969368,1.8830018139341327,0,0,0,0,-1,inf,0,-1,0,0,-1,0,0,7600,265,0,3754,0,3581,1.7815224882299427,4.111772128384116,False
occluding_cut_in,P2,15003,50,5.0,2.0,11.237984396402712,7.348411669860199,0.2133351507000627,0.00020808773445762894,999791912.2655423,17.096720715219103,17.092765427591445,19.430094201262467,11.331044181969368,1.9095319180822474,0,0,0,0,-1,inf,0,-1,0,0,-1,0,0,7600,241,0,3759,0,3600,1.7815224882299427,4.111772128384116,False
occluding_cut_in,P3,15003,50,5.0,2.0,11.234115978422913,7.347532739074193,0.2132565692115898,0.00020827732696175155,999791722.6730384,17.09672071521911,17.09343247158598,19.431160541768985,11.331044181969368,1.9092338673411526,0,0,0,0,-1,inf,0,-1,0,0,-1,0,0,7600,216,0,3784,0,3600,1.7815224882299427,4.111772128384116,False
occluding_cut_in,P4,15003,50,5.0,2.0,11.267888282720728,7.327224075401506,0.2107706627715266,0.00021432353040528026,999785676.4695947,17.087302883832308,17.087302883832308,19.431160541768985,11.331044181969368,1.912697116167692,0,0,0,0,-1,inf,0,-1,0,0,-1,0,0,7600,182,0,3814,0,3604,1.7815224882299427,4.111772128384116,False
occluding_cut_in,P0,15004,50,5.0,2.0,11.267888282720728,7.327224075401506,0.2107706627715266,0.00021432353040528026,999785676.4695947,17.087302883832308,17.087302883832308,19.431160541768985,11.331044181969368,1.912697116167692,0,0,0,0,-1,inf,0,-1,0,0,-1,0,0,7600,182,0,3814,0,3604,1.852897994533796,4.179216941300657,False
occluding_cut_in,P1,15004,50,5.0,2.0,11.317783592570613,7.340924320324938,0.20800412073676305,0.00020844263878270098,999791557.3612175,17.121780353335406,17.116962367430588,19.431160541768985,11.331044181969368,1.88314773956537,0,0,0,0,-1,inf,0,-1,0,0,-1,0,0,7600,257,0,3763,0,3580,1.852897994533796,4.179216941300657,False
occluding_cut_in,P2,15004,50,5.0,2.0,11.311378602159753,7.349014587157961,0.2079716628434389,0.00020637574603807674,999793624.2539618,17.121780353335414,17.117622715201758,19.431160541768985,11.331044181969368,1.8824849619202388,0,0,0,0,-1,inf,0,-1,0,0,-1,0,0,7600,237,0,3784,0,3579,1.852897994533796,4.179216941300657,False
occluding_cut_in,P3,15004,50,5.0,2.0,11.271959506513124,7.335881601140441,0.21027690254954082,0.00021045185835408037,999789548.1416459,17.087302883832308,17.087194917016916,19.431160541768985,11.331044181969368,1.9128245916561997,0,0,0,0,-1,inf,0,-1,0,0,-1,0,0,7600,182,0,3814,0,3604,1.852897994533796,4.179216941300657,False
occluding_cut_in,P4,15004,50,5.0,2.0,11.267888282720728,7.327224075401506,0.2107706627715266,0.00021432353040528026,999785676.4695947,17.087302883832308,17.087302883832308,19.431160541768985,11.331044181969368,1.912697116167692,0,0,0,0,-1,inf,0,-1,0,0,-1,0,0,7600,182,0,3814,0,3604,1.852897994533796,4.179216941300657,False
occluding_cut_in,P0,15005,50,5.0,2.0,11.267888282720728,7.327224075401506,0.2107706627715266,0.00021432353040528026,999785676.4695947,17.087302883832308,17.087302883832308,19.431160541768985,11.331044181969368,1.912697116167692,0,0,0,0,-1,inf,0,-1,0,0,-1,0,0,7600,182,0,3814,0,3604,1.7461476271457028,4.082076243483491,False
occluding_cut_in,P1,15005,50,5.0,2.0,11.281172157870188,7.340688870815291,0.2097296356476733,0.00020990463374568325,999790095.3662541,17.08730288383231,17.086426541833706,19.431160541768985,11.331044181969368,1.9135771939595783,0,0,0,0,-1,inf,0,-1,0,0,-1,0,0,7600,192,0,3804,0,3604,1.7461476271457028,4.082076243483491,False
occluding_cut_in,P2,15005,50,5.0,2.0,11.267888282720728,7.327224075401506,0.2107706627715266,0.00021432353040528026,999785676.4695947,17.087302883832308,17.087302883832308,19.431160541768985,11.331044181969368,1.912697116167692,0,0,0,0,-1,inf,0,-1,0,0,-1,0,0,7600,182,0,3814,0,3604,1.7461476271457028,4.082076243483491,False
occluding_cut_in,P3,15005,50,5.0,2.0,11.271959506513124,7.335881601140441,0.21027690254954082,0.00021045185835408037,999789548.1416459,17.087302883832308,17.087194917016916,19.431160541768985,11.331044181969368,1.9128245916561997,0,0,0,0,-1,inf,0,-1,0,0,-1,0,0,7600,182,0,3814,0,3604,1.7461476271457028,4.082076243483491,False
occluding_cut_in,P4,15005,50,5.0,2.0,11.267888282720728,7.327224075401506,0.2107706627715266,0.00021432353040528026,999785676.4695947,17.087302883832308,17.087302883832308,19.431160541768985,11.331044181969368,1.912697116167692,0,0,0,0,-1,inf,0,-1,0,0,-1,0,0,7600,182,0,3814,0,3604,1.7461476271457028,4.082076243483491,False
occluding_cut_in,P0,15006,50,5.0,2.0,11.267888282720728,7.327224075401506,0.2107706627715266,0.00021432353040528026,999785676.4695947,17.087302883832308,17.087302883832308,19.431160541768985,11.331044181969368,1.912697116167692,0,0,0,0,-1,inf,0,-1,0,0,-1,0,0,7600,182,0,3814,0,3604,1.8288023278894945,4.204243865628655,False
occluding_cut_in,P1,15006,50,5.0,2.0,11.30815976414788,7.346969508872786,0.20870055795720902,0.00020762557142257537,999792374.4285775,17.087302883832322,17.08472641182488,19.430048105437574,11.331044181969368,1.91531324796778,0,0,0,0,-1,inf,0,-1,0,0,-1,0,0,7600,260,0,3736,0,3604,1.8288023278894945,4.204243865628655,False
occluding_cut_in,P2,15006,50,5.0,2.0,11.237443136743446,7.348496364291064,0.21337678219934827,0.0002080716804135019,999791928.3195865,17.096720715219117,17.092725783096938,19.430048105437574,11.331044181969368,1.9095945638237422,0,0,0,0,-1,inf,0,-1,0,0,-1,0,0,7600,242,0,3758,0,3600,1.8288023278894945,4.204243865628655,False
occluding_cut_in,P3,15006,50,5.0,2.0,11.234115978422913,7.347532739074193,0.2132565692115898,0.00020827732696175155,999791722.6730384,17.09672071521911,17.09343247158598,19.431160541768985,11.331044181969368,1.9092338673411526,0,0,0,0,-1,inf,0,-1,0,0,-1,0,0,7600,216,0,3784,0,3600,1.8288023278894945,4.204243865628655,False
occluding_cut_in,P4,15006,50,5.0,2.0,11.267888282720728,7.327224075401506,0.2107706627715266,0.00021432353040528026,999785676.4695947,17.087302883832308,17.087302883832308,19.431160541768985,11.331044181969368,1.912697116167692,0,0,0,0,-1,inf,0,-1,0,0,-1,0,0,7600,182,0,3814,0,3604,1.8288023278894945,4.204243865628655,False
occluding_cut_in,P0,15007,50,5.0,2.0,11.267888282720728,7.327224075401506,0.2107706627715266,0.00021432353040528026,999785676.4695947,17.087302883832308,17.087302883832308,19.431160541768985,11.331044181969368,1.912697116167692,0,0,0,0,-1,inf,0,-1,0,0,-1,0,0,7600,182,0,3814,0,3604,1.9923192698093373,4.504491166825617,False
occluding_cut_in,P1,15007,50,5.0,2.0,11.317783592570613,7.340924320324938,0.20800412073676305,0.00020844263878270098,999791557.3612175,17.121780353335406,17.116962367430588,19.431160541768985,11.331044181969368,1.88314773956537,0,0,0,0,-1,inf,0,-1,0,0,-1,0,0,7600,257,0,3763,0,3580,1.9923192698093373,4.504491166825617,False
occluding_cut_in,P2,15007,50,5.0,2.0,11.271959506513124,7.335881601140441,0.21027690254954082,0.00021045185835408037,999789548.1416459,17.087302883832308,17.087194917016916,19.431160541768985,11.331044181969368,1.9128245916561997,0,0,0,0,-1,inf,0,-1,0,0,-1,0,0,7600,182,0,3814,0,3604,1.9923192698093373,4.504491166825617,False
occluding_cut_in,P3,15007,50,5.0,2.0,11.271959506513124,7.335881601140441,0.21027690254954082,0.00021045185835408037,999789548.1416459,17.087302883832308,17.087194917016916,19.431160541768985,11.331044181969368,1.9128245916561997,0,0,0,0,-1,inf,0,-1,0,0,-1,0,0,7600,182,0,3814,0,3604,1.9923192698093373,4.504491166825617,False
occluding_cut_in,P4,15007,50,5.0,2.0,11.267888282720728,7.327224075401506,0.2107706627715266,0.00021432353040528026,999785676.4695947,17.087302883832308,17.087302883832308,19.431160541768985,11.331044181969368,1.912697116167692,0,0,0,0,-1,inf,0,-1,0,0,-1,0,0,7600,182,0,3814,0,3604,1.9923192698093373,4.504491166825617,False
occluding_cut_in,P0,15008,50,5.0,2.0,11.267888282720728,7.327224075401506,0.2107706627715266,0.00021432353040528026,999785676.4695947,17.087302883832308,17.087302883832308,19.431160541768985,11.331044181969368,1.912697116167692,0,0,0,0,-1,inf,0,-1,0,0,-1,0,0,7600,182,0,3814,0,3604,1.747808993139489,4.076344253157213,False
occluding_cut_in,P1,15008,50,5.0,2.0,11.30374712546382,7.351436410970007,0.2084816638955532,0.0002060536343597253,999793946.3656402,17.109263734065532,17.10706766941568,19.430094201262467,11.331044181969368,1.8929331610133158,0,0,0,0,-1,inf,0,-1,0,0,-1,0,0,7600,229,0,3780,0,3591,1.747808993139489,4.076344253157213,False
occluding_cut_in,P2,15008,50,5.0,2.0,11.242095386263324,7.3487750725582055,0.21339878044954438,0.00020804090547800493,999791959.094522,17.096720715219114,17.092146062856212,19.42906718105352,11.331044181969368,1.9097912970261546,0,0,0,0,-1,inf,0,-1,0,0,-1,0,0,7600,276,0,3732,0,3592,1.747808993139489,4.076344253157213,False
occluding_cut_in,P3,15008,50,5.0,2.0,11.234115978422913,7.347532739074193,0.2132565692115898,0.00020827732696175155,999791722.6730384,17.09672071521911,17.09343247158598,19.431160541768985,11.331044181969368,1.9092338673411526,0,0,0,0,-1,inf,0,-1,0,0,-1,0,0,7600,216,0,3784,0,3600,1.747808993139489,4.076344253157213,False
occluding_cut_in,P4,15008,50,5.0,2.0,11.267888282720728,7.327224075401506,0.2107706627715266,0.00021432353040528026,999785676.4695947,17.087302883832308,17.087302883832308,19.431160541768985,11.331044181969368,1.912697116167692,0,0,0,0,-1,inf,0,-1,0,0,-1,0,0,7600,182,0,3814,0,3604,1.747808993139489,4.076344253157213,False
occluding_cut_in,P0,15009,50,5.0,2.0,11.267888282720728,7.327224075401506,0.2107706627715266,0.00021432353040528026,999785676.4695947,17.087302883832308,17.087302883832308,19.431160541768985,11.331044181969368,1.912697116167692,0,0,0,0,-1,inf,0,-1,0,0,-1,0,0,7600,182,0,3814,0,3604,1.8202191051472034,4.255274162271365,False
occluding_cut_in,P1,15009,50,5.0,2.0,11.30800178977677,7.346872248129354,0.20871911225034864,0.00020767788750188996,999792322.112498,17.087302883832308,17.084761037695827,19.430048105437574,11.331044181969368,1.9152843159252089,0,0,0,0,-1,inf,0,-1,0,0,-1,0,0,7600,264,0,3732,0,3604,1.8202191051472034,4.255274162271365,False
occluding_cut_in,P2,15009,50,5.0,2.0,11.277324979066798,7.331814707253029,0.21033295076224431,0.00021284964618616586,999787150.3538138,17.087302883832315,17.086798357056182,19.430048105437574,11.331044181969368,1.9132136360357044,0,0,0,0,-1,inf,0,-1,0,0,-1,0,0,7600,208,0,3788,0,3604,1.8202191051472034,4.255274162271365,False
occluding_cut_in,P3,15009,50,5.0,2.0,11.271959506513124,7.335881601140441,0.21027690254954082,0.00021045185835408037,999789548.1416459,17.087302883832308,17.087194917016916,19.431160541768985,11.331044181969368,1.9128245916561997,0,0,0,0,-1,inf,0,-1,0,0,-1,0,0,7600,182,0,3814,0,3604,1.8202191051472034,4.255274162271365,False
occluding_cut_in,P4,15009,50,5.0,2.0,11.267888282720728,7.327224075401506,0.2107706627715266,0.00021432353040528026,999785676.4695947,17.087302883832308,17.087302883832308,19.431160541768985,11.331044181969368,1.912697116167692,0,0,0,0,-1,inf,0,-1,0,0,-1,0,0,7600,182,0,3814,0,3604,1.8202191051472034,4.255274162271365,False
occluding_cut_in,P0,15010,50,5.0,2.0,11.267888282720728,7.327224075401506,0.2107706627715266,0.00021432353040528026,999785676.4695947,17.087302883832308,17.087302883832308,19.431160541768985,11.331044181969368,1.912697116167692,0,0,0,0,-1,inf,0,-1,0,0,-1,0,0,7600,182,0,3814,0,3604,1.841566720491328,4.27993590252107,False
occluding_cut_in,P1,15010,50,5.0,2.0,11.323796424738557,7.340551811305513,0.20790138614253995,0.00020853186552129718,999791468.1344788,17.121780353335424,17.116618173303245,19.430073758811165,11.331044181969368,1.883639107197916,0,0,0,0,-1,inf,0,-1,0,0,-1,0,0,7600,290,0,3728,0,3582,1.841566720491328,4.27993590252107,False
occluding_cut_in,P2,15010,50,5.0,2.0,11.286079728009017,7.344531283409557,0.20991135773334615,0.00020859818563513267,999791401.8143649,17.087302883832315,17.085899104253002,19.429105969747095,11.331044181969368,1.914111531967686,0,0,0,0,-1,inf,0,-1,0,0,-1,0,0,7600,247,0,3753,0,3600,1.841566720491328,4.27993590252107,False
occluding_cut_in,P3,15010,50,5.0,2.0,11.272727078473354,7.347277451802598,0.21016357905894723,0.00020785407926597087,999792145.920734,17.087302883832304,17.086958375649086,19.431160541768985,11.331044181969368,1.913149005085399,0,0,0,0,-1,inf,0,-1,0,0,-1,0,0,7600,191,0,3805,0,3604,1.841566720491328,4.27993590252107,False
occluding_cut_in,P4,15010,50,5.0,2.0,11.267888282720728,7.327224075401506,0.2107706627715266,0.00021432353040528026,999785676.4695947,17.087302883832308,17.087302883832308,19.431160541768985,11.331044181969368,1.912697116167692,0,0,0,0,-1,inf,0,-1,0,0,-1,0,0,7600,182,0,3814,0,3604,1.841566720491328,4.27993590252107,False
occluding_cut_in,P0,15011,50,5.0,2.0,11.267888282720728,7.327224075401506,0.2107706627715266,0.00021432353040528026,999785676.4695947,17.087302883832308,17.087302883832308,19.431160541768985,11.331044181969368,1.912697116167692,0,0,0,0,-1,inf,0,-1,0,0,-1,0,0,7600,182,0,3814,0,3604,1.9324673733405815,4.387028370198077,False
occluding_cut_in,P1,15011,50,5.0,2.0,11.329320433898081,7.332106253957798,0.20798887156564894,0.0002107913386870916,999789208.661313,17.12178035333542,17.116065878104273,19.428979746309775,11.331044181969368,1.8842458135346978,0,0,0,0,-1,inf,0,-1,0,0,-1,0,0,7600,307,0,3711,0,3582,1.9324673733405815,4.387028370198077,False
occluding_cut_in,P2,15011,50,5.0,2.0,11.237081283433438,7.347109052039309,0.21466150889918048,0.00020886447096597608,999791135.5290341,17.11453108664462,17.10789203763665,19.42795271742619,11.331044181969368,1.893914251183964,0,0,0,0,-1,inf,0,-1,0,0,-1,0,0,7600,315,0,3697,0,3588,1.9324673733405815,4.387028370198077,False
occluding_cut_in,P3,15011,50,5.0,2.0,11.225860703385898,7.306477124987944,0.21426607060065175,0.00021907488638274697,999780925.1136171,17.096720715219107,17.093275839460258,19.431160541768985,11.331044181969368,1.9098437800511956,0,0,0,0,-1,inf,0,-1,0,0,-1,0,0,7600,221,0,3779,0,3600,1.9324673733405815,4.387028370198077,False
occluding_cut_in,P4,15011,50,5.0,2.0,11.267888282720728,7.327224075401506,0.2107706627715266,0.00021432353040528026,999785676.4695947,17.087302883832308,17.087302883832308,19.431160541768985,11.331044181969368,1.912697116167692,0,0,0,0,-1,inf,0,-1,0,0,-1,0,0,7600,182,0,3814,0,3604,1.9324673733405815,4.387028370198077,False
occluding_cut_in,P0,15012,50,5.0,2.0,11.267888282720728,7.327224075401506,0.2107706627715266,0.00021432353040528026,999785676.4695947,17.087302883832308,17.087302883832308,19.431160541768985,11.331044181969368,1.912697116167692,0,0,0,0,-1,inf,0,-1,0,0,-1,0,0,7600,182,0,3814,0,3604,1.8752629389254718,4.233491208306433,False
occluding_cut_in,P1,15012,50,5.0,2.0,11.323245775203262,7.336103709242501,0.2080294794994496,0.00020972031113156248,999790279.6888683,17.12178035333542,17.11647470765533,19.431160541768985,11.331044181969368,1.8837141271706073,0,0,0,0,-1,inf,0,-1,0,0,-1,0,0,7600,281,0,3737,0,3582,1.8752629389254718,4.233491208306433,False
occluding_cut_in,P2,15012,50,5.0,2.0,11.234115978422913,7.347532739074193,0.2132565692115898,0.00020827732696175155,999791722.6730384,17.09672071521911,17.09343247158598,19.431160541768985,11.331044181969368,1.9092338673411526,0,0,0,0,-1,inf,0,-1,0,0,-1,0,0,7600,216,0,3784,0,3600,1.8752629389254718,4.233491208306433,False
occluding_cut_in,P3,15012,50,5.0,2.0,11.225860703385898,7.306477124987944,0.21426607060065175,0.00021907488638274697,999780925.1136171,17.096720715219107,17.093275839460258,19.431160541768985,11.331044181969368,1.9098437800511956,0,0,0,0,-1,inf,0,-1,0,0,-1,0,0,7600,221,0,3779,0,3600,1.8752629389254718,4.233491208306433,False
occluding_cut_in,P4,15012,50,5.0,2.0,11.267888282720728,7.327224075401506,0.2107706627715266,0.00021432353040528026,999785676.4695947,17.087302883832308,17.087302883832308,19.431160541768985,11.331044181969368,1.912697116167692,0,0,0,0,-1,inf,0,-1,0,0,-1,0,0,7600,182,0,3814,0,3604,1.8752629389254718,4.233491208306433,False
occluding_cut_in,P0,15013,50,5.0,2.0,11.267888282720728,7.327224075401506,0.2107706627715266,0.00021432353040528026,999785676.4695947,17.087302883832308,17.087302883832308,19.431160541768985,11.331044181969368,1.912697116167692,0,0,0,0,-1,inf,0,-1,0,0,-1,0,0,7600,182,0,3814,0,3604,1.8886144181933056,4.385670153201461,False
occluding_cut_in,P1,15013,50,5.0,2.0,11.323221865888478,7.336492199135528,0.2080234515618103,0.00020961554147513526,999790384.4585248,17.12178035333542,17.11648585854022,19.431160541768985,11.331044181969368,1.8837081838576055,0,0,0,0,-1,inf,0,-1,0,0,-1,0,0,7600,282,0,3736,0,3582,1.8886144181933056,4.385670153201461,False
occluding_cut_in,P2,15013,50,5.0,2.0,11.237443136743446,7.348496364291064,0.21337678219934827,0.0002080716804135019,999791928.3195865,17.096720715219117,17.092725783096938,19.430048105437574,11.331044181969368,1.9095945638237422,0,0,0,0,-1,inf,0,-1,0,0,-1,0,0,7600,242,0,3758,0,3600,1.8886144181933056,4.385670153201461,False
occluding_cut_in,P3,15013,50,5.0,2.0,11.234115978422913,7.347532739074193,0.2132565692115898,0.00020827732696175155,999791722.6730384,17.09672071521911,17.09343247158598,19.431160541768985,11.331044181969368,1.9092338673411526,0,0,0,0,-1,inf,0,-1,0,0,-1,0,0,7600,216,0,3784,0,3600,1.8886144181933056,4.385670153201461,False
occluding_cut_in,P4,15013,50,5.0,2.0,11.267888282720728,7.327224075401506,0.2107706627715266,0.00021432353040528026,999785676.4695947,17.087302883832308,17.087302883832308,19.431160541768985,11.331044181969368,1.912697116167692,0,0,0,0,-1,inf,0,-1,0,0,-1,0,0,7600,182,0,3814,0,3604,1.8886144181933056,4.385670153201461,False
occluding_cut_in,P0,15014,50,5.0,2.0,11.267888282720728,7.327224075401506,0.2107706627715266,0.00021432353040528026,999785676.4695947,17.087302883832308,17.087302883832308,19.431160541768985,11.331044181969368,1.912697116167692,0,0,0,0,-1,inf,0,-1,0,0,-1,0,0,7600,182,0,3814,0,3604,1.7619648705144448,4.103057296883112,False
occluding_cut_in,P1,15014,50,5.0,2.0,11.312940923933725,7.351209970811721,0.20821294100049745,0.0002059015937840497,999794098.4062161,17.10926373406553,17.106377819944512,19.431160541768985,11.331044181969368,1.893627307145357,0,0,0,0,-1,inf,0,-1,0,0,-1,0,0,7600,248,0,3761,0,3591,1.7619648705144448,4.103057296883112,False
occluding_cut_in,P2,15014,50,5.0,2.0,11.234115978422913,7.347532739074193,0.2132565692115898,0.00020827732696175155,999791722.6730384,17.09672071521911,17.09343247158598,19.431160541768985,11.331044181969368,1.9092338673411526,0,0,0,0,-1,inf,0,-1,0,0,-1,0,0,7600,216,0,3784,0,3600,1.7619648705144448,4.103057296883112,False
occluding_cut_in,P3,15014,50,5.0,2.0,11.234073069656134,7.347335823045719,0.2132618538943181,0.00020833406800779844,999791665.9319923,17.095747563781476,17.092459334514142,19.431160541768985,11.331044181969368,1.910205886567364,0,0,0,0,-1,inf,0,-1,0,0,-1,0,0,7600,216,0,3777,0,3607,1.7619648705144448,4.103057296883112,False
occluding_cut_in,P4,15014,50,5.0,2.0,11.267888282720728,7.327224075401506,0.2107706627715266,0.00021432353040528026,999785676.4695947,17.087302883832308,17.087302883832308,19.431160541768985,11.331044181969368,1.912697116167692,0,0,0,0,-1,inf,0,-1,0,0,-1,0,0,7600,182,0,3814,0,3604,1.7619648705144448,4.103057296883112,False
occluding_cut_in,P0,15015,50,5.0,2.0,11.267888282720728,7.327224075401506,0.2107706627715266,0.00021432353040528026,999785676.4695947,17.087302883832308,17.087302883832308,19.431160541768985,11.331044181969368,1.912697116167692,0,0,0,0,-1,inf,0,-1,0,0,-1,0,0,7600,182,0,3814,0,3604,1.9582336797398259,4.46758514076677,False
occluding_cut_in,P1,15015,50,5.0,2.0,11.294827747378518,7.3381468969637,0.20960413055526295,0.00021080039267392807,999789199.6073259,17.0873028838323,17.085889491422154,19.42795271742619,11.331044181969368,1.9142331884842547,0,0,0,0,-1,inf,0,-1,0,0,-1,0,0,7600,269,0,3735,0,3596,1.9582336797398259,4.46758514076677,False
occluding_cut_in,P2,15015,50,5.0,2.0,11.294827747378518,7.3381468969637,0.20960413055526295,0.00021080039267392807,999789199.6073259,17.0873028838323,17.085889491422154,19.42795271742619,11.331044181969368,1.9142331884842547,0,0,0,0,-1,inf,0,-1,0,0,-1,0,0,7600,269,0,3735,0,3596,1.9582336797398259,4.46758514076677,False
occluding_cut_in,P3,15015,50,5.0,2.0,11.27959823775745,7.3462779110606355,0.2100196495923135,0.00020811949895195854,999791880.501048,17.087302883832304,17.08643884012282,19.430094201262467,11.331044181969368,1.9136055059923018,0,0,0,0,-1,inf,0,-1,0,0,-1,0,0,7600,216,0,3780,0,3604,1.9582336797398259,4.46758514076677,False
occluding_cut_in,P4,15015,50,5.0,2.0,11.267888282720728,7.327224075401506,0.2107706627715266,0.00021432353040528026,999785676.4695947,17.087302883832308,17.087302883832308,19.431160541768985,11.331044181969368,1.912697116167692,0,0,0,0,-1,inf,0,-1,0,0,-1,0,0,7600,182,0,3814,0,3604,1.9582336797398259,4.46758514076677,False
occluding_cut_in,P0,15016,50,5.0,2.0,11.267888282720728,7.327224075401506,0.2107706627715266,0.00021432353040528026,999785676.4695947,17.087302883832308,17.087302883832308,19.431160541768985,11.331044181969368,1.912697116167692,0,0,0,0,-1,inf,0,-1,0,0,-1,0,0,7600,182,0,3814,0,3604,1.87513399886103,4.2551322381243075,False
occluding_cut_in,P1,15016,50,5.0,2.0,11.215314815311201,7.3562125437276515,0.2142774355330835,0.00020576808737174726,999794231.9126282,17.143537204129025,17.132519779316038,19.431160541768985,11.331044181969368,1.869272256776083,0,0,0,0,-1,inf,0,-1,0,0,-1,0,0,7600,369,0,3650,0,3581,1.87513399886103,4.2551322381243075,False
occluding_cut_in,P2,15016,50,5.0,2.0,11.234115978422913,7.347532739074193,0.2132565692115898,0.00020827732696175155,999791722.6730384,17.09672071521911,17.09343247158598,19.431160541768985,11.331044181969368,1.9092338673411526,0,0,0,0,-1,inf,0,-1,0,0,-1,0,0,7600,216,0,3784,0,3600,1.87513399886103,4.2551322381243075,False
occluding_cut_in,P3,15016,50,5.0,2.0,11.234115978422913,7.347532739074193,0.2132565692115898,0.00020827732696175155,999791722.6730384,17.09672071521911,17.09343247158598,19.431160541768985,11.331044181969368,1.9092338673411526,0,0,0,0,-1,inf,0,-1,0,0,-1,0,0,7600,216,0,3784,0,3600,1.87513399886103,4.2551322381243075,False
occluding_cut_in,P4,15016,50,5.0,2.0,11.267888282720728,7.327224075401506,0.2107706627715266,0.00021432353040528026,999785676.4695947,17.087302883832308,17.087302883832308,19.431160541768985,11.331044181969368,1.912697116167692,0,0,0,0,-1,inf,0,-1,0,0,-1,0,0,7600,182,0,3814,0,3604,1.87513399886103,4.2551322381243075,False
occluding_cut_in,P0,15017,50,5.0,2.0,11.267888282720728,7.327224075401506,0.2107706627715266,0.00021432353040528026,999785676.4695947,17.087302883832308,17.087302883832308,19.431160541768985,11.331044181969368,1.912697116167692,0,0,0,0,-1,inf,0,-1,0,0,-1,0,0,7600,182,0,3814,0,3604,1.8516435953845685,4.255737904041797,False
occluding_cut_in,P1,15017,50,5.0,2.0,11.317783592570613,7.340924320324938,0.20800412073676305,0.00020844263878270098,999791557.3612175,17.121780353335406,17.116962367430588,19.431160541768985,11.331044181969368,1.88314773956537,0,0,0,0,-1,inf,0,-1,0,0,-1,0,0,7600,257,0,3763,0,3580,1.8516435953845685,4.255737904041797,False
occluding_cut_in,P2,15017,50,5.0,2.0,11.309863290282232,7.352787589935944,0.20799125701341545,0.00020553158235295848,999794468.4176469,17.121780353335403,17.117893544408044,19.43013353196599,11.331044181969368,1.8823350330169113,0,0,0,0,-1,inf,0,-1,0,0,-1,0,0,7600,259,0,3764,0,3577,1.8516435953845685,4.255737904041797,False
occluding_cut_in,P3,15017,50,5.0,2.0,11.271959506513124,7.335881601140441,0.21027690254954082,0.00021045185835408037,999789548.1416459,17.087302883832308,17.087194917016916,19.431160541768985,11.331044181969368,1.9128245916561997,0,0,0,0,-1,inf,0,-1,0,0,-1,0,0,7600,182,0,3814,0,3604,1.8516435953845685,4.255737904041797,False
occluding_cut_in,P4,15017,50,5.0,2.0,11.267888282720728,7.327224075401506,0.2107706627715266,0.00021432353040528026,999785676.4695947,17.087302883832308,17.087302883832308,19.431160541768985,11.331044181969368,1.912697116167692,0,0,0,0,-1,inf,0,-1,0,0,-1,0,0,7600,182,0,3814,0,3604,1.8516435953845685,4.255737904041797,False
occluding_cut_in,P0,15018,50,5.0,2.0,11.267888282720728,7.327224075401506,0.2107706627715266,0.00021432353040528026,999785676.4695947,17.087302883832308,17.087302883832308,19.431160541768985,11.331044181969368,1.912697116167692,0,0,0,0,-1,inf,0,-1,0,0,-1,0,0,7600,182,0,3814,0,3604,1.877675754500745,4.28056704722803,False
occluding_cut_in,P1,15018,50,5.0,2.0,11.322943974651087,7.33403554722125,0.20809220417928995,0.0002102807855881643,999789719.214412,17.1217803533354,17.116418816813685,19.431160541768985,11.331044181969368,1.8837443416425894,0,0,0,0,-1,inf,0,-1,0,0,-1,0,0,7600,275,0,3745,0,3580,1.877675754500745,4.28056704722803,False
occluding_cut_in,P2,15018,50,5.0,2.0,11.311378602159753,7.349014587157961,0.2079716628434389,0.00020637574603807674,999793624.2539618,17.121780353335414,17.117622715201758,19.431160541768985,11.331044181969368,1.8824849619202388,0,0,0,0,-1,inf,0,-1,0,0,-1,0,0,7600,237,0,3784,0,3579,1.877675754500745,4.28056704722803,False
occluding_cut_in,P3,15018,50,5.0,2.0,11.271959506513124,7.335881601140441,0.21027690254954082,0.00021045185835408037,999789548.1416459,17.087302883832308,17.087194917016916,19.431160541768985,11.331044181969368,1.9128245916561997,0,0,0,0,-1,inf,0,-1,0,0,-1,0,0,7600,182,0,3814,0,3604,1.877675754500745,4.28056704722803,False
occluding_cut_in,P4,15018,50,5.0,2.0,11.267888282720728,7.327224075401506,0.2107706627715266,0.00021432353040528026,999785676.4695947,17.087302883832308,17.087302883832308,19.431160541768985,11.331044181969368,1.912697116167692,0,0,0,0,-1,inf,0,-1,0,0,-1,0,0,7600,182,0,3814,0,3604,1.877675754500745,4.28056704722803,False
occluding_cut_in,P0,15019,50,5.0,2.0,11.267888282720728,7.327224075401506,0.2107706627715266,0.00021432353040528026,999785676.4695947,17.087302883832308,17.087302883832308,19.431160541768985,11.331044181969368,1.912697116167692,0,0,0,0,-1,inf,0,-1,0,0,-1,0,0,7600,182,0,3814,0,3604,1.881506844231492,4.269814646692088,False
occluding_cut_in,P1,15019,50,5.0,2.0,11.331835967133403,7.3149064797177,0.20845588473934676,0.00021557699030110445,999784423.009699,17.121780353335417,17.11535503612542,19.43016726865015,15.062367217268713,1.8849336652263151,0,0,0,0,-1,inf,0,-1,0,0,-1,0,0,7600,322,0,3700,0,3578,1.881506844231492,4.269814646692088,False
occluding_cut_in,P2,15019,50,5.0,2.0,11.29041419912351,7.342145767198837,0.20946651499948335,0.00020942562468207745,999790574.3753178,17.08730288383231,17.085952953616665,19.431160541768985,11.331044181969368,1.9140530995723863,0,0,0,0,-1,inf,0,-1,0,0,-1,0,0,7600,221,0,3775,0,3604,1.881506844231492,4.269814646692088,False
occluding_cut_in,P3,15019,50,5.0,2.0,11.225860703385898,7.306477124987944,0.21426607060065175,0.00021907488638274697,999780925.1136171,17.096720715219107,17.093275839460258,19.431160541768985,11.331044181969368,1.9098437800511956,0,0,0,0,-1,inf,0,-1,0,0,-1,0,0,7600,221,0,3779,0,3600,1.881506844231492,4.269814646692088,False
occluding_cut_in,P4,15019,50,5.0,2.0,11.267888282720728,7.327224075401506,0.2107706627715266,0.00021432353040528026,999785676.4695947,17.087302883832308,17.087302883832308,19.431160541768985,11.331044181969368,1.912697116167692,0,0,0,0,-1,inf,0,-1,0,0,-1,0,0,7600,182,0,3814,0,3604,1.881506844231492,4.269814646692088,False
