scenario,planner,seed,steps,duration_s,planning_safety_margin_m,mean_snr_db,min_snr_db,mean_outage_probability,mean_ber_model,mean_goodput_bps_model,path_length_m,progress_m,min_target_distance_m,min_realized_ttc_s,min_static_obstacle_clearance_m,static_clearance_violation_steps,static_clearance_violation_indicator,collision_indicator,collision_steps,first_collision_step,first_collision_time_s,no_candidate_steps,first_no_candidate_step,zero_candidate_after_static_steps,zero_candidate_after_dynamic_steps,candidate_evaluations,candidate_road_rejections,candidate_speed_rejections,candidate_static_rejections,candidate_dynamic_rejections,candidate_feasible,prediction_ade_m,prediction_fde_m,measured_optical_link
following_lateral_offset,P0,9000,40,4.0,2.5,16.726517042651846,11.056248887573183,0.02654301591571545,4.680256628135925e-08,999999953.1974337,35.878333333333345,35.878333333333345,4.352945682076796,1.5546938859974648,inf,0,0,0,0,-1,inf,1,1,0,1,6080,0,0,0,1916,4164,1.8225331140428995,4.157889384919348,False
following_lateral_offset,P1,9000,40,4.0,2.5,16.750693458577842,11.047230776418225,0.02638363584015917,4.991415720889242e-08,999999950.0858428,35.88000000000002,35.88000000000002,4.351367601111156,1.612640701300428,inf,0,0,0,0,-1,inf,1,1,0,1,6080,0,0,0,1902,4178,1.8225331140428995,4.157889384919348,False
following_lateral_offset,P2,9000,40,4.0,2.5,18.509665380549393,16.137508032910766,0.005991043894277822,2.0676442016347473e-20,1000000000.0,35.69833333333333,35.693300367639594,4.4413164975656825,1.5422266592314888,inf,0,0,0,0,-1,inf,1,1,0,1,6080,311,0,0,1608,4161,1.8225331140428995,4.157889384919348,False
following_lateral_offset,P3,9000,40,4.0,2.5,17.29739157892303,13.048957629332397,0.01389565470310738,2.2734773026304147e-11,999999999.9772651,35.84833333333334,35.846419089581765,4.356210750224619,1.5546938859974648,inf,0,0,0,0,-1,inf,1,1,0,1,6080,99,0,0,1801,4180,1.8225331140428995,4.157889384919348,False
following_lateral_offset,P4,9000,40,4.0,2.5,18.02240598405628,15.108475410669396,0.008178813157455337,1.1143091703888225e-16,1000000000.0,35.74500000000001,35.741258680309144,4.423174679133995,1.5422266592314888,inf,0,0,0,0,-1,inf,1,1,0,1,6080,223,0,0,1696,4161,1.8225331140428995,4.157889384919348,False
following_lateral_offset,P0,9001,40,4.0,2.5,16.118955977607044,6.5799389043690795,0.07334686319476033,0.0001485566107472545,999851443.3892529,36.140000000000015,36.13894909969688,4.123003996336769,1.2489401013843289,inf,0,0,0,0,-1,inf,1,1,0,1,6080,53,0,0,2029,3998,1.8669593561435256,4.219168712727196,False
following_lateral_offset,P1,9001,40,4.0,2.5,16.118955977607044,6.5799389043690795,0.07334686319476033,0.0001485566107472545,999851443.3892529,36.140000000000015,36.13894909969688,4.123003996336769,1.2489401013843289,inf,0,0,0,0,-1,inf,1,1,0,1,6080,53,0,0,2029,3998,1.8669593561435256,4.219168712727196,False
following_lateral_offset,P2,9001,40,4.0,2.5,17.1975187187683,11.625620969522522,0.019676898817495223,7.640500103676826e-09,999999992.3594999,36.14000000000002,36.13536883801644,4.067441025004197,1.2198802795230397,inf,0,0,0,0,-1,inf,2,1,0,2,6080,159,0,0,2006,3915,1.8669593561435256,4.219168712727196,False
following_lateral_offset,P3,9001,40,4.0,2.5,16.547642055895174,7.942667158476766,0.047138473960424074,2.6046863637836746e-05,999973953.1363621,36.140000000000015,36.1384059385477,4.101218968933518,1.2198802795230397,inf,0,0,0,0,-1,inf,1,1,0,1,6080,71,0,0,2043,3966,1.8669593561435256,4.219168712727196,False
following_lateral_offset,P4,9001,40,4.0,2.5,17.728872940139944,15.226439147760491,0.008964488251926726,4.294441154967031e-17,1000000000.0,36.03166666666668,36.02718987311806,4.145258227359924,1.2784183923944323,inf,0,0,0,0,-1,inf,1,1,0,1,6080,203,0,0,1802,4075,1.8669593561435256,4.219168712727196,False
following_lateral_offset,P0,9002,40,4.0,2.5,16.767701346922642,11.014662772008776,0.025550393862615976,4.7296367100204464e-08,999999952.7036327,35.886,35.886,4.345687057301754,1.5139047714304756,inf,0,0,0,0,-1,inf,1,1,0,1,6080,0,0,0,1855,4225,1.8277397465175511,4.094309413166095,False
following_lateral_offset,P1,9002,40,4.0,2.5,16.768936641757286,11.03639267368871,0.02547355790002347,4.448980488646542e-08,999999955.5101951,35.882,35.882,4.349473991185603,1.5139047714304756,inf,0,0,0,0,-1,inf,1,1,0,1,6080,0,0,0,1855,4225,1.8277397465175511,4.094309413166095,False
following_lateral_offset,P2,9002,40,4.0,2.5,19.14463475174878,16.137508032910766,0.004958576051511942,2.066868731680099e-20,1000000000.0,35.56200000000002,35.55439644249902,4.5518313204554435,1.550652106626762,inf,0,0,0,0,-1,inf,1,1,0,1,6080,450,0,0,1425,4205,1.8277397465175511,4.094309413166095,False
following_lateral_offset,P3,9002,40,4.0,2.5,18.257203296372133,15.754744818991174,0.0072219106408840175,6.133999102628943e-19,1000000000.0,35.56200000000002,35.55788821798294,4.59935164783844,1.550652106626762,inf,0,0,0,0,-1,inf,1,1,0,1,6080,260,0,0,1519,4301,1.8277397465175511,4.094309413166095,False
following_lateral_offset,P4,9002,40,4.0,2.5,18.99450603500689,16.137508032910766,0.006124040961680362,2.721674768983135e-20,1000000000.0,35.70866666666666,35.693027289749665,4.40560341810477,1.510233512416487,inf,0,0,0,0,-1,inf,1,1,0,1,6080,477,0,0,1453,4150,1.8277397465175511,4.094309413166095,False
following_lateral_offset,P0,9003,40,4.0,2.5,16.25617735650902,9.271544994900403,0.05326912041256382,7.441062404282293e-06,999992558.9375957,36.170000000000016,36.170000000000016,4.077854828215428,1.3105714380971376,inf,0,0,0,0,-1,inf,5,1,0,5,6080,0,0,0,2296,3784,1.9068996853727835,4.167308936891915,False
following_lateral_offset,P1,9003,40,4.0,2.5,16.25617735650902,9.271544994900403,0.05326912041256382,7.441062404282293e-06,999992558.9375957,36.170000000000016,36.170000000000016,4.077854828215428,1.3105714380971376,inf,0,0,0,0,-1,inf,5,1,0,5,6080,0,0,0,2296,3784,1.9068996853727835,4.167308936891915,False
following_lateral_offset,P2,9003,40,4.0,2.5,16.402336214461428,9.60465902158193,0.04675988922620754,3.555670103805131e-06,999996444.3298962,36.170000000000016,36.16951533178126,4.071268244547376,1.2892569981082325,inf,0,0,0,0,-1,inf,5,1,0,5,6080,25,0,0,2271,3784,1.9068996853727835,4.167308936891915,False
following_lateral_offset,P3,9003,40,4.0,2.5,16.402336214461428,9.60465902158193,0.04675988922620754,3.555670103805131e-06,999996444.3298962,36.170000000000016,36.16951533178126,4.071268244547376,1.2892569981082325,inf,0,0,0,0,-1,inf,5,1,0,5,6080,25,0,0,2271,3784,1.9068996853727835,4.167308936891915,False
following_lateral_offset,P4,9003,40,4.0,2.5,18.34213989171443,15.287108412582088,0.007407530964369866,2.689958094451538e-17,1000000000.0,36.02000000000002,36.00675733967533,4.101609294159277,1.2892569981082325,inf,0,0,0,0,-1,inf,5,1,0,5,6080,358,0,0,1970,3752,1.9068996853727835,4.167308936891915,False
following_lateral_offset,P0,9004,40,4.0,2.5,16.485563893596627,10.027548686634095,0.03793426423039444,7.637004306116959e-07,999999236.2995694,36.055000000000014,36.055000000000014,4.186051241922379,1.343422301414754,inf,0,0,0,0,-1,inf,1,1,0,1,6080,0,0,0,1947,4133,1.8217073995019,4.047051677859335,False
following_lateral_offset,P1,9004,40,4.0,2.5,16.62712399244732,10.93804089445209,0.02999811507089802,7.146003149218464e-08,999999928.5399685,35.900000000000006,35.900000000000006,4.332435804486889,1.424729073893593,inf,0,0,0,0,-1,inf,1,1,0,1,6080,0,0,0,1888,4192,1.8217073995019,4.047051677859335,False
following_lateral_offset,P2,9004,40,4.0,2.5,16.780570103096256,6.010849328079654,0.06519876575013193,0.0002998899996234315,999700110.0003765,35.933333333333344,35.92704821724066,4.306218647336403,1.362678844396132,inf,0,0,0,0,-1,inf,1,1,0,1,6080,276,0,0,1675,4129,1.8217073995019,4.047051677859335,False
following_lateral_offset,P3,9004,40,4.0,2.5,16.760055574880177,10.682092621672787,0.02917203505117296,1.3676208637473853e-07,999999863.2379137,36.05000000000001,36.049044109570666,4.17847872336665,1.3238900953055892,inf,0,0,0,0,-1,inf,1,1,0,1,6080,56,0,0,1885,4139,1.8217073995019,4.047051677859335,False
following_lateral_offset,P4,9004,40,4.0,2.5,19.1880974992415,15.557541609143234,0.0067090605486641005,3.096656562148978e-18,1000000000.0,35.910000000000004,35.88136335134571,4.198071993060522,1.3238900953055892,inf,0,0,0,0,-1,inf,1,1,0,1,6080,586,0,0,1451,4043,1.8217073995019,4.047051677859335,False
following_lateral_offset,P0,9005,40,4.0,2.5,16.407924197480657,10.423698616618257,0.041158297091467524,6.11343921225364e-07,999999388.6560787,35.96000000000001,35.96000000000001,4.247363888342979,1.330571438097138,inf,0,0,0,0,-1,inf,2,1,0,2,6080,0,0,0,2060,4020,1.7680371504148742,4.082494654630341,False
following_lateral_offset,P1,9005,40,4.0,2.5,16.407924197480657,10.423698616618257,0.041158297091467524,6.11343921225364e-07,999999388.6560787,35.96000000000001,35.96000000000001,4.247363888342979,1.330571438097138,inf,0,0,0,0,-1,inf,2,1,0,2,6080,0,0,0,2060,4020,1.7680371504148742,4.082494654630341,False
following_lateral_offset,P2,9005,40,4.0,2.5,18.2530156635536,15.375593684815925,0.0073103122696998365,1.3727272597322954e-17,1000000000.0,35.81000000000002,35.80555124312005,4.350047800327887,1.4407614274569922,inf,0,0,0,0,-1,inf,2,1,0,2,6080,285,0,0,1802,3993,1.7680371504148742,4.082494654630341,False
following_lateral_offset,P3,9005,40,4.0,2.5,18.2530156635536,15.375593684815925,0.0073103122696998365,1.3727272597322954e-17,1000000000.0,35.81000000000002,35.80555124312005,4.350047800327887,1.4407614274569922,inf,0,0,0,0,-1,inf,2,1,0,2,6080,285,0,0,1802,3993,1.7680371504148742,4.082494654630341,False
following_lateral_offset,P4,9005,40,4.0,2.5,19.65618626702024,16.137508032910766,0.004788085865932363,2.0668687316800988e-20,1000000000.0,35.660000000000025,35.64383924973978,4.39972706273753,1.4407614274569922,inf,0,0,0,0,-1,inf,2,1,0,2,6080,657,0,0,1475,3948,1.7680371504148742,4.082494654630341,False
following_lateral_offset,P0,9006,40,4.0,2.5,16.027762307477076,6.36227761846601,0.08196596607808168,0.0003156797118500321,999684320.2881501,36.530000000000015,36.530000000000015,3.7417776523999784,1.1766857257165668,inf,0,0,0,0,-1,inf,5,1,0,5,6080,0,0,0,2324,3756,1.9421800103479252,4.437562231660171,False
following_lateral_offset,P1,9006,40,4.0,2.5,16.027762307477076,6.36227761846601,0.08196596607808168,0.0003156797118500321,999684320.2881501,36.530000000000015,36.530000000000015,3.7417776523999784,1.1766857257165668,inf,0,0,0,0,-1,inf,5,1,0,5,6080,0,0,0,2324,3756,1.9421800103479252,4.437562231660171,False
following_lateral_offset,P2,9006,40,4.0,2.5,16.824906942778348,12.27121773877427,0.02088745309259815,6.080972223579762e-10,999999999.3919029,36.530000000000015,36.527726879577386,3.6976530711838667,1.159632605565728,inf,0,0,0,0,-1,inf,5,1,0,5,6080,113,0,0,2217,3750,1.9421800103479252,4.437562231660171,False
following_lateral_offset,P3,9006,40,4.0,2.5,16.824906942778348,12.27121773877427,0.02088745309259815,6.080972223579762e-10,999999999.3919029,36.530000000000015,36.527726879577386,3.6976530711838667,1.159632605565728,inf,0,0,0,0,-1,inf,5,1,0,5,6080,113,0,0,2217,3750,1.9421800103479252,4.437562231660171,False
following_lateral_offset,P4,9006,40,4.0,2.5,16.824906942778348,12.27121773877427,0.02088745309259815,6.080972223579762e-10,999999999.3919029,36.530000000000015,36.527726879577386,3.6976530711838667,1.159632605565728,inf,0,0,0,0,-1,inf,5,1,0,5,6080,113,0,0,2217,3750,1.9421800103479252,4.437562231660171,False
following_lateral_offset,P0,9007,40,4.0,2.5,16.257190655474105,8.846967827551829,0.052726595878449536,1.0008266873117538e-05,999989991.7331269,36.23000000000001,36.23000000000001,4.021554425840824,1.3419704532039372,inf,0,0,0,0,-1,inf,3,1,0,3,6080,0,0,0,2157,3923,1.9396017326342752,4.366869286070957,False
following_lateral_offset,P1,9007,40,4.0,2.5,16.257190655474105,8.846967827551829,0.052726595878449536,1.0008266873117538e-05,999989991.7331269,36.23000000000001,36.23000000000001,4.021554425840824,1.3419704532039372,inf,0,0,0,0,-1,inf,3,1,0,3,6080,0,0,0,2157,3923,1.9396017326342752,4.366869286070957,False
following_lateral_offset,P2,9007,40,4.0,2.5,17.223385126830646,12.628259411436332,0.01569319847645835,1.8182212216870542e-10,999999999.8181778,36.13000000000002,36.12703793123394,4.0685854902647565,1.2850382899860269,inf,0,0,0,0,-1,inf,2,1,0,2,6080,150,0,0,1942,3988,1.9396017326342752,4.366869286070957,False
following_lateral_offset,P3,9007,40,4.0,2.5,16.673939172062965,10.459303540376222,0.03298228728916466,3.0314633411356674e-07,999999696.853666,36.130000000000024,36.12906812878126,4.101221325288959,1.2850382899860269,inf,0,0,0,0,-1,inf,2,1,0,2,6080,52,0,0,2033,3995,1.9396017326342752,4.366869286070957,False
following_lateral_offset,P4,9007,40,4.0,2.5,18.99608409990487,16.137508032910766,0.006054277770941132,2.980957146082861e-20,1000000000.0,36.04666666666669,36.02810784130498,4.0704475616213305,1.2850382899860269,inf,0,0,0,0,-1,inf,2,1,0,2,6080,530,0,0,1606,3944,1.9396017326342752,4.366869286070957,False
following_lateral_offset,P0,9008,40,4.0,2.5,16.015414892792826,2.8604152207073525,0.0861448560431175,0.003128776437085792,996871223.5629143,36.20333333333334,36.20220663097544,4.066998809057607,1.4576130307435775,inf,0,0,0,0,-1,inf,2,1,0,2,6080,46,0,0,2054,3980,1.7831738194278899,4.136500871474583,False
following_lateral_offset,P1,9008,40,4.0,2.5,16.48915105435238,9.542844789499593,0.0407197359423548,2.5369062843346726e-06,999997463.0937157,36.13000000000001,36.13000000000001,4.115446512834291,1.4849107232160694,inf,0,0,0,0,-1,inf,2,1,0,2,6080,0,0,0,2019,4061,1.7831738194278899,4.136500871474583,False
following_lateral_offset,P2,9008,40,4.0,2.5,17.376773346904383,13.083843921272296,0.013464992487924907,2.6020660602933565e-11,999999999.9739794,35.96333333333334,35.96055459152531,4.229894186268412,1.4434882819361654,inf,0,0,0,0,-1,inf,2,1,0,2,6080,148,0,0,1864,4068,1.7831738194278899,4.136500871474583,False
following_lateral_offset,P3,9008,40,4.0,2.5,16.89391221373852,11.188479622191078,0.024444209600395526,4.023733575748797e-08,999999959.7626642,36.023333333333326,36.02185095114483,4.195772540402428,1.4576130307435775,inf,0,0,0,0,-1,inf,2,1,0,2,6080,79,0,0,1916,4085,1.7831738194278899,4.136500871474583,False
following_lateral_offset,P4,9008,40,4.0,2.5,18.912360996097654,16.137508032910766,0.00587107667975784,2.1585919664506772e-20,1000000000.0,35.783333333333346,35.77038019329094,4.338318359408235,1.4434882819361654,inf,0,0,0,0,-1,inf,1,1,0,1,6080,455,0,0,1522,4103,1.7831738194278899,4.136500871474583,False
following_lateral_offset,P0,9009,40,4.0,2.5,16.6157051280238,10.685664995458623,0.030312110970034674,1.2975480050124755e-07,999999870.2451996,35.945,35.945,4.28987470679506,1.4944588831186127,inf,0,0,0,0,-1,inf,1,1,0,1,6080,0,0,0,1894,4186,1.7224418192182853,3.9984919015509846,False
following_lateral_offset,P1,9009,40,4.0,2.5,16.613049686356174,10.660862171313159,0.030485564522825703,1.3972520297193522e-07,999999860.2747971,35.94933333333334,35.94933333333334,4.285778860889158,1.4944588831186127,inf,0,0,0,0,-1,inf,1,1,0,1,6080,0,0,0,1898,4182,1.7224418192182853,3.9984919015509846,False
following_lateral_offset,P2,9009,40,4.0,2.5,18.435854392419127,16.137508032910766,0.00625040137397472,2.0784543035253607e-20,1000000000.0,35.78433333333334,35.778600162695476,4.360399076446735,1.4795751847972516,inf,0,0,0,0,-1,inf,1,1,0,1,6080,316,0,0,1613,4151,1.7224418192182853,3.9984919015509846,False
following_lateral_offset,P3,9009,40,4.0,2.5,18.081268239525414,15.528579658257845,0.007481710777454678,4.018057617828392e-18,1000000000.0,35.78433333333335,35.78001974650194,4.374898269692483,1.4795751847972516,inf,0,0,0,0,-1,inf,1,1,0,1,6080,243,0,0,1676,4161,1.7224418192182853,3.9984919015509846,False
following_lateral_offset,P4,9009,40,4.0,2.5,19.03226587096818,16.137508032910766,0.005812437103913195,2.0784543035271575e-20,1000000000.0,35.62333333333335,35.60893553429739,4.487703880083757,1.4795751847972516,inf,0,0,0,0,-1,inf,1,1,0,1,6080,464,0,0,1489,4127,1.7224418192182853,3.9984919015509846,False
following_lateral_offset,P0,9010,40,4.0,2.5,16.467086151697362,10.120885145029458,0.038543761558170714,6.635949526794708e-07,999999336.4050472,36.04000000000002,36.04000000000002,4.200190471871465,1.393694591134971,inf,0,0,0,0,-1,inf,1,1,0,1,6080,0,0,0,1825,4255,1.766760224737339,4.090673845711061,False
following_lateral_offset,P1,9010,40,4.0,2.5,16.467086151697362,10.120885145029458,0.038543761558170714,6.635949526794708e-07,999999336.4050472,36.04000000000002,36.04000000000002,4.200190471871465,1.393694591134971,inf,0,0,0,0,-1,inf,1,1,0,1,6080,0,0,0,1825,4255,1.766760224737339,4.090673845711061,False
following_lateral_offset,P2,9010,40,4.0,2.5,18.00084571847871,15.497419058536197,0.007884865639225991,5.0710410277009464e-18,1000000000.0,35.94000000000001,35.93386608571011,4.222635908472693,1.3827517752185985,inf,0,0,0,0,-1,inf,1,1,0,1,6080,249,0,0,1608,4223,1.766760224737339,4.090673845711061,False
following_lateral_offset,P3,9010,40,4.0,2.5,17.78320370020317,15.497419058536197,0.008551316748649423,5.0710415788361904e-18,1000000000.0,35.94000000000001,35.93629627293943,4.231632853196097,1.3827517752185985,inf,0,0,0,0,-1,inf,1,1,0,1,6080,209,0,0,1646,4225,1.766760224737339,4.090673845711061,False
following_lateral_offset,P4,9010,40,4.0,2.5,19.193486874501996,15.497419058536197,0.0067574744353286085,5.071041024300264e-18,1000000000.0,35.81999999999999,35.79096563386128,4.28698939398106,1.3827517752185985,inf,0,0,0,0,-1,inf,1,1,0,1,6080,581,0,0,1385,4114,1.766760224737339,4.090673845711061,False
following_lateral_offset,P0,9011,40,4.0,2.5,16.674587499282914,10.482762537414583,0.029187651426291976,2.057212813872221e-07,999999794.2787186,35.980000000000004,35.980000000000004,4.256806314597831,1.6634618117917712,inf,0,0,0,0,-1,inf,1,1,0,1,6080,0,0,0,1933,4147,1.670234023426736,3.8544424832234063,False
following_lateral_offset,P1,9011,40,4.0,2.5,16.674587499282914,10.482762537414583,0.029187651426291976,2.057212813872221e-07,999999794.2787186,35.980000000000004,35.980000000000004,4.256806314597831,1.6634618117917712,inf,0,0,0,0,-1,inf,1,1,0,1,6080,0,0,0,1933,4147,1.670234023426736,3.8544424832234063,False
following_lateral_offset,P2,9011,40,4.0,2.5,18.080228096276755,14.769737524348937,0.00841324538344652,1.2153629425358927e-15,999999999.9999988,35.77333333333335,35.76747696335698,4.4009250849082076,1.6409738191312986,inf,0,0,0,0,-1,inf,1,1,0,1,6080,249,0,0,1660,4171,1.670234023426736,3.8544424832234063,False
following_lateral_offset,P3,9011,40,4.0,2.5,17.816949756578417,14.026309375975083,0.010007386780868457,1.3820934265155087e-13,999999999.999862,35.80333333333334,35.80019718026436,4.380875394675807,1.6409738191312986,inf,0,0,0,0,-1,inf,1,1,0,1,6080,179,0,0,1720,4181,1.670234023426736,3.8544424832234063,False
following_lateral_offset,P4,9011,40,4.0,2.5,19.339399861825154,16.137508032910766,0.005186481702753799,2.066868771312626e-20,1000000000.0,35.70000000000001,35.68442907682744,4.4004999902109345,1.6409738191312986,inf,0,0,0,0,-1,inf,1,1,0,1,6080,558,0,0,1415,4107,1.670234023426736,3.8544424832234063,False
following_lateral_offset,P0,9012,40,4.0,2.5,14.521828753349151,4.539027797811212,0.11022307726482423,0.0011628225266899982,998837177.4733101,35.812000000000005,35.76993777312395,4.486830733235535,1.7926335585865236,inf,0,0,0,0,-1,inf,0,-1,0,0,6080,1593,0,0,1081,3406,1.7752639000756976,4.070058892455026,False
following_lateral_offset,P1,9012,40,4.0,2.5,15.298614817005591,5.133620334511512,0.09549725399029478,0.0007184270180479308,999281572.9819521,35.75666666666665,35.7038894327622,4.507728111157224,1.883692679647136,inf,0,0,0,0,-1,inf,0,-1,0,0,6080,1701,0,0,972,3407,1.7752639000756976,4.070058892455026,False
following_lateral_offset,P2,9012,40,4.0,2.5,14.639842524511852,4.539027797811212,0.10864671852188076,0.0011628225260196686,998837177.4739803,35.86200000000001,35.81748039207167,4.432108203822877,1.7926335585865236,inf,0,0,0,0,-1,inf,0,-1,0,0,6080,1621,0,0,1074,3385,1.7752639000756976,4.070058892455026,False
following_lateral_offset,P3,9012,40,4.0,2.5,14.634322397379771,4.539027797811212,0.10870710822244853,0.0011628225260206608,998837177.4739794,35.88866666666667,35.8440039101074,4.406146454834769,1.7926335585865236,inf,0,0,0,0,-1,inf,0,-1,0,0,6080,1626,0,0,1074,3380,1.7752639000756976,4.070058892455026,False
following_lateral_offset,P4,9012,40,4.0,2.5,15.422315323420444,4.539027797811212,0.10587131787521106,0.0011628225260145934,998837177.4739854,35.792000000000016,35.72695880352352,4.461713693132933,1.7926335585865236,inf,0,0,0,0,-1,inf,0,-1,0,0,6080,1749,0,0,952,3379,1.7752639000756976,4.070058892455026,False
following_lateral_offset,P0,9013,40,4.0,2.5,17.330361379312386,0.2683053161043354,0.09358537079880007,0.006120133692777545,993879866.3072224,35.793333333333344,35.74138639136965,4.468548869672696,1.4032975761451527,inf,0,0,0,0,-1,inf,0,-1,0,0,6080,1708,0,0,1000,3372,1.981701932017885,4.444373793152747,False
following_lateral_offset,P1,9013,40,4.0,2.5,17.356826056118784,1.0167578968266788,0.09134572101778497,0.004907602175924954,995092397.824075,35.62999999999998,35.57739466456754,4.626035025837686,1.4662038995652604,inf,0,0,0,0,-1,inf,0,-1,0,0,6080,1702,0,0,977,3401,1.981701932017885,4.444373793152747,False
following_lateral_offset,P2,9013,40,4.0,2.5,18.549714893874686,10.588298942884013,0.016780386690965234,1.348492678216154e-07,999999865.1507323,35.49800000000001,35.4671834734344,4.677289944101933,1.4386899563965425,inf,0,0,0,0,-1,inf,0,-1,0,0,6080,1475,0,0,1108,3497,1.981701932017885,4.444373793152747,False
following_lateral_offset,P3,9013,40,4.0,2.5,18.645632557862292,10.340038415076144,0.016973073950430736,2.5364345743337184e-07,999999746.3565426,35.779999999999994,35.74921791615491,4.3976109120098545,1.3912058060306425,inf,0,0,0,0,-1,inf,0,-1,0,0,6080,1505,0,0,1153,3422,1.981701932017885,4.444373793152747,False
following_lateral_offset,P4,9013,40,4.0,2.5,20.641174481442203,16.001791007316,0.0041327690657735495,7.636400952429453e-20,1000000000.0,35.576666666666654,35.56468934725589,4.4801177659688465,1.4133045684047123,inf,0,0,0,0,-1,inf,0,-1,0,0,6080,1414,0,0,1239,3427,1.981701932017885,4.444373793152747,False
following_lateral_offset,P0,9014,40,4.0,2.5,16.389978425652878,8.91924197496283,0.04703529617158506,7.672630794877655e-06,999992327.3692051,36.22000000000001,36.22000000000001,4.030930413688619,1.4154497460338582,inf,0,0,0,0,-1,inf,1,1,0,1,6080,0,0,0,2020,4060,1.756685556084228,4.128074026068781,False
following_lateral_offset,P1,9014,40,4.0,2.5,16.389978425652878,8.91924197496283,0.04703529617158506,7.672630794877655e-06,999992327.3692051,36.22000000000001,36.22000000000001,4.030930413688619,1.4154497460338582,inf,0,0,0,0,-1,inf,1,1,0,1,6080,0,0,0,2020,4060,1.756685556084228,4.128074026068781,False
following_lateral_offset,P2,9014,40,4.0,2.5,17.791632014998466,13.720903469032482,0.010744239220666696,8.139049170539505e-13,999999999.9991862,36.030000000000015,36.02685594587347,4.158647968226993,1.472063971699098,inf,0,0,0,0,-1,inf,1,1,0,1,6080,216,0,0,1811,4053,1.756685556084228,4.128074026068781,False
following_lateral_offset,P3,9014,40,4.0,2.5,17.791632014998466,13.720903469032482,0.010744239220666696,8.139049170539505e-13,999999999.9991862,36.030000000000015,36.02685594587347,4.158647968226993,1.472063971699098,inf,0,0,0,0,-1,inf,1,1,0,1,6080,216,0,0,1811,4053,1.756685556084228,4.128074026068781,False
following_lateral_offset,P4,9014,40,4.0,2.5,19.488705722114236,16.137508032910766,0.004942498936072534,2.066868731684764e-20,1000000000.0,35.950000000000024,35.93361095650801,4.146621654470336,1.447278711238462,inf,0,0,0,0,-1,inf,1,1,0,1,6080,657,0,0,1425,3998,1.756685556084228,4.128074026068781,False
following_lateral_offset,P0,9015,40,4.0,2.5,19.691379302525085,11.38049630394854,0.010692837817261899,1.3459894205177967e-08,999999986.5401058,35.78333333333334,35.751149169627595,4.334897326782094,1.3728840413181915,inf,0,0,0,0,-1,inf,0,-1,0,0,6080,1636,0,0,1331,3113,1.8995312191166895,4.306306944201667,False
following_lateral_offset,P1,9015,40,4.0,2.5,19.63688507203537,11.506935806034999,0.010583278909309055,8.971013896034917e-09,999999991.0289862,35.57000000000001,35.53742083302642,4.545801732792217,1.4951273609789755,inf,0,0,0,0,-1,inf,0,-1,0,0,6080,1628,0,0,1242,3210,1.8995312191166895,4.306306944201667,False
following_lateral_offset,P2,9015,40,4.0,2.5,20.111078089677612,16.001791007316,0.00478317867152656,7.638329264962343e-20,1000000000.0,35.78333333333333,35.75987791846406,4.310502173904977,1.3728840413181915,inf,0,0,0,0,-1,inf,0,-1,0,0,6080,1567,0,0,1416,3097,1.8995312191166895,4.306306944201667,False
following_lateral_offset,P3,9015,40,4.0,2.5,20.111078089677612,16.001791007316,0.00478317867152656,7.638329264962343e-20,1000000000.0,35.78333333333333,35.75987791846406,4.310502173904977,1.3728840413181915,inf,0,0,0,0,-1,inf,0,-1,0,0,6080,1567,0,0,1416,3097,1.8995312191166895,4.306306944201667,False
following_lateral_offset,P4,9015,40,4.0,2.5,20.6807799547108,16.001791007316,0.0041472144048678465,7.636400952429453e-20,1000000000.0,35.61333333333332,35.59588845595218,4.444857823578364,1.3728840413181915,inf,0,0,0,0,-1,inf,0,-1,0,0,6080,1562,0,0,1336,3182,1.8995312191166895,4.306306944201667,False
following_lateral_offset,P0,9016,40,4.0,2.5,16.283409008678543,7.599491957571502,0.04994906987419352,3.985836528267011e-05,999960141.6347173,35.83,35.829399225900275,4.380898204469128,1.2650882905313,inf,0,0,0,0,-1,inf,1,1,0,1,6080,31,0,0,1879,4170,1.869212881245237,4.183759337828542,False
following_lateral_offset,P1,9016,40,4.0,2.5,15.763026971807772,5.218379587961721,0.09805080902940372,0.0006235305370025938,999376469.4629974,35.919999999999995,35.9180140275988,4.310971476195462,1.244621857144541,inf,0,0,0,0,-1,inf,4,1,0,4,6080,101,0,0,2006,3973,1.869212881245237,4.183759337828542,False
following_lateral_offset,P2,9016,40,4.0,2.5,16.684731395784876,7.498559871690716,0.04620593101249994,5.652461902341535e-05,999943475.3809764,35.83000000000001,35.825717226613094,4.367177671023966,1.2271149818842428,inf,0,0,0,0,-1,inf,2,1,0,2,6080,166,0,0,1811,4103,1.869212881245237,4.183759337828542,False
following_lateral_offset,P3,9016,40,4.0,2.5,16.54993159559885,7.116903714819937,0.051005332284926895,9.329096514633137e-05,999906709.0348537,35.830000000000005,35.8271682249025,4.372482550021205,1.2271149818842428,inf,0,0,0,0,-1,inf,2,1,0,2,6080,128,0,0,1840,4112,1.869212881245237,4.183759337828542,False
following_lateral_offset,P4,9016,40,4.0,2.5,18.928926194984026,16.137508032910766,0.006078555788351597,3.0684122119014445e-20,1000000000.0,35.743999999999986,35.729942552364626,4.305318791225707,1.2271149818842428,inf,0,0,0,0,-1,inf,3,1,0,3,6080,464,0,0,1606,4010,1.869212881245237,4.183759337828542,False
following_lateral_offset,P0,9017,40,4.0,2.5,16.641517042724377,10.079546787628278,0.032209465114360736,5.897806386479423e-07,999999410.2193613,36.04666666666667,36.04666666666667,4.193905631323199,1.5239513769015183,inf,0,0,0,0,-1,inf,1,1,0,1,6080,0,0,0,1990,4090,1.8228974527554247,4.255027039391308,False
following_lateral_offset,P1,9017,40,4.0,2.5,16.694128344345593,10.384048806623284,0.029590345804364128,2.7571677291396965e-07,999999724.2832272,35.99666666666669,35.99666666666669,4.24107035756041,1.548940101384324,inf,0,0,0,0,-1,inf,1,1,0,1,6080,0,0,0,1971,4109,1.8228974527554247,4.255027039391308,False
following_lateral_offset,P2,9017,40,4.0,2.5,18.253883686611875,16.137508032910766,0.006700848919528424,2.10677642419206e-20,1000000000.0,35.800000000000026,35.79547921637147,4.3526244414298985,1.5448609125215658,inf,0,0,0,0,-1,inf,1,1,0,1,6080,260,0,0,1698,4122,1.8228974527554247,4.255027039391308,False
following_lateral_offset,P3,9017,40,4.0,2.5,17.297876845675933,13.145631695299292,0.013731927814288758,1.4362820491751044e-11,999999999.9856373,35.916666666666664,35.91476744885626,4.289726520833359,1.5165974183746636,inf,0,0,0,0,-1,inf,1,1,0,1,6080,100,0,0,1855,4125,1.8228974527554247,4.255027039391308,False
following_lateral_offset,P4,9017,40,4.0,2.5,18.85572621128626,16.137508032910766,0.006004379151916643,2.118753190091718e-20,1000000000.0,35.77666666666667,35.7637496272522,4.345293476948416,1.5165974183746636,inf,0,0,0,0,-1,inf,1,1,0,1,6080,435,0,0,1574,4071,1.8228974527554247,4.255027039391308,False
following_lateral_offset,P0,9018,40,4.0,2.5,16.814926395225978,11.150012575195294,0.023070858883098518,3.076233740418579e-08,999999969.2376626,35.94,35.93954148552748,4.290595344093379,1.4768099086815714,inf,0,0,0,0,-1,inf,0,-1,0,0,6080,29,0,0,1705,4346,1.91662785355989,4.3680535268931,False
following_lateral_offset,P1,9018,40,4.0,2.5,16.635967546790877,9.917174342741486,0.030600551251642582,7.927493051451399e-07,999999207.2506949,35.99999999999997,35.999541438652486,4.2429199787995975,1.5201789789339997,inf,0,0,0,0,-1,inf,0,-1,0,0,6080,28,0,0,1718,4334,1.91662785355989,4.3680535268931,False
following_lateral_offset,P2,9018,40,4.0,2.5,19.62593877997194,16.001791007316,0.0048598546992612585,7.700467176320224e-20,1000000000.0,35.52999999999998,35.515406984646745,4.569157722692594,1.755693618044101,inf,0,0,0,0,-1,inf,0,-1,0,0,6080,1243,0,0,1382,3455,1.91662785355989,4.3680535268931,False
following_lateral_offset,P3,9018,40,4.0,2.5,18.851934806914457,12.465295635536641,0.009854386872061137,2.7293846367272116e-10,999999999.7270615,35.43000000000001,35.40515085457463,4.716376508375984,1.7403732705471457,inf,0,0,0,0,-1,inf,0,-1,0,0,6080,1378,0,0,1210,3492,1.91662785355989,4.3680535268931,False
following_lateral_offset,P4,9018,40,4.0,2.5,18.512082459323135,15.316515675804308,0.007804001247395808,2.1586025164140326e-17,1000000000.0,35.86000000000002,35.83883995970239,4.271566384479922,1.4927480687805768,inf,0,0,0,0,-1,inf,0,-1,0,0,6080,457,0,0,1366,4257,1.91662785355989,4.3680535268931,False
following_lateral_offset,P0,9019,40,4.0,2.5,16.494177804205172,10.058791035390467,0.036098966713124916,6.344907177678398e-07,999999365.5092824,36.050000000000026,36.050000000000026,4.190763653560029,1.4710053015894127,inf,0,0,0,0,-1,inf,1,1,0,1,6080,0,0,0,1788,4292,1.9201337927204647,4.433619742590105,False
following_lateral_offset,P1,9019,40,4.0,2.5,16.494177804205172,10.058791035390467,0.036098966713124916,6.344907177678398e-07,999999365.5092824,36.050000000000026,36.050000000000026,4.190763653560029,1.4710053015894127,inf,0,0,0,0,-1,inf,1,1,0,1,6080,0,0,0,1788,4292,1.9201337927204647,4.433619742590105,False
following_lateral_offset,P2,9019,40,4.0,2.5,17.10334575287425,12.009446751547056,0.018745362937545536,1.7682498877816154e-09,999999998.2317501,36.010000000000026,36.00858566263864,4.20980571298937,1.4556428329841111,inf,0,0,0,0,-1,inf,1,1,0,1,6080,85,0,0,1711,4284,1.9201337927204647,4.433619742590105,False
following_lateral_offset,P3,9019,40,4.0,2.5,16.877760176212913,11.1091684069551,0.024710636810319063,3.579446798588607e-08,999999964.2055321,36.010000000000005,36.00907514066337,4.215561029432718,1.4556428329841111,inf,0,0,0,0,-1,inf,1,1,0,1,6080,54,0,0,1741,4285,1.9201337927204647,4.433619742590105,False
following_lateral_offset,P4,9019,40,4.0,2.5,19.326388376434956,16.137508032910766,0.005360874749233412,2.068235234864098e-20,1000000000.0,35.86333333333336,35.84680898821502,4.239853242733266,1.4556428329841111,inf,0,0,0,0,-1,inf,1,1,0,1,6080,577,0,0,1321,4182,1.9201337927204647,4.433619742590105,False
lane_choice,P0,9000,40,4.0,2.5,-1.4841772517946126,-13.800125353527465,0.7112488585418857,0.27149979741639463,728500202.5836054,12.99999999999999,12.882786325056207,16.782438462261936,inf,1.5013499953110632,0,0,0,0,-1,inf,0,-1,0,0,6080,1879,0,1762,0,2439,2.029125558473347,4.66962881291847,False
lane_choice,P1,9000,40,4.0,2.5,11.415283391778743,7.917465961148334,0.1974985300149305,9.757018575009285e-05,999902429.81425,12.999999999999991,12.91210617836171,16.755131274768452,6.1060366622275195,1.5001885304115121,0,0,0,0,-1,inf,0,-1,0,0,6080,1784,0,1780,0,2516,2.029125558473347,4.66962881291847,False
lane_choice,P2,9000,40,4.0,2.5,12.07815978933448,8.783780876789407,0.14867584991876967,1.6790858746630924e-05,999983209.1412532,12.99999999999999,12.905382024182275,16.74847084715829,6.1060366622275195,1.502980198132632,0,0,0,0,-1,inf,0,-1,0,0,6080,1651,0,1763,0,2666,2.029125558473347,4.66962881291847,False
lane_choice,P3,9000,40,4.0,2.5,12.076728932495755,9.263228055490746,0.13843144961890505,8.189156185971114e-06,999991810.8438139,12.99999999999999,12.911716648644994,16.757163456939804,6.1060366622275195,1.5028868179940864,0,0,0,0,-1,inf,0,-1,0,0,6080,1729,0,1751,0,2600,2.029125558473347,4.66962881291847,False
lane_choice,P4,9000,40,4.0,2.5,12.011930681626641,8.339167020023577,0.15681014940403565,3.197086409443261e-05,999968029.1359055,12.99999999999999,12.903358507552323,16.74847084715829,6.1060366622275195,1.508038196389593,0,0,0,0,-1,inf,0,-1,0,0,6080,1616,0,1788,0,2676,2.029125558473347,4.66962881291847,False
lane_choice,P0,9001,40,4.0,2.5,-1.4841772517946126,-13.800125353527465,0.7112488585418857,0.27149979741639463,728500202.5836054,12.99999999999999,12.882786325056207,16.782438462261936,inf,1.5013499953110632,0,0,0,0,-1,inf,0,-1,0,0,6080,1879,0,1762,0,2439,1.9577667412643556,4.5736679661701585,False
lane_choice,P1,9001,40,4.0,2.5,11.435182525296545,8.012373056845629,0.19517708609454484,8.383575704004449e-05,999916164.24296,12.99999999999999,12.910819574708963,16.753017151880435,6.1060366622275195,1.501167547298801,0,0,0,0,-1,inf,0,-1,0,0,6080,1768,0,1784,0,2528,1.9577667412643556,4.5736679661701585,False
lane_choice,P2,9001,40,4.0,2.5,12.008701804632036,8.229738049872287,0.15881413145339823,3.7394747089857576e-05,999962605.2529103,12.999999999999991,12.904499009576284,16.74847084715829,6.1060366622275195,1.5001177930900464,0,0,0,0,-1,inf,0,-1,0,0,6080,1612,0,1861,0,2607,1.9577667412643556,4.5736679661701585,False
lane_choice,P3,9001,40,4.0,2.5,11.435182525296545,8.012373056845629,0.19517708609454484,8.383575704004449e-05,999916164.24296,12.99999999999999,12.910819574708963,16.753017151880435,6.1060366622275195,1.501167547298801,0,0,0,0,-1,inf,0,-1,0,0,6080,1768,0,1784,0,2528,1.9577667412643556,4.5736679661701585,False
lane_choice,P4,9001,40,4.0,2.5,12.011930681626641,8.339167020023577,0.15681014940403565,3.197086409443261e-05,999968029.1359055,12.99999999999999,12.903358507552323,16.74847084715829,6.1060366622275195,1.508038196389593,0,0,0,0,-1,inf,0,-1,0,0,6080,1616,0,1788,0,2676,1.9577667412643556,4.5736679661701585,False
lane_choice,P0,9002,40,4.0,2.5,-1.4841772517946126,-13.800125353527465,0.7112488585418857,0.27149979741639463,728500202.5836054,12.99999999999999,12.882786325056207,16.782438462261936,inf,1.5013499953110632,0,0,0,0,-1,inf,0,-1,0,0,6080,1879,0,1762,0,2439,1.8498662915709285,4.259405347310816,False
lane_choice,P1,9002,40,4.0,2.5,11.415283391778743,7.917465961148334,0.1974985300149305,9.757018575009285e-05,999902429.81425,12.999999999999991,12.91210617836171,16.755131274768452,6.1060366622275195,1.5001885304115121,0,0,0,0,-1,inf,0,-1,0,0,6080,1784,0,1780,0,2516,1.8498662915709285,4.259405347310816,False
lane_choice,P2,9002,40,4.0,2.5,11.028111337726806,7.23980144955763,0.24191058486635467,0.00019969995777805268,999800300.0422218,12.99999999999999,12.897486192459832,16.743070553705927,6.1060366622275195,1.504848049346676,0,0,0,0,-1,inf,0,-1,0,0,6080,1594,0,1882,0,2604,1.8498662915709285,4.259405347310816,False
lane_choice,P3,9002,40,4.0,2.5,11.957187492873938,8.479828962353654,0.15821367999825334,2.6711618496039258e-05,999973288.381504,12.999999999999991,12.900504861170035,16.746449236149434,6.1060366622275195,1.5099068651872138,0,0,0,0,-1,inf,0,-1,0,0,6080,1576,0,1824,0,2680,1.8498662915709285,4.259405347310816,False
lane_choice,P4,9002,40,4.0,2.5,12.011930681626641,8.339167020023577,0.15681014940403565,3.197086409443261e-05,999968029.1359055,12.99999999999999,12.903358507552323,16.74847084715829,6.1060366622275195,1.508038196389593,0,0,0,0,-1,inf,0,-1,0,0,6080,1616,0,1788,0,2676,1.8498662915709285,4.259405347310816,False
lane_choice,P0,9003,40,4.0,2.5,-1.4841772517946126,-13.800125353527465,0.7112488585418857,0.27149979741639463,728500202.5836054,12.99999999999999,12.882786325056207,16.782438462261936,inf,1.5013499953110632,0,0,0,0,-1,inf,0,-1,0,0,6080,1879,0,1762,0,2439,1.9381424965602363,4.4720647876721955,False
lane_choice,P1,9003,40,4.0,2.5,11.415283391778743,7.917465961148334,0.1974985300149305,9.757018575009285e-05,999902429.81425,12.999999999999991,12.91210617836171,16.755131274768452,6.1060366622275195,1.5001885304115121,0,0,0,0,-1,inf,0,-1,0,0,6080,1784,0,1780,0,2516,1.9381424965602363,4.4720647876721955,False
lane_choice,P2,9003,40,4.0,2.5,10.770105304555937,7.155063173351711,0.2733025459464627,0.0004579120371930109,999542087.962807,12.999999999999988,12.911372753138188,16.753017151880435,6.1060366622275195,1.5017602450667762,0,0,0,0,-1,inf,0,-1,0,0,6080,1835,0,1728,0,2517,1.9381424965602363,4.4720647876721955,False
lane_choice,P3,9003,40,4.0,2.5,11.761369247674176,8.763759785661756,0.16494697501400696,2.2891689134287736e-05,999977108.3108658,12.99999999999999,12.909748525722138,16.7508040885184,6.1060366622275195,1.500368498496405,0,0,0,0,-1,inf,0,-1,0,0,6080,1706,0,1817,0,2557,1.9381424965602363,4.4720647876721955,False
lane_choice,P4,9003,40,4.0,2.5,12.011930681626641,8.339167020023577,0.15681014940403565,3.197086409443261e-05,999968029.1359055,12.99999999999999,12.903358507552323,16.74847084715829,6.1060366622275195,1.508038196389593,0,0,0,0,-1,inf,0,-1,0,0,6080,1616,0,1788,0,2676,1.9381424965602363,4.4720647876721955,False
lane_choice,P0,9004,40,4.0,2.5,-1.4841772517946126,-13.800125353527465,0.7112488585418857,0.27149979741639463,728500202.5836054,12.99999999999999,12.882786325056207,16.782438462261936,inf,1.5013499953110632,0,0,0,0,-1,inf,0,-1,0,0,6080,1879,0,1762,0,2439,1.9527272637700872,4.528901061361135,False
lane_choice,P1,9004,40,4.0,2.5,11.415283391778743,7.917465961148334,0.1974985300149305,9.757018575009285e-05,999902429.81425,12.999999999999991,12.91210617836171,16.755131274768452,6.1060366622275195,1.5001885304115121,0,0,0,0,-1,inf,0,-1,0,0,6080,1784,0,1780,0,2516,1.9527272637700872,4.528901061361135,False
lane_choice,P2,9004,40,4.0,2.5,11.272316043486196,7.844264988462617,0.21469494542599654,0.00012119080085557692,999878809.1991444,12.99999999999999,12.911082833631983,16.753017151880435,6.1060366622275195,1.5010204144252062,0,0,0,0,-1,inf,0,-1,0,0,6080,1786,0,1785,0,2509,1.9527272637700872,4.528901061361135,False
lane_choice,P3,9004,40,4.0,2.5,11.946263706406146,9.238320755861485,0.15402062385469292,1.3564703045248826e-05,999986435.2969548,12.99999999999999,12.906029403435662,16.747476673586238,6.1060366622275195,1.5003194677257392,0,0,0,0,-1,inf,0,-1,0,0,6080,1653,0,1877,0,2550,1.9527272637700872,4.528901061361135,False
lane_choice,P4,9004,40,4.0,2.5,12.011930681626641,8.339167020023577,0.15681014940403565,3.197086409443261e-05,999968029.1359055,12.99999999999999,12.903358507552323,16.74847084715829,6.1060366622275195,1.508038196389593,0,0,0,0,-1,inf,0,-1,0,0,6080,1616,0,1788,0,2676,1.9527272637700872,4.528901061361135,False
lane_choice,P0,9005,40,4.0,2.5,-1.4841772517946126,-13.800125353527465,0.7112488585418857,0.27149979741639463,728500202.5836054,12.99999999999999,12.882786325056207,16.782438462261936,inf,1.5013499953110632,0,0,0,0,-1,inf,0,-1,0,0,6080,1879,0,1762,0,2439,1.758726241371972,4.242788529118885,False
lane_choice,P1,9005,40,4.0,2.5,11.415283391778743,7.917465961148334,0.1974985300149305,9.757018575009285e-05,999902429.81425,12.999999999999991,12.91210617836171,16.755131274768452,6.1060366622275195,1.5001885304115121,0,0,0,0,-1,inf,0,-1,0,0,6080,1784,0,1780,0,2516,1.758726241371972,4.242788529118885,False
lane_choice,P2,9005,40,4.0,2.5,12.008701804632036,8.229738049872287,0.15881413145339823,3.7394747089857576e-05,999962605.2529103,12.999999999999991,12.904499009576284,16.74847084715829,6.1060366622275195,1.5001177930900464,0,0,0,0,-1,inf,0,-1,0,0,6080,1612,0,1861,0,2607,1.758726241371972,4.242788529118885,False
lane_choice,P3,9005,40,4.0,2.5,11.415283391778743,7.917465961148334,0.1974985300149305,9.757018575009285e-05,999902429.81425,12.999999999999991,12.91210617836171,16.755131274768452,6.1060366622275195,1.5001885304115121,0,0,0,0,-1,inf,0,-1,0,0,6080,1784,0,1780,0,2516,1.758726241371972,4.242788529118885,False
lane_choice,P4,9005,40,4.0,2.5,12.011930681626641,8.339167020023577,0.15681014940403565,3.197086409443261e-05,999968029.1359055,12.99999999999999,12.903358507552323,16.74847084715829,6.1060366622275195,1.508038196389593,0,0,0,0,-1,inf,0,-1,0,0,6080,1616,0,1788,0,2676,1.758726241371972,4.242788529118885,False
lane_choice,P0,9006,40,4.0,2.5,-1.4841772517946126,-13.800125353527465,0.7112488585418857,0.27149979741639463,728500202.5836054,12.99999999999999,12.882786325056207,16.782438462261936,inf,1.5013499953110632,0,0,0,0,-1,inf,0,-1,0,0,6080,1879,0,1762,0,2439,1.9412977003763452,4.5573602831183795,False
lane_choice,P1,9006,40,4.0,2.5,11.43164033473314,7.97072833400294,0.19631392238432374,8.974218320885683e-05,999910257.8167912,12.99999999999999,12.911978679206724,16.755131274768452,6.1060366622275195,1.5002839596935633,0,0,0,0,-1,inf,0,-1,0,0,6080,1777,0,1784,0,2519,1.9412977003763452,4.5573602831183795,False
lane_choice,P2,9006,40,4.0,2.5,3.6528413593923803,-9.323983547960253,0.6022828479467119,0.18828540351882672,811714596.4811733,12.999999999999991,12.8907238293399,16.747476673586238,6.1060366622275195,1.5033409140563228,0,0,0,0,-1,inf,0,-1,0,0,6080,2002,0,1697,0,2381,1.9412977003763452,4.5573602831183795,False
lane_choice,P3,9006,40,4.0,2.5,11.745317892373032,8.685339274074892,0.16510820070869775,2.5949230389124718e-05,999974050.769611,12.999999999999996,12.910190221619104,16.75414086214862,6.1060366622275195,1.5000540543503091,0,0,0,0,-1,inf,0,-1,0,0,6080,1704,0,1816,0,2560,1.9412977003763452,4.5573602831183795,False
lane_choice,P4,9006,40,4.0,2.5,12.011930681626641,8.339167020023577,0.15681014940403565,3.197086409443261e-05,999968029.1359055,12.99999999999999,12.903358507552323,16.74847084715829,6.1060366622275195,1.508038196389593,0,0,0,0,-1,inf,0,-1,0,0,6080,1616,0,1788,0,2676,1.9412977003763452,4.5573602831183795,False
lane_choice,P0,9007,40,4.0,2.5,-1.4841772517946126,-13.800125353527465,0.7112488585418857,0.27149979741639463,728500202.5836054,12.99999999999999,12.882786325056207,16.782438462261936,inf,1.5013499953110632,0,0,0,0,-1,inf,0,-1,0,0,6080,1879,0,1762,0,2439,1.919373541678981,4.460609253518941,False
lane_choice,P1,9007,40,4.0,2.5,11.761369247674176,8.763759785661756,0.16494697501400696,2.2891689134287736e-05,999977108.3108658,12.99999999999999,12.909748525722138,16.7508040885184,6.1060366622275195,1.500368498496405,0,0,0,0,-1,inf,0,-1,0,0,6080,1706,0,1817,0,2557,1.919373541678981,4.460609253518941,False
lane_choice,P2,9007,40,4.0,2.5,12.003801535674015,8.30317609867053,0.15770970069748805,3.362030996009834e-05,999966379.6900399,12.999999999999993,12.90378423508218,16.747476673586238,6.1060366622275195,1.5006896560409806,0,0,0,0,-1,inf,0,-1,0,0,6080,1603,0,1869,0,2608,1.919373541678981,4.460609253518941,False
lane_choice,P3,9007,40,4.0,2.5,11.967059743362135,8.4329418123197,0.1586427196786054,2.8490085230152824e-05,999971509.9147699,12.999999999999993,12.90133401449049,16.747476673586238,6.1060366622275195,1.5092503614896562,0,0,0,0,-1,inf,0,-1,0,0,6080,1585,0,1817,0,2678,1.919373541678981,4.460609253518941,False
lane_choice,P4,9007,40,4.0,2.5,12.011930681626641,8.339167020023577,0.15681014940403565,3.197086409443261e-05,999968029.1359055,12.99999999999999,12.903358507552323,16.74847084715829,6.1060366622275195,1.508038196389593,0,0,0,0,-1,inf,0,-1,0,0,6080,1616,0,1788,0,2676,1.919373541678981,4.460609253518941,False
lane_choice,P0,9008,40,4.0,2.5,-1.4841772517946126,-13.800125353527465,0.7112488585418857,0.27149979741639463,728500202.5836054,12.99999999999999,12.882786325056207,16.782438462261936,inf,1.5013499953110632,0,0,0,0,-1,inf,0,-1,0,0,6080,1879,0,1762,0,2439,1.9017855362211904,4.534932778662671,False
lane_choice,P1,9008,40,4.0,2.5,11.415283391778743,7.917465961148334,0.1974985300149305,9.757018575009285e-05,999902429.81425,12.999999999999991,12.91210617836171,16.755131274768452,6.1060366622275195,1.5001885304115121,0,0,0,0,-1,inf,0,-1,0,0,6080,1784,0,1780,0,2516,1.9017855362211904,4.534932778662671,False
lane_choice,P2,9008,40,4.0,2.5,12.003801535674015,8.30317609867053,0.15770970069748805,3.362030996009834e-05,999966379.6900399,12.999999999999993,12.90378423508218,16.747476673586238,6.1060366622275195,1.5006896560409806,0,0,0,0,-1,inf,0,-1,0,0,6080,1603,0,1869,0,2608,1.9017855362211904,4.534932778662671,False
lane_choice,P3,9008,40,4.0,2.5,12.023936119321124,9.136985536205104,0.14269111116874683,1.0637499126205956e-05,999989362.5008739,12.99999999999999,12.911716648644994,16.757163456939804,6.1060366622275195,1.5028868179940864,0,0,0,0,-1,inf,0,-1,0,0,6080,1729,0,1751,0,2600,1.9017855362211904,4.534932778662671,False
lane_choice,P4,9008,40,4.0,2.5,12.011930681626641,8.339167020023577,0.15681014940403565,3.197086409443261e-05,999968029.1359055,12.99999999999999,12.903358507552323,16.74847084715829,6.1060366622275195,1.508038196389593,0,0,0,0,-1,inf,0,-1,0,0,6080,1616,0,1788,0,2676,1.9017855362211904,4.534932778662671,False
lane_choice,P0,9009,40,4.0,2.5,-1.4841772517946126,-13.800125353527465,0.7112488585418857,0.27149979741639463,728500202.5836054,12.99999999999999,12.882786325056207,16.782438462261936,inf,1.5013499953110632,0,0,0,0,-1,inf,0,-1,0,0,6080,1879,0,1762,0,2439,1.7500594111147367,4.220654627067576,False
lane_choice,P1,9009,40,4.0,2.5,11.415283391778743,7.917465961148334,0.1974985300149305,9.757018575009285e-05,999902429.81425,12.999999999999991,12.91210617836171,16.755131274768452,6.1060366622275195,1.5001885304115121,0,0,0,0,-1,inf,0,-1,0,0,6080,1784,0,1780,0,2516,1.7500594111147367,4.220654627067576,False
lane_choice,P2,9009,40,4.0,2.5,11.716477214786526,7.746483206623606,0.18069851313027172,7.952567790053056e-05,999920474.3220994,12.999999999999993,12.901956790544096,16.746449236149434,6.1060366622275195,1.51015467471698,0,0,0,0,-1,inf,0,-1,0,0,6080,1634,0,1817,0,2629,1.7500594111147367,4.220654627067576,False
lane_choice,P3,9009,40,4.0,2.5,11.745317892373032,8.685339274074892,0.16510820070869775,2.5949230389124718e-05,999974050.769611,12.999999999999996,12.910190221619104,16.75414086214862,6.1060366622275195,1.5000540543503091,0,0,0,0,-1,inf,0,-1,0,0,6080,1704,0,1816,0,2560,1.7500594111147367,4.220654627067576,False
lane_choice,P4,9009,40,4.0,2.5,12.011930681626641,8.339167020023577,0.15681014940403565,3.197086409443261e-05,999968029.1359055,12.99999999999999,12.903358507552323,16.74847084715829,6.1060366622275195,1.508038196389593,0,0,0,0,-1,inf,0,-1,0,0,6080,1616,0,1788,0,2676,1.7500594111147367,4.220654627067576,False
lane_choice,P0,9010,40,4.0,2.5,-1.4841772517946126,-13.800125353527465,0.7112488585418857,0.27149979741639463,728500202.5836054,12.99999999999999,12.882786325056207,16.782438462261936,inf,1.5013499953110632,0,0,0,0,-1,inf,0,-1,0,0,6080,1879,0,1762,0,2439,1.7713305110539124,4.268821640627037,False
lane_choice,P1,9010,40,4.0,2.5,11.415283391778743,7.917465961148334,0.1974985300149305,9.757018575009285e-05,999902429.81425,12.999999999999991,12.91210617836171,16.755131274768452,6.1060366622275195,1.5001885304115121,0,0,0,0,-1,inf,0,-1,0,0,6080,1784,0,1780,0,2516,1.7713305110539124,4.268821640627037,False
lane_choice,P2,9010,40,4.0,2.5,12.014251034487225,8.229738049872287,0.1584477921853936,3.731306736108154e-05,999962686.9326389,12.999999999999991,12.904499009576284,16.74847084715829,6.1060366622275195,1.5001177930900464,0,0,0,0,-1,inf,0,-1,0,0,6080,1597,0,1876,0,2607,1.7713305110539124,4.268821640627037,False
lane_choice,P3,9010,40,4.0,2.5,11.415283391778743,7.917465961148334,0.1974985300149305,9.757018575009285e-05,999902429.81425,12.999999999999991,12.91210617836171,16.755131274768452,6.1060366622275195,1.5001885304115121,0,0,0,0,-1,inf,0,-1,0,0,6080,1784,0,1780,0,2516,1.7713305110539124,4.268821640627037,False
lane_choice,P4,9010,40,4.0,2.5,12.011930681626641,8.339167020023577,0.15681014940403565,3.197086409443261e-05,999968029.1359055,12.99999999999999,12.903358507552323,16.74847084715829,6.1060366622275195,1.508038196389593,0,0,0,0,-1,inf,0,-1,0,0,6080,1616,0,1788,0,2676,1.7713305110539124,4.268821640627037,False
lane_choice,P0,9011,40,4.0,2.5,-1.4841772517946126,-13.800125353527465,0.7112488585418857,0.27149979741639463,728500202.5836054,12.99999999999999,12.882786325056207,16.782438462261936,inf,1.5013499953110632,0,0,0,0,-1,inf,0,-1,0,0,6080,1879,0,1762,0,2439,1.7436137995682202,4.189080685436053,False
lane_choice,P1,9011,40,4.0,2.5,11.415283391778743,7.917465961148334,0.1974985300149305,9.757018575009285e-05,999902429.81425,12.999999999999991,12.91210617836171,16.755131274768452,6.1060366622275195,1.5001885304115121,0,0,0,0,-1,inf,0,-1,0,0,6080,1784,0,1780,0,2516,1.7436137995682202,4.189080685436053,False
lane_choice,P2,9011,40,4.0,2.5,12.011930681626641,8.339167020023577,0.15681014940403565,3.197086409443261e-05,999968029.1359055,12.99999999999999,12.903358507552323,16.74847084715829,6.1060366622275195,1.508038196389593,0,0,0,0,-1,inf,0,-1,0,0,6080,1616,0,1788,0,2676,1.7436137995682202,4.189080685436053,False
lane_choice,P3,9011,40,4.0,2.5,11.745317892373032,8.685339274074892,0.16510820070869775,2.5949230389124718e-05,999974050.769611,12.999999999999996,12.910190221619104,16.75414086214862,6.1060366622275195,1.5000540543503091,0,0,0,0,-1,inf,0,-1,0,0,6080,1704,0,1816,0,2560,1.7436137995682202,4.189080685436053,False
lane_choice,P4,9011,40,4.0,2.5,12.011930681626641,8.339167020023577,0.15681014940403565,3.197086409443261e-05,999968029.1359055,12.99999999999999,12.903358507552323,16.74847084715829,6.1060366622275195,1.508038196389593,0,0,0,0,-1,inf,0,-1,0,0,6080,1616,0,1788,0,2676,1.7436137995682202,4.189080685436053,False
lane_choice,P0,9012,40,4.0,2.5,-1.4841772517946126,-13.800125353527465,0.7112488585418857,0.27149979741639463,728500202.5836054,12.99999999999999,12.882786325056207,16.782438462261936,inf,1.5013499953110632,0,0,0,0,-1,inf,0,-1,0,0,6080,1879,0,1762,0,2439,1.9271662141782415,4.464680301858925,False
lane_choice,P1,9012,40,4.0,2.5,11.415283391778743,7.917465961148334,0.1974985300149305,9.757018575009285e-05,999902429.81425,12.999999999999991,12.91210617836171,16.755131274768452,6.1060366622275195,1.5001885304115121,0,0,0,0,-1,inf,0,-1,0,0,6080,1784,0,1780,0,2516,1.9271662141782415,4.464680301858925,False
lane_choice,P2,9012,40,4.0,2.5,12.003801535674015,8.30317609867053,0.15770970069748805,3.362030996009834e-05,999966379.6900399,12.999999999999993,12.90378423508218,16.747476673586238,6.1060366622275195,1.5006896560409806,0,0,0,0,-1,inf,0,-1,0,0,6080,1603,0,1869,0,2608,1.9271662141782415,4.464680301858925,False
lane_choice,P3,9012,40,4.0,2.5,12.09113893437139,9.006803560801242,0.14705775191847859,1.3226576274694849e-05,999986773.4237254,12.999999999999991,12.902048996397474,16.74847084715829,6.1060366622275195,1.502900537386866,0,0,0,0,-1,inf,0,-1,0,0,6080,1599,0,1824,0,2657,1.9271662141782415,4.464680301858925,False
lane_choice,P4,9012,40,4.0,2.5,12.011930681626641,8.339167020023577,0.15681014940403565,3.197086409443261e-05,999968029.1359055,12.99999999999999,12.903358507552323,16.74847084715829,6.1060366622275195,1.508038196389593,0,0,0,0,-1,inf,0,-1,0,0,6080,1616,0,1788,0,2676,1.9271662141782415,4.464680301858925,False
lane_choice,P0,9013,40,4.0,2.5,-1.4841772517946126,-13.800125353527465,0.7112488585418857,0.27149979741639463,728500202.5836054,12.99999999999999,12.882786325056207,16.782438462261936,inf,1.5013499953110632,0,0,0,0,-1,inf,0,-1,0,0,6080,1879,0,1762,0,2439,2.0373201874958418,4.768205476191905,False
lane_choice,P1,9013,40,4.0,2.5,11.745317892373032,8.685339274074892,0.16510820070869775,2.5949230389124718e-05,999974050.769611,12.999999999999996,12.910190221619104,16.75414086214862,6.1060366622275195,1.5000540543503091,0,0,0,0,-1,inf,0,-1,0,0,6080,1704,0,1816,0,2560,2.0373201874958418,4.768205476191905,False
lane_choice,P2,9013,40,4.0,2.5,12.004846002929833,8.39448333904421,0.15610001630200873,2.9520593791208435e-05,999970479.4062088,12.999999999999993,12.902589135019047,16.747476673586238,6.1060366622275195,1.5086487573915592,0,0,0,0,-1,inf,0,-1,0,0,6080,1608,0,1796,0,2676,2.0373201874958418,4.768205476191905,False
lane_choice,P3,9013,40,4.0,2.5,12.148535119881036,9.396533745662039,0.13270908330728692,6.12299878901973e-06,999993877.0012109,12.999999999999988,12.909309920487678,16.75414086214862,6.1060366622275195,1.5000811382163608,0,0,0,0,-1,inf,0,-1,0,0,6080,1697,0,1792,0,2591,2.0373201874958418,4.768205476191905,False
lane_choice,P4,9013,40,4.0,2.5,12.011930681626641,8.339167020023577,0.15681014940403565,3.197086409443261e-05,999968029.1359055,12.99999999999999,12.903358507552323,16.74847084715829,6.1060366622275195,1.508038196389593,0,0,0,0,-1,inf,0,-1,0,0,6080,1616,0,1788,0,2676,2.0373201874958418,4.768205476191905,False
lane_choice,P0,9014,40,4.0,2.5,-1.4841772517946126,-13.800125353527465,0.7112488585418857,0.27149979741639463,728500202.5836054,12.99999999999999,12.882786325056207,16.782438462261936,inf,1.5013499953110632,0,0,0,0,-1,inf,0,-1,0,0,6080,1879,0,1762,0,2439,1.7642691193038558,4.258177711704969,False
lane_choice,P1,9014,40,4.0,2.5,11.43164033473314,7.97072833400294,0.19631392238432374,8.974218320885683e-05,999910257.8167912,12.99999999999999,12.911978679206724,16.755131274768452,6.1060366622275195,1.5002839596935633,0,0,0,0,-1,inf,0,-1,0,0,6080,1777,0,1784,0,2519,1.7642691193038558,4.258177711704969,False
lane_choice,P2,9014,40,4.0,2.5,11.01269869819661,6.852514500971516,0.2512075756008333,0.00031252468418453667,999687475.3158153,12.99999999999999,12.902811185911144,16.74847084715829,6.1060366622275195,1.508949992395216,0,0,0,0,-1,inf,0,-1,0,0,6080,1698,0,1785,0,2597,1.7642691193038558,4.258177711704969,False
lane_choice,P3,9014,40,4.0,2.5,11.415283391778743,7.917465961148334,0.1974985300149305,9.757018575009285e-05,999902429.81425,12.999999999999991,12.91210617836171,16.755131274768452,6.1060366622275195,1.5001885304115121,0,0,0,0,-1,inf,0,-1,0,0,6080,1784,0,1780,0,2516,1.7642691193038558,4.258177711704969,False
lane_choice,P4,9014,40,4.0,2.5,12.011930681626641,8.339167020023577,0.15681014940403565,3.197086409443261e-05,999968029.1359055,12.99999999999999,12.903358507552323,16.74847084715829,6.1060366622275195,1.508038196389593,0,0,0,0,-1,inf,0,-1,0,0,6080,1616,0,1788,0,2676,1.7642691193038558,4.258177711704969,False
lane_choice,P0,9015,40,4.0,2.5,-1.4841772517946126,-13.800125353527465,0.7112488585418857,0.27149979741639463,728500202.5836054,12.99999999999999,12.882786325056207,16.782438462261936,inf,1.5013499953110632,0,0,0,0,-1,inf,0,-1,0,0,6080,1879,0,1762,0,2439,1.9980412422365326,4.660037518418148,False
lane_choice,P1,9015,40,4.0,2.5,11.415283391778743,7.917465961148334,0.1974985300149305,9.757018575009285e-05,999902429.81425,12.999999999999991,12.91210617836171,16.755131274768452,6.1060366622275195,1.5001885304115121,0,0,0,0,-1,inf,0,-1,0,0,6080,1784,0,1780,0,2516,1.9980412422365326,4.660037518418148,False
lane_choice,P2,9015,40,4.0,2.5,11.507890071768447,7.586935738170933,0.193672601716863,0.00011453171076863226,999885468.2892313,12.999999999999995,12.911064964602275,16.757163456939804,6.1060366622275195,1.509690408012185,0,0,0,0,-1,inf,0,-1,0,0,6080,1763,0,1741,0,2576,1.9980412422365326,4.660037518418148,False
lane_choice,P3,9015,40,4.0,2.5,11.774323011411733,8.879290723098984,0.16411768005911043,1.9645857822031818e-05,999980354.1421779,12.999999999999986,12.907490514004136,16.74981122510734,6.1060366622275195,1.5021093107878127,0,0,0,0,-1,inf,0,-1,0,0,6080,1685,0,1833,0,2562,1.9980412422365326,4.660037518418148,False
lane_choice,P4,9015,40,4.0,2.5,12.011930681626641,8.339167020023577,0.15681014940403565,3.197086409443261e-05,999968029.1359055,12.99999999999999,12.903358507552323,16.74847084715829,6.1060366622275195,1.508038196389593,0,0,0,0,-1,inf,0,-1,0,0,6080,1616,0,1788,0,2676,1.9980412422365326,4.660037518418148,False
lane_choice,P0,9016,40,4.0,2.5,-1.4841772517946126,-13.800125353527465,0.7112488585418857,0.27149979741639463,728500202.5836054,12.99999999999999,12.882786325056207,16.782438462261936,inf,1.5013499953110632,0,0,0,0,-1,inf,0,-1,0,0,6080,1879,0,1762,0,2439,1.9299018766507394,4.486875731446117,False
lane_choice,P1,9016,40,4.0,2.5,11.435182525296545,8.012373056845629,0.19517708609454484,8.383575704004449e-05,999916164.24296,12.99999999999999,12.910819574708963,16.753017151880435,6.1060366622275195,1.501167547298801,0,0,0,0,-1,inf,0,-1,0,0,6080,1768,0,1784,0,2528,1.9299018766507394,4.486875731446117,False
lane_choice,P2,9016,40,4.0,2.5,10.377378381691624,6.359241483953542,0.32074078480850243,0.0010118365022896841,998988163.4977102,12.999999999999993,12.908228620119699,16.74847084715829,6.1060366622275195,1.5054522843923368,0,0,0,0,-1,inf,0,-1,0,0,6080,1834,0,1711,0,2535,1.9299018766507394,4.486875731446117,False
lane_choice,P3,9016,40,4.0,2.5,12.217394029583092,9.563958712468255,0.13327248817366621,5.690294279877467e-06,999994309.7057202,12.999999999999991,12.906959667058455,16.7508040885184,6.1060366622275195,1.5003354388882966,0,0,0,0,-1,inf,0,-1,0,0,6080,1668,0,1821,0,2591,1.9299018766507394,4.486875731446117,False
lane_choice,P4,9016,40,4.0,2.5,12.011930681626641,8.339167020023577,0.15681014940403565,3.197086409443261e-05,999968029.1359055,12.99999999999999,12.903358507552323,16.74847084715829,6.1060366622275195,1.508038196389593,0,0,0,0,-1,inf,0,-1,0,0,6080,1616,0,1788,0,2676,1.9299018766507394,4.486875731446117,False
lane_choice,P0,9017,40,4.0,2.5,-1.4841772517946126,-13.800125353527465,0.7112488585418857,0.27149979741639463,728500202.5836054,12.99999999999999,12.882786325056207,16.782438462261936,inf,1.5013499953110632,0,0,0,0,-1,inf,0,-1,0,0,6080,1879,0,1762,0,2439,1.8993400315457243,4.5334260532590545,False
lane_choice,P1,9017,40,4.0,2.5,11.415283391778743,7.917465961148334,0.1974985300149305,9.757018575009285e-05,999902429.81425,12.999999999999991,12.91210617836171,16.755131274768452,6.1060366622275195,1.5001885304115121,0,0,0,0,-1,inf,0,-1,0,0,6080,1784,0,1780,0,2516,1.8993400315457243,4.5334260532590545,False
lane_choice,P2,9017,40,4.0,2.5,11.710265089585121,7.57851716733349,0.18461764915124,9.98620855735829e-05,999900137.9144264,12.999999999999995,12.903315582714269,16.74847084715829,6.1060366622275195,1.5090698357111858,0,0,0,0,-1,inf,0,-1,0,0,6080,1649,0,1801,0,2630,1.8993400315457243,4.5334260532590545,False
lane_choice,P3,9017,40,4.0,2.5,12.06103769144737,8.820796964255665,0.149943528783212,1.6485141721720045e-05,999983514.8582783,12.999999999999988,12.905142032963575,16.74847084715829,6.1060366622275195,1.5011711343190912,0,0,0,0,-1,inf,0,-1,0,0,6080,1641,0,1855,0,2584,1.8993400315457243,4.5334260532590545,False
lane_choice,P4,9017,40,4.0,2.5,12.011930681626641,8.339167020023577,0.15681014940403565,3.197086409443261e-05,999968029.1359055,12.99999999999999,12.903358507552323,16.74847084715829,6.1060366622275195,1.508038196389593,0,0,0,0,-1,inf,0,-1,0,0,6080,1616,0,1788,0,2676,1.8993400315457243,4.5334260532590545,False
lane_choice,P0,9018,40,4.0,2.5,-1.4841772517946126,-13.800125353527465,0.7112488585418857,0.27149979741639463,728500202.5836054,12.99999999999999,12.882786325056207,16.782438462261936,inf,1.5013499953110632,0,0,0,0,-1,inf,0,-1,0,0,6080,1879,0,1762,0,2439,1.9219556957696475,4.52666371183305,False
lane_choice,P1,9018,40,4.0,2.5,11.435182525296545,8.012373056845629,0.19517708609454484,8.383575704004449e-05,999916164.24296,12.99999999999999,12.910819574708963,16.753017151880435,6.1060366622275195,1.501167547298801,0,0,0,0,-1,inf,0,-1,0,0,6080,1768,0,1784,0,2528,1.9219556957696475,4.52666371183305,False
lane_choice,P2,9018,40,4.0,2.5,11.781337647654865,8.844884109477269,0.16482138816439776,2.1245657122117595e-05,999978754.342878,12.999999999999993,12.909531264591376,16.7508040885184,6.1060366622275195,1.5005320806178246,0,0,0,0,-1,inf,0,-1,0,0,6080,1709,0,1822,0,2549,1.9219556957696475,4.52666371183305,False
lane_choice,P3,9018,40,4.0,2.5,11.435182525296545,8.012373056845629,0.19517708609454484,8.383575704004449e-05,999916164.24296,12.99999999999999,12.910819574708963,16.753017151880435,6.1060366622275195,1.501167547298801,0,0,0,0,-1,inf,0,-1,0,0,6080,1768,0,1784,0,2528,1.9219556957696475,4.52666371183305,False
lane_choice,P4,9018,40,4.0,2.5,12.011930681626641,8.339167020023577,0.15681014940403565,3.197086409443261e-05,999968029.1359055,12.99999999999999,12.903358507552323,16.74847084715829,6.1060366622275195,1.508038196389593,0,0,0,0,-1,inf,0,-1,0,0,6080,1616,0,1788,0,2676,1.9219556957696475,4.52666371183305,False
lane_choice,P0,9019,40,4.0,2.5,-1.4841772517946126,-13.800125353527465,0.7112488585418857,0.27149979741639463,728500202.5836054,12.99999999999999,12.882786325056207,16.782438462261936,inf,1.5013499953110632,0,0,0,0,-1,inf,0,-1,0,0,6080,1879,0,1762,0,2439,1.9161500471131703,4.4972553711419705,False
lane_choice,P1,9019,40,4.0,2.5,11.43164033473314,7.97072833400294,0.19631392238432374,8.974218320885683e-05,999910257.8167912,12.99999999999999,12.911978679206724,16.755131274768452,6.1060366622275195,1.5002839596935633,0,0,0,0,-1,inf,0,-1,0,0,6080,1777,0,1784,0,2519,1.9161500471131703,4.4972553711419705,False
lane_choice,P2,9019,40,4.0,2.5,6.22114497142759,-1.1398083544380668,0.5961647634082897,0.09343108099395504,906568919.006045,12.999999999999991,12.89533766925217,16.74847084715829,6.1060366622275195,1.5013019280306392,0,0,0,0,-1,inf,0,-1,0,0,6080,1996,0,1651,0,2433,1.9161500471131703,4.4972553711419705,False
lane_choice,P3,9019,40,4.0,2.5,4.6257594699021665,-4.70667090739293,0.6005005259340285,0.15813931424911634,841860685.7508837,12.999999999999991,12.894723046559127,16.74847084715829,6.1060366622275195,1.5013550789311432,0,0,0,0,-1,inf,0,-1,0,0,6080,2014,0,1684,0,2382,1.9161500471131703,4.4972553711419705,False
lane_choice,P4,9019,40,4.0,2.5,12.011930681626641,8.339167020023577,0.15681014940403565,3.197086409443261e-05,999968029.1359055,12.99999999999999,12.903358507552323,16.74847084715829,6.1060366622275195,1.508038196389593,0,0,0,0,-1,inf,0,-1,0,0,6080,1616,0,1788,0,2676,1.9161500471131703,4.4972553711419705,False
overtake,P0,9000,50,5.0,2.5,21.47415285212505,17.202168997219456,0.002828954276428827,2.198531920033225e-25,1000000000.0,44.87399999999993,44.87399999999993,4.131313555171157,2.016036951142009,inf,0,0,0,0,-1,inf,1,1,0,1,7600,0,0,0,1792,5808,1.8026145351021226,4.0529100391618895,False
overtake,P1,9000,50,5.0,2.5,22.226024629837774,17.202168997219456,0.0024449504058332706,2.1851098415832503e-25,1000000000.0,45.12133333333332,45.12133333333332,3.8843185763080252,1.8810895216368906,inf,0,0,0,0,-1,inf,1,1,0,1,7600,0,0,0,2251,5349,1.8026145351021226,4.0529100391618895,False
overtake,P2,9000,50,5.0,2.5,21.48665275468919,17.202168997219456,0.002825959278377887,2.198531920033225e-25,1000000000.0,44.88799999999995,44.88799999999995,4.117331622682439,1.9965509418907588,inf,0,0,0,0,-1,inf,1,1,0,1,7600,0,0,0,1819,5781,1.8026145351021226,4.0529100391618895,False
overtake,P3,9000,50,5.0,2.5,21.476335583553468,17.202168997219456,0.0028282370591406563,2.198531920033225e-25,1000000000.0,44.8786666666666,44.8786666666666,4.1266528973958305,1.9928341135923922,inf,0,0,0,0,-1,inf,1,1,0,1,7600,0,0,0,1796,5804,1.8026145351021226,4.0529100391618895,False
overtake,P4,9000,50,5.0,2.5,21.47415285212505,17.202168997219456,0.002828954276428827,2.198531920033225e-25,1000000000.0,44.87399999999993,44.87399999999993,4.131313555171157,2.016036951142009,inf,0,0,0,0,-1,inf,1,1,0,1,7600,0,0,0,1792,5808,1.8026145351021226,4.0529100391618895,False
overtake,P0,9001,50,5.0,2.5,21.438949569180387,17.202168997219456,0.0028301805230732443,2.198531920033225e-25,1000000000.0,44.672333333333256,44.672333333333256,4.33273290994481,1.983198545530025,inf,0,0,0,0,-1,inf,1,1,0,1,7600,0,0,0,1760,5840,1.6787658847738165,3.8153876236167967,False
overtake,P1,9001,50,5.0,2.5,22.11260408271957,17.202168997219456,0.0024631701851464175,2.1851098415832407e-25,1000000000.0,44.863333333333316,44.863333333333316,4.141966538041035,1.8259413291407196,inf,0,0,0,0,-1,inf,1,1,0,1,7600,0,0,0,2259,5341,1.6787658847738165,3.8153876236167967,False
overtake,P2,9001,50,5.0,2.5,21.438949569180387,17.202168997219456,0.0028301805230732443,2.198531920033225e-25,1000000000.0,44.672333333333256,44.672333333333256,4.33273290994481,1.983198545530025,inf,0,0,0,0,-1,inf,1,1,0,1,7600,0,0,0,1760,5840,1.6787658847738165,3.8153876236167967,False
overtake,P3,9001,50,5.0,2.5,21.438949569180387,17.202168997219456,0.0028301805230732443,2.198531920033225e-25,1000000000.0,44.672333333333256,44.672333333333256,4.33273290994481,1.983198545530025,inf,0,0,0,0,-1,inf,1,1,0,1,7600,0,0,0,1760,5840,1.6787658847738165,3.8153876236167967,False
overtake,P4,9001,50,5.0,2.5,21.438949569180387,17.202168997219456,0.0028301805230732443,2.198531920033225e-25,1000000000.0,44.672333333333256,44.672333333333256,4.33273290994481,1.983198545530025,inf,0,0,0,0,-1,inf,1,1,0,1,7600,0,0,0,1760,5840,1.6787658847738165,3.8153876236167967,False
overtake,P0,9002,50,5.0,2.5,21.333115741877922,17.202168997219456,0.002848992687594641,2.198531920033225e-25,1000000000.0,44.653666666666595,44.653666666666595,4.351377843348638,1.9134361447326653,inf,0,0,0,0,-1,inf,1,1,0,1,7600,0,0,0,1680,5920,1.6481510573939013,3.7795771014469737,False
overtake,P1,9002,50,5.0,2.5,22.009013409323934,17.202168997219456,0.0024742042210128016,2.1851098415832407e-25,1000000000.0,44.90833333333332,44.90833333333332,4.0970247500169705,2.1419889747385,inf,0,0,0,0,-1,inf,1,1,0,1,7600,0,0,0,2067,5533,1.6481510573939013,3.7795771014469737,False
overtake,P2,9002,50,5.0,2.5,21.333115741877922,17.202168997219456,0.002848992687594641,2.198531920033225e-25,1000000000.0,44.653666666666595,44.653666666666595,4.351377843348638,1.9134361447326653,inf,0,0,0,0,-1,inf,1,1,0,1,7600,0,0,0,1680,5920,1.6481510573939013,3.7795771014469737,False
overtake,P3,9002,50,5.0,2.5,21.333115741877922,17.202168997219456,0.002848992687594641,2.198531920033225e-25,1000000000.0,44.653666666666595,44.653666666666595,4.351377843348638,1.9134361447326653,inf,0,0,0,0,-1,inf,1,1,0,1,7600,0,0,0,1680,5920,1.6481510573939013,3.7795771014469737,False
overtake,P4,9002,50,5.0,2.5,21.330580576579276,17.202168997219456,0.002849135718186376,2.198531920033225e-25,1000000000.0,44.63866666666659,44.63866666666659,4.36636051369851,1.9384192564468459,inf,0,0,0,0,-1,inf,1,1,0,1,7600,0,0,0,1675,5925,1.6481510573939013,3.7795771014469737,False
overtake,P0,9003,50,5.0,2.5,21.399870062459996,17.202168997219456,0.0028340968624736957,2.198531920033225e-25,1000000000.0,44.56733333333325,44.56733333333325,4.437613037311712,1.904164073172103,inf,0,0,0,0,-1,inf,1,1,0,1,7600,0,0,0,1784,5816,1.7406826412036944,3.951445728676361,False
overtake,P1,9003,50,5.0,2.5,22.131557618273778,17.202168997219456,0.0024552384288655106,2.1851098415832407e-25,1000000000.0,44.77099999999997,44.77099999999997,4.23418430056376,1.9923200790279167,inf,0,0,0,0,-1,inf,1,1,0,1,7600,0,0,0,2057,5543,1.7406826412036944,3.951445728676361,False
overtake,P2,9003,50,5.0,2.5,21.41845110631898,17.202168997219456,0.002813061042819799,2.198254193701115e-25,1000000000.0,44.544999999999916,44.544999999999916,4.4599216014568155,1.9243187774821846,inf,0,0,0,0,-1,inf,1,1,0,1,7600,0,0,0,1769,5831,1.7406826412036944,3.951445728676361,False
overtake,P3,9003,50,5.0,2.5,21.399870062459996,17.202168997219456,0.0028340968624736957,2.198531920033225e-25,1000000000.0,44.56733333333325,44.56733333333325,4.437613037311712,1.904164073172103,inf,0,0,0,0,-1,inf,1,1,0,1,7600,0,0,0,1784,5816,1.7406826412036944,3.951445728676361,False
overtake,P4,9003,50,5.0,2.5,21.399870062459996,17.202168997219456,0.0028340968624736957,2.198531920033225e-25,1000000000.0,44.56733333333325,44.56733333333325,4.437613037311712,1.904164073172103,inf,0,0,0,0,-1,inf,1,1,0,1,7600,0,0,0,1784,5816,1.7406826412036944,3.951445728676361,False
overtake,P0,9004,50,5.0,2.5,21.457140107253974,17.202168997219456,0.0028325359876170113,2.198531920033225e-25,1000000000.0,44.84333333333325,44.84333333333325,4.161941069851766,1.8953643219697904,inf,0,0,0,0,-1,inf,1,1,0,1,7600,0,0,0,1915,5685,1.725855587385584,3.9416641517277653,False
overtake,P1,9004,50,5.0,2.5,22.107508541429482,17.202168997219456,0.002453422406616335,2.1851098415832407e-25,1000000000.0,44.91999999999999,44.91999999999999,4.085373384543998,2.0916773969357183,inf,0,0,0,0,-1,inf,1,1,0,1,7600,0,0,0,2251,5349,1.725855587385584,3.9416641517277653,False
overtake,P2,9004,50,5.0,2.5,21.58229862427544,17.202168997219456,0.0027668079917292287,2.197319403053107e-25,1000000000.0,44.91666666666661,44.91666666666661,4.08870233720333,1.9096331297943951,inf,0,0,0,0,-1,inf,1,1,0,1,7600,0,0,0,2017,5583,1.725855587385584,3.9416641517277653,False
overtake,P3,9004,50,5.0,2.5,21.457140107253974,17.202168997219456,0.0028325359876170113,2.198531920033225e-25,1000000000.0,44.84333333333325,44.84333333333325,4.161941069851766,1.8953643219697904,inf,0,0,0,0,-1,inf,1,1,0,1,7600,0,0,0,1915,5685,1.725855587385584,3.9416641517277653,False
overtake,P4,9004,50,5.0,2.5,21.444530654291356,17.202168997219456,0.0028332950242800446,2.198531920033225e-25,1000000000.0,44.79499999999993,44.79499999999993,4.210213853373835,1.9636512163558602,inf,0,0,0,0,-1,inf,1,1,0,1,7600,0,0,0,1888,5712,1.725855587385584,3.9416641517277653,False
overtake,P0,9005,50,5.0,2.5,21.399734904865987,17.202168997219456,0.0028327799578036837,2.198531920033225e-25,1000000000.0,44.525666666666616,44.525666666666616,4.479233692153001,1.947236511176908,inf,0,0,0,0,-1,inf,1,1,0,1,7600,0,0,0,1752,5848,1.5318607094345342,3.558985847465987,False
overtake,P1,9005,50,5.0,2.5,22.098997609590498,17.202168997219456,0.0024610719449907623,2.185109841583251e-25,1000000000.0,44.60066666666663,44.60066666666663,4.404317139911527,1.836660488548846,inf,0,0,0,0,-1,inf,1,1,0,1,7600,0,0,0,2058,5542,1.5318607094345342,3.558985847465987,False
overtake,P2,9005,50,5.0,2.5,21.399734904865987,17.202168997219456,0.0028327799578036837,2.198531920033225e-25,1000000000.0,44.525666666666616,44.525666666666616,4.479233692153001,1.947236511176908,inf,0,0,0,0,-1,inf,1,1,0,1,7600,0,0,0,1752,5848,1.5318607094345342,3.558985847465987,False
overtake,P3,9005,50,5.0,2.5,21.399734904865987,17.202168997219456,0.0028327799578036837,2.198531920033225e-25,1000000000.0,44.525666666666616,44.525666666666616,4.479233692153001,1.947236511176908,inf,0,0,0,0,-1,inf,1,1,0,1,7600,0,0,0,1752,5848,1.5318607094345342,3.558985847465987,False
overtake,P4,9005,50,5.0,2.5,21.399734904865987,17.202168997219456,0.0028327799578036837,2.198531920033225e-25,1000000000.0,44.525666666666616,44.525666666666616,4.479233692153001,1.947236511176908,inf,0,0,0,0,-1,inf,1,1,0,1,7600,0,0,0,1752,5848,1.5318607094345342,3.558985847465987,False
overtake,P0,9006,50,5.0,2.5,21.51283979741101,17.202168997219456,0.0028202049452447204,2.198531920033225e-25,1000000000.0,44.596333333333256,44.596333333333256,4.40864557457868,1.6812812945362745,inf,0,0,0,0,-1,inf,1,1,0,1,7600,0,0,0,1764,5836,1.6017793428370208,3.6880865781645213,False
overtake,P1,9006,50,5.0,2.5,22.252148251921664,17.202168997219456,0.002446008434732455,2.1851098415832407e-25,1000000000.0,44.72966666666666,44.72966666666666,4.257747086123994,1.573965112348282,inf,0,0,0,0,-1,inf,2,1,0,2,7600,0,0,0,2261,5339,1.6017793428370208,3.6880865781645213,False
overtake,P2,9006,50,5.0,2.5,21.51283979741101,17.202168997219456,0.0028202049452447204,2.198531920033225e-25,1000000000.0,44.596333333333256,44.596333333333256,4.40864557457868,1.6812812945362745,inf,0,0,0,0,-1,inf,1,1,0,1,7600,0,0,0,1764,5836,1.6017793428370208,3.6880865781645213,False
overtake,P3,9006,50,5.0,2.5,21.51283979741101,17.202168997219456,0.0028202049452447204,2.198531920033225e-25,1000000000.0,44.596333333333256,44.596333333333256,4.40864557457868,1.6812812945362745,inf,0,0,0,0,-1,inf,1,1,0,1,7600,0,0,0,1764,5836,1.6017793428370208,3.6880865781645213,False
overtake,P4,9006,50,5.0,2.5,21.51283979741101,17.202168997219456,0.0028202049452447204,2.198531920033225e-25,1000000000.0,44.596333333333256,44.596333333333256,4.40864557457868,1.6812812945362745,inf,0,0,0,0,-1,inf,1,1,0,1,7600,0,0,0,1764,5836,1.6017793428370208,3.6880865781645213,False
overtake,P0,9007,50,5.0,2.5,21.372191596968015,17.202168997219456,0.0028375988362849326,2.198531920033225e-25,1000000000.0,44.44799999999993,44.44799999999993,4.556816837567758,2.0711739423534965,inf,0,0,0,0,-1,inf,1,1,0,1,7600,0,0,0,1601,5999,1.6729096877533374,3.855863466851665,False
overtake,P1,9007,50,5.0,2.5,22.06212900131254,17.202168997219456,0.002454407458300725,2.1851098415832407e-25,1000000000.0,44.65866666666664,44.65866666666664,4.346383646464233,1.971046776173833,inf,0,0,0,0,-1,inf,1,1,0,1,7600,0,0,0,1972,5628,1.6729096877533374,3.855863466851665,False
overtake,P2,9007,50,5.0,2.5,21.372191596968015,17.202168997219456,0.0028375988362849326,2.198531920033225e-25,1000000000.0,44.44799999999993,44.44799999999993,4.556816837567758,2.0711739423534965,inf,0,0,0,0,-1,inf,1,1,0,1,7600,0,0,0,1601,5999,1.6729096877533374,3.855863466851665,False
overtake,P3,9007,50,5.0,2.5,21.372191596968015,17.202168997219456,0.0028375988362849326,2.198531920033225e-25,1000000000.0,44.44799999999993,44.44799999999993,4.556816837567758,2.0711739423534965,inf,0,0,0,0,-1,inf,1,1,0,1,7600,0,0,0,1601,5999,1.6729096877533374,3.855863466851665,False
overtake,P4,9007,50,5.0,2.5,21.372191596968015,17.202168997219456,0.0028375988362849326,2.198531920033225e-25,1000000000.0,44.44799999999993,44.44799999999993,4.556816837567758,2.0711739423534965,inf,0,0,0,0,-1,inf,1,1,0,1,7600,0,0,0,1601,5999,1.6729096877533374,3.855863466851665,False
overtake,P0,9008,50,5.0,2.5,21.498534248939233,17.202168997219456,0.002820718050776226,2.198531920033225e-25,1000000000.0,44.69299999999992,44.69299999999992,4.312090524460388,1.8336744699424148,inf,0,0,0,0,-1,inf,1,1,0,1,7600,0,0,0,1735,5865,1.6221160007640243,3.758897473583504,False
overtake,P1,9008,50,5.0,2.5,22.291922807114357,17.202168997219456,0.0024427185868072326,2.1851098415832407e-25,1000000000.0,45.001999999999995,45.001999999999995,4.003483444594272,1.7056950910335182,inf,0,0,0,0,-1,inf,1,1,0,1,7600,0,0,0,2261,5339,1.6221160007640243,3.758897473583504,False
overtake,P2,9008,50,5.0,2.5,21.49070008883949,17.202168997219456,0.0028212870321885895,2.198531920033225e-25,1000000000.0,44.68366666666658,44.68366666666658,4.321412863356793,1.8325591656382125,inf,0,0,0,0,-1,inf,1,1,0,1,7600,0,0,0,1736,5864,1.6221160007640243,3.758897473583504,False
overtake,P3,9008,50,5.0,2.5,21.498534248939233,17.202168997219456,0.002820718050776226,2.198531920033225e-25,1000000000.0,44.69299999999992,44.69299999999992,4.312090524460388,1.8336744699424148,inf,0,0,0,0,-1,inf,1,1,0,1,7600,0,0,0,1735,5865,1.6221160007640243,3.758897473583504,False
overtake,P4,9008,50,5.0,2.5,21.4829273320541,17.202168997219456,0.00282169990045994,2.198531920033225e-25,1000000000.0,44.63533333333327,44.63533333333327,4.369690012146402,1.880306490921734,inf,0,0,0,0,-1,inf,1,1,0,1,7600,0,0,0,1701,5899,1.6221160007640243,3.758897473583504,False
overtake,P0,9009,50,5.0,2.5,21.395422119449833,17.202168997219456,0.0028339986822120506,2.198531920033225e-25,1000000000.0,44.52033333333327,44.52033333333327,4.484561197663089,1.9750373508111783,inf,0,0,0,0,-1,inf,1,1,0,1,7600,0,0,0,1760,5840,1.4965532936838892,3.531104416482918,False
overtake,P1,9009,50,5.0,2.5,22.063526993801247,17.202168997219456,0.0024613956175960666,2.1851098415832407e-25,1000000000.0,44.73499999999999,44.73499999999999,4.2701405938376835,1.9920354363090127,inf,0,0,0,0,-1,inf,1,1,0,1,7600,0,0,0,2143,5457,1.4965532936838892,3.531104416482918,False
overtake,P2,9009,50,5.0,2.5,21.426368020752214,17.202168997219456,0.0028101741531488833,2.197331358113668e-25,1000000000.0,44.525666666666595,44.525666666666595,4.479233692153023,1.9848592708406545,inf,0,0,0,0,-1,inf,1,1,0,1,7600,0,0,0,1780,5820,1.4965532936838892,3.531104416482918,False
overtake,P3,9009,50,5.0,2.5,21.413889144755036,17.202168997219456,0.002823882338666775,2.1980766220599543e-25,1000000000.0,44.52466666666661,44.52466666666661,4.480232598379834,1.960009521497638,inf,0,0,0,0,-1,inf,1,1,0,1,7600,0,0,0,1777,5823,1.4965532936838892,3.531104416482918,False
overtake,P4,9009,50,5.0,2.5,21.386474405334774,17.202168997219456,0.002834622040604786,2.198531920033225e-25,1000000000.0,44.485333333333266,44.485333333333266,4.519523293695045,2.0180437279531658,inf,0,0,0,0,-1,inf,1,1,0,1,7600,0,0,0,1745,5855,1.4965532936838892,3.531104416482918,False
overtake,P0,9010,50,5.0,2.5,21.423511745608675,17.202168997219456,0.0028367667715401136,2.198531920033225e-25,1000000000.0,44.80399999999994,44.80399999999994,4.20122502267385,1.9052049586608242,inf,0,0,0,0,-1,inf,3,1,0,3,7600,0,0,0,1992,5608,1.5339110196654433,3.583314711264141,False
overtake,P1,9010,50,5.0,2.5,22.20815678150824,17.202168997219456,0.0024511837826185997,2.1851098415832407e-25,1000000000.0,45.07066666666666,45.07066666666666,3.9349124686052255,2.070972095716526,inf,0,0,0,0,-1,inf,3,1,0,3,7600,0,0,0,2440,5160,1.5339110196654433,3.583314711264141,False
overtake,P2,9010,50,5.0,2.5,21.423511745608675,17.202168997219456,0.0028367667715401136,2.198531920033225e-25,1000000000.0,44.80399999999994,44.80399999999994,4.20122502267385,1.9052049586608242,inf,0,0,0,0,-1,inf,3,1,0,3,7600,0,0,0,1992,5608,1.5339110196654433,3.583314711264141,False
overtake,P3,9010,50,5.0,2.5,21.423511745608675,17.202168997219456,0.0028367667715401136,2.198531920033225e-25,1000000000.0,44.80399999999994,44.80399999999994,4.20122502267385,1.9052049586608242,inf,0,0,0,0,-1,inf,3,1,0,3,7600,0,0,0,1992,5608,1.5339110196654433,3.583314711264141,False
overtake,P4,9010,50,5.0,2.5,21.423511745608675,17.202168997219456,0.0028367667715401136,2.198531920033225e-25,1000000000.0,44.80399999999994,44.80399999999994,4.20122502267385,1.9052049586608242,inf,0,0,0,0,-1,inf,3,1,0,3,7600,0,0,0,1992,5608,1.5339110196654433,3.583314711264141,False
overtake,P0,9011,50,5.0,2.5,21.355701968405306,17.202168997219456,0.0028410316542469343,2.198531920033225e-25,1000000000.0,44.6246666666666,44.62410510001328,4.382355708855907,1.918765359585872,inf,0,0,0,0,-1,inf,1,1,0,1,7600,24,0,0,1948,5628,1.5113356402439646,3.585860869439825,False
overtake,P1,9011,50,5.0,2.5,22.08300236841818,17.202168997219456,0.002454260145129115,2.1851098415832407e-25,1000000000.0,44.81333333333332,44.81333333333332,4.191903322945113,1.983232962485329,inf,0,0,0,0,-1,inf,2,1,0,2,7600,0,0,0,2283,5317,1.5113356402439646,3.585860869439825,False
overtake,P2,9011,50,5.0,2.5,21.42746125538468,17.202168997219456,0.0028151067408036384,2.197331358113668e-25,1000000000.0,44.65833333333325,44.65833333333325,4.346716592508133,1.8993007079257564,inf,0,0,0,0,-1,inf,2,1,0,2,7600,0,0,0,2001,5599,1.5113356402439646,3.585860869439825,False
overtake,P3,9011,50,5.0,2.5,21.355701968405306,17.202168997219456,0.0028410316542469343,2.198531920033225e-25,1000000000.0,44.6246666666666,44.62410510001328,4.382355708855907,1.918765359585872,inf,0,0,0,0,-1,inf,1,1,0,1,7600,24,0,0,1948,5628,1.5113356402439646,3.585860869439825,False
overtake,P4,9011,50,5.0,2.5,21.355701968405306,17.202168997219456,0.0028410316542469343,2.198531920033225e-25,1000000000.0,44.6246666666666,44.62410510001328,4.382355708855907,1.918765359585872,inf,0,0,0,0,-1,inf,1,1,0,1,7600,24,0,0,1948,5628,1.5113356402439646,3.585860869439825,False
overtake,P0,9012,50,5.0,2.5,21.442668256467652,17.202168997219456,0.0028321964112578853,2.198531920033225e-25,1000000000.0,44.70433333333326,44.70433333333326,4.300770605630126,2.0728437180259216,inf,0,0,0,0,-1,inf,1,1,0,1,7600,0,0,0,1872,5728,1.6696234808616635,3.8839542123264392,False
overtake,P1,9012,50,5.0,2.5,22.16116963177345,17.202168997219456,0.002484996108179591,2.191954213032619e-25,1000000000.0,44.910333333333305,44.910333333333305,4.0950273668908554,2.0000148442884216,inf,0,0,0,0,-1,inf,1,1,0,1,7600,0,0,0,2307,5293,1.6696234808616635,3.8839542123264392,False
overtake,P2,9012,50,5.0,2.5,21.442668256467652,17.202168997219456,0.0028321964112578853,2.198531920033225e-25,1000000000.0,44.70433333333326,44.70433333333326,4.300770605630126,2.0728437180259216,inf,0,0,0,0,-1,inf,1,1,0,1,7600,0,0,0,1872,5728,1.6696234808616635,3.8839542123264392,False
overtake,P3,9012,50,5.0,2.5,21.442668256467652,17.202168997219456,0.0028321964112578853,2.198531920033225e-25,1000000000.0,44.70433333333326,44.70433333333326,4.300770605630126,2.0728437180259216,inf,0,0,0,0,-1,inf,1,1,0,1,7600,0,0,0,1872,5728,1.6696234808616635,3.8839542123264392,False
overtake,P4,9012,50,5.0,2.5,21.442668256467652,17.202168997219456,0.0028321964112578853,2.198531920033225e-25,1000000000.0,44.70433333333326,44.70433333333326,4.300770605630126,2.0728437180259216,inf,0,0,0,0,-1,inf,1,1,0,1,7600,0,0,0,1872,5728,1.6696234808616635,3.8839542123264392,False
overtake,P0,9013,50,5.0,2.5,21.295648162311608,17.04736030859877,0.0031986714151370672,1.4631274031825903e-24,1000000000.0,44.57166666666667,44.549523503137316,4.455158189336656,2.275304013781144,inf,0,0,0,0,-1,inf,0,-1,0,0,7600,1530,0,0,1439,4631,1.7397502475244335,3.9757968498745773,False
overtake,P1,9013,50,5.0,2.5,21.50764446616089,17.04736030859877,0.002845533118170691,1.4512936229365422e-24,1000000000.0,44.48333333333331,44.436312140510275,4.574912444042463,2.0729285545697094,inf,0,0,0,0,-1,inf,0,-1,0,0,7600,2012,0,0,1097,4491,1.7397502475244335,3.9757968498745773,False
overtake,P2,9013,50,5.0,2.5,21.294917725872605,17.04736030859877,0.0031962745385731607,1.4631274031823458e-24,1000000000.0,44.56166666666666,44.53949466830873,4.465155858210921,2.2817381265224204,inf,0,0,0,0,-1,inf,0,-1,0,0,7600,1531,0,0,1428,4641,1.7397502475244335,3.9757968498745773,False
overtake,P3,9013,50,5.0,2.5,21.299987380501467,17.04736030859877,0.003190626243115325,1.4615871867591124e-24,1000000000.0,44.56633333333336,44.54416995029551,4.460502118124812,2.2779559403228946,inf,0,0,0,0,-1,inf,0,-1,0,0,7600,1531,0,0,1434,4635,1.7397502475244335,3.9757968498745773,False
overtake,P4,9013,50,5.0,2.5,21.295648162311608,17.04736030859877,0.0031986714151370672,1.4631274031825903e-24,1000000000.0,44.57166666666667,44.549523503137316,4.455158189336656,2.275304013781144,inf,0,0,0,0,-1,inf,0,-1,0,0,7600,1530,0,0,1439,4631,1.7397502475244335,3.9757968498745773,False
overtake,P0,9014,50,5.0,2.5,21.464859716932683,17.202168997219456,0.0028292237943737648,2.198531920033225e-25,1000000000.0,44.71999999999995,44.71999999999995,4.285122599312745,2.0178402635733983,inf,0,0,0,0,-1,inf,1,1,0,1,7600,0,0,0,1760,5840,1.4756193938599602,3.537789174473412,False
overtake,P1,9014,50,5.0,2.5,22.11871725545763,17.202168997219456,0.002460443466484661,2.1851098415832407e-25,1000000000.0,44.84166666666664,44.84166666666664,4.16360562520656,2.136554723326652,inf,0,0,0,0,-1,inf,1,1,0,1,7600,0,0,0,2167,5433,1.4756193938599602,3.537789174473412,False
overtake,P2,9014,50,5.0,2.5,21.497054297987596,17.202168997219456,0.0028202773152371874,2.1985319200328954e-25,1000000000.0,44.7566666666666,44.7566666666666,4.248500143452834,1.9952106726138996,inf,0,0,0,0,-1,inf,1,1,0,1,7600,0,0,0,1800,5800,1.4756193938599602,3.537789174473412,False
overtake,P3,9014,50,5.0,2.5,21.464859716932683,17.202168997219456,0.0028292237943737648,2.198531920033225e-25,1000000000.0,44.71999999999995,44.71999999999995,4.285122599312745,2.0178402635733983,inf,0,0,0,0,-1,inf,1,1,0,1,7600,0,0,0,1760,5840,1.4756193938599602,3.537789174473412,False
overtake,P4,9014,50,5.0,2.5,21.464859716932683,17.202168997219456,0.0028292237943737648,2.198531920033225e-25,1000000000.0,44.71999999999995,44.71999999999995,4.285122599312745,2.0178402635733983,inf,0,0,0,0,-1,inf,1,1,0,1,7600,0,0,0,1760,5840,1.4756193938599602,3.537789174473412,False
overtake,P0,9015,50,5.0,2.5,21.405722744063702,17.202168997219456,0.0028314602662193873,2.198531920033225e-25,1000000000.0,44.4996666666666,44.4996666666666,4.505205411771155,1.8954849985661746,inf,0,0,0,0,-1,inf,1,1,0,1,7600,0,0,0,1647,5953,1.7054485788917324,3.8853451910131684,False
overtake,P1,9015,50,5.0,2.5,22.069977705556454,17.202168997219456,0.0024668466080736183,2.185109841583241e-25,1000000000.0,44.68599999999998,44.68599999999998,4.319082274180542,1.7609314975331598,inf,0,0,0,0,-1,inf,1,1,0,1,7600,0,0,0,2124,5476,1.7054485788917324,3.8853451910131684,False
overtake,P2,9015,50,5.0,2.5,21.413309473235614,17.202168997219456,0.00281058969054178,2.197331358113668e-25,1000000000.0,44.46699999999991,44.46699999999991,4.537837005792646,1.9301177156208789,inf,0,0,0,0,-1,inf,1,1,0,1,7600,0,0,0,1655,5945,1.7054485788917324,3.8853451910131684,False
overtake,P3,9015,50,5.0,2.5,21.405722744063702,17.202168997219456,0.0028314602662193873,2.198531920033225e-25,1000000000.0,44.4996666666666,44.4996666666666,4.505205411771155,1.8954849985661746,inf,0,0,0,0,-1,inf,1,1,0,1,7600,0,0,0,1647,5953,1.7054485788917324,3.8853451910131684,False
overtake,P4,9015,50,5.0,2.5,21.405722744063702,17.202168997219456,0.0028314602662193873,2.198531920033225e-25,1000000000.0,44.4996666666666,44.4996666666666,4.505205411771155,1.8954849985661746,inf,0,0,0,0,-1,inf,1,1,0,1,7600,0,0,0,1647,5953,1.7054485788917324,3.8853451910131684,False
overtake,P0,9016,50,5.0,2.5,21.397716801721625,17.202168997219456,0.0028329198711977803,2.198531920033225e-25,1000000000.0,44.508666666666585,44.508666666666585,4.496215164141082,2.1054400950606182,inf,0,0,0,0,-1,inf,1,1,0,1,7600,0,0,0,1595,6005,1.7295659107402748,3.857901806231145,False
overtake,P1,9016,50,5.0,2.5,22.12380488235748,17.202168997219456,0.002457202361396478,2.185109841583251e-25,1000000000.0,44.688333333333325,44.688333333333325,4.3167516879691945,1.7233055912005588,inf,0,0,0,0,-1,inf,2,1,0,2,7600,0,0,0,2029,5571,1.7295659107402748,3.857901806231145,False
overtake,P2,9016,50,5.0,2.5,21.42703407233826,17.202168997219456,0.0028136011138559774,2.1984727898461514e-25,1000000000.0,44.524666666666604,44.524666666666604,4.480232598379841,2.107266229238926,inf,0,0,0,0,-1,inf,1,1,0,1,7600,0,0,0,1601,5999,1.7295659107402748,3.857901806231145,False
overtake,P3,9016,50,5.0,2.5,21.397716801721625,17.202168997219456,0.0028329198711977803,2.198531920033225e-25,1000000000.0,44.508666666666585,44.508666666666585,4.496215164141082,2.1054400950606182,inf,0,0,0,0,-1,inf,1,1,0,1,7600,0,0,0,1595,6005,1.7295659107402748,3.857901806231145,False
overtake,P4,9016,50,5.0,2.5,21.410489042501197,17.202168997219456,0.002832236495983205,2.198531920033225e-25,1000000000.0,44.5086666666666,44.50814771179591,4.495661736859588,2.1054400950606182,inf,0,0,0,0,-1,inf,1,1,0,1,7600,23,0,0,1572,6005,1.7295659107402748,3.857901806231145,False
overtake,P0,9017,50,5.0,2.5,21.491900177249125,17.202168997219456,0.0028249705838399434,2.198531920033225e-25,1000000000.0,44.7466666666666,44.7466666666666,4.258488010501544,1.8849132134938462,inf,0,0,0,0,-1,inf,1,1,0,1,7600,0,0,0,1815,5785,1.6019623543179136,3.7139958725942073,False
overtake,P1,9017,50,5.0,2.5,22.121403285286934,17.202168997219456,0.0024601553797810203,2.1851098415832407e-25,1000000000.0,44.92199999999999,44.92199999999999,4.083106062469229,2.018124577742804,inf,0,0,0,0,-1,inf,2,1,0,2,7600,0,0,0,2240,5360,1.6019623543179136,3.7139958725942073,False
overtake,P2,9017,50,5.0,2.5,21.491900177249125,17.202168997219456,0.0028249705838399434,2.198531920033225e-25,1000000000.0,44.7466666666666,44.7466666666666,4.258488010501544,1.8849132134938462,inf,0,0,0,0,-1,inf,1,1,0,1,7600,0,0,0,1815,5785,1.6019623543179136,3.7139958725942073,False
overtake,P3,9017,50,5.0,2.5,21.491900177249125,17.202168997219456,0.0028249705838399434,2.198531920033225e-25,1000000000.0,44.7466666666666,44.7466666666666,4.258488010501544,1.8849132134938462,inf,0,0,0,0,-1,inf,1,1,0,1,7600,0,0,0,1815,5785,1.6019623543179136,3.7139958725942073,False
overtake,P4,9017,50,5.0,2.5,21.50089788612822,17.202168997219456,0.002824838549096404,2.198531920033225e-25,1000000000.0,44.72999999999992,44.72943326386339,4.274403621386016,1.8966779193762082,inf,0,0,0,0,-1,inf,1,1,0,1,7600,24,0,0,1793,5783,1.6019623543179136,3.7139958725942073,False
overtake,P0,9018,50,5.0,2.5,21.218574868537477,17.202168997219456,0.0029820773418871922,2.2268926064971396e-25,1000000000.0,44.512666666666604,44.512666666666604,4.492219511064145,1.9353828384125724,inf,0,0,0,0,-1,inf,1,1,0,1,7600,0,0,0,1699,5901,1.6244253770872066,3.7901867091228025,False
overtake,P1,9018,50,5.0,2.5,21.96247638607539,17.202168997219456,0.002587376169817877,2.2222584653015255e-25,1000000000.0,44.78166666666666,44.78166666666666,4.223530727040062,2.0418652993239585,inf,0,0,0,0,-1,inf,1,1,0,1,7600,0,0,0,2153,5447,1.6244253770872066,3.7901867091228025,False
overtake,P2,9018,50,5.0,2.5,21.21687893336507,17.202168997219456,0.0029815792152649164,2.2268926064971396e-25,1000000000.0,44.49699999999994,44.49699999999994,4.507869196321128,1.9501666061072207,inf,0,0,0,0,-1,inf,1,1,0,1,7600,0,0,0,1702,5898,1.6244253770872066,3.7901867091228025,False
overtake,P3,9018,50,5.0,2.5,21.218574868537477,17.202168997219456,0.0029820773418871922,2.2268926064971396e-25,1000000000.0,44.512666666666604,44.512666666666604,4.492219511064145,1.9353828384125724,inf,0,0,0,0,-1,inf,1,1,0,1,7600,0,0,0,1699,5901,1.6244253770872066,3.7901867091228025,False
overtake,P4,9018,50,5.0,2.5,21.218574868537477,17.202168997219456,0.0029820773418871922,2.2268926064971396e-25,1000000000.0,44.512666666666604,44.512666666666604,4.492219511064145,1.9353828384125724,inf,0,0,0,0,-1,inf,1,1,0,1,7600,0,0,0,1699,5901,1.6244253770872066,3.7901867091228025,False
overtake,P0,9019,50,5.0,2.5,21.454411679863213,17.202168997219456,0.002826485849917765,2.198531920033225e-25,1000000000.0,44.60066666666659,44.60066666666659,4.404317139911569,1.9732490540897947,inf,0,0,0,0,-1,inf,1,1,0,1,7600,0,0,0,1609,5991,1.6346609010236943,3.77174078988068,False
overtake,P1,9019,50,5.0,2.5,22.28024484022569,17.202168997219456,0.002438408474730476,2.1851098415832407e-25,1000000000.0,44.85199999999999,44.85199999999999,4.153285409304358,1.7304046175534458,inf,0,0,0,0,-1,inf,2,1,0,2,7600,0,0,0,2213,5387,1.6346609010236943,3.77174078988068,False
overtake,P2,9019,50,5.0,2.5,21.49897616304586,17.202168997219456,0.002816205248172031,2.198531920033225e-25,1000000000.0,44.6556666666666,44.6556666666666,4.349380162994733,1.9486732259481416,inf,0,0,0,0,-1,inf,1,1,0,1,7600,0,0,0,1679,5921,1.6346609010236943,3.77174078988068,False
overtake,P3,9019,50,5.0,2.5,21.454411679863213,17.202168997219456,0.002826485849917765,2.198531920033225e-25,1000000000.0,44.60066666666659,44.60066666666659,4.404317139911569,1.9732490540897947,inf,0,0,0,0,-1,inf,1,1,0,1,7600,0,0,0,1609,5991,1.6346609010236943,3.77174078988068,False
overtake,P4,9019,50,5.0,2.5,21.43650814648759,17.202168997219456,0.002827619038176696,2.198531920033225e-25,1000000000.0,44.52266666666659,44.52266666666659,4.482230412296858,2.039652048704771,inf,0,0,0,0,-1,inf,1,1,0,1,7600,0,0,0,1575,6025,1.6346609010236943,3.77174078988068,False
intersection_turn,P0,9000,50,5.0,2.5,18.457582589525632,14.72403780401211,0.009579316760431077,2.2614855272116717e-15,999999999.9999979,42.59666666666664,42.59666666666664,5.462234992300439,3.9550147740798045,inf,0,0,0,0,-1,inf,0,-1,0,0,7600,0,0,0,1054,6546,1.7750604023869527,3.977239932993864,False
intersection_turn,P1,9000,50,5.0,2.5,18.449638023332646,14.72403780401211,0.009583876092746232,2.2614855272116717e-15,999999999.9999979,42.47,42.47,5.58756655441347,3.9550147740798045,inf,0,0,0,0,-1,inf,0,-1,0,0,7600,0,0,0,978,6622,1.7750604023869527,3.977239932993864,False
intersection_turn,P2,9000,50,5.0,2.5,18.457582589525632,14.72403780401211,0.009579316760431077,2.2614855272116717e-15,999999999.9999979,42.59666666666664,42.59666666666664,5.462234992300439,3.9550147740798045,inf,0,0,0,0,-1,inf,0,-1,0,0,7600,0,0,0,1054,6546,1.7750604023869527,3.977239932993864,False
intersection_turn,P3,9000,50,5.0,2.5,18.457582589525632,14.72403780401211,0.009579316760431077,2.2614855272116717e-15,999999999.9999979,42.59666666666664,42.59666666666664,5.462234992300439,3.9550147740798045,inf,0,0,0,0,-1,inf,0,-1,0,0,7600,0,0,0,1054,6546,1.7750604023869527,3.977239932993864,False
intersection_turn,P4,9000,50,5.0,2.5,18.45279763750414,14.72403780401211,0.009582248996079236,2.2614855272116717e-15,999999999.9999979,42.55266666666665,42.55266666666665,5.505764292488791,3.9550147740798045,inf,0,0,0,0,-1,inf,0,-1,0,0,7600,0,0,0,1019,6581,1.7750604023869527,3.977239932993864,False
intersection_turn,P0,9001,50,5.0,2.5,18.45823779872623,14.72403780401211,0.009578153305464328,2.2614855272116717e-15,999999999.9999979,42.48,42.48,5.577669764337078,3.9550147740798045,inf,0,0,0,0,-1,inf,0,-1,0,0,7600,0,0,0,904,6696,1.682506057521995,3.6673418076132815,False
intersection_turn,P1,9001,50,5.0,2.5,18.65343965369915,14.72403780401211,0.009509993138978363,2.2614855272116717e-15,999999999.9999979,42.45999999999998,42.45744377116297,5.581746386892975,3.9550147740798045,inf,0,0,0,0,-1,inf,0,-1,0,0,7600,119,0,0,808,6673,1.682506057521995,3.6673418076132815,False
intersection_turn,P2,9001,50,5.0,2.5,18.45823779872623,14.72403780401211,0.009578153305464328,2.2614855272116717e-15,999999999.9999979,42.48,42.48,5.577669764337078,3.9550147740798045,inf,0,0,0,0,-1,inf,0,-1,0,0,7600,0,0,0,904,6696,1.682506057521995,3.6673418076132815,False
intersection_turn,P3,9001,50,5.0,2.5,18.45823779872623,14.72403780401211,0.009578153305464328,2.2614855272116717e-15,999999999.9999979,42.48,42.48,5.577669764337078,3.9550147740798045,inf,0,0,0,0,-1,inf,0,-1,0,0,7600,0,0,0,904,6696,1.682506057521995,3.6673418076132815,False
intersection_turn,P4,9001,50,5.0,2.5,18.65402178665021,14.72403780401211,0.009509890883616751,2.2614855272116717e-15,999999999.9999979,42.474999999999994,42.4724337336152,5.566796904645441,3.9550147740798045,inf,0,0,0,0,-1,inf,0,-1,0,0,7600,120,0,0,823,6657,1.682506057521995,3.6673418076132815,False
intersection_turn,P0,9002,50,5.0,2.5,18.466190861476964,14.72403780401211,0.00957420725425673,2.2614855272116717e-15,999999999.9999979,42.653666666666645,42.653666666666645,5.405856094191867,3.9550147740798045,inf,0,0,0,0,-1,inf,0,-1,0,0,7600,0,0,0,1003,6597,1.6613156227064898,3.6929355065140435,False
intersection_turn,P1,9002,50,5.0,2.5,18.523623329392247,14.72403780401211,0.009556819576744185,2.2614855272116717e-15,999999999.9999979,42.579999999999984,42.57944601374956,5.475191234044615,3.9550147740798045,inf,0,0,0,0,-1,inf,0,-1,0,0,7600,23,0,0,935,6642,1.6613156227064898,3.6929355065140435,False
intersection_turn,P2,9002,50,5.0,2.5,18.466190861476964,14.72403780401211,0.00957420725425673,2.2614855272116717e-15,999999999.9999979,42.653666666666645,42.653666666666645,5.405856094191867,3.9550147740798045,inf,0,0,0,0,-1,inf,0,-1,0,0,7600,0,0,0,1003,6597,1.6613156227064898,3.6929355065140435,False
intersection_turn,P3,9002,50,5.0,2.5,18.466190861476964,14.72403780401211,0.00957420725425673,2.2614855272116717e-15,999999999.9999979,42.653666666666645,42.653666666666645,5.405856094191867,3.9550147740798045,inf,0,0,0,0,-1,inf,0,-1,0,0,7600,0,0,0,1003,6597,1.6613156227064898,3.6929355065140435,False
intersection_turn,P4,9002,50,5.0,2.5,18.52921190299389,14.72403780401211,0.009554282246302075,2.2614855272116717e-15,999999999.9999979,42.653666666666645,42.65311561093793,5.402265508359937,3.9550147740798045,inf,0,0,0,0,-1,inf,0,-1,0,0,7600,23,0,0,981,6596,1.6613156227064898,3.6929355065140435,False
intersection_turn,P0,9003,50,5.0,2.5,18.457176891229093,14.72403780401211,0.009579585643670124,2.2614855272116717e-15,999999999.9999979,42.57,42.57,5.488615490267104,3.9550147740798045,inf,0,0,0,0,-1,inf,0,-1,0,0,7600,0,0,0,1031,6569,1.7389684518276498,3.7694450536013955,False
intersection_turn,P1,9003,50,5.0,2.5,18.456168249096553,14.72403780401211,0.009580089705370824,2.2614855272116717e-15,999999999.9999979,42.54000000000001,42.54000000000001,5.518296838699405,3.9550147740798045,inf,0,0,0,0,-1,inf,0,-1,0,0,7600,0,0,0,1023,6577,1.7389684518276498,3.7694450536013955,False
intersection_turn,P2,9003,50,5.0,2.5,18.457176891229093,14.72403780401211,0.009579585643670124,2.2614855272116717e-15,999999999.9999979,42.57,42.57,5.488615490267104,3.9550147740798045,inf,0,0,0,0,-1,inf,0,-1,0,0,7600,0,0,0,1031,6569,1.7389684518276498,3.7694450536013955,False
intersection_turn,P3,9003,50,5.0,2.5,18.457176891229093,14.72403780401211,0.009579585643670124,2.2614855272116717e-15,999999999.9999979,42.57,42.57,5.488615490267104,3.9550147740798045,inf,0,0,0,0,-1,inf,0,-1,0,0,7600,0,0,0,1031,6569,1.7389684518276498,3.7694450536013955,False
intersection_turn,P4,9003,50,5.0,2.5,18.457176891229093,14.72403780401211,0.009579585643670124,2.2614855272116717e-15,999999999.9999979,42.57,42.57,5.488615490267104,3.9550147740798045,inf,0,0,0,0,-1,inf,0,-1,0,0,7600,0,0,0,1031,6569,1.7389684518276498,3.7694450536013955,False
intersection_turn,P0,9004,50,5.0,2.5,18.466965413272792,14.72403780401211,0.009573631290250507,2.2614855272116717e-15,999999999.9999979,42.649999999999984,42.649999999999984,5.409482415166923,3.9550147740798045,inf,0,0,0,0,-1,inf,0,-1,0,0,7600,0,0,0,941,6659,1.7685627662764722,3.863197801095528,False
intersection_turn,P1,9004,50,5.0,2.5,18.56058128299121,14.72403780401211,0.00954361915203826,2.2614855272116717e-15,999999999.9999979,42.61999999999998,42.618938405664316,5.432168075715964,3.9550147740798045,inf,0,0,0,0,-1,inf,0,-1,0,0,7600,47,0,0,899,6654,1.7685627662764722,3.863197801095528,False
intersection_turn,P2,9004,50,5.0,2.5,18.466965413272792,14.72403780401211,0.009573631290250507,2.2614855272116717e-15,999999999.9999979,42.649999999999984,42.649999999999984,5.409482415166923,3.9550147740798045,inf,0,0,0,0,-1,inf,0,-1,0,0,7600,0,0,0,941,6659,1.7685627662764722,3.863197801095528,False
intersection_turn,P3,9004,50,5.0,2.5,18.466965413272792,14.72403780401211,0.009573631290250507,2.2614855272116717e-15,999999999.9999979,42.649999999999984,42.649999999999984,5.409482415166923,3.9550147740798045,inf,0,0,0,0,-1,inf,0,-1,0,0,7600,0,0,0,941,6659,1.7685627662764722,3.863197801095528,False
intersection_turn,P4,9004,50,5.0,2.5,18.466965413272792,14.72403780401211,0.009573631290250507,2.2614855272116717e-15,999999999.9999979,42.649999999999984,42.649999999999984,5.409482415166923,3.9550147740798045,inf,0,0,0,0,-1,inf,0,-1,0,0,7600,0,0,0,941,6659,1.7685627662764722,3.863197801095528,False
intersection_turn,P0,9005,50,5.0,2.5,18.436425223444743,14.72403780401211,0.009591992244189669,2.2614855272116717e-15,999999999.9999979,42.35466666666665,42.35466666666665,5.701735564233456,3.9550147740798045,inf,0,0,0,0,-1,inf,0,-1,0,0,7600,0,0,0,987,6613,1.6097246868287052,3.587151959502908,False
intersection_turn,P1,9005,50,5.0,2.5,18.43398878175023,14.72403780401211,0.009593381918657568,2.2614855272116717e-15,999999999.9999979,42.307999999999986,42.307999999999986,5.747944328192486,3.9550147740798045,inf,0,0,0,0,-1,inf,0,-1,0,0,7600,0,0,0,958,6642,1.6097246868287052,3.587151959502908,False
intersection_turn,P2,9005,50,5.0,2.5,18.436425223444743,14.72403780401211,0.009591992244189669,2.2614855272116717e-15,999999999.9999979,42.35466666666665,42.35466666666665,5.701735564233456,3.9550147740798045,inf,0,0,0,0,-1,inf,0,-1,0,0,7600,0,0,0,987,6613,1.6097246868287052,3.587151959502908,False
intersection_turn,P3,9005,50,5.0,2.5,18.436425223444743,14.72403780401211,0.009591992244189669,2.2614855272116717e-15,999999999.9999979,42.35466666666665,42.35466666666665,5.701735564233456,3.9550147740798045,inf,0,0,0,0,-1,inf,0,-1,0,0,7600,0,0,0,987,6613,1.6097246868287052,3.587151959502908,False
intersection_turn,P4,9005,50,5.0,2.5,18.462884982617876,14.72403780401211,0.009583289693533985,2.2614855272116717e-15,999999999.9999979,42.32799999999999,42.32799999999999,5.728139663101811,3.9550147740798045,inf,0,0,0,0,-1,inf,0,-1,0,0,7600,0,0,0,965,6635,1.6097246868287052,3.587151959502908,False
intersection_turn,P0,9006,50,5.0,2.5,18.44373762938908,14.72403780401211,0.009586468795290494,2.2614855272116717e-15,999999999.9999979,42.326666666666654,42.326666666666654,5.729459931888106,3.9550147740798045,inf,0,0,0,0,-1,inf,0,-1,0,0,7600,0,0,0,928,6672,1.621137218101975,3.5977236448731134,False
intersection_turn,P1,9006,50,5.0,2.5,18.443213314736365,14.72403780401211,0.009586739784103624,2.2614855272116717e-15,999999999.9999979,42.309999999999995,42.309999999999995,5.745963800790957,3.9550147740798045,inf,0,0,0,0,-1,inf,0,-1,0,0,7600,0,0,0,917,6683,1.621137218101975,3.5977236448731134,False
intersection_turn,P2,9006,50,5.0,2.5,18.44373762938908,14.72403780401211,0.009586468795290494,2.2614855272116717e-15,999999999.9999979,42.326666666666654,42.326666666666654,5.729459931888106,3.9550147740798045,inf,0,0,0,0,-1,inf,0,-1,0,0,7600,0,0,0,928,6672,1.621137218101975,3.5977236448731134,False
intersection_turn,P3,9006,50,5.0,2.5,18.44373762938908,14.72403780401211,0.009586468795290494,2.2614855272116717e-15,999999999.9999979,42.326666666666654,42.326666666666654,5.729459931888106,3.9550147740798045,inf,0,0,0,0,-1,inf,0,-1,0,0,7600,0,0,0,928,6672,1.621137218101975,3.5977236448731134,False
intersection_turn,P4,9006,50,5.0,2.5,18.44373762938908,14.72403780401211,0.009586468795290494,2.2614855272116717e-15,999999999.9999979,42.326666666666654,42.326666666666654,5.729459931888106,3.9550147740798045,inf,0,0,0,0,-1,inf,0,-1,0,0,7600,0,0,0,928,6672,1.621137218101975,3.5977236448731134,False
intersection_turn,P0,9007,50,5.0,2.5,18.44080179698691,14.72403780401211,0.009587909891332,2.2614855272116717e-15,999999999.9999979,42.25599999999999,42.25599999999999,5.799442731849335,3.9550147740798045,inf,0,0,0,0,-1,inf,0,-1,0,0,7600,0,0,0,784,6816,1.7660825452214206,3.846577997886988,False
intersection_turn,P1,9007,50,5.0,2.5,18.439961636954774,14.72403780401211,0.009588365891413653,2.2614855272116717e-15,999999999.9999979,42.23866666666665,42.23866666666665,5.816610849779959,3.9550147740798045,inf,0,0,0,0,-1,inf,0,-1,0,0,7600,0,0,0,772,6828,1.7660825452214206,3.846577997886988,False
intersection_turn,P2,9007,50,5.0,2.5,18.44080179698691,14.72403780401211,0.009587909891332,2.2614855272116717e-15,999999999.9999979,42.25599999999999,42.25599999999999,5.799442731849335,3.9550147740798045,inf,0,0,0,0,-1,inf,0,-1,0,0,7600,0,0,0,784,6816,1.7660825452214206,3.846577997886988,False
intersection_turn,P3,9007,50,5.0,2.5,18.44080179698691,14.72403780401211,0.009587909891332,2.2614855272116717e-15,999999999.9999979,42.25599999999999,42.25599999999999,5.799442731849335,3.9550147740798045,inf,0,0,0,0,-1,inf,0,-1,0,0,7600,0,0,0,784,6816,1.7660825452214206,3.846577997886988,False
intersection_turn,P4,9007,50,5.0,2.5,18.44080179698691,14.72403780401211,0.009587909891332,2.2614855272116717e-15,999999999.9999979,42.25599999999999,42.25599999999999,5.799442731849335,3.9550147740798045,inf,0,0,0,0,-1,inf,0,-1,0,0,7600,0,0,0,784,6816,1.7660825452214206,3.846577997886988,False
intersection_turn,P0,9008,50,5.0,2.5,18.47044754909985,14.72403780401211,0.009571797147203492,2.2614855272116717e-15,999999999.9999979,42.679999999999986,42.679999999999986,5.379814123183082,3.9550147740798045,inf,0,0,0,0,-1,inf,0,-1,0,0,7600,0,0,0,1012,6588,1.612874512419017,3.614449253108861,False
intersection_turn,P1,9008,50,5.0,2.5,18.60170137164044,14.72403780401211,0.009529871688437733,2.2614855272116717e-15,999999999.9999979,42.67999999999999,42.678436392742846,5.369458688422808,3.9550147740798045,inf,0,0,0,0,-1,inf,0,-1,0,0,7600,71,0,0,949,6580,1.612874512419017,3.614449253108861,False
intersection_turn,P2,9008,50,5.0,2.5,18.47044754909985,14.72403780401211,0.009571797147203492,2.2614855272116717e-15,999999999.9999979,42.679999999999986,42.679999999999986,5.379814123183082,3.9550147740798045,inf,0,0,0,0,-1,inf,0,-1,0,0,7600,0,0,0,1012,6588,1.612874512419017,3.614449253108861,False
intersection_turn,P3,9008,50,5.0,2.5,18.47044754909985,14.72403780401211,0.009571797147203492,2.2614855272116717e-15,999999999.9999979,42.679999999999986,42.679999999999986,5.379814123183082,3.9550147740798045,inf,0,0,0,0,-1,inf,0,-1,0,0,7600,0,0,0,1012,6588,1.612874512419017,3.614449253108861,False
intersection_turn,P4,9008,50,5.0,2.5,18.47044754909985,14.72403780401211,0.009571797147203492,2.2614855272116717e-15,999999999.9999979,42.679999999999986,42.679999999999986,5.379814123183082,3.9550147740798045,inf,0,0,0,0,-1,inf,0,-1,0,0,7600,0,0,0,1012,6588,1.612874512419017,3.614449253108861,False
intersection_turn,P0,9009,50,5.0,2.5,18.452826369081627,14.72403780401211,0.009581203824651902,2.2614855272116717e-15,999999999.9999979,42.44499999999999,42.44499999999999,5.612310130418674,3.9550147740798045,inf,0,0,0,0,-1,inf,0,-1,0,0,7600,0,0,0,898,6702,1.578875368870595,3.5968439904691327,False
intersection_turn,P1,9009,50,5.0,2.5,18.451666877659626,14.72403780401211,0.009581792320116756,2.2614855272116717e-15,999999999.9999979,42.41,42.41,5.646954931642366,3.9550147740798045,inf,0,0,0,0,-1,inf,0,-1,0,0,7600,0,0,0,854,6746,1.578875368870595,3.5968439904691327,False
intersection_turn,P2,9009,50,5.0,2.5,18.452826369081627,14.72403780401211,0.009581203824651902,2.2614855272116717e-15,999999999.9999979,42.44499999999999,42.44499999999999,5.612310130418674,3.9550147740798045,inf,0,0,0,0,-1,inf,0,-1,0,0,7600,0,0,0,898,6702,1.578875368870595,3.5968439904691327,False
intersection_turn,P3,9009,50,5.0,2.5,18.452826369081627,14.72403780401211,0.009581203824651902,2.2614855272116717e-15,999999999.9999979,42.44499999999999,42.44499999999999,5.612310130418674,3.9550147740798045,inf,0,0,0,0,-1,inf,0,-1,0,0,7600,0,0,0,898,6702,1.578875368870595,3.5968439904691327,False
intersection_turn,P4,9009,50,5.0,2.5,18.452826369081627,14.72403780401211,0.009581203824651902,2.2614855272116717e-15,999999999.9999979,42.44499999999999,42.44499999999999,5.612310130418674,3.9550147740798045,inf,0,0,0,0,-1,inf,0,-1,0,0,7600,0,0,0,898,6702,1.578875368870595,3.5968439904691327,False
intersection_turn,P0,9010,50,5.0,2.5,18.47180278860952,14.72403780401211,0.009571311862094986,2.2614855272116717e-15,999999999.9999979,42.82999999999999,42.82999999999999,5.231529413087543,3.9550147740798045,inf,0,0,0,0,-1,inf,0,-1,0,0,7600,0,0,0,1075,6525,1.5752701426179627,3.613638173581725,False
intersection_turn,P1,9010,50,5.0,2.5,18.47180278860952,14.72403780401211,0.009571311862094986,2.2614855272116717e-15,999999999.9999979,42.82999999999999,42.82999999999999,5.231529413087543,3.9550147740798045,inf,0,0,0,0,-1,inf,0,-1,0,0,7600,0,0,0,1075,6525,1.5752701426179627,3.613638173581725,False
intersection_turn,P2,9010,50,5.0,2.5,18.47180278860952,14.72403780401211,0.009571311862094986,2.2614855272116717e-15,999999999.9999979,42.82999999999999,42.82999999999999,5.231529413087543,3.9550147740798045,inf,0,0,0,0,-1,inf,0,-1,0,0,7600,0,0,0,1075,6525,1.5752701426179627,3.613638173581725,False
intersection_turn,P3,9010,50,5.0,2.5,18.47180278860952,14.72403780401211,0.009571311862094986,2.2614855272116717e-15,999999999.9999979,42.82999999999999,42.82999999999999,5.231529413087543,3.9550147740798045,inf,0,0,0,0,-1,inf,0,-1,0,0,7600,0,0,0,1075,6525,1.5752701426179627,3.613638173581725,False
intersection_turn,P4,9010,50,5.0,2.5,18.503880559997455,14.72403780401211,0.009560635735959057,2.2614855272116717e-15,999999999.9999979,42.82999999999999,42.82947804751495,5.227758877653014,3.9550147740798045,inf,0,0,0,0,-1,inf,0,-1,0,0,7600,23,0,0,1052,6525,1.5752701426179627,3.613638173581725,False
intersection_turn,P0,9011,50,5.0,2.5,18.470768529662216,14.72403780401211,0.009571658090788733,2.2614855272116717e-15,999999999.9999979,42.66999999999998,42.66999999999998,5.389703145814267,3.9550147740798045,inf,0,0,0,0,-1,inf,0,-1,0,0,7600,0,0,0,1009,6591,1.5627160130129893,3.6435845367889272,False
intersection_turn,P1,9011,50,5.0,2.5,18.534859871752154,14.72403780401211,0.009551713312119292,2.2614855272116717e-15,999999999.9999979,42.649999999999984,42.64943207572928,5.4059185490095105,3.9550147740798045,inf,0,0,0,0,-1,inf,0,-1,0,0,7600,24,0,0,983,6593,1.5627160130129893,3.6435845367889272,False
intersection_turn,P2,9011,50,5.0,2.5,18.470768529662216,14.72403780401211,0.009571658090788733,2.2614855272116717e-15,999999999.9999979,42.66999999999998,42.66999999999998,5.389703145814267,3.9550147740798045,inf,0,0,0,0,-1,inf,0,-1,0,0,7600,0,0,0,1009,6591,1.5627160130129893,3.6435845367889272,False
intersection_turn,P3,9011,50,5.0,2.5,18.470768529662216,14.72403780401211,0.009571658090788733,2.2614855272116717e-15,999999999.9999979,42.66999999999998,42.66999999999998,5.389703145814267,3.9550147740798045,inf,0,0,0,0,-1,inf,0,-1,0,0,7600,0,0,0,1009,6591,1.5627160130129893,3.6435845367889272,False
intersection_turn,P4,9011,50,5.0,2.5,18.470768529662216,14.72403780401211,0.009571658090788733,2.2614855272116717e-15,999999999.9999979,42.66999999999998,42.66999999999998,5.389703145814267,3.9550147740798045,inf,0,0,0,0,-1,inf,0,-1,0,0,7600,0,0,0,1009,6591,1.5627160130129893,3.6435845367889272,False
intersection_turn,P0,9012,50,5.0,2.5,18.457395566323612,14.72403780401211,0.009579149158712955,2.2614855272116717e-15,999999999.9999979,42.58999999999999,42.58999999999999,5.468829856559822,3.9550147740798045,inf,0,0,0,0,-1,inf,0,-1,0,0,7600,0,0,0,1046,6554,1.7126610683333732,3.81788998531909,False
intersection_turn,P1,9012,50,5.0,2.5,18.453340196492,14.72403780401211,0.009581449817057676,2.2614855272116717e-15,999999999.9999979,42.529999999999994,42.529999999999994,5.528191385977883,3.9550147740798045,inf,0,0,0,0,-1,inf,0,-1,0,0,7600,0,0,0,1015,6585,1.7126610683333732,3.81788998531909,False
intersection_turn,P2,9012,50,5.0,2.5,18.457395566323612,14.72403780401211,0.009579149158712955,2.2614855272116717e-15,999999999.9999979,42.58999999999999,42.58999999999999,5.468829856559822,3.9550147740798045,inf,0,0,0,0,-1,inf,0,-1,0,0,7600,0,0,0,1046,6554,1.7126610683333732,3.81788998531909,False
intersection_turn,P3,9012,50,5.0,2.5,18.457395566323612,14.72403780401211,0.009579149158712955,2.2614855272116717e-15,999999999.9999979,42.58999999999999,42.58999999999999,5.468829856559822,3.9550147740798045,inf,0,0,0,0,-1,inf,0,-1,0,0,7600,0,0,0,1046,6554,1.7126610683333732,3.81788998531909,False
intersection_turn,P4,9012,50,5.0,2.5,18.456964934483665,14.72403780401211,0.00957942535220044,2.2614855272116717e-15,999999999.9999979,42.58666666666666,42.58666666666666,5.472127353943607,3.9550147740798045,inf,0,0,0,0,-1,inf,0,-1,0,0,7600,0,0,0,1044,6556,1.7126610683333732,3.81788998531909,False
intersection_turn,P0,9013,50,5.0,2.5,18.457350375162797,14.72403780401211,0.009578752494949843,2.2614855272116717e-15,999999999.9999979,42.52999999999998,42.52999999999998,5.528191385977897,3.9550147740798045,inf,0,0,0,0,-1,inf,0,-1,0,0,7600,0,0,0,1010,6590,1.7837190472773954,3.9643585836287603,False
intersection_turn,P1,9013,50,5.0,2.5,18.457350375162797,14.72403780401211,0.009578752494949843,2.2614855272116717e-15,999999999.9999979,42.52999999999998,42.52999999999998,5.528191385977897,3.9550147740798045,inf,0,0,0,0,-1,inf,0,-1,0,0,7600,0,0,0,1010,6590,1.7837190472773954,3.9643585836287603,False
intersection_turn,P2,9013,50,5.0,2.5,18.457350375162797,14.72403780401211,0.009578752494949843,2.2614855272116717e-15,999999999.9999979,42.52999999999998,42.52999999999998,5.528191385977897,3.9550147740798045,inf,0,0,0,0,-1,inf,0,-1,0,0,7600,0,0,0,1010,6590,1.7837190472773954,3.9643585836287603,False
intersection_turn,P3,9013,50,5.0,2.5,18.457350375162797,14.72403780401211,0.009578752494949843,2.2614855272116717e-15,999999999.9999979,42.52999999999998,42.52999999999998,5.528191385977897,3.9550147740798045,inf,0,0,0,0,-1,inf,0,-1,0,0,7600,0,0,0,1010,6590,1.7837190472773954,3.9643585836287603,False
intersection_turn,P4,9013,50,5.0,2.5,18.457350375162797,14.72403780401211,0.009578752494949843,2.2614855272116717e-15,999999999.9999979,42.52999999999998,42.52999999999998,5.528191385977897,3.9550147740798045,inf,0,0,0,0,-1,inf,0,-1,0,0,7600,0,0,0,1010,6590,1.7837190472773954,3.9643585836287603,False
intersection_turn,P0,9014,50,5.0,2.5,18.463798090787403,14.72403780401211,0.009575432289229626,2.2614855272116717e-15,999999999.9999979,42.66999999999999,42.66999999999999,5.38970314581426,3.9550147740798045,inf,0,0,0,0,-1,inf,0,-1,0,0,7600,0,0,0,1009,6591,1.5667190559384374,3.5372148251850284,False
intersection_turn,P1,9014,50,5.0,2.5,18.463798090787403,14.72403780401211,0.009575432289229626,2.2614855272116717e-15,999999999.9999979,42.66999999999999,42.66999999999999,5.38970314581426,3.9550147740798045,inf,0,0,0,0,-1,inf,0,-1,0,0,7600,0,0,0,1009,6591,1.5667190559384374,3.5372148251850284,False
intersection_turn,P2,9014,50,5.0,2.5,18.463798090787403,14.72403780401211,0.009575432289229626,2.2614855272116717e-15,999999999.9999979,42.66999999999999,42.66999999999999,5.38970314581426,3.9550147740798045,inf,0,0,0,0,-1,inf,0,-1,0,0,7600,0,0,0,1009,6591,1.5667190559384374,3.5372148251850284,False
intersection_turn,P3,9014,50,5.0,2.5,18.463798090787403,14.72403780401211,0.009575432289229626,2.2614855272116717e-15,999999999.9999979,42.66999999999999,42.66999999999999,5.38970314581426,3.9550147740798045,inf,0,0,0,0,-1,inf,0,-1,0,0,7600,0,0,0,1009,6591,1.5667190559384374,3.5372148251850284,False
intersection_turn,P4,9014,50,5.0,2.5,18.463798090787403,14.72403780401211,0.009575432289229626,2.2614855272116717e-15,999999999.9999979,42.66999999999999,42.66999999999999,5.38970314581426,3.9550147740798045,inf,0,0,0,0,-1,inf,0,-1,0,0,7600,0,0,0,1009,6591,1.5667190559384374,3.5372148251850284,False
intersection_turn,P0,9015,50,5.0,2.5,18.461820414776113,14.72403780401211,0.009576500032539738,2.2614855272116717e-15,999999999.9999979,42.57333333333332,42.57333333333332,5.485317776675406,3.9550147740798045,inf,0,0,0,0,-1,inf,0,-1,0,0,7600,0,0,0,1081,6519,1.7507140148664397,3.833633017140656,False
intersection_turn,P1,9015,50,5.0,2.5,18.587265069164886,14.72403780401211,0.009534966739574949,2.2614855272116717e-15,999999999.9999979,42.54,42.53843639274285,5.50824149949066,3.9550147740798045,inf,0,0,0,0,-1,inf,0,-1,0,0,7600,71,0,0,1011,6518,1.7507140148664397,3.833633017140656,False
intersection_turn,P2,9015,50,5.0,2.5,18.461820414776113,14.72403780401211,0.009576500032539738,2.2614855272116717e-15,999999999.9999979,42.57333333333332,42.57333333333332,5.485317776675406,3.9550147740798045,inf,0,0,0,0,-1,inf,0,-1,0,0,7600,0,0,0,1081,6519,1.7507140148664397,3.833633017140656,False
intersection_turn,P3,9015,50,5.0,2.5,18.461820414776113,14.72403780401211,0.009576500032539738,2.2614855272116717e-15,999999999.9999979,42.57333333333332,42.57333333333332,5.485317776675406,3.9550147740798045,inf,0,0,0,0,-1,inf,0,-1,0,0,7600,0,0,0,1081,6519,1.7507140148664397,3.833633017140656,False
intersection_turn,P4,9015,50,5.0,2.5,18.461820414776113,14.72403780401211,0.009576500032539738,2.2614855272116717e-15,999999999.9999979,42.57333333333332,42.57333333333332,5.485317776675406,3.9550147740798045,inf,0,0,0,0,-1,inf,0,-1,0,0,7600,0,0,0,1081,6519,1.7507140148664397,3.833633017140656,False
intersection_turn,P0,9016,50,5.0,2.5,18.46316055620072,14.72403780401211,0.009575427489696612,2.2614855272116717e-15,999999999.9999979,42.51533333333332,42.51533333333332,5.542704073324195,3.9550147740798045,inf,0,0,0,0,-1,inf,0,-1,0,0,7600,0,0,0,880,6720,1.8224816788831766,3.8649352115622553,False
intersection_turn,P1,9016,50,5.0,2.5,18.653676161208583,14.72403780401211,0.009509445143614039,2.2614855272116717e-15,999999999.9999979,42.444999999999986,42.44254091224215,5.596979083596161,3.9550147740798045,inf,0,0,0,0,-1,inf,0,-1,0,0,7600,118,0,0,785,6697,1.8224816788831766,3.8649352115622553,False
intersection_turn,P2,9016,50,5.0,2.5,18.46316055620072,14.72403780401211,0.009575427489696612,2.2614855272116717e-15,999999999.9999979,42.51533333333332,42.51533333333332,5.542704073324195,3.9550147740798045,inf,0,0,0,0,-1,inf,0,-1,0,0,7600,0,0,0,880,6720,1.8224816788831766,3.8649352115622553,False
intersection_turn,P3,9016,50,5.0,2.5,18.46316055620072,14.72403780401211,0.009575427489696612,2.2614855272116717e-15,999999999.9999979,42.51533333333332,42.51533333333332,5.542704073324195,3.9550147740798045,inf,0,0,0,0,-1,inf,0,-1,0,0,7600,0,0,0,880,6720,1.8224816788831766,3.8649352115622553,False
intersection_turn,P4,9016,50,5.0,2.5,18.657958884915896,14.72403780401211,0.009508437152321959,2.2614855272116717e-15,999999999.9999979,42.511333333333326,42.508902012985345,5.531094955698865,3.9550147740798045,inf,0,0,0,0,-1,inf,0,-1,0,0,7600,118,0,0,801,6681,1.8224816788831766,3.8649352115622553,False
intersection_turn,P0,9017,50,5.0,2.5,18.466657635260916,14.72403780401211,0.009574010110604532,2.2614855272116717e-15,999999999.9999979,42.66999999999999,42.66999999999999,5.38970314581426,3.9550147740798045,inf,0,0,0,0,-1,inf,0,-1,0,0,7600,0,0,0,1021,6579,1.6013145330173364,3.6399410007587303,False
intersection_turn,P1,9017,50,5.0,2.5,18.465359299625465,14.72403780401211,0.009574649779415783,2.2614855272116717e-15,999999999.9999979,42.629999999999995,42.629999999999995,5.429263301774934,3.9550147740798045,inf,0,0,0,0,-1,inf,0,-1,0,0,7600,0,0,0,1012,6588,1.6013145330173364,3.6399410007587303,False
intersection_turn,P2,9017,50,5.0,2.5,18.466657635260916,14.72403780401211,0.009574010110604532,2.2614855272116717e-15,999999999.9999979,42.66999999999999,42.66999999999999,5.38970314581426,3.9550147740798045,inf,0,0,0,0,-1,inf,0,-1,0,0,7600,0,0,0,1021,6579,1.6013145330173364,3.6399410007587303,False
intersection_turn,P3,9017,50,5.0,2.5,18.466657635260916,14.72403780401211,0.009574010110604532,2.2614855272116717e-15,999999999.9999979,42.66999999999999,42.66999999999999,5.38970314581426,3.9550147740798045,inf,0,0,0,0,-1,inf,0,-1,0,0,7600,0,0,0,1021,6579,1.6013145330173364,3.6399410007587303,False
intersection_turn,P4,9017,50,5.0,2.5,18.529745594097573,14.72403780401211,0.009554129482353298,2.2614855272116717e-15,999999999.9999979,42.66999999999999,42.66945050948327,5.386097898771114,3.9550147740798045,inf,0,0,0,0,-1,inf,0,-1,0,0,7600,23,0,0,1000,6577,1.6013145330173364,3.6399410007587303,False
intersection_turn,P0,9018,50,5.0,2.5,18.459040433816504,14.72403780401211,0.00957803035161133,2.2614855272116717e-15,999999999.9999979,42.54099999999999,42.54099999999999,5.517307404885114,3.9550147740798045,inf,0,0,0,0,-1,inf,0,-1,0,0,7600,0,0,0,984,6616,1.7093776381043788,3.8440636066910634,False
intersection_turn,P1,9018,50,5.0,2.5,18.45956927046239,14.72403780401211,0.009577815694827727,2.2614855272116717e-15,999999999.9999979,42.59999999999999,42.59999999999999,5.458937625582485,3.9550147740798045,inf,0,0,0,0,-1,inf,0,-1,0,0,7600,0,0,0,997,6603,1.7093776381043788,3.8440636066910634,False
intersection_turn,P2,9018,50,5.0,2.5,18.459040433816504,14.72403780401211,0.00957803035161133,2.2614855272116717e-15,999999999.9999979,42.54099999999999,42.54099999999999,5.517307404885114,3.9550147740798045,inf,0,0,0,0,-1,inf,0,-1,0,0,7600,0,0,0,984,6616,1.7093776381043788,3.8440636066910634,False
intersection_turn,P3,9018,50,5.0,2.5,18.459040433816504,14.72403780401211,0.00957803035161133,2.2614855272116717e-15,999999999.9999979,42.54099999999999,42.54099999999999,5.517307404885114,3.9550147740798045,inf,0,0,0,0,-1,inf,0,-1,0,0,7600,0,0,0,984,6616,1.7093776381043788,3.8440636066910634,False
intersection_turn,P4,9018,50,5.0,2.5,18.459040433816504,14.72403780401211,0.00957803035161133,2.2614855272116717e-15,999999999.9999979,42.54099999999999,42.54099999999999,5.517307404885114,3.9550147740798045,inf,0,0,0,0,-1,inf,0,-1,0,0,7600,0,0,0,984,6616,1.7093776381043788,3.8440636066910634,False
intersection_turn,P0,9019,50,5.0,2.5,18.461394231268066,14.72403780401211,0.009576572289151168,2.2614855272116717e-15,999999999.9999979,42.60999999999997,42.60999999999997,5.449045788025671,3.9550147740798045,inf,0,0,0,0,-1,inf,0,-1,0,0,7600,0,0,0,920,6680,1.7344524602526286,3.79068039860401,False
intersection_turn,P1,9019,50,5.0,2.5,18.461394231268066,14.72403780401211,0.009576572289151168,2.2614855272116717e-15,999999999.9999979,42.60999999999997,42.60999999999997,5.449045788025671,3.9550147740798045,inf,0,0,0,0,-1,inf,0,-1,0,0,7600,0,0,0,920,6680,1.7344524602526286,3.79068039860401,False
intersection_turn,P2,9019,50,5.0,2.5,18.461394231268066,14.72403780401211,0.009576572289151168,2.2614855272116717e-15,999999999.9999979,42.60999999999997,42.60999999999997,5.449045788025671,3.9550147740798045,inf,0,0,0,0,-1,inf,0,-1,0,0,7600,0,0,0,920,6680,1.7344524602526286,3.79068039860401,False
intersection_turn,P3,9019,50,5.0,2.5,18.461394231268066,14.72403780401211,0.009576572289151168,2.2614855272116717e-15,999999999.9999979,42.60999999999997,42.60999999999997,5.449045788025671,3.9550147740798045,inf,0,0,0,0,-1,inf,0,-1,0,0,7600,0,0,0,920,6680,1.7344524602526286,3.79068039860401,False
intersection_turn,P4,9019,50,5.0,2.5,18.461394231268066,14.72403780401211,0.009576572289151168,2.2614855272116717e-15,999999999.9999979,42.60999999999997,42.60999999999997,5.449045788025671,3.9550147740798045,inf,0,0,0,0,-1,inf,0,-1,0,0,7600,0,0,0,920,6680,1.7344524602526286,3.79068039860401,False
occluding_cut_in,P0,9000,50,5.0,2.5,11.267888282720728,7.327224075401506,0.2107706627715266,0.00021432353040528026,999785676.4695947,17.087302883832308,17.087302883832308,19.431160541768985,11.331044181969368,1.912697116167692,0,0,0,0,-1,inf,0,-1,0,0,7600,182,0,3814,0,3604,2.236508710247554,5.049424401377409,False
occluding_cut_in,P1,9000,50,5.0,2.5,11.332110574919035,7.317204022519822,0.2083959278339579,0.00021492416088724126,999785075.8391128,17.12178035333541,17.115394505041873,19.430094201262467,11.331044181969368,1.884920524226191,0,0,0,0,-1,inf,0,-1,0,0,7600,321,0,3697,0,3582,2.236508710247554,5.049424401377409,False
occluding_cut_in,P2,9000,50,5.0,2.5,11.18816933512213,7.346569653191002,0.21586657007766732,0.0002080808762265537,999791919.1237735,17.151780353335415,17.141282313467723,19.429070033382242,11.331044181969368,1.8631485915805577,0,0,0,0,-1,inf,0,-1,0,0,7600,355,0,3670,0,3575,2.236508710247554,5.049424401377409,False
occluding_cut_in,P3,9000,50,5.0,2.5,11.110482535262593,7.326894548691421,0.2222887307412461,0.00021561099413591555,999784389.0058641,17.15178035333542,17.14141999371464,19.430094201262467,11.331044181969368,1.871072585264871,0,0,0,0,-1,inf,0,-1,0,0,7600,330,0,3695,0,3575,2.236508710247554,5.049424401377409,False
occluding_cut_in,P4,9000,50,5.0,2.5,11.267888282720728,7.327224075401506,0.2107706627715266,0.00021432353040528026,999785676.4695947,17.087302883832308,17.087302883832308,19.431160541768985,11.331044181969368,1.912697116167692,0,0,0,0,-1,inf,0,-1,0,0,7600,182,0,3814,0,3604,2.236508710247554,5.049424401377409,False
occluding_cut_in,P0,9001,50,5.0,2.5,11.267888282720728,7.327224075401506,0.2107706627715266,0.00021432353040528026,999785676.4695947,17.087302883832308,17.087302883832308,19.431160541768985,11.331044181969368,1.912697116167692,0,0,0,0,-1,inf,0,-1,0,0,7600,182,0,3814,0,3604,2.0694366379210174,4.7190311108022716,False
occluding_cut_in,P1,9001,50,5.0,2.5,11.328220731869775,7.326331172501157,0.2081802931586817,0.0002123833658676743,999787616.6341324,17.121780353335406,17.11591623790376,19.43013353196599,11.331044181969368,1.884317558638751,0,0,0,0,-1,inf,0,-1,0,0,7600,296,0,3726,0,3578,2.0694366379210174,4.7190311108022716,False
occluding_cut_in,P2,9001,50,5.0,2.5,11.18503284799463,7.339654199503235,0.21578966851087075,0.0002091103767101219,999790889.62329,17.15178035333542,17.141898185769094,19.430094201262467,11.331044181969368,1.863837459608201,0,0,0,0,-1,inf,0,-1,0,0,7600,329,0,3696,0,3575,2.0694366379210174,4.7190311108022716,False
occluding_cut_in,P3,9001,50,5.0,2.5,11.188730860473086,7.323169320534642,0.21491378570597813,0.0002136283809497396,999786371.6190503,17.15178035333541,17.145196624852222,19.431160541768985,11.331044181969368,1.862832600337549,0,0,0,0,-1,inf,0,-1,0,0,7600,282,0,3743,0,3575,2.0694366379210174,4.7190311108022716,False
occluding_cut_in,P4,9001,50,5.0,2.5,11.267888282720728,7.327224075401506,0.2107706627715266,0.00021432353040528026,999785676.4695947,17.087302883832308,17.087302883832308,19.431160541768985,11.331044181969368,1.912697116167692,0,0,0,0,-1,inf,0,-1,0,0,7600,182,0,3814,0,3604,2.0694366379210174,4.7190311108022716,False
occluding_cut_in,P0,9002,50,5.0,2.5,11.267888282720728,7.327224075401506,0.2107706627715266,0.00021432353040528026,999785676.4695947,17.087302883832308,17.087302883832308,19.431160541768985,11.331044181969368,1.912697116167692,0,0,0,0,-1,inf,0,-1,0,0,7600,182,0,3814,0,3604,2.045198073203585,4.605688830064313,False
occluding_cut_in,P1,9002,50,5.0,2.5,11.32259098532521,7.330849635099795,0.20818126146480598,0.00021115231607467784,999788847.6839255,17.121780353335417,17.116341439325343,19.431160541768985,11.331044181969368,1.8837879858002218,0,0,0,0,-1,inf,0,-1,0,0,7600,270,0,3750,0,3580,2.045198073203585,4.605688830064313,False
occluding_cut_in,P2,9002,50,5.0,2.5,11.196766385412548,7.328414488419855,0.2174767325720963,0.0002145978516012744,999785402.1483989,17.139263734065537,17.128619776554984,19.433133628587235,11.331044181969368,1.8730956592448713,0,0,0,0,-1,inf,0,-1,0,0,7600,328,0,3696,0,3576,2.045198073203585,4.605688830064313,False
occluding_cut_in,P3,9002,50,5.0,2.5,11.188730860473086,7.323169320534642,0.21491378570597813,0.0002136283809497396,999786371.6190503,17.15178035333541,17.145196624852222,19.431160541768985,11.331044181969368,1.862832600337549,0,0,0,0,-1,inf,0,-1,0,0,7600,282,0,3743,0,3575,2.045198073203585,4.605688830064313,False
occluding_cut_in,P4,9002,50,5.0,2.5,11.267888282720728,7.327224075401506,0.2107706627715266,0.00021432353040528026,999785676.4695947,17.087302883832308,17.087302883832308,19.431160541768985,11.331044181969368,1.912697116167692,0,0,0,0,-1,inf,0,-1,0,0,7600,182,0,3814,0,3604,2.045198073203585,4.605688830064313,False
occluding_cut_in,P0,9003,50,5.0,2.5,11.267888282720728,7.327224075401506,0.2107706627715266,0.00021432353040528026,999785676.4695947,17.087302883832308,17.087302883832308,19.431160541768985,11.331044181969368,1.912697116167692,0,0,0,0,-1,inf,0,-1,0,0,7600,182,0,3814,0,3604,2.020775338962199,4.67894251683254,False
occluding_cut_in,P1,9003,50,5.0,2.5,11.276963380877083,7.330914167477342,0.21037900968694642,0.00021314547187283376,999786854.5281272,17.087302883832308,17.08684058791738,19.43013353196599,11.331044181969368,1.913174713293892,0,0,0,0,-1,inf,0,-1,0,0,7600,211,0,3789,0,3600,2.020775338962199,4.67894251683254,False
occluding_cut_in,P2,9003,50,5.0,2.5,11.196786944937497,7.337191093635807,0.2154759439718455,0.00021095573300218003,999789044.2669979,17.151780353335425,17.142163523128445,19.428020504095343,11.331044181969368,1.8616610242549663,0,0,0,0,-1,inf,0,-1,0,0,7600,368,0,3657,0,3575,2.020775338962199,4.67894251683254,False
occluding_cut_in,P3,9003,50,5.0,2.5,11.199130816814181,7.356061034498325,0.21413805358081653,0.000205079719788151,999794920.2802118,17.151780353335415,17.14460914194521,19.43013353196599,11.331044181969368,1.8618445850186753,0,0,0,0,-1,inf,0,-1,0,0,7600,308,0,3721,0,3571,2.020775338962199,4.67894251683254,False
occluding_cut_in,P4,9003,50,5.0,2.5,11.267888282720728,7.327224075401506,0.2107706627715266,0.00021432353040528026,999785676.4695947,17.087302883832308,17.087302883832308,19.431160541768985,11.331044181969368,1.912697116167692,0,0,0,0,-1,inf,0,-1,0,0,7600,182,0,3814,0,3604,2.020775338962199,4.67894251683254,False
occluding_cut_in,P0,9004,50,5.0,2.5,11.267888282720728,7.327224075401506,0.2107706627715266,0.00021432353040528026,999785676.4695947,17.087302883832308,17.087302883832308,19.431160541768985,11.331044181969368,1.912697116167692,0,0,0,0,-1,inf,0,-1,0,0,7600,182,0,3814,0,3604,2.122312493233909,4.859681844703765,False
occluding_cut_in,P1,9004,50,5.0,2.5,11.323529922543887,7.344714577229324,0.20783637704025407,0.00020744801661319413,999792551.9833866,17.121780353335428,17.116769463525344,19.431160541768985,11.331044181969368,1.8835758807025362,0,0,0,0,-1,inf,0,-1,0,0,7600,299,0,3720,0,3581,2.122312493233909,4.859681844703765,False
occluding_cut_in,P2,9004,50,5.0,2.5,11.201647634344402,7.358379049554543,0.2151735306038816,0.00020446212536482774,999795537.8746353,17.15178035333541,17.141062881760497,19.42810077019037,11.331044181969368,1.8635751868897756,0,0,0,0,-1,inf,0,-1,0,0,7600,395,0,3638,0,3567,2.122312493233909,4.859681844703765,False
occluding_cut_in,P3,9004,50,5.0,2.5,11.202189795197482,7.357528109595406,0.21421375202681323,0.000204669026887397,999795330.9731126,17.151780353335415,17.143840049942327,19.42906718105352,11.331044181969368,1.8620315890357273,0,0,0,0,-1,inf,0,-1,0,0,7600,338,0,3695,0,3567,2.122312493233909,4.859681844703765,False
occluding_cut_in,P4,9004,50,5.0,2.5,11.267888282720728,7.327224075401506,0.2107706627715266,0.00021432353040528026,999785676.4695947,17.087302883832308,17.087302883832308,19.431160541768985,11.331044181969368,1.912697116167692,0,0,0,0,-1,inf,0,-1,0,0,7600,182,0,3814,0,3604,2.122312493233909,4.859681844703765,False
occluding_cut_in,P0,9005,50,5.0,2.5,11.267888282720728,7.327224075401506,0.2107706627715266,0.00021432353040528026,999785676.4695947,17.087302883832308,17.087302883832308,19.431160541768985,11.331044181969368,1.912697116167692,0,0,0,0,-1,inf,0,-1,0,0,7600,182,0,3814,0,3604,1.9231246571925498,4.458599560991289,False
occluding_cut_in,P1,9005,50,5.0,2.5,11.3001277500668,7.353114950902221,0.208425261639691,0.00020585546103420025,999794144.5389657,17.121780353335414,17.118624309963533,19.43013353196599,11.331044181969368,1.8816690398021683,0,0,0,0,-1,inf,0,-1,0,0,7600,250,0,3773,0,3577,1.9231246571925498,4.458599560991289,False
occluding_cut_in,P2,9005,50,5.0,2.5,11.241532334536684,7.348806511430331,0.2134431764884724,0.0002080407196453287,999791959.2803547,17.096720715219124,17.092105632699788,19.42902108482531,11.331044181969368,1.9098528538218829,0,0,0,0,-1,inf,0,-1,0,0,7600,273,0,3731,0,3596,1.9231246571925498,4.458599560991289,False
occluding_cut_in,P3,9005,50,5.0,2.5,11.199130816814181,7.356061034498325,0.21413805358081653,0.000205079719788151,999794920.2802118,17.151780353335415,17.14460914194521,19.43013353196599,11.331044181969368,1.8618445850186753,0,0,0,0,-1,inf,0,-1,0,0,7600,308,0,3721,0,3571,1.9231246571925498,4.458599560991289,False
occluding_cut_in,P4,9005,50,5.0,2.5,11.267888282720728,7.327224075401506,0.2107706627715266,0.00021432353040528026,999785676.4695947,17.087302883832308,17.087302883832308,19.431160541768985,11.331044181969368,1.912697116167692,0,0,0,0,-1,inf,0,-1,0,0,7600,182,0,3814,0,3604,1.9231246571925498,4.458599560991289,False
occluding_cut_in,P0,9006,50,5.0,2.5,11.267888282720728,7.327224075401506,0.2107706627715266,0.00021432353040528026,999785676.4695947,17.087302883832308,17.087302883832308,19.431160541768985,11.331044181969368,1.912697116167692,0,0,0,0,-1,inf,0,-1,0,0,7600,182,0,3814,0,3604,1.9990717305850219,4.5711068011340314,False
occluding_cut_in,P1,9006,50,5.0,2.5,11.302438581173565,7.353591518223721,0.208176956459349,0.00020539113233300558,999794608.8676671,17.121780353335414,17.11831932101108,19.431160541768985,11.331044181969368,1.8818062231194883,0,0,0,0,-1,inf,0,-1,0,0,7600,232,0,3787,0,3581,1.9990717305850219,4.5711068011340314,False
occluding_cut_in,P2,9006,50,5.0,2.5,11.107775349567344,7.325385328508848,0.22251478459329055,0.00021610844700436602,999783891.5529958,17.151780353335425,17.141289758271174,19.430073758811165,11.331044181969368,1.8713197526690561,0,0,0,0,-1,inf,0,-1,0,0,7600,333,0,3692,0,3575,1.9990717305850219,4.5711068011340314,False
occluding_cut_in,P3,9006,50,5.0,2.5,11.111649839346782,7.332463616707964,0.22175011372850684,0.00021383137110448101,999786168.6288955,17.15178035333541,17.14231219455394,19.431160541768985,11.331044181969368,1.8710232551863193,0,0,0,0,-1,inf,0,-1,0,0,7600,304,0,3721,0,3575,1.9990717305850219,4.5711068011340314,False
occluding_cut_in,P4,9006,50,5.0,2.5,11.267888282720728,7.327224075401506,0.2107706627715266,0.00021432353040528026,999785676.4695947,17.087302883832308,17.087302883832308,19.431160541768985,11.331044181969368,1.912697116167692,0,0,0,0,-1,inf,0,-1,0,0,7600,182,0,3814,0,3604,1.9990717305850219,4.5711068011340314,False
occluding_cut_in,P0,9007,50,5.0,2.5,11.267888282720728,7.327224075401506,0.2107706627715266,0.00021432353040528026,999785676.4695947,17.087302883832308,17.087302883832308,19.431160541768985,11.331044181969368,1.912697116167692,0,0,0,0,-1,inf,0,-1,0,0,7600,182,0,3814,0,3604,2.0271637120754717,4.624597932615985,False
occluding_cut_in,P1,9007,50,5.0,2.5,11.311378602159753,7.349014587157961,0.2079716628434389,0.00020637574603807674,999793624.2539618,17.121780353335414,17.117622715201758,19.431160541768985,11.331044181969368,1.8824849619202388,0,0,0,0,-1,inf,0,-1,0,0,7600,237,0,3784,0,3579,2.0271637120754717,4.624597932615985,False
occluding_cut_in,P2,9007,50,5.0,2.5,11.230696940318678,7.351286970130206,0.21341323529873268,0.00020714780381925966,999792852.1961806,17.109263734065536,17.103890552950787,19.433133628587235,11.331044181969368,1.898345575441665,0,0,0,0,-1,inf,0,-1,0,0,7600,258,0,3751,0,3591,2.0271637120754717,4.624597932615985,False
occluding_cut_in,P3,9007,50,5.0,2.5,11.171875733710857,7.333605833077077,0.21495380087290047,0.00021066228407198067,999789337.7159281,17.15178035333541,17.14487247370373,19.435032721914393,11.331044181969368,1.864576446601228,0,0,0,0,-1,inf,0,-1,0,0,7600,342,0,3691,0,3567,2.0271637120754717,4.624597932615985,False
occluding_cut_in,P4,9007,50,5.0,2.5,11.267888282720728,7.327224075401506,0.2107706627715266,0.00021432353040528026,999785676.4695947,17.087302883832308,17.087302883832308,19.431160541768985,11.331044181969368,1.912697116167692,0,0,0,0,-1,inf,0,-1,0,0,7600,182,0,3814,0,3604,2.0271637120754717,4.624597932615985,False
occluding_cut_in,P0,9008,50,5.0,2.5,11.267888282720728,7.327224075401506,0.2107706627715266,0.00021432353040528026,999785676.4695947,17.087302883832308,17.087302883832308,19.431160541768985,11.331044181969368,1.912697116167692,0,0,0,0,-1,inf,0,-1,0,0,7600,182,0,3814,0,3604,2.0446041312115977,4.708559449648159,False
occluding_cut_in,P1,9008,50,5.0,2.5,11.32641752979756,7.319765403233969,0.20844227475307264,0.00021422358668181642,999785776.4133182,17.12178035333541,17.115760141865753,19.431160541768985,11.331044181969368,1.8844060385324797,0,0,0,0,-1,inf,0,-1,0,0,7600,295,0,3725,0,3580,2.0446041312115977,4.708559449648159,False
occluding_cut_in,P2,9008,50,5.0,2.5,11.175019714200964,7.36219329629697,0.21644261492479372,0.00020343671155943966,999796563.2884406,17.17353720412902,17.15966099532262,19.431160541768985,11.331044181969368,1.8432977905978762,0,0,0,0,-1,inf,0,-1,0,0,7600,371,0,3669,0,3560,2.0446041312115977,4.708559449648159,False
occluding_cut_in,P3,9008,50,5.0,2.5,11.111649839346782,7.332463616707964,0.22175011372850684,0.00021383137110448101,999786168.6288955,17.15178035333541,17.14231219455394,19.431160541768985,11.331044181969368,1.8710232551863193,0,0,0,0,-1,inf,0,-1,0,0,7600,304,0,3721,0,3575,2.0446041312115977,4.708559449648159,False
occluding_cut_in,P4,9008,50,5.0,2.5,11.267888282720728,7.327224075401506,0.2107706627715266,0.00021432353040528026,999785676.4695947,17.087302883832308,17.087302883832308,19.431160541768985,11.331044181969368,1.912697116167692,0,0,0,0,-1,inf,0,-1,0,0,7600,182,0,3814,0,3604,2.0446041312115977,4.708559449648159,False
occluding_cut_in,P0,9009,50,5.0,2.5,11.267888282720728,7.327224075401506,0.2107706627715266,0.00021432353040528026,999785676.4695947,17.087302883832308,17.087302883832308,19.431160541768985,11.331044181969368,1.912697116167692,0,0,0,0,-1,inf,0,-1,0,0,7600,182,0,3814,0,3604,1.9841330657377356,4.574813734233022,False
occluding_cut_in,P1,9009,50,5.0,2.5,11.318117202915344,7.346777872757504,0.2078571064664496,0.0002069281249115017,999793071.8750887,17.121780353335417,17.117194242825846,19.43013353196599,11.331044181969368,1.8830099866060035,0,0,0,0,-1,inf,0,-1,0,0,7600,266,0,3757,0,3577,1.9841330657377356,4.574813734233022,False
occluding_cut_in,P2,9009,50,5.0,2.5,11.184655886519955,7.344973534918988,0.2154781521159735,0.00020687544511968677,999793124.5548804,17.135545583644515,17.123580622550783,19.43013353196599,11.331044181969368,1.8788502045275304,0,0,0,0,-1,inf,0,-1,0,0,7600,344,0,3649,0,3607,1.9841330657377356,4.574813734233022,False
occluding_cut_in,P3,9009,50,5.0,2.5,11.197714630725336,7.356509060113466,0.21426811040009994,0.00020471969377836862,999795280.3062217,17.151780353335422,17.144674857593426,19.43013353196599,11.331044181969368,1.861175591180816,0,0,0,0,-1,inf,0,-1,0,0,7600,303,0,3726,0,3571,1.9841330657377356,4.574813734233022,False
occluding_cut_in,P4,9009,50,5.0,2.5,11.267888282720728,7.327224075401506,0.2107706627715266,0.00021432353040528026,999785676.4695947,17.087302883832308,17.087302883832308,19.431160541768985,11.331044181969368,1.912697116167692,0,0,0,0,-1,inf,0,-1,0,0,7600,182,0,3814,0,3604,1.9841330657377356,4.574813734233022,False
occluding_cut_in,P0,9010,50,5.0,2.5,11.267888282720728,7.327224075401506,0.2107706627715266,0.00021432353040528026,999785676.4695947,17.087302883832308,17.087302883832308,19.431160541768985,11.331044181969368,1.912697116167692,0,0,0,0,-1,inf,0,-1,0,0,7600,182,0,3814,0,3604,1.9371861556321617,4.495257527242439,False
occluding_cut_in,P1,9010,50,5.0,2.5,11.289445943630772,7.342689165104604,0.2094229478708295,0.00020923845846061495,999790761.5415394,17.087302883832304,17.085957907423442,19.43013353196599,11.331044181969368,1.914046008693127,0,0,0,0,-1,inf,0,-1,0,0,7600,220,0,3780,0,3600,1.9371861556321617,4.495257527242439,False
occluding_cut_in,P2,9010,50,5.0,2.5,11.237984396402712,7.348411669860199,0.2133351507000627,0.00020808773445762894,999791912.2655423,17.096720715219103,17.092765427591445,19.430094201262467,11.331044181969368,1.9095319180822474,0,0,0,0,-1,inf,0,-1,0,0,7600,241,0,3759,0,3600,1.9371861556321617,4.495257527242439,False
occluding_cut_in,P3,9010,50,5.0,2.5,11.234115978422913,7.347532739074193,0.2132565692115898,0.00020827732696175155,999791722.6730384,17.09672071521911,17.09343247158598,19.431160541768985,11.331044181969368,1.9092338673411526,0,0,0,0,-1,inf,0,-1,0,0,7600,216,0,3784,0,3600,1.9371861556321617,4.495257527242439,False
occluding_cut_in,P4,9010,50,5.0,2.5,11.267888282720728,7.327224075401506,0.2107706627715266,0.00021432353040528026,999785676.4695947,17.087302883832308,17.087302883832308,19.431160541768985,11.331044181969368,1.912697116167692,0,0,0,0,-1,inf,0,-1,0,0,7600,182,0,3814,0,3604,1.9371861556321617,4.495257527242439,False
occluding_cut_in,P0,9011,50,5.0,2.5,11.267888282720728,7.327224075401506,0.2107706627715266,0.00021432353040528026,999785676.4695947,17.087302883832308,17.087302883832308,19.431160541768985,11.331044181969368,1.912697116167692,0,0,0,0,-1,inf,0,-1,0,0,7600,182,0,3814,0,3604,1.993312493236331,4.662031427717469,False
occluding_cut_in,P1,9011,50,5.0,2.5,11.32259098532521,7.330849635099795,0.20818126146480598,0.00021115231607467784,999788847.6839255,17.121780353335417,17.116341439325343,19.431160541768985,11.331044181969368,1.8837879858002218,0,0,0,0,-1,inf,0,-1,0,0,7600,270,0,3750,0,3580,1.993312493236331,4.662031427717469,False
occluding_cut_in,P2,9011,50,5.0,2.5,11.186075618820407,7.330539289814475,0.21570086009281156,0.00021294527912640434,999787054.7208736,17.151780353335415,17.143391869241814,19.430094201262467,11.331044181969368,1.8615756950911542,0,0,0,0,-1,inf,0,-1,0,0,7600,316,0,3709,0,3575,1.993312493236331,4.662031427717469,False
occluding_cut_in,P3,9011,50,5.0,2.5,11.110193745786946,7.321493843175827,0.22275828606353712,0.00021733650592131214,999782663.4940786,17.151780353335415,17.14059414129135,19.42906718105352,11.331044181969368,1.8710372311344217,0,0,0,0,-1,inf,0,-1,0,0,7600,366,0,3667,0,3567,1.993312493236331,4.662031427717469,False
occluding_cut_in,P4,9011,50,5.0,2.5,11.267888282720728,7.327224075401506,0.2107706627715266,0.00021432353040528026,999785676.4695947,17.087302883832308,17.087302883832308,19.431160541768985,11.331044181969368,1.912697116167692,0,0,0,0,-1,inf,0,-1,0,0,7600,182,0,3814,0,3604,1.993312493236331,4.662031427717469,False
occluding_cut_in,P0,9012,50,5.0,2.5,11.267888282720728,7.327224075401506,0.2107706627715266,0.00021432353040528026,999785676.4695947,17.087302883832308,17.087302883832308,19.431160541768985,11.331044181969368,1.912697116167692,0,0,0,0,-1,inf,0,-1,0,0,7600,182,0,3814,0,3604,2.039523884466683,4.783729763623461,False
occluding_cut_in,P1,9012,50,5.0,2.5,11.32641752979756,7.319765403233969,0.20844227475307264,0.00021422358668181642,999785776.4133182,17.12178035333541,17.115760141865753,19.431160541768985,11.331044181969368,1.8844060385324797,0,0,0,0,-1,inf,0,-1,0,0,7600,295,0,3725,0,3580,2.039523884466683,4.783729763623461,False
occluding_cut_in,P2,9012,50,5.0,2.5,11.247849540917121,7.340815012458834,0.21461636854754762,0.00021060421127506,999789395.788725,17.10926373406554,17.101305601602693,19.42902108482531,11.331044181969368,1.8996968893496033,0,0,0,0,-1,inf,0,-1,0,0,7600,326,0,3687,0,3587,2.039523884466683,4.783729763623461,False
occluding_cut_in,P3,9012,50,5.0,2.5,11.234115978422913,7.347532739074193,0.2132565692115898,0.00020827732696175155,999791722.6730384,17.09672071521911,17.09343247158598,19.431160541768985,11.331044181969368,1.9092338673411526,0,0,0,0,-1,inf,0,-1,0,0,7600,216,0,3784,0,3600,2.039523884466683,4.783729763623461,False
occluding_cut_in,P4,9012,50,5.0,2.5,11.267888282720728,7.327224075401506,0.2107706627715266,0.00021432353040528026,999785676.4695947,17.087302883832308,17.087302883832308,19.431160541768985,11.331044181969368,1.912697116167692,0,0,0,0,-1,inf,0,-1,0,0,7600,182,0,3814,0,3604,2.039523884466683,4.783729763623461,False
occluding_cut_in,P0,9013,50,5.0,2.5,11.267888282720728,7.327224075401506,0.2107706627715266,0.00021432353040528026,999785676.4695947,17.087302883832308,17.087302883832308,19.431160541768985,11.331044181969368,1.912697116167692,0,0,0,0,-1,inf,0,-1,0,0,7600,182,0,3814,0,3604,2.066445214034944,4.802323028794282,False
occluding_cut_in,P1,9013,50,5.0,2.5,11.27959823775745,7.3462779110606355,0.2100196495923135,0.00020811949895195854,999791880.501048,17.087302883832304,17.08643884012282,19.430094201262467,11.331044181969368,1.9136055059923018,0,0,0,0,-1,inf,0,-1,0,0,7600,216,0,3780,0,3604,2.066445214034944,4.802323028794282,False
occluding_cut_in,P2,9013,50,5.0,2.5,11.239816059035615,7.348858456009843,0.21357968894979265,0.0002080533438758597,999791946.6561241,17.096720715219128,17.09198709612105,19.429027819371885,11.331044181969368,1.910035992509385,0,0,0,0,-1,inf,0,-1,0,0,7600,270,0,3730,0,3600,2.066445214034944,4.802323028794282,False
occluding_cut_in,P3,9013,50,5.0,2.5,11.195220078189754,7.354345850186862,0.21412403749681036,0.00020556110229852885,999794438.8977014,17.151780353335408,17.145345201145346,19.431160541768985,11.331044181969368,1.8617540578986738,0,0,0,0,-1,inf,0,-1,0,0,7600,279,0,3746,0,3575,2.066445214034944,4.802323028794282,False
occluding_cut_in,P4,9013,50,5.0,2.5,11.267888282720728,7.327224075401506,0.2107706627715266,0.00021432353040528026,999785676.4695947,17.087302883832308,17.087302883832308,19.431160541768985,11.331044181969368,1.912697116167692,0,0,0,0,-1,inf,0,-1,0,0,7600,182,0,3814,0,3604,2.066445214034944,4.802323028794282,False
occluding_cut_in,P0,9014,50,5.0,2.5,11.267888282720728,7.327224075401506,0.2107706627715266,0.00021432353040528026,999785676.4695947,17.087302883832308,17.087302883832308,19.431160541768985,11.331044181969368,1.912697116167692,0,0,0,0,-1,inf,0,-1,0,0,7600,182,0,3814,0,3604,1.8754138311910105,4.451606663516725,False
occluding_cut_in,P1,9014,50,5.0,2.5,11.311378602159753,7.349014587157961,0.2079716628434389,0.00020637574603807674,999793624.2539618,17.121780353335414,17.117622715201758,19.431160541768985,11.331044181969368,1.8824849619202388,0,0,0,0,-1,inf,0,-1,0,0,7600,237,0,3784,0,3579,1.8754138311910105,4.451606663516725,False
occluding_cut_in,P2,9014,50,5.0,2.5,11.222601870957808,7.344685878004649,0.21524704515085424,0.00020936202785666778,999790637.9721433,17.139263734065544,17.130520724208843,19.430094201262467,11.331044181969368,1.870638421737648,0,0,0,0,-1,inf,0,-1,0,0,7600,296,0,3728,0,3576,1.8754138311910105,4.451606663516725,False
occluding_cut_in,P3,9014,50,5.0,2.5,11.195220078189754,7.354345850186862,0.21412403749681036,0.00020556110229852885,999794438.8977014,17.151780353335408,17.145345201145346,19.431160541768985,11.331044181969368,1.8617540578986738,0,0,0,0,-1,inf,0,-1,0,0,7600,279,0,3746,0,3575,1.8754138311910105,4.451606663516725,False
occluding_cut_in,P4,9014,50,5.0,2.5,11.267888282720728,7.327224075401506,0.2107706627715266,0.00021432353040528026,999785676.4695947,17.087302883832308,17.087302883832308,19.431160541768985,11.331044181969368,1.912697116167692,0,0,0,0,-1,inf,0,-1,0,0,7600,182,0,3814,0,3604,1.8754138311910105,4.451606663516725,False
occluding_cut_in,P0,9015,50,5.0,2.5,11.267888282720728,7.327224075401506,0.2107706627715266,0.00021432353040528026,999785676.4695947,17.087302883832308,17.087302883832308,19.431160541768985,11.331044181969368,1.912697116167692,0,0,0,0,-1,inf,0,-1,0,0,7600,182,0,3814,0,3604,2.055938133199836,4.7406857387731645,False
occluding_cut_in,P1,9015,50,5.0,2.5,11.295418314240075,7.339360492320376,0.20953016730312896,0.00021039180284611168,999789608.1971539,17.087302883832308,17.085812480747336,19.42902108482531,11.331044181969368,1.9142924455010761,0,0,0,0,-1,inf,0,-1,0,0,7600,263,0,3737,0,3600,2.055938133199836,4.7406857387731645,False
occluding_cut_in,P2,9015,50,5.0,2.5,11.243941675404542,7.347368074154136,0.2140636836089802,0.00020866313146191432,999791336.8685383,17.096720715219117,17.090576267391267,19.428020504095343,11.331044181969368,1.9108983617464803,0,0,0,0,-1,inf,0,-1,0,0,7600,314,0,3686,0,3600,2.055938133199836,4.7406857387731645,False
occluding_cut_in,P3,9015,50,5.0,2.5,11.196457491852643,7.356078480514971,0.21434967398794555,0.00020482149822213837,999795178.501778,17.15178035333541,17.14458172147624,19.430048105437574,11.331044181969368,1.8613389248502736,0,0,0,0,-1,inf,0,-1,0,0,7600,300,0,3725,0,3575,2.055938133199836,4.7406857387731645,False
occluding_cut_in,P4,9015,50,5.0,2.5,11.267888282720728,7.327224075401506,0.2107706627715266,0.00021432353040528026,999785676.4695947,17.087302883832308,17.087302883832308,19.431160541768985,11.331044181969368,1.912697116167692,0,0,0,0,-1,inf,0,-1,0,0,7600,182,0,3814,0,3604,2.055938133199836,4.7406857387731645,False
occluding_cut_in,P0,9016,50,5.0,2.5,11.267888282720728,7.327224075401506,0.2107706627715266,0.00021432353040528026,999785676.4695947,17.087302883832308,17.087302883832308,19.431160541768985,11.331044181969368,1.912697116167692,0,0,0,0,-1,inf,0,-1,0,0,7600,182,0,3814,0,3604,1.9453876142750834,4.462424339071997,False
occluding_cut_in,P1,9016,50,5.0,2.5,11.297869342228044,7.343466673689892,0.20923779931311032,0.00020898105217346914,999791018.9478265,17.087302883832308,17.08552342188271,19.430073758811165,11.331044181969368,1.9145226843294183,0,0,0,0,-1,inf,0,-1,0,0,7600,248,0,3748,0,3604,1.9453876142750834,4.462424339071997,False
occluding_cut_in,P2,9016,50,5.0,2.5,11.241042283227243,7.34834648612017,0.21388584832584492,0.00020830622371436619,999791693.7762855,17.096720715219117,17.09120928887516,19.429027819371885,11.331044181969368,1.9105636526441665,0,0,0,0,-1,inf,0,-1,0,0,7600,292,0,3708,0,3600,1.9453876142750834,4.462424339071997,False
occluding_cut_in,P3,9016,50,5.0,2.5,11.188730860473086,7.323169320534642,0.21491378570597813,0.0002136283809497396,999786371.6190503,17.15178035333541,17.145196624852222,19.431160541768985,11.331044181969368,1.862832600337549,0,0,0,0,-1,inf,0,-1,0,0,7600,282,0,3743,0,3575,1.9453876142750834,4.462424339071997,False
occluding_cut_in,P4,9016,50,5.0,2.5,11.267888282720728,7.327224075401506,0.2107706627715266,0.00021432353040528026,999785676.4695947,17.087302883832308,17.087302883832308,19.431160541768985,11.331044181969368,1.912697116167692,0,0,0,0,-1,inf,0,-1,0,0,7600,182,0,3814,0,3604,1.9453876142750834,4.462424339071997,False
occluding_cut_in,P0,9017,50,5.0,2.5,11.267888282720728,7.327224075401506,0.2107706627715266,0.00021432353040528026,999785676.4695947,17.087302883832308,17.087302883832308,19.431160541768985,11.331044181969368,1.912697116167692,0,0,0,0,-1,inf,0,-1,0,0,7600,182,0,3814,0,3604,2.004324368321974,4.612497842378737,False
occluding_cut_in,P1,9017,50,5.0,2.5,11.317783592570613,7.340924320324938,0.20800412073676305,0.00020844263878270098,999791557.3612175,17.121780353335406,17.116962367430588,19.431160541768985,11.331044181969368,1.88314773956537,0,0,0,0,-1,inf,0,-1,0,0,7600,257,0,3763,0,3580,2.004324368321974,4.612497842378737,False
occluding_cut_in,P2,9017,50,5.0,2.5,11.175127974755581,7.332945383751173,0.2159798629118412,0.00021217371145124502,999787826.2885487,17.151780353335404,17.143658201067584,19.431160541768985,11.331044181969368,1.8622859975209516,0,0,0,0,-1,inf,0,-1,0,0,7600,283,0,3742,0,3575,2.004324368321974,4.612497842378737,False
occluding_cut_in,P3,9017,50,5.0,2.5,11.17982647253661,7.309945239514288,0.21592928226700317,0.00021928228020077524,999780717.7197994,17.15178035333542,17.145397845880034,19.431160541768985,11.331044181969368,1.8602356327073468,0,0,0,0,-1,inf,0,-1,0,0,7600,271,0,3754,0,3575,2.004324368321974,4.612497842378737,False
occluding_cut_in,P4,9017,50,5.0,2.5,11.267888282720728,7.327224075401506,0.2107706627715266,0.00021432353040528026,999785676.4695947,17.087302883832308,17.087302883832308,19.431160541768985,11.331044181969368,1.912697116167692,0,0,0,0,-1,inf,0,-1,0,0,7600,182,0,3814,0,3604,2.004324368321974,4.612497842378737,False
occluding_cut_in,P0,9018,50,5.0,2.5,11.267888282720728,7.327224075401506,0.2107706627715266,0.00021432353040528026,999785676.4695947,17.087302883832308,17.087302883832308,19.431160541768985,11.331044181969368,1.912697116167692,0,0,0,0,-1,inf,0,-1,0,0,7600,182,0,3814,0,3604,1.976186555234266,4.603608206986899,False
occluding_cut_in,P1,9018,50,5.0,2.5,11.321771043070433,7.3391346447995085,0.20825445283837796,0.00021042990867270784,999789570.0913273,17.121780353335417,17.116548502169948,19.431160541768985,11.331044181969368,1.8837522492727996,0,0,0,0,-1,inf,0,-1,0,0,7600,272,0,3748,0,3580,1.976186555234266,4.603608206986899,False
occluding_cut_in,P2,9018,50,5.0,2.5,11.238473942199763,7.348331817929137,0.213296932476458,0.00020810353427264775,999791896.4657272,17.096720715219107,17.09280097618688,19.43013353196599,11.331044181969368,1.9094763375039747,0,0,0,0,-1,inf,0,-1,0,0,7600,245,0,3759,0,3596,1.976186555234266,4.603608206986899,False
occluding_cut_in,P3,9018,50,5.0,2.5,11.111649839346782,7.332463616707964,0.22175011372850684,0.00021383137110448101,999786168.6288955,17.15178035333541,17.14231219455394,19.431160541768985,11.331044181969368,1.8710232551863193,0,0,0,0,-1,inf,0,-1,0,0,7600,304,0,3721,0,3575,1.976186555234266,4.603608206986899,False
occluding_cut_in,P4,9018,50,5.0,2.5,11.267888282720728,7.327224075401506,0.2107706627715266,0.00021432353040528026,999785676.4695947,17.087302883832308,17.087302883832308,19.431160541768985,11.331044181969368,1.912697116167692,0,0,0,0,-1,inf,0,-1,0,0,7600,182,0,3814,0,3604,1.976186555234266,4.603608206986899,False
occluding_cut_in,P0,9019,50,5.0,2.5,11.267888282720728,7.327224075401506,0.2107706627715266,0.00021432353040528026,999785676.4695947,17.087302883832308,17.087302883832308,19.431160541768985,11.331044181969368,1.912697116167692,0,0,0,0,-1,inf,0,-1,0,0,7600,182,0,3814,0,3604,1.8593987034300925,4.278714910622801,False
occluding_cut_in,P1,9019,50,5.0,2.5,11.302438581173565,7.353591518223721,0.208176956459349,0.00020539113233300558,999794608.8676671,17.121780353335414,17.11831932101108,19.431160541768985,11.331044181969368,1.8818062231194883,0,0,0,0,-1,inf,0,-1,0,0,7600,232,0,3787,0,3581,1.8593987034300925,4.278714910622801,False
occluding_cut_in,P2,9019,50,5.0,2.5,11.238473942199763,7.348331817929137,0.213296932476458,0.00020810353427264775,999791896.4657272,17.096720715219107,17.09280097618688,19.43013353196599,11.331044181969368,1.9094763375039747,0,0,0,0,-1,inf,0,-1,0,0,7600,245,0,3759,0,3596,1.8593987034300925,4.278714910622801,False
occluding_cut_in,P3,9019,50,5.0,2.5,11.234115978422913,7.347532739074193,0.2132565692115898,0.00020827732696175155,999791722.6730384,17.09672071521911,17.09343247158598,19.431160541768985,11.331044181969368,1.9092338673411526,0,0,0,0,-1,inf,0,-1,0,0,7600,216,0,3784,0,3600,1.8593987034300925,4.278714910622801,False
occluding_cut_in,P4,9019,50,5.0,2.5,11.267888282720728,7.327224075401506,0.2107706627715266,0.00021432353040528026,999785676.4695947,17.087302883832308,17.087302883832308,19.431160541768985,11.331044181969368,1.912697116167692,0,0,0,0,-1,inf,0,-1,0,0,7600,182,0,3814,0,3604,1.8593987034300925,4.278714910622801,False
