scenario,planner,seed,steps,duration_s,planning_safety_margin_m,mean_snr_db,min_snr_db,mean_outage_probability,mean_ber_model,mean_goodput_bps_model,path_length_m,progress_m,min_target_distance_m,min_realized_ttc_s,min_static_obstacle_clearance_m,static_clearance_violation_steps,static_clearance_violation_indicator,collision_indicator,collision_steps,first_collision_step,first_collision_time_s,no_candidate_steps,first_no_candidate_step,zero_candidate_after_static_steps,zero_candidate_after_dynamic_steps,candidate_evaluations,candidate_road_rejections,candidate_speed_rejections,candidate_static_rejections,candidate_dynamic_rejections,candidate_feasible,prediction_ade_m,prediction_fde_m,measured_optical_link
following_lateral_offset,P0,12000,40,4.0,3.0,17.58306039735361,15.955033514959908,0.009200076936338609,1.4520912095786958e-19,1000000000.0,34.250000000000014,34.250000000000014,5.91798107465712,2.9008166309482015,inf,0,0,0,0,-1,inf,1,1,0,1,6080,0,0,0,2832,3248,1.6338930626009258,3.8139706020221498,False
following_lateral_offset,P1,12000,40,4.0,3.0,17.59071921072917,16.005165608767207,0.009139123774646232,9.968366526383248e-20,1000000000.0,34.21500000000002,34.21500000000002,5.951993363571552,2.9415674535524996,inf,0,0,0,0,-1,inf,1,1,0,1,6080,0,0,0,2820,3260,1.6338930626009258,3.8139706020221498,False
following_lateral_offset,P2,12000,40,4.0,3.0,17.587161822007687,15.998093020529932,0.009168341645822633,1.063678351608332e-19,1000000000.0,34.22000000000001,34.22000000000001,5.947133763419136,2.9008166309482015,inf,0,0,0,0,-1,inf,1,1,0,1,6080,0,0,0,2827,3253,1.6338930626009258,3.8139706020221498,False
following_lateral_offset,P3,12000,40,4.0,3.0,17.58306039735361,15.955033514959908,0.009200076936338609,1.4520912095786958e-19,1000000000.0,34.250000000000014,34.250000000000014,5.91798107465712,2.9008166309482015,inf,0,0,0,0,-1,inf,1,1,0,1,6080,0,0,0,2832,3248,1.6338930626009258,3.8139706020221498,False
following_lateral_offset,P4,12000,40,4.0,3.0,17.589413718851603,16.005165608767207,0.009153412516406109,1.0060283022436236e-19,1000000000.0,34.21500000000002,34.21500000000002,5.951993363571552,2.9008166309482015,inf,0,0,0,0,-1,inf,1,1,0,1,6080,0,0,0,2825,3255,1.6338930626009258,3.8139706020221498,False
following_lateral_offset,P0,12001,40,4.0,3.0,17.56533516827946,15.787670824497205,0.009555890038440696,7.009998399773365e-19,1000000000.0,34.36000000000001,34.36000000000001,5.811161673882419,2.677533183644809,inf,0,0,0,0,-1,inf,1,1,0,1,6080,0,0,0,2875,3205,1.621066885958316,3.849767745652082,False
following_lateral_offset,P1,12001,40,4.0,3.0,17.575673422805163,15.792968558028894,0.00945173311529435,5.792755399781602e-19,1000000000.0,34.35666666666666,34.35666666666666,5.814396882834123,2.7188335334934934,inf,0,0,0,0,-1,inf,1,1,0,1,6080,0,0,0,2867,3213,1.621066885958316,3.849767745652082,False
following_lateral_offset,P2,12001,40,4.0,3.0,17.558529219225395,15.7284293457042,0.009614158795197239,1.1221981037500738e-18,1000000000.0,34.39666666666667,34.39666666666667,5.775581740781133,2.677533183644809,inf,0,0,0,0,-1,inf,1,1,0,1,6080,0,0,0,2885,3195,1.621066885958316,3.849767745652082,False
following_lateral_offset,P3,12001,40,4.0,3.0,17.56533516827946,15.787670824497205,0.009555890038440696,7.009998399773365e-19,1000000000.0,34.36000000000001,34.36000000000001,5.811161673882419,2.677533183644809,inf,0,0,0,0,-1,inf,1,1,0,1,6080,0,0,0,2875,3205,1.621066885958316,3.849767745652082,False
following_lateral_offset,P4,12001,40,4.0,3.0,17.569494045767414,15.747472418700655,0.009527559998648478,8.52944344406354e-19,1000000000.0,34.38500000000001,34.38500000000001,5.7869011569232685,2.677533183644809,inf,0,0,0,0,-1,inf,1,1,0,1,6080,0,0,0,2886,3194,1.621066885958316,3.849767745652082,False
following_lateral_offset,P0,12002,40,4.0,3.0,17.595741267472693,16.092239402264884,0.009121464388213877,5.717460412558214e-20,1000000000.0,34.151666666666685,34.151666666666685,6.0135682234242225,2.930975070297491,inf,0,0,0,0,-1,inf,1,1,0,1,6080,0,0,0,2756,3324,1.6801316419628702,3.8251668060312,False
following_lateral_offset,P1,12002,40,4.0,3.0,17.597295776701042,16.090006711124175,0.009057498384854912,5.565506834808669e-20,1000000000.0,34.15333333333335,34.15333333333335,6.011947364299767,3.021764756508309,inf,0,0,0,0,-1,inf,1,1,0,1,6080,0,0,0,2753,3327,1.6801316419628702,3.8251668060312,False
following_lateral_offset,P2,12002,40,4.0,3.0,17.595741267472693,16.092239402264884,0.009121464388213877,5.717460412558214e-20,1000000000.0,34.151666666666685,34.151666666666685,6.0135682234242225,2.930975070297491,inf,0,0,0,0,-1,inf,1,1,0,1,6080,0,0,0,2756,3324,1.6801316419628702,3.8251668060312,False
following_lateral_offset,P3,12002,40,4.0,3.0,17.595741267472693,16.092239402264884,0.009121464388213877,5.717460412558214e-20,1000000000.0,34.151666666666685,34.151666666666685,6.0135682234242225,2.930975070297491,inf,0,0,0,0,-1,inf,1,1,0,1,6080,0,0,0,2756,3324,1.6801316419628702,3.8251668060312,False
following_lateral_offset,P4,12002,40,4.0,3.0,18.424659434065916,16.137508032910766,0.006437937609999049,2.0669709561104988e-20,1000000000.0,34.12500000000003,34.120253421102746,5.991364413419662,2.941516023419551,inf,0,0,0,0,-1,inf,1,1,0,1,6080,226,0,0,2581,3273,1.6801316419628702,3.8251668060312,False
following_lateral_offset,P0,12003,40,4.0,3.0,17.42234402896464,16.137508032910766,0.009527088295689034,3.230301768240432e-20,1000000000.0,34.05000000000001,34.05000000000001,6.112487218800532,2.5928757068667863,inf,0,0,0,0,-1,inf,1,1,0,1,6080,0,0,0,2837,3243,1.63505044890626,3.9169352334224983,False
following_lateral_offset,P1,12003,40,4.0,3.0,17.946388240344298,16.137508032910766,0.0076719903673911835,2.0800581983496537e-20,1000000000.0,33.89999999999999,33.89698394721853,6.227545996907184,2.6814285824197848,inf,0,0,0,0,-1,inf,1,1,0,1,6080,142,0,0,2683,3255,1.63505044890626,3.9169352334224983,False
following_lateral_offset,P2,12003,40,4.0,3.0,17.943432211977882,16.137508032910766,0.007678800826451256,2.080141570221565e-20,1000000000.0,34.01,34.006985681170626,6.119666169649966,2.626992492483455,inf,0,0,0,0,-1,inf,1,1,0,1,6080,142,0,0,2709,3229,1.63505044890626,3.9169352334224983,False
following_lateral_offset,P3,12003,40,4.0,3.0,17.42234402896464,16.137508032910766,0.009527088295689034,3.230301768240432e-20,1000000000.0,34.05000000000001,34.05000000000001,6.112487218800532,2.5928757068667863,inf,0,0,0,0,-1,inf,1,1,0,1,6080,0,0,0,2837,3243,1.63505044890626,3.9169352334224983,False
following_lateral_offset,P4,12003,40,4.0,3.0,18.269168566978674,16.137508032910766,0.007384240773385911,2.080141570221565e-20,1000000000.0,33.99666666666667,33.985721992269305,6.114031836232527,2.626992492483455,inf,0,0,0,0,-1,inf,1,1,0,1,6080,275,0,0,2599,3206,1.63505044890626,3.9169352334224983,False
following_lateral_offset,P0,12004,40,4.0,3.0,17.55485975089702,15.945318015956866,0.0093067613627885,1.5772261453318422e-19,1000000000.0,34.25666666666668,34.25666666666668,5.911503850779225,2.7057463753927817,inf,0,0,0,0,-1,inf,1,1,0,1,6080,0,0,0,2930,3150,1.6009649607209575,3.727581109761543,False
following_lateral_offset,P1,12004,40,4.0,3.0,17.573848486666062,16.09446896789528,0.00915545262545012,5.632644821200894e-20,1000000000.0,34.15000000000001,34.15000000000001,6.01518910758422,2.7424768906749235,inf,0,0,0,0,-1,inf,1,1,0,1,6080,0,0,0,2878,3202,1.6009649607209575,3.727581109761543,False
following_lateral_offset,P2,12004,40,4.0,3.0,17.555719397789982,15.96469536305467,0.009299306996795313,1.381146840281293e-19,1000000000.0,34.243333333333354,34.243333333333354,5.924458718829162,2.7057463753927817,inf,0,0,0,0,-1,inf,1,1,0,1,6080,0,0,0,2921,3159,1.6009649607209575,3.727581109761543,False
following_lateral_offset,P3,12004,40,4.0,3.0,17.55485975089702,15.945318015956866,0.0093067613627885,1.5772261453318422e-19,1000000000.0,34.25666666666668,34.25666666666668,5.911503850779225,2.7057463753927817,inf,0,0,0,0,-1,inf,1,1,0,1,6080,0,0,0,2930,3150,1.6009649607209575,3.727581109761543,False
following_lateral_offset,P4,12004,40,4.0,3.0,17.569521008713973,16.04469078583066,0.009205899945243078,7.751155483505384e-20,1000000000.0,34.18666666666668,34.18666666666668,5.979535470623473,2.7346991128971445,inf,0,0,0,0,-1,inf,1,1,0,1,6080,0,0,0,2898,3182,1.6009649607209575,3.727581109761543,False
following_lateral_offset,P0,12005,40,4.0,3.0,17.575052001088658,15.846183950430884,0.009464589016830682,3.8819770543025217e-19,1000000000.0,34.322666666666684,34.322666666666684,5.847402310238075,2.516733972354231,inf,0,0,0,0,-1,inf,1,1,0,1,6080,0,0,0,2822,3258,1.6408010684568168,3.7153364667535724,False
following_lateral_offset,P1,12005,40,4.0,3.0,17.59772239805443,16.02155404609296,0.009254968007644132,9.888905709419049e-20,1000000000.0,34.20333333333333,34.20333333333333,5.963333333333333,2.57126155225984,inf,0,0,0,0,-1,inf,1,1,0,1,6080,0,0,0,2777,3303,1.6408010684568168,3.7153364667535724,False
following_lateral_offset,P2,12005,40,4.0,3.0,19.032264154894296,16.137508032910766,0.005156041801202179,2.0668687316995366e-20,1000000000.0,34.250000000000014,34.24319261097285,5.845215538971405,2.516733972354231,inf,0,0,0,0,-1,inf,1,1,0,1,6080,382,0,0,2482,3216,1.6408010684568168,3.7153364667535724,False
following_lateral_offset,P3,12005,40,4.0,3.0,17.575052001088658,15.846183950430884,0.009464589016830682,3.8819770543025217e-19,1000000000.0,34.322666666666684,34.322666666666684,5.847402310238075,2.516733972354231,inf,0,0,0,0,-1,inf,1,1,0,1,6080,0,0,0,2822,3258,1.6408010684568168,3.7153364667535724,False
following_lateral_offset,P4,12005,40,4.0,3.0,17.586508283078427,15.930643607435796,0.009387183282938302,1.999978268385095e-19,1000000000.0,34.26666666666667,34.26666666666667,5.901788806041016,2.510636411378623,inf,0,0,0,0,-1,inf,1,1,0,1,6080,0,0,0,2803,3277,1.6408010684568168,3.7153364667535724,False
following_lateral_offset,P0,12006,40,4.0,3.0,17.569706114611172,16.00986431105335,0.009271990187112278,1.0128112293141516e-19,1000000000.0,34.21166666666668,34.21166666666668,5.955233226144684,2.7490481097726596,inf,0,0,0,0,-1,inf,1,1,0,1,6080,0,0,0,2801,3279,1.6414959151305535,3.7808952782077476,False
following_lateral_offset,P1,12006,40,4.0,3.0,17.544022186752095,15.814014953914825,0.009456095230447839,4.588294071250999e-19,1000000000.0,34.34333333333334,34.34333333333334,5.827338824693283,2.802213710346067,inf,0,0,0,0,-1,inf,1,1,0,1,6080,0,0,0,2845,3235,1.6414959151305535,3.7808952782077476,False
following_lateral_offset,P2,12006,40,4.0,3.0,18.700386803270266,16.137508032910766,0.005827374359217744,2.0668896235055467e-20,1000000000.0,34.187666666666686,34.181724636036336,5.917029327353921,2.7490481097726596,inf,0,0,0,0,-1,inf,1,1,0,1,6080,305,0,0,2553,3222,1.6414959151305535,3.7808952782077476,False
following_lateral_offset,P3,12006,40,4.0,3.0,17.569706114611172,16.00986431105335,0.009271990187112278,1.0128112293141516e-19,1000000000.0,34.21166666666668,34.21166666666668,5.955233226144684,2.7490481097726596,inf,0,0,0,0,-1,inf,1,1,0,1,6080,0,0,0,2801,3279,1.6414959151305535,3.7808952782077476,False
following_lateral_offset,P4,12006,40,4.0,3.0,18.70180918497376,16.137508032910766,0.0058262140038164364,2.0668896235055467e-20,1000000000.0,34.22333333333335,34.21736724043613,5.881745565310538,2.7490481097726596,inf,0,0,0,0,-1,inf,1,1,0,1,6080,307,0,0,2561,3212,1.6414959151305535,3.7808952782077476,False
following_lateral_offset,P0,12007,40,4.0,3.0,17.559228102968625,16.10335604926351,0.009306905154218354,6.117757300583039e-20,1000000000.0,34.14333333333335,34.14333333333335,6.021672894175191,2.803711725985554,inf,0,0,0,0,-1,inf,1,1,0,1,6080,0,0,0,2941,3139,1.6247781342598788,3.7146295702408905,False
following_lateral_offset,P1,12007,40,4.0,3.0,18.121684912829288,16.137508032910766,0.007233475545957041,2.071788988309169e-20,1000000000.0,34.11000000000001,34.10673605219158,6.021354310165936,2.8094588524223356,inf,0,0,0,0,-1,inf,1,1,0,1,6080,144,0,0,2809,3127,1.6247781342598788,3.7146295702408905,False
following_lateral_offset,P2,12007,40,4.0,3.0,18.123971565622597,16.137508032910766,0.007233409033672128,2.071971995998974e-20,1000000000.0,34.106000000000016,34.102715564486225,6.025227131650805,2.803711725985554,inf,0,0,0,0,-1,inf,1,1,0,1,6080,144,0,0,2816,3120,1.6247781342598788,3.7146295702408905,False
following_lateral_offset,P3,12007,40,4.0,3.0,18.11978173544706,16.137508032910766,0.00724261176861028,2.0722468624455284e-20,1000000000.0,34.13933333333335,34.136067289892296,5.992628259280849,2.803711725985554,inf,0,0,0,0,-1,inf,1,1,0,1,6080,144,0,0,2821,3115,1.6247781342598788,3.7146295702408905,False
following_lateral_offset,P4,12007,40,4.0,3.0,18.129175635075292,16.137508032910766,0.00722059622842699,2.0715898452880447e-20,1000000000.0,34.060000000000024,34.05669910682099,6.070254900407591,2.803711725985554,inf,0,0,0,0,-1,inf,1,1,0,1,6080,144,0,0,2803,3133,1.6247781342598788,3.7146295702408905,False
following_lateral_offset,P0,12008,40,4.0,3.0,17.600568085086376,16.00281135456834,0.009140718542541077,1.0253282832574737e-19,1000000000.0,34.21666666666668,34.21666666666668,5.95037347100535,2.9350128109326947,inf,0,0,0,0,-1,inf,1,1,0,1,6080,0,0,0,2736,3344,1.7921005100060856,4.0244366586893445,False
following_lateral_offset,P1,12008,40,4.0,3.0,17.539927911761254,15.633306045383733,0.009575100556060267,2.0130919702601955e-18,1000000000.0,34.45333333333335,34.45333333333335,5.720621566850141,2.8508035848240985,inf,0,0,0,0,-1,inf,1,1,0,1,6080,0,0,0,2851,3229,1.7921005100060856,4.0244366586893445,False
following_lateral_offset,P2,12008,40,4.0,3.0,17.600568085086376,16.00281135456834,0.009140718542541077,1.0253282832574737e-19,1000000000.0,34.21666666666668,34.21666666666668,5.95037347100535,2.9350128109326947,inf,0,0,0,0,-1,inf,1,1,0,1,6080,0,0,0,2736,3344,1.7921005100060856,4.0244366586893445,False
following_lateral_offset,P3,12008,40,4.0,3.0,17.600568085086376,16.00281135456834,0.009140718542541077,1.0253282832574737e-19,1000000000.0,34.21666666666668,34.21666666666668,5.95037347100535,2.9350128109326947,inf,0,0,0,0,-1,inf,1,1,0,1,6080,0,0,0,2736,3344,1.7921005100060856,4.0244366586893445,False
following_lateral_offset,P4,12008,40,4.0,3.0,17.600568085086376,16.00281135456834,0.009140718542541077,1.0253282832574737e-19,1000000000.0,34.21666666666668,34.21666666666668,5.95037347100535,2.9350128109326947,inf,0,0,0,0,-1,inf,1,1,0,1,6080,0,0,0,2736,3344,1.7921005100060856,4.0244366586893445,False
following_lateral_offset,P0,12009,40,4.0,3.0,17.550012889109997,15.733888803307384,0.009469083076224249,9.768753770430859e-19,1000000000.0,34.39333333333333,34.39333333333333,5.778815718736075,2.7990382065097488,inf,0,0,0,0,-1,inf,1,1,0,1,6080,0,0,0,2890,3190,1.790726771125032,3.911528822730304,False
following_lateral_offset,P1,12009,40,4.0,3.0,17.79061854851394,16.137508032910766,0.008251102975153992,2.2374882484977112e-20,1000000000.0,34.266666666666694,34.26558044276893,5.889980260970132,2.8500280280145476,inf,0,0,0,0,-1,inf,1,1,0,1,6080,47,0,0,2795,3238,1.790726771125032,3.911528822730304,False
following_lateral_offset,P2,12009,40,4.0,3.0,17.556899551434547,15.7555781775687,0.00941492454649123,7.493560927585027e-19,1000000000.0,34.380000000000024,34.380000000000024,5.791752757153894,2.8737662510856943,inf,0,0,0,0,-1,inf,1,1,0,1,6080,0,0,0,2880,3200,1.790726771125032,3.911528822730304,False
following_lateral_offset,P3,12009,40,4.0,3.0,17.550012889109997,15.733888803307384,0.009469083076224249,9.768753770430859e-19,1000000000.0,34.39333333333333,34.39333333333333,5.778815718736075,2.7990382065097488,inf,0,0,0,0,-1,inf,1,1,0,1,6080,0,0,0,2890,3190,1.790726771125032,3.911528822730304,False
following_lateral_offset,P4,12009,40,4.0,3.0,17.891148763667786,16.137508032910766,0.008198427380505602,2.5687406927566345e-20,1000000000.0,34.35000000000002,34.34719610506262,5.804078498801708,2.8737662510856943,inf,0,0,0,0,-1,inf,1,1,0,1,6080,71,0,0,2808,3201,1.790726771125032,3.911528822730304,False
following_lateral_offset,P0,12010,40,4.0,3.0,17.562133129517765,15.873252159934998,0.009376857619932026,2.870535109151493e-19,1000000000.0,34.30500000000002,34.30500000000002,5.864556675487053,2.815597203749871,inf,0,0,0,0,-1,inf,1,1,0,1,6080,0,0,0,2916,3164,1.5257504913454665,3.67541868266481,False
following_lateral_offset,P1,12010,40,4.0,3.0,17.711686511709967,16.137508032910766,0.008634416260513613,3.678602714071454e-20,1000000000.0,34.31000000000001,34.30941742108672,5.853559497725301,2.9058571571457024,inf,0,0,0,0,-1,inf,1,1,0,1,6080,23,0,0,2895,3162,1.5257504913454665,3.67541868266481,False
following_lateral_offset,P2,12010,40,4.0,3.0,18.08984429244491,16.137508032910766,0.007236124004708208,2.0700307273880093e-20,1000000000.0,34.25900000000002,34.25579831993513,5.875596376791422,2.815597203749871,inf,0,0,0,0,-1,inf,1,1,0,1,6080,146,0,0,2791,3143,1.5257504913454665,3.67541868266481,False
following_lateral_offset,P3,12010,40,4.0,3.0,17.562133129517765,15.873252159934998,0.009376857619932026,2.870535109151493e-19,1000000000.0,34.30500000000002,34.30500000000002,5.864556675487053,2.815597203749871,inf,0,0,0,0,-1,inf,1,1,0,1,6080,0,0,0,2916,3164,1.5257504913454665,3.67541868266481,False
following_lateral_offset,P4,12010,40,4.0,3.0,18.31775721110323,16.137508032910766,0.006878957781925388,2.0700305706481207e-20,1000000000.0,34.25900000000002,34.25363059128689,5.866083237719863,2.815597203749871,inf,0,0,0,0,-1,inf,1,1,0,1,6080,192,0,0,2746,3142,1.5257504913454665,3.67541868266481,False
following_lateral_offset,P0,12011,40,4.0,3.0,17.582676165205356,15.808250176282764,0.009376688394080335,4.807146558747921e-19,1000000000.0,34.34700000000001,34.34700000000001,5.823779614648884,2.816670289484787,inf,0,0,0,0,-1,inf,1,1,0,1,6080,0,0,0,2823,3257,1.6502077549209624,3.8568435138372927,False
following_lateral_offset,P1,12011,40,4.0,3.0,17.602300428946545,15.979088100393287,0.009194736478639299,1.2410170824703177e-19,1000000000.0,34.23333333333335,34.23333333333335,5.934175970127973,2.843620896717405,inf,0,0,0,0,-1,inf,1,1,0,1,6080,0,0,0,2790,3290,1.6502077549209624,3.8568435138372927,False
following_lateral_offset,P2,12011,40,4.0,3.0,17.582676165205356,15.808250176282764,0.009376688394080335,4.807146558747921e-19,1000000000.0,34.34700000000001,34.34700000000001,5.823779614648884,2.816670289484787,inf,0,0,0,0,-1,inf,1,1,0,1,6080,0,0,0,2823,3257,1.6502077549209624,3.8568435138372927,False
following_lateral_offset,P3,12011,40,4.0,3.0,17.582676165205356,15.808250176282764,0.009376688394080335,4.807146558747921e-19,1000000000.0,34.34700000000001,34.34700000000001,5.823779614648884,2.816670289484787,inf,0,0,0,0,-1,inf,1,1,0,1,6080,0,0,0,2823,3257,1.6502077549209624,3.8568435138372927,False
following_lateral_offset,P4,12011,40,4.0,3.0,17.582676165205356,15.808250176282764,0.009376688394080335,4.807146558747921e-19,1000000000.0,34.34700000000001,34.34700000000001,5.823779614648884,2.816670289484787,inf,0,0,0,0,-1,inf,1,1,0,1,6080,0,0,0,2823,3257,1.6502077549209624,3.8568435138372927,False
following_lateral_offset,P0,12012,40,4.0,3.0,17.565910276525035,16.056138750258967,0.009215195646970145,7.153589037284297e-20,1000000000.0,34.17833333333335,34.17833333333335,5.987637495521719,2.744452420884683,inf,0,0,0,0,-1,inf,1,1,0,1,6080,0,0,0,2887,3193,1.6868918368375574,3.813198429029641,False
following_lateral_offset,P1,12012,40,4.0,3.0,17.56143430193196,16.094468967895267,0.009218819630693442,5.778409690829952e-20,1000000000.0,34.15000000000002,34.15000000000002,6.015189107584214,2.825500200160159,inf,0,0,0,0,-1,inf,1,1,0,1,6080,0,0,0,2867,3213,1.6868918368375574,3.813198429029641,False
following_lateral_offset,P2,12012,40,4.0,3.0,18.73898536765828,16.137508032910766,0.0055754161581046185,2.067155090210656e-20,1000000000.0,34.06300000000001,34.057130874023336,6.04096256559531,2.744452420884683,inf,0,0,0,0,-1,inf,1,1,0,1,6080,322,0,0,2567,3191,1.6868918368375574,3.813198429029641,False
following_lateral_offset,P3,12012,40,4.0,3.0,17.565910276525035,16.056138750258967,0.009215195646970145,7.153589037284297e-20,1000000000.0,34.17833333333335,34.17833333333335,5.987637495521719,2.744452420884683,inf,0,0,0,0,-1,inf,1,1,0,1,6080,0,0,0,2887,3193,1.6868918368375574,3.813198429029641,False
following_lateral_offset,P4,12012,40,4.0,3.0,17.577702652018196,16.131896947502156,0.009133617417481138,4.6078940592080915e-20,1000000000.0,34.12166666666668,34.12166666666668,6.042747949217944,2.744452420884683,inf,0,0,0,0,-1,inf,1,1,0,1,6080,0,0,0,2846,3234,1.6868918368375574,3.813198429029641,False
following_lateral_offset,P0,12013,40,4.0,3.0,17.553945404895252,15.655519009384536,0.009645114638284758,1.8397970268227795e-18,1000000000.0,34.44033333333335,34.44033333333335,5.7332271404894,2.768571442399073,inf,0,0,0,0,-1,inf,1,1,0,1,6080,0,0,0,2947,3133,1.8151463058859285,4.071078574595581,False
following_lateral_offset,P1,12013,40,4.0,3.0,17.640766467299812,15.855421199741219,0.0090872777019374,3.1792926599960647e-19,1000000000.0,34.42666666666668,34.42666666666668,5.746481048819732,2.8822276174363095,inf,0,0,0,0,-1,inf,1,1,0,1,6080,0,0,0,2939,3141,1.8151463058859285,4.071078574595581,False
following_lateral_offset,P2,12013,40,4.0,3.0,17.541775001830057,15.466743065593155,0.00977039621152506,7.963436902378038e-18,1000000000.0,34.546666666666674,34.546666666666674,5.630172683359221,2.7977489307385235,inf,0,0,0,0,-1,inf,1,1,0,1,6080,0,0,0,2987,3093,1.8151463058859285,4.071078574595581,False
following_lateral_offset,P3,12013,40,4.0,3.0,17.553945404895252,15.655519009384536,0.009645114638284758,1.8397970268227795e-18,1000000000.0,34.44033333333335,34.44033333333335,5.7332271404894,2.768571442399073,inf,0,0,0,0,-1,inf,1,1,0,1,6080,0,0,0,2947,3133,1.8151463058859285,4.071078574595581,False
following_lateral_offset,P4,12013,40,4.0,3.0,18.078105090632356,16.137508032910766,0.007349806823937255,2.0755540142427944e-20,1000000000.0,34.433666666666674,34.43040794262265,5.704541150060947,2.7977489307385235,inf,0,0,0,0,-1,inf,1,1,0,1,6080,143,0,0,2825,3112,1.8151463058859285,4.071078574595581,False
following_lateral_offset,P0,12014,40,4.0,3.0,17.449616227835836,16.137508032910766,0.009197884474653261,2.0824470987438547e-20,1000000000.0,33.629999999999995,33.629999999999995,6.522031891979681,3.1178208377753043,inf,0,0,0,0,-1,inf,1,1,0,1,6080,0,0,0,2595,3485,1.9004120167716714,4.256666215673691,False
following_lateral_offset,P1,12014,40,4.0,3.0,17.458187456654485,16.137508032910766,0.009148776040503312,2.0743645596301612e-20,1000000000.0,33.523333333333326,33.523333333333326,6.626251663732008,3.2587970075218093,inf,0,0,0,0,-1,inf,1,1,0,1,6080,0,0,0,2569,3511,1.9004120167716714,4.256666215673691,False
following_lateral_offset,P2,12014,40,4.0,3.0,17.449616227835836,16.137508032910766,0.009197884474653261,2.0824470987438547e-20,1000000000.0,33.629999999999995,33.629999999999995,6.522031891979681,3.1178208377753043,inf,0,0,0,0,-1,inf,1,1,0,1,6080,0,0,0,2595,3485,1.9004120167716714,4.256666215673691,False
following_lateral_offset,P3,12014,40,4.0,3.0,17.449616227835836,16.137508032910766,0.009197884474653261,2.0824470987438547e-20,1000000000.0,33.629999999999995,33.629999999999995,6.522031891979681,3.1178208377753043,inf,0,0,0,0,-1,inf,1,1,0,1,6080,0,0,0,2595,3485,1.9004120167716714,4.256666215673691,False
following_lateral_offset,P4,12014,40,4.0,3.0,17.449616227835836,16.137508032910766,0.009197884474653261,2.0824470987438547e-20,1000000000.0,33.629999999999995,33.629999999999995,6.522031891979681,3.1178208377753043,inf,0,0,0,0,-1,inf,1,1,0,1,6080,0,0,0,2595,3485,1.9004120167716714,4.256666215673691,False
following_lateral_offset,P0,12015,40,4.0,3.0,17.547985342835588,15.881346430110113,0.009413036575352867,2.6846516160455423e-19,1000000000.0,34.29966666666669,34.29966666666669,5.869735949010898,2.707874586045745,inf,0,0,0,0,-1,inf,1,1,0,1,6080,0,0,0,2893,3187,1.6726833477217198,3.867220187458268,False
following_lateral_offset,P1,12015,40,4.0,3.0,18.59280272307366,16.137508032910766,0.0060635888313169805,2.06716192302763e-20,1000000000.0,34.09000000000002,34.084493084967185,6.017398310031847,2.8080933245470163,inf,0,0,0,0,-1,inf,1,1,0,1,6080,276,0,0,2597,3207,1.6726833477217198,3.867220187458268,False
following_lateral_offset,P2,12015,40,4.0,3.0,18.527032341382156,16.137508032910766,0.0061463877894473535,2.067167063932079e-20,1000000000.0,34.05200000000001,34.046666722233304,6.055867750602367,2.707874586045745,inf,0,0,0,0,-1,inf,1,1,0,1,6080,270,0,0,2596,3214,1.6726833477217198,3.867220187458268,False
following_lateral_offset,P3,12015,40,4.0,3.0,17.618188854574,16.037322076445893,0.00905518400753479,8.083216061721924e-20,1000000000.0,34.29966666666669,34.29966666666669,5.869735949010898,2.707874586045745,inf,0,0,0,0,-1,inf,1,1,0,1,6080,0,0,0,2893,3187,1.6726833477217198,3.867220187458268,False
following_lateral_offset,P4,12015,40,4.0,3.0,18.527032341382156,16.137508032910766,0.0061463877894473535,2.067167063932079e-20,1000000000.0,34.05200000000001,34.046666722233304,6.055867750602367,2.707874586045745,inf,0,0,0,0,-1,inf,1,1,0,1,6080,270,0,0,2596,3214,1.6726833477217198,3.867220187458268,False
following_lateral_offset,P0,12016,40,4.0,3.0,17.58494558145528,15.974303816715969,0.009216287903775619,1.2556312644128402e-19,1000000000.0,34.23666666666668,34.23666666666668,5.930936781918264,2.7809024799306505,inf,0,0,0,0,-1,inf,1,1,0,1,6080,0,0,0,2798,3282,1.5951514309383694,3.712459018270901,False
following_lateral_offset,P1,12016,40,4.0,3.0,17.70641353406118,16.137508032910766,0.008664823305897424,4.0142321313531485e-20,1000000000.0,34.32666666666668,34.326084087753394,5.837358176883102,2.8189383130162127,inf,0,0,0,0,-1,inf,1,1,0,1,6080,23,0,0,2820,3237,1.5951514309383694,3.712459018270901,False
following_lateral_offset,P2,12016,40,4.0,3.0,18.703847281412166,16.137508032910766,0.005717993795348596,2.0669007098849693e-20,1000000000.0,34.094666666666676,34.08867098600611,6.008776369134124,2.7809024799306505,inf,0,0,0,0,-1,inf,1,1,0,1,6080,313,0,0,2533,3234,1.5951514309383694,3.712459018270901,False
following_lateral_offset,P3,12016,40,4.0,3.0,17.58494558145528,15.974303816715969,0.009216287903775619,1.2556312644128402e-19,1000000000.0,34.23666666666668,34.23666666666668,5.930936781918264,2.7809024799306505,inf,0,0,0,0,-1,inf,1,1,0,1,6080,0,0,0,2798,3282,1.5951514309383694,3.712459018270901,False
following_lateral_offset,P4,12016,40,4.0,3.0,17.653551844748986,16.13407088197928,0.008877981038706014,4.440508051117268e-20,1000000000.0,34.23666666666668,34.23666666666668,5.930936781918264,2.7809024799306505,inf,0,0,0,0,-1,inf,1,1,0,1,6080,0,0,0,2798,3282,1.5951514309383694,3.712459018270901,False
following_lateral_offset,P0,12017,40,4.0,3.0,17.509634743226293,15.857979001321556,0.00950771337661475,3.103849996575124e-19,1000000000.0,34.315,34.315,5.854846283208469,2.6877018757788793,inf,0,0,0,0,-1,inf,1,1,0,1,6080,0,0,0,2780,3300,1.801205369290858,4.117179011834026,False
following_lateral_offset,P1,12017,40,4.0,3.0,18.16100906904934,16.137508032910766,0.00710081585480391,2.0782148651721722e-20,1000000000.0,34.13833333333334,34.13475861473573,5.989107156886375,2.7137888323006134,inf,0,0,0,0,-1,inf,1,1,0,1,6080,166,0,0,2579,3335,1.801205369290858,4.117179011834026,False
following_lateral_offset,P2,12017,40,4.0,3.0,18.436141904128988,16.137508032910766,0.006779978756113486,4.4580469128910577e-20,1000000000.0,34.00833333333336,33.997345766039935,6.113048302029197,2.8701909917950084,inf,0,0,0,0,-1,inf,1,1,0,1,6080,799,0,0,2065,3216,1.801205369290858,4.117179011834026,False
following_lateral_offset,P3,12017,40,4.0,3.0,17.806299935079778,16.137508032910766,0.008116804589500093,2.0871884486318652e-20,1000000000.0,34.186000000000014,34.18441771072636,5.965322566390577,2.6877018757788793,inf,0,0,0,0,-1,inf,1,1,0,1,6080,71,0,0,2663,3346,1.801205369290858,4.117179011834026,False
following_lateral_offset,P4,12017,40,4.0,3.0,18.160106581222482,16.137508032910766,0.007109507947317487,2.078385269884934e-20,1000000000.0,34.18100000000001,34.17739541138938,5.947201210560244,2.7119919637851115,inf,0,0,0,0,-1,inf,1,1,0,1,6080,166,0,0,2598,3316,1.801205369290858,4.117179011834026,False
following_lateral_offset,P0,12018,40,4.0,3.0,17.55518207997442,15.868683441792294,0.009521945118314981,3.557865156437197e-19,1000000000.0,34.308000000000014,34.308000000000014,5.861643455550657,2.820269648949916,inf,0,0,0,0,-1,inf,1,1,0,1,6080,0,0,0,2851,3229,1.617099010048954,3.808095799431264,False
following_lateral_offset,P1,12018,40,4.0,3.0,18.12502088390683,16.137508032910766,0.007216043752861173,2.0722954373761206e-20,1000000000.0,34.233333333333356,34.230252705504306,5.901597520429282,2.8027040969418255,inf,0,0,0,0,-1,inf,1,1,0,1,6080,143,0,0,2718,3219,1.617099010048954,3.808095799431264,False
following_lateral_offset,P2,12018,40,4.0,3.0,17.549826251271202,15.758272722460266,0.009574285658546662,8.066718973759044e-19,1000000000.0,34.37833333333335,34.37833333333335,5.793370013309257,2.820269648949916,inf,0,0,0,0,-1,inf,1,1,0,1,6080,0,0,0,2880,3200,1.617099010048954,3.808095799431264,False
following_lateral_offset,P3,12018,40,4.0,3.0,17.55518207997442,15.868683441792294,0.009521945118314981,3.557865156437197e-19,1000000000.0,34.308000000000014,34.308000000000014,5.861643455550657,2.820269648949916,inf,0,0,0,0,-1,inf,1,1,0,1,6080,0,0,0,2851,3229,1.617099010048954,3.808095799431264,False
following_lateral_offset,P4,12018,40,4.0,3.0,18.487942573004855,16.137508032910766,0.00690036111396321,2.0744096032461713e-20,1000000000.0,34.260000000000005,34.24869716582645,5.855912524914843,2.820269648949916,inf,0,0,0,0,-1,inf,1,1,0,1,6080,266,0,0,2640,3174,1.617099010048954,3.808095799431264,False
following_lateral_offset,P0,12019,40,4.0,3.0,17.496108567337963,15.905914331070845,0.009594104933973998,2.481830027084957e-19,1000000000.0,34.28333333333333,34.28333333333333,5.885599185960406,2.735416705063116,inf,0,0,0,0,-1,inf,1,1,0,1,6080,0,0,0,2905,3175,1.6156316956677756,3.845953073019101,False
following_lateral_offset,P1,12019,40,4.0,3.0,17.64610583723186,16.13407088197928,0.008850683407505524,4.445858967334938e-20,1000000000.0,34.31333333333334,34.31274055889479,5.850336174398099,2.769143557341592,inf,0,0,0,0,-1,inf,1,1,0,1,6080,23,0,0,2872,3185,1.6156316956677756,3.845953073019101,False
following_lateral_offset,P2,12019,40,4.0,3.0,17.973789533931814,16.137508032910766,0.007653991125039249,2.0897568666158487e-20,1000000000.0,34.28333333333333,34.28060688682956,5.856944051549472,2.735416705063116,inf,0,0,0,0,-1,inf,1,1,0,1,6080,120,0,0,2789,3171,1.6156316956677756,3.845953073019101,False
following_lateral_offset,P3,12019,40,4.0,3.0,17.496108567337963,15.905914331070845,0.009594104933973998,2.481830027084957e-19,1000000000.0,34.28333333333333,34.28333333333333,5.885599185960406,2.735416705063116,inf,0,0,0,0,-1,inf,1,1,0,1,6080,0,0,0,2905,3175,1.6156316956677756,3.845953073019101,False
following_lateral_offset,P4,12019,40,4.0,3.0,17.973789533931814,16.137508032910766,0.007653991125039249,2.0897568666158487e-20,1000000000.0,34.28333333333333,34.28060688682956,5.856944051549472,2.735416705063116,inf,0,0,0,0,-1,inf,1,1,0,1,6080,120,0,0,2789,3171,1.6156316956677756,3.845953073019101,False
lane_choice,P0,12000,40,4.0,3.0,-1.4841772517946121,-13.800125353527465,0.7112488585418857,0.27149979741639463,728500202.5836054,12.99999999999999,12.882786325056207,16.782438462261936,inf,1.5013499953110632,0,0,0,0,-1,inf,0,-1,0,0,6080,1879,0,1762,0,2439,1.688974805067767,4.091561986001411,False
lane_choice,P1,12000,40,4.0,3.0,11.415283391778742,7.917465961148334,0.19749853001493048,9.757018575009277e-05,999902429.81425,12.999999999999991,12.91210617836171,16.755131274768452,6.1060366622275195,1.5001885304115121,0,0,0,0,-1,inf,0,-1,0,0,6080,1784,0,1780,0,2516,1.688974805067767,4.091561986001411,False
lane_choice,P2,12000,40,4.0,3.0,11.994151129574023,8.339167020023577,0.1581424021019724,3.244000943071595e-05,999967559.9905694,12.99999999999999,12.903343972408566,16.74847084715829,6.1060366622275195,1.5076951843659407,0,0,0,0,-1,inf,0,-1,0,0,6080,1600,0,1804,0,2676,1.688974805067767,4.091561986001411,False
lane_choice,P3,12000,40,4.0,3.0,11.415283391778742,7.917465961148334,0.19749853001493048,9.757018575009277e-05,999902429.81425,12.999999999999991,12.91210617836171,16.755131274768452,6.1060366622275195,1.5001885304115121,0,0,0,0,-1,inf,0,-1,0,0,6080,1784,0,1780,0,2516,1.688974805067767,4.091561986001411,False
lane_choice,P4,12000,40,4.0,3.0,12.011930681626641,8.339167020023577,0.15681014940403565,3.197086409443261e-05,999968029.1359055,12.99999999999999,12.903358507552323,16.74847084715829,6.1060366622275195,1.508038196389593,0,0,0,0,-1,inf,0,-1,0,0,6080,1616,0,1788,0,2676,1.688974805067767,4.091561986001411,False
lane_choice,P0,12001,40,4.0,3.0,-1.4841772517946121,-13.800125353527465,0.7112488585418857,0.27149979741639463,728500202.5836054,12.99999999999999,12.882786325056207,16.782438462261936,inf,1.5013499953110632,0,0,0,0,-1,inf,0,-1,0,0,6080,1879,0,1762,4,2435,1.7108780164075768,4.159321742865619,False
lane_choice,P1,12001,40,4.0,3.0,-10.422210069976442,-31.11953976056099,0.710930347298369,0.30368465293853253,696315347.0614674,12.99999999999999,12.870751932456818,16.782438462261936,inf,1.500139937414525,0,0,0,0,-1,inf,0,-1,0,0,6080,1846,0,1964,4,2266,1.7108780164075768,4.159321742865619,False
lane_choice,P2,12001,40,4.0,3.0,-10.422210069976442,-31.11953976056099,0.710930347298369,0.30368465293853253,696315347.0614674,12.99999999999999,12.870751932456818,16.782438462261936,inf,1.500139937414525,0,0,0,0,-1,inf,0,-1,0,0,6080,1846,0,1964,4,2266,1.7108780164075768,4.159321742865619,False
lane_choice,P3,12001,40,4.0,3.0,-10.422210069976442,-31.11953976056099,0.710930347298369,0.30368465293853253,696315347.0614674,12.99999999999999,12.870751932456818,16.782438462261936,inf,1.500139937414525,0,0,0,0,-1,inf,0,-1,0,0,6080,1846,0,1964,4,2266,1.7108780164075768,4.159321742865619,False
lane_choice,P4,12001,40,4.0,3.0,-10.422210069976442,-31.11953976056099,0.710930347298369,0.30368465293853253,696315347.0614674,12.99999999999999,12.870751932456818,16.782438462261936,inf,1.500139937414525,0,0,0,0,-1,inf,0,-1,0,0,6080,1846,0,1964,4,2266,1.7108780164075768,4.159321742865619,False
lane_choice,P0,12002,40,4.0,3.0,-1.4841772517946121,-13.800125353527465,0.7112488585418857,0.27149979741639463,728500202.5836054,12.99999999999999,12.882786325056207,16.782438462261936,inf,1.5013499953110632,0,0,0,0,-1,inf,0,-1,0,0,6080,1879,0,1762,0,2439,1.7357444426868276,4.108951726599504,False
lane_choice,P1,12002,40,4.0,3.0,11.415283391778742,7.917465961148334,0.19749853001493048,9.757018575009277e-05,999902429.81425,12.999999999999991,12.91210617836171,16.755131274768452,6.1060366622275195,1.5001885304115121,0,0,0,0,-1,inf,0,-1,0,0,6080,1784,0,1780,0,2516,1.7357444426868276,4.108951726599504,False
lane_choice,P2,12002,40,4.0,3.0,12.008701804632036,8.229738049872287,0.15881413145339823,3.739474708985757e-05,999962605.2529103,12.999999999999991,12.904499009576284,16.74847084715829,6.1060366622275195,1.5001177930900464,0,0,0,0,-1,inf,0,-1,0,0,6080,1612,0,1861,0,2607,1.7357444426868276,4.108951726599504,False
lane_choice,P3,12002,40,4.0,3.0,11.415283391778742,7.917465961148334,0.19749853001493048,9.757018575009277e-05,999902429.81425,12.999999999999991,12.91210617836171,16.755131274768452,6.1060366622275195,1.5001885304115121,0,0,0,0,-1,inf,0,-1,0,0,6080,1784,0,1780,0,2516,1.7357444426868276,4.108951726599504,False
lane_choice,P4,12002,40,4.0,3.0,12.011930681626641,8.339167020023577,0.15681014940403565,3.197086409443261e-05,999968029.1359055,12.99999999999999,12.903358507552323,16.74847084715829,6.1060366622275195,1.508038196389593,0,0,0,0,-1,inf,0,-1,0,0,6080,1616,0,1788,0,2676,1.7357444426868276,4.108951726599504,False
lane_choice,P0,12003,40,4.0,3.0,-1.4841772517946121,-13.800125353527465,0.7112488585418857,0.27149979741639463,728500202.5836054,12.99999999999999,12.882786325056207,16.782438462261936,inf,1.5013499953110632,0,0,0,0,-1,inf,0,-1,0,0,6080,1879,0,1762,0,2439,1.7161119915357759,4.212669572592107,False
lane_choice,P1,12003,40,4.0,3.0,11.435182525296545,8.012373056845629,0.19517708609454484,8.383575704004454e-05,999916164.24296,12.99999999999999,12.910819574708963,16.753017151880435,6.1060366622275195,1.501167547298801,0,0,0,0,-1,inf,0,-1,0,0,6080,1768,0,1784,0,2528,1.7161119915357759,4.212669572592107,False
lane_choice,P2,12003,40,4.0,3.0,12.011930681626641,8.339167020023577,0.15681014940403565,3.197086409443261e-05,999968029.1359055,12.99999999999999,12.903358507552323,16.74847084715829,6.1060366622275195,1.508038196389593,0,0,0,0,-1,inf,0,-1,0,0,6080,1616,0,1788,0,2676,1.7161119915357759,4.212669572592107,False
lane_choice,P3,12003,40,4.0,3.0,12.076728932495755,9.263228055490746,0.13843144961890505,8.18915618597111e-06,999991810.8438139,12.99999999999999,12.911716648644994,16.757163456939804,6.1060366622275195,1.5028868179940864,0,0,0,0,-1,inf,0,-1,0,0,6080,1729,0,1751,0,2600,1.7161119915357759,4.212669572592107,False
lane_choice,P4,12003,40,4.0,3.0,12.011930681626641,8.339167020023577,0.15681014940403565,3.197086409443261e-05,999968029.1359055,12.99999999999999,12.903358507552323,16.74847084715829,6.1060366622275195,1.508038196389593,0,0,0,0,-1,inf,0,-1,0,0,6080,1616,0,1788,0,2676,1.7161119915357759,4.212669572592107,False
lane_choice,P0,12004,40,4.0,3.0,-1.4841772517946121,-13.800125353527465,0.7112488585418857,0.27149979741639463,728500202.5836054,12.99999999999999,12.882786325056207,16.782438462261936,inf,1.5013499953110632,0,0,0,0,-1,inf,0,-1,0,0,6080,1879,0,1762,0,2439,1.678953648108712,4.00584386704021,False
lane_choice,P1,12004,40,4.0,3.0,11.415283391778742,7.917465961148334,0.19749853001493048,9.757018575009277e-05,999902429.81425,12.999999999999991,12.91210617836171,16.755131274768452,6.1060366622275195,1.5001885304115121,0,0,0,0,-1,inf,0,-1,0,0,6080,1784,0,1780,0,2516,1.678953648108712,4.00584386704021,False
lane_choice,P2,12004,40,4.0,3.0,12.008621702981113,8.339167020023577,0.15701360302838382,3.2002794464293644e-05,999967997.2055357,12.99999999999999,12.903358507552323,16.74847084715829,6.1060366622275195,1.508038196389593,0,0,0,0,-1,inf,0,-1,0,0,6080,1631,0,1773,0,2676,1.678953648108712,4.00584386704021,False
lane_choice,P3,12004,40,4.0,3.0,11.415283391778742,7.917465961148334,0.19749853001493048,9.757018575009277e-05,999902429.81425,12.999999999999991,12.91210617836171,16.755131274768452,6.1060366622275195,1.5001885304115121,0,0,0,0,-1,inf,0,-1,0,0,6080,1784,0,1780,0,2516,1.678953648108712,4.00584386704021,False
lane_choice,P4,12004,40,4.0,3.0,12.011930681626641,8.339167020023577,0.15681014940403565,3.197086409443261e-05,999968029.1359055,12.99999999999999,12.903358507552323,16.74847084715829,6.1060366622275195,1.508038196389593,0,0,0,0,-1,inf,0,-1,0,0,6080,1616,0,1788,0,2676,1.678953648108712,4.00584386704021,False
lane_choice,P0,12005,40,4.0,3.0,-1.4841772517946121,-13.800125353527465,0.7112488585418857,0.27149979741639463,728500202.5836054,12.99999999999999,12.882786325056207,16.782438462261936,inf,1.5013499953110632,0,0,0,0,-1,inf,0,-1,0,0,6080,1879,0,1762,4,2435,1.7102921748415312,4.032619742445293,False
lane_choice,P1,12005,40,4.0,3.0,-10.422210069976442,-31.11953976056099,0.710930347298369,0.30368465293853253,696315347.0614674,12.99999999999999,12.870751932456818,16.782438462261936,inf,1.500139937414525,0,0,0,0,-1,inf,0,-1,0,0,6080,1846,0,1964,4,2266,1.7102921748415312,4.032619742445293,False
lane_choice,P2,12005,40,4.0,3.0,-10.422210069976442,-31.11953976056099,0.710930347298369,0.30368465293853253,696315347.0614674,12.99999999999999,12.870751932456818,16.782438462261936,inf,1.500139937414525,0,0,0,0,-1,inf,0,-1,0,0,6080,1846,0,1964,4,2266,1.7102921748415312,4.032619742445293,False
lane_choice,P3,12005,40,4.0,3.0,-10.422210069976442,-31.11953976056099,0.710930347298369,0.30368465293853253,696315347.0614674,12.99999999999999,12.870751932456818,16.782438462261936,inf,1.500139937414525,0,0,0,0,-1,inf,0,-1,0,0,6080,1846,0,1964,4,2266,1.7102921748415312,4.032619742445293,False
lane_choice,P4,12005,40,4.0,3.0,-10.422210069976442,-31.11953976056099,0.710930347298369,0.30368465293853253,696315347.0614674,12.99999999999999,12.870751932456818,16.782438462261936,inf,1.500139937414525,0,0,0,0,-1,inf,0,-1,0,0,6080,1846,0,1964,4,2266,1.7102921748415312,4.032619742445293,False
lane_choice,P0,12006,40,4.0,3.0,-1.4841772517946121,-13.800125353527465,0.7112488585418857,0.27149979741639463,728500202.5836054,12.99999999999999,12.882786325056207,16.782438462261936,inf,1.5013499953110632,0,0,0,0,-1,inf,0,-1,0,0,6080,1879,0,1762,4,2435,1.7070857147587346,4.076338745458299,False
lane_choice,P1,12006,40,4.0,3.0,-10.422210069976442,-31.11953976056099,0.710930347298369,0.30368465293853253,696315347.0614674,12.99999999999999,12.870751932456818,16.782438462261936,inf,1.500139937414525,0,0,0,0,-1,inf,0,-1,0,0,6080,1846,0,1964,4,2266,1.7070857147587346,4.076338745458299,False
lane_choice,P2,12006,40,4.0,3.0,-10.422210069976442,-31.11953976056099,0.710930347298369,0.30368465293853253,696315347.0614674,12.99999999999999,12.870751932456818,16.782438462261936,inf,1.500139937414525,0,0,0,0,-1,inf,0,-1,0,0,6080,1846,0,1964,4,2266,1.7070857147587346,4.076338745458299,False
lane_choice,P3,12006,40,4.0,3.0,-10.422210069976442,-31.11953976056099,0.710930347298369,0.30368465293853253,696315347.0614674,12.99999999999999,12.870751932456818,16.782438462261936,inf,1.500139937414525,0,0,0,0,-1,inf,0,-1,0,0,6080,1846,0,1964,4,2266,1.7070857147587346,4.076338745458299,False
lane_choice,P4,12006,40,4.0,3.0,-10.422210069976442,-31.11953976056099,0.710930347298369,0.30368465293853253,696315347.0614674,12.99999999999999,12.870751932456818,16.782438462261936,inf,1.500139937414525,0,0,0,0,-1,inf,0,-1,0,0,6080,1846,0,1964,4,2266,1.7070857147587346,4.076338745458299,False
lane_choice,P0,12007,40,4.0,3.0,-1.4841772517946121,-13.800125353527465,0.7112488585418857,0.27149979741639463,728500202.5836054,12.99999999999999,12.882786325056207,16.782438462261936,inf,1.5013499953110632,0,0,0,0,-1,inf,0,-1,0,0,6080,1879,0,1762,0,2439,1.6853179586269484,3.9953777741018235,False
lane_choice,P1,12007,40,4.0,3.0,11.435182525296545,8.012373056845629,0.19517708609454484,8.383575704004454e-05,999916164.24296,12.99999999999999,12.910819574708963,16.753017151880435,6.1060366622275195,1.501167547298801,0,0,0,0,-1,inf,0,-1,0,0,6080,1768,0,1784,0,2528,1.6853179586269484,3.9953777741018235,False
lane_choice,P2,12007,40,4.0,3.0,11.994151129574023,8.339167020023577,0.1581424021019724,3.244000943071595e-05,999967559.9905694,12.99999999999999,12.903343972408566,16.74847084715829,6.1060366622275195,1.5076951843659407,0,0,0,0,-1,inf,0,-1,0,0,6080,1600,0,1804,0,2676,1.6853179586269484,3.9953777741018235,False
lane_choice,P3,12007,40,4.0,3.0,11.774571468909128,8.864510842673633,0.1650053882993474,2.0320664283531382e-05,999979679.3357166,12.999999999999991,12.90832076244491,16.74847084715829,6.1060366622275195,1.5014545503952075,0,0,0,0,-1,inf,0,-1,0,0,6080,1691,0,1829,0,2560,1.6853179586269484,3.9953777741018235,False
lane_choice,P4,12007,40,4.0,3.0,12.011930681626641,8.339167020023577,0.15681014940403565,3.197086409443261e-05,999968029.1359055,12.99999999999999,12.903358507552323,16.74847084715829,6.1060366622275195,1.508038196389593,0,0,0,0,-1,inf,0,-1,0,0,6080,1616,0,1788,0,2676,1.6853179586269484,3.9953777741018235,False
lane_choice,P0,12008,40,4.0,3.0,-1.4841772517946121,-13.800125353527465,0.7112488585418857,0.27149979741639463,728500202.5836054,12.99999999999999,12.882786325056207,16.782438462261936,inf,1.5013499953110632,0,0,0,0,-1,inf,0,-1,0,0,6080,1879,0,1762,4,2435,1.811627553265889,4.265497009580975,False
lane_choice,P1,12008,40,4.0,3.0,-10.422210069976442,-31.11953976056099,0.710930347298369,0.30368465293853253,696315347.0614674,12.99999999999999,12.870751932456818,16.782438462261936,inf,1.500139937414525,0,0,0,0,-1,inf,0,-1,0,0,6080,1846,0,1964,4,2266,1.811627553265889,4.265497009580975,False
lane_choice,P2,12008,40,4.0,3.0,-10.422210069976442,-31.11953976056099,0.710930347298369,0.30368465293853253,696315347.0614674,12.99999999999999,12.870751932456818,16.782438462261936,inf,1.500139937414525,0,0,0,0,-1,inf,0,-1,0,0,6080,1846,0,1964,4,2266,1.811627553265889,4.265497009580975,False
lane_choice,P3,12008,40,4.0,3.0,-10.422210069976442,-31.11953976056099,0.710930347298369,0.30368465293853253,696315347.0614674,12.99999999999999,12.870751932456818,16.782438462261936,inf,1.500139937414525,0,0,0,0,-1,inf,0,-1,0,0,6080,1846,0,1964,4,2266,1.811627553265889,4.265497009580975,False
lane_choice,P4,12008,40,4.0,3.0,-10.422210069976442,-31.11953976056099,0.710930347298369,0.30368465293853253,696315347.0614674,12.99999999999999,12.870751932456818,16.782438462261936,inf,1.500139937414525,0,0,0,0,-1,inf,0,-1,0,0,6080,1846,0,1964,4,2266,1.811627553265889,4.265497009580975,False
lane_choice,P0,12009,40,4.0,3.0,-1.4841772517946121,-13.800125353527465,0.7112488585418857,0.27149979741639463,728500202.5836054,12.99999999999999,12.882786325056207,16.782438462261936,inf,1.5013499953110632,0,0,0,0,-1,inf,0,-1,0,0,6080,1879,0,1762,0,2439,1.8501987730986174,4.222102837419873,False
lane_choice,P1,12009,40,4.0,3.0,11.435182525296545,8.012373056845629,0.19517708609454484,8.383575704004454e-05,999916164.24296,12.99999999999999,12.910819574708963,16.753017151880435,6.1060366622275195,1.501167547298801,0,0,0,0,-1,inf,0,-1,0,0,6080,1768,0,1784,0,2528,1.8501987730986174,4.222102837419873,False
lane_choice,P2,12009,40,4.0,3.0,12.011930681626641,8.339167020023577,0.15681014940403565,3.197086409443261e-05,999968029.1359055,12.99999999999999,12.903358507552323,16.74847084715829,6.1060366622275195,1.508038196389593,0,0,0,0,-1,inf,0,-1,0,0,6080,1616,0,1788,0,2676,1.8501987730986174,4.222102837419873,False
lane_choice,P3,12009,40,4.0,3.0,11.415283391778742,7.917465961148334,0.19749853001493048,9.757018575009277e-05,999902429.81425,12.999999999999991,12.91210617836171,16.755131274768452,6.1060366622275195,1.5001885304115121,0,0,0,0,-1,inf,0,-1,0,0,6080,1784,0,1780,0,2516,1.8501987730986174,4.222102837419873,False
lane_choice,P4,12009,40,4.0,3.0,12.011930681626641,8.339167020023577,0.15681014940403565,3.197086409443261e-05,999968029.1359055,12.99999999999999,12.903358507552323,16.74847084715829,6.1060366622275195,1.508038196389593,0,0,0,0,-1,inf,0,-1,0,0,6080,1616,0,1788,0,2676,1.8501987730986174,4.222102837419873,False
lane_choice,P0,12010,40,4.0,3.0,-1.4841772517946121,-13.800125353527465,0.7112488585418857,0.27149979741639463,728500202.5836054,12.99999999999999,12.882786325056207,16.782438462261936,inf,1.5013499953110632,0,0,0,0,-1,inf,0,-1,0,0,6080,1879,0,1762,0,2439,1.5919530369352142,3.967041836778246,False
lane_choice,P1,12010,40,4.0,3.0,11.415283391778742,7.917465961148334,0.19749853001493048,9.757018575009277e-05,999902429.81425,12.999999999999991,12.91210617836171,16.755131274768452,6.1060366622275195,1.5001885304115121,0,0,0,0,-1,inf,0,-1,0,0,6080,1784,0,1780,0,2516,1.5919530369352142,3.967041836778246,False
lane_choice,P2,12010,40,4.0,3.0,12.011930681626641,8.339167020023577,0.15681014940403565,3.197086409443261e-05,999968029.1359055,12.99999999999999,12.903358507552323,16.74847084715829,6.1060366622275195,1.508038196389593,0,0,0,0,-1,inf,0,-1,0,0,6080,1616,0,1788,0,2676,1.5919530369352142,3.967041836778246,False
lane_choice,P3,12010,40,4.0,3.0,12.076728932495755,9.263228055490746,0.13843144961890505,8.18915618597111e-06,999991810.8438139,12.99999999999999,12.911716648644994,16.757163456939804,6.1060366622275195,1.5028868179940864,0,0,0,0,-1,inf,0,-1,0,0,6080,1729,0,1751,0,2600,1.5919530369352142,3.967041836778246,False
lane_choice,P4,12010,40,4.0,3.0,12.011930681626641,8.339167020023577,0.15681014940403565,3.197086409443261e-05,999968029.1359055,12.99999999999999,12.903358507552323,16.74847084715829,6.1060366622275195,1.508038196389593,0,0,0,0,-1,inf,0,-1,0,0,6080,1616,0,1788,0,2676,1.5919530369352142,3.967041836778246,False
lane_choice,P0,12011,40,4.0,3.0,-1.4841772517946121,-13.800125353527465,0.7112488585418857,0.27149979741639463,728500202.5836054,12.99999999999999,12.882786325056207,16.782438462261936,inf,1.5013499953110632,0,0,0,0,-1,inf,0,-1,0,0,6080,1879,0,1762,4,2435,1.7566366753791798,4.189685578391737,False
lane_choice,P1,12011,40,4.0,3.0,-10.422210069976442,-31.11953976056099,0.710930347298369,0.30368465293853253,696315347.0614674,12.99999999999999,12.870751932456818,16.782438462261936,inf,1.500139937414525,0,0,0,0,-1,inf,0,-1,0,0,6080,1846,0,1964,4,2266,1.7566366753791798,4.189685578391737,False
lane_choice,P2,12011,40,4.0,3.0,-10.422210069976442,-31.11953976056099,0.710930347298369,0.30368465293853253,696315347.0614674,12.99999999999999,12.870751932456818,16.782438462261936,inf,1.500139937414525,0,0,0,0,-1,inf,0,-1,0,0,6080,1846,0,1964,4,2266,1.7566366753791798,4.189685578391737,False
lane_choice,P3,12011,40,4.0,3.0,-10.422210069976442,-31.11953976056099,0.710930347298369,0.30368465293853253,696315347.0614674,12.99999999999999,12.870751932456818,16.782438462261936,inf,1.500139937414525,0,0,0,0,-1,inf,0,-1,0,0,6080,1846,0,1964,4,2266,1.7566366753791798,4.189685578391737,False
lane_choice,P4,12011,40,4.0,3.0,-10.422210069976442,-31.11953976056099,0.710930347298369,0.30368465293853253,696315347.0614674,12.99999999999999,12.870751932456818,16.782438462261936,inf,1.500139937414525,0,0,0,0,-1,inf,0,-1,0,0,6080,1846,0,1964,4,2266,1.7566366753791798,4.189685578391737,False
lane_choice,P0,12012,40,4.0,3.0,-1.4841772517946121,-13.800125353527465,0.7112488585418857,0.27149979741639463,728500202.5836054,12.99999999999999,12.882786325056207,16.782438462261936,inf,1.5013499953110632,0,0,0,0,-1,inf,0,-1,0,0,6080,1879,0,1762,0,2439,1.7154928838578087,4.02566517713351,False
lane_choice,P1,12012,40,4.0,3.0,11.435182525296545,8.012373056845629,0.19517708609454484,8.383575704004454e-05,999916164.24296,12.99999999999999,12.910819574708963,16.753017151880435,6.1060366622275195,1.501167547298801,0,0,0,0,-1,inf,0,-1,0,0,6080,1768,0,1784,0,2528,1.7154928838578087,4.02566517713351,False
lane_choice,P2,12012,40,4.0,3.0,10.097163224020916,5.864452961638088,0.3556042036767588,0.0016046030005739443,998395396.9994259,12.99999999999999,12.905176103758798,16.74847084715829,6.1060366622275195,1.507810195754565,0,0,0,0,-1,inf,0,-1,0,0,6080,1856,0,1682,0,2542,1.7154928838578087,4.02566517713351,False
lane_choice,P3,12012,40,4.0,3.0,11.435182525296545,8.012373056845629,0.19517708609454484,8.383575704004454e-05,999916164.24296,12.99999999999999,12.910819574708963,16.753017151880435,6.1060366622275195,1.501167547298801,0,0,0,0,-1,inf,0,-1,0,0,6080,1768,0,1784,0,2528,1.7154928838578087,4.02566517713351,False
lane_choice,P4,12012,40,4.0,3.0,12.011930681626641,8.339167020023577,0.15681014940403565,3.197086409443261e-05,999968029.1359055,12.99999999999999,12.903358507552323,16.74847084715829,6.1060366622275195,1.508038196389593,0,0,0,0,-1,inf,0,-1,0,0,6080,1616,0,1788,0,2676,1.7154928838578087,4.02566517713351,False
lane_choice,P0,12013,40,4.0,3.0,-1.4841772517946121,-13.800125353527465,0.7112488585418857,0.27149979741639463,728500202.5836054,12.99999999999999,12.882786325056207,16.782438462261936,inf,1.5013499953110632,0,0,0,0,-1,inf,0,-1,0,0,6080,1879,0,1762,0,2439,1.8388076946589436,4.308277738359172,False
lane_choice,P1,12013,40,4.0,3.0,11.761369247674178,8.763759785661756,0.16494697501400693,2.2891689134287736e-05,999977108.3108658,12.99999999999999,12.909748525722138,16.7508040885184,6.1060366622275195,1.500368498496405,0,0,0,0,-1,inf,0,-1,0,0,6080,1706,0,1817,0,2557,1.8388076946589436,4.308277738359172,False
lane_choice,P2,12013,40,4.0,3.0,12.008621702981113,8.339167020023577,0.15701360302838382,3.2002794464293644e-05,999967997.2055357,12.99999999999999,12.903358507552323,16.74847084715829,6.1060366622275195,1.508038196389593,0,0,0,0,-1,inf,0,-1,0,0,6080,1631,0,1773,0,2676,1.8388076946589436,4.308277738359172,False
lane_choice,P3,12013,40,4.0,3.0,11.761369247674178,8.763759785661756,0.16494697501400693,2.2891689134287736e-05,999977108.3108658,12.99999999999999,12.909748525722138,16.7508040885184,6.1060366622275195,1.500368498496405,0,0,0,0,-1,inf,0,-1,0,0,6080,1706,0,1817,0,2557,1.8388076946589436,4.308277738359172,False
lane_choice,P4,12013,40,4.0,3.0,12.011930681626641,8.339167020023577,0.15681014940403565,3.197086409443261e-05,999968029.1359055,12.99999999999999,12.903358507552323,16.74847084715829,6.1060366622275195,1.508038196389593,0,0,0,0,-1,inf,0,-1,0,0,6080,1616,0,1788,0,2676,1.8388076946589436,4.308277738359172,False
lane_choice,P0,12014,40,4.0,3.0,-1.4841772517946121,-13.800125353527465,0.7112488585418857,0.27149979741639463,728500202.5836054,12.99999999999999,12.882786325056207,16.782438462261936,inf,1.5013499953110632,0,0,0,0,-1,inf,0,-1,0,0,6080,1879,0,1762,0,2439,1.9794169096915692,4.588578276728024,False
lane_choice,P1,12014,40,4.0,3.0,11.43164033473314,7.97072833400294,0.19631392238432377,8.974218320885683e-05,999910257.8167912,12.99999999999999,12.911978679206724,16.755131274768452,6.1060366622275195,1.5002839596935633,0,0,0,0,-1,inf,0,-1,0,0,6080,1777,0,1784,0,2519,1.9794169096915692,4.588578276728024,False
lane_choice,P2,12014,40,4.0,3.0,12.011930681626641,8.339167020023577,0.15681014940403565,3.197086409443261e-05,999968029.1359055,12.99999999999999,12.903358507552323,16.74847084715829,6.1060366622275195,1.508038196389593,0,0,0,0,-1,inf,0,-1,0,0,6080,1616,0,1788,0,2676,1.9794169096915692,4.588578276728024,False
lane_choice,P3,12014,40,4.0,3.0,11.415283391778742,7.917465961148334,0.19749853001493048,9.757018575009277e-05,999902429.81425,12.999999999999991,12.91210617836171,16.755131274768452,6.1060366622275195,1.5001885304115121,0,0,0,0,-1,inf,0,-1,0,0,6080,1784,0,1780,0,2516,1.9794169096915692,4.588578276728024,False
lane_choice,P4,12014,40,4.0,3.0,12.011930681626641,8.339167020023577,0.15681014940403565,3.197086409443261e-05,999968029.1359055,12.99999999999999,12.903358507552323,16.74847084715829,6.1060366622275195,1.508038196389593,0,0,0,0,-1,inf,0,-1,0,0,6080,1616,0,1788,0,2676,1.9794169096915692,4.588578276728024,False
lane_choice,P0,12015,40,4.0,3.0,-1.4841772517946121,-13.800125353527465,0.7112488585418857,0.27149979741639463,728500202.5836054,12.99999999999999,12.882786325056207,16.782438462261936,inf,1.5013499953110632,0,0,0,0,-1,inf,0,-1,0,0,6080,1879,0,1762,0,2439,1.7275240215075278,4.140273670725392,False
lane_choice,P1,12015,40,4.0,3.0,11.415283391778742,7.917465961148334,0.19749853001493048,9.757018575009277e-05,999902429.81425,12.999999999999991,12.91210617836171,16.755131274768452,6.1060366622275195,1.5001885304115121,0,0,0,0,-1,inf,0,-1,0,0,6080,1784,0,1780,0,2516,1.7275240215075278,4.140273670725392,False
lane_choice,P2,12015,40,4.0,3.0,12.011930681626641,8.339167020023577,0.15681014940403565,3.197086409443261e-05,999968029.1359055,12.99999999999999,12.903358507552323,16.74847084715829,6.1060366622275195,1.508038196389593,0,0,0,0,-1,inf,0,-1,0,0,6080,1616,0,1788,0,2676,1.7275240215075278,4.140273670725392,False
lane_choice,P3,12015,40,4.0,3.0,11.415283391778742,7.917465961148334,0.19749853001493048,9.757018575009277e-05,999902429.81425,12.999999999999991,12.91210617836171,16.755131274768452,6.1060366622275195,1.5001885304115121,0,0,0,0,-1,inf,0,-1,0,0,6080,1784,0,1780,0,2516,1.7275240215075278,4.140273670725392,False
lane_choice,P4,12015,40,4.0,3.0,12.011930681626641,8.339167020023577,0.15681014940403565,3.197086409443261e-05,999968029.1359055,12.99999999999999,12.903358507552323,16.74847084715829,6.1060366622275195,1.508038196389593,0,0,0,0,-1,inf,0,-1,0,0,6080,1616,0,1788,0,2676,1.7275240215075278,4.140273670725392,False
lane_choice,P0,12016,40,4.0,3.0,-1.4841772517946121,-13.800125353527465,0.7112488585418857,0.27149979741639463,728500202.5836054,12.99999999999999,12.882786325056207,16.782438462261936,inf,1.5013499953110632,0,0,0,0,-1,inf,0,-1,0,0,6080,1879,0,1762,0,2439,1.6612458786914026,4.026972751484534,False
lane_choice,P1,12016,40,4.0,3.0,11.415283391778742,7.917465961148334,0.19749853001493048,9.757018575009277e-05,999902429.81425,12.999999999999991,12.91210617836171,16.755131274768452,6.1060366622275195,1.5001885304115121,0,0,0,0,-1,inf,0,-1,0,0,6080,1784,0,1780,0,2516,1.6612458786914026,4.026972751484534,False
lane_choice,P2,12016,40,4.0,3.0,12.004846002929833,8.39448333904421,0.15610001630200873,2.9520593791208425e-05,999970479.4062088,12.999999999999993,12.902589135019047,16.747476673586238,6.1060366622275195,1.5086487573915592,0,0,0,0,-1,inf,0,-1,0,0,6080,1608,0,1796,0,2676,1.6612458786914026,4.026972751484534,False
lane_choice,P3,12016,40,4.0,3.0,12.076728932495755,9.263228055490746,0.13843144961890505,8.18915618597111e-06,999991810.8438139,12.99999999999999,12.911716648644994,16.757163456939804,6.1060366622275195,1.5028868179940864,0,0,0,0,-1,inf,0,-1,0,0,6080,1729,0,1751,0,2600,1.6612458786914026,4.026972751484534,False
lane_choice,P4,12016,40,4.0,3.0,12.011930681626641,8.339167020023577,0.15681014940403565,3.197086409443261e-05,999968029.1359055,12.99999999999999,12.903358507552323,16.74847084715829,6.1060366622275195,1.508038196389593,0,0,0,0,-1,inf,0,-1,0,0,6080,1616,0,1788,0,2676,1.6612458786914026,4.026972751484534,False
lane_choice,P0,12017,40,4.0,3.0,-1.4841772517946121,-13.800125353527465,0.7112488585418857,0.27149979741639463,728500202.5836054,12.99999999999999,12.882786325056207,16.782438462261936,inf,1.5013499953110632,0,0,0,0,-1,inf,0,-1,0,0,6080,1879,0,1762,0,2439,1.850548397141478,4.409933711478084,False
lane_choice,P1,12017,40,4.0,3.0,11.435182525296545,8.012373056845629,0.19517708609454484,8.383575704004454e-05,999916164.24296,12.99999999999999,12.910819574708963,16.753017151880435,6.1060366622275195,1.501167547298801,0,0,0,0,-1,inf,0,-1,0,0,6080,1768,0,1784,0,2528,1.850548397141478,4.409933711478084,False
lane_choice,P2,12017,40,4.0,3.0,12.008621702981113,8.339167020023577,0.15701360302838382,3.2002794464293644e-05,999967997.2055357,12.99999999999999,12.903358507552323,16.74847084715829,6.1060366622275195,1.508038196389593,0,0,0,0,-1,inf,0,-1,0,0,6080,1631,0,1773,0,2676,1.850548397141478,4.409933711478084,False
lane_choice,P3,12017,40,4.0,3.0,11.774571468909128,8.864510842673633,0.1650053882993474,2.0320664283531382e-05,999979679.3357166,12.999999999999991,12.90832076244491,16.74847084715829,6.1060366622275195,1.5014545503952075,0,0,0,0,-1,inf,0,-1,0,0,6080,1691,0,1829,0,2560,1.850548397141478,4.409933711478084,False
lane_choice,P4,12017,40,4.0,3.0,12.011930681626641,8.339167020023577,0.15681014940403565,3.197086409443261e-05,999968029.1359055,12.99999999999999,12.903358507552323,16.74847084715829,6.1060366622275195,1.508038196389593,0,0,0,0,-1,inf,0,-1,0,0,6080,1616,0,1788,0,2676,1.850548397141478,4.409933711478084,False
lane_choice,P0,12018,40,4.0,3.0,-1.4841772517946121,-13.800125353527465,0.7112488585418857,0.27149979741639463,728500202.5836054,12.99999999999999,12.882786325056207,16.782438462261936,inf,1.5013499953110632,0,0,0,0,-1,inf,0,-1,0,0,6080,1879,0,1762,0,2439,1.6996636532230405,4.112250994043594,False
lane_choice,P1,12018,40,4.0,3.0,11.415283391778742,7.917465961148334,0.19749853001493048,9.757018575009277e-05,999902429.81425,12.999999999999991,12.91210617836171,16.755131274768452,6.1060366622275195,1.5001885304115121,0,0,0,0,-1,inf,0,-1,0,0,6080,1784,0,1780,0,2516,1.6996636532230405,4.112250994043594,False
lane_choice,P2,12018,40,4.0,3.0,12.004846002929833,8.39448333904421,0.15610001630200873,2.9520593791208425e-05,999970479.4062088,12.999999999999993,12.902589135019047,16.747476673586238,6.1060366622275195,1.5086487573915592,0,0,0,0,-1,inf,0,-1,0,0,6080,1608,0,1796,0,2676,1.6996636532230405,4.112250994043594,False
lane_choice,P3,12018,40,4.0,3.0,12.076728932495755,9.263228055490746,0.13843144961890505,8.18915618597111e-06,999991810.8438139,12.99999999999999,12.911716648644994,16.757163456939804,6.1060366622275195,1.5028868179940864,0,0,0,0,-1,inf,0,-1,0,0,6080,1729,0,1751,0,2600,1.6996636532230405,4.112250994043594,False
lane_choice,P4,12018,40,4.0,3.0,12.011930681626641,8.339167020023577,0.15681014940403565,3.197086409443261e-05,999968029.1359055,12.99999999999999,12.903358507552323,16.74847084715829,6.1060366622275195,1.508038196389593,0,0,0,0,-1,inf,0,-1,0,0,6080,1616,0,1788,0,2676,1.6996636532230405,4.112250994043594,False
lane_choice,P0,12019,40,4.0,3.0,-1.4841772517946121,-13.800125353527465,0.7112488585418857,0.27149979741639463,728500202.5836054,12.99999999999999,12.882786325056207,16.782438462261936,inf,1.5013499953110632,0,0,0,0,-1,inf,0,-1,0,0,6080,1879,0,1762,0,2439,1.7231585432988623,4.192194586139385,False
lane_choice,P1,12019,40,4.0,3.0,11.435182525296545,8.012373056845629,0.19517708609454484,8.383575704004454e-05,999916164.24296,12.99999999999999,12.910819574708963,16.753017151880435,6.1060366622275195,1.501167547298801,0,0,0,0,-1,inf,0,-1,0,0,6080,1768,0,1784,0,2528,1.7231585432988623,4.192194586139385,False
lane_choice,P2,12019,40,4.0,3.0,11.774571468909128,8.864510842673633,0.1650053882993474,2.0320664283531382e-05,999979679.3357166,12.999999999999991,12.90832076244491,16.74847084715829,6.1060366622275195,1.5014545503952075,0,0,0,0,-1,inf,0,-1,0,0,6080,1691,0,1829,0,2560,1.7231585432988623,4.192194586139385,False
lane_choice,P3,12019,40,4.0,3.0,12.076728932495755,9.263228055490746,0.13843144961890505,8.18915618597111e-06,999991810.8438139,12.99999999999999,12.911716648644994,16.757163456939804,6.1060366622275195,1.5028868179940864,0,0,0,0,-1,inf,0,-1,0,0,6080,1729,0,1751,0,2600,1.7231585432988623,4.192194586139385,False
lane_choice,P4,12019,40,4.0,3.0,12.011930681626641,8.339167020023577,0.15681014940403565,3.197086409443261e-05,999968029.1359055,12.99999999999999,12.903358507552323,16.74847084715829,6.1060366622275195,1.508038196389593,0,0,0,0,-1,inf,0,-1,0,0,6080,1616,0,1788,0,2676,1.7231585432988623,4.192194586139385,False
overtake,P0,12000,50,5.0,3.0,20.828081826957863,17.202168997219456,0.00292106213225597,2.1974075642943976e-25,1000000000.0,43.36833333333333,43.36833333333333,5.63556076496251,3.3592506019576636,inf,0,0,0,0,-1,inf,1,1,0,1,7600,0,0,0,2755,4845,1.4661146003629009,3.4794881401075686,False
overtake,P1,12000,50,5.0,3.0,20.87912343459727,17.202168997219456,0.002814976030545116,2.185110063786852e-25,1000000000.0,43.13000000000001,43.13000000000001,5.873736093079112,3.535463649241974,inf,0,0,0,0,-1,inf,1,1,0,1,7600,0,0,0,2715,4885,1.4661146003629009,3.4794881401075686,False
overtake,P2,12000,50,5.0,3.0,20.828081826957863,17.202168997219456,0.00292106213225597,2.1974075642943976e-25,1000000000.0,43.36833333333333,43.36833333333333,5.63556076496251,3.3592506019576636,inf,0,0,0,0,-1,inf,1,1,0,1,7600,0,0,0,2755,4845,1.4661146003629009,3.4794881401075686,False
overtake,P3,12000,50,5.0,3.0,20.828081826957863,17.202168997219456,0.00292106213225597,2.1974075642943976e-25,1000000000.0,43.36833333333333,43.36833333333333,5.63556076496251,3.3592506019576636,inf,0,0,0,0,-1,inf,1,1,0,1,7600,0,0,0,2755,4845,1.4661146003629009,3.4794881401075686,False
overtake,P4,12000,50,5.0,3.0,20.828081826957863,17.202168997219456,0.00292106213225597,2.1974075642943976e-25,1000000000.0,43.36833333333333,43.36833333333333,5.63556076496251,3.3592506019576636,inf,0,0,0,0,-1,inf,1,1,0,1,7600,0,0,0,2755,4845,1.4661146003629009,3.4794881401075686,False
overtake,P0,12001,50,5.0,3.0,21.012271783704378,17.202168997219456,0.002790345657969318,2.1969359942692484e-25,1000000000.0,43.45999999999999,43.45999999999999,5.5439584856977895,3.2446140777231487,inf,0,0,0,0,-1,inf,1,1,0,1,7600,0,0,0,2845,4755,1.4939372381566918,3.4896592813424183,False
overtake,P1,12001,50,5.0,3.0,20.86136186469106,17.202168997219456,0.002810673598667307,2.1851119158723133e-25,1000000000.0,43.11000000000001,43.11000000000001,5.893723414883015,3.4154588316001773,inf,0,0,0,0,-1,inf,1,1,0,1,7600,0,0,0,2683,4917,1.4939372381566918,3.4896592813424183,False
overtake,P2,12001,50,5.0,3.0,21.012271783704378,17.202168997219456,0.002790345657969318,2.1969359942692484e-25,1000000000.0,43.45999999999999,43.45999999999999,5.5439584856977895,3.2446140777231487,inf,0,0,0,0,-1,inf,1,1,0,1,7600,0,0,0,2845,4755,1.4939372381566918,3.4896592813424183,False
overtake,P3,12001,50,5.0,3.0,21.012271783704378,17.202168997219456,0.002790345657969318,2.1969359942692484e-25,1000000000.0,43.45999999999999,43.45999999999999,5.5439584856977895,3.2446140777231487,inf,0,0,0,0,-1,inf,1,1,0,1,7600,0,0,0,2845,4755,1.4939372381566918,3.4896592813424183,False
overtake,P4,12001,50,5.0,3.0,21.00859137835841,17.202168997219456,0.002790891399988649,2.1969359942692484e-25,1000000000.0,43.452333333333314,43.452333333333314,5.551619685784054,3.2446140777231487,inf,0,0,0,0,-1,inf,1,1,0,1,7600,0,0,0,2834,4766,1.4939372381566918,3.4896592813424183,False
overtake,P0,12002,50,5.0,3.0,21.04115186612713,17.202168997219456,0.002808994142467083,2.195559987081264e-25,1000000000.0,43.6516666666667,43.6516666666667,5.352433571337852,3.1635413988998202,inf,0,0,0,0,-1,inf,1,1,0,1,7600,0,0,0,2904,4696,1.4998051658004539,3.469227454173347,False
overtake,P1,12002,50,5.0,3.0,20.98076086268687,17.202168997219456,0.002797367474663863,2.1851273729934365e-25,1000000000.0,43.370000000000005,43.370000000000005,5.633895250281134,3.2736656585103545,inf,0,0,0,0,-1,inf,1,1,0,1,7600,0,0,0,2775,4825,1.4998051658004539,3.469227454173347,False
overtake,P2,12002,50,5.0,3.0,21.04115186612713,17.202168997219456,0.002808994142467083,2.195559987081264e-25,1000000000.0,43.6516666666667,43.6516666666667,5.352433571337852,3.1635413988998202,inf,0,0,0,0,-1,inf,1,1,0,1,7600,0,0,0,2904,4696,1.4998051658004539,3.469227454173347,False
overtake,P3,12002,50,5.0,3.0,21.04115186612713,17.202168997219456,0.002808994142467083,2.195559987081264e-25,1000000000.0,43.6516666666667,43.6516666666667,5.352433571337852,3.1635413988998202,inf,0,0,0,0,-1,inf,1,1,0,1,7600,0,0,0,2904,4696,1.4998051658004539,3.469227454173347,False
overtake,P4,12002,50,5.0,3.0,21.035573013833197,17.202168997219456,0.002809690517282508,2.195559987081264e-25,1000000000.0,43.627000000000024,43.627000000000024,5.377081428725078,3.1635413988998202,inf,0,0,0,0,-1,inf,1,1,0,1,7600,0,0,0,2896,4704,1.4998051658004539,3.469227454173347,False
overtake,P0,12003,50,5.0,3.0,20.65708753581407,17.202168997219456,0.003082445505468814,2.2349447478755343e-25,1000000000.0,43.14933333333333,43.14933333333333,5.854415097649367,3.265205755959078,inf,0,0,0,0,-1,inf,1,1,0,1,7600,0,0,0,2816,4784,1.497664480626844,3.4367013398593413,False
overtake,P1,12003,50,5.0,3.0,20.614595808390536,17.202168997219456,0.0030909814805126527,2.2349447478755343e-25,1000000000.0,42.94000000000001,42.94000000000001,6.063619025890416,3.265205755959078,inf,0,0,0,0,-1,inf,1,1,0,1,7600,0,0,0,2719,4881,1.497664480626844,3.4367013398593413,False
overtake,P2,12003,50,5.0,3.0,20.65708753581407,17.202168997219456,0.003082445505468814,2.2349447478755343e-25,1000000000.0,43.14933333333333,43.14933333333333,5.854415097649367,3.265205755959078,inf,0,0,0,0,-1,inf,1,1,0,1,7600,0,0,0,2816,4784,1.497664480626844,3.4367013398593413,False
overtake,P3,12003,50,5.0,3.0,20.65708753581407,17.202168997219456,0.003082445505468814,2.2349447478755343e-25,1000000000.0,43.14933333333333,43.14933333333333,5.854415097649367,3.265205755959078,inf,0,0,0,0,-1,inf,1,1,0,1,7600,0,0,0,2816,4784,1.497664480626844,3.4367013398593413,False
overtake,P4,12003,50,5.0,3.0,20.649728310667893,17.202168997219456,0.0030836791272176437,2.2349447478755343e-25,1000000000.0,43.09933333333333,43.09933333333333,5.904383354953468,3.265205755959078,inf,0,0,0,0,-1,inf,1,1,0,1,7600,0,0,0,2795,4805,1.497664480626844,3.4367013398593413,False
overtake,P0,12004,50,5.0,3.0,20.765427701776584,17.202168997219456,0.002925012645267089,2.1889412438404366e-25,1000000000.0,43.29966666666666,43.29966666666666,5.704180554843226,3.7140645497470417,inf,0,0,0,0,-1,inf,1,1,0,1,7600,0,0,0,2797,4803,1.4466386610651387,3.454230377007302,False
overtake,P1,12004,50,5.0,3.0,20.667810131120245,17.202168997219456,0.0029532932388438337,2.1889412438404366e-25,1000000000.0,43.04999999999999,43.04999999999999,5.953685891205589,3.9239840813305182,inf,0,0,0,0,-1,inf,1,1,0,1,7600,0,0,0,2672,4928,1.4466386610651387,3.454230377007302,False
overtake,P2,12004,50,5.0,3.0,20.765427701776584,17.202168997219456,0.002925012645267089,2.1889412438404366e-25,1000000000.0,43.29966666666666,43.29966666666666,5.704180554843226,3.7140645497470417,inf,0,0,0,0,-1,inf,1,1,0,1,7600,0,0,0,2797,4803,1.4466386610651387,3.454230377007302,False
overtake,P3,12004,50,5.0,3.0,20.765427701776584,17.202168997219456,0.002925012645267089,2.1889412438404366e-25,1000000000.0,43.29966666666666,43.29966666666666,5.704180554843226,3.7140645497470417,inf,0,0,0,0,-1,inf,1,1,0,1,7600,0,0,0,2797,4803,1.4466386610651387,3.454230377007302,False
overtake,P4,12004,50,5.0,3.0,20.76036889926096,17.202168997219456,0.00292584176285731,2.1889412438404366e-25,1000000000.0,43.27733333333333,43.27733333333333,5.726498884040595,3.7140645497470417,inf,0,0,0,0,-1,inf,1,1,0,1,7600,0,0,0,2788,4812,1.4466386610651387,3.454230377007302,False
overtake,P0,12005,50,5.0,3.0,20.916530372053113,17.202168997219456,0.0028151631153680514,2.187616257810678e-25,1000000000.0,43.29466666666664,43.29466666666664,5.7091771855132585,3.1975996208115154,inf,0,0,0,0,-1,inf,1,1,0,1,7600,0,0,0,2705,4895,1.5467023109989746,3.5161390922572404,False
overtake,P1,12005,50,5.0,3.0,20.938392251797936,17.202168997219456,0.002760126429950676,2.1851098583493965e-25,1000000000.0,43.13999999999999,43.13999999999999,5.863742464598906,3.20258168795327,inf,0,0,0,0,-1,inf,1,1,0,1,7600,0,0,0,2663,4937,1.5467023109989746,3.5161390922572404,False
overtake,P2,12005,50,5.0,3.0,20.916530372053113,17.202168997219456,0.0028151631153680514,2.187616257810678e-25,1000000000.0,43.29466666666664,43.29466666666664,5.7091771855132585,3.1975996208115154,inf,0,0,0,0,-1,inf,1,1,0,1,7600,0,0,0,2705,4895,1.5467023109989746,3.5161390922572404,False
overtake,P3,12005,50,5.0,3.0,20.916530372053113,17.202168997219456,0.0028151631153680514,2.187616257810678e-25,1000000000.0,43.29466666666664,43.29466666666664,5.7091771855132585,3.1975996208115154,inf,0,0,0,0,-1,inf,1,1,0,1,7600,0,0,0,2705,4895,1.5467023109989746,3.5161390922572404,False
overtake,P4,12005,50,5.0,3.0,20.916415019787514,17.202168997219456,0.0028151772537758275,2.187616257810678e-25,1000000000.0,43.29166666666664,43.29166666666664,5.712175166745597,3.1975996208115154,inf,0,0,0,0,-1,inf,1,1,0,1,7600,0,0,0,2705,4895,1.5467023109989746,3.5161390922572404,False
overtake,P0,12006,50,5.0,3.0,20.81127556817791,17.202168997219456,0.002930650017218965,2.195558710359744e-25,1000000000.0,43.217333333333315,43.217333333333315,5.786459147779268,3.3492592615507926,inf,0,0,0,0,-1,inf,1,1,0,1,7600,0,0,0,2675,4925,1.4554887605100435,3.466151599127011,False
overtake,P1,12006,50,5.0,3.0,20.935195911900617,17.202168997219456,0.0028318597888401485,2.185130347370403e-25,1000000000.0,43.23,43.23,5.773800801130951,3.1126240201516726,inf,0,0,0,0,-1,inf,1,1,0,1,7600,0,0,0,2704,4896,1.4554887605100435,3.466151599127011,False
overtake,P2,12006,50,5.0,3.0,20.81127556817791,17.202168997219456,0.002930650017218965,2.195558710359744e-25,1000000000.0,43.217333333333315,43.217333333333315,5.786459147779268,3.3492592615507926,inf,0,0,0,0,-1,inf,1,1,0,1,7600,0,0,0,2675,4925,1.4554887605100435,3.466151599127011,False
overtake,P3,12006,50,5.0,3.0,20.81127556817791,17.202168997219456,0.002930650017218965,2.195558710359744e-25,1000000000.0,43.217333333333315,43.217333333333315,5.786459147779268,3.3492592615507926,inf,0,0,0,0,-1,inf,1,1,0,1,7600,0,0,0,2675,4925,1.4554887605100435,3.466151599127011,False
overtake,P4,12006,50,5.0,3.0,20.80673350300092,17.202168997219456,0.0029313181737651794,2.195558710359744e-25,1000000000.0,43.184,43.184,5.8197707593289625,3.3492592615507926,inf,0,0,0,0,-1,inf,1,1,0,1,7600,0,0,0,2660,4940,1.4554887605100435,3.466151599127011,False
overtake,P0,12007,50,5.0,3.0,20.869336636005254,17.202168997219456,0.0028833828960622837,2.2072759196544405e-25,1000000000.0,43.32000000000001,43.32000000000001,5.68386098450167,3.383860824682631,inf,0,0,0,0,-1,inf,1,1,0,1,7600,0,0,0,2839,4761,1.5573539939283736,3.444879142383064,False
overtake,P1,12007,50,5.0,3.0,20.8457879159795,17.202168997219456,0.0028699891891269484,2.20719573438381e-25,1000000000.0,43.11999999999998,43.11999999999998,5.883729743210558,3.422450839954534,inf,0,0,0,0,-1,inf,1,1,0,1,7600,0,0,0,2755,4845,1.5573539939283736,3.444879142383064,False
overtake,P2,12007,50,5.0,3.0,20.869336636005254,17.202168997219456,0.0028833828960622837,2.2072759196544405e-25,1000000000.0,43.32000000000001,43.32000000000001,5.68386098450167,3.383860824682631,inf,0,0,0,0,-1,inf,1,1,0,1,7600,0,0,0,2839,4761,1.5573539939283736,3.444879142383064,False
overtake,P3,12007,50,5.0,3.0,20.869336636005254,17.202168997219456,0.0028833828960622837,2.2072759196544405e-25,1000000000.0,43.32000000000001,43.32000000000001,5.68386098450167,3.383860824682631,inf,0,0,0,0,-1,inf,1,1,0,1,7600,0,0,0,2839,4761,1.5573539939283736,3.444879142383064,False
overtake,P4,12007,50,5.0,3.0,20.869336636005254,17.202168997219456,0.0028833828960622837,2.2072759196544405e-25,1000000000.0,43.32000000000001,43.32000000000001,5.68386098450167,3.383860824682631,inf,0,0,0,0,-1,inf,1,1,0,1,7600,0,0,0,2839,4761,1.5573539939283736,3.444879142383064,False
overtake,P0,12008,50,5.0,3.0,20.85053943657333,17.202168997219456,0.002887252522935834,2.197726728874978e-25,1000000000.0,43.34166666666665,43.34166666666665,5.662209092063954,3.5314350631117515,inf,0,0,0,0,-1,inf,1,1,0,1,7600,0,0,0,2762,4838,1.553285045559235,3.6483003846066784,False
overtake,P1,12008,50,5.0,3.0,20.821917926160555,17.202168997219456,0.002831143095167638,2.185110062025824e-25,1000000000.0,43.00999999999998,43.00999999999998,5.993661292660827,3.6649479481871476,inf,0,0,0,0,-1,inf,1,1,0,1,7600,0,0,0,2619,4981,1.553285045559235,3.6483003846066784,False
overtake,P2,12008,50,5.0,3.0,20.85053943657333,17.202168997219456,0.002887252522935834,2.197726728874978e-25,1000000000.0,43.34166666666665,43.34166666666665,5.662209092063954,3.5314350631117515,inf,0,0,0,0,-1,inf,1,1,0,1,7600,0,0,0,2762,4838,1.553285045559235,3.6483003846066784,False
overtake,P3,12008,50,5.0,3.0,20.85053943657333,17.202168997219456,0.002887252522935834,2.197726728874978e-25,1000000000.0,43.34166666666665,43.34166666666665,5.662209092063954,3.5314350631117515,inf,0,0,0,0,-1,inf,1,1,0,1,7600,0,0,0,2762,4838,1.553285045559235,3.6483003846066784,False
overtake,P4,12008,50,5.0,3.0,20.85005099466729,17.202168997219456,0.0028873129026764214,2.197726728874978e-25,1000000000.0,43.333666666666645,43.333666666666645,5.670203623820318,3.5314350631117515,inf,0,0,0,0,-1,inf,1,1,0,1,7600,0,0,0,2761,4839,1.553285045559235,3.6483003846066784,False
overtake,P0,12009,50,5.0,3.0,21.132114464041393,17.202168997219456,0.002755543572895665,2.1860029148565443e-25,1000000000.0,43.46833333333333,43.46833333333333,5.51673455331222,2.8438554944860415,inf,0,0,0,0,-1,inf,1,1,0,1,7600,0,0,0,3022,4578,1.5348255184463877,3.561233303756469,False
overtake,P1,12009,50,5.0,3.0,21.109765152108334,17.202168997219456,0.0027609477910045042,2.1860029148565443e-25,1000000000.0,43.40000000000001,43.398872150391995,5.603219321301472,2.9870363266786826,inf,0,0,0,0,-1,inf,1,1,0,1,7600,48,0,0,2940,4612,1.5348255184463877,3.561233303756469,False
overtake,P2,12009,50,5.0,3.0,21.132114464041393,17.202168997219456,0.002755543572895665,2.1860029148565443e-25,1000000000.0,43.46833333333333,43.46833333333333,5.51673455331222,2.8438554944860415,inf,0,0,0,0,-1,inf,1,1,0,1,7600,0,0,0,3022,4578,1.5348255184463877,3.561233303756469,False
overtake,P3,12009,50,5.0,3.0,21.132114464041393,17.202168997219456,0.002755543572895665,2.1860029148565443e-25,1000000000.0,43.46833333333333,43.46833333333333,5.51673455331222,2.8438554944860415,inf,0,0,0,0,-1,inf,1,1,0,1,7600,0,0,0,3022,4578,1.5348255184463877,3.561233303756469,False
overtake,P4,12009,50,5.0,3.0,21.132114464041393,17.202168997219456,0.002755543572895665,2.1860029148565443e-25,1000000000.0,43.46833333333333,43.46833333333333,5.51673455331222,2.8438554944860415,inf,0,0,0,0,-1,inf,1,1,0,1,7600,0,0,0,3022,4578,1.5348255184463877,3.561233303756469,False
overtake,P0,12010,50,5.0,3.0,21.044571500288054,17.202168997219456,0.0027798345358147135,2.2024539366426825e-25,1000000000.0,43.25766666666667,43.25766666666667,5.746152434651505,2.9865728436421057,inf,0,0,0,0,-1,inf,1,1,0,1,7600,0,0,0,2844,4756,1.3687886064869808,3.2727451673874257,False
overtake,P1,12010,50,5.0,3.0,21.023882458263905,17.202168997219456,0.002787574068668876,2.2024539366426825e-25,1000000000.0,43.12000000000001,43.115191252494924,5.884971484324089,3.063530261951618,inf,0,0,0,0,-1,inf,1,1,0,1,7600,231,0,0,2652,4717,1.3687886064869808,3.2727451673874257,False
overtake,P2,12010,50,5.0,3.0,21.044571500288054,17.202168997219456,0.0027798345358147135,2.2024539366426825e-25,1000000000.0,43.25766666666667,43.25766666666667,5.746152434651505,2.9865728436421057,inf,0,0,0,0,-1,inf,1,1,0,1,7600,0,0,0,2844,4756,1.3687886064869808,3.2727451673874257,False
overtake,P3,12010,50,5.0,3.0,21.044571500288054,17.202168997219456,0.0027798345358147135,2.2024539366426825e-25,1000000000.0,43.25766666666667,43.25766666666667,5.746152434651505,2.9865728436421057,inf,0,0,0,0,-1,inf,1,1,0,1,7600,0,0,0,2844,4756,1.3687886064869808,3.2727451673874257,False
overtake,P4,12010,50,5.0,3.0,21.044571500288054,17.202168997219456,0.0027798345358147135,2.2024539366426825e-25,1000000000.0,43.25766666666667,43.25766666666667,5.746152434651505,2.9865728436421057,inf,0,0,0,0,-1,inf,1,1,0,1,7600,0,0,0,2844,4756,1.3687886064869808,3.2727451673874257,False
overtake,P0,12011,50,5.0,3.0,21.014954724929243,17.202168997219456,0.0028007900225017215,2.1977860016156428e-25,1000000000.0,43.52733333333334,43.52733333333334,5.47667382044839,3.3336477394916346,inf,0,0,0,0,-1,inf,1,1,0,1,7600,0,0,0,2882,4718,1.5093259895039137,3.5815277556345904,False
overtake,P1,12011,50,5.0,3.0,20.902306462026576,17.202168997219456,0.002778976406022554,2.185109858349406e-25,1000000000.0,43.14999999999998,43.14999999999998,5.853748857880789,3.361653738109688,inf,0,0,0,0,-1,inf,1,1,0,1,7600,0,0,0,2722,4878,1.5093259895039137,3.5815277556345904,False
overtake,P2,12011,50,5.0,3.0,21.014954724929243,17.202168997219456,0.0028007900225017215,2.1977860016156428e-25,1000000000.0,43.52733333333334,43.52733333333334,5.47667382044839,3.3336477394916346,inf,0,0,0,0,-1,inf,1,1,0,1,7600,0,0,0,2882,4718,1.5093259895039137,3.5815277556345904,False
overtake,P3,12011,50,5.0,3.0,21.014954724929243,17.202168997219456,0.0028007900225017215,2.1977860016156428e-25,1000000000.0,43.52733333333334,43.52733333333334,5.47667382044839,3.3336477394916346,inf,0,0,0,0,-1,inf,1,1,0,1,7600,0,0,0,2882,4718,1.5093259895039137,3.5815277556345904,False
overtake,P4,12011,50,5.0,3.0,21.005077062190384,17.202168997219456,0.0028020700647309084,2.1977860016156428e-25,1000000000.0,43.46966666666666,43.46966666666666,5.534298733255932,3.3336477394916346,inf,0,0,0,0,-1,inf,1,1,0,1,7600,0,0,0,2866,4734,1.5093259895039137,3.5815277556345904,False
overtake,P0,12012,50,5.0,3.0,20.740216738066973,17.202168997219456,0.00298799014757936,2.18989846540705e-25,1000000000.0,43.126666666666665,43.126666666666665,5.877067307389362,3.4287837733740507,inf,0,0,0,0,-1,inf,1,1,0,1,7600,0,0,0,2838,4762,1.401883525567821,3.3403574658579624,False
overtake,P1,12012,50,5.0,3.0,20.662925145844365,17.202168997219456,0.0030077058540917373,2.18989846540705e-25,1000000000.0,42.94000000000001,42.94000000000001,6.063619025890416,3.686583415852895,inf,0,0,0,0,-1,inf,1,1,0,1,7600,0,0,0,2739,4861,1.401883525567821,3.3403574658579624,False
overtake,P2,12012,50,5.0,3.0,20.740216738066973,17.202168997219456,0.00298799014757936,2.18989846540705e-25,1000000000.0,43.126666666666665,43.126666666666665,5.877067307389362,3.4287837733740507,inf,0,0,0,0,-1,inf,1,1,0,1,7600,0,0,0,2838,4762,1.401883525567821,3.3403574658579624,False
overtake,P3,12012,50,5.0,3.0,20.740216738066973,17.202168997219456,0.00298799014757936,2.18989846540705e-25,1000000000.0,43.126666666666665,43.126666666666665,5.877067307389362,3.4287837733740507,inf,0,0,0,0,-1,inf,1,1,0,1,7600,0,0,0,2838,4762,1.401883525567821,3.3403574658579624,False
overtake,P4,12012,50,5.0,3.0,20.730750238185657,17.202168997219456,0.002989494160173152,2.18989846540705e-25,1000000000.0,43.06166666666667,43.06166666666667,5.942026461479126,3.4287837733740507,inf,0,0,0,0,-1,inf,1,1,0,1,7600,0,0,0,2813,4787,1.401883525567821,3.3403574658579624,False
overtake,P0,12013,50,5.0,3.0,20.993657143617906,17.202168997219456,0.002810266155138066,2.186632712253603e-25,1000000000.0,43.35633333333332,43.35633333333332,5.647552490733044,3.0751517379346462,inf,0,0,0,0,-1,inf,1,1,0,1,7600,0,0,0,2821,4779,1.5833668881154852,3.5677374063953384,False
overtake,P1,12013,50,5.0,3.0,20.936715587892326,17.202168997219456,0.0028041980881849922,2.185110063786852e-25,1000000000.0,43.26000000000001,43.26000000000001,5.743820652765913,3.221269216799027,inf,0,0,0,0,-1,inf,1,1,0,1,7600,0,0,0,2792,4808,1.5833668881154852,3.5677374063953384,False
overtake,P2,12013,50,5.0,3.0,20.993657143617906,17.202168997219456,0.002810266155138066,2.186632712253603e-25,1000000000.0,43.35633333333332,43.35633333333332,5.647552490733044,3.0751517379346462,inf,0,0,0,0,-1,inf,1,1,0,1,7600,0,0,0,2821,4779,1.5833668881154852,3.5677374063953384,False
overtake,P3,12013,50,5.0,3.0,20.993657143617906,17.202168997219456,0.002810266155138066,2.186632712253603e-25,1000000000.0,43.35633333333332,43.35633333333332,5.647552490733044,3.0751517379346462,inf,0,0,0,0,-1,inf,1,1,0,1,7600,0,0,0,2821,4779,1.5833668881154852,3.5677374063953384,False
overtake,P4,12013,50,5.0,3.0,20.993657143617906,17.202168997219456,0.002810266155138066,2.186632712253603e-25,1000000000.0,43.35633333333332,43.35633333333332,5.647552490733044,3.0751517379346462,inf,0,0,0,0,-1,inf,1,1,0,1,7600,0,0,0,2821,4779,1.5833668881154852,3.5677374063953384,False
overtake,P0,12014,50,5.0,3.0,20.414318942447267,17.202168997219456,0.0033118567092593598,2.20873777068219e-25,1000000000.0,43.03066666666666,43.03066666666666,5.973007294117837,3.509125869585355,inf,0,0,0,0,-1,inf,1,1,0,1,7600,0,0,0,2769,4831,1.6369551706238403,3.81680713607936,False
overtake,P1,12014,50,5.0,3.0,20.365894414085012,17.202168997219456,0.0033078757100597055,2.1966941294051085e-25,1000000000.0,42.84,42.84,6.1635603096863045,3.6387583204137455,inf,0,0,0,0,-1,inf,1,1,0,1,7600,0,0,0,2679,4921,1.6369551706238403,3.81680713607936,False
overtake,P2,12014,50,5.0,3.0,20.414318942447267,17.202168997219456,0.0033118567092593598,2.20873777068219e-25,1000000000.0,43.03066666666666,43.03066666666666,5.973007294117837,3.509125869585355,inf,0,0,0,0,-1,inf,1,1,0,1,7600,0,0,0,2769,4831,1.6369551706238403,3.81680713607936,False
overtake,P3,12014,50,5.0,3.0,20.414318942447267,17.202168997219456,0.0033118567092593598,2.20873777068219e-25,1000000000.0,43.03066666666666,43.03066666666666,5.973007294117837,3.509125869585355,inf,0,0,0,0,-1,inf,1,1,0,1,7600,0,0,0,2769,4831,1.6369551706238403,3.81680713607936,False
overtake,P4,12014,50,5.0,3.0,20.412870894613445,17.202168997219456,0.0033121397016027637,2.20873777068219e-25,1000000000.0,43.026333333333305,43.026333333333305,5.9773379639757,3.535494062971044,inf,0,0,0,0,-1,inf,1,1,0,1,7600,0,0,0,2768,4832,1.6369551706238403,3.81680713607936,False
overtake,P0,12015,50,5.0,3.0,20.90243759052586,17.202168997219456,0.0028686423711208357,2.1998085258478726e-25,1000000000.0,43.29533333333331,43.29533333333331,5.708510967749683,3.0519169841963665,inf,0,0,0,0,-1,inf,1,1,0,1,7600,0,0,0,2848,4752,1.5135888098794208,3.534211880306296,False
overtake,P1,12015,50,5.0,3.0,20.882185069262235,17.202168997219456,0.0028660706136820137,2.189106431656461e-25,1000000000.0,43.19000000000001,43.19000000000001,5.813774650873582,3.1898279295880956,inf,0,0,0,0,-1,inf,1,1,0,1,7600,0,0,0,2813,4787,1.5135888098794208,3.534211880306296,False
overtake,P2,12015,50,5.0,3.0,20.90243759052586,17.202168997219456,0.0028686423711208357,2.1998085258478726e-25,1000000000.0,43.29533333333331,43.29533333333331,5.708510967749683,3.0519169841963665,inf,0,0,0,0,-1,inf,1,1,0,1,7600,0,0,0,2848,4752,1.5135888098794208,3.534211880306296,False
overtake,P3,12015,50,5.0,3.0,20.90243759052586,17.202168997219456,0.0028686423711208357,2.1998085258478726e-25,1000000000.0,43.29533333333331,43.29533333333331,5.708510967749683,3.0519169841963665,inf,0,0,0,0,-1,inf,1,1,0,1,7600,0,0,0,2848,4752,1.5135888098794208,3.534211880306296,False
overtake,P4,12015,50,5.0,3.0,20.90243759052586,17.202168997219456,0.0028686423711208357,2.1998085258478726e-25,1000000000.0,43.29533333333331,43.29533333333331,5.708510967749683,3.0519169841963665,inf,0,0,0,0,-1,inf,1,1,0,1,7600,0,0,0,2848,4752,1.5135888098794208,3.534211880306296,False
overtake,P0,12016,50,5.0,3.0,20.84908689344083,17.202168997219456,0.0028936204297714337,2.198795970568505e-25,1000000000.0,43.23533333333333,43.23533333333333,5.768470981890973,3.453342482380879,inf,0,0,0,0,-1,inf,1,1,0,1,7600,0,0,0,2675,4925,1.4870590301278994,3.492262365065703,False
overtake,P1,12016,50,5.0,3.0,20.959436799070254,17.202168997219456,0.002783425512174602,2.1858494494727665e-25,1000000000.0,43.14999999999997,43.14999999999997,5.853748857880797,3.2343998697714476,inf,0,0,0,0,-1,inf,1,1,0,1,7600,0,0,0,2681,4919,1.4870590301278994,3.492262365065703,False
overtake,P2,12016,50,5.0,3.0,20.84908689344083,17.202168997219456,0.0028936204297714337,2.198795970568505e-25,1000000000.0,43.23533333333333,43.23533333333333,5.768470981890973,3.453342482380879,inf,0,0,0,0,-1,inf,1,1,0,1,7600,0,0,0,2675,4925,1.4870590301278994,3.492262365065703,False
overtake,P3,12016,50,5.0,3.0,20.84908689344083,17.202168997219456,0.0028936204297714337,2.198795970568505e-25,1000000000.0,43.23533333333333,43.23533333333333,5.768470981890973,3.453342482380879,inf,0,0,0,0,-1,inf,1,1,0,1,7600,0,0,0,2675,4925,1.4870590301278994,3.492262365065703,False
overtake,P4,12016,50,5.0,3.0,20.84908689344083,17.202168997219456,0.0028936204297714337,2.198795970568505e-25,1000000000.0,43.23533333333333,43.23533333333333,5.768470981890973,3.453342482380879,inf,0,0,0,0,-1,inf,1,1,0,1,7600,0,0,0,2675,4925,1.4870590301278994,3.492262365065703,False
overtake,P0,12017,50,5.0,3.0,20.775248693432765,17.202168997219456,0.002988451107720284,2.2251837242717877e-25,1000000000.0,43.29666666666667,43.29666666666667,5.707178532537026,3.376833784986278,inf,0,0,0,0,-1,inf,1,1,0,1,7600,0,0,0,2847,4753,1.5184609622154703,3.5145583883358915,False
overtake,P1,12017,50,5.0,3.0,20.772146167930433,17.202168997219456,0.0029369652148646453,2.2222585702841844e-25,1000000000.0,42.99000000000001,42.99000000000001,6.0136491160642445,3.411504165393373,inf,0,0,0,0,-1,inf,1,1,0,1,7600,0,0,0,2691,4909,1.5184609622154703,3.5145583883358915,False
overtake,P2,12017,50,5.0,3.0,20.775248693432765,17.202168997219456,0.002988451107720284,2.2251837242717877e-25,1000000000.0,43.29666666666667,43.29666666666667,5.707178532537026,3.376833784986278,inf,0,0,0,0,-1,inf,1,1,0,1,7600,0,0,0,2847,4753,1.5184609622154703,3.5145583883358915,False
overtake,P3,12017,50,5.0,3.0,20.775248693432765,17.202168997219456,0.002988451107720284,2.2251837242717877e-25,1000000000.0,43.29666666666667,43.29666666666667,5.707178532537026,3.376833784986278,inf,0,0,0,0,-1,inf,1,1,0,1,7600,0,0,0,2847,4753,1.5184609622154703,3.5145583883358915,False
overtake,P4,12017,50,5.0,3.0,20.765298370304873,17.202168997219456,0.0029899923307713933,2.2251837242717877e-25,1000000000.0,43.24400000000001,43.24400000000001,5.759810039501328,3.376833784986278,inf,0,0,0,0,-1,inf,1,1,0,1,7600,0,0,0,2822,4778,1.5184609622154703,3.5145583883358915,False
overtake,P0,12018,50,5.0,3.0,21.042498271907178,17.202168997219456,0.0027815254883937317,2.1955271726277204e-25,1000000000.0,43.419999999999966,43.419999999999966,5.583930129500257,3.0161457267132485,inf,0,0,0,0,-1,inf,1,1,0,1,7600,0,0,0,2851,4749,1.437090272467808,3.3496102313922944,False
overtake,P1,12018,50,5.0,3.0,20.97837170450058,17.202168997219456,0.0027821361953814373,2.1851119158723142e-25,1000000000.0,43.309999999999995,43.309999999999995,5.693854203537392,3.276962713487409,inf,0,0,0,0,-1,inf,1,1,0,1,7600,0,0,0,2805,4795,1.437090272467808,3.3496102313922944,False
overtake,P2,12018,50,5.0,3.0,21.042498271907178,17.202168997219456,0.0027815254883937317,2.1955271726277204e-25,1000000000.0,43.419999999999966,43.419999999999966,5.583930129500257,3.0161457267132485,inf,0,0,0,0,-1,inf,1,1,0,1,7600,0,0,0,2851,4749,1.437090272467808,3.3496102313922944,False
overtake,P3,12018,50,5.0,3.0,21.042498271907178,17.202168997219456,0.0027815254883937317,2.1955271726277204e-25,1000000000.0,43.419999999999966,43.419999999999966,5.583930129500257,3.0161457267132485,inf,0,0,0,0,-1,inf,1,1,0,1,7600,0,0,0,2851,4749,1.437090272467808,3.3496102313922944,False
overtake,P4,12018,50,5.0,3.0,21.039924651803194,17.202168997219456,0.0027818582923614904,2.1955271726277204e-25,1000000000.0,43.40299999999999,43.40299999999999,5.600918200718564,3.0161457267132485,inf,0,0,0,0,-1,inf,1,1,0,1,7600,0,0,0,2846,4754,1.437090272467808,3.3496102313922944,False
overtake,P0,12019,50,5.0,3.0,20.606672739697625,17.202168997219456,0.003223508356091193,2.3115907643918937e-25,1000000000.0,43.13866666666663,43.13866666666663,5.865074947141363,3.2591770161070155,inf,0,0,0,0,-1,inf,1,1,0,1,7600,0,0,0,2726,4874,1.4837016757779895,3.3754186118820524,False
overtake,P1,12019,50,5.0,3.0,20.64728199837173,17.202168997219456,0.003115388053314458,2.3017941097106287e-25,1000000000.0,42.949999999999996,42.949999999999996,6.0536250041723285,3.2808058383334937,inf,0,0,0,0,-1,inf,1,1,0,1,7600,0,0,0,2673,4927,1.4837016757779895,3.3754186118820524,False
overtake,P2,12019,50,5.0,3.0,20.606672739697625,17.202168997219456,0.003223508356091193,2.3115907643918937e-25,1000000000.0,43.13866666666663,43.13866666666663,5.865074947141363,3.2591770161070155,inf,0,0,0,0,-1,inf,1,1,0,1,7600,0,0,0,2726,4874,1.4837016757779895,3.3754186118820524,False
overtake,P3,12019,50,5.0,3.0,20.606672739697625,17.202168997219456,0.003223508356091193,2.3115907643918937e-25,1000000000.0,43.13866666666663,43.13866666666663,5.865074947141363,3.2591770161070155,inf,0,0,0,0,-1,inf,1,1,0,1,7600,0,0,0,2726,4874,1.4837016757779895,3.3754186118820524,False
overtake,P4,12019,50,5.0,3.0,20.606672739697625,17.202168997219456,0.003223508356091193,2.3115907643918937e-25,1000000000.0,43.13866666666663,43.13866666666663,5.865074947141363,3.2591770161070155,inf,0,0,0,0,-1,inf,1,1,0,1,7600,0,0,0,2726,4874,1.4837016757779895,3.3754186118820524,False
intersection_turn,P0,12000,50,5.0,3.0,18.331077293423945,14.72403780401211,0.009677714688018185,2.2614855272116717e-15,999999999.9999979,41.56166666666666,41.56166666666666,6.487845259491875,3.9550147740798045,inf,0,0,0,0,-1,inf,0,-1,0,0,7600,0,0,0,2629,4971,1.4578250413582836,3.3853238124954625,False
intersection_turn,P1,12000,50,5.0,3.0,18.328351154816836,14.72403780401211,0.009679482346702285,2.2614855272116717e-15,999999999.9999979,41.489999999999995,41.489999999999995,6.558970955874105,3.9550147740798045,inf,0,0,0,0,-1,inf,0,-1,0,0,7600,0,0,0,2607,4993,1.4578250413582836,3.3853238124954625,False
intersection_turn,P2,12000,50,5.0,3.0,18.331077293423945,14.72403780401211,0.009677714688018185,2.2614855272116717e-15,999999999.9999979,41.56166666666666,41.56166666666666,6.487845259491875,3.9550147740798045,inf,0,0,0,0,-1,inf,0,-1,0,0,7600,0,0,0,2629,4971,1.4578250413582836,3.3853238124954625,False
intersection_turn,P3,12000,50,5.0,3.0,18.331077293423945,14.72403780401211,0.009677714688018185,2.2614855272116717e-15,999999999.9999979,41.56166666666666,41.56166666666666,6.487845259491875,3.9550147740798045,inf,0,0,0,0,-1,inf,0,-1,0,0,7600,0,0,0,2629,4971,1.4578250413582836,3.3853238124954625,False
intersection_turn,P4,12000,50,5.0,3.0,18.331077293423945,14.72403780401211,0.009677714688018185,2.2614855272116717e-15,999999999.9999979,41.56166666666666,41.56166666666666,6.487845259491875,3.9550147740798045,inf,0,0,0,0,-1,inf,0,-1,0,0,7600,0,0,0,2629,4971,1.4578250413582836,3.3853238124954625,False
intersection_turn,P0,12001,50,5.0,3.0,18.333429527863462,14.72403780401211,0.009674459327391575,2.2614855272116717e-15,999999999.9999979,41.58666666666666,41.58666666666666,6.463036781919514,3.9550147740798045,inf,0,0,0,0,-1,inf,0,-1,0,0,7600,0,0,0,2639,4961,1.5002729879920178,3.408824821313841,False
intersection_turn,P1,12001,50,5.0,3.0,18.299892303161883,14.72403780401211,0.009704852090736339,2.2614855272116717e-15,999999999.9999979,41.400000000000006,41.400000000000006,6.648308055437859,3.9550147740798045,inf,0,0,0,0,-1,inf,0,-1,0,0,7600,0,0,0,2559,5041,1.5002729879920178,3.408824821313841,False
intersection_turn,P2,12001,50,5.0,3.0,18.333429527863462,14.72403780401211,0.009674459327391575,2.2614855272116717e-15,999999999.9999979,41.58666666666666,41.58666666666666,6.463036781919514,3.9550147740798045,inf,0,0,0,0,-1,inf,0,-1,0,0,7600,0,0,0,2639,4961,1.5002729879920178,3.408824821313841,False
intersection_turn,P3,12001,50,5.0,3.0,18.333429527863462,14.72403780401211,0.009674459327391575,2.2614855272116717e-15,999999999.9999979,41.58666666666666,41.58666666666666,6.463036781919514,3.9550147740798045,inf,0,0,0,0,-1,inf,0,-1,0,0,7600,0,0,0,2639,4961,1.5002729879920178,3.408824821313841,False
intersection_turn,P4,12001,50,5.0,3.0,18.330296416611475,14.72403780401211,0.009676638004291556,2.2614855272116717e-15,999999999.9999979,41.54666666666664,41.54666666666664,6.502731050190487,3.9550147740798045,inf,0,0,0,0,-1,inf,0,-1,0,0,7600,0,0,0,2620,4980,1.5002729879920178,3.408824821313841,False
intersection_turn,P0,12002,50,5.0,3.0,18.35309141383768,14.72403780401211,0.009659602681619799,2.2614855272116717e-15,999999999.9999979,41.75333333333333,41.75333333333333,6.297685641919934,3.9550147740798045,inf,0,0,0,0,-1,inf,0,-1,0,0,7600,0,0,0,2663,4937,1.513943120578305,3.4015269751476067,False
intersection_turn,P1,12002,50,5.0,3.0,18.33072693573608,14.72403780401211,0.009677950183340724,2.2614855272116717e-15,999999999.9999979,41.56999999999999,41.56999999999999,6.479575603386389,3.9550147740798045,inf,0,0,0,0,-1,inf,0,-1,0,0,7600,0,0,0,2599,5001,1.513943120578305,3.4015269751476067,False
intersection_turn,P2,12002,50,5.0,3.0,18.35309141383768,14.72403780401211,0.009659602681619799,2.2614855272116717e-15,999999999.9999979,41.75333333333333,41.75333333333333,6.297685641919934,3.9550147740798045,inf,0,0,0,0,-1,inf,0,-1,0,0,7600,0,0,0,2663,4937,1.513943120578305,3.4015269751476067,False
intersection_turn,P3,12002,50,5.0,3.0,18.35309141383768,14.72403780401211,0.009659602681619799,2.2614855272116717e-15,999999999.9999979,41.75333333333333,41.75333333333333,6.297685641919934,3.9550147740798045,inf,0,0,0,0,-1,inf,0,-1,0,0,7600,0,0,0,2663,4937,1.513943120578305,3.4015269751476067,False
intersection_turn,P4,12002,50,5.0,3.0,18.351233881668385,14.72403780401211,0.009660821110426588,2.2614855272116717e-15,999999999.9999979,41.72666666666667,41.72666666666667,6.324137183135034,3.9550147740798045,inf,0,0,0,0,-1,inf,0,-1,0,0,7600,0,0,0,2654,4946,1.513943120578305,3.4015269751476067,False
intersection_turn,P0,12003,50,5.0,3.0,18.205839449266392,14.72403780401211,0.009952259418269573,2.2713399047539326e-15,999999999.9999977,41.27933333333336,41.27933333333336,6.768113507059708,4.196377922200296,inf,0,0,0,0,-1,inf,0,-1,0,0,7600,0,0,0,2676,4924,1.5326538013380002,3.372871383441655,False
intersection_turn,P1,12003,50,5.0,3.0,18.19604786618009,14.72403780401211,0.009960993110273725,2.2713399047539326e-15,999999999.9999977,41.190000000000026,41.190000000000026,6.8568287130421774,4.196377922200296,inf,0,0,0,0,-1,inf,0,-1,0,0,7600,0,0,0,2654,4946,1.5326538013380002,3.372871383441655,False
intersection_turn,P2,12003,50,5.0,3.0,18.205839449266392,14.72403780401211,0.009952259418269573,2.2713399047539326e-15,999999999.9999977,41.27933333333336,41.27933333333336,6.768113507059708,4.196377922200296,inf,0,0,0,0,-1,inf,0,-1,0,0,7600,0,0,0,2676,4924,1.5326538013380002,3.372871383441655,False
intersection_turn,P3,12003,50,5.0,3.0,18.205839449266392,14.72403780401211,0.009952259418269573,2.2713399047539326e-15,999999999.9999977,41.27933333333336,41.27933333333336,6.768113507059708,4.196377922200296,inf,0,0,0,0,-1,inf,0,-1,0,0,7600,0,0,0,2676,4924,1.5326538013380002,3.372871383441655,False
intersection_turn,P4,12003,50,5.0,3.0,18.2038139052072,14.72403780401211,0.009953789071325086,2.2713399047539326e-15,999999999.9999977,41.24933333333334,41.24933333333334,6.7979041214512845,4.196377922200296,inf,0,0,0,0,-1,inf,0,-1,0,0,7600,0,0,0,2671,4929,1.5326538013380002,3.372871383441655,False
intersection_turn,P0,12004,50,5.0,3.0,18.345075930983363,14.72403780401211,0.009667255829964168,2.2614855272116717e-15,999999999.9999979,41.681666666666665,41.681666666666665,6.368778227502598,3.9550147740798045,inf,0,0,0,0,-1,inf,0,-1,0,0,7600,0,0,0,2751,4849,1.4238684241052866,3.3361544395880536,False
intersection_turn,P1,12004,50,5.0,3.0,18.318886717034722,14.72403780401211,0.009691612710031175,2.2614855272116717e-15,999999999.9999979,41.510000000000005,41.510000000000005,6.539120736001128,3.9550147740798045,inf,0,0,0,0,-1,inf,0,-1,0,0,7600,0,0,0,2682,4918,1.4238684241052866,3.3361544395880536,False
intersection_turn,P2,12004,50,5.0,3.0,18.345075930983363,14.72403780401211,0.009667255829964168,2.2614855272116717e-15,999999999.9999979,41.681666666666665,41.681666666666665,6.368778227502598,3.9550147740798045,inf,0,0,0,0,-1,inf,0,-1,0,0,7600,0,0,0,2751,4849,1.4238684241052866,3.3361544395880536,False
intersection_turn,P3,12004,50,5.0,3.0,18.345075930983363,14.72403780401211,0.009667255829964168,2.2614855272116717e-15,999999999.9999979,41.681666666666665,41.681666666666665,6.368778227502598,3.9550147740798045,inf,0,0,0,0,-1,inf,0,-1,0,0,7600,0,0,0,2751,4849,1.4238684241052866,3.3361544395880536,False
intersection_turn,P4,12004,50,5.0,3.0,18.339512367955376,14.72403780401211,0.009671012359389698,2.2614855272116717e-15,999999999.9999979,41.60566666666664,41.60566666666664,6.444183329001285,3.9550147740798045,inf,0,0,0,0,-1,inf,0,-1,0,0,7600,0,0,0,2717,4883,1.4238684241052866,3.3361544395880536,False
intersection_turn,P0,12005,50,5.0,3.0,18.292645661334962,14.72403780401211,0.009718758048459609,2.2614855272116717e-15,999999999.9999979,41.47666666666664,41.47666666666664,6.572204940336093,3.9550147740798045,inf,0,0,0,0,-1,inf,0,-1,0,0,7600,0,0,0,2552,5048,1.5547773886875556,3.4064080079672707,False
intersection_turn,P1,12005,50,5.0,3.0,18.274327391157545,14.72403780401211,0.009736204895964879,2.2614855272116717e-15,999999999.9999979,41.34,41.34,6.707875967845556,3.9550147740798045,inf,0,0,0,0,-1,inf,0,-1,0,0,7600,0,0,0,2478,5122,1.5547773886875556,3.4064080079672707,False
intersection_turn,P2,12005,50,5.0,3.0,18.292645661334962,14.72403780401211,0.009718758048459609,2.2614855272116717e-15,999999999.9999979,41.47666666666664,41.47666666666664,6.572204940336093,3.9550147740798045,inf,0,0,0,0,-1,inf,0,-1,0,0,7600,0,0,0,2552,5048,1.5547773886875556,3.4064080079672707,False
intersection_turn,P3,12005,50,5.0,3.0,18.292645661334962,14.72403780401211,0.009718758048459609,2.2614855272116717e-15,999999999.9999979,41.47666666666664,41.47666666666664,6.572204940336093,3.9550147740798045,inf,0,0,0,0,-1,inf,0,-1,0,0,7600,0,0,0,2552,5048,1.5547773886875556,3.4064080079672707,False
intersection_turn,P4,12005,50,5.0,3.0,18.290657392772893,14.72403780401211,0.00972017390920106,2.2614855272116717e-15,999999999.9999979,41.446666666666644,41.446666666666644,6.601982867122428,3.9550147740798045,inf,0,0,0,0,-1,inf,0,-1,0,0,7600,0,0,0,2536,5064,1.5547773886875556,3.4064080079672707,False
intersection_turn,P0,12006,50,5.0,3.0,18.30305817555656,14.72403780401211,0.009710277856118806,2.2614855272116717e-15,999999999.9999979,41.52999999999998,41.52999999999998,6.519271431686233,3.9550147740798045,inf,0,0,0,0,-1,inf,0,-1,0,0,7600,0,0,0,2632,4968,1.4856520879924617,3.405233322014023,False
intersection_turn,P1,12006,50,5.0,3.0,18.26739135769274,14.72403780401211,0.009742310187949374,2.2614855272116717e-15,999999999.9999979,41.23,41.23,6.817103490486267,3.9550147740798045,inf,0,0,0,0,-1,inf,0,-1,0,0,7600,0,0,0,2522,5078,1.4856520879924617,3.405233322014023,False
intersection_turn,P2,12006,50,5.0,3.0,18.30305817555656,14.72403780401211,0.009710277856118806,2.2614855272116717e-15,999999999.9999979,41.52999999999998,41.52999999999998,6.519271431686233,3.9550147740798045,inf,0,0,0,0,-1,inf,0,-1,0,0,7600,0,0,0,2632,4968,1.4856520879924617,3.405233322014023,False
intersection_turn,P3,12006,50,5.0,3.0,18.30305817555656,14.72403780401211,0.009710277856118806,2.2614855272116717e-15,999999999.9999979,41.52999999999998,41.52999999999998,6.519271431686233,3.9550147740798045,inf,0,0,0,0,-1,inf,0,-1,0,0,7600,0,0,0,2632,4968,1.4856520879924617,3.405233322014023,False
intersection_turn,P4,12006,50,5.0,3.0,18.301085395319177,14.72403780401211,0.009711649154877355,2.2614855272116717e-15,999999999.9999979,41.49999999999997,41.49999999999997,6.549045732013204,3.9550147740798045,inf,0,0,0,0,-1,inf,0,-1,0,0,7600,0,0,0,2624,4976,1.4856520879924617,3.405233322014023,False
intersection_turn,P0,12007,50,5.0,3.0,18.338902387344085,14.72403780401211,0.009668849619307501,2.2614855272116717e-15,999999999.9999979,41.61666666666667,41.61666666666667,6.433268566167935,3.9550147740798045,inf,0,0,0,0,-1,inf,0,-1,0,0,7600,0,0,0,2750,4850,1.5196910830525099,3.2728414419800957,False
intersection_turn,P1,12007,50,5.0,3.0,18.325731676634717,14.72403780401211,0.009680677646920124,2.2614855272116717e-15,999999999.9999979,41.52000000000001,41.52000000000001,6.529195968877016,3.9550147740798045,inf,0,0,0,0,-1,inf,0,-1,0,0,7600,0,0,0,2722,4878,1.5196910830525099,3.2728414419800957,False
intersection_turn,P2,12007,50,5.0,3.0,18.338902387344085,14.72403780401211,0.009668849619307501,2.2614855272116717e-15,999999999.9999979,41.61666666666667,41.61666666666667,6.433268566167935,3.9550147740798045,inf,0,0,0,0,-1,inf,0,-1,0,0,7600,0,0,0,2750,4850,1.5196910830525099,3.2728414419800957,False
intersection_turn,P3,12007,50,5.0,3.0,18.338902387344085,14.72403780401211,0.009668849619307501,2.2614855272116717e-15,999999999.9999979,41.61666666666667,41.61666666666667,6.433268566167935,3.9550147740798045,inf,0,0,0,0,-1,inf,0,-1,0,0,7600,0,0,0,2750,4850,1.5196910830525099,3.2728414419800957,False
intersection_turn,P4,12007,50,5.0,3.0,18.338902387344085,14.72403780401211,0.009668849619307501,2.2614855272116717e-15,999999999.9999979,41.61666666666667,41.61666666666667,6.433268566167935,3.9550147740798045,inf,0,0,0,0,-1,inf,0,-1,0,0,7600,0,0,0,2750,4850,1.5196910830525099,3.2728414419800957,False
intersection_turn,P0,12008,50,5.0,3.0,18.328823620695978,14.72403780401211,0.00968184698291431,2.2614855272116717e-15,999999999.9999979,41.56833333333332,41.56833333333332,6.481229521557717,3.9550147740798045,inf,0,0,0,0,-1,inf,0,-1,0,0,7600,0,0,0,2647,4953,1.566907807228359,3.5149590290470565,False
intersection_turn,P1,12008,50,5.0,3.0,18.302836107465804,14.72403780401211,0.009706706651179405,2.2614855272116717e-15,999999999.9999979,41.43000000000001,41.43000000000001,6.618527026461395,3.9550147740798045,inf,0,0,0,0,-1,inf,0,-1,0,0,7600,0,0,0,2585,5015,1.566907807228359,3.5149590290470565,False
intersection_turn,P2,12008,50,5.0,3.0,18.328823620695978,14.72403780401211,0.00968184698291431,2.2614855272116717e-15,999999999.9999979,41.56833333333332,41.56833333333332,6.481229521557717,3.9550147740798045,inf,0,0,0,0,-1,inf,0,-1,0,0,7600,0,0,0,2647,4953,1.566907807228359,3.5149590290470565,False
intersection_turn,P3,12008,50,5.0,3.0,18.328823620695978,14.72403780401211,0.00968184698291431,2.2614855272116717e-15,999999999.9999979,41.56833333333332,41.56833333333332,6.481229521557717,3.9550147740798045,inf,0,0,0,0,-1,inf,0,-1,0,0,7600,0,0,0,2647,4953,1.566907807228359,3.5149590290470565,False
intersection_turn,P4,12008,50,5.0,3.0,18.325101083488068,14.72403780401211,0.00968445964205439,2.2614855272116717e-15,999999999.9999979,41.52266666666666,41.52266666666666,6.5265494031004785,3.9550147740798045,inf,0,0,0,0,-1,inf,0,-1,0,0,7600,0,0,0,2628,4972,1.566907807228359,3.5149590290470565,False
intersection_turn,P0,12009,50,5.0,3.0,18.34445667602639,14.72403780401211,0.009679143791255269,2.2614855272116717e-15,999999999.9999979,41.735,41.735,6.315870882150775,3.9550147740798045,inf,0,0,0,0,-1,inf,0,-1,0,0,7600,0,0,0,2761,4839,1.564693801739322,3.4513602551465463,False
intersection_turn,P1,12009,50,5.0,3.0,18.343445587052102,14.72403780401211,0.009679780930676172,2.2614855272116717e-15,999999999.9999979,41.71999999999999,41.71999999999999,6.330750350471901,3.9550147740798045,inf,0,0,0,0,-1,inf,0,-1,0,0,7600,0,0,0,2758,4842,1.564693801739322,3.4513602551465463,False
intersection_turn,P2,12009,50,5.0,3.0,18.34445667602639,14.72403780401211,0.009679143791255269,2.2614855272116717e-15,999999999.9999979,41.735,41.735,6.315870882150775,3.9550147740798045,inf,0,0,0,0,-1,inf,0,-1,0,0,7600,0,0,0,2761,4839,1.564693801739322,3.4513602551465463,False
intersection_turn,P3,12009,50,5.0,3.0,18.34445667602639,14.72403780401211,0.009679143791255269,2.2614855272116717e-15,999999999.9999979,41.735,41.735,6.315870882150775,3.9550147740798045,inf,0,0,0,0,-1,inf,0,-1,0,0,7600,0,0,0,2761,4839,1.564693801739322,3.4513602551465463,False
intersection_turn,P4,12009,50,5.0,3.0,18.454735306534978,14.72403780401211,0.009631946209996469,2.2614855272116717e-15,999999999.9999979,41.705,41.70340820097194,6.33741807217627,3.9550147740798045,inf,0,0,0,0,-1,inf,0,-1,0,0,7600,70,0,0,2693,4837,1.564693801739322,3.4513602551465463,False
intersection_turn,P0,12010,50,5.0,3.0,18.3458430804169,14.72403780401211,0.009659394176863017,2.2614855272116717e-15,999999999.9999979,41.50166666666666,41.50166666666666,6.547391550160356,3.9550147740798045,inf,0,0,0,0,-1,inf,0,-1,0,0,7600,0,0,0,2716,4884,1.4052322313451742,3.223388989670567,False
intersection_turn,P1,12010,50,5.0,3.0,18.351762456527123,14.72403780401211,0.009655606024915076,2.2614855272116717e-15,999999999.9999979,41.58999999999999,41.58999999999999,6.459729096486953,3.9550147740798045,inf,0,0,0,0,-1,inf,0,-1,0,0,7600,0,0,0,2743,4857,1.4052322313451742,3.223388989670567,False
intersection_turn,P2,12010,50,5.0,3.0,18.3458430804169,14.72403780401211,0.009659394176863017,2.2614855272116717e-15,999999999.9999979,41.50166666666666,41.50166666666666,6.547391550160356,3.9550147740798045,inf,0,0,0,0,-1,inf,0,-1,0,0,7600,0,0,0,2716,4884,1.4052322313451742,3.223388989670567,False
intersection_turn,P3,12010,50,5.0,3.0,18.3458430804169,14.72403780401211,0.009659394176863017,2.2614855272116717e-15,999999999.9999979,41.50166666666666,41.50166666666666,6.547391550160356,3.9550147740798045,inf,0,0,0,0,-1,inf,0,-1,0,0,7600,0,0,0,2716,4884,1.4052322313451742,3.223388989670567,False
intersection_turn,P4,12010,50,5.0,3.0,18.34254829817918,14.72403780401211,0.00966162003046856,2.2614855272116717e-15,999999999.9999979,41.44666666666666,41.44666666666666,6.601982867122414,3.9550147740798045,inf,0,0,0,0,-1,inf,0,-1,0,0,7600,0,0,0,2695,4905,1.4052322313451742,3.223388989670567,False
intersection_turn,P0,12011,50,5.0,3.0,18.34179274924929,14.72403780401211,0.009672293856468756,2.2614855272116717e-15,999999999.9999979,41.72500000000001,41.72500000000001,6.325790464439989,3.9550147740798045,inf,0,0,0,0,-1,inf,0,-1,0,0,7600,0,0,0,2728,4872,1.5576804227192316,3.521724549256914,False
intersection_turn,P1,12011,50,5.0,3.0,18.322207163330415,14.72403780401211,0.009690191489786526,2.2614855272116717e-15,999999999.9999979,41.609999999999985,41.609999999999985,6.43988353931965,3.9550147740798045,inf,0,0,0,0,-1,inf,0,-1,0,0,7600,0,0,0,2676,4924,1.5576804227192316,3.521724549256914,False
intersection_turn,P2,12011,50,5.0,3.0,18.34179274924929,14.72403780401211,0.009672293856468756,2.2614855272116717e-15,999999999.9999979,41.72500000000001,41.72500000000001,6.325790464439989,3.9550147740798045,inf,0,0,0,0,-1,inf,0,-1,0,0,7600,0,0,0,2728,4872,1.5576804227192316,3.521724549256914,False
intersection_turn,P3,12011,50,5.0,3.0,18.34179274924929,14.72403780401211,0.009672293856468756,2.2614855272116717e-15,999999999.9999979,41.72500000000001,41.72500000000001,6.325790464439989,3.9550147740798045,inf,0,0,0,0,-1,inf,0,-1,0,0,7600,0,0,0,2728,4872,1.5576804227192316,3.521724549256914,False
intersection_turn,P4,12011,50,5.0,3.0,18.338904862142474,14.72403780401211,0.009674196869752854,2.2614855272116717e-15,999999999.9999979,41.68,41.68,6.370431696517906,3.9550147740798045,inf,0,0,0,0,-1,inf,0,-1,0,0,7600,0,0,0,2721,4879,1.5576804227192316,3.521724549256914,False
intersection_turn,P0,12012,50,5.0,3.0,18.30731444685542,14.72403780401211,0.009706182459180552,2.2614855272116717e-15,999999999.9999979,41.379999999999995,41.379999999999995,6.66816316537021,3.9550147740798045,inf,0,0,0,0,-1,inf,0,-1,0,0,7600,0,0,0,2770,4830,1.3681391135848753,3.14307152620977,False
intersection_turn,P1,12012,50,5.0,3.0,18.299225969667916,14.72403780401211,0.009712132500200595,2.2614855272116717e-15,999999999.9999979,41.32999999999999,41.32999999999999,6.717804700942125,3.9550147740798045,inf,0,0,0,0,-1,inf,0,-1,0,0,7600,0,0,0,2744,4856,1.3681391135848753,3.14307152620977,False
intersection_turn,P2,12012,50,5.0,3.0,18.30731444685542,14.72403780401211,0.009706182459180552,2.2614855272116717e-15,999999999.9999979,41.379999999999995,41.379999999999995,6.66816316537021,3.9550147740798045,inf,0,0,0,0,-1,inf,0,-1,0,0,7600,0,0,0,2770,4830,1.3681391135848753,3.14307152620977,False
intersection_turn,P3,12012,50,5.0,3.0,18.30731444685542,14.72403780401211,0.009706182459180552,2.2614855272116717e-15,999999999.9999979,41.379999999999995,41.379999999999995,6.66816316537021,3.9550147740798045,inf,0,0,0,0,-1,inf,0,-1,0,0,7600,0,0,0,2770,4830,1.3681391135848753,3.14307152620977,False
intersection_turn,P4,12012,50,5.0,3.0,18.30701604021414,14.72403780401211,0.009706631802172913,2.2614855272116717e-15,999999999.9999979,41.43199999999999,41.43199999999999,6.6165416948735505,3.9550147740798045,inf,0,0,0,0,-1,inf,0,-1,0,0,7600,0,0,0,2777,4823,1.3681391135848753,3.14307152620977,False
intersection_turn,P0,12013,50,5.0,3.0,18.3664450436571,14.72403780401211,0.009643024535977818,2.2614855272116717e-15,999999999.9999979,41.66,41.66,6.390273859546244,3.9550147740798045,inf,0,0,0,0,-1,inf,0,-1,0,0,7600,0,0,0,2692,4908,1.6365972134395892,3.484972227568952,False
intersection_turn,P1,12013,50,5.0,3.0,18.35995353960356,14.72403780401211,0.009648547292424444,2.2614855272116717e-15,999999999.9999979,41.629999999999995,41.629999999999995,6.420038940691875,3.9550147740798045,inf,0,0,0,0,-1,inf,0,-1,0,0,7600,0,0,0,2676,4924,1.6365972134395892,3.484972227568952,False
intersection_turn,P2,12013,50,5.0,3.0,18.3664450436571,14.72403780401211,0.009643024535977818,2.2614855272116717e-15,999999999.9999979,41.66,41.66,6.390273859546244,3.9550147740798045,inf,0,0,0,0,-1,inf,0,-1,0,0,7600,0,0,0,2692,4908,1.6365972134395892,3.484972227568952,False
intersection_turn,P3,12013,50,5.0,3.0,18.3664450436571,14.72403780401211,0.009643024535977818,2.2614855272116717e-15,999999999.9999979,41.66,41.66,6.390273859546244,3.9550147740798045,inf,0,0,0,0,-1,inf,0,-1,0,0,7600,0,0,0,2692,4908,1.6365972134395892,3.484972227568952,False
intersection_turn,P4,12013,50,5.0,3.0,18.3664450436571,14.72403780401211,0.009643024535977818,2.2614855272116717e-15,999999999.9999979,41.66,41.66,6.390273859546244,3.9550147740798045,inf,0,0,0,0,-1,inf,0,-1,0,0,7600,0,0,0,2692,4908,1.6365972134395892,3.484972227568952,False
intersection_turn,P0,12014,50,5.0,3.0,18.07561709790465,14.72403780401211,0.010327713921316697,2.2776213336203685e-15,999999999.9999977,41.231666666666655,41.231666666666655,6.815448342633907,4.560390578290457,inf,0,0,0,0,-1,inf,0,-1,0,0,7600,0,0,0,2683,4917,1.6302134528231258,3.6947339688336664,False
intersection_turn,P1,12014,50,5.0,3.0,18.019742057796645,14.72403780401211,0.01044400504232803,2.277632002808135e-15,999999999.9999977,41.16999999999998,41.16999999999998,6.876692518936721,4.734986583156285,inf,0,0,0,0,-1,inf,0,-1,0,0,7600,0,0,0,2636,4964,1.6302134528231258,3.6947339688336664,False
intersection_turn,P2,12014,50,5.0,3.0,18.07561709790465,14.72403780401211,0.010327713921316697,2.2776213336203685e-15,999999999.9999977,41.231666666666655,41.231666666666655,6.815448342633907,4.560390578290457,inf,0,0,0,0,-1,inf,0,-1,0,0,7600,0,0,0,2683,4917,1.6302134528231258,3.6947339688336664,False
intersection_turn,P3,12014,50,5.0,3.0,18.07561709790465,14.72403780401211,0.010327713921316697,2.2776213336203685e-15,999999999.9999977,41.231666666666655,41.231666666666655,6.815448342633907,4.560390578290457,inf,0,0,0,0,-1,inf,0,-1,0,0,7600,0,0,0,2683,4917,1.6302134528231258,3.6947339688336664,False
intersection_turn,P4,12014,50,5.0,3.0,18.07561709790465,14.72403780401211,0.010327713921316697,2.2776213336203685e-15,999999999.9999977,41.231666666666655,41.231666666666655,6.815448342633907,4.560390578290457,inf,0,0,0,0,-1,inf,0,-1,0,0,7600,0,0,0,2683,4917,1.6302134528231258,3.6947339688336664,False
intersection_turn,P0,12015,50,5.0,3.0,18.313595708247984,14.72403780401211,0.009695635535343807,2.2614855272116717e-15,999999999.9999979,41.518333333333324,41.518333333333324,6.530850080791772,3.9550147740798045,inf,0,0,0,0,-1,inf,0,-1,0,0,7600,0,0,0,2753,4847,1.520780968598029,3.432404587827008,False
intersection_turn,P1,12015,50,5.0,3.0,18.30371814909032,14.72403780401211,0.00970277674912543,2.2614855272116717e-15,999999999.9999979,41.379999999999995,41.379999999999995,6.66816316537021,3.9550147740798045,inf,0,0,0,0,-1,inf,0,-1,0,0,7600,0,0,0,2697,4903,1.520780968598029,3.432404587827008,False
intersection_turn,P2,12015,50,5.0,3.0,18.313595708247984,14.72403780401211,0.009695635535343807,2.2614855272116717e-15,999999999.9999979,41.518333333333324,41.518333333333324,6.530850080791772,3.9550147740798045,inf,0,0,0,0,-1,inf,0,-1,0,0,7600,0,0,0,2753,4847,1.520780968598029,3.432404587827008,False
intersection_turn,P3,12015,50,5.0,3.0,18.313595708247984,14.72403780401211,0.009695635535343807,2.2614855272116717e-15,999999999.9999979,41.518333333333324,41.518333333333324,6.530850080791772,3.9550147740798045,inf,0,0,0,0,-1,inf,0,-1,0,0,7600,0,0,0,2753,4847,1.520780968598029,3.432404587827008,False
intersection_turn,P4,12015,50,5.0,3.0,18.31263157212283,14.72403780401211,0.009696302362526733,2.2614855272116717e-15,999999999.9999979,41.50333333333333,41.50333333333333,6.5457373746414405,3.9550147740798045,inf,0,0,0,0,-1,inf,0,-1,0,0,7600,0,0,0,2747,4853,1.520780968598029,3.432404587827008,False
intersection_turn,P0,12016,50,5.0,3.0,18.30166759275464,14.72403780401211,0.009709756587306523,2.2614855272116717e-15,999999999.9999979,41.51999999999998,41.51999999999998,6.529195968877044,3.9550147740798045,inf,0,0,0,0,-1,inf,0,-1,0,0,7600,0,0,0,2579,5021,1.5335599961021475,3.4730356000760123,False
intersection_turn,P1,12016,50,5.0,3.0,18.268518832901165,14.72403780401211,0.009740652953736816,2.2614855272116717e-15,999999999.9999979,41.29999999999998,41.29999999999998,6.747592163134953,3.9550147740798045,inf,0,0,0,0,-1,inf,0,-1,0,0,7600,0,0,0,2500,5100,1.5335599961021475,3.4730356000760123,False
intersection_turn,P2,12016,50,5.0,3.0,18.30166759275464,14.72403780401211,0.009709756587306523,2.2614855272116717e-15,999999999.9999979,41.51999999999998,41.51999999999998,6.529195968877044,3.9550147740798045,inf,0,0,0,0,-1,inf,0,-1,0,0,7600,0,0,0,2579,5021,1.5335599961021475,3.4730356000760123,False
intersection_turn,P3,12016,50,5.0,3.0,18.30166759275464,14.72403780401211,0.009709756587306523,2.2614855272116717e-15,999999999.9999979,41.51999999999998,41.51999999999998,6.529195968877044,3.9550147740798045,inf,0,0,0,0,-1,inf,0,-1,0,0,7600,0,0,0,2579,5021,1.5335599961021475,3.4730356000760123,False
intersection_turn,P4,12016,50,5.0,3.0,18.30166759275464,14.72403780401211,0.009709756587306523,2.2614855272116717e-15,999999999.9999979,41.51999999999998,41.51999999999998,6.529195968877044,3.9550147740798045,inf,0,0,0,0,-1,inf,0,-1,0,0,7600,0,0,0,2579,5021,1.5335599961021475,3.4730356000760123,False
intersection_turn,P0,12017,50,5.0,3.0,18.3606310080363,14.72403780401211,0.009649774979149393,2.2614855272116717e-15,999999999.9999979,41.649999999999984,41.649999999999984,6.400195309519874,3.9550147740798045,inf,0,0,0,0,-1,inf,0,-1,0,0,7600,0,0,0,2771,4829,1.524847593227926,3.372989315503943,False
intersection_turn,P1,12017,50,5.0,3.0,18.35006880665567,14.72403780401211,0.0096573647193396,2.2614855272116717e-15,999999999.9999979,41.529999999999994,41.529999999999994,6.519271431686219,3.9550147740798045,inf,0,0,0,0,-1,inf,0,-1,0,0,7600,0,0,0,2733,4867,1.524847593227926,3.372989315503943,False
intersection_turn,P2,12017,50,5.0,3.0,18.3606310080363,14.72403780401211,0.009649774979149393,2.2614855272116717e-15,999999999.9999979,41.649999999999984,41.649999999999984,6.400195309519874,3.9550147740798045,inf,0,0,0,0,-1,inf,0,-1,0,0,7600,0,0,0,2771,4829,1.524847593227926,3.372989315503943,False
intersection_turn,P3,12017,50,5.0,3.0,18.3606310080363,14.72403780401211,0.009649774979149393,2.2614855272116717e-15,999999999.9999979,41.649999999999984,41.649999999999984,6.400195309519874,3.9550147740798045,inf,0,0,0,0,-1,inf,0,-1,0,0,7600,0,0,0,2771,4829,1.524847593227926,3.372989315503943,False
intersection_turn,P4,12017,50,5.0,3.0,18.35914467891241,14.72403780401211,0.009650809014396265,2.2614855272116717e-15,999999999.9999979,41.63666666666665,41.63666666666665,6.413424289029328,3.9550147740798045,inf,0,0,0,0,-1,inf,0,-1,0,0,7600,0,0,0,2766,4834,1.524847593227926,3.372989315503943,False
intersection_turn,P0,12018,50,5.0,3.0,18.374513675939173,14.72403780401211,0.009638626102701874,2.2614855272116717e-15,999999999.9999979,41.73999999999998,41.73999999999998,6.310911186191757,3.9550147740798045,inf,0,0,0,0,-1,inf,0,-1,0,0,7600,0,0,0,2725,4875,1.4511817219769272,3.277277940038073,False
intersection_turn,P1,12018,50,5.0,3.0,18.357296536712024,14.72403780401211,0.009653085298187406,2.2614855272116717e-15,999999999.9999979,41.67999999999999,41.67999999999999,6.370431696517913,3.9550147740798045,inf,0,0,0,0,-1,inf,0,-1,0,0,7600,0,0,0,2701,4899,1.4511817219769272,3.277277940038073,False
intersection_turn,P2,12018,50,5.0,3.0,18.374513675939173,14.72403780401211,0.009638626102701874,2.2614855272116717e-15,999999999.9999979,41.73999999999998,41.73999999999998,6.310911186191757,3.9550147740798045,inf,0,0,0,0,-1,inf,0,-1,0,0,7600,0,0,0,2725,4875,1.4511817219769272,3.277277940038073,False
intersection_turn,P3,12018,50,5.0,3.0,18.374513675939173,14.72403780401211,0.009638626102701874,2.2614855272116717e-15,999999999.9999979,41.73999999999998,41.73999999999998,6.310911186191757,3.9550147740798045,inf,0,0,0,0,-1,inf,0,-1,0,0,7600,0,0,0,2725,4875,1.4511817219769272,3.277277940038073,False
intersection_turn,P4,12018,50,5.0,3.0,18.48736651353122,14.72403780401211,0.009590684562301117,2.2614855272116717e-15,999999999.9999979,41.73999999999998,41.73833476616267,6.30244839137389,3.9550147740798045,inf,0,0,0,0,-1,inf,0,-1,0,0,7600,72,0,0,2663,4865,1.4511817219769272,3.277277940038073,False
intersection_turn,P0,12019,50,5.0,3.0,17.99738536693674,14.72403780401211,0.010512344415803943,2.3607857055726793e-15,999999999.9999976,40.895666666666685,40.895666666666685,7.149234372372391,4.606985977589103,inf,0,0,0,0,-1,inf,0,-1,0,0,7600,0,0,0,2425,5175,1.4940110170676189,3.301075918051497,False
intersection_turn,P1,12019,50,5.0,3.0,17.884696136219635,14.72403780401211,0.010787230316554694,2.3724918240518642e-15,999999999.9999976,40.529999999999966,40.529999999999966,7.512715887081084,4.789682321088468,inf,0,0,0,0,-1,inf,0,-1,0,0,7600,0,0,0,2294,5306,1.4940110170676189,3.301075918051497,False
intersection_turn,P2,12019,50,5.0,3.0,14.469542119601444,6.372139871797877,0.10151064154540083,0.0002460190940150004,999753980.9059848,40.82899999999999,40.8052313855524,7.512756856722662,4.938315987345715,inf,0,0,0,0,-1,inf,0,-1,0,0,7600,2517,0,0,1154,3929,1.4940110170676189,3.301075918051497,False
intersection_turn,P3,12019,50,5.0,3.0,17.99738536693674,14.72403780401211,0.010512344415803943,2.3607857055726793e-15,999999999.9999976,40.895666666666685,40.895666666666685,7.149234372372391,4.606985977589103,inf,0,0,0,0,-1,inf,0,-1,0,0,7600,0,0,0,2425,5175,1.4940110170676189,3.301075918051497,False
intersection_turn,P4,12019,50,5.0,3.0,17.99738536693674,14.72403780401211,0.010512344415803943,2.3607857055726793e-15,999999999.9999976,40.895666666666685,40.895666666666685,7.149234372372391,4.606985977589103,inf,0,0,0,0,-1,inf,0,-1,0,0,7600,0,0,0,2425,5175,1.4940110170676189,3.301075918051497,False
occluding_cut_in,P0,12000,50,5.0,3.0,11.267888282720728,7.327224075401506,0.2107706627715266,0.00021432353040528015,999785676.4695947,17.087302883832308,17.087302883832308,19.431160541768985,11.331044181969368,1.912697116167692,0,0,0,0,-1,inf,0,-1,0,0,7600,182,0,3814,0,3604,1.8530116152646803,4.277157322549461,False
occluding_cut_in,P1,12000,50,5.0,3.0,11.32259098532521,7.330849635099795,0.20818126146480595,0.00021115231607467776,999788847.6839255,17.121780353335417,17.116341439325343,19.431160541768985,11.331044181969368,1.8837879858002218,0,0,0,0,-1,inf,0,-1,0,0,7600,270,0,3750,0,3580,1.8530116152646803,4.277157322549461,False
occluding_cut_in,P2,12000,50,5.0,3.0,11.225860703385898,7.306477124987945,0.21426607060065175,0.00021907488638274686,999780925.1136171,17.096720715219107,17.093275839460258,19.431160541768985,11.331044181969368,1.9098437800511956,0,0,0,0,-1,inf,0,-1,0,0,7600,221,0,3779,0,3600,1.8530116152646803,4.277157322549461,False
occluding_cut_in,P3,12000,50,5.0,3.0,11.225860703385898,7.306477124987945,0.21426607060065175,0.00021907488638274686,999780925.1136171,17.096720715219107,17.093275839460258,19.431160541768985,11.331044181969368,1.9098437800511956,0,0,0,0,-1,inf,0,-1,0,0,7600,221,0,3779,0,3600,1.8530116152646803,4.277157322549461,False
occluding_cut_in,P4,12000,50,5.0,3.0,11.267888282720728,7.327224075401506,0.2107706627715266,0.00021432353040528015,999785676.4695947,17.087302883832308,17.087302883832308,19.431160541768985,11.331044181969368,1.912697116167692,0,0,0,0,-1,inf,0,-1,0,0,7600,182,0,3814,0,3604,1.8530116152646803,4.277157322549461,False
occluding_cut_in,P0,12001,50,5.0,3.0,11.267888282720728,7.327224075401506,0.2107706627715266,0.00021432353040528015,999785676.4695947,17.087302883832308,17.087302883832308,19.431160541768985,11.331044181969368,1.912697116167692,0,0,0,0,-1,inf,0,-1,0,0,7600,182,0,3814,0,3604,1.839376403080066,4.253035118191845,False
occluding_cut_in,P1,12001,50,5.0,3.0,11.32259098532521,7.330849635099795,0.20818126146480595,0.00021115231607467776,999788847.6839255,17.121780353335417,17.116341439325343,19.431160541768985,11.331044181969368,1.8837879858002218,0,0,0,0,-1,inf,0,-1,0,0,7600,270,0,3750,0,3580,1.839376403080066,4.253035118191845,False
occluding_cut_in,P2,12001,50,5.0,3.0,11.282156749901992,7.339083015449275,0.20979903336939157,0.0002104442857797887,999789555.7142202,17.087302883832308,17.086495692957413,19.431160541768985,11.331044181969368,1.9135048985407561,0,0,0,0,-1,inf,0,-1,0,0,7600,195,0,3801,0,3604,1.839376403080066,4.253035118191845,False
occluding_cut_in,P3,12001,50,5.0,3.0,11.271959506513124,7.335881601140441,0.21027690254954082,0.00021045185835408037,999789548.1416459,17.087302883832308,17.087194917016916,19.431160541768985,11.331044181969368,1.9128245916561997,0,0,0,0,-1,inf,0,-1,0,0,7600,182,0,3814,0,3604,1.839376403080066,4.253035118191845,False
occluding_cut_in,P4,12001,50,5.0,3.0,11.267888282720728,7.327224075401506,0.2107706627715266,0.00021432353040528015,999785676.4695947,17.087302883832308,17.087302883832308,19.431160541768985,11.331044181969368,1.912697116167692,0,0,0,0,-1,inf,0,-1,0,0,7600,182,0,3814,0,3604,1.839376403080066,4.253035118191845,False
occluding_cut_in,P0,12002,50,5.0,3.0,11.267888282720728,7.327224075401506,0.2107706627715266,0.00021432353040528015,999785676.4695947,17.087302883832308,17.087302883832308,19.431160541768985,11.331044181969368,1.912697116167692,0,0,0,0,-1,inf,0,-1,0,0,7600,182,0,3814,0,3604,1.8511400055167602,4.2412543982591036,False
occluding_cut_in,P1,12002,50,5.0,3.0,11.317753207123207,7.34224651504949,0.20797865754746134,0.00020809445996341938,999791905.5400367,17.121780353335417,17.117000901250513,19.431160541768985,11.331044181969368,1.8831258715027146,0,0,0,0,-1,inf,0,-1,0,0,7600,258,0,3762,0,3580,1.8511400055167602,4.2412543982591036,False
occluding_cut_in,P2,12002,50,5.0,3.0,11.225860703385898,7.306477124987945,0.21426607060065175,0.00021907488638274686,999780925.1136171,17.096720715219107,17.093275839460258,19.431160541768985,11.331044181969368,1.9098437800511956,0,0,0,0,-1,inf,0,-1,0,0,7600,221,0,3779,0,3600,1.8511400055167602,4.2412543982591036,False
occluding_cut_in,P3,12002,50,5.0,3.0,11.225860703385898,7.306477124987945,0.21426607060065175,0.00021907488638274686,999780925.1136171,17.096720715219107,17.093275839460258,19.431160541768985,11.331044181969368,1.9098437800511956,0,0,0,0,-1,inf,0,-1,0,0,7600,221,0,3779,0,3600,1.8511400055167602,4.2412543982591036,False
occluding_cut_in,P4,12002,50,5.0,3.0,11.267888282720728,7.327224075401506,0.2107706627715266,0.00021432353040528015,999785676.4695947,17.087302883832308,17.087302883832308,19.431160541768985,11.331044181969368,1.912697116167692,0,0,0,0,-1,inf,0,-1,0,0,7600,182,0,3814,0,3604,1.8511400055167602,4.2412543982591036,False
occluding_cut_in,P0,12003,50,5.0,3.0,11.267888282720728,7.327224075401506,0.2107706627715266,0.00021432353040528015,999785676.4695947,17.087302883832308,17.087302883832308,19.431160541768985,11.331044181969368,1.912697116167692,0,0,0,0,-1,inf,0,-1,0,0,7600,182,0,3814,0,3604,1.8438080058530295,4.147854103976422,False
occluding_cut_in,P1,12003,50,5.0,3.0,11.326417529797562,7.319765403233969,0.20844227475307264,0.00021422358668181637,999785776.4133182,17.12178035333541,17.115760141865753,19.431160541768985,11.331044181969368,1.8844060385324797,0,0,0,0,-1,inf,0,-1,0,0,7600,295,0,3725,0,3580,1.8438080058530295,4.147854103976422,False
occluding_cut_in,P2,12003,50,5.0,3.0,11.293166311522455,7.345059159874626,0.2091792288500988,0.0002083999505940377,999791600.0494059,17.08730288383232,17.085739932297194,19.431160541768985,11.331044181969368,1.9142604347966024,0,0,0,0,-1,inf,0,-1,0,0,7600,210,0,3786,0,3604,1.8438080058530295,4.147854103976422,False
occluding_cut_in,P3,12003,50,5.0,3.0,11.271959506513124,7.335881601140441,0.21027690254954082,0.00021045185835408037,999789548.1416459,17.087302883832308,17.087194917016916,19.431160541768985,11.331044181969368,1.9128245916561997,0,0,0,0,-1,inf,0,-1,0,0,7600,182,0,3814,0,3604,1.8438080058530295,4.147854103976422,False
occluding_cut_in,P4,12003,50,5.0,3.0,11.267888282720728,7.327224075401506,0.2107706627715266,0.00021432353040528015,999785676.4695947,17.087302883832308,17.087302883832308,19.431160541768985,11.331044181969368,1.912697116167692,0,0,0,0,-1,inf,0,-1,0,0,7600,182,0,3814,0,3604,1.8438080058530295,4.147854103976422,False
occluding_cut_in,P0,12004,50,5.0,3.0,11.267888282720728,7.327224075401506,0.2107706627715266,0.00021432353040528015,999785676.4695947,17.087302883832308,17.087302883832308,19.431160541768985,11.331044181969368,1.912697116167692,0,0,0,0,-1,inf,0,-1,0,0,7600,182,0,3814,0,3604,1.7939331977357644,4.227692118242271,False
occluding_cut_in,P1,12004,50,5.0,3.0,11.330542028345441,7.3466437559200495,0.2079361223944305,0.0002081010537113367,999791898.9462886,17.121780353335417,17.115973467558156,19.431160541768985,11.331044181969368,1.8843586929951255,0,0,0,0,-1,inf,0,-1,0,0,7600,295,0,3725,0,3580,1.7939331977357644,4.227692118242271,False
occluding_cut_in,P2,12004,50,5.0,3.0,11.304662266597454,7.351504675742082,0.20837432312261125,0.00020585025197970033,999794149.7480203,17.109263734065536,17.106786860918128,19.431160541768985,11.331044181969368,1.8932202090741326,0,0,0,0,-1,inf,0,-1,0,0,7600,219,0,3790,0,3591,1.7939331977357644,4.227692118242271,False
occluding_cut_in,P3,12004,50,5.0,3.0,11.271959506513124,7.335881601140441,0.21027690254954082,0.00021045185835408037,999789548.1416459,17.087302883832308,17.087194917016916,19.431160541768985,11.331044181969368,1.9128245916561997,0,0,0,0,-1,inf,0,-1,0,0,7600,182,0,3814,0,3604,1.7939331977357644,4.227692118242271,False
occluding_cut_in,P4,12004,50,5.0,3.0,11.267888282720728,7.327224075401506,0.2107706627715266,0.00021432353040528015,999785676.4695947,17.087302883832308,17.087302883832308,19.431160541768985,11.331044181969368,1.912697116167692,0,0,0,0,-1,inf,0,-1,0,0,7600,182,0,3814,0,3604,1.7939331977357644,4.227692118242271,False
occluding_cut_in,P0,12005,50,5.0,3.0,11.267888282720728,7.327224075401506,0.2107706627715266,0.00021432353040528015,999785676.4695947,17.087302883832308,17.087302883832308,19.431160541768985,11.331044181969368,1.912697116167692,0,0,0,0,-1,inf,0,-1,0,0,7600,182,0,3814,0,3604,1.8554791754421718,4.207124462402721,False
occluding_cut_in,P1,12005,50,5.0,3.0,11.323929889722908,7.33746240387935,0.2079504854985344,0.00020935444522376598,999790645.5547763,17.121780353335428,17.11653427941325,19.43013353196599,11.331044181969368,1.8836732888752445,0,0,0,0,-1,inf,0,-1,0,0,7600,282,0,3740,0,3578,1.8554791754421718,4.207124462402721,False
occluding_cut_in,P2,12005,50,5.0,3.0,11.228614066528687,7.300354009098931,0.21450229470560145,0.00022090388589893185,999779096.1141013,17.096720715219114,17.092630514779742,19.43013353196599,11.331044181969368,1.910067044276711,0,0,0,0,-1,inf,0,-1,0,0,7600,250,0,3754,0,3596,1.8554791754421718,4.207124462402721,False
occluding_cut_in,P3,12005,50,5.0,3.0,11.225860703385898,7.306477124987945,0.21426607060065175,0.00021907488638274686,999780925.1136171,17.096720715219107,17.093275839460258,19.431160541768985,11.331044181969368,1.9098437800511956,0,0,0,0,-1,inf,0,-1,0,0,7600,221,0,3779,0,3600,1.8554791754421718,4.207124462402721,False
occluding_cut_in,P4,12005,50,5.0,3.0,11.267888282720728,7.327224075401506,0.2107706627715266,0.00021432353040528015,999785676.4695947,17.087302883832308,17.087302883832308,19.431160541768985,11.331044181969368,1.912697116167692,0,0,0,0,-1,inf,0,-1,0,0,7600,182,0,3814,0,3604,1.8554791754421718,4.207124462402721,False
occluding_cut_in,P0,12006,50,5.0,3.0,11.267888282720728,7.327224075401506,0.2107706627715266,0.00021432353040528015,999785676.4695947,17.087302883832308,17.087302883832308,19.431160541768985,11.331044181969368,1.912697116167692,0,0,0,0,-1,inf,0,-1,0,0,7600,182,0,3814,0,3604,1.783652598642224,4.172091266568451,False
occluding_cut_in,P1,12006,50,5.0,3.0,11.31744621564497,7.34583941902452,0.20792576471881422,0.0002071656600921934,999792834.339908,17.121780353335417,17.117127084401904,19.431160541768985,11.331044181969368,1.8830578660570314,0,0,0,0,-1,inf,0,-1,0,0,7600,266,0,3753,0,3581,1.783652598642224,4.172091266568451,False
occluding_cut_in,P2,12006,50,5.0,3.0,11.277576899286018,7.332354824585808,0.21030162012870104,0.00021267207853304293,999787327.921467,17.087302883832322,17.086774099891596,19.430073758811165,11.331044181969368,1.9132360633659076,0,0,0,0,-1,inf,0,-1,0,0,7600,209,0,3787,0,3604,1.783652598642224,4.172091266568451,False
occluding_cut_in,P3,12006,50,5.0,3.0,11.271959506513124,7.335881601140441,0.21027690254954082,0.00021045185835408037,999789548.1416459,17.087302883832308,17.087194917016916,19.431160541768985,11.331044181969368,1.9128245916561997,0,0,0,0,-1,inf,0,-1,0,0,7600,182,0,3814,0,3604,1.783652598642224,4.172091266568451,False
occluding_cut_in,P4,12006,50,5.0,3.0,11.267888282720728,7.327224075401506,0.2107706627715266,0.00021432353040528015,999785676.4695947,17.087302883832308,17.087302883832308,19.431160541768985,11.331044181969368,1.912697116167692,0,0,0,0,-1,inf,0,-1,0,0,7600,182,0,3814,0,3604,1.783652598642224,4.172091266568451,False
occluding_cut_in,P0,12007,50,5.0,3.0,11.267888282720728,7.327224075401506,0.2107706627715266,0.00021432353040528015,999785676.4695947,17.087302883832308,17.087302883832308,19.431160541768985,11.331044181969368,1.912697116167692,0,0,0,0,-1,inf,0,-1,0,0,7600,182,0,3814,0,3604,1.9021316891843185,4.158357619485676,False
occluding_cut_in,P1,12007,50,5.0,3.0,11.32259098532521,7.330849635099795,0.20818126146480595,0.00021115231607467776,999788847.6839255,17.121780353335417,17.116341439325343,19.431160541768985,11.331044181969368,1.8837879858002218,0,0,0,0,-1,inf,0,-1,0,0,7600,270,0,3750,0,3580,1.9021316891843185,4.158357619485676,False
occluding_cut_in,P2,12007,50,5.0,3.0,11.228614066528687,7.300354009098931,0.21450229470560145,0.00022090388589893185,999779096.1141013,17.096720715219114,17.092630514779742,19.43013353196599,11.331044181969368,1.910067044276711,0,0,0,0,-1,inf,0,-1,0,0,7600,250,0,3754,0,3596,1.9021316891843185,4.158357619485676,False
occluding_cut_in,P3,12007,50,5.0,3.0,11.225860703385898,7.306477124987945,0.21426607060065175,0.00021907488638274686,999780925.1136171,17.096720715219107,17.093275839460258,19.431160541768985,11.331044181969368,1.9098437800511956,0,0,0,0,-1,inf,0,-1,0,0,7600,221,0,3779,0,3600,1.9021316891843185,4.158357619485676,False
occluding_cut_in,P4,12007,50,5.0,3.0,11.267888282720728,7.327224075401506,0.2107706627715266,0.00021432353040528015,999785676.4695947,17.087302883832308,17.087302883832308,19.431160541768985,11.331044181969368,1.912697116167692,0,0,0,0,-1,inf,0,-1,0,0,7600,182,0,3814,0,3604,1.9021316891843185,4.158357619485676,False
occluding_cut_in,P0,12008,50,5.0,3.0,11.267888282720728,7.327224075401506,0.2107706627715266,0.00021432353040528015,999785676.4695947,17.087302883832308,17.087302883832308,19.431160541768985,11.331044181969368,1.912697116167692,0,0,0,0,-1,inf,0,-1,0,0,7600,182,0,3814,0,3604,1.8287972323811164,4.285369501392548,False
occluding_cut_in,P1,12008,50,5.0,3.0,11.317783592570613,7.340924320324938,0.20800412073676305,0.00020844263878270109,999791557.3612175,17.121780353335406,17.116962367430588,19.431160541768985,11.331044181969368,1.88314773956537,0,0,0,0,-1,inf,0,-1,0,0,7600,257,0,3763,0,3580,1.8287972323811164,4.285369501392548,False
occluding_cut_in,P2,12008,50,5.0,3.0,11.271959506513124,7.335881601140441,0.21027690254954082,0.00021045185835408037,999789548.1416459,17.087302883832308,17.087194917016916,19.431160541768985,11.331044181969368,1.9128245916561997,0,0,0,0,-1,inf,0,-1,0,0,7600,182,0,3814,0,3604,1.8287972323811164,4.285369501392548,False
occluding_cut_in,P3,12008,50,5.0,3.0,11.257199423301138,7.273733856146152,0.21206156064236167,0.00022808005852821168,999771919.9414717,17.08730288383231,17.086714965745724,19.431160541768985,11.331044181969368,1.9135034068202357,0,0,0,0,-1,inf,0,-1,0,0,7600,194,0,3802,0,3604,1.8287972323811164,4.285369501392548,False
occluding_cut_in,P4,12008,50,5.0,3.0,11.267888282720728,7.327224075401506,0.2107706627715266,0.00021432353040528015,999785676.4695947,17.087302883832308,17.087302883832308,19.431160541768985,11.331044181969368,1.912697116167692,0,0,0,0,-1,inf,0,-1,0,0,7600,182,0,3814,0,3604,1.8287972323811164,4.285369501392548,False
occluding_cut_in,P0,12009,50,5.0,3.0,11.267888282720728,7.327224075401506,0.2107706627715266,0.00021432353040528015,999785676.4695947,17.087302883832308,17.087302883832308,19.431160541768985,11.331044181969368,1.912697116167692,0,0,0,0,-1,inf,0,-1,0,0,7600,182,0,3814,0,3604,1.819660410516981,4.204699872992078,False
occluding_cut_in,P1,12009,50,5.0,3.0,11.279402230947529,7.3325272748345185,0.21008453913158626,0.00021127208617207884,999788727.9138278,17.087302883832304,17.08671813657334,19.43013353196599,11.331044181969368,1.9132821182943816,0,0,0,0,-1,inf,0,-1,0,0,7600,211,0,3789,0,3600,1.819660410516981,4.204699872992078,False
occluding_cut_in,P2,12009,50,5.0,3.0,11.279402230947529,7.3325272748345185,0.21008453913158626,0.00021127208617207884,999788727.9138278,17.087302883832304,17.08671813657334,19.43013353196599,11.331044181969368,1.9132821182943816,0,0,0,0,-1,inf,0,-1,0,0,7600,211,0,3789,0,3600,1.819660410516981,4.204699872992078,False
occluding_cut_in,P3,12009,50,5.0,3.0,11.272727078473352,7.347277451802598,0.21016357905894725,0.00020785407926597092,999792145.920734,17.087302883832304,17.086958375649086,19.431160541768985,11.331044181969368,1.913149005085399,0,0,0,0,-1,inf,0,-1,0,0,7600,191,0,3805,0,3604,1.819660410516981,4.204699872992078,False
occluding_cut_in,P4,12009,50,5.0,3.0,11.267888282720728,7.327224075401506,0.2107706627715266,0.00021432353040528015,999785676.4695947,17.087302883832308,17.087302883832308,19.431160541768985,11.331044181969368,1.912697116167692,0,0,0,0,-1,inf,0,-1,0,0,7600,182,0,3814,0,3604,1.819660410516981,4.204699872992078,False
occluding_cut_in,P0,12010,50,5.0,3.0,11.267888282720728,7.327224075401506,0.2107706627715266,0.00021432353040528015,999785676.4695947,17.087302883832308,17.087302883832308,19.431160541768985,11.331044181969368,1.912697116167692,0,0,0,0,-1,inf,0,-1,0,0,7600,182,0,3814,0,3604,1.7473953531062045,4.054540145324168,False
occluding_cut_in,P1,12010,50,5.0,3.0,11.32259098532521,7.330849635099795,0.20818126146480595,0.00021115231607467776,999788847.6839255,17.121780353335417,17.116341439325343,19.431160541768985,11.331044181969368,1.8837879858002218,0,0,0,0,-1,inf,0,-1,0,0,7600,270,0,3750,0,3580,1.7473953531062045,4.054540145324168,False
occluding_cut_in,P2,12010,50,5.0,3.0,11.267888282720728,7.327224075401506,0.2107706627715266,0.00021432353040528015,999785676.4695947,17.087302883832308,17.087302883832308,19.431160541768985,11.331044181969368,1.912697116167692,0,0,0,0,-1,inf,0,-1,0,0,7600,182,0,3814,0,3604,1.7473953531062045,4.054540145324168,False
occluding_cut_in,P3,12010,50,5.0,3.0,11.271755487271896,7.334259161228186,0.21030210393144963,0.00021079719794503822,999789202.802055,17.079263734065538,17.07915741619279,19.431160541768985,11.331044181969368,1.9208614490774019,0,0,0,0,-1,inf,0,-1,0,0,7600,181,0,3815,0,3604,1.7473953531062045,4.054540145324168,False
occluding_cut_in,P4,12010,50,5.0,3.0,11.267888282720728,7.327224075401506,0.2107706627715266,0.00021432353040528015,999785676.4695947,17.087302883832308,17.087302883832308,19.431160541768985,11.331044181969368,1.912697116167692,0,0,0,0,-1,inf,0,-1,0,0,7600,182,0,3814,0,3604,1.7473953531062045,4.054540145324168,False
occluding_cut_in,P0,12011,50,5.0,3.0,11.267888282720728,7.327224075401506,0.2107706627715266,0.00021432353040528015,999785676.4695947,17.087302883832308,17.087302883832308,19.431160541768985,11.331044181969368,1.912697116167692,0,0,0,0,-1,inf,0,-1,0,0,7600,182,0,3814,0,3604,1.8783856567021042,4.321464687102339,False
occluding_cut_in,P1,12011,50,5.0,3.0,11.329673852016835,7.308297328394994,0.20874687184628107,0.00021747211789432654,999782527.8821057,17.121780353335428,17.115217134114186,19.431160541768985,11.331044181969368,1.885005814258689,0,0,0,0,-1,inf,0,-1,0,0,7600,316,0,3702,0,3582,1.8783856567021042,4.321464687102339,False
occluding_cut_in,P2,12011,50,5.0,3.0,11.234115978422913,7.347532739074193,0.2132565692115898,0.0002082773269617516,999791722.6730384,17.09672071521911,17.09343247158598,19.431160541768985,11.331044181969368,1.9092338673411526,0,0,0,0,-1,inf,0,-1,0,0,7600,216,0,3784,0,3600,1.8783856567021042,4.321464687102339,False
occluding_cut_in,P3,12011,50,5.0,3.0,11.225860703385898,7.306477124987945,0.21426607060065175,0.00021907488638274686,999780925.1136171,17.096720715219107,17.093275839460258,19.431160541768985,11.331044181969368,1.9098437800511956,0,0,0,0,-1,inf,0,-1,0,0,7600,221,0,3779,0,3600,1.8783856567021042,4.321464687102339,False
occluding_cut_in,P4,12011,50,5.0,3.0,11.267888282720728,7.327224075401506,0.2107706627715266,0.00021432353040528015,999785676.4695947,17.087302883832308,17.087302883832308,19.431160541768985,11.331044181969368,1.912697116167692,0,0,0,0,-1,inf,0,-1,0,0,7600,182,0,3814,0,3604,1.8783856567021042,4.321464687102339,False
occluding_cut_in,P0,12012,50,5.0,3.0,11.267888282720728,7.327224075401506,0.2107706627715266,0.00021432353040528015,999785676.4695947,17.087302883832308,17.087302883832308,19.431160541768985,11.331044181969368,1.912697116167692,0,0,0,0,-1,inf,0,-1,0,0,7600,182,0,3814,0,3604,1.6778256722655371,3.9811394483862306,False
occluding_cut_in,P1,12012,50,5.0,3.0,11.178614368321243,7.349712723624069,0.21459116985008658,0.00020643489525510282,999793565.1047449,17.14353720412902,17.133991580734083,19.431160541768985,11.331044181969368,1.8672446868865649,0,0,0,0,-1,inf,0,-1,0,0,7600,285,0,3734,0,3581,1.6778256722655371,3.9811394483862306,False
occluding_cut_in,P2,12012,50,5.0,3.0,11.234115978422913,7.347532739074193,0.2132565692115898,0.0002082773269617516,999791722.6730384,17.09672071521911,17.09343247158598,19.431160541768985,11.331044181969368,1.9092338673411526,0,0,0,0,-1,inf,0,-1,0,0,7600,216,0,3784,0,3600,1.6778256722655371,3.9811394483862306,False
occluding_cut_in,P3,12012,50,5.0,3.0,11.272727078473352,7.347277451802598,0.21016357905894725,0.00020785407926597092,999792145.920734,17.087302883832304,17.086958375649086,19.431160541768985,11.331044181969368,1.913149005085399,0,0,0,0,-1,inf,0,-1,0,0,7600,191,0,3805,0,3604,1.6778256722655371,3.9811394483862306,False
occluding_cut_in,P4,12012,50,5.0,3.0,11.267888282720728,7.327224075401506,0.2107706627715266,0.00021432353040528015,999785676.4695947,17.087302883832308,17.087302883832308,19.431160541768985,11.331044181969368,1.912697116167692,0,0,0,0,-1,inf,0,-1,0,0,7600,182,0,3814,0,3604,1.6778256722655371,3.9811394483862306,False
occluding_cut_in,P0,12013,50,5.0,3.0,11.267888282720728,7.327224075401506,0.2107706627715266,0.00021432353040528015,999785676.4695947,17.087302883832308,17.087302883832308,19.431160541768985,11.331044181969368,1.912697116167692,0,0,0,0,-1,inf,0,-1,0,0,7600,182,0,3814,0,3604,1.853860524193201,4.203499510967257,False
occluding_cut_in,P1,12013,50,5.0,3.0,11.279704603516379,7.346397526329796,0.2100100123135853,0.00020808701946142477,999791912.9805385,17.0873028838323,17.08646209581056,19.43013353196599,11.331044181969368,1.9135795070334352,0,0,0,0,-1,inf,0,-1,0,0,7600,220,0,3780,0,3600,1.853860524193201,4.203499510967257,False
occluding_cut_in,P2,12013,50,5.0,3.0,11.279704603516379,7.346397526329796,0.2100100123135853,0.00020808701946142477,999791912.9805385,17.0873028838323,17.08646209581056,19.43013353196599,11.331044181969368,1.9135795070334352,0,0,0,0,-1,inf,0,-1,0,0,7600,220,0,3780,0,3600,1.853860524193201,4.203499510967257,False
occluding_cut_in,P3,12013,50,5.0,3.0,11.262544596352384,7.265809620764898,0.21210737669105537,0.00023045853746672562,999769541.4625331,17.087302883832308,17.08620420453665,19.43013353196599,11.331044181969368,1.9139138373262345,0,0,0,0,-1,inf,0,-1,0,0,7600,223,0,3777,0,3600,1.853860524193201,4.203499510967257,False
occluding_cut_in,P4,12013,50,5.0,3.0,11.267888282720728,7.327224075401506,0.2107706627715266,0.00021432353040528015,999785676.4695947,17.087302883832308,17.087302883832308,19.431160541768985,11.331044181969368,1.912697116167692,0,0,0,0,-1,inf,0,-1,0,0,7600,182,0,3814,0,3604,1.853860524193201,4.203499510967257,False
occluding_cut_in,P0,12014,50,5.0,3.0,11.267888282720728,7.327224075401506,0.2107706627715266,0.00021432353040528015,999785676.4695947,17.087302883832308,17.087302883832308,19.431160541768985,11.331044181969368,1.912697116167692,0,0,0,0,-1,inf,0,-1,0,0,7600,182,0,3814,0,3604,1.9396177277323168,4.462337188227592,False
occluding_cut_in,P1,12014,50,5.0,3.0,11.293166311522455,7.345059159874626,0.2091792288500988,0.0002083999505940377,999791600.0494059,17.08730288383232,17.085739932297194,19.431160541768985,11.331044181969368,1.9142604347966024,0,0,0,0,-1,inf,0,-1,0,0,7600,210,0,3786,0,3604,1.9396177277323168,4.462337188227592,False
occluding_cut_in,P2,12014,50,5.0,3.0,11.234115978422913,7.347532739074193,0.2132565692115898,0.0002082773269617516,999791722.6730384,17.09672071521911,17.09343247158598,19.431160541768985,11.331044181969368,1.9092338673411526,0,0,0,0,-1,inf,0,-1,0,0,7600,216,0,3784,0,3600,1.9396177277323168,4.462337188227592,False
occluding_cut_in,P3,12014,50,5.0,3.0,11.234115978422913,7.347532739074193,0.2132565692115898,0.0002082773269617516,999791722.6730384,17.09672071521911,17.09343247158598,19.431160541768985,11.331044181969368,1.9092338673411526,0,0,0,0,-1,inf,0,-1,0,0,7600,216,0,3784,0,3600,1.9396177277323168,4.462337188227592,False
occluding_cut_in,P4,12014,50,5.0,3.0,11.267888282720728,7.327224075401506,0.2107706627715266,0.00021432353040528015,999785676.4695947,17.087302883832308,17.087302883832308,19.431160541768985,11.331044181969368,1.912697116167692,0,0,0,0,-1,inf,0,-1,0,0,7600,182,0,3814,0,3604,1.9396177277323168,4.462337188227592,False
occluding_cut_in,P0,12015,50,5.0,3.0,11.267888282720728,7.327224075401506,0.2107706627715266,0.00021432353040528015,999785676.4695947,17.087302883832308,17.087302883832308,19.431160541768985,11.331044181969368,1.912697116167692,0,0,0,0,-1,inf,0,-1,0,0,7600,182,0,3814,0,3604,1.8158432384241212,4.197884232478916,False
occluding_cut_in,P1,12015,50,5.0,3.0,11.32259098532521,7.330849635099795,0.20818126146480595,0.00021115231607467776,999788847.6839255,17.121780353335417,17.116341439325343,19.431160541768985,11.331044181969368,1.8837879858002218,0,0,0,0,-1,inf,0,-1,0,0,7600,270,0,3750,0,3580,1.8158432384241212,4.197884232478916,False
occluding_cut_in,P2,12015,50,5.0,3.0,11.304662266597454,7.351504675742082,0.20837432312261125,0.00020585025197970033,999794149.7480203,17.109263734065536,17.106786860918128,19.431160541768985,11.331044181969368,1.8932202090741326,0,0,0,0,-1,inf,0,-1,0,0,7600,219,0,3790,0,3591,1.8158432384241212,4.197884232478916,False
occluding_cut_in,P3,12015,50,5.0,3.0,11.272727078473352,7.347277451802598,0.21016357905894725,0.00020785407926597092,999792145.920734,17.087302883832304,17.086958375649086,19.431160541768985,11.331044181969368,1.913149005085399,0,0,0,0,-1,inf,0,-1,0,0,7600,191,0,3805,0,3604,1.8158432384241212,4.197884232478916,False
occluding_cut_in,P4,12015,50,5.0,3.0,11.267888282720728,7.327224075401506,0.2107706627715266,0.00021432353040528015,999785676.4695947,17.087302883832308,17.087302883832308,19.431160541768985,11.331044181969368,1.912697116167692,0,0,0,0,-1,inf,0,-1,0,0,7600,182,0,3814,0,3604,1.8158432384241212,4.197884232478916,False
occluding_cut_in,P0,12016,50,5.0,3.0,11.267888282720728,7.327224075401506,0.2107706627715266,0.00021432353040528015,999785676.4695947,17.087302883832308,17.087302883832308,19.431160541768985,11.331044181969368,1.912697116167692,0,0,0,0,-1,inf,0,-1,0,0,7600,182,0,3814,0,3604,1.8614445409121583,4.267729266258325,False
occluding_cut_in,P1,12016,50,5.0,3.0,11.323929889722908,7.33746240387935,0.2079504854985344,0.00020935444522376598,999790645.5547763,17.121780353335428,17.11653427941325,19.43013353196599,11.331044181969368,1.8836732888752445,0,0,0,0,-1,inf,0,-1,0,0,7600,282,0,3740,0,3578,1.8614445409121583,4.267729266258325,False
occluding_cut_in,P2,12016,50,5.0,3.0,11.276963380877083,7.330914167477342,0.21037900968694642,0.00021314547187283378,999786854.5281272,17.087302883832308,17.08684058791738,19.43013353196599,11.331044181969368,1.913174713293892,0,0,0,0,-1,inf,0,-1,0,0,7600,211,0,3789,0,3600,1.8614445409121583,4.267729266258325,False
occluding_cut_in,P3,12016,50,5.0,3.0,11.267888282720728,7.327224075401506,0.2107706627715266,0.00021432353040528015,999785676.4695947,17.087302883832308,17.087302883832308,19.431160541768985,11.331044181969368,1.912697116167692,0,0,0,0,-1,inf,0,-1,0,0,7600,182,0,3814,0,3604,1.8614445409121583,4.267729266258325,False
occluding_cut_in,P4,12016,50,5.0,3.0,11.267888282720728,7.327224075401506,0.2107706627715266,0.00021432353040528015,999785676.4695947,17.087302883832308,17.087302883832308,19.431160541768985,11.331044181969368,1.912697116167692,0,0,0,0,-1,inf,0,-1,0,0,7600,182,0,3814,0,3604,1.8614445409121583,4.267729266258325,False
occluding_cut_in,P0,12017,50,5.0,3.0,11.267888282720728,7.327224075401506,0.2107706627715266,0.00021432353040528015,999785676.4695947,17.087302883832308,17.087302883832308,19.431160541768985,11.331044181969368,1.912697116167692,0,0,0,0,-1,inf,0,-1,0,0,7600,182,0,3814,0,3604,1.7983749267244453,4.152015182844185,False
occluding_cut_in,P1,12017,50,5.0,3.0,11.323929889722908,7.33746240387935,0.2079504854985344,0.00020935444522376598,999790645.5547763,17.121780353335428,17.11653427941325,19.43013353196599,11.331044181969368,1.8836732888752445,0,0,0,0,-1,inf,0,-1,0,0,7600,282,0,3740,0,3578,1.7983749267244453,4.152015182844185,False
occluding_cut_in,P2,12017,50,5.0,3.0,11.279402230947529,7.3325272748345185,0.21008453913158626,0.00021127208617207884,999788727.9138278,17.087302883832304,17.08671813657334,19.43013353196599,11.331044181969368,1.9132821182943816,0,0,0,0,-1,inf,0,-1,0,0,7600,211,0,3789,0,3600,1.7983749267244453,4.152015182844185,False
occluding_cut_in,P3,12017,50,5.0,3.0,11.271959506513124,7.335881601140441,0.21027690254954082,0.00021045185835408037,999789548.1416459,17.087302883832308,17.087194917016916,19.431160541768985,11.331044181969368,1.9128245916561997,0,0,0,0,-1,inf,0,-1,0,0,7600,182,0,3814,0,3604,1.7983749267244453,4.152015182844185,False
occluding_cut_in,P4,12017,50,5.0,3.0,11.267888282720728,7.327224075401506,0.2107706627715266,0.00021432353040528015,999785676.4695947,17.087302883832308,17.087302883832308,19.431160541768985,11.331044181969368,1.912697116167692,0,0,0,0,-1,inf,0,-1,0,0,7600,182,0,3814,0,3604,1.7983749267244453,4.152015182844185,False
occluding_cut_in,P0,12018,50,5.0,3.0,11.267888282720728,7.327224075401506,0.2107706627715266,0.00021432353040528015,999785676.4695947,17.087302883832308,17.087302883832308,19.431160541768985,11.331044181969368,1.912697116167692,0,0,0,0,-1,inf,0,-1,0,0,7600,182,0,3814,0,3604,1.7981876681929199,4.123016403908623,False
occluding_cut_in,P1,12018,50,5.0,3.0,11.332635162965522,7.2968468754087175,0.20906811882705212,0.00022077520280912,999779224.797191,17.121780353335417,17.114710306963037,19.431160541768985,11.331044181969368,1.885592952331776,0,0,0,0,-1,inf,0,-1,0,0,7600,351,0,3667,0,3582,1.7981876681929199,4.123016403908623,False
occluding_cut_in,P2,12018,50,5.0,3.0,11.285993691216454,7.30833693068272,0.21004580967076453,0.00021764251711441334,999782357.4828857,17.08730288383231,17.08560516159999,19.431160541768985,11.331044181969368,1.9144130276938296,0,0,0,0,-1,inf,0,-1,0,0,7600,215,0,3781,0,3604,1.7981876681929199,4.123016403908623,False
occluding_cut_in,P3,12018,50,5.0,3.0,11.271959506513124,7.335881601140441,0.21027690254954082,0.00021045185835408037,999789548.1416459,17.087302883832308,17.087194917016916,19.431160541768985,11.331044181969368,1.9128245916561997,0,0,0,0,-1,inf,0,-1,0,0,7600,182,0,3814,0,3604,1.7981876681929199,4.123016403908623,False
occluding_cut_in,P4,12018,50,5.0,3.0,11.267888282720728,7.327224075401506,0.2107706627715266,0.00021432353040528015,999785676.4695947,17.087302883832308,17.087302883832308,19.431160541768985,11.331044181969368,1.912697116167692,0,0,0,0,-1,inf,0,-1,0,0,7600,182,0,3814,0,3604,1.7981876681929199,4.123016403908623,False
occluding_cut_in,P0,12019,50,5.0,3.0,11.267888282720728,7.327224075401506,0.2107706627715266,0.00021432353040528015,999785676.4695947,17.087302883832308,17.087302883832308,19.431160541768985,11.331044181969368,1.912697116167692,0,0,0,0,-1,inf,0,-1,0,0,7600,182,0,3814,0,3604,1.8197781026011992,4.104613483036919,False
occluding_cut_in,P1,12019,50,5.0,3.0,11.330542028345441,7.3466437559200495,0.2079361223944305,0.0002081010537113367,999791898.9462886,17.121780353335417,17.115973467558156,19.431160541768985,11.331044181969368,1.8843586929951255,0,0,0,0,-1,inf,0,-1,0,0,7600,295,0,3725,0,3580,1.8197781026011992,4.104613483036919,False
occluding_cut_in,P2,12019,50,5.0,3.0,11.300967259640549,7.34609500698083,0.20892083246936025,0.00020801564955933913,999791984.3504406,17.087302883832315,17.085275650404522,19.43013353196599,11.331044181969368,1.9147352770743513,0,0,0,0,-1,inf,0,-1,0,0,7600,236,0,3764,0,3600,1.8197781026011992,4.104613483036919,False
occluding_cut_in,P3,12019,50,5.0,3.0,11.271755487271896,7.334259161228186,0.21030210393144963,0.00021079719794503822,999789202.802055,17.079263734065538,17.07915741619279,19.431160541768985,11.331044181969368,1.9208614490774019,0,0,0,0,-1,inf,0,-1,0,0,7600,181,0,3815,0,3604,1.8197781026011992,4.104613483036919,False
occluding_cut_in,P4,12019,50,5.0,3.0,11.267888282720728,7.327224075401506,0.2107706627715266,0.00021432353040528015,999785676.4695947,17.087302883832308,17.087302883832308,19.431160541768985,11.331044181969368,1.912697116167692,0,0,0,0,-1,inf,0,-1,0,0,7600,182,0,3814,0,3604,1.8197781026011992,4.104613483036919,False
