scenario,planner,seed,steps,duration_s,planning_safety_margin_m,mean_snr_db,min_snr_db,mean_outage_probability,mean_ber_model,mean_goodput_bps_model,path_length_m,progress_m,min_target_distance_m,min_realized_ttc_s,min_static_obstacle_clearance_m,static_clearance_violation_steps,static_clearance_violation_indicator,collision_indicator,collision_steps,first_collision_step,first_collision_time_s,no_candidate_steps,first_no_candidate_step,zero_candidate_after_static_steps,zero_candidate_after_dynamic_steps,candidate_evaluations,candidate_road_rejections,candidate_speed_rejections,candidate_static_rejections,candidate_dynamic_rejections,candidate_feasible,prediction_ade_m,prediction_fde_m,measured_optical_link
following_lateral_offset,P0,12000,40,4.0,2.0,17.360303958661603,14.127552331212943,0.011680451532618487,7.918967955161006e-14,999999999.9999208,35.11666666666667,35.11666666666667,5.080053586768986,2.297346954084687,inf,0,0,0,0,-1,inf,1,1,0,1,6080,0,0,0,2816,3264,1.6338930626009258,3.8139706020221498,False
following_lateral_offset,P1,12000,40,4.0,2.0,17.389200428378878,14.317427002552247,0.011285655625363478,2.4871977399406748e-14,999999999.9999752,35.05,35.05,5.1441714590398355,2.3009022706796927,inf,0,0,0,0,-1,inf,1,1,0,1,6080,0,0,0,2792,3288,1.6338930626009258,3.8139706020221498,False
following_lateral_offset,P2,12000,40,4.0,2.0,17.363427621326927,14.17597087959981,0.011625658886040337,5.958789515348344e-14,999999999.9999405,35.10000000000001,35.10000000000001,5.096076922496355,2.3181280935990123,inf,0,0,0,0,-1,inf,1,1,0,1,6080,0,0,0,2815,3265,1.6338930626009258,3.8139706020221498,False
following_lateral_offset,P3,12000,40,4.0,2.0,17.360303958661603,14.127552331212943,0.011680451532618487,7.918967955161006e-14,999999999.9999208,35.11666666666667,35.11666666666667,5.080053586768986,2.297346954084687,inf,0,0,0,0,-1,inf,1,1,0,1,6080,0,0,0,2816,3264,1.6338930626009258,3.8139706020221498,False
following_lateral_offset,P4,12000,40,4.0,2.0,17.360303958661603,14.127552331212943,0.011680451532618487,7.918967955161006e-14,999999999.9999208,35.11666666666667,35.11666666666667,5.080053586768986,2.297346954084687,inf,0,0,0,0,-1,inf,1,1,0,1,6080,0,0,0,2816,3264,1.6338930626009258,3.8139706020221498,False
following_lateral_offset,P0,12001,40,4.0,2.0,17.31244941857713,14.122675007833509,0.012372211044755945,8.852997210278119e-14,999999999.9999115,35.11833333333335,35.11833333333335,5.078451480957981,2.239875788822357,inf,0,0,0,0,-1,inf,1,1,0,1,6080,0,0,0,2822,3258,1.621066885958316,3.849767745652082,False
following_lateral_offset,P1,12001,40,4.0,2.0,17.31244941857713,14.122675007833509,0.012372211044755945,8.852997210278119e-14,999999999.9999115,35.11833333333335,35.11833333333335,5.078451480957981,2.239875788822357,inf,0,0,0,0,-1,inf,1,1,0,1,6080,0,0,0,2822,3258,1.621066885958316,3.849767745652082,False
following_lateral_offset,P2,12001,40,4.0,2.0,17.312571351661614,14.127552331212907,0.01236960885318983,8.638211191453678e-14,999999999.9999136,35.11666666666668,35.11666666666668,5.0800535867689725,2.239875788822357,inf,0,0,0,0,-1,inf,1,1,0,1,6080,0,0,0,2821,3259,1.621066885958316,3.849767745652082,False
following_lateral_offset,P3,12001,40,4.0,2.0,17.31244941857713,14.122675007833509,0.012372211044755945,8.852997210278119e-14,999999999.9999115,35.11833333333335,35.11833333333335,5.078451480957981,2.239875788822357,inf,0,0,0,0,-1,inf,1,1,0,1,6080,0,0,0,2822,3258,1.621066885958316,3.849767745652082,False
following_lateral_offset,P4,12001,40,4.0,2.0,18.44541002710634,16.137508032910766,0.006357278369997761,2.0690203854340494e-20,1000000000.0,35.11833333333335,35.11345543504081,5.01552457572886,2.239875788822357,inf,0,0,0,0,-1,inf,1,1,0,1,6080,244,0,0,2614,3222,1.621066885958316,3.849767745652082,False
following_lateral_offset,P0,12002,40,4.0,2.0,17.369193995211283,14.242685431635458,0.011581704855193359,3.958892609691189e-14,999999999.9999603,35.07666666666667,35.07666666666667,5.118516495148873,2.286050432775628,inf,0,0,0,0,-1,inf,1,1,0,1,6080,0,0,0,2782,3298,1.6801316419628702,3.8251668060312,False
following_lateral_offset,P1,12002,40,4.0,2.0,17.364711939134033,14.175970879599856,0.011662005761274376,5.901742042027602e-14,999999999.9999411,35.099999999999994,35.099999999999994,5.096076922496368,2.2572670931701833,inf,0,0,0,0,-1,inf,1,1,0,1,6080,0,0,0,2788,3292,1.6801316419628702,3.8251668060312,False
following_lateral_offset,P2,12002,40,4.0,2.0,18.348028985224904,16.137508032910766,0.006584044420602103,2.068628298414081e-20,1000000000.0,35.06866666666666,35.06415516261258,5.068359770129384,2.1851345902741826,inf,0,0,0,0,-1,inf,1,1,0,1,6080,224,0,0,2601,3255,1.6801316419628702,3.8251668060312,False
following_lateral_offset,P3,12002,40,4.0,2.0,17.369193995211283,14.242685431635458,0.011581704855193359,3.958892609691189e-14,999999999.9999603,35.07666666666667,35.07666666666667,5.118516495148873,2.286050432775628,inf,0,0,0,0,-1,inf,1,1,0,1,6080,0,0,0,2782,3298,1.6801316419628702,3.8251668060312,False
following_lateral_offset,P4,12002,40,4.0,2.0,18.34798567065074,16.137508032910766,0.006584090623382806,2.068628298414081e-20,1000000000.0,35.071999999999996,35.06748630120761,5.065088291663956,2.176364900751004,inf,0,0,0,0,-1,inf,1,1,0,1,6080,225,0,0,2600,3255,1.6801316419628702,3.8251668060312,False
following_lateral_offset,P0,12003,40,4.0,2.0,17.26586674407419,14.479899815674178,0.011633598209942598,9.498230856824477e-15,999999999.9999905,34.99,34.99,5.201932333277701,2.0551680798344503,inf,0,0,0,0,-1,inf,1,1,0,1,6080,0,0,0,2890,3190,1.63505044890626,3.9169352334224983,False
following_lateral_offset,P1,12003,40,4.0,2.0,17.24665655443937,14.345048147092282,0.011859739209674739,2.2137093507142107e-14,999999999.9999778,35.04,35.04,5.15379471845746,2.01378883230062,inf,0,0,0,0,-1,inf,1,1,0,1,6080,0,0,0,2899,3181,1.63505044890626,3.9169352334224983,False
following_lateral_offset,P2,12003,40,4.0,2.0,17.891032391867544,16.137508032910766,0.007845210697398183,2.254724169507068e-20,1000000000.0,34.99,34.98707002436652,5.163667007572983,2.0551680798344503,inf,0,0,0,0,-1,inf,1,1,0,1,6080,142,0,0,2764,3174,1.63505044890626,3.9169352334224983,False
following_lateral_offset,P3,12003,40,4.0,2.0,17.35628205660991,14.670384560088507,0.01094680239681354,2.640938499856719e-15,999999999.9999974,34.99000000000001,34.98947580489398,5.196617821580438,2.0551680798344503,inf,0,0,0,0,-1,inf,1,1,0,1,6080,23,0,0,2867,3190,1.63505044890626,3.9169352334224983,False
following_lateral_offset,P4,12003,40,4.0,2.0,18.3047158125868,16.137508032910766,0.007384125886889288,2.2547241695070125e-20,1000000000.0,34.970000000000006,34.95939609187495,5.159350487527741,2.0551680798344503,inf,0,0,0,0,-1,inf,1,1,0,1,6080,284,0,0,2650,3146,1.63505044890626,3.9169352334224983,False
following_lateral_offset,P0,12004,40,4.0,2.0,17.33793589234616,14.068594625035557,0.012045410037533587,1.1463089594351713e-13,999999999.9998853,35.13666666666668,35.13666666666668,5.060831069212942,2.3348039637569276,inf,0,0,0,0,-1,inf,1,1,0,1,6080,0,0,0,2927,3153,1.6009649607209575,3.727581109761543,False
following_lateral_offset,P1,12004,40,4.0,2.0,17.347463099982466,14.156680604715069,0.011862984000082467,6.803845971663946e-14,999999999.999932,35.10666666666667,35.10666666666667,5.089667092365776,2.3448039637569305,inf,0,0,0,0,-1,inf,1,1,0,1,6080,0,0,0,2920,3160,1.6009649607209575,3.727581109761543,False
following_lateral_offset,P2,12004,40,4.0,2.0,17.33793589234616,14.068594625035557,0.012045410037533587,1.1463089594351713e-13,999999999.9998853,35.13666666666668,35.13666666666668,5.060831069212942,2.3348039637569276,inf,0,0,0,0,-1,inf,1,1,0,1,6080,0,0,0,2927,3153,1.6009649607209575,3.727581109761543,False
following_lateral_offset,P3,12004,40,4.0,2.0,17.33793589234616,14.068594625035557,0.012045410037533587,1.1463089594351713e-13,999999999.9998853,35.13666666666668,35.13666666666668,5.060831069212942,2.3348039637569276,inf,0,0,0,0,-1,inf,1,1,0,1,6080,0,0,0,2927,3153,1.6009649607209575,3.727581109761543,False
following_lateral_offset,P4,12004,40,4.0,2.0,17.33793589234616,14.068594625035557,0.012045410037533587,1.1463089594351713e-13,999999999.9998853,35.13666666666668,35.13666666666668,5.060831069212942,2.3348039637569276,inf,0,0,0,0,-1,inf,1,1,0,1,6080,0,0,0,2927,3153,1.6009649607209575,3.727581109761543,False
following_lateral_offset,P0,12005,40,4.0,2.0,17.289211843071918,13.833676267258271,0.012883630236219686,4.544865182265895e-13,999999999.9995457,35.21333333333335,35.21333333333335,4.987201397354792,2.141524236743259,inf,0,0,0,0,-1,inf,1,1,0,1,6080,0,0,0,2792,3288,1.6408010684568168,3.7153364667535724,False
following_lateral_offset,P1,12005,40,4.0,2.0,19.044424799852372,16.137508032910766,0.0051105971546215444,2.066868731686362e-20,1000000000.0,35.00333333333334,34.996719175392585,5.104603524413937,2.1765423824187726,inf,0,0,0,0,-1,inf,1,1,0,1,6080,383,0,0,2405,3292,1.6408010684568168,3.7153364667535724,False
following_lateral_offset,P2,12005,40,4.0,2.0,19.03850801316573,16.137508032910766,0.005115096830815851,2.0668687316861125e-20,1000000000.0,35.069000000000024,35.06241509363734,5.040279150110748,2.141524236743259,inf,0,0,0,0,-1,inf,1,1,0,1,6080,383,0,0,2424,3273,1.6408010684568168,3.7153364667535724,False
following_lateral_offset,P3,12005,40,4.0,2.0,17.289211843071918,13.833676267258271,0.012883630236219686,4.544865182265895e-13,999999999.9995457,35.21333333333335,35.21333333333335,4.987201397354792,2.141524236743259,inf,0,0,0,0,-1,inf,1,1,0,1,6080,0,0,0,2792,3288,1.6408010684568168,3.7153364667535724,False
following_lateral_offset,P4,12005,40,4.0,2.0,17.289211843071918,13.833676267258271,0.012883630236219686,4.544865182265895e-13,999999999.9995457,35.21333333333335,35.21333333333335,4.987201397354792,2.141524236743259,inf,0,0,0,0,-1,inf,1,1,0,1,6080,0,0,0,2792,3288,1.6408010684568168,3.7153364667535724,False
following_lateral_offset,P0,12006,40,4.0,2.0,17.28383926431073,13.906699745895942,0.012667543384468238,2.9549840305411363e-13,999999999.9997046,35.190000000000005,35.190000000000005,5.009600782497539,2.217781966167669,inf,0,0,0,0,-1,inf,1,1,0,1,6080,0,0,0,2819,3261,1.6414959151305535,3.7808952782077476,False
following_lateral_offset,P1,12006,40,4.0,2.0,17.216714453791063,13.3064967859367,0.013874120616192457,6.860681819822646e-12,999999999.9931393,35.370000000000005,35.370000000000005,4.837034215301765,2.255324688314282,inf,0,0,0,0,-1,inf,1,1,0,1,6080,0,0,0,2855,3225,1.6414959151305535,3.7808952782077476,False
following_lateral_offset,P2,12006,40,4.0,2.0,18.666642526298013,16.137508032910766,0.00583417009808934,2.0669918848511532e-20,1000000000.0,35.16000000000002,35.154343996893026,4.964176368630453,2.217781966167669,inf,0,0,0,0,-1,inf,1,1,0,1,6080,303,0,0,2563,3214,1.6414959151305535,3.7808952782077476,False
following_lateral_offset,P3,12006,40,4.0,2.0,18.66472952802006,16.137508032910766,0.005835972595504635,2.0669918848511532e-20,1000000000.0,35.21266666666668,35.206978119914716,4.912406227536542,2.217781966167669,inf,0,0,0,0,-1,inf,1,1,0,1,6080,305,0,0,2574,3201,1.6414959151305535,3.7808952782077476,False
following_lateral_offset,P4,12006,40,4.0,2.0,18.66472952802006,16.137508032910766,0.005835972595504635,2.0669918848511532e-20,1000000000.0,35.21266666666668,35.206978119914716,4.912406227536542,2.217781966167669,inf,0,0,0,0,-1,inf,1,1,0,1,6080,305,0,0,2574,3201,1.6414959151305535,3.7808952782077476,False
following_lateral_offset,P0,12007,40,4.0,2.0,17.317366212985746,14.46665517761008,0.01170929304367162,1.0721015281523334e-14,999999999.9999893,34.995000000000005,34.995000000000005,5.197116989254711,2.3398757888223574,inf,0,0,0,0,-1,inf,1,1,0,1,6080,0,0,0,2920,3160,1.6247781342598788,3.7146295702408905,False
following_lateral_offset,P1,12007,40,4.0,2.0,17.317366212985746,14.46665517761008,0.01170929304367162,1.0721015281523334e-14,999999999.9999893,34.995000000000005,34.995000000000005,5.197116989254711,2.3398757888223574,inf,0,0,0,0,-1,inf,1,1,0,1,6080,0,0,0,2920,3160,1.6247781342598788,3.7146295702408905,False
following_lateral_offset,P2,12007,40,4.0,2.0,17.969833623788762,16.137508032910766,0.007734440554291763,2.957451612536202e-20,1000000000.0,34.99500000000001,34.991860255564525,5.158085789527325,2.3398757888223574,inf,0,0,0,0,-1,inf,1,1,0,1,6080,143,0,0,2798,3139,1.6247781342598788,3.7146295702408905,False
following_lateral_offset,P3,12007,40,4.0,2.0,17.969833623788762,16.137508032910766,0.007734440554291763,2.957451612536202e-20,1000000000.0,34.99500000000001,34.991860255564525,5.158085789527325,2.3398757888223574,inf,0,0,0,0,-1,inf,1,1,0,1,6080,143,0,0,2798,3139,1.6247781342598788,3.7146295702408905,False
following_lateral_offset,P4,12007,40,4.0,2.0,17.969833623788762,16.137508032910766,0.007734440554291763,2.957451612536202e-20,1000000000.0,34.99500000000001,34.991860255564525,5.158085789527325,2.3398757888223574,inf,0,0,0,0,-1,inf,1,1,0,1,6080,143,0,0,2798,3139,1.6247781342598788,3.7146295702408905,False
following_lateral_offset,P0,12008,40,4.0,2.0,17.228091602814814,13.173274233606735,0.013976028182986832,1.3016190127152648e-11,999999999.9869839,35.40666666666668,35.40666666666668,4.801948678516982,2.1718441714316783,inf,0,0,0,0,-1,inf,1,1,0,1,6080,0,0,0,2848,3232,1.7921005100060856,4.0244366586893445,False
following_lateral_offset,P1,12008,40,4.0,2.0,17.228091602814814,13.173274233606735,0.013976028182986832,1.3016190127152648e-11,999999999.9869839,35.40666666666668,35.40666666666668,4.801948678516982,2.1718441714316783,inf,0,0,0,0,-1,inf,1,1,0,1,6080,0,0,0,2848,3232,1.7921005100060856,4.0244366586893445,False
following_lateral_offset,P2,12008,40,4.0,2.0,17.228091602814814,13.173274233606735,0.013976028182986832,1.3016190127152648e-11,999999999.9869839,35.40666666666668,35.40666666666668,4.801948678516982,2.1718441714316783,inf,0,0,0,0,-1,inf,1,1,0,1,6080,0,0,0,2848,3232,1.7921005100060856,4.0244366586893445,False
following_lateral_offset,P3,12008,40,4.0,2.0,17.228091602814814,13.173274233606735,0.013976028182986832,1.3016190127152648e-11,999999999.9869839,35.40666666666668,35.40666666666668,4.801948678516982,2.1718441714316783,inf,0,0,0,0,-1,inf,1,1,0,1,6080,0,0,0,2848,3232,1.7921005100060856,4.0244366586893445,False
following_lateral_offset,P4,12008,40,4.0,2.0,17.228091602814814,13.173274233606735,0.013976028182986832,1.3016190127152648e-11,999999999.9869839,35.40666666666668,35.40666666666668,4.801948678516982,2.1718441714316783,inf,0,0,0,0,-1,inf,1,1,0,1,6080,0,0,0,2848,3232,1.7921005100060856,4.0244366586893445,False
following_lateral_offset,P0,12009,40,4.0,2.0,17.32488607485705,13.958033465095934,0.012014176472569766,2.1608244186846306e-13,999999999.9997839,35.173333333333346,35.173333333333346,5.0256055467088725,2.066973380148175,inf,0,0,0,0,-1,inf,1,1,0,1,6080,0,0,0,2859,3221,1.790726771125032,3.911528822730304,False
following_lateral_offset,P1,12009,40,4.0,2.0,17.314290026355735,13.896350858685715,0.012185840860509282,3.2021027632070256e-13,999999999.9996798,35.19333333333335,35.19333333333335,5.006400347998978,1.9853694729093467,inf,0,0,0,0,-1,inf,1,1,0,1,6080,0,0,0,2872,3208,1.790726771125032,3.911528822730304,False
following_lateral_offset,P2,12009,40,4.0,2.0,17.32488607485705,13.958033465095934,0.012014176472569766,2.1608244186846306e-13,999999999.9997839,35.173333333333346,35.173333333333346,5.0256055467088725,2.066973380148175,inf,0,0,0,0,-1,inf,1,1,0,1,6080,0,0,0,2859,3221,1.790726771125032,3.911528822730304,False
following_lateral_offset,P3,12009,40,4.0,2.0,17.32488607485705,13.958033465095934,0.012014176472569766,2.1608244186846306e-13,999999999.9997839,35.173333333333346,35.173333333333346,5.0256055467088725,2.066973380148175,inf,0,0,0,0,-1,inf,1,1,0,1,6080,0,0,0,2859,3221,1.790726771125032,3.911528822730304,False
following_lateral_offset,P4,12009,40,4.0,2.0,17.576688561574333,15.157290463242708,0.009551678932124524,7.56621182075556e-17,1000000000.0,35.14333333333335,35.142276653017184,5.04037673081107,2.066973380148175,inf,0,0,0,0,-1,inf,1,1,0,1,6080,46,0,0,2812,3222,1.790726771125032,3.911528822730304,False
following_lateral_offset,P0,12010,40,4.0,2.0,17.34555876382328,14.29889024497692,0.01162544248000909,2.884637804002348e-14,999999999.9999712,35.05666666666668,35.05666666666668,5.137756752167654,2.1886580216476155,inf,0,0,0,0,-1,inf,1,1,0,1,6080,0,0,0,2897,3183,1.5257504913454665,3.67541868266481,False
following_lateral_offset,P1,12010,40,4.0,2.0,17.432211732995114,14.705388917854073,0.010733752028012019,2.0460640560260414e-15,999999999.9999981,35.029999999999994,35.029999999999994,5.163419409654813,2.2559914840110835,inf,0,0,0,0,-1,inf,1,1,0,1,6080,0,0,0,2896,3184,1.5257504913454665,3.67541868266481,False
following_lateral_offset,P2,12010,40,4.0,2.0,18.096393282704405,16.137508032910766,0.0072643193898280336,2.106877757390078e-20,1000000000.0,35.026666666666685,35.02315352494042,5.121346655960186,2.1886580216476155,inf,0,0,0,0,-1,inf,1,1,0,1,6080,167,0,0,2750,3163,1.5257504913454665,3.67541868266481,False
following_lateral_offset,P3,12010,40,4.0,2.0,17.34555876382328,14.29889024497692,0.01162544248000909,2.884637804002348e-14,999999999.9999712,35.05666666666668,35.05666666666668,5.137756752167654,2.1886580216476155,inf,0,0,0,0,-1,inf,1,1,0,1,6080,0,0,0,2897,3183,1.5257504913454665,3.67541868266481,False
following_lateral_offset,P4,12010,40,4.0,2.0,18.09522089816996,16.137508032910766,0.007266257868294726,2.106877757390078e-20,1000000000.0,35.046666666666674,35.04314014154336,5.101752988881991,2.1886580216476155,inf,0,0,0,0,-1,inf,1,1,0,1,6080,168,0,0,2754,3158,1.5257504913454665,3.67541868266481,False
following_lateral_offset,P0,12011,40,4.0,2.0,17.39202853037881,14.363340339054197,0.011391582655402256,1.8975494544563464e-14,999999999.9999809,35.033333333333346,35.033333333333346,5.160211020663559,2.5210804983254413,inf,0,0,0,0,-1,inf,1,1,0,1,6080,0,0,0,2785,3295,1.6502077549209624,3.8568435138372927,False
following_lateral_offset,P1,12011,40,4.0,2.0,17.39202853037881,14.363340339054197,0.011391582655402256,1.8975494544563464e-14,999999999.9999809,35.033333333333346,35.033333333333346,5.160211020663559,2.5210804983254413,inf,0,0,0,0,-1,inf,1,1,0,1,6080,0,0,0,2785,3295,1.6502077549209624,3.8568435138372927,False
following_lateral_offset,P2,12011,40,4.0,2.0,17.39202853037881,14.363340339054197,0.011391582655402256,1.8975494544563464e-14,999999999.9999809,35.033333333333346,35.033333333333346,5.160211020663559,2.5210804983254413,inf,0,0,0,0,-1,inf,1,1,0,1,6080,0,0,0,2785,3295,1.6502077549209624,3.8568435138372927,False
following_lateral_offset,P3,12011,40,4.0,2.0,17.39202853037881,14.363340339054197,0.011391582655402256,1.8975494544563464e-14,999999999.9999809,35.033333333333346,35.033333333333346,5.160211020663559,2.5210804983254413,inf,0,0,0,0,-1,inf,1,1,0,1,6080,0,0,0,2785,3295,1.6502077549209624,3.8568435138372927,False
following_lateral_offset,P4,12011,40,4.0,2.0,17.39202853037881,14.363340339054197,0.011391582655402256,1.8975494544563464e-14,999999999.9999809,35.033333333333346,35.033333333333346,5.160211020663559,2.5210804983254413,inf,0,0,0,0,-1,inf,1,1,0,1,6080,0,0,0,2785,3295,1.6502077549209624,3.8568435138372927,False
following_lateral_offset,P0,12012,40,4.0,2.0,17.292096536556507,13.998611998298587,0.012325491288205547,1.7250314324587776e-13,999999999.9998276,35.160000000000004,35.160000000000004,5.038412448380934,2.391537043407525,inf,0,0,0,0,-1,inf,1,1,0,1,6080,0,0,0,2938,3142,1.6868918368375574,3.813198429029641,False
following_lateral_offset,P1,12012,40,4.0,2.0,17.324155153041144,14.156680604715044,0.011916923570985487,6.773547125955086e-14,999999999.9999323,35.106666666666676,35.106666666666676,5.089667092365769,2.4566937556106145,inf,0,0,0,0,-1,inf,1,1,0,1,6080,0,0,0,2920,3160,1.6868918368375574,3.813198429029641,False
following_lateral_offset,P2,12012,40,4.0,2.0,17.292096536556507,13.998611998298587,0.012325491288205547,1.7250314324587776e-13,999999999.9998276,35.160000000000004,35.160000000000004,5.038412448380934,2.391537043407525,inf,0,0,0,0,-1,inf,1,1,0,1,6080,0,0,0,2938,3142,1.6868918368375574,3.813198429029641,False
following_lateral_offset,P3,12012,40,4.0,2.0,17.292096536556507,13.998611998298587,0.012325491288205547,1.7250314324587776e-13,999999999.9998276,35.160000000000004,35.160000000000004,5.038412448380934,2.391537043407525,inf,0,0,0,0,-1,inf,1,1,0,1,6080,0,0,0,2938,3142,1.6868918368375574,3.813198429029641,False
following_lateral_offset,P4,12012,40,4.0,2.0,17.292096536556507,13.998611998298587,0.012325491288205547,1.7250314324587776e-13,999999999.9998276,35.160000000000004,35.160000000000004,5.038412448380934,2.391537043407525,inf,0,0,0,0,-1,inf,1,1,0,1,6080,0,0,0,2938,3142,1.6868918368375574,3.813198429029641,False
following_lateral_offset,P0,12013,40,4.0,2.0,17.286062095014294,13.759280418697891,0.012804343001317641,6.689156221104419e-13,999999999.9993312,35.236666666666665,35.236666666666665,4.964810615163932,2.1395391843345544,inf,0,0,0,0,-1,inf,1,1,0,1,6080,0,0,0,2879,3201,1.8151463058859285,4.071078574595581,False
following_lateral_offset,P1,12013,40,4.0,2.0,17.300129303654437,13.854679016642255,0.012559804225143325,3.9493662867002696e-13,999999999.9996052,35.20666666666667,35.20666666666667,4.993600348891009,2.1246258639482902,inf,0,0,0,0,-1,inf,1,1,0,1,6080,0,0,0,2876,3204,1.8151463058859285,4.071078574595581,False
following_lateral_offset,P2,12013,40,4.0,2.0,17.286062095014294,13.759280418697891,0.012804343001317641,6.689156221104419e-13,999999999.9993312,35.236666666666665,35.236666666666665,4.964810615163932,2.1395391843345544,inf,0,0,0,0,-1,inf,1,1,0,1,6080,0,0,0,2879,3201,1.8151463058859285,4.071078574595581,False
following_lateral_offset,P3,12013,40,4.0,2.0,17.286062095014294,13.759280418697891,0.012804343001317641,6.689156221104419e-13,999999999.9993312,35.236666666666665,35.236666666666665,4.964810615163932,2.1395391843345544,inf,0,0,0,0,-1,inf,1,1,0,1,6080,0,0,0,2879,3201,1.8151463058859285,4.071078574595581,False
following_lateral_offset,P4,12013,40,4.0,2.0,17.96272630648139,16.094468967895292,0.007772198829447919,4.9715221103841e-20,1000000000.0,35.23666666666668,35.23356887470475,4.923434515333138,2.1395391843345544,inf,0,0,0,0,-1,inf,1,1,0,1,6080,143,0,0,2749,3188,1.8151463058859285,4.071078574595581,False
following_lateral_offset,P0,12014,40,4.0,2.0,17.38667610604947,15.45435630036962,0.009979609892503929,7.804118251095006e-18,1000000000.0,34.55333333333335,34.55333333333335,5.623715655843351,2.432597415587007,inf,0,0,0,0,-1,inf,1,1,0,1,6080,0,0,0,2648,3432,1.9004120167716714,4.256666215673691,False
following_lateral_offset,P1,12014,40,4.0,2.0,17.38667610604947,15.45435630036962,0.009979609892503929,7.804118251095006e-18,1000000000.0,34.55333333333335,34.55333333333335,5.623715655843351,2.432597415587007,inf,0,0,0,0,-1,inf,1,1,0,1,6080,0,0,0,2648,3432,1.9004120167716714,4.256666215673691,False
following_lateral_offset,P2,12014,40,4.0,2.0,17.38667610604947,15.45435630036962,0.009979609892503929,7.804118251095006e-18,1000000000.0,34.55333333333335,34.55333333333335,5.623715655843351,2.432597415587007,inf,0,0,0,0,-1,inf,1,1,0,1,6080,0,0,0,2648,3432,1.9004120167716714,4.256666215673691,False
following_lateral_offset,P3,12014,40,4.0,2.0,17.38667610604947,15.45435630036962,0.009979609892503929,7.804118251095006e-18,1000000000.0,34.55333333333335,34.55333333333335,5.623715655843351,2.432597415587007,inf,0,0,0,0,-1,inf,1,1,0,1,6080,0,0,0,2648,3432,1.9004120167716714,4.256666215673691,False
following_lateral_offset,P4,12014,40,4.0,2.0,17.38667610604947,15.45435630036962,0.009979609892503929,7.804118251095006e-18,1000000000.0,34.55333333333335,34.55333333333335,5.623715655843351,2.432597415587007,inf,0,0,0,0,-1,inf,1,1,0,1,6080,0,0,0,2648,3432,1.9004120167716714,4.256666215673691,False
following_lateral_offset,P0,12015,40,4.0,2.0,17.31323336429933,14.185577650697992,0.011951781834093227,5.795993174786043e-14,999999999.9999421,35.09666666666667,35.09666666666667,5.099282084546582,2.2286857257165695,inf,0,0,0,0,-1,inf,1,1,0,1,6080,0,0,0,2883,3197,1.6726833477217198,3.867220187458268,False
following_lateral_offset,P1,12015,40,4.0,2.0,17.31323336429933,14.185577650697992,0.011951781834093227,5.795993174786043e-14,999999999.9999421,35.09666666666667,35.09666666666667,5.099282084546582,2.2286857257165695,inf,0,0,0,0,-1,inf,1,1,0,1,6080,0,0,0,2883,3197,1.6726833477217198,3.867220187458268,False
following_lateral_offset,P2,12015,40,4.0,2.0,18.537605780396614,16.137508032910766,0.006136527967566817,2.067299378598504e-20,1000000000.0,34.867999999999995,34.86288205379913,5.2556740763699255,2.2286857257165695,inf,0,0,0,0,-1,inf,1,1,0,1,6080,270,0,0,2592,3218,1.6726833477217198,3.867220187458268,False
following_lateral_offset,P3,12015,40,4.0,2.0,17.465771381459813,14.814791596795864,0.0105638292943263,9.761392882800914e-16,999999999.999999,34.89666666666668,34.896150925333515,5.288268256837259,2.2286857257165695,inf,0,0,0,0,-1,inf,1,1,0,1,6080,23,0,0,2799,3258,1.6726833477217198,3.867220187458268,False
following_lateral_offset,P4,12015,40,4.0,2.0,18.537598588151422,16.137508032910766,0.00613653381806188,2.067299378598504e-20,1000000000.0,34.86966666666667,34.86454768251127,5.254033607604202,2.2286857257165695,inf,0,0,0,0,-1,inf,1,1,0,1,6080,270,0,0,2592,3218,1.6726833477217198,3.867220187458268,False
following_lateral_offset,P0,12016,40,4.0,2.0,17.248725506759815,13.377530755865964,0.013561369623877568,4.977151409445941e-12,999999999.995023,35.350000000000016,35.350000000000016,4.856181627575296,2.1398412857174463,inf,0,0,0,0,-1,inf,1,1,0,1,6080,0,0,0,2855,3225,1.5951514309383694,3.712459018270901,False
following_lateral_offset,P1,12016,40,4.0,2.0,17.266172268726052,13.550219871246965,0.01317509233201428,2.074880652275598e-12,999999999.9979252,35.300000000000004,35.300000000000004,4.904079934095687,2.2009703665800453,inf,0,0,0,0,-1,inf,1,1,0,1,6080,0,0,0,2843,3237,1.5951514309383694,3.712459018270901,False
following_lateral_offset,P2,12016,40,4.0,2.0,17.41996810011367,14.26151998746483,0.011203059179242017,3.430785603348425e-14,999999999.9999657,35.350000000000016,35.34943913100496,4.848604484829242,2.1398412857174463,inf,0,0,0,0,-1,inf,1,1,0,1,6080,24,0,0,2831,3225,1.5951514309383694,3.712459018270901,False
following_lateral_offset,P3,12016,40,4.0,2.0,17.41996810011367,14.26151998746483,0.011203059179242017,3.430785603348425e-14,999999999.9999657,35.350000000000016,35.34943913100496,4.848604484829242,2.1398412857174463,inf,0,0,0,0,-1,inf,1,1,0,1,6080,24,0,0,2831,3225,1.5951514309383694,3.712459018270901,False
following_lateral_offset,P4,12016,40,4.0,2.0,17.41996810011367,14.26151998746483,0.011203059179242017,3.430785603348425e-14,999999999.9999657,35.350000000000016,35.34943913100496,4.848604484829242,2.1398412857174463,inf,0,0,0,0,-1,inf,1,1,0,1,6080,24,0,0,2831,3225,1.5951514309383694,3.712459018270901,False
following_lateral_offset,P0,12017,40,4.0,2.0,17.23401595697905,13.650567545917497,0.013239674064210564,1.1956303395924259e-12,999999999.9988045,35.269999999999996,35.269999999999996,4.9328389391911065,1.9966857257165673,inf,0,0,0,0,-1,inf,1,1,0,1,6080,0,0,0,2804,3276,1.801205369290858,4.117179011834026,False
following_lateral_offset,P1,12017,40,4.0,2.0,17.23401595697905,13.650567545917497,0.013239674064210564,1.1956303395924259e-12,999999999.9988045,35.269999999999996,35.269999999999996,4.9328389391911065,1.9966857257165673,inf,0,0,0,0,-1,inf,1,1,0,1,6080,0,0,0,2804,3276,1.801205369290858,4.117179011834026,False
following_lateral_offset,P2,12017,40,4.0,2.0,18.260613908201123,16.137508032910766,0.006782320902396402,2.0766575811277177e-20,1000000000.0,35.19900000000003,35.194784451468294,4.943516075965568,1.9966857257165673,inf,0,0,0,0,-1,inf,1,1,0,1,6080,215,0,0,2611,3254,1.801205369290858,4.117179011834026,False
following_lateral_offset,P3,12017,40,4.0,2.0,18.260613908201123,16.137508032910766,0.006782320902396402,2.0766575811277177e-20,1000000000.0,35.19900000000003,35.194784451468294,4.943516075965568,1.9966857257165673,inf,0,0,0,0,-1,inf,1,1,0,1,6080,215,0,0,2611,3254,1.801205369290858,4.117179011834026,False
following_lateral_offset,P4,12017,40,4.0,2.0,18.260613908201123,16.137508032910766,0.006782320902396402,2.0766575811277177e-20,1000000000.0,35.19900000000003,35.194784451468294,4.943516075965568,1.9966857257165673,inf,0,0,0,0,-1,inf,1,1,0,1,6080,215,0,0,2611,3254,1.801205369290858,4.117179011834026,False
following_lateral_offset,P0,12018,40,4.0,2.0,17.31488065973766,14.132423179847535,0.01225588239515631,8.442326734396573e-14,999999999.9999157,35.115000000000016,35.115000000000016,5.081655734108701,2.0280519610415495,inf,0,0,0,0,-1,inf,1,1,0,1,6080,0,0,0,2842,3238,1.617099010048954,3.808095799431264,False
following_lateral_offset,P1,12018,40,4.0,2.0,17.31500226930158,14.137287562404321,0.012253298596684455,8.23973914872854e-14,999999999.9999176,35.11333333333335,35.11333333333335,5.0832579229379,2.0280519610415495,inf,0,0,0,0,-1,inf,1,1,0,1,6080,0,0,0,2842,3238,1.617099010048954,3.808095799431264,False
following_lateral_offset,P2,12018,40,4.0,2.0,17.40976007544462,14.332421005737618,0.011424679601107006,2.4250972826001517e-14,999999999.9999758,35.115000000000016,35.114471702674194,5.076210593495497,2.0280519610415495,inf,0,0,0,0,-1,inf,1,1,0,1,6080,23,0,0,2819,3238,1.617099010048954,3.808095799431264,False
following_lateral_offset,P3,12018,40,4.0,2.0,17.31488065973766,14.132423179847535,0.01225588239515631,8.442326734396573e-14,999999999.9999157,35.115000000000016,35.115000000000016,5.081655734108701,2.0280519610415495,inf,0,0,0,0,-1,inf,1,1,0,1,6080,0,0,0,2842,3238,1.617099010048954,3.808095799431264,False
following_lateral_offset,P4,12018,40,4.0,2.0,18.645443959940593,16.137508032910766,0.007138389218029671,3.825821216481213e-20,1000000000.0,34.99000000000001,34.969111714591705,5.1293081047102485,2.0280519610415495,inf,0,0,0,0,-1,inf,1,1,0,1,6080,368,0,0,2542,3170,1.617099010048954,3.808095799431264,False
following_lateral_offset,P0,12019,40,4.0,2.0,17.33380152184116,14.45335765183728,0.011372801441254451,1.0850974093749868e-14,999999999.9999892,35.00000000000001,35.00000000000001,5.192301994298861,2.4239337598368556,inf,0,0,0,0,-1,inf,1,1,0,1,6080,0,0,0,2801,3279,1.6156316956677756,3.845953073019101,False
following_lateral_offset,P1,12019,40,4.0,2.0,17.309282414187013,14.317427002552233,0.011609490852984832,2.5397726659997744e-14,999999999.9999746,35.050000000000004,35.050000000000004,5.144171459039828,2.3835918489820407,inf,0,0,0,0,-1,inf,1,1,0,1,6080,0,0,0,2814,3266,1.6156316956677756,3.845953073019101,False
following_lateral_offset,P2,12019,40,4.0,2.0,17.411701292467136,14.790429967751912,0.010625641057032037,1.1328805202214191e-15,999999999.9999988,35.00000000000001,35.00000000000001,5.192301994298861,2.4239337598368556,inf,0,0,0,0,-1,inf,1,1,0,1,6080,0,0,0,2801,3279,1.6156316956677756,3.845953073019101,False
following_lateral_offset,P3,12019,40,4.0,2.0,17.411701292467136,14.790429967751912,0.010625641057032037,1.1328805202214191e-15,999999999.9999988,35.00000000000001,35.00000000000001,5.192301994298861,2.4239337598368556,inf,0,0,0,0,-1,inf,1,1,0,1,6080,0,0,0,2801,3279,1.6156316956677756,3.845953073019101,False
following_lateral_offset,P4,12019,40,4.0,2.0,17.411701292467136,14.790429967751912,0.010625641057032037,1.1328805202214191e-15,999999999.9999988,35.00000000000001,35.00000000000001,5.192301994298861,2.4239337598368556,inf,0,0,0,0,-1,inf,1,1,0,1,6080,0,0,0,2801,3279,1.6156316956677756,3.845953073019101,False
lane_choice,P0,12000,40,4.0,2.0,-1.4841772517946121,-13.800125353527465,0.7112488585418857,0.27149979741639463,728500202.5836054,12.99999999999999,12.882786325056207,16.782438462261936,inf,1.5013499953110632,0,0,0,0,-1,inf,0,-1,0,0,6080,1879,0,1762,0,2439,1.688974805067767,4.091561986001411,False
lane_choice,P1,12000,40,4.0,2.0,11.415283391778742,7.917465961148334,0.19749853001493048,9.757018575009277e-05,999902429.81425,12.999999999999991,12.91210617836171,16.755131274768452,6.1060366622275195,1.5001885304115121,0,0,0,0,-1,inf,0,-1,0,0,6080,1784,0,1780,0,2516,1.688974805067767,4.091561986001411,False
lane_choice,P2,12000,40,4.0,2.0,11.994151129574023,8.339167020023577,0.1581424021019724,3.244000943071595e-05,999967559.9905694,12.99999999999999,12.903343972408566,16.74847084715829,6.1060366622275195,1.5076951843659407,0,0,0,0,-1,inf,0,-1,0,0,6080,1600,0,1804,0,2676,1.688974805067767,4.091561986001411,False
lane_choice,P3,12000,40,4.0,2.0,11.415283391778742,7.917465961148334,0.19749853001493048,9.757018575009277e-05,999902429.81425,12.999999999999991,12.91210617836171,16.755131274768452,6.1060366622275195,1.5001885304115121,0,0,0,0,-1,inf,0,-1,0,0,6080,1784,0,1780,0,2516,1.688974805067767,4.091561986001411,False
lane_choice,P4,12000,40,4.0,2.0,12.011930681626641,8.339167020023577,0.15681014940403565,3.197086409443261e-05,999968029.1359055,12.99999999999999,12.903358507552323,16.74847084715829,6.1060366622275195,1.508038196389593,0,0,0,0,-1,inf,0,-1,0,0,6080,1616,0,1788,0,2676,1.688974805067767,4.091561986001411,False
lane_choice,P0,12001,40,4.0,2.0,-1.4841772517946121,-13.800125353527465,0.7112488585418857,0.27149979741639463,728500202.5836054,12.99999999999999,12.882786325056207,16.782438462261936,inf,1.5013499953110632,0,0,0,0,-1,inf,0,-1,0,0,6080,1879,0,1762,0,2439,1.7108780164075768,4.159321742865619,False
lane_choice,P1,12001,40,4.0,2.0,11.415283391778742,7.917465961148334,0.19749853001493048,9.757018575009277e-05,999902429.81425,12.999999999999991,12.91210617836171,16.755131274768452,6.1060366622275195,1.5001885304115121,0,0,0,0,-1,inf,0,-1,0,0,6080,1784,0,1780,0,2516,1.7108780164075768,4.159321742865619,False
lane_choice,P2,12001,40,4.0,2.0,12.107883195357731,8.783780876789407,0.14676623799851551,1.630308050043053e-05,999983696.9194996,12.999999999999991,12.905360561870957,16.74847084715829,6.1060366622275195,1.5014044797033903,0,0,0,0,-1,inf,0,-1,0,0,6080,1618,0,1796,0,2666,1.7108780164075768,4.159321742865619,False
lane_choice,P3,12001,40,4.0,2.0,11.415283391778742,7.917465961148334,0.19749853001493048,9.757018575009277e-05,999902429.81425,12.999999999999991,12.91210617836171,16.755131274768452,6.1060366622275195,1.5001885304115121,0,0,0,0,-1,inf,0,-1,0,0,6080,1784,0,1780,0,2516,1.7108780164075768,4.159321742865619,False
lane_choice,P4,12001,40,4.0,2.0,12.011930681626641,8.339167020023577,0.15681014940403565,3.197086409443261e-05,999968029.1359055,12.99999999999999,12.903358507552323,16.74847084715829,6.1060366622275195,1.508038196389593,0,0,0,0,-1,inf,0,-1,0,0,6080,1616,0,1788,0,2676,1.7108780164075768,4.159321742865619,False
lane_choice,P0,12002,40,4.0,2.0,-1.4841772517946121,-13.800125353527465,0.7112488585418857,0.27149979741639463,728500202.5836054,12.99999999999999,12.882786325056207,16.782438462261936,inf,1.5013499953110632,0,0,0,0,-1,inf,0,-1,0,0,6080,1879,0,1762,0,2439,1.7357444426868276,4.108951726599504,False
lane_choice,P1,12002,40,4.0,2.0,11.415283391778742,7.917465961148334,0.19749853001493048,9.757018575009277e-05,999902429.81425,12.999999999999991,12.91210617836171,16.755131274768452,6.1060366622275195,1.5001885304115121,0,0,0,0,-1,inf,0,-1,0,0,6080,1784,0,1780,0,2516,1.7357444426868276,4.108951726599504,False
lane_choice,P2,12002,40,4.0,2.0,12.008701804632036,8.229738049872287,0.15881413145339823,3.739474708985757e-05,999962605.2529103,12.999999999999991,12.904499009576284,16.74847084715829,6.1060366622275195,1.5001177930900464,0,0,0,0,-1,inf,0,-1,0,0,6080,1612,0,1861,0,2607,1.7357444426868276,4.108951726599504,False
lane_choice,P3,12002,40,4.0,2.0,11.415283391778742,7.917465961148334,0.19749853001493048,9.757018575009277e-05,999902429.81425,12.999999999999991,12.91210617836171,16.755131274768452,6.1060366622275195,1.5001885304115121,0,0,0,0,-1,inf,0,-1,0,0,6080,1784,0,1780,0,2516,1.7357444426868276,4.108951726599504,False
lane_choice,P4,12002,40,4.0,2.0,12.011930681626641,8.339167020023577,0.15681014940403565,3.197086409443261e-05,999968029.1359055,12.99999999999999,12.903358507552323,16.74847084715829,6.1060366622275195,1.508038196389593,0,0,0,0,-1,inf,0,-1,0,0,6080,1616,0,1788,0,2676,1.7357444426868276,4.108951726599504,False
lane_choice,P0,12003,40,4.0,2.0,-1.4841772517946121,-13.800125353527465,0.7112488585418857,0.27149979741639463,728500202.5836054,12.99999999999999,12.882786325056207,16.782438462261936,inf,1.5013499953110632,0,0,0,0,-1,inf,0,-1,0,0,6080,1879,0,1762,0,2439,1.7161119915357759,4.212669572592107,False
lane_choice,P1,12003,40,4.0,2.0,11.435182525296545,8.012373056845629,0.19517708609454484,8.383575704004454e-05,999916164.24296,12.99999999999999,12.910819574708963,16.753017151880435,6.1060366622275195,1.501167547298801,0,0,0,0,-1,inf,0,-1,0,0,6080,1768,0,1784,0,2528,1.7161119915357759,4.212669572592107,False
lane_choice,P2,12003,40,4.0,2.0,12.011930681626641,8.339167020023577,0.15681014940403565,3.197086409443261e-05,999968029.1359055,12.99999999999999,12.903358507552323,16.74847084715829,6.1060366622275195,1.508038196389593,0,0,0,0,-1,inf,0,-1,0,0,6080,1616,0,1788,0,2676,1.7161119915357759,4.212669572592107,False
lane_choice,P3,12003,40,4.0,2.0,12.076728932495755,9.263228055490746,0.13843144961890505,8.18915618597111e-06,999991810.8438139,12.99999999999999,12.911716648644994,16.757163456939804,6.1060366622275195,1.5028868179940864,0,0,0,0,-1,inf,0,-1,0,0,6080,1729,0,1751,0,2600,1.7161119915357759,4.212669572592107,False
lane_choice,P4,12003,40,4.0,2.0,12.011930681626641,8.339167020023577,0.15681014940403565,3.197086409443261e-05,999968029.1359055,12.99999999999999,12.903358507552323,16.74847084715829,6.1060366622275195,1.508038196389593,0,0,0,0,-1,inf,0,-1,0,0,6080,1616,0,1788,0,2676,1.7161119915357759,4.212669572592107,False
lane_choice,P0,12004,40,4.0,2.0,-1.4841772517946121,-13.800125353527465,0.7112488585418857,0.27149979741639463,728500202.5836054,12.99999999999999,12.882786325056207,16.782438462261936,inf,1.5013499953110632,0,0,0,0,-1,inf,0,-1,0,0,6080,1879,0,1762,0,2439,1.678953648108712,4.00584386704021,False
lane_choice,P1,12004,40,4.0,2.0,11.415283391778742,7.917465961148334,0.19749853001493048,9.757018575009277e-05,999902429.81425,12.999999999999991,12.91210617836171,16.755131274768452,6.1060366622275195,1.5001885304115121,0,0,0,0,-1,inf,0,-1,0,0,6080,1784,0,1780,0,2516,1.678953648108712,4.00584386704021,False
lane_choice,P2,12004,40,4.0,2.0,12.008621702981113,8.339167020023577,0.15701360302838382,3.2002794464293644e-05,999967997.2055357,12.99999999999999,12.903358507552323,16.74847084715829,6.1060366622275195,1.508038196389593,0,0,0,0,-1,inf,0,-1,0,0,6080,1631,0,1773,0,2676,1.678953648108712,4.00584386704021,False
lane_choice,P3,12004,40,4.0,2.0,11.415283391778742,7.917465961148334,0.19749853001493048,9.757018575009277e-05,999902429.81425,12.999999999999991,12.91210617836171,16.755131274768452,6.1060366622275195,1.5001885304115121,0,0,0,0,-1,inf,0,-1,0,0,6080,1784,0,1780,0,2516,1.678953648108712,4.00584386704021,False
lane_choice,P4,12004,40,4.0,2.0,12.011930681626641,8.339167020023577,0.15681014940403565,3.197086409443261e-05,999968029.1359055,12.99999999999999,12.903358507552323,16.74847084715829,6.1060366622275195,1.508038196389593,0,0,0,0,-1,inf,0,-1,0,0,6080,1616,0,1788,0,2676,1.678953648108712,4.00584386704021,False
lane_choice,P0,12005,40,4.0,2.0,-1.4841772517946121,-13.800125353527465,0.7112488585418857,0.27149979741639463,728500202.5836054,12.99999999999999,12.882786325056207,16.782438462261936,inf,1.5013499953110632,0,0,0,0,-1,inf,0,-1,0,0,6080,1879,0,1762,0,2439,1.7102921748415312,4.032619742445293,False
lane_choice,P1,12005,40,4.0,2.0,11.415283391778742,7.917465961148334,0.19749853001493048,9.757018575009277e-05,999902429.81425,12.999999999999991,12.91210617836171,16.755131274768452,6.1060366622275195,1.5001885304115121,0,0,0,0,-1,inf,0,-1,0,0,6080,1784,0,1780,0,2516,1.7102921748415312,4.032619742445293,False
lane_choice,P2,12005,40,4.0,2.0,11.85355211077398,8.193428658539322,0.16768438967953742,4.0276790482610676e-05,999959723.2095175,12.999999999999993,12.90302634466848,16.747476673586238,6.1060366622275195,1.5074147958698756,0,0,0,0,-1,inf,0,-1,0,0,6080,1623,0,1824,0,2633,1.7102921748415312,4.032619742445293,False
lane_choice,P3,12005,40,4.0,2.0,12.076728932495755,9.263228055490746,0.13843144961890505,8.18915618597111e-06,999991810.8438139,12.99999999999999,12.911716648644994,16.757163456939804,6.1060366622275195,1.5028868179940864,0,0,0,0,-1,inf,0,-1,0,0,6080,1729,0,1751,0,2600,1.7102921748415312,4.032619742445293,False
lane_choice,P4,12005,40,4.0,2.0,12.011930681626641,8.339167020023577,0.15681014940403565,3.197086409443261e-05,999968029.1359055,12.99999999999999,12.903358507552323,16.74847084715829,6.1060366622275195,1.508038196389593,0,0,0,0,-1,inf,0,-1,0,0,6080,1616,0,1788,0,2676,1.7102921748415312,4.032619742445293,False
lane_choice,P0,12006,40,4.0,2.0,-1.4841772517946121,-13.800125353527465,0.7112488585418857,0.27149979741639463,728500202.5836054,12.99999999999999,12.882786325056207,16.782438462261936,inf,1.5013499953110632,0,0,0,0,-1,inf,0,-1,0,0,6080,1879,0,1762,0,2439,1.7070857147587346,4.076338745458299,False
lane_choice,P1,12006,40,4.0,2.0,11.415283391778742,7.917465961148334,0.19749853001493048,9.757018575009277e-05,999902429.81425,12.999999999999991,12.91210617836171,16.755131274768452,6.1060366622275195,1.5001885304115121,0,0,0,0,-1,inf,0,-1,0,0,6080,1784,0,1780,0,2516,1.7070857147587346,4.076338745458299,False
lane_choice,P2,12006,40,4.0,2.0,12.003801535674015,8.30317609867053,0.15770970069748805,3.362030996009836e-05,999966379.6900399,12.999999999999993,12.90378423508218,16.747476673586238,6.1060366622275195,1.5006896560409806,0,0,0,0,-1,inf,0,-1,0,0,6080,1603,0,1869,0,2608,1.7070857147587346,4.076338745458299,False
lane_choice,P3,12006,40,4.0,2.0,11.435182525296545,8.012373056845629,0.19517708609454484,8.383575704004454e-05,999916164.24296,12.99999999999999,12.910819574708963,16.753017151880435,6.1060366622275195,1.501167547298801,0,0,0,0,-1,inf,0,-1,0,0,6080,1768,0,1784,0,2528,1.7070857147587346,4.076338745458299,False
lane_choice,P4,12006,40,4.0,2.0,12.011930681626641,8.339167020023577,0.15681014940403565,3.197086409443261e-05,999968029.1359055,12.99999999999999,12.903358507552323,16.74847084715829,6.1060366622275195,1.508038196389593,0,0,0,0,-1,inf,0,-1,0,0,6080,1616,0,1788,0,2676,1.7070857147587346,4.076338745458299,False
lane_choice,P0,12007,40,4.0,2.0,-1.4841772517946121,-13.800125353527465,0.7112488585418857,0.27149979741639463,728500202.5836054,12.99999999999999,12.882786325056207,16.782438462261936,inf,1.5013499953110632,0,0,0,0,-1,inf,0,-1,0,0,6080,1879,0,1762,0,2439,1.6853179586269484,3.9953777741018235,False
lane_choice,P1,12007,40,4.0,2.0,11.435182525296545,8.012373056845629,0.19517708609454484,8.383575704004454e-05,999916164.24296,12.99999999999999,12.910819574708963,16.753017151880435,6.1060366622275195,1.501167547298801,0,0,0,0,-1,inf,0,-1,0,0,6080,1768,0,1784,0,2528,1.6853179586269484,3.9953777741018235,False
lane_choice,P2,12007,40,4.0,2.0,11.994151129574023,8.339167020023577,0.1581424021019724,3.244000943071595e-05,999967559.9905694,12.99999999999999,12.903343972408566,16.74847084715829,6.1060366622275195,1.5076951843659407,0,0,0,0,-1,inf,0,-1,0,0,6080,1600,0,1804,0,2676,1.6853179586269484,3.9953777741018235,False
lane_choice,P3,12007,40,4.0,2.0,11.774571468909128,8.864510842673633,0.1650053882993474,2.0320664283531382e-05,999979679.3357166,12.999999999999991,12.90832076244491,16.74847084715829,6.1060366622275195,1.5014545503952075,0,0,0,0,-1,inf,0,-1,0,0,6080,1691,0,1829,0,2560,1.6853179586269484,3.9953777741018235,False
lane_choice,P4,12007,40,4.0,2.0,12.011930681626641,8.339167020023577,0.15681014940403565,3.197086409443261e-05,999968029.1359055,12.99999999999999,12.903358507552323,16.74847084715829,6.1060366622275195,1.508038196389593,0,0,0,0,-1,inf,0,-1,0,0,6080,1616,0,1788,0,2676,1.6853179586269484,3.9953777741018235,False
lane_choice,P0,12008,40,4.0,2.0,-1.4841772517946121,-13.800125353527465,0.7112488585418857,0.27149979741639463,728500202.5836054,12.99999999999999,12.882786325056207,16.782438462261936,inf,1.5013499953110632,0,0,0,0,-1,inf,0,-1,0,0,6080,1879,0,1762,0,2439,1.811627553265889,4.265497009580975,False
lane_choice,P1,12008,40,4.0,2.0,11.415283391778742,7.917465961148334,0.19749853001493048,9.757018575009277e-05,999902429.81425,12.999999999999991,12.91210617836171,16.755131274768452,6.1060366622275195,1.5001885304115121,0,0,0,0,-1,inf,0,-1,0,0,6080,1784,0,1780,0,2516,1.811627553265889,4.265497009580975,False
lane_choice,P2,12008,40,4.0,2.0,12.011930681626641,8.339167020023577,0.15681014940403565,3.197086409443261e-05,999968029.1359055,12.99999999999999,12.903358507552323,16.74847084715829,6.1060366622275195,1.508038196389593,0,0,0,0,-1,inf,0,-1,0,0,6080,1616,0,1788,0,2676,1.811627553265889,4.265497009580975,False
lane_choice,P3,12008,40,4.0,2.0,11.415283391778742,7.917465961148334,0.19749853001493048,9.757018575009277e-05,999902429.81425,12.999999999999991,12.91210617836171,16.755131274768452,6.1060366622275195,1.5001885304115121,0,0,0,0,-1,inf,0,-1,0,0,6080,1784,0,1780,0,2516,1.811627553265889,4.265497009580975,False
lane_choice,P4,12008,40,4.0,2.0,12.011930681626641,8.339167020023577,0.15681014940403565,3.197086409443261e-05,999968029.1359055,12.99999999999999,12.903358507552323,16.74847084715829,6.1060366622275195,1.508038196389593,0,0,0,0,-1,inf,0,-1,0,0,6080,1616,0,1788,0,2676,1.811627553265889,4.265497009580975,False
lane_choice,P0,12009,40,4.0,2.0,-1.4841772517946121,-13.800125353527465,0.7112488585418857,0.27149979741639463,728500202.5836054,12.99999999999999,12.882786325056207,16.782438462261936,inf,1.5013499953110632,0,0,0,0,-1,inf,0,-1,0,0,6080,1879,0,1762,0,2439,1.8501987730986174,4.222102837419873,False
lane_choice,P1,12009,40,4.0,2.0,11.435182525296545,8.012373056845629,0.19517708609454484,8.383575704004454e-05,999916164.24296,12.99999999999999,12.910819574708963,16.753017151880435,6.1060366622275195,1.501167547298801,0,0,0,0,-1,inf,0,-1,0,0,6080,1768,0,1784,0,2528,1.8501987730986174,4.222102837419873,False
lane_choice,P2,12009,40,4.0,2.0,12.011930681626641,8.339167020023577,0.15681014940403565,3.197086409443261e-05,999968029.1359055,12.99999999999999,12.903358507552323,16.74847084715829,6.1060366622275195,1.508038196389593,0,0,0,0,-1,inf,0,-1,0,0,6080,1616,0,1788,0,2676,1.8501987730986174,4.222102837419873,False
lane_choice,P3,12009,40,4.0,2.0,11.415283391778742,7.917465961148334,0.19749853001493048,9.757018575009277e-05,999902429.81425,12.999999999999991,12.91210617836171,16.755131274768452,6.1060366622275195,1.5001885304115121,0,0,0,0,-1,inf,0,-1,0,0,6080,1784,0,1780,0,2516,1.8501987730986174,4.222102837419873,False
lane_choice,P4,12009,40,4.0,2.0,12.011930681626641,8.339167020023577,0.15681014940403565,3.197086409443261e-05,999968029.1359055,12.99999999999999,12.903358507552323,16.74847084715829,6.1060366622275195,1.508038196389593,0,0,0,0,-1,inf,0,-1,0,0,6080,1616,0,1788,0,2676,1.8501987730986174,4.222102837419873,False
lane_choice,P0,12010,40,4.0,2.0,-1.4841772517946121,-13.800125353527465,0.7112488585418857,0.27149979741639463,728500202.5836054,12.99999999999999,12.882786325056207,16.782438462261936,inf,1.5013499953110632,0,0,0,0,-1,inf,0,-1,0,0,6080,1879,0,1762,0,2439,1.5919530369352142,3.967041836778246,False
lane_choice,P1,12010,40,4.0,2.0,11.415283391778742,7.917465961148334,0.19749853001493048,9.757018575009277e-05,999902429.81425,12.999999999999991,12.91210617836171,16.755131274768452,6.1060366622275195,1.5001885304115121,0,0,0,0,-1,inf,0,-1,0,0,6080,1784,0,1780,0,2516,1.5919530369352142,3.967041836778246,False
lane_choice,P2,12010,40,4.0,2.0,12.011930681626641,8.339167020023577,0.15681014940403565,3.197086409443261e-05,999968029.1359055,12.99999999999999,12.903358507552323,16.74847084715829,6.1060366622275195,1.508038196389593,0,0,0,0,-1,inf,0,-1,0,0,6080,1616,0,1788,0,2676,1.5919530369352142,3.967041836778246,False
lane_choice,P3,12010,40,4.0,2.0,12.076728932495755,9.263228055490746,0.13843144961890505,8.18915618597111e-06,999991810.8438139,12.99999999999999,12.911716648644994,16.757163456939804,6.1060366622275195,1.5028868179940864,0,0,0,0,-1,inf,0,-1,0,0,6080,1729,0,1751,0,2600,1.5919530369352142,3.967041836778246,False
lane_choice,P4,12010,40,4.0,2.0,12.011930681626641,8.339167020023577,0.15681014940403565,3.197086409443261e-05,999968029.1359055,12.99999999999999,12.903358507552323,16.74847084715829,6.1060366622275195,1.508038196389593,0,0,0,0,-1,inf,0,-1,0,0,6080,1616,0,1788,0,2676,1.5919530369352142,3.967041836778246,False
lane_choice,P0,12011,40,4.0,2.0,-1.4841772517946121,-13.800125353527465,0.7112488585418857,0.27149979741639463,728500202.5836054,12.99999999999999,12.882786325056207,16.782438462261936,inf,1.5013499953110632,0,0,0,0,-1,inf,0,-1,0,0,6080,1879,0,1762,0,2439,1.7566366753791798,4.189685578391737,False
lane_choice,P1,12011,40,4.0,2.0,11.435182525296545,8.012373056845629,0.19517708609454484,8.383575704004454e-05,999916164.24296,12.99999999999999,12.910819574708963,16.753017151880435,6.1060366622275195,1.501167547298801,0,0,0,0,-1,inf,0,-1,0,0,6080,1768,0,1784,0,2528,1.7566366753791798,4.189685578391737,False
lane_choice,P2,12011,40,4.0,2.0,12.101132847578397,8.783780876789407,0.14732170842461895,1.6529403731088244e-05,999983470.5962689,12.99999999999999,12.905349679254607,16.74847084715829,6.1060366622275195,1.5010597912286787,0,0,0,0,-1,inf,0,-1,0,0,6080,1602,0,1812,0,2666,1.7566366753791798,4.189685578391737,False
lane_choice,P3,12011,40,4.0,2.0,11.435182525296545,8.012373056845629,0.19517708609454484,8.383575704004454e-05,999916164.24296,12.99999999999999,12.910819574708963,16.753017151880435,6.1060366622275195,1.501167547298801,0,0,0,0,-1,inf,0,-1,0,0,6080,1768,0,1784,0,2528,1.7566366753791798,4.189685578391737,False
lane_choice,P4,12011,40,4.0,2.0,12.011930681626641,8.339167020023577,0.15681014940403565,3.197086409443261e-05,999968029.1359055,12.99999999999999,12.903358507552323,16.74847084715829,6.1060366622275195,1.508038196389593,0,0,0,0,-1,inf,0,-1,0,0,6080,1616,0,1788,0,2676,1.7566366753791798,4.189685578391737,False
lane_choice,P0,12012,40,4.0,2.0,-1.4841772517946121,-13.800125353527465,0.7112488585418857,0.27149979741639463,728500202.5836054,12.99999999999999,12.882786325056207,16.782438462261936,inf,1.5013499953110632,0,0,0,0,-1,inf,0,-1,0,0,6080,1879,0,1762,0,2439,1.7154928838578087,4.02566517713351,False
lane_choice,P1,12012,40,4.0,2.0,11.435182525296545,8.012373056845629,0.19517708609454484,8.383575704004454e-05,999916164.24296,12.99999999999999,12.910819574708963,16.753017151880435,6.1060366622275195,1.501167547298801,0,0,0,0,-1,inf,0,-1,0,0,6080,1768,0,1784,0,2528,1.7154928838578087,4.02566517713351,False
lane_choice,P2,12012,40,4.0,2.0,10.097163224020916,5.864452961638088,0.3556042036767588,0.0016046030005739443,998395396.9994259,12.99999999999999,12.905176103758798,16.74847084715829,6.1060366622275195,1.507810195754565,0,0,0,0,-1,inf,0,-1,0,0,6080,1856,0,1682,0,2542,1.7154928838578087,4.02566517713351,False
lane_choice,P3,12012,40,4.0,2.0,11.435182525296545,8.012373056845629,0.19517708609454484,8.383575704004454e-05,999916164.24296,12.99999999999999,12.910819574708963,16.753017151880435,6.1060366622275195,1.501167547298801,0,0,0,0,-1,inf,0,-1,0,0,6080,1768,0,1784,0,2528,1.7154928838578087,4.02566517713351,False
lane_choice,P4,12012,40,4.0,2.0,12.011930681626641,8.339167020023577,0.15681014940403565,3.197086409443261e-05,999968029.1359055,12.99999999999999,12.903358507552323,16.74847084715829,6.1060366622275195,1.508038196389593,0,0,0,0,-1,inf,0,-1,0,0,6080,1616,0,1788,0,2676,1.7154928838578087,4.02566517713351,False
lane_choice,P0,12013,40,4.0,2.0,-1.4841772517946121,-13.800125353527465,0.7112488585418857,0.27149979741639463,728500202.5836054,12.99999999999999,12.882786325056207,16.782438462261936,inf,1.5013499953110632,0,0,0,0,-1,inf,0,-1,0,0,6080,1879,0,1762,0,2439,1.8388076946589436,4.308277738359172,False
lane_choice,P1,12013,40,4.0,2.0,11.761369247674178,8.763759785661756,0.16494697501400693,2.2891689134287736e-05,999977108.3108658,12.99999999999999,12.909748525722138,16.7508040885184,6.1060366622275195,1.500368498496405,0,0,0,0,-1,inf,0,-1,0,0,6080,1706,0,1817,0,2557,1.8388076946589436,4.308277738359172,False
lane_choice,P2,12013,40,4.0,2.0,12.008621702981113,8.339167020023577,0.15701360302838382,3.2002794464293644e-05,999967997.2055357,12.99999999999999,12.903358507552323,16.74847084715829,6.1060366622275195,1.508038196389593,0,0,0,0,-1,inf,0,-1,0,0,6080,1631,0,1773,0,2676,1.8388076946589436,4.308277738359172,False
lane_choice,P3,12013,40,4.0,2.0,11.761369247674178,8.763759785661756,0.16494697501400693,2.2891689134287736e-05,999977108.3108658,12.99999999999999,12.909748525722138,16.7508040885184,6.1060366622275195,1.500368498496405,0,0,0,0,-1,inf,0,-1,0,0,6080,1706,0,1817,0,2557,1.8388076946589436,4.308277738359172,False
lane_choice,P4,12013,40,4.0,2.0,12.011930681626641,8.339167020023577,0.15681014940403565,3.197086409443261e-05,999968029.1359055,12.99999999999999,12.903358507552323,16.74847084715829,6.1060366622275195,1.508038196389593,0,0,0,0,-1,inf,0,-1,0,0,6080,1616,0,1788,0,2676,1.8388076946589436,4.308277738359172,False
lane_choice,P0,12014,40,4.0,2.0,-1.4841772517946121,-13.800125353527465,0.7112488585418857,0.27149979741639463,728500202.5836054,12.99999999999999,12.882786325056207,16.782438462261936,inf,1.5013499953110632,0,0,0,0,-1,inf,0,-1,0,0,6080,1879,0,1762,0,2439,1.9794169096915692,4.588578276728024,False
lane_choice,P1,12014,40,4.0,2.0,11.43164033473314,7.97072833400294,0.19631392238432377,8.974218320885683e-05,999910257.8167912,12.99999999999999,12.911978679206724,16.755131274768452,6.1060366622275195,1.5002839596935633,0,0,0,0,-1,inf,0,-1,0,0,6080,1777,0,1784,0,2519,1.9794169096915692,4.588578276728024,False
lane_choice,P2,12014,40,4.0,2.0,12.011930681626641,8.339167020023577,0.15681014940403565,3.197086409443261e-05,999968029.1359055,12.99999999999999,12.903358507552323,16.74847084715829,6.1060366622275195,1.508038196389593,0,0,0,0,-1,inf,0,-1,0,0,6080,1616,0,1788,0,2676,1.9794169096915692,4.588578276728024,False
lane_choice,P3,12014,40,4.0,2.0,11.415283391778742,7.917465961148334,0.19749853001493048,9.757018575009277e-05,999902429.81425,12.999999999999991,12.91210617836171,16.755131274768452,6.1060366622275195,1.5001885304115121,0,0,0,0,-1,inf,0,-1,0,0,6080,1784,0,1780,0,2516,1.9794169096915692,4.588578276728024,False
lane_choice,P4,12014,40,4.0,2.0,12.011930681626641,8.339167020023577,0.15681014940403565,3.197086409443261e-05,999968029.1359055,12.99999999999999,12.903358507552323,16.74847084715829,6.1060366622275195,1.508038196389593,0,0,0,0,-1,inf,0,-1,0,0,6080,1616,0,1788,0,2676,1.9794169096915692,4.588578276728024,False
lane_choice,P0,12015,40,4.0,2.0,-1.4841772517946121,-13.800125353527465,0.7112488585418857,0.27149979741639463,728500202.5836054,12.99999999999999,12.882786325056207,16.782438462261936,inf,1.5013499953110632,0,0,0,0,-1,inf,0,-1,0,0,6080,1879,0,1762,0,2439,1.7275240215075278,4.140273670725392,False
lane_choice,P1,12015,40,4.0,2.0,11.415283391778742,7.917465961148334,0.19749853001493048,9.757018575009277e-05,999902429.81425,12.999999999999991,12.91210617836171,16.755131274768452,6.1060366622275195,1.5001885304115121,0,0,0,0,-1,inf,0,-1,0,0,6080,1784,0,1780,0,2516,1.7275240215075278,4.140273670725392,False
lane_choice,P2,12015,40,4.0,2.0,12.011930681626641,8.339167020023577,0.15681014940403565,3.197086409443261e-05,999968029.1359055,12.99999999999999,12.903358507552323,16.74847084715829,6.1060366622275195,1.508038196389593,0,0,0,0,-1,inf,0,-1,0,0,6080,1616,0,1788,0,2676,1.7275240215075278,4.140273670725392,False
lane_choice,P3,12015,40,4.0,2.0,11.415283391778742,7.917465961148334,0.19749853001493048,9.757018575009277e-05,999902429.81425,12.999999999999991,12.91210617836171,16.755131274768452,6.1060366622275195,1.5001885304115121,0,0,0,0,-1,inf,0,-1,0,0,6080,1784,0,1780,0,2516,1.7275240215075278,4.140273670725392,False
lane_choice,P4,12015,40,4.0,2.0,12.011930681626641,8.339167020023577,0.15681014940403565,3.197086409443261e-05,999968029.1359055,12.99999999999999,12.903358507552323,16.74847084715829,6.1060366622275195,1.508038196389593,0,0,0,0,-1,inf,0,-1,0,0,6080,1616,0,1788,0,2676,1.7275240215075278,4.140273670725392,False
lane_choice,P0,12016,40,4.0,2.0,-1.4841772517946121,-13.800125353527465,0.7112488585418857,0.27149979741639463,728500202.5836054,12.99999999999999,12.882786325056207,16.782438462261936,inf,1.5013499953110632,0,0,0,0,-1,inf,0,-1,0,0,6080,1879,0,1762,0,2439,1.6612458786914026,4.026972751484534,False
lane_choice,P1,12016,40,4.0,2.0,11.415283391778742,7.917465961148334,0.19749853001493048,9.757018575009277e-05,999902429.81425,12.999999999999991,12.91210617836171,16.755131274768452,6.1060366622275195,1.5001885304115121,0,0,0,0,-1,inf,0,-1,0,0,6080,1784,0,1780,0,2516,1.6612458786914026,4.026972751484534,False
lane_choice,P2,12016,40,4.0,2.0,12.004846002929833,8.39448333904421,0.15610001630200873,2.9520593791208425e-05,999970479.4062088,12.999999999999993,12.902589135019047,16.747476673586238,6.1060366622275195,1.5086487573915592,0,0,0,0,-1,inf,0,-1,0,0,6080,1608,0,1796,0,2676,1.6612458786914026,4.026972751484534,False
lane_choice,P3,12016,40,4.0,2.0,12.076728932495755,9.263228055490746,0.13843144961890505,8.18915618597111e-06,999991810.8438139,12.99999999999999,12.911716648644994,16.757163456939804,6.1060366622275195,1.5028868179940864,0,0,0,0,-1,inf,0,-1,0,0,6080,1729,0,1751,0,2600,1.6612458786914026,4.026972751484534,False
lane_choice,P4,12016,40,4.0,2.0,12.011930681626641,8.339167020023577,0.15681014940403565,3.197086409443261e-05,999968029.1359055,12.99999999999999,12.903358507552323,16.74847084715829,6.1060366622275195,1.508038196389593,0,0,0,0,-1,inf,0,-1,0,0,6080,1616,0,1788,0,2676,1.6612458786914026,4.026972751484534,False
lane_choice,P0,12017,40,4.0,2.0,-1.4841772517946121,-13.800125353527465,0.7112488585418857,0.27149979741639463,728500202.5836054,12.99999999999999,12.882786325056207,16.782438462261936,inf,1.5013499953110632,0,0,0,0,-1,inf,0,-1,0,0,6080,1879,0,1762,0,2439,1.850548397141478,4.409933711478084,False
lane_choice,P1,12017,40,4.0,2.0,11.435182525296545,8.012373056845629,0.19517708609454484,8.383575704004454e-05,999916164.24296,12.99999999999999,12.910819574708963,16.753017151880435,6.1060366622275195,1.501167547298801,0,0,0,0,-1,inf,0,-1,0,0,6080,1768,0,1784,0,2528,1.850548397141478,4.409933711478084,False
lane_choice,P2,12017,40,4.0,2.0,12.008621702981113,8.339167020023577,0.15701360302838382,3.2002794464293644e-05,999967997.2055357,12.99999999999999,12.903358507552323,16.74847084715829,6.1060366622275195,1.508038196389593,0,0,0,0,-1,inf,0,-1,0,0,6080,1631,0,1773,0,2676,1.850548397141478,4.409933711478084,False
lane_choice,P3,12017,40,4.0,2.0,11.774571468909128,8.864510842673633,0.1650053882993474,2.0320664283531382e-05,999979679.3357166,12.999999999999991,12.90832076244491,16.74847084715829,6.1060366622275195,1.5014545503952075,0,0,0,0,-1,inf,0,-1,0,0,6080,1691,0,1829,0,2560,1.850548397141478,4.409933711478084,False
lane_choice,P4,12017,40,4.0,2.0,12.011930681626641,8.339167020023577,0.15681014940403565,3.197086409443261e-05,999968029.1359055,12.99999999999999,12.903358507552323,16.74847084715829,6.1060366622275195,1.508038196389593,0,0,0,0,-1,inf,0,-1,0,0,6080,1616,0,1788,0,2676,1.850548397141478,4.409933711478084,False
lane_choice,P0,12018,40,4.0,2.0,-1.4841772517946121,-13.800125353527465,0.7112488585418857,0.27149979741639463,728500202.5836054,12.99999999999999,12.882786325056207,16.782438462261936,inf,1.5013499953110632,0,0,0,0,-1,inf,0,-1,0,0,6080,1879,0,1762,0,2439,1.6996636532230405,4.112250994043594,False
lane_choice,P1,12018,40,4.0,2.0,11.415283391778742,7.917465961148334,0.19749853001493048,9.757018575009277e-05,999902429.81425,12.999999999999991,12.91210617836171,16.755131274768452,6.1060366622275195,1.5001885304115121,0,0,0,0,-1,inf,0,-1,0,0,6080,1784,0,1780,0,2516,1.6996636532230405,4.112250994043594,False
lane_choice,P2,12018,40,4.0,2.0,12.004846002929833,8.39448333904421,0.15610001630200873,2.9520593791208425e-05,999970479.4062088,12.999999999999993,12.902589135019047,16.747476673586238,6.1060366622275195,1.5086487573915592,0,0,0,0,-1,inf,0,-1,0,0,6080,1608,0,1796,0,2676,1.6996636532230405,4.112250994043594,False
lane_choice,P3,12018,40,4.0,2.0,12.076728932495755,9.263228055490746,0.13843144961890505,8.18915618597111e-06,999991810.8438139,12.99999999999999,12.911716648644994,16.757163456939804,6.1060366622275195,1.5028868179940864,0,0,0,0,-1,inf,0,-1,0,0,6080,1729,0,1751,0,2600,1.6996636532230405,4.112250994043594,False
lane_choice,P4,12018,40,4.0,2.0,12.011930681626641,8.339167020023577,0.15681014940403565,3.197086409443261e-05,999968029.1359055,12.99999999999999,12.903358507552323,16.74847084715829,6.1060366622275195,1.508038196389593,0,0,0,0,-1,inf,0,-1,0,0,6080,1616,0,1788,0,2676,1.6996636532230405,4.112250994043594,False
lane_choice,P0,12019,40,4.0,2.0,-1.4841772517946121,-13.800125353527465,0.7112488585418857,0.27149979741639463,728500202.5836054,12.99999999999999,12.882786325056207,16.782438462261936,inf,1.5013499953110632,0,0,0,0,-1,inf,0,-1,0,0,6080,1879,0,1762,0,2439,1.7231585432988623,4.192194586139385,False
lane_choice,P1,12019,40,4.0,2.0,11.435182525296545,8.012373056845629,0.19517708609454484,8.383575704004454e-05,999916164.24296,12.99999999999999,12.910819574708963,16.753017151880435,6.1060366622275195,1.501167547298801,0,0,0,0,-1,inf,0,-1,0,0,6080,1768,0,1784,0,2528,1.7231585432988623,4.192194586139385,False
lane_choice,P2,12019,40,4.0,2.0,11.774571468909128,8.864510842673633,0.1650053882993474,2.0320664283531382e-05,999979679.3357166,12.999999999999991,12.90832076244491,16.74847084715829,6.1060366622275195,1.5014545503952075,0,0,0,0,-1,inf,0,-1,0,0,6080,1691,0,1829,0,2560,1.7231585432988623,4.192194586139385,False
lane_choice,P3,12019,40,4.0,2.0,12.076728932495755,9.263228055490746,0.13843144961890505,8.18915618597111e-06,999991810.8438139,12.99999999999999,12.911716648644994,16.757163456939804,6.1060366622275195,1.5028868179940864,0,0,0,0,-1,inf,0,-1,0,0,6080,1729,0,1751,0,2600,1.7231585432988623,4.192194586139385,False
lane_choice,P4,12019,40,4.0,2.0,12.011930681626641,8.339167020023577,0.15681014940403565,3.197086409443261e-05,999968029.1359055,12.99999999999999,12.903358507552323,16.74847084715829,6.1060366622275195,1.508038196389593,0,0,0,0,-1,inf,0,-1,0,0,6080,1616,0,1788,0,2676,1.7231585432988623,4.192194586139385,False
overtake,P0,12000,50,5.0,2.0,21.218282225902477,17.202168997219456,0.0028198657585880994,2.198173111962553e-25,1000000000.0,44.221666666666664,44.221666666666664,4.782922238086758,2.557679111775317,inf,0,0,0,0,-1,inf,1,1,0,1,7600,0,0,0,2734,4866,1.4661146003629009,3.4794881401075686,False
overtake,P1,12000,50,5.0,2.0,21.296693117922402,17.202168997219456,0.0026939164265263743,2.185109858349406e-25,1000000000.0,44.02,44.02,4.984403243231866,2.776397131634915,inf,0,0,0,0,-1,inf,1,1,0,1,7600,0,0,0,2677,4923,1.4661146003629009,3.4794881401075686,False
overtake,P2,12000,50,5.0,2.0,21.218282225902477,17.202168997219456,0.0028198657585880994,2.198173111962553e-25,1000000000.0,44.221666666666664,44.221666666666664,4.782922238086758,2.557679111775317,inf,0,0,0,0,-1,inf,1,1,0,1,7600,0,0,0,2734,4866,1.4661146003629009,3.4794881401075686,False
overtake,P3,12000,50,5.0,2.0,21.218282225902477,17.202168997219456,0.0028198657585880994,2.198173111962553e-25,1000000000.0,44.221666666666664,44.221666666666664,4.782922238086758,2.557679111775317,inf,0,0,0,0,-1,inf,1,1,0,1,7600,0,0,0,2734,4866,1.4661146003629009,3.4794881401075686,False
overtake,P4,12000,50,5.0,2.0,21.218282225902477,17.202168997219456,0.0028198657585880994,2.198173111962553e-25,1000000000.0,44.221666666666664,44.221666666666664,4.782922238086758,2.557679111775317,inf,0,0,0,0,-1,inf,1,1,0,1,7600,0,0,0,2734,4866,1.4661146003629009,3.4794881401075686,False
overtake,P0,12001,50,5.0,2.0,21.49104756892822,17.202168997219456,0.0026575126088364685,2.196935994077402e-25,1000000000.0,44.34366666666665,44.34366666666665,4.661042351475864,2.5696271210578847,inf,0,0,0,0,-1,inf,1,1,0,1,7600,0,0,0,2833,4767,1.4939372381566918,3.4896592813424183,False
overtake,P1,12001,50,5.0,2.0,21.50955631114222,17.202168997219456,0.002585405522740089,2.185109841583271e-25,1000000000.0,44.19999999999998,44.19999999999998,4.804568210686633,2.6678962636547032,inf,0,0,0,0,-1,inf,1,1,0,1,7600,0,0,0,2802,4798,1.4939372381566918,3.4896592813424183,False
overtake,P2,12001,50,5.0,2.0,21.49104756892822,17.202168997219456,0.0026575126088364685,2.196935994077402e-25,1000000000.0,44.34366666666665,44.34366666666665,4.661042351475864,2.5696271210578847,inf,0,0,0,0,-1,inf,1,1,0,1,7600,0,0,0,2833,4767,1.4939372381566918,3.4896592813424183,False
overtake,P3,12001,50,5.0,2.0,21.49104756892822,17.202168997219456,0.0026575126088364685,2.196935994077402e-25,1000000000.0,44.34366666666665,44.34366666666665,4.661042351475864,2.5696271210578847,inf,0,0,0,0,-1,inf,1,1,0,1,7600,0,0,0,2833,4767,1.4939372381566918,3.4896592813424183,False
overtake,P4,12001,50,5.0,2.0,21.48578007384862,17.202168997219456,0.0026579035921161366,2.196935994077402e-25,1000000000.0,44.31666666666666,44.31666666666666,4.688015230590823,2.5696271210578847,inf,0,0,0,0,-1,inf,1,1,0,1,7600,0,0,0,2828,4772,1.4939372381566918,3.4896592813424183,False
overtake,P0,12002,50,5.0,2.0,21.302140694506125,17.202168997219456,0.002760490109711557,2.197663766822259e-25,1000000000.0,44.331666666666656,44.331666666666656,4.67303025907725,2.5665683126198364,inf,0,0,0,0,-1,inf,1,1,0,1,7600,0,0,0,2747,4853,1.4998051658004539,3.469227454173347,False
overtake,P1,12002,50,5.0,2.0,21.537048000945983,17.202168997219456,0.0026277066384389784,2.1851098425672805e-25,1000000000.0,44.46999999999999,44.46999999999999,4.534840205689772,2.467259273691779,inf,0,0,0,0,-1,inf,1,1,0,1,7600,0,0,0,2886,4714,1.4998051658004539,3.469227454173347,False
overtake,P2,12002,50,5.0,2.0,21.302140694506125,17.202168997219456,0.002760490109711557,2.197663766822259e-25,1000000000.0,44.331666666666656,44.331666666666656,4.67303025907725,2.5665683126198364,inf,0,0,0,0,-1,inf,1,1,0,1,7600,0,0,0,2747,4853,1.4998051658004539,3.469227454173347,False
overtake,P3,12002,50,5.0,2.0,21.302140694506125,17.202168997219456,0.002760490109711557,2.197663766822259e-25,1000000000.0,44.331666666666656,44.331666666666656,4.67303025907725,2.5665683126198364,inf,0,0,0,0,-1,inf,1,1,0,1,7600,0,0,0,2747,4853,1.4998051658004539,3.469227454173347,False
overtake,P4,12002,50,5.0,2.0,21.302140694506125,17.202168997219456,0.002760490109711557,2.197663766822259e-25,1000000000.0,44.331666666666656,44.331666666666656,4.67303025907725,2.5665683126198364,inf,0,0,0,0,-1,inf,1,1,0,1,7600,0,0,0,2747,4853,1.4998051658004539,3.469227454173347,False
overtake,P0,12003,50,5.0,2.0,15.530460079824557,8.250139477026096,0.06240769823588902,2.1142091812888694e-05,999978857.9081873,43.76000000000003,43.73619109353975,5.512739219794258,inf,inf,0,0,0,0,-1,inf,0,-1,0,0,7600,2776,0,0,1308,3516,1.497664480626844,3.4367013398593413,False
overtake,P1,12003,50,5.0,2.0,15.530460079824557,8.250139477026096,0.06240769823588902,2.1142091812888694e-05,999978857.9081873,43.76000000000003,43.73619109353975,5.512739219794258,inf,inf,0,0,0,0,-1,inf,0,-1,0,0,7600,2776,0,0,1308,3516,1.497664480626844,3.4367013398593413,False
overtake,P2,12003,50,5.0,2.0,15.530460079824557,8.250139477026096,0.06240769823588902,2.1142091812888694e-05,999978857.9081873,43.76000000000003,43.73619109353975,5.512739219794258,inf,inf,0,0,0,0,-1,inf,0,-1,0,0,7600,2776,0,0,1308,3516,1.497664480626844,3.4367013398593413,False
overtake,P3,12003,50,5.0,2.0,15.530460079824557,8.250139477026096,0.06240769823588902,2.1142091812888694e-05,999978857.9081873,43.76000000000003,43.73619109353975,5.512739219794258,inf,inf,0,0,0,0,-1,inf,0,-1,0,0,7600,2776,0,0,1308,3516,1.497664480626844,3.4367013398593413,False
overtake,P4,12003,50,5.0,2.0,15.530460079824557,8.250139477026096,0.06240769823588902,2.1142091812888694e-05,999978857.9081873,43.76000000000003,43.73619109353975,5.512739219794258,inf,inf,0,0,0,0,-1,inf,0,-1,0,0,7600,2776,0,0,1308,3516,1.497664480626844,3.4367013398593413,False
overtake,P0,12004,50,5.0,2.0,21.331378059249182,17.202168997219456,0.002687258650622066,2.1851098583494057e-25,1000000000.0,44.234,44.234,4.770600768366639,2.780220801405696,inf,0,0,0,0,-1,inf,1,1,0,1,7600,0,0,0,2824,4776,1.4466386610651387,3.454230377007302,False
overtake,P1,12004,50,5.0,2.0,21.26679143402451,17.202168997219456,0.0027005377939459106,2.1851098583494057e-25,1000000000.0,44.09000000000001,44.09000000000001,4.914465961947471,2.8917432252712283,inf,0,0,0,0,-1,inf,1,1,0,1,7600,0,0,0,2760,4840,1.4466386610651387,3.454230377007302,False
overtake,P2,12004,50,5.0,2.0,21.331378059249182,17.202168997219456,0.002687258650622066,2.1851098583494057e-25,1000000000.0,44.234,44.234,4.770600768366639,2.780220801405696,inf,0,0,0,0,-1,inf,1,1,0,1,7600,0,0,0,2824,4776,1.4466386610651387,3.454230377007302,False
overtake,P3,12004,50,5.0,2.0,21.331378059249182,17.202168997219456,0.002687258650622066,2.1851098583494057e-25,1000000000.0,44.234,44.234,4.770600768366639,2.780220801405696,inf,0,0,0,0,-1,inf,1,1,0,1,7600,0,0,0,2824,4776,1.4466386610651387,3.454230377007302,False
overtake,P4,12004,50,5.0,2.0,21.32141149975405,17.202168997219456,0.002688147478874396,2.1851098583494057e-25,1000000000.0,44.19100000000002,44.19100000000002,4.813559669427629,2.872753037163306,inf,0,0,0,0,-1,inf,1,1,0,1,7600,0,0,0,2813,4787,1.4466386610651387,3.454230377007302,False
overtake,P0,12005,50,5.0,2.0,21.456711703518057,17.202168997219456,0.00265456622466501,2.193504821035808e-25,1000000000.0,44.267333333333326,44.267333333333326,4.737299807793278,2.6564924732280977,inf,0,0,0,0,-1,inf,1,1,0,1,7600,0,0,0,2726,4874,1.5467023109989746,3.5161390922572404,False
overtake,P1,12005,50,5.0,2.0,21.483161451872693,17.202168997219456,0.0025964103553522016,2.1851098425644805e-25,1000000000.0,44.16999999999997,44.16999999999997,4.8345398634348475,2.678271885398877,inf,0,0,0,0,-1,inf,1,1,0,1,7600,0,0,0,2728,4872,1.5467023109989746,3.5161390922572404,False
overtake,P2,12005,50,5.0,2.0,21.456711703518057,17.202168997219456,0.00265456622466501,2.193504821035808e-25,1000000000.0,44.267333333333326,44.267333333333326,4.737299807793278,2.6564924732280977,inf,0,0,0,0,-1,inf,1,1,0,1,7600,0,0,0,2726,4874,1.5467023109989746,3.5161390922572404,False
overtake,P3,12005,50,5.0,2.0,21.456711703518057,17.202168997219456,0.00265456622466501,2.193504821035808e-25,1000000000.0,44.267333333333326,44.267333333333326,4.737299807793278,2.6564924732280977,inf,0,0,0,0,-1,inf,1,1,0,1,7600,0,0,0,2726,4874,1.5467023109989746,3.5161390922572404,False
overtake,P4,12005,50,5.0,2.0,21.456711703518057,17.202168997219456,0.00265456622466501,2.193504821035808e-25,1000000000.0,44.267333333333326,44.267333333333326,4.737299807793278,2.6564924732280977,inf,0,0,0,0,-1,inf,1,1,0,1,7600,0,0,0,2726,4874,1.5467023109989746,3.5161390922572404,False
overtake,P0,12006,50,5.0,2.0,21.360095526508243,17.202168997219456,0.0027191136596690646,2.1956737443333947e-25,1000000000.0,44.14466666666665,44.14466666666665,4.859849531510035,2.7534614411437914,inf,0,0,0,0,-1,inf,1,1,0,1,7600,0,0,0,2726,4874,1.4554887605100435,3.466151599127011,False
overtake,P1,12006,50,5.0,2.0,21.393599653649417,17.202168997219456,0.002662448347324647,2.1851100620197143e-25,1000000000.0,44.04,44.04,4.964420982465164,2.6990720184723602,inf,0,0,0,0,-1,inf,1,1,0,1,7600,0,0,0,2705,4895,1.4554887605100435,3.466151599127011,False
overtake,P2,12006,50,5.0,2.0,21.360095526508243,17.202168997219456,0.0027191136596690646,2.1956737443333947e-25,1000000000.0,44.14466666666665,44.14466666666665,4.859849531510035,2.7534614411437914,inf,0,0,0,0,-1,inf,1,1,0,1,7600,0,0,0,2726,4874,1.4554887605100435,3.466151599127011,False
overtake,P3,12006,50,5.0,2.0,21.360095526508243,17.202168997219456,0.0027191136596690646,2.1956737443333947e-25,1000000000.0,44.14466666666665,44.14466666666665,4.859849531510035,2.7534614411437914,inf,0,0,0,0,-1,inf,1,1,0,1,7600,0,0,0,2726,4874,1.4554887605100435,3.466151599127011,False
overtake,P4,12006,50,5.0,2.0,21.3584113251503,17.202168997219456,0.002719273317834216,2.1956737443333947e-25,1000000000.0,44.13866666666666,44.13866666666666,4.865843962656246,2.7534614411437914,inf,0,0,0,0,-1,inf,1,1,0,1,7600,0,0,0,2719,4881,1.4554887605100435,3.466151599127011,False
overtake,P0,12007,50,5.0,2.0,21.381809802556663,17.202168997219456,0.002690392729893837,2.188991359374023e-25,1000000000.0,44.27100000000001,44.27100000000001,4.733636729950906,2.6987371268065523,inf,0,0,0,0,-1,inf,1,1,0,1,7600,0,0,0,2904,4696,1.5573539939283736,3.444879142383064,False
overtake,P1,12007,50,5.0,2.0,21.37725852322064,17.202168997219456,0.002671850196994012,2.1889376772926713e-25,1000000000.0,44.09000000000001,44.09000000000001,4.914465961947471,2.6954340532943606,inf,0,0,0,0,-1,inf,1,1,0,1,7600,0,0,0,2831,4769,1.5573539939283736,3.444879142383064,False
overtake,P2,12007,50,5.0,2.0,21.381809802556663,17.202168997219456,0.002690392729893837,2.188991359374023e-25,1000000000.0,44.27100000000001,44.27100000000001,4.733636729950906,2.6987371268065523,inf,0,0,0,0,-1,inf,1,1,0,1,7600,0,0,0,2904,4696,1.5573539939283736,3.444879142383064,False
overtake,P3,12007,50,5.0,2.0,21.381809802556663,17.202168997219456,0.002690392729893837,2.188991359374023e-25,1000000000.0,44.27100000000001,44.27100000000001,4.733636729950906,2.6987371268065523,inf,0,0,0,0,-1,inf,1,1,0,1,7600,0,0,0,2904,4696,1.5573539939283736,3.444879142383064,False
overtake,P4,12007,50,5.0,2.0,21.369921255046414,17.202168997219456,0.002691363698311308,2.188991359374023e-25,1000000000.0,44.209999999999994,44.209999999999994,4.794577738564725,2.6987371268065523,inf,0,0,0,0,-1,inf,1,1,0,1,7600,0,0,0,2874,4726,1.5573539939283736,3.444879142383064,False
overtake,P0,12008,50,5.0,2.0,21.2878340074479,17.202168997219456,0.0027455802679654455,2.1981730393878984e-25,1000000000.0,44.17133333333334,44.17133333333334,4.833207782510299,2.8126327951038226,inf,0,0,0,0,-1,inf,1,1,0,1,7600,0,0,0,2735,4865,1.553285045559235,3.6483003846066784,False
overtake,P1,12008,50,5.0,2.0,21.335285019647745,17.202168997219456,0.0026491975085907137,2.185109841626682e-25,1000000000.0,43.98,43.98,5.0243681882541615,2.9399823755848367,inf,0,0,0,0,-1,inf,1,1,0,1,7600,0,0,0,2696,4904,1.553285045559235,3.6483003846066784,False
overtake,P2,12008,50,5.0,2.0,21.2878340074479,17.202168997219456,0.0027455802679654455,2.1981730393878984e-25,1000000000.0,44.17133333333334,44.17133333333334,4.833207782510299,2.8126327951038226,inf,0,0,0,0,-1,inf,1,1,0,1,7600,0,0,0,2735,4865,1.553285045559235,3.6483003846066784,False
overtake,P3,12008,50,5.0,2.0,21.2878340074479,17.202168997219456,0.0027455802679654455,2.1981730393878984e-25,1000000000.0,44.17133333333334,44.17133333333334,4.833207782510299,2.8126327951038226,inf,0,0,0,0,-1,inf,1,1,0,1,7600,0,0,0,2735,4865,1.553285045559235,3.6483003846066784,False
overtake,P4,12008,50,5.0,2.0,21.287140484601185,17.202168997219456,0.002745667290718926,2.1981730393878984e-25,1000000000.0,44.17466666666668,44.17466666666668,4.82987758322279,2.8126327951038226,inf,0,0,0,0,-1,inf,1,1,0,1,7600,0,0,0,2738,4862,1.553285045559235,3.6483003846066784,False
overtake,P0,12009,50,5.0,2.0,21.397302976732455,17.202168997219456,0.0027074076400561784,2.186004322265043e-25,1000000000.0,44.21499999999998,44.21499999999998,4.789582517416372,2.2784696168527874,inf,0,0,0,0,-1,inf,1,1,0,1,7600,0,0,0,2853,4747,1.5348255184463877,3.561233303756469,False
overtake,P1,12009,50,5.0,2.0,21.403697679341363,17.202168997219456,0.0026959594940882316,2.1860029148433053e-25,1000000000.0,44.22,44.22,4.784587306251229,2.4718100681588346,inf,0,0,0,0,-1,inf,1,1,0,1,7600,0,0,0,2865,4735,1.5348255184463877,3.561233303756469,False
overtake,P2,12009,50,5.0,2.0,21.397302976732455,17.202168997219456,0.0027074076400561784,2.186004322265043e-25,1000000000.0,44.21499999999998,44.21499999999998,4.789582517416372,2.2784696168527874,inf,0,0,0,0,-1,inf,1,1,0,1,7600,0,0,0,2853,4747,1.5348255184463877,3.561233303756469,False
overtake,P3,12009,50,5.0,2.0,21.397302976732455,17.202168997219456,0.0027074076400561784,2.186004322265043e-25,1000000000.0,44.21499999999998,44.21499999999998,4.789582517416372,2.2784696168527874,inf,0,0,0,0,-1,inf,1,1,0,1,7600,0,0,0,2853,4747,1.5348255184463877,3.561233303756469,False
overtake,P4,12009,50,5.0,2.0,21.40342364316984,17.202168997219456,0.0027067796907501284,2.186004322265043e-25,1000000000.0,44.22333333333332,44.22333333333332,4.7812571710361835,2.2991829770059917,inf,0,0,0,0,-1,inf,1,1,0,1,7600,0,0,0,2858,4742,1.5348255184463877,3.561233303756469,False
overtake,P0,12010,50,5.0,2.0,21.423864910093815,17.202168997219456,0.00270586734698557,2.202512743053355e-25,1000000000.0,44.26533333333332,44.26533333333332,4.739297852592194,2.460018282555861,inf,0,0,0,0,-1,inf,1,1,0,1,7600,0,0,0,2896,4704,1.3687886064869808,3.2727451673874257,False
overtake,P1,12010,50,5.0,2.0,21.39836839684725,17.202168997219456,0.002690662035320973,2.2024539338775593e-25,1000000000.0,44.050000000000004,44.050000000000004,4.954429905765177,2.4821397716854934,inf,0,0,0,0,-1,inf,1,1,0,1,7600,0,0,0,2808,4792,1.3687886064869808,3.2727451673874257,False
overtake,P2,12010,50,5.0,2.0,21.423864910093815,17.202168997219456,0.00270586734698557,2.202512743053355e-25,1000000000.0,44.26533333333332,44.26533333333332,4.739297852592194,2.460018282555861,inf,0,0,0,0,-1,inf,1,1,0,1,7600,0,0,0,2896,4704,1.3687886064869808,3.2727451673874257,False
overtake,P3,12010,50,5.0,2.0,21.423864910093815,17.202168997219456,0.00270586734698557,2.202512743053355e-25,1000000000.0,44.26533333333332,44.26533333333332,4.739297852592194,2.460018282555861,inf,0,0,0,0,-1,inf,1,1,0,1,7600,0,0,0,2896,4704,1.3687886064869808,3.2727451673874257,False
overtake,P4,12010,50,5.0,2.0,21.416898966687764,17.202168997219456,0.0027064240801365894,2.202512743053355e-25,1000000000.0,44.23499999999997,44.23499999999997,4.769601732968976,2.460018282555861,inf,0,0,0,0,-1,inf,1,1,0,1,7600,0,0,0,2877,4723,1.3687886064869808,3.2727451673874257,False
overtake,P0,12011,50,5.0,2.0,21.397929864672573,17.202168997219456,0.002696417316367612,2.1977873209283998e-25,1000000000.0,44.31733333333334,44.31733333333334,4.687349229815445,2.48267641953543,inf,0,0,0,0,-1,inf,1,1,0,1,7600,0,0,0,2816,4784,1.5093259895039137,3.5815277556345904,False
overtake,P1,12011,50,5.0,2.0,21.479610943275187,17.202168997219456,0.002610738130678473,2.185109841626682e-25,1000000000.0,44.24999999999999,44.24999999999999,4.754616250670547,2.783433112925677,inf,0,0,0,0,-1,inf,1,1,0,1,7600,0,0,0,2838,4762,1.5093259895039137,3.5815277556345904,False
overtake,P2,12011,50,5.0,2.0,21.397929864672573,17.202168997219456,0.002696417316367612,2.1977873209283998e-25,1000000000.0,44.31733333333334,44.31733333333334,4.687349229815445,2.48267641953543,inf,0,0,0,0,-1,inf,1,1,0,1,7600,0,0,0,2816,4784,1.5093259895039137,3.5815277556345904,False
overtake,P3,12011,50,5.0,2.0,21.397929864672573,17.202168997219456,0.002696417316367612,2.1977873209283998e-25,1000000000.0,44.31733333333334,44.31733333333334,4.687349229815445,2.48267641953543,inf,0,0,0,0,-1,inf,1,1,0,1,7600,0,0,0,2816,4784,1.5093259895039137,3.5815277556345904,False
overtake,P4,12011,50,5.0,2.0,21.397929864672573,17.202168997219456,0.002696417316367612,2.1977873209283998e-25,1000000000.0,44.31733333333334,44.31733333333334,4.687349229815445,2.48267641953543,inf,0,0,0,0,-1,inf,1,1,0,1,7600,0,0,0,2816,4784,1.5093259895039137,3.5815277556345904,False
overtake,P0,12012,50,5.0,2.0,21.286006618028033,17.202168997219456,0.0027666428283077537,2.1958443104489196e-25,1000000000.0,44.05333333333333,44.05333333333333,4.9510995548717815,2.7026324875567918,inf,0,0,0,0,-1,inf,1,1,0,1,7600,0,0,0,2877,4723,1.401883525567821,3.3403574658579624,False
overtake,P1,12012,50,5.0,2.0,21.314173491780736,17.202168997219456,0.0027162282557630355,2.189855142573085e-25,1000000000.0,43.89999999999999,43.89999999999999,5.104299725833159,2.817851076378993,inf,0,0,0,0,-1,inf,1,1,0,1,7600,0,0,0,2839,4761,1.401883525567821,3.3403574658579624,False
overtake,P2,12012,50,5.0,2.0,21.286006618028033,17.202168997219456,0.0027666428283077537,2.1958443104489196e-25,1000000000.0,44.05333333333333,44.05333333333333,4.9510995548717815,2.7026324875567918,inf,0,0,0,0,-1,inf,1,1,0,1,7600,0,0,0,2877,4723,1.401883525567821,3.3403574658579624,False
overtake,P3,12012,50,5.0,2.0,21.286006618028033,17.202168997219456,0.0027666428283077537,2.1958443104489196e-25,1000000000.0,44.05333333333333,44.05333333333333,4.9510995548717815,2.7026324875567918,inf,0,0,0,0,-1,inf,1,1,0,1,7600,0,0,0,2877,4723,1.401883525567821,3.3403574658579624,False
overtake,P4,12012,50,5.0,2.0,21.278062403809734,17.202168997219456,0.0027673519605976044,2.1958443104489196e-25,1000000000.0,44.013333333333314,44.013333333333314,4.9910640283996575,2.723004879103481,inf,0,0,0,0,-1,inf,1,1,0,1,7600,0,0,0,2863,4737,1.401883525567821,3.3403574658579624,False
overtake,P0,12013,50,5.0,2.0,21.459075955806465,17.202168997219456,0.002703012810045309,2.192463961159164e-25,1000000000.0,44.4333333333333,44.4333333333333,4.571468050373437,2.482897347443066,inf,0,0,0,0,-1,inf,1,1,0,1,7600,0,0,0,2876,4724,1.5833668881154852,3.5677374063953384,False
overtake,P1,12013,50,5.0,2.0,21.491495126775632,17.202168997219456,0.0026216946253188097,2.185109842567168e-25,1000000000.0,44.19999999999999,44.19999999999999,4.804568210686626,2.5229143235991667,inf,0,0,0,0,-1,inf,1,1,0,1,7600,0,0,0,2812,4788,1.5833668881154852,3.5677374063953384,False
overtake,P2,12013,50,5.0,2.0,21.459075955806465,17.202168997219456,0.002703012810045309,2.192463961159164e-25,1000000000.0,44.4333333333333,44.4333333333333,4.571468050373437,2.482897347443066,inf,0,0,0,0,-1,inf,1,1,0,1,7600,0,0,0,2876,4724,1.5833668881154852,3.5677374063953384,False
overtake,P3,12013,50,5.0,2.0,21.459075955806465,17.202168997219456,0.002703012810045309,2.192463961159164e-25,1000000000.0,44.4333333333333,44.4333333333333,4.571468050373437,2.482897347443066,inf,0,0,0,0,-1,inf,1,1,0,1,7600,0,0,0,2876,4724,1.5833668881154852,3.5677374063953384,False
overtake,P4,12013,50,5.0,2.0,21.446622221022757,17.202168997219456,0.0027039183358017077,2.192463961159164e-25,1000000000.0,44.373333333333335,44.373333333333335,4.631405848722913,2.482897347443066,inf,0,0,0,0,-1,inf,1,1,0,1,7600,0,0,0,2850,4750,1.5833668881154852,3.5677374063953384,False
overtake,P0,12014,50,5.0,2.0,15.464381322414818,7.575470117399217,0.06853049108585729,5.761516216147119e-05,999942384.8378386,43.90200000000003,43.87811221195512,5.378835253511053,inf,inf,0,0,0,0,-1,inf,0,-1,0,0,7600,2777,0,0,1332,3491,1.6369551706238403,3.81680713607936,False
overtake,P1,12014,50,5.0,2.0,18.763379111583003,15.527331798659137,0.005644690167158194,3.129005887062094e-18,1000000000.0,43.54000000000001,43.51631330444551,5.615942145246977,3.4188160944857695,inf,0,0,0,0,-1,inf,0,-1,0,0,7600,2757,0,0,1301,3542,1.6369551706238403,3.81680713607936,False
overtake,P2,12014,50,5.0,2.0,18.718626891067405,15.381459542809743,0.00578582723642106,1.0170171011854514e-17,1000000000.0,43.616666666666696,43.59293738246321,5.541706468467099,3.2857870329641843,inf,0,0,0,0,-1,inf,0,-1,0,0,7600,2749,0,0,1301,3550,1.6369551706238403,3.81680713607936,False
overtake,P3,12014,50,5.0,2.0,18.717529666605756,15.473848206882828,0.005746172679017374,4.841449932069815e-18,1000000000.0,43.56866666666666,43.544964046660816,5.588176773467332,3.3244929942043635,inf,0,0,0,0,-1,inf,0,-1,0,0,7600,2742,0,0,1293,3565,1.6369551706238403,3.81680713607936,False
overtake,P4,12014,50,5.0,2.0,18.717529666605756,15.473848206882828,0.005746172679017374,4.841449932069815e-18,1000000000.0,43.56866666666666,43.544964046660816,5.588176773467332,3.3244929942043635,inf,0,0,0,0,-1,inf,0,-1,0,0,7600,2742,0,0,1293,3565,1.6369551706238403,3.81680713607936,False
overtake,P0,12015,50,5.0,2.0,21.446448308547364,17.202168997219456,0.002685881517654301,2.1954009875669774e-25,1000000000.0,44.26333333333331,44.26333333333331,4.7412958990398115,2.618224760133103,inf,0,0,0,0,-1,inf,1,1,0,1,7600,0,0,0,2873,4727,1.5135888098794208,3.534211880306296,False
overtake,P1,12015,50,5.0,2.0,21.385342457696815,17.202168997219456,0.002713980636170671,2.1891058305762905e-25,1000000000.0,44.18000000000001,44.18000000000001,4.824549273366405,2.636932771722915,inf,0,0,0,0,-1,inf,1,1,0,1,7600,0,0,0,2835,4765,1.5135888098794208,3.534211880306296,False
overtake,P2,12015,50,5.0,2.0,21.446448308547364,17.202168997219456,0.002685881517654301,2.1954009875669774e-25,1000000000.0,44.26333333333331,44.26333333333331,4.7412958990398115,2.618224760133103,inf,0,0,0,0,-1,inf,1,1,0,1,7600,0,0,0,2873,4727,1.5135888098794208,3.534211880306296,False
overtake,P3,12015,50,5.0,2.0,21.446448308547364,17.202168997219456,0.002685881517654301,2.1954009875669774e-25,1000000000.0,44.26333333333331,44.26333333333331,4.7412958990398115,2.618224760133103,inf,0,0,0,0,-1,inf,1,1,0,1,7600,0,0,0,2873,4727,1.5135888098794208,3.534211880306296,False
overtake,P4,12015,50,5.0,2.0,21.4376229121756,17.202168997219456,0.0026865744354770318,2.1954009875669774e-25,1000000000.0,44.21733333333329,44.21733333333329,4.787251417628408,2.618224760133103,inf,0,0,0,0,-1,inf,1,1,0,1,7600,0,0,0,2867,4733,1.5135888098794208,3.534211880306296,False
overtake,P0,12016,50,5.0,2.0,21.31602257347772,17.202168997219456,0.0027276998271376536,2.197787321148036e-25,1000000000.0,44.14133333333332,44.14133333333332,4.863179769340043,2.588790947129561,inf,0,0,0,0,-1,inf,1,1,0,1,7600,0,0,0,2701,4899,1.4870590301278994,3.492262365065703,False
overtake,P1,12016,50,5.0,2.0,21.39291573987564,17.202168997219456,0.002646780406570003,2.1851098425672805e-25,1000000000.0,44.07,44.07,4.934447860818916,2.6678138278193666,inf,0,0,0,0,-1,inf,1,1,0,1,7600,0,0,0,2710,4890,1.4870590301278994,3.492262365065703,False
overtake,P2,12016,50,5.0,2.0,21.31602257347772,17.202168997219456,0.0027276998271376536,2.197787321148036e-25,1000000000.0,44.14133333333332,44.14133333333332,4.863179769340043,2.588790947129561,inf,0,0,0,0,-1,inf,1,1,0,1,7600,0,0,0,2701,4899,1.4870590301278994,3.492262365065703,False
overtake,P3,12016,50,5.0,2.0,21.31602257347772,17.202168997219456,0.0027276998271376536,2.197787321148036e-25,1000000000.0,44.14133333333332,44.14133333333332,4.863179769340043,2.588790947129561,inf,0,0,0,0,-1,inf,1,1,0,1,7600,0,0,0,2701,4899,1.4870590301278994,3.492262365065703,False
overtake,P4,12016,50,5.0,2.0,21.31602257347772,17.202168997219456,0.0027276998271376536,2.197787321148036e-25,1000000000.0,44.14133333333332,44.14133333333332,4.863179769340043,2.588790947129561,inf,0,0,0,0,-1,inf,1,1,0,1,7600,0,0,0,2701,4899,1.4870590301278994,3.492262365065703,False
overtake,P0,12017,50,5.0,2.0,21.35759771194488,17.202168997219456,0.002721368376509134,2.186880625136137e-25,1000000000.0,44.24733333333333,44.24733333333333,4.757280329724627,2.5973627481971917,inf,0,0,0,0,-1,inf,1,1,0,1,7600,0,0,0,2905,4695,1.5184609622154703,3.5145583883358915,False
overtake,P1,12017,50,5.0,2.0,21.411396682830354,17.202168997219456,0.0026390231577276507,2.1851098425671657e-25,1000000000.0,44.06,44.06,4.94443886514338,2.7303537488540393,inf,0,0,0,0,-1,inf,1,1,0,1,7600,0,0,0,2834,4766,1.5184609622154703,3.5145583883358915,False
overtake,P2,12017,50,5.0,2.0,21.35759771194488,17.202168997219456,0.002721368376509134,2.186880625136137e-25,1000000000.0,44.24733333333333,44.24733333333333,4.757280329724627,2.5973627481971917,inf,0,0,0,0,-1,inf,1,1,0,1,7600,0,0,0,2905,4695,1.5184609622154703,3.5145583883358915,False
overtake,P3,12017,50,5.0,2.0,21.35759771194488,17.202168997219456,0.002721368376509134,2.186880625136137e-25,1000000000.0,44.24733333333333,44.24733333333333,4.757280329724627,2.5973627481971917,inf,0,0,0,0,-1,inf,1,1,0,1,7600,0,0,0,2905,4695,1.5184609622154703,3.5145583883358915,False
overtake,P4,12017,50,5.0,2.0,21.35759771194488,17.202168997219456,0.002721368376509134,2.186880625136137e-25,1000000000.0,44.24733333333333,44.24733333333333,4.757280329724627,2.5973627481971917,inf,0,0,0,0,-1,inf,1,1,0,1,7600,0,0,0,2905,4695,1.5184609622154703,3.5145583883358915,False
overtake,P0,12018,50,5.0,2.0,21.39902717465453,17.202168997219456,0.002707298253253892,2.1969359942692484e-25,1000000000.0,44.23233333333332,44.23233333333332,4.772265828260715,2.3970596839887888,inf,0,0,0,0,-1,inf,1,1,0,1,7600,0,0,0,2802,4798,1.437090272467808,3.3496102313922944,False
overtake,P1,12018,50,5.0,2.0,21.500589473113237,17.202168997219456,0.0026113144288053536,2.185109841626682e-25,1000000000.0,44.179999999999986,44.179999999999986,4.8245492733664275,2.4654183064643083,inf,0,0,0,0,-1,inf,1,1,0,1,7600,0,0,0,2800,4800,1.437090272467808,3.3496102313922944,False
overtake,P2,12018,50,5.0,2.0,21.39902717465453,17.202168997219456,0.002707298253253892,2.1969359942692484e-25,1000000000.0,44.23233333333332,44.23233333333332,4.772265828260715,2.3970596839887888,inf,0,0,0,0,-1,inf,1,1,0,1,7600,0,0,0,2802,4798,1.437090272467808,3.3496102313922944,False
overtake,P3,12018,50,5.0,2.0,21.39902717465453,17.202168997219456,0.002707298253253892,2.1969359942692484e-25,1000000000.0,44.23233333333332,44.23233333333332,4.772265828260715,2.3970596839887888,inf,0,0,0,0,-1,inf,1,1,0,1,7600,0,0,0,2802,4798,1.437090272467808,3.3496102313922944,False
overtake,P4,12018,50,5.0,2.0,21.398993247035346,17.202168997219456,0.002707300210673905,2.1969359942692484e-25,1000000000.0,44.231333333333325,44.231333333333325,4.773264864735482,2.3970596839887888,inf,0,0,0,0,-1,inf,1,1,0,1,7600,0,0,0,2802,4798,1.437090272467808,3.3496102313922944,False
overtake,P0,12019,50,5.0,2.0,20.974328589757988,17.202168997219456,0.0031007163415924504,2.311849079291747e-25,1000000000.0,43.88266666666666,43.88266666666666,5.121618507423694,2.5938320237031487,inf,0,0,0,0,-1,inf,1,1,0,1,7600,0,0,0,2678,4922,1.4837016757779895,3.3754186118820524,False
overtake,P1,12019,50,5.0,2.0,21.113286813922784,17.202168997219456,0.0029691553193436047,2.301794087073579e-25,1000000000.0,43.959999999999994,43.959999999999994,5.0443508691545675,2.710878116844107,inf,0,0,0,0,-1,inf,1,1,0,1,7600,0,0,0,2741,4859,1.4837016757779895,3.3754186118820524,False
overtake,P2,12019,50,5.0,2.0,20.974328589757988,17.202168997219456,0.0031007163415924504,2.311849079291747e-25,1000000000.0,43.88266666666666,43.88266666666666,5.121618507423694,2.5938320237031487,inf,0,0,0,0,-1,inf,1,1,0,1,7600,0,0,0,2678,4922,1.4837016757779895,3.3754186118820524,False
overtake,P3,12019,50,5.0,2.0,20.974328589757988,17.202168997219456,0.0031007163415924504,2.311849079291747e-25,1000000000.0,43.88266666666666,43.88266666666666,5.121618507423694,2.5938320237031487,inf,0,0,0,0,-1,inf,1,1,0,1,7600,0,0,0,2678,4922,1.4837016757779895,3.3754186118820524,False
overtake,P4,12019,50,5.0,2.0,20.974328589757988,17.202168997219456,0.0031007163415924504,2.311849079291747e-25,1000000000.0,43.88266666666666,43.88266666666666,5.121618507423694,2.5938320237031487,inf,0,0,0,0,-1,inf,1,1,0,1,7600,0,0,0,2678,4922,1.4837016757779895,3.3754186118820524,False
intersection_turn,P0,12000,50,5.0,2.0,18.40594005651157,14.72403780401211,0.009615958818340256,2.2614855272116717e-15,999999999.9999979,42.09166666666667,42.09166666666667,5.962248131181539,3.9550147740798045,inf,0,0,0,0,-1,inf,0,-1,0,0,7600,0,0,0,2483,5117,1.4578250413582836,3.3853238124954625,False
intersection_turn,P1,12000,50,5.0,2.0,18.404047860635373,14.72403780401211,0.009617035006015866,2.2614855272116717e-15,999999999.9999979,42.05,42.05,6.003540621999657,3.9550147740798045,inf,0,0,0,0,-1,inf,0,-1,0,0,7600,0,0,0,2472,5128,1.4578250413582836,3.3853238124954625,False
intersection_turn,P2,12000,50,5.0,2.0,18.40594005651157,14.72403780401211,0.009615958818340256,2.2614855272116717e-15,999999999.9999979,42.09166666666667,42.09166666666667,5.962248131181539,3.9550147740798045,inf,0,0,0,0,-1,inf,0,-1,0,0,7600,0,0,0,2483,5117,1.4578250413582836,3.3853238124954625,False
intersection_turn,P3,12000,50,5.0,2.0,18.40594005651157,14.72403780401211,0.009615958818340256,2.2614855272116717e-15,999999999.9999979,42.09166666666667,42.09166666666667,5.962248131181539,3.9550147740798045,inf,0,0,0,0,-1,inf,0,-1,0,0,7600,0,0,0,2483,5117,1.4578250413582836,3.3853238124954625,False
intersection_turn,P4,12000,50,5.0,2.0,18.40594005651157,14.72403780401211,0.009615958818340256,2.2614855272116717e-15,999999999.9999979,42.09166666666667,42.09166666666667,5.962248131181539,3.9550147740798045,inf,0,0,0,0,-1,inf,0,-1,0,0,7600,0,0,0,2483,5117,1.4578250413582836,3.3853238124954625,False
intersection_turn,P0,12001,50,5.0,2.0,18.415447882362777,14.72403780401211,0.009607776835556301,2.2614855272116717e-15,999999999.9999979,42.19999999999998,42.19999999999998,5.854912467321797,3.9550147740798045,inf,0,0,0,0,-1,inf,0,-1,0,0,7600,0,0,0,2542,5058,1.5002729879920178,3.408824821313841,False
intersection_turn,P1,12001,50,5.0,2.0,18.407177572628722,14.72403780401211,0.009614082454228954,2.2614855272116717e-15,999999999.9999979,42.12999999999999,42.12999999999999,5.924263667326104,3.9550147740798045,inf,0,0,0,0,-1,inf,0,-1,0,0,7600,0,0,0,2522,5078,1.5002729879920178,3.408824821313841,False
intersection_turn,P2,12001,50,5.0,2.0,18.415447882362777,14.72403780401211,0.009607776835556301,2.2614855272116717e-15,999999999.9999979,42.19999999999998,42.19999999999998,5.854912467321797,3.9550147740798045,inf,0,0,0,0,-1,inf,0,-1,0,0,7600,0,0,0,2542,5058,1.5002729879920178,3.408824821313841,False
intersection_turn,P3,12001,50,5.0,2.0,18.415447882362777,14.72403780401211,0.009607776835556301,2.2614855272116717e-15,999999999.9999979,42.19999999999998,42.19999999999998,5.854912467321797,3.9550147740798045,inf,0,0,0,0,-1,inf,0,-1,0,0,7600,0,0,0,2542,5058,1.5002729879920178,3.408824821313841,False
intersection_turn,P4,12001,50,5.0,2.0,18.41326842063625,14.72403780401211,0.009609086022252382,2.2614855272116717e-15,999999999.9999979,42.16666666666667,42.16666666666667,5.887934933215356,3.9550147740798045,inf,0,0,0,0,-1,inf,0,-1,0,0,7600,0,0,0,2533,5067,1.5002729879920178,3.408824821313841,False
intersection_turn,P0,12002,50,5.0,2.0,18.43051788169651,14.72403780401211,0.009598348040234355,2.2614855272116717e-15,999999999.9999979,42.33666666666668,42.33666666666668,5.719558063735719,3.9550147740798045,inf,0,0,0,0,-1,inf,0,-1,0,0,7600,0,0,0,2513,5087,1.513943120578305,3.4015269751476067,False
intersection_turn,P1,12002,50,5.0,2.0,18.427512603424404,14.72403780401211,0.009600101532086364,2.2614855272116717e-15,999999999.9999979,42.28000000000001,42.28000000000001,5.775673120944424,3.9550147740798045,inf,0,0,0,0,-1,inf,0,-1,0,0,7600,0,0,0,2496,5104,1.513943120578305,3.4015269751476067,False
intersection_turn,P2,12002,50,5.0,2.0,18.43051788169651,14.72403780401211,0.009598348040234355,2.2614855272116717e-15,999999999.9999979,42.33666666666668,42.33666666666668,5.719558063735719,3.9550147740798045,inf,0,0,0,0,-1,inf,0,-1,0,0,7600,0,0,0,2513,5087,1.513943120578305,3.4015269751476067,False
intersection_turn,P3,12002,50,5.0,2.0,18.43051788169651,14.72403780401211,0.009598348040234355,2.2614855272116717e-15,999999999.9999979,42.33666666666668,42.33666666666668,5.719558063735719,3.9550147740798045,inf,0,0,0,0,-1,inf,0,-1,0,0,7600,0,0,0,2513,5087,1.513943120578305,3.4015269751476067,False
intersection_turn,P4,12002,50,5.0,2.0,18.428132352404216,14.72403780401211,0.009599785624138176,2.2614855272116717e-15,999999999.9999979,42.30666666666668,42.30666666666668,5.749264687283436,3.9550147740798045,inf,0,0,0,0,-1,inf,0,-1,0,0,7600,0,0,0,2500,5100,1.513943120578305,3.4015269751476067,False
intersection_turn,P0,12003,50,5.0,2.0,18.263341885760124,14.72403780401211,0.009902749269937177,2.2713399047539326e-15,999999999.9999977,41.751666666666665,41.751666666666665,6.299338810100983,4.196377922200296,inf,0,0,0,0,-1,inf,0,-1,0,0,7600,0,0,0,2508,5092,1.5326538013380002,3.372871383441655,False
intersection_turn,P1,12003,50,5.0,2.0,18.25560192539034,14.72403780401211,0.009908922662210402,2.2713399047539326e-15,999999999.9999977,41.67000000000003,41.67000000000003,6.380352654830266,4.196377922200296,inf,0,0,0,0,-1,inf,0,-1,0,0,7600,0,0,0,2485,5115,1.5326538013380002,3.372871383441655,False
intersection_turn,P2,12003,50,5.0,2.0,18.263341885760124,14.72403780401211,0.009902749269937177,2.2713399047539326e-15,999999999.9999977,41.751666666666665,41.751666666666665,6.299338810100983,4.196377922200296,inf,0,0,0,0,-1,inf,0,-1,0,0,7600,0,0,0,2508,5092,1.5326538013380002,3.372871383441655,False
intersection_turn,P3,12003,50,5.0,2.0,18.263341885760124,14.72403780401211,0.009902749269937177,2.2713399047539326e-15,999999999.9999977,41.751666666666665,41.751666666666665,6.299338810100983,4.196377922200296,inf,0,0,0,0,-1,inf,0,-1,0,0,7600,0,0,0,2508,5092,1.5326538013380002,3.372871383441655,False
intersection_turn,P4,12003,50,5.0,2.0,18.263341885760124,14.72403780401211,0.009902749269937177,2.2713399047539326e-15,999999999.9999977,41.751666666666665,41.751666666666665,6.299338810100983,4.196377922200296,inf,0,0,0,0,-1,inf,0,-1,0,0,7600,0,0,0,2508,5092,1.5326538013380002,3.372871383441655,False
intersection_turn,P0,12004,50,5.0,2.0,18.42533830919059,14.72403780401211,0.00959988533117043,2.2614855272116717e-15,999999999.9999979,42.23999999999999,42.23999999999999,5.815290190523611,3.9550147740798045,inf,0,0,0,0,-1,inf,0,-1,0,0,7600,0,0,0,2627,4973,1.4238684241052866,3.3361544395880536,False
intersection_turn,P1,12004,50,5.0,2.0,18.419065837780543,14.72403780401211,0.009603702666144881,2.2614855272116717e-15,999999999.9999979,42.139999999999986,42.139999999999986,5.914355417118602,3.9550147740798045,inf,0,0,0,0,-1,inf,0,-1,0,0,7600,0,0,0,2585,5015,1.4238684241052866,3.3361544395880536,False
intersection_turn,P2,12004,50,5.0,2.0,18.42533830919059,14.72403780401211,0.00959988533117043,2.2614855272116717e-15,999999999.9999979,42.23999999999999,42.23999999999999,5.815290190523611,3.9550147740798045,inf,0,0,0,0,-1,inf,0,-1,0,0,7600,0,0,0,2627,4973,1.4238684241052866,3.3361544395880536,False
intersection_turn,P3,12004,50,5.0,2.0,18.42533830919059,14.72403780401211,0.00959988533117043,2.2614855272116717e-15,999999999.9999979,42.23999999999999,42.23999999999999,5.815290190523611,3.9550147740798045,inf,0,0,0,0,-1,inf,0,-1,0,0,7600,0,0,0,2627,4973,1.4238684241052866,3.3361544395880536,False
intersection_turn,P4,12004,50,5.0,2.0,18.4213381572636,14.72403780401211,0.009602346241115951,2.2614855272116717e-15,999999999.9999979,42.19999999999999,42.19999999999999,5.85491246732179,3.9550147740798045,inf,0,0,0,0,-1,inf,0,-1,0,0,7600,0,0,0,2604,4996,1.4238684241052866,3.3361544395880536,False
intersection_turn,P0,12005,50,5.0,2.0,18.355472441135607,14.72403780401211,0.009663027233489023,2.2614855272116717e-15,999999999.9999979,41.93833333333331,41.93833333333331,6.114229532637619,3.9550147740798045,inf,0,0,0,0,-1,inf,0,-1,0,0,7600,0,0,0,2337,5263,1.5547773886875556,3.4064080079672707,False
intersection_turn,P1,12005,50,5.0,2.0,18.349993291213504,14.72403780401211,0.009668556644113296,2.2614855272116717e-15,999999999.9999979,41.87999999999999,41.87999999999999,6.172066104636286,3.9550147740798045,inf,0,0,0,0,-1,inf,0,-1,0,0,7600,0,0,0,2320,5280,1.5547773886875556,3.4064080079672707,False
intersection_turn,P2,12005,50,5.0,2.0,18.355472441135607,14.72403780401211,0.009663027233489023,2.2614855272116717e-15,999999999.9999979,41.93833333333331,41.93833333333331,6.114229532637619,3.9550147740798045,inf,0,0,0,0,-1,inf,0,-1,0,0,7600,0,0,0,2337,5263,1.5547773886875556,3.4064080079672707,False
intersection_turn,P3,12005,50,5.0,2.0,18.355472441135607,14.72403780401211,0.009663027233489023,2.2614855272116717e-15,999999999.9999979,41.93833333333331,41.93833333333331,6.114229532637619,3.9550147740798045,inf,0,0,0,0,-1,inf,0,-1,0,0,7600,0,0,0,2337,5263,1.5547773886875556,3.4064080079672707,False
intersection_turn,P4,12005,50,5.0,2.0,18.35360155037493,14.72403780401211,0.009664212325968502,2.2614855272116717e-15,999999999.9999979,41.908333333333324,41.908333333333324,6.143972882246299,3.9550147740798045,inf,0,0,0,0,-1,inf,0,-1,0,0,7600,0,0,0,2330,5270,1.5547773886875556,3.4064080079672707,False
intersection_turn,P0,12006,50,5.0,2.0,18.393053119000136,14.72403780401211,0.009631374835571894,2.2614855272116717e-15,999999999.9999979,42.12333333333332,42.12333333333332,5.930869338563383,3.9550147740798045,inf,0,0,0,0,-1,inf,0,-1,0,0,7600,0,0,0,2504,5096,1.4856520879924617,3.405233322014023,False
intersection_turn,P1,12006,50,5.0,2.0,18.38394209927023,14.72403780401211,0.009638970957985537,2.2614855272116717e-15,999999999.9999979,42.02999999999999,42.02999999999999,6.023362848110693,3.9550147740798045,inf,0,0,0,0,-1,inf,0,-1,0,0,7600,0,0,0,2480,5120,1.4856520879924617,3.405233322014023,False
intersection_turn,P2,12006,50,5.0,2.0,18.393053119000136,14.72403780401211,0.009631374835571894,2.2614855272116717e-15,999999999.9999979,42.12333333333332,42.12333333333332,5.930869338563383,3.9550147740798045,inf,0,0,0,0,-1,inf,0,-1,0,0,7600,0,0,0,2504,5096,1.4856520879924617,3.405233322014023,False
intersection_turn,P3,12006,50,5.0,2.0,18.393053119000136,14.72403780401211,0.009631374835571894,2.2614855272116717e-15,999999999.9999979,42.12333333333332,42.12333333333332,5.930869338563383,3.9550147740798045,inf,0,0,0,0,-1,inf,0,-1,0,0,7600,0,0,0,2504,5096,1.4856520879924617,3.405233322014023,False
intersection_turn,P4,12006,50,5.0,2.0,18.393053119000136,14.72403780401211,0.009631374835571894,2.2614855272116717e-15,999999999.9999979,42.12333333333332,42.12333333333332,5.930869338563383,3.9550147740798045,inf,0,0,0,0,-1,inf,0,-1,0,0,7600,0,0,0,2504,5096,1.4856520879924617,3.405233322014023,False
intersection_turn,P0,12007,50,5.0,2.0,18.392620687828863,14.72403780401211,0.009626886021819697,2.2614855272116717e-15,999999999.9999979,42.086666666666666,42.086666666666666,5.9672029554148,3.9550147740798045,inf,0,0,0,0,-1,inf,0,-1,0,0,7600,0,0,0,2573,5027,1.5196910830525099,3.2728414419800957,False
intersection_turn,P1,12007,50,5.0,2.0,18.390821022342287,14.72403780401211,0.009627896713181365,2.2614855272116717e-15,999999999.9999979,42.04,42.04,6.013451587898585,3.9550147740798045,inf,0,0,0,0,-1,inf,0,-1,0,0,7600,0,0,0,2556,5044,1.5196910830525099,3.2728414419800957,False
intersection_turn,P2,12007,50,5.0,2.0,18.392620687828863,14.72403780401211,0.009626886021819697,2.2614855272116717e-15,999999999.9999979,42.086666666666666,42.086666666666666,5.9672029554148,3.9550147740798045,inf,0,0,0,0,-1,inf,0,-1,0,0,7600,0,0,0,2573,5027,1.5196910830525099,3.2728414419800957,False
intersection_turn,P3,12007,50,5.0,2.0,18.392620687828863,14.72403780401211,0.009626886021819697,2.2614855272116717e-15,999999999.9999979,42.086666666666666,42.086666666666666,5.9672029554148,3.9550147740798045,inf,0,0,0,0,-1,inf,0,-1,0,0,7600,0,0,0,2573,5027,1.5196910830525099,3.2728414419800957,False
intersection_turn,P4,12007,50,5.0,2.0,18.392620687828863,14.72403780401211,0.009626886021819697,2.2614855272116717e-15,999999999.9999979,42.086666666666666,42.086666666666666,5.9672029554148,3.9550147740798045,inf,0,0,0,0,-1,inf,0,-1,0,0,7600,0,0,0,2573,5027,1.5196910830525099,3.2728414419800957,False
intersection_turn,P0,12008,50,5.0,2.0,18.417714465759897,14.72403780401211,0.009606535826605029,2.2614855272116717e-15,999999999.9999979,42.17166666666667,42.17166666666667,5.882981339800803,3.9550147740798045,inf,0,0,0,0,-1,inf,0,-1,0,0,7600,0,0,0,2545,5055,1.566907807228359,3.5149590290470565,False
intersection_turn,P1,12008,50,5.0,2.0,18.41359708620778,14.72403780401211,0.009608972418513398,2.2614855272116717e-15,999999999.9999979,42.10999999999999,42.10999999999999,5.944081089621851,3.9550147740798045,inf,0,0,0,0,-1,inf,0,-1,0,0,7600,0,0,0,2524,5076,1.566907807228359,3.5149590290470565,False
intersection_turn,P2,12008,50,5.0,2.0,18.417714465759897,14.72403780401211,0.009606535826605029,2.2614855272116717e-15,999999999.9999979,42.17166666666667,42.17166666666667,5.882981339800803,3.9550147740798045,inf,0,0,0,0,-1,inf,0,-1,0,0,7600,0,0,0,2545,5055,1.566907807228359,3.5149590290470565,False
intersection_turn,P3,12008,50,5.0,2.0,18.417714465759897,14.72403780401211,0.009606535826605029,2.2614855272116717e-15,999999999.9999979,42.17166666666667,42.17166666666667,5.882981339800803,3.9550147740798045,inf,0,0,0,0,-1,inf,0,-1,0,0,7600,0,0,0,2545,5055,1.566907807228359,3.5149590290470565,False
intersection_turn,P4,12008,50,5.0,2.0,18.415691206244116,14.72403780401211,0.009607758278201858,2.2614855272116717e-15,999999999.9999979,42.14833333333333,42.14833333333333,5.906098778193417,3.9550147740798045,inf,0,0,0,0,-1,inf,0,-1,0,0,7600,0,0,0,2537,5063,1.566907807228359,3.5149590290470565,False
intersection_turn,P0,12009,50,5.0,2.0,18.444178062388684,14.72403780401211,0.009586813843834063,2.2614855272116717e-15,999999999.9999979,42.34499999999999,42.34499999999999,5.711306768157362,3.9550147740798045,inf,0,0,0,0,-1,inf,0,-1,0,0,7600,0,0,0,2586,5014,1.564693801739322,3.4513602551465463,False
intersection_turn,P1,12009,50,5.0,2.0,18.53245520838665,14.72403780401211,0.009555970015759507,2.2614855272116717e-15,999999999.9999979,42.27999999999999,42.27893504253404,5.7693202938176125,3.9550147740798045,inf,0,0,0,0,-1,inf,0,-1,0,0,7600,47,0,0,2529,5024,1.564693801739322,3.4513602551465463,False
intersection_turn,P2,12009,50,5.0,2.0,18.444178062388684,14.72403780401211,0.009586813843834063,2.2614855272116717e-15,999999999.9999979,42.34499999999999,42.34499999999999,5.711306768157362,3.9550147740798045,inf,0,0,0,0,-1,inf,0,-1,0,0,7600,0,0,0,2586,5014,1.564693801739322,3.4513602551465463,False
intersection_turn,P3,12009,50,5.0,2.0,18.444178062388684,14.72403780401211,0.009586813843834063,2.2614855272116717e-15,999999999.9999979,42.34499999999999,42.34499999999999,5.711306768157362,3.9550147740798045,inf,0,0,0,0,-1,inf,0,-1,0,0,7600,0,0,0,2586,5014,1.564693801739322,3.4513602551465463,False
intersection_turn,P4,12009,50,5.0,2.0,18.444178062388684,14.72403780401211,0.009586813843834063,2.2614855272116717e-15,999999999.9999979,42.34499999999999,42.34499999999999,5.711306768157362,3.9550147740798045,inf,0,0,0,0,-1,inf,0,-1,0,0,7600,0,0,0,2586,5014,1.564693801739322,3.4513602551465463,False
intersection_turn,P0,12010,50,5.0,2.0,18.41186044710067,14.72403780401211,0.009611963109082659,2.2614855272116717e-15,999999999.9999979,42.183333333333344,42.183333333333344,5.87142326111063,3.9550147740798045,inf,0,0,0,0,-1,inf,0,-1,0,0,7600,0,0,0,2568,5032,1.4052322313451742,3.223388989670567,False
intersection_turn,P1,12010,50,5.0,2.0,18.41112301926965,14.72403780401211,0.009612385063420542,2.2614855272116717e-15,999999999.9999979,42.169999999999995,42.169999999999995,5.884632528884031,3.9550147740798045,inf,0,0,0,0,-1,inf,0,-1,0,0,7600,0,0,0,2562,5038,1.4052322313451742,3.223388989670567,False
intersection_turn,P2,12010,50,5.0,2.0,18.41186044710067,14.72403780401211,0.009611963109082659,2.2614855272116717e-15,999999999.9999979,42.183333333333344,42.183333333333344,5.87142326111063,3.9550147740798045,inf,0,0,0,0,-1,inf,0,-1,0,0,7600,0,0,0,2568,5032,1.4052322313451742,3.223388989670567,False
intersection_turn,P3,12010,50,5.0,2.0,18.41186044710067,14.72403780401211,0.009611963109082659,2.2614855272116717e-15,999999999.9999979,42.183333333333344,42.183333333333344,5.87142326111063,3.9550147740798045,inf,0,0,0,0,-1,inf,0,-1,0,0,7600,0,0,0,2568,5032,1.4052322313451742,3.223388989670567,False
intersection_turn,P4,12010,50,5.0,2.0,18.41186044710067,14.72403780401211,0.009611963109082659,2.2614855272116717e-15,999999999.9999979,42.183333333333344,42.183333333333344,5.87142326111063,3.9550147740798045,inf,0,0,0,0,-1,inf,0,-1,0,0,7600,0,0,0,2568,5032,1.4052322313451742,3.223388989670567,False
intersection_turn,P0,12011,50,5.0,2.0,18.426773815439976,14.72403780401211,0.009601844018770423,2.2614855272116717e-15,999999999.9999979,42.32666666666667,42.32666666666667,5.729459931888091,3.9550147740798045,inf,0,0,0,0,-1,inf,0,-1,0,0,7600,0,0,0,2550,5050,1.5576804227192316,3.521724549256914,False
intersection_turn,P1,12011,50,5.0,2.0,18.413044258386773,14.72403780401211,0.009612437072537587,2.2614855272116717e-15,999999999.9999979,42.22999999999999,42.22999999999999,5.825195275696783,3.9550147740798045,inf,0,0,0,0,-1,inf,0,-1,0,0,7600,0,0,0,2506,5094,1.5576804227192316,3.521724549256914,False
intersection_turn,P2,12011,50,5.0,2.0,18.426773815439976,14.72403780401211,0.009601844018770423,2.2614855272116717e-15,999999999.9999979,42.32666666666667,42.32666666666667,5.729459931888091,3.9550147740798045,inf,0,0,0,0,-1,inf,0,-1,0,0,7600,0,0,0,2550,5050,1.5576804227192316,3.521724549256914,False
intersection_turn,P3,12011,50,5.0,2.0,18.426773815439976,14.72403780401211,0.009601844018770423,2.2614855272116717e-15,999999999.9999979,42.32666666666667,42.32666666666667,5.729459931888091,3.9550147740798045,inf,0,0,0,0,-1,inf,0,-1,0,0,7600,0,0,0,2550,5050,1.5576804227192316,3.521724549256914,False
intersection_turn,P4,12011,50,5.0,2.0,18.426773815439976,14.72403780401211,0.009601844018770423,2.2614855272116717e-15,999999999.9999979,42.32666666666667,42.32666666666667,5.729459931888091,3.9550147740798045,inf,0,0,0,0,-1,inf,0,-1,0,0,7600,0,0,0,2550,5050,1.5576804227192316,3.521724549256914,False
intersection_turn,P0,12012,50,5.0,2.0,18.422091402606853,14.72403780401211,0.00960031483718953,2.2614855272116717e-15,999999999.9999979,42.016666666666666,42.016666666666666,6.036578317041682,3.9550147740798045,inf,0,0,0,0,-1,inf,0,-1,0,0,7600,0,0,0,2633,4967,1.3681391135848753,3.14307152620977,False
intersection_turn,P1,12012,50,5.0,2.0,18.423886651042736,14.72403780401211,0.009599653826105586,2.2614855272116717e-15,999999999.9999979,42.10999999999999,42.10999999999999,5.944081089621851,3.9550147740798045,inf,0,0,0,0,-1,inf,0,-1,0,0,7600,0,0,0,2654,4946,1.3681391135848753,3.14307152620977,False
intersection_turn,P2,12012,50,5.0,2.0,18.422091402606853,14.72403780401211,0.00960031483718953,2.2614855272116717e-15,999999999.9999979,42.016666666666666,42.016666666666666,6.036578317041682,3.9550147740798045,inf,0,0,0,0,-1,inf,0,-1,0,0,7600,0,0,0,2633,4967,1.3681391135848753,3.14307152620977,False
intersection_turn,P3,12012,50,5.0,2.0,18.422091402606853,14.72403780401211,0.00960031483718953,2.2614855272116717e-15,999999999.9999979,42.016666666666666,42.016666666666666,6.036578317041682,3.9550147740798045,inf,0,0,0,0,-1,inf,0,-1,0,0,7600,0,0,0,2633,4967,1.3681391135848753,3.14307152620977,False
intersection_turn,P4,12012,50,5.0,2.0,18.423534709924205,14.72403780401211,0.009599771845350092,2.2614855272116717e-15,999999999.9999979,42.10999999999998,42.10999999999998,5.944081089621865,3.9550147740798045,inf,0,0,0,0,-1,inf,0,-1,0,0,7600,0,0,0,2657,4943,1.3681391135848753,3.14307152620977,False
intersection_turn,P0,12013,50,5.0,2.0,18.422624979476737,14.72403780401211,0.009600785660441325,2.2614855272116717e-15,999999999.9999979,42.15000000000001,42.15000000000001,5.904447476267348,3.9550147740798045,inf,0,0,0,0,-1,inf,0,-1,0,0,7600,0,0,0,2481,5119,1.6365972134395892,3.484972227568952,False
intersection_turn,P1,12013,50,5.0,2.0,18.422624979476737,14.72403780401211,0.009600785660441325,2.2614855272116717e-15,999999999.9999979,42.15000000000001,42.15000000000001,5.904447476267348,3.9550147740798045,inf,0,0,0,0,-1,inf,0,-1,0,0,7600,0,0,0,2481,5119,1.6365972134395892,3.484972227568952,False
intersection_turn,P2,12013,50,5.0,2.0,18.422624979476737,14.72403780401211,0.009600785660441325,2.2614855272116717e-15,999999999.9999979,42.15000000000001,42.15000000000001,5.904447476267348,3.9550147740798045,inf,0,0,0,0,-1,inf,0,-1,0,0,7600,0,0,0,2481,5119,1.6365972134395892,3.484972227568952,False
intersection_turn,P3,12013,50,5.0,2.0,18.422624979476737,14.72403780401211,0.009600785660441325,2.2614855272116717e-15,999999999.9999979,42.15000000000001,42.15000000000001,5.904447476267348,3.9550147740798045,inf,0,0,0,0,-1,inf,0,-1,0,0,7600,0,0,0,2481,5119,1.6365972134395892,3.484972227568952,False
intersection_turn,P4,12013,50,5.0,2.0,18.422624979476737,14.72403780401211,0.009600785660441325,2.2614855272116717e-15,999999999.9999979,42.15000000000001,42.15000000000001,5.904447476267348,3.9550147740798045,inf,0,0,0,0,-1,inf,0,-1,0,0,7600,0,0,0,2481,5119,1.6365972134395892,3.484972227568952,False
intersection_turn,P0,12014,50,5.0,2.0,18.173116632731872,14.72403780401211,0.010147939821296702,2.2756946621172708e-15,999999999.9999977,41.75333333333335,41.75333333333335,6.297685641919912,4.455448553233025,inf,0,0,0,0,-1,inf,0,-1,0,0,7600,0,0,0,2519,5081,1.6302134528231258,3.6947339688336664,False
intersection_turn,P1,12014,50,5.0,2.0,18.173077071078044,14.72403780401211,0.010147962148428842,2.2756946621172708e-15,999999999.9999977,41.750000000000014,41.750000000000014,6.300991985394032,4.455448553233025,inf,0,0,0,0,-1,inf,0,-1,0,0,7600,0,0,0,2518,5082,1.6302134528231258,3.6947339688336664,False
intersection_turn,P2,12014,50,5.0,2.0,18.173116632731872,14.72403780401211,0.010147939821296702,2.2756946621172708e-15,999999999.9999977,41.75333333333335,41.75333333333335,6.297685641919912,4.455448553233025,inf,0,0,0,0,-1,inf,0,-1,0,0,7600,0,0,0,2519,5081,1.6302134528231258,3.6947339688336664,False
intersection_turn,P3,12014,50,5.0,2.0,18.173116632731872,14.72403780401211,0.010147939821296702,2.2756946621172708e-15,999999999.9999977,41.75333333333335,41.75333333333335,6.297685641919912,4.455448553233025,inf,0,0,0,0,-1,inf,0,-1,0,0,7600,0,0,0,2519,5081,1.6302134528231258,3.6947339688336664,False
intersection_turn,P4,12014,50,5.0,2.0,18.173116632731872,14.72403780401211,0.010147939821296702,2.2756946621172708e-15,999999999.9999977,41.75333333333335,41.75333333333335,6.297685641919912,4.455448553233025,inf,0,0,0,0,-1,inf,0,-1,0,0,7600,0,0,0,2519,5081,1.6302134528231258,3.6947339688336664,False
intersection_turn,P0,12015,50,5.0,2.0,18.363804273302748,14.72403780401211,0.009652608340817546,2.2614855272116717e-15,999999999.9999979,41.89333333333334,41.89333333333334,6.158845490656323,3.9550147740798045,inf,0,0,0,0,-1,inf,0,-1,0,0,7600,0,0,0,2513,5087,1.520780968598029,3.432404587827008,False
intersection_turn,P1,12015,50,5.0,2.0,18.357192827716595,14.72403780401211,0.009658080851953268,2.2614855272116717e-15,999999999.9999979,41.830000000000005,41.830000000000005,6.2216476917292525,3.9550147740798045,inf,0,0,0,0,-1,inf,0,-1,0,0,7600,0,0,0,2480,5120,1.520780968598029,3.432404587827008,False
intersection_turn,P2,12015,50,5.0,2.0,18.363804273302748,14.72403780401211,0.009652608340817546,2.2614855272116717e-15,999999999.9999979,41.89333333333334,41.89333333333334,6.158845490656323,3.9550147740798045,inf,0,0,0,0,-1,inf,0,-1,0,0,7600,0,0,0,2513,5087,1.520780968598029,3.432404587827008,False
intersection_turn,P3,12015,50,5.0,2.0,18.363804273302748,14.72403780401211,0.009652608340817546,2.2614855272116717e-15,999999999.9999979,41.89333333333334,41.89333333333334,6.158845490656323,3.9550147740798045,inf,0,0,0,0,-1,inf,0,-1,0,0,7600,0,0,0,2513,5087,1.520780968598029,3.432404587827008,False
intersection_turn,P4,12015,50,5.0,2.0,18.363804273302748,14.72403780401211,0.009652608340817546,2.2614855272116717e-15,999999999.9999979,41.89333333333334,41.89333333333334,6.158845490656323,3.9550147740798045,inf,0,0,0,0,-1,inf,0,-1,0,0,7600,0,0,0,2513,5087,1.520780968598029,3.432404587827008,False
intersection_turn,P0,12016,50,5.0,2.0,18.384859438895145,14.72403780401211,0.00963717269189463,2.2614855272116717e-15,999999999.9999979,42.09499999999998,42.09499999999998,5.958944956953392,3.9550147740798045,inf,0,0,0,0,-1,inf,0,-1,0,0,7600,0,0,0,2433,5167,1.5335599961021475,3.4730356000760123,False
intersection_turn,P1,12016,50,5.0,2.0,18.36125320812905,14.72403780401211,0.009656661550972681,2.2614855272116717e-15,999999999.9999979,41.91999999999998,41.91999999999998,6.1324057269557954,3.9550147740798045,inf,0,0,0,0,-1,inf,0,-1,0,0,7600,0,0,0,2362,5238,1.5335599961021475,3.4730356000760123,False
intersection_turn,P2,12016,50,5.0,2.0,18.384859438895145,14.72403780401211,0.00963717269189463,2.2614855272116717e-15,999999999.9999979,42.09499999999998,42.09499999999998,5.958944956953392,3.9550147740798045,inf,0,0,0,0,-1,inf,0,-1,0,0,7600,0,0,0,2433,5167,1.5335599961021475,3.4730356000760123,False
intersection_turn,P3,12016,50,5.0,2.0,18.384859438895145,14.72403780401211,0.00963717269189463,2.2614855272116717e-15,999999999.9999979,42.09499999999998,42.09499999999998,5.958944956953392,3.9550147740798045,inf,0,0,0,0,-1,inf,0,-1,0,0,7600,0,0,0,2433,5167,1.5335599961021475,3.4730356000760123,False
intersection_turn,P4,12016,50,5.0,2.0,18.382009727787153,14.72403780401211,0.009639079184194339,2.2614855272116717e-15,999999999.9999979,42.06833333333333,42.06833333333333,5.985371287100284,3.9550147740798045,inf,0,0,0,0,-1,inf,0,-1,0,0,7600,0,0,0,2422,5178,1.5335599961021475,3.4730356000760123,False
intersection_turn,P0,12017,50,5.0,2.0,18.38517255204337,14.72403780401211,0.009633072610032094,2.2614855272116717e-15,999999999.9999979,41.96333333333333,41.96333333333333,6.089445331427524,3.9550147740798045,inf,0,0,0,0,-1,inf,0,-1,0,0,7600,0,0,0,2538,5062,1.524847593227926,3.372989315503943,False
intersection_turn,P1,12017,50,5.0,2.0,18.381352132756792,14.72403780401211,0.009635368629516404,2.2614855272116717e-15,999999999.9999979,41.89,41.89,6.16215059861409,3.9550147740798045,inf,0,0,0,0,-1,inf,0,-1,0,0,7600,0,0,0,2518,5082,1.524847593227926,3.372989315503943,False
intersection_turn,P2,12017,50,5.0,2.0,18.38517255204337,14.72403780401211,0.009633072610032094,2.2614855272116717e-15,999999999.9999979,41.96333333333333,41.96333333333333,6.089445331427524,3.9550147740798045,inf,0,0,0,0,-1,inf,0,-1,0,0,7600,0,0,0,2538,5062,1.524847593227926,3.372989315503943,False
intersection_turn,P3,12017,50,5.0,2.0,18.38517255204337,14.72403780401211,0.009633072610032094,2.2614855272116717e-15,999999999.9999979,41.96333333333333,41.96333333333333,6.089445331427524,3.9550147740798045,inf,0,0,0,0,-1,inf,0,-1,0,0,7600,0,0,0,2538,5062,1.524847593227926,3.372989315503943,False
intersection_turn,P4,12017,50,5.0,2.0,18.38517255204337,14.72403780401211,0.009633072610032094,2.2614855272116717e-15,999999999.9999979,41.96333333333333,41.96333333333333,6.089445331427524,3.9550147740798045,inf,0,0,0,0,-1,inf,0,-1,0,0,7600,0,0,0,2538,5062,1.524847593227926,3.372989315503943,False
intersection_turn,P0,12018,50,5.0,2.0,18.428343990001146,14.72403780401211,0.009599419353610332,2.2614855272116717e-15,999999999.9999979,42.30999999999998,42.30999999999998,5.74596380079097,3.9550147740798045,inf,0,0,0,0,-1,inf,0,-1,0,0,7600,0,0,0,2582,5018,1.4511817219769272,3.277277940038073,False
intersection_turn,P1,12018,50,5.0,2.0,18.428343990001146,14.72403780401211,0.009599419353610332,2.2614855272116717e-15,999999999.9999979,42.30999999999998,42.30999999999998,5.74596380079097,3.9550147740798045,inf,0,0,0,0,-1,inf,0,-1,0,0,7600,0,0,0,2582,5018,1.4511817219769272,3.277277940038073,False
intersection_turn,P2,12018,50,5.0,2.0,18.428343990001146,14.72403780401211,0.009599419353610332,2.2614855272116717e-15,999999999.9999979,42.30999999999998,42.30999999999998,5.74596380079097,3.9550147740798045,inf,0,0,0,0,-1,inf,0,-1,0,0,7600,0,0,0,2582,5018,1.4511817219769272,3.277277940038073,False
intersection_turn,P3,12018,50,5.0,2.0,18.428343990001146,14.72403780401211,0.009599419353610332,2.2614855272116717e-15,999999999.9999979,42.30999999999998,42.30999999999998,5.74596380079097,3.9550147740798045,inf,0,0,0,0,-1,inf,0,-1,0,0,7600,0,0,0,2582,5018,1.4511817219769272,3.277277940038073,False
intersection_turn,P4,12018,50,5.0,2.0,18.428343990001146,14.72403780401211,0.009599419353610332,2.2614855272116717e-15,999999999.9999979,42.30999999999998,42.30999999999998,5.74596380079097,3.9550147740798045,inf,0,0,0,0,-1,inf,0,-1,0,0,7600,0,0,0,2582,5018,1.4511817219769272,3.277277940038073,False
intersection_turn,P0,12019,50,5.0,2.0,18.015500485003507,14.72403780401211,0.010523135444366376,2.3612168683744522e-15,999999999.9999976,41.22733333333333,41.22733333333333,6.8197517387202495,4.653905635968291,inf,0,0,0,0,-1,inf,0,-1,0,0,7600,0,0,0,2191,5409,1.4940110170676189,3.301075918051497,False
intersection_turn,P1,12019,50,5.0,2.0,17.944055749075407,14.72403780401211,0.010727116820486706,2.3724918240518642e-15,999999999.9999976,41.08999999999996,41.08999999999996,6.95615554742708,4.789682321088468,inf,0,0,0,0,-1,inf,0,-1,0,0,7600,0,0,0,2127,5473,1.4940110170676189,3.301075918051497,False
intersection_turn,P2,12019,50,5.0,2.0,14.353433354682052,5.201959139596664,0.11338767545896117,0.0006757969096141059,999324203.0903859,41.174000000000014,41.1500214960752,7.186877839226078,4.9874996217537735,inf,0,0,0,0,-1,inf,0,-1,0,0,7600,2545,0,0,1016,4039,1.4940110170676189,3.301075918051497,False
intersection_turn,P3,12019,50,5.0,2.0,18.015500485003507,14.72403780401211,0.010523135444366376,2.3612168683744522e-15,999999999.9999976,41.22733333333333,41.22733333333333,6.8197517387202495,4.653905635968291,inf,0,0,0,0,-1,inf,0,-1,0,0,7600,0,0,0,2191,5409,1.4940110170676189,3.301075918051497,False
intersection_turn,P4,12019,50,5.0,2.0,18.015500485003507,14.72403780401211,0.010523135444366376,2.3612168683744522e-15,999999999.9999976,41.22733333333333,41.22733333333333,6.8197517387202495,4.653905635968291,inf,0,0,0,0,-1,inf,0,-1,0,0,7600,0,0,0,2191,5409,1.4940110170676189,3.301075918051497,False
occluding_cut_in,P0,12000,50,5.0,2.0,11.267888282720728,7.327224075401506,0.2107706627715266,0.00021432353040528015,999785676.4695947,17.087302883832308,17.087302883832308,19.431160541768985,11.331044181969368,1.912697116167692,0,0,0,0,-1,inf,0,-1,0,0,7600,182,0,3814,0,3604,1.8530116152646803,4.277157322549461,False
occluding_cut_in,P1,12000,50,5.0,2.0,11.32259098532521,7.330849635099795,0.20818126146480595,0.00021115231607467776,999788847.6839255,17.121780353335417,17.116341439325343,19.431160541768985,11.331044181969368,1.8837879858002218,0,0,0,0,-1,inf,0,-1,0,0,7600,270,0,3750,0,3580,1.8530116152646803,4.277157322549461,False
occluding_cut_in,P2,12000,50,5.0,2.0,11.225860703385898,7.306477124987945,0.21426607060065175,0.00021907488638274686,999780925.1136171,17.096720715219107,17.093275839460258,19.431160541768985,11.331044181969368,1.9098437800511956,0,0,0,0,-1,inf,0,-1,0,0,7600,221,0,3779,0,3600,1.8530116152646803,4.277157322549461,False
occluding_cut_in,P3,12000,50,5.0,2.0,11.225860703385898,7.306477124987945,0.21426607060065175,0.00021907488638274686,999780925.1136171,17.096720715219107,17.093275839460258,19.431160541768985,11.331044181969368,1.9098437800511956,0,0,0,0,-1,inf,0,-1,0,0,7600,221,0,3779,0,3600,1.8530116152646803,4.277157322549461,False
occluding_cut_in,P4,12000,50,5.0,2.0,11.267888282720728,7.327224075401506,0.2107706627715266,0.00021432353040528015,999785676.4695947,17.087302883832308,17.087302883832308,19.431160541768985,11.331044181969368,1.912697116167692,0,0,0,0,-1,inf,0,-1,0,0,7600,182,0,3814,0,3604,1.8530116152646803,4.277157322549461,False
occluding_cut_in,P0,12001,50,5.0,2.0,11.267888282720728,7.327224075401506,0.2107706627715266,0.00021432353040528015,999785676.4695947,17.087302883832308,17.087302883832308,19.431160541768985,11.331044181969368,1.912697116167692,0,0,0,0,-1,inf,0,-1,0,0,7600,182,0,3814,0,3604,1.839376403080066,4.253035118191845,False
occluding_cut_in,P1,12001,50,5.0,2.0,11.32259098532521,7.330849635099795,0.20818126146480595,0.00021115231607467776,999788847.6839255,17.121780353335417,17.116341439325343,19.431160541768985,11.331044181969368,1.8837879858002218,0,0,0,0,-1,inf,0,-1,0,0,7600,270,0,3750,0,3580,1.839376403080066,4.253035118191845,False
occluding_cut_in,P2,12001,50,5.0,2.0,11.282156749901992,7.339083015449275,0.20979903336939157,0.0002104442857797887,999789555.7142202,17.087302883832308,17.086495692957413,19.431160541768985,11.331044181969368,1.9135048985407561,0,0,0,0,-1,inf,0,-1,0,0,7600,195,0,3801,0,3604,1.839376403080066,4.253035118191845,False
occluding_cut_in,P3,12001,50,5.0,2.0,11.271959506513124,7.335881601140441,0.21027690254954082,0.00021045185835408037,999789548.1416459,17.087302883832308,17.087194917016916,19.431160541768985,11.331044181969368,1.9128245916561997,0,0,0,0,-1,inf,0,-1,0,0,7600,182,0,3814,0,3604,1.839376403080066,4.253035118191845,False
occluding_cut_in,P4,12001,50,5.0,2.0,11.267888282720728,7.327224075401506,0.2107706627715266,0.00021432353040528015,999785676.4695947,17.087302883832308,17.087302883832308,19.431160541768985,11.331044181969368,1.912697116167692,0,0,0,0,-1,inf,0,-1,0,0,7600,182,0,3814,0,3604,1.839376403080066,4.253035118191845,False
occluding_cut_in,P0,12002,50,5.0,2.0,11.267888282720728,7.327224075401506,0.2107706627715266,0.00021432353040528015,999785676.4695947,17.087302883832308,17.087302883832308,19.431160541768985,11.331044181969368,1.912697116167692,0,0,0,0,-1,inf,0,-1,0,0,7600,182,0,3814,0,3604,1.8511400055167602,4.2412543982591036,False
occluding_cut_in,P1,12002,50,5.0,2.0,11.317753207123207,7.34224651504949,0.20797865754746134,0.00020809445996341938,999791905.5400367,17.121780353335417,17.117000901250513,19.431160541768985,11.331044181969368,1.8831258715027146,0,0,0,0,-1,inf,0,-1,0,0,7600,258,0,3762,0,3580,1.8511400055167602,4.2412543982591036,False
occluding_cut_in,P2,12002,50,5.0,2.0,11.225860703385898,7.306477124987945,0.21426607060065175,0.00021907488638274686,999780925.1136171,17.096720715219107,17.093275839460258,19.431160541768985,11.331044181969368,1.9098437800511956,0,0,0,0,-1,inf,0,-1,0,0,7600,221,0,3779,0,3600,1.8511400055167602,4.2412543982591036,False
occluding_cut_in,P3,12002,50,5.0,2.0,11.225860703385898,7.306477124987945,0.21426607060065175,0.00021907488638274686,999780925.1136171,17.096720715219107,17.093275839460258,19.431160541768985,11.331044181969368,1.9098437800511956,0,0,0,0,-1,inf,0,-1,0,0,7600,221,0,3779,0,3600,1.8511400055167602,4.2412543982591036,False
occluding_cut_in,P4,12002,50,5.0,2.0,11.267888282720728,7.327224075401506,0.2107706627715266,0.00021432353040528015,999785676.4695947,17.087302883832308,17.087302883832308,19.431160541768985,11.331044181969368,1.912697116167692,0,0,0,0,-1,inf,0,-1,0,0,7600,182,0,3814,0,3604,1.8511400055167602,4.2412543982591036,False
occluding_cut_in,P0,12003,50,5.0,2.0,11.267888282720728,7.327224075401506,0.2107706627715266,0.00021432353040528015,999785676.4695947,17.087302883832308,17.087302883832308,19.431160541768985,11.331044181969368,1.912697116167692,0,0,0,0,-1,inf,0,-1,0,0,7600,182,0,3814,0,3604,1.8438080058530295,4.147854103976422,False
occluding_cut_in,P1,12003,50,5.0,2.0,11.326417529797562,7.319765403233969,0.20844227475307264,0.00021422358668181637,999785776.4133182,17.12178035333541,17.115760141865753,19.431160541768985,11.331044181969368,1.8844060385324797,0,0,0,0,-1,inf,0,-1,0,0,7600,295,0,3725,0,3580,1.8438080058530295,4.147854103976422,False
occluding_cut_in,P2,12003,50,5.0,2.0,11.293166311522455,7.345059159874626,0.2091792288500988,0.0002083999505940377,999791600.0494059,17.08730288383232,17.085739932297194,19.431160541768985,11.331044181969368,1.9142604347966024,0,0,0,0,-1,inf,0,-1,0,0,7600,210,0,3786,0,3604,1.8438080058530295,4.147854103976422,False
occluding_cut_in,P3,12003,50,5.0,2.0,11.271959506513124,7.335881601140441,0.21027690254954082,0.00021045185835408037,999789548.1416459,17.087302883832308,17.087194917016916,19.431160541768985,11.331044181969368,1.9128245916561997,0,0,0,0,-1,inf,0,-1,0,0,7600,182,0,3814,0,3604,1.8438080058530295,4.147854103976422,False
occluding_cut_in,P4,12003,50,5.0,2.0,11.267888282720728,7.327224075401506,0.2107706627715266,0.00021432353040528015,999785676.4695947,17.087302883832308,17.087302883832308,19.431160541768985,11.331044181969368,1.912697116167692,0,0,0,0,-1,inf,0,-1,0,0,7600,182,0,3814,0,3604,1.8438080058530295,4.147854103976422,False
occluding_cut_in,P0,12004,50,5.0,2.0,11.267888282720728,7.327224075401506,0.2107706627715266,0.00021432353040528015,999785676.4695947,17.087302883832308,17.087302883832308,19.431160541768985,11.331044181969368,1.912697116167692,0,0,0,0,-1,inf,0,-1,0,0,7600,182,0,3814,0,3604,1.7939331977357644,4.227692118242271,False
occluding_cut_in,P1,12004,50,5.0,2.0,11.330542028345441,7.3466437559200495,0.2079361223944305,0.0002081010537113367,999791898.9462886,17.121780353335417,17.115973467558156,19.431160541768985,11.331044181969368,1.8843586929951255,0,0,0,0,-1,inf,0,-1,0,0,7600,295,0,3725,0,3580,1.7939331977357644,4.227692118242271,False
occluding_cut_in,P2,12004,50,5.0,2.0,11.304662266597454,7.351504675742082,0.20837432312261125,0.00020585025197970033,999794149.7480203,17.109263734065536,17.106786860918128,19.431160541768985,11.331044181969368,1.8932202090741326,0,0,0,0,-1,inf,0,-1,0,0,7600,219,0,3790,0,3591,1.7939331977357644,4.227692118242271,False
occluding_cut_in,P3,12004,50,5.0,2.0,11.271959506513124,7.335881601140441,0.21027690254954082,0.00021045185835408037,999789548.1416459,17.087302883832308,17.087194917016916,19.431160541768985,11.331044181969368,1.9128245916561997,0,0,0,0,-1,inf,0,-1,0,0,7600,182,0,3814,0,3604,1.7939331977357644,4.227692118242271,False
occluding_cut_in,P4,12004,50,5.0,2.0,11.267888282720728,7.327224075401506,0.2107706627715266,0.00021432353040528015,999785676.4695947,17.087302883832308,17.087302883832308,19.431160541768985,11.331044181969368,1.912697116167692,0,0,0,0,-1,inf,0,-1,0,0,7600,182,0,3814,0,3604,1.7939331977357644,4.227692118242271,False
occluding_cut_in,P0,12005,50,5.0,2.0,11.267888282720728,7.327224075401506,0.2107706627715266,0.00021432353040528015,999785676.4695947,17.087302883832308,17.087302883832308,19.431160541768985,11.331044181969368,1.912697116167692,0,0,0,0,-1,inf,0,-1,0,0,7600,182,0,3814,0,3604,1.8554791754421718,4.207124462402721,False
occluding_cut_in,P1,12005,50,5.0,2.0,11.323929889722908,7.33746240387935,0.2079504854985344,0.00020935444522376598,999790645.5547763,17.121780353335428,17.11653427941325,19.43013353196599,11.331044181969368,1.8836732888752445,0,0,0,0,-1,inf,0,-1,0,0,7600,282,0,3740,0,3578,1.8554791754421718,4.207124462402721,False
occluding_cut_in,P2,12005,50,5.0,2.0,11.228614066528687,7.300354009098931,0.21450229470560145,0.00022090388589893185,999779096.1141013,17.096720715219114,17.092630514779742,19.43013353196599,11.331044181969368,1.910067044276711,0,0,0,0,-1,inf,0,-1,0,0,7600,250,0,3754,0,3596,1.8554791754421718,4.207124462402721,False
occluding_cut_in,P3,12005,50,5.0,2.0,11.225860703385898,7.306477124987945,0.21426607060065175,0.00021907488638274686,999780925.1136171,17.096720715219107,17.093275839460258,19.431160541768985,11.331044181969368,1.9098437800511956,0,0,0,0,-1,inf,0,-1,0,0,7600,221,0,3779,0,3600,1.8554791754421718,4.207124462402721,False
occluding_cut_in,P4,12005,50,5.0,2.0,11.267888282720728,7.327224075401506,0.2107706627715266,0.00021432353040528015,999785676.4695947,17.087302883832308,17.087302883832308,19.431160541768985,11.331044181969368,1.912697116167692,0,0,0,0,-1,inf,0,-1,0,0,7600,182,0,3814,0,3604,1.8554791754421718,4.207124462402721,False
occluding_cut_in,P0,12006,50,5.0,2.0,11.267888282720728,7.327224075401506,0.2107706627715266,0.00021432353040528015,999785676.4695947,17.087302883832308,17.087302883832308,19.431160541768985,11.331044181969368,1.912697116167692,0,0,0,0,-1,inf,0,-1,0,0,7600,182,0,3814,0,3604,1.783652598642224,4.172091266568451,False
occluding_cut_in,P1,12006,50,5.0,2.0,11.31744621564497,7.34583941902452,0.20792576471881422,0.0002071656600921934,999792834.339908,17.121780353335417,17.117127084401904,19.431160541768985,11.331044181969368,1.8830578660570314,0,0,0,0,-1,inf,0,-1,0,0,7600,266,0,3753,0,3581,1.783652598642224,4.172091266568451,False
occluding_cut_in,P2,12006,50,5.0,2.0,11.277576899286018,7.332354824585808,0.21030162012870104,0.00021267207853304293,999787327.921467,17.087302883832322,17.086774099891596,19.430073758811165,11.331044181969368,1.9132360633659076,0,0,0,0,-1,inf,0,-1,0,0,7600,209,0,3787,0,3604,1.783652598642224,4.172091266568451,False
occluding_cut_in,P3,12006,50,5.0,2.0,11.271959506513124,7.335881601140441,0.21027690254954082,0.00021045185835408037,999789548.1416459,17.087302883832308,17.087194917016916,19.431160541768985,11.331044181969368,1.9128245916561997,0,0,0,0,-1,inf,0,-1,0,0,7600,182,0,3814,0,3604,1.783652598642224,4.172091266568451,False
occluding_cut_in,P4,12006,50,5.0,2.0,11.267888282720728,7.327224075401506,0.2107706627715266,0.00021432353040528015,999785676.4695947,17.087302883832308,17.087302883832308,19.431160541768985,11.331044181969368,1.912697116167692,0,0,0,0,-1,inf,0,-1,0,0,7600,182,0,3814,0,3604,1.783652598642224,4.172091266568451,False
occluding_cut_in,P0,12007,50,5.0,2.0,11.267888282720728,7.327224075401506,0.2107706627715266,0.00021432353040528015,999785676.4695947,17.087302883832308,17.087302883832308,19.431160541768985,11.331044181969368,1.912697116167692,0,0,0,0,-1,inf,0,-1,0,0,7600,182,0,3814,0,3604,1.9021316891843185,4.158357619485676,False
occluding_cut_in,P1,12007,50,5.0,2.0,11.32259098532521,7.330849635099795,0.20818126146480595,0.00021115231607467776,999788847.6839255,17.121780353335417,17.116341439325343,19.431160541768985,11.331044181969368,1.8837879858002218,0,0,0,0,-1,inf,0,-1,0,0,7600,270,0,3750,0,3580,1.9021316891843185,4.158357619485676,False
occluding_cut_in,P2,12007,50,5.0,2.0,11.228614066528687,7.300354009098931,0.21450229470560145,0.00022090388589893185,999779096.1141013,17.096720715219114,17.092630514779742,19.43013353196599,11.331044181969368,1.910067044276711,0,0,0,0,-1,inf,0,-1,0,0,7600,250,0,3754,0,3596,1.9021316891843185,4.158357619485676,False
occluding_cut_in,P3,12007,50,5.0,2.0,11.225860703385898,7.306477124987945,0.21426607060065175,0.00021907488638274686,999780925.1136171,17.096720715219107,17.093275839460258,19.431160541768985,11.331044181969368,1.9098437800511956,0,0,0,0,-1,inf,0,-1,0,0,7600,221,0,3779,0,3600,1.9021316891843185,4.158357619485676,False
occluding_cut_in,P4,12007,50,5.0,2.0,11.267888282720728,7.327224075401506,0.2107706627715266,0.00021432353040528015,999785676.4695947,17.087302883832308,17.087302883832308,19.431160541768985,11.331044181969368,1.912697116167692,0,0,0,0,-1,inf,0,-1,0,0,7600,182,0,3814,0,3604,1.9021316891843185,4.158357619485676,False
occluding_cut_in,P0,12008,50,5.0,2.0,11.267888282720728,7.327224075401506,0.2107706627715266,0.00021432353040528015,999785676.4695947,17.087302883832308,17.087302883832308,19.431160541768985,11.331044181969368,1.912697116167692,0,0,0,0,-1,inf,0,-1,0,0,7600,182,0,3814,0,3604,1.8287972323811164,4.285369501392548,False
occluding_cut_in,P1,12008,50,5.0,2.0,11.317783592570613,7.340924320324938,0.20800412073676305,0.00020844263878270109,999791557.3612175,17.121780353335406,17.116962367430588,19.431160541768985,11.331044181969368,1.88314773956537,0,0,0,0,-1,inf,0,-1,0,0,7600,257,0,3763,0,3580,1.8287972323811164,4.285369501392548,False
occluding_cut_in,P2,12008,50,5.0,2.0,11.271959506513124,7.335881601140441,0.21027690254954082,0.00021045185835408037,999789548.1416459,17.087302883832308,17.087194917016916,19.431160541768985,11.331044181969368,1.9128245916561997,0,0,0,0,-1,inf,0,-1,0,0,7600,182,0,3814,0,3604,1.8287972323811164,4.285369501392548,False
occluding_cut_in,P3,12008,50,5.0,2.0,11.257199423301138,7.273733856146152,0.21206156064236167,0.00022808005852821168,999771919.9414717,17.08730288383231,17.086714965745724,19.431160541768985,11.331044181969368,1.9135034068202357,0,0,0,0,-1,inf,0,-1,0,0,7600,194,0,3802,0,3604,1.8287972323811164,4.285369501392548,False
occluding_cut_in,P4,12008,50,5.0,2.0,11.267888282720728,7.327224075401506,0.2107706627715266,0.00021432353040528015,999785676.4695947,17.087302883832308,17.087302883832308,19.431160541768985,11.331044181969368,1.912697116167692,0,0,0,0,-1,inf,0,-1,0,0,7600,182,0,3814,0,3604,1.8287972323811164,4.285369501392548,False
occluding_cut_in,P0,12009,50,5.0,2.0,11.267888282720728,7.327224075401506,0.2107706627715266,0.00021432353040528015,999785676.4695947,17.087302883832308,17.087302883832308,19.431160541768985,11.331044181969368,1.912697116167692,0,0,0,0,-1,inf,0,-1,0,0,7600,182,0,3814,0,3604,1.819660410516981,4.204699872992078,False
occluding_cut_in,P1,12009,50,5.0,2.0,11.279402230947529,7.3325272748345185,0.21008453913158626,0.00021127208617207884,999788727.9138278,17.087302883832304,17.08671813657334,19.43013353196599,11.331044181969368,1.9132821182943816,0,0,0,0,-1,inf,0,-1,0,0,7600,211,0,3789,0,3600,1.819660410516981,4.204699872992078,False
occluding_cut_in,P2,12009,50,5.0,2.0,11.279402230947529,7.3325272748345185,0.21008453913158626,0.00021127208617207884,999788727.9138278,17.087302883832304,17.08671813657334,19.43013353196599,11.331044181969368,1.9132821182943816,0,0,0,0,-1,inf,0,-1,0,0,7600,211,0,3789,0,3600,1.819660410516981,4.204699872992078,False
occluding_cut_in,P3,12009,50,5.0,2.0,11.272727078473352,7.347277451802598,0.21016357905894725,0.00020785407926597092,999792145.920734,17.087302883832304,17.086958375649086,19.431160541768985,11.331044181969368,1.913149005085399,0,0,0,0,-1,inf,0,-1,0,0,7600,191,0,3805,0,3604,1.819660410516981,4.204699872992078,False
occluding_cut_in,P4,12009,50,5.0,2.0,11.267888282720728,7.327224075401506,0.2107706627715266,0.00021432353040528015,999785676.4695947,17.087302883832308,17.087302883832308,19.431160541768985,11.331044181969368,1.912697116167692,0,0,0,0,-1,inf,0,-1,0,0,7600,182,0,3814,0,3604,1.819660410516981,4.204699872992078,False
occluding_cut_in,P0,12010,50,5.0,2.0,11.267888282720728,7.327224075401506,0.2107706627715266,0.00021432353040528015,999785676.4695947,17.087302883832308,17.087302883832308,19.431160541768985,11.331044181969368,1.912697116167692,0,0,0,0,-1,inf,0,-1,0,0,7600,182,0,3814,0,3604,1.7473953531062045,4.054540145324168,False
occluding_cut_in,P1,12010,50,5.0,2.0,11.32259098532521,7.330849635099795,0.20818126146480595,0.00021115231607467776,999788847.6839255,17.121780353335417,17.116341439325343,19.431160541768985,11.331044181969368,1.8837879858002218,0,0,0,0,-1,inf,0,-1,0,0,7600,270,0,3750,0,3580,1.7473953531062045,4.054540145324168,False
occluding_cut_in,P2,12010,50,5.0,2.0,11.267888282720728,7.327224075401506,0.2107706627715266,0.00021432353040528015,999785676.4695947,17.087302883832308,17.087302883832308,19.431160541768985,11.331044181969368,1.912697116167692,0,0,0,0,-1,inf,0,-1,0,0,7600,182,0,3814,0,3604,1.7473953531062045,4.054540145324168,False
occluding_cut_in,P3,12010,50,5.0,2.0,11.271755487271896,7.334259161228186,0.21030210393144963,0.00021079719794503822,999789202.802055,17.079263734065538,17.07915741619279,19.431160541768985,11.331044181969368,1.9208614490774019,0,0,0,0,-1,inf,0,-1,0,0,7600,181,0,3815,0,3604,1.7473953531062045,4.054540145324168,False
occluding_cut_in,P4,12010,50,5.0,2.0,11.267888282720728,7.327224075401506,0.2107706627715266,0.00021432353040528015,999785676.4695947,17.087302883832308,17.087302883832308,19.431160541768985,11.331044181969368,1.912697116167692,0,0,0,0,-1,inf,0,-1,0,0,7600,182,0,3814,0,3604,1.7473953531062045,4.054540145324168,False
occluding_cut_in,P0,12011,50,5.0,2.0,11.267888282720728,7.327224075401506,0.2107706627715266,0.00021432353040528015,999785676.4695947,17.087302883832308,17.087302883832308,19.431160541768985,11.331044181969368,1.912697116167692,0,0,0,0,-1,inf,0,-1,0,0,7600,182,0,3814,0,3604,1.8783856567021042,4.321464687102339,False
occluding_cut_in,P1,12011,50,5.0,2.0,11.329673852016835,7.308297328394994,0.20874687184628107,0.00021747211789432654,999782527.8821057,17.121780353335428,17.115217134114186,19.431160541768985,11.331044181969368,1.885005814258689,0,0,0,0,-1,inf,0,-1,0,0,7600,316,0,3702,0,3582,1.8783856567021042,4.321464687102339,False
occluding_cut_in,P2,12011,50,5.0,2.0,11.234115978422913,7.347532739074193,0.2132565692115898,0.0002082773269617516,999791722.6730384,17.09672071521911,17.09343247158598,19.431160541768985,11.331044181969368,1.9092338673411526,0,0,0,0,-1,inf,0,-1,0,0,7600,216,0,3784,0,3600,1.8783856567021042,4.321464687102339,False
occluding_cut_in,P3,12011,50,5.0,2.0,11.225860703385898,7.306477124987945,0.21426607060065175,0.00021907488638274686,999780925.1136171,17.096720715219107,17.093275839460258,19.431160541768985,11.331044181969368,1.9098437800511956,0,0,0,0,-1,inf,0,-1,0,0,7600,221,0,3779,0,3600,1.8783856567021042,4.321464687102339,False
occluding_cut_in,P4,12011,50,5.0,2.0,11.267888282720728,7.327224075401506,0.2107706627715266,0.00021432353040528015,999785676.4695947,17.087302883832308,17.087302883832308,19.431160541768985,11.331044181969368,1.912697116167692,0,0,0,0,-1,inf,0,-1,0,0,7600,182,0,3814,0,3604,1.8783856567021042,4.321464687102339,False
occluding_cut_in,P0,12012,50,5.0,2.0,11.267888282720728,7.327224075401506,0.2107706627715266,0.00021432353040528015,999785676.4695947,17.087302883832308,17.087302883832308,19.431160541768985,11.331044181969368,1.912697116167692,0,0,0,0,-1,inf,0,-1,0,0,7600,182,0,3814,0,3604,1.6778256722655371,3.9811394483862306,False
occluding_cut_in,P1,12012,50,5.0,2.0,11.178614368321243,7.349712723624069,0.21459116985008658,0.00020643489525510282,999793565.1047449,17.14353720412902,17.133991580734083,19.431160541768985,11.331044181969368,1.8672446868865649,0,0,0,0,-1,inf,0,-1,0,0,7600,285,0,3734,0,3581,1.6778256722655371,3.9811394483862306,False
occluding_cut_in,P2,12012,50,5.0,2.0,11.234115978422913,7.347532739074193,0.2132565692115898,0.0002082773269617516,999791722.6730384,17.09672071521911,17.09343247158598,19.431160541768985,11.331044181969368,1.9092338673411526,0,0,0,0,-1,inf,0,-1,0,0,7600,216,0,3784,0,3600,1.6778256722655371,3.9811394483862306,False
occluding_cut_in,P3,12012,50,5.0,2.0,11.272727078473352,7.347277451802598,0.21016357905894725,0.00020785407926597092,999792145.920734,17.087302883832304,17.086958375649086,19.431160541768985,11.331044181969368,1.913149005085399,0,0,0,0,-1,inf,0,-1,0,0,7600,191,0,3805,0,3604,1.6778256722655371,3.9811394483862306,False
occluding_cut_in,P4,12012,50,5.0,2.0,11.267888282720728,7.327224075401506,0.2107706627715266,0.00021432353040528015,999785676.4695947,17.087302883832308,17.087302883832308,19.431160541768985,11.331044181969368,1.912697116167692,0,0,0,0,-1,inf,0,-1,0,0,7600,182,0,3814,0,3604,1.6778256722655371,3.9811394483862306,False
occluding_cut_in,P0,12013,50,5.0,2.0,11.267888282720728,7.327224075401506,0.2107706627715266,0.00021432353040528015,999785676.4695947,17.087302883832308,17.087302883832308,19.431160541768985,11.331044181969368,1.912697116167692,0,0,0,0,-1,inf,0,-1,0,0,7600,182,0,3814,0,3604,1.853860524193201,4.203499510967257,False
occluding_cut_in,P1,12013,50,5.0,2.0,11.279704603516379,7.346397526329796,0.2100100123135853,0.00020808701946142477,999791912.9805385,17.0873028838323,17.08646209581056,19.43013353196599,11.331044181969368,1.9135795070334352,0,0,0,0,-1,inf,0,-1,0,0,7600,220,0,3780,0,3600,1.853860524193201,4.203499510967257,False
occluding_cut_in,P2,12013,50,5.0,2.0,11.279704603516379,7.346397526329796,0.2100100123135853,0.00020808701946142477,999791912.9805385,17.0873028838323,17.08646209581056,19.43013353196599,11.331044181969368,1.9135795070334352,0,0,0,0,-1,inf,0,-1,0,0,7600,220,0,3780,0,3600,1.853860524193201,4.203499510967257,False
occluding_cut_in,P3,12013,50,5.0,2.0,11.262544596352384,7.265809620764898,0.21210737669105537,0.00023045853746672562,999769541.4625331,17.087302883832308,17.08620420453665,19.43013353196599,11.331044181969368,1.9139138373262345,0,0,0,0,-1,inf,0,-1,0,0,7600,223,0,3777,0,3600,1.853860524193201,4.203499510967257,False
occluding_cut_in,P4,12013,50,5.0,2.0,11.267888282720728,7.327224075401506,0.2107706627715266,0.00021432353040528015,999785676.4695947,17.087302883832308,17.087302883832308,19.431160541768985,11.331044181969368,1.912697116167692,0,0,0,0,-1,inf,0,-1,0,0,7600,182,0,3814,0,3604,1.853860524193201,4.203499510967257,False
occluding_cut_in,P0,12014,50,5.0,2.0,11.267888282720728,7.327224075401506,0.2107706627715266,0.00021432353040528015,999785676.4695947,17.087302883832308,17.087302883832308,19.431160541768985,11.331044181969368,1.912697116167692,0,0,0,0,-1,inf,0,-1,0,0,7600,182,0,3814,0,3604,1.9396177277323168,4.462337188227592,False
occluding_cut_in,P1,12014,50,5.0,2.0,11.293166311522455,7.345059159874626,0.2091792288500988,0.0002083999505940377,999791600.0494059,17.08730288383232,17.085739932297194,19.431160541768985,11.331044181969368,1.9142604347966024,0,0,0,0,-1,inf,0,-1,0,0,7600,210,0,3786,0,3604,1.9396177277323168,4.462337188227592,False
occluding_cut_in,P2,12014,50,5.0,2.0,11.234115978422913,7.347532739074193,0.2132565692115898,0.0002082773269617516,999791722.6730384,17.09672071521911,17.09343247158598,19.431160541768985,11.331044181969368,1.9092338673411526,0,0,0,0,-1,inf,0,-1,0,0,7600,216,0,3784,0,3600,1.9396177277323168,4.462337188227592,False
occluding_cut_in,P3,12014,50,5.0,2.0,11.234115978422913,7.347532739074193,0.2132565692115898,0.0002082773269617516,999791722.6730384,17.09672071521911,17.09343247158598,19.431160541768985,11.331044181969368,1.9092338673411526,0,0,0,0,-1,inf,0,-1,0,0,7600,216,0,3784,0,3600,1.9396177277323168,4.462337188227592,False
occluding_cut_in,P4,12014,50,5.0,2.0,11.267888282720728,7.327224075401506,0.2107706627715266,0.00021432353040528015,999785676.4695947,17.087302883832308,17.087302883832308,19.431160541768985,11.331044181969368,1.912697116167692,0,0,0,0,-1,inf,0,-1,0,0,7600,182,0,3814,0,3604,1.9396177277323168,4.462337188227592,False
occluding_cut_in,P0,12015,50,5.0,2.0,11.267888282720728,7.327224075401506,0.2107706627715266,0.00021432353040528015,999785676.4695947,17.087302883832308,17.087302883832308,19.431160541768985,11.331044181969368,1.912697116167692,0,0,0,0,-1,inf,0,-1,0,0,7600,182,0,3814,0,3604,1.8158432384241212,4.197884232478916,False
occluding_cut_in,P1,12015,50,5.0,2.0,11.32259098532521,7.330849635099795,0.20818126146480595,0.00021115231607467776,999788847.6839255,17.121780353335417,17.116341439325343,19.431160541768985,11.331044181969368,1.8837879858002218,0,0,0,0,-1,inf,0,-1,0,0,7600,270,0,3750,0,3580,1.8158432384241212,4.197884232478916,False
occluding_cut_in,P2,12015,50,5.0,2.0,11.304662266597454,7.351504675742082,0.20837432312261125,0.00020585025197970033,999794149.7480203,17.109263734065536,17.106786860918128,19.431160541768985,11.331044181969368,1.8932202090741326,0,0,0,0,-1,inf,0,-1,0,0,7600,219,0,3790,0,3591,1.8158432384241212,4.197884232478916,False
occluding_cut_in,P3,12015,50,5.0,2.0,11.272727078473352,7.347277451802598,0.21016357905894725,0.00020785407926597092,999792145.920734,17.087302883832304,17.086958375649086,19.431160541768985,11.331044181969368,1.913149005085399,0,0,0,0,-1,inf,0,-1,0,0,7600,191,0,3805,0,3604,1.8158432384241212,4.197884232478916,False
occluding_cut_in,P4,12015,50,5.0,2.0,11.267888282720728,7.327224075401506,0.2107706627715266,0.00021432353040528015,999785676.4695947,17.087302883832308,17.087302883832308,19.431160541768985,11.331044181969368,1.912697116167692,0,0,0,0,-1,inf,0,-1,0,0,7600,182,0,3814,0,3604,1.8158432384241212,4.197884232478916,False
occluding_cut_in,P0,12016,50,5.0,2.0,11.267888282720728,7.327224075401506,0.2107706627715266,0.00021432353040528015,999785676.4695947,17.087302883832308,17.087302883832308,19.431160541768985,11.331044181969368,1.912697116167692,0,0,0,0,-1,inf,0,-1,0,0,7600,182,0,3814,0,3604,1.8614445409121583,4.267729266258325,False
occluding_cut_in,P1,12016,50,5.0,2.0,11.323929889722908,7.33746240387935,0.2079504854985344,0.00020935444522376598,999790645.5547763,17.121780353335428,17.11653427941325,19.43013353196599,11.331044181969368,1.8836732888752445,0,0,0,0,-1,inf,0,-1,0,0,7600,282,0,3740,0,3578,1.8614445409121583,4.267729266258325,False
occluding_cut_in,P2,12016,50,5.0,2.0,11.276963380877083,7.330914167477342,0.21037900968694642,0.00021314547187283378,999786854.5281272,17.087302883832308,17.08684058791738,19.43013353196599,11.331044181969368,1.913174713293892,0,0,0,0,-1,inf,0,-1,0,0,7600,211,0,3789,0,3600,1.8614445409121583,4.267729266258325,False
occluding_cut_in,P3,12016,50,5.0,2.0,11.267888282720728,7.327224075401506,0.2107706627715266,0.00021432353040528015,999785676.4695947,17.087302883832308,17.087302883832308,19.431160541768985,11.331044181969368,1.912697116167692,0,0,0,0,-1,inf,0,-1,0,0,7600,182,0,3814,0,3604,1.8614445409121583,4.267729266258325,False
occluding_cut_in,P4,12016,50,5.0,2.0,11.267888282720728,7.327224075401506,0.2107706627715266,0.00021432353040528015,999785676.4695947,17.087302883832308,17.087302883832308,19.431160541768985,11.331044181969368,1.912697116167692,0,0,0,0,-1,inf,0,-1,0,0,7600,182,0,3814,0,3604,1.8614445409121583,4.267729266258325,False
occluding_cut_in,P0,12017,50,5.0,2.0,11.267888282720728,7.327224075401506,0.2107706627715266,0.00021432353040528015,999785676.4695947,17.087302883832308,17.087302883832308,19.431160541768985,11.331044181969368,1.912697116167692,0,0,0,0,-1,inf,0,-1,0,0,7600,182,0,3814,0,3604,1.7983749267244453,4.152015182844185,False
occluding_cut_in,P1,12017,50,5.0,2.0,11.323929889722908,7.33746240387935,0.2079504854985344,0.00020935444522376598,999790645.5547763,17.121780353335428,17.11653427941325,19.43013353196599,11.331044181969368,1.8836732888752445,0,0,0,0,-1,inf,0,-1,0,0,7600,282,0,3740,0,3578,1.7983749267244453,4.152015182844185,False
occluding_cut_in,P2,12017,50,5.0,2.0,11.279402230947529,7.3325272748345185,0.21008453913158626,0.00021127208617207884,999788727.9138278,17.087302883832304,17.08671813657334,19.43013353196599,11.331044181969368,1.9132821182943816,0,0,0,0,-1,inf,0,-1,0,0,7600,211,0,3789,0,3600,1.7983749267244453,4.152015182844185,False
occluding_cut_in,P3,12017,50,5.0,2.0,11.271959506513124,7.335881601140441,0.21027690254954082,0.00021045185835408037,999789548.1416459,17.087302883832308,17.087194917016916,19.431160541768985,11.331044181969368,1.9128245916561997,0,0,0,0,-1,inf,0,-1,0,0,7600,182,0,3814,0,3604,1.7983749267244453,4.152015182844185,False
occluding_cut_in,P4,12017,50,5.0,2.0,11.267888282720728,7.327224075401506,0.2107706627715266,0.00021432353040528015,999785676.4695947,17.087302883832308,17.087302883832308,19.431160541768985,11.331044181969368,1.912697116167692,0,0,0,0,-1,inf,0,-1,0,0,7600,182,0,3814,0,3604,1.7983749267244453,4.152015182844185,False
occluding_cut_in,P0,12018,50,5.0,2.0,11.267888282720728,7.327224075401506,0.2107706627715266,0.00021432353040528015,999785676.4695947,17.087302883832308,17.087302883832308,19.431160541768985,11.331044181969368,1.912697116167692,0,0,0,0,-1,inf,0,-1,0,0,7600,182,0,3814,0,3604,1.7981876681929199,4.123016403908623,False
occluding_cut_in,P1,12018,50,5.0,2.0,11.332635162965522,7.2968468754087175,0.20906811882705212,0.00022077520280912,999779224.797191,17.121780353335417,17.114710306963037,19.431160541768985,11.331044181969368,1.885592952331776,0,0,0,0,-1,inf,0,-1,0,0,7600,351,0,3667,0,3582,1.7981876681929199,4.123016403908623,False
occluding_cut_in,P2,12018,50,5.0,2.0,11.285993691216454,7.30833693068272,0.21004580967076453,0.00021764251711441334,999782357.4828857,17.08730288383231,17.08560516159999,19.431160541768985,11.331044181969368,1.9144130276938296,0,0,0,0,-1,inf,0,-1,0,0,7600,215,0,3781,0,3604,1.7981876681929199,4.123016403908623,False
occluding_cut_in,P3,12018,50,5.0,2.0,11.271959506513124,7.335881601140441,0.21027690254954082,0.00021045185835408037,999789548.1416459,17.087302883832308,17.087194917016916,19.431160541768985,11.331044181969368,1.9128245916561997,0,0,0,0,-1,inf,0,-1,0,0,7600,182,0,3814,0,3604,1.7981876681929199,4.123016403908623,False
occluding_cut_in,P4,12018,50,5.0,2.0,11.267888282720728,7.327224075401506,0.2107706627715266,0.00021432353040528015,999785676.4695947,17.087302883832308,17.087302883832308,19.431160541768985,11.331044181969368,1.912697116167692,0,0,0,0,-1,inf,0,-1,0,0,7600,182,0,3814,0,3604,1.7981876681929199,4.123016403908623,False
occluding_cut_in,P0,12019,50,5.0,2.0,11.267888282720728,7.327224075401506,0.2107706627715266,0.00021432353040528015,999785676.4695947,17.087302883832308,17.087302883832308,19.431160541768985,11.331044181969368,1.912697116167692,0,0,0,0,-1,inf,0,-1,0,0,7600,182,0,3814,0,3604,1.8197781026011992,4.104613483036919,False
occluding_cut_in,P1,12019,50,5.0,2.0,11.330542028345441,7.3466437559200495,0.2079361223944305,0.0002081010537113367,999791898.9462886,17.121780353335417,17.115973467558156,19.431160541768985,11.331044181969368,1.8843586929951255,0,0,0,0,-1,inf,0,-1,0,0,7600,295,0,3725,0,3580,1.8197781026011992,4.104613483036919,False
occluding_cut_in,P2,12019,50,5.0,2.0,11.300967259640549,7.34609500698083,0.20892083246936025,0.00020801564955933913,999791984.3504406,17.087302883832315,17.085275650404522,19.43013353196599,11.331044181969368,1.9147352770743513,0,0,0,0,-1,inf,0,-1,0,0,7600,236,0,3764,0,3600,1.8197781026011992,4.104613483036919,False
occluding_cut_in,P3,12019,50,5.0,2.0,11.271755487271896,7.334259161228186,0.21030210393144963,0.00021079719794503822,999789202.802055,17.079263734065538,17.07915741619279,19.431160541768985,11.331044181969368,1.9208614490774019,0,0,0,0,-1,inf,0,-1,0,0,7600,181,0,3815,0,3604,1.8197781026011992,4.104613483036919,False
occluding_cut_in,P4,12019,50,5.0,2.0,11.267888282720728,7.327224075401506,0.2107706627715266,0.00021432353040528015,999785676.4695947,17.087302883832308,17.087302883832308,19.431160541768985,11.331044181969368,1.912697116167692,0,0,0,0,-1,inf,0,-1,0,0,7600,182,0,3814,0,3604,1.8197781026011992,4.104613483036919,False
