scenario,planner,seed,steps,duration_s,planning_safety_margin_m,mean_snr_db,min_snr_db,mean_outage_probability,mean_ber_model,mean_goodput_bps_model,path_length_m,progress_m,min_target_distance_m,min_realized_ttc_s,min_static_obstacle_clearance_m,static_clearance_violation_steps,static_clearance_violation_indicator,collision_indicator,collision_steps,first_collision_step,first_collision_time_s,no_candidate_steps,first_no_candidate_step,zero_candidate_after_static_steps,zero_candidate_after_dynamic_steps,candidate_evaluations,candidate_road_rejections,candidate_speed_rejections,candidate_static_rejections,candidate_dynamic_rejections,candidate_feasible,prediction_ade_m,prediction_fde_m,measured_optical_link
following_lateral_offset,P0,12000,40,4.0,0.0,12.185071251670148,-45.43113812475079,0.17042637604091374,0.050167323459355075,949832676.5406449,38.04000000000003,38.037563612681595,2.46062754292929,0.44704082653264593,inf,0,0,0,0,-1,inf,0,-1,0,0,6080,75,0,0,2582,3423,1.6338930626009258,3.8139706020221498,False
following_lateral_offset,P1,12000,40,4.0,0.0,12.185071251670148,-45.43113812475079,0.17042637604091374,0.050167323459355075,949832676.5406449,38.04000000000003,38.037563612681595,2.46062754292929,0.44704082653264593,inf,0,0,0,0,-1,inf,0,-1,0,0,6080,75,0,0,2582,3423,1.6338930626009258,3.8139706020221498,False
following_lateral_offset,P2,12000,40,4.0,0.0,12.185071251670148,-45.43113812475079,0.17042637604091374,0.050167323459355075,949832676.5406449,38.04000000000003,38.037563612681595,2.46062754292929,0.44704082653264593,inf,0,0,0,0,-1,inf,0,-1,0,0,6080,75,0,0,2582,3423,1.6338930626009258,3.8139706020221498,False
following_lateral_offset,P3,12000,40,4.0,0.0,12.185071251670148,-45.43113812475079,0.17042637604091374,0.050167323459355075,949832676.5406449,38.04000000000003,38.037563612681595,2.46062754292929,0.44704082653264593,inf,0,0,0,0,-1,inf,0,-1,0,0,6080,75,0,0,2582,3423,1.6338930626009258,3.8139706020221498,False
following_lateral_offset,P4,12000,40,4.0,0.0,12.185071251670148,-45.43113812475079,0.17042637604091374,0.050167323459355075,949832676.5406449,38.04000000000003,38.037563612681595,2.46062754292929,0.44704082653264593,inf,0,0,0,0,-1,inf,0,-1,0,0,6080,75,0,0,2582,3423,1.6338930626009258,3.8139706020221498,False
following_lateral_offset,P0,12001,40,4.0,0.0,12.753066150195595,-28.516334171523397,0.17046918338524428,0.05247532801065492,947524671.9893452,38.04000000000002,38.03908176190771,2.440928437207219,0.2761473068384419,inf,0,0,0,0,-1,inf,1,38,0,1,6080,47,0,0,2591,3442,1.621066885958316,3.849767745652082,False
following_lateral_offset,P1,12001,40,4.0,0.0,12.753066150195595,-28.516334171523397,0.17046918338524428,0.05247532801065492,947524671.9893452,38.04000000000002,38.03908176190771,2.440928437207219,0.2761473068384419,inf,0,0,0,0,-1,inf,1,38,0,1,6080,47,0,0,2591,3442,1.621066885958316,3.849767745652082,False
following_lateral_offset,P2,12001,40,4.0,0.0,12.365134656910547,-37.488013337881945,0.1704691972060544,0.05257154342072815,947428456.5792719,38.04000000000001,38.038660326655084,2.458383545254905,0.35669690284199923,inf,0,0,0,0,-1,inf,1,38,0,1,6080,69,0,0,2537,3474,1.621066885958316,3.849767745652082,False
following_lateral_offset,P3,12001,40,4.0,0.0,12.365134656910547,-37.488013337881945,0.1704691972060544,0.05257154342072815,947428456.5792719,38.04000000000001,38.038660326655084,2.458383545254905,0.3587061676145744,inf,0,0,0,0,-1,inf,1,38,0,1,6080,69,0,0,2537,3474,1.621066885958316,3.849767745652082,False
following_lateral_offset,P4,12001,40,4.0,0.0,12.753066150195595,-28.516334171523397,0.17046918338524428,0.05247532801065492,947524671.9893452,38.04000000000002,38.03908176190771,2.440928437207219,0.2761473068384419,inf,0,0,0,0,-1,inf,1,38,0,1,6080,47,0,0,2591,3442,1.621066885958316,3.849767745652082,False
following_lateral_offset,P0,12002,40,4.0,0.0,13.158890529346758,-33.927269568632695,0.16464529538938316,0.043103117843063074,956896882.1569369,38.040000000000006,38.03952727382731,2.4258130135064953,0.28043792425168884,inf,0,0,0,0,-1,inf,0,-1,0,0,6080,23,0,0,2435,3622,1.6801316419628702,3.8251668060312,False
following_lateral_offset,P1,12002,40,4.0,0.0,13.158890529346758,-33.927269568632695,0.16464529538938316,0.043103117843063074,956896882.1569369,38.040000000000006,38.03952727382731,2.4258130135064953,0.28043792425168884,inf,0,0,0,0,-1,inf,0,-1,0,0,6080,23,0,0,2435,3622,1.6801316419628702,3.8251668060312,False
following_lateral_offset,P2,12002,40,4.0,0.0,13.158890529346758,-33.927269568632695,0.16464529538938316,0.043103117843063074,956896882.1569369,38.040000000000006,38.03952727382731,2.4258130135064953,0.28043792425168884,inf,0,0,0,0,-1,inf,0,-1,0,0,6080,23,0,0,2435,3622,1.6801316419628702,3.8251668060312,False
following_lateral_offset,P3,12002,40,4.0,0.0,13.158890529346758,-33.927269568632695,0.16464529538938316,0.043103117843063074,956896882.1569369,38.040000000000006,38.03952727382731,2.4258130135064953,0.28043792425168884,inf,0,0,0,0,-1,inf,0,-1,0,0,6080,23,0,0,2435,3622,1.6801316419628702,3.8251668060312,False
following_lateral_offset,P4,12002,40,4.0,0.0,15.216050471826227,-12.960985767425584,0.10415268662101473,0.018930517960115526,981069482.0398846,37.76000000000002,37.75738188473383,2.5614250784248394,0.42344089265243096,inf,0,0,0,0,-1,inf,0,-1,0,0,6080,164,0,0,2240,3676,1.6801316419628702,3.8251668060312,False
following_lateral_offset,P0,12003,40,4.0,0.0,10.428496388835308,-57.53884446329686,0.19184542691779802,0.06782214904832023,932177850.9516796,38.31999999999998,38.317710916510784,2.2820135164003976,0.2602011161261197,inf,0,0,0,0,-1,inf,3,38,0,3,6080,137,0,0,2821,3122,1.63505044890626,3.9169352334224983,False
following_lateral_offset,P1,12003,40,4.0,0.0,10.428496388835308,-57.53884446329686,0.19184542691779802,0.06782214904832023,932177850.9516796,38.31999999999998,38.317710916510784,2.2820135164003976,0.2602011161261197,inf,0,0,0,0,-1,inf,3,38,0,3,6080,137,0,0,2821,3122,1.63505044890626,3.9169352334224983,False
following_lateral_offset,P2,12003,40,4.0,0.0,10.428496388835308,-57.53884446329686,0.19184542691779802,0.06782214904832023,932177850.9516796,38.31999999999998,38.317710916510784,2.2820135164003976,0.2602011161261197,inf,0,0,0,0,-1,inf,3,38,0,3,6080,137,0,0,2821,3122,1.63505044890626,3.9169352334224983,False
following_lateral_offset,P3,12003,40,4.0,0.0,10.428496388835308,-57.53884446329686,0.19184542691779802,0.06782214904832023,932177850.9516796,38.31999999999998,38.317710916510784,2.2820135164003976,0.2602011161261197,inf,0,0,0,0,-1,inf,3,38,0,3,6080,137,0,0,2821,3122,1.63505044890626,3.9169352334224983,False
following_lateral_offset,P4,12003,40,4.0,0.0,10.428496388835308,-57.53884446329686,0.19184542691779802,0.06782214904832023,932177850.9516796,38.31999999999998,38.317710916510784,2.2820135164003976,0.2602011161261197,inf,0,0,0,0,-1,inf,3,38,0,3,6080,137,0,0,2821,3122,1.63505044890626,3.9169352334224983,False
following_lateral_offset,P0,12004,40,4.0,0.0,12.54385887262005,-37.53157352942213,0.18016100332019017,0.05330758847136333,946692411.5286367,38.14,38.14,2.3280034364235798,0.30557824490068475,inf,0,0,0,0,-1,inf,0,-1,0,0,6080,0,0,0,2725,3355,1.6009649607209575,3.727581109761543,False
following_lateral_offset,P1,12004,40,4.0,0.0,12.54385887262005,-37.53157352942213,0.18016100332019017,0.05330758847136333,946692411.5286367,38.14,38.14,2.3280034364235798,0.30557824490068475,inf,0,0,0,0,-1,inf,0,-1,0,0,6080,0,0,0,2725,3355,1.6009649607209575,3.727581109761543,False
following_lateral_offset,P2,12004,40,4.0,0.0,12.54385887262005,-37.53157352942213,0.18016100332019017,0.05330758847136333,946692411.5286367,38.14,38.14,2.3280034364235798,0.30557824490068475,inf,0,0,0,0,-1,inf,0,-1,0,0,6080,0,0,0,2725,3355,1.6009649607209575,3.727581109761543,False
following_lateral_offset,P3,12004,40,4.0,0.0,12.757272412990798,-35.836375068806134,0.18015220986191816,0.05193848452139009,948061515.47861,38.13999999999999,38.13951613308746,2.312041728934969,0.29075623166522274,inf,0,0,0,0,-1,inf,0,-1,0,0,6080,23,0,0,2728,3329,1.6009649607209575,3.727581109761543,False
following_lateral_offset,P4,12004,40,4.0,0.0,12.54385887262005,-37.53157352942213,0.18016100332019017,0.05330758847136333,946692411.5286367,38.14,38.14,2.3280034364235798,0.30557824490068475,inf,0,0,0,0,-1,inf,0,-1,0,0,6080,0,0,0,2725,3355,1.6009649607209575,3.727581109761543,False
following_lateral_offset,P0,12005,40,4.0,0.0,12.365134656910547,-37.488013337881945,0.1704691972060544,0.05257154342072815,947428456.5792719,38.04000000000001,38.038660326655084,2.458383545254905,0.4669770984935994,inf,0,0,0,0,-1,inf,0,-1,0,0,6080,69,0,0,2423,3588,1.6408010684568168,3.7153364667535724,False
following_lateral_offset,P1,12005,40,4.0,0.0,12.365134656910547,-37.488013337881945,0.1704691972060544,0.05257154342072815,947428456.5792719,38.04000000000001,38.038660326655084,2.458383545254905,0.4669770984935994,inf,0,0,0,0,-1,inf,0,-1,0,0,6080,69,0,0,2423,3588,1.6408010684568168,3.7153364667535724,False
following_lateral_offset,P2,12005,40,4.0,0.0,12.365134656910547,-37.488013337881945,0.1704691972060544,0.05257154342072815,947428456.5792719,38.04000000000001,38.038660326655084,2.458383545254905,0.4669770984935994,inf,0,0,0,0,-1,inf,0,-1,0,0,6080,69,0,0,2423,3588,1.6408010684568168,3.7153364667535724,False
following_lateral_offset,P3,12005,40,4.0,0.0,12.365134656910547,-37.488013337881945,0.1704691972060544,0.05257154342072815,947428456.5792719,38.04000000000001,38.038660326655084,2.458383545254905,0.4669770984935994,inf,0,0,0,0,-1,inf,0,-1,0,0,6080,69,0,0,2423,3588,1.6408010684568168,3.7153364667535724,False
following_lateral_offset,P4,12005,40,4.0,0.0,12.365134656910547,-37.488013337881945,0.1704691972060544,0.05257154342072815,947428456.5792719,38.04000000000001,38.038660326655084,2.458383545254905,0.4669770984935994,inf,0,0,0,0,-1,inf,0,-1,0,0,6080,69,0,0,2423,3588,1.6408010684568168,3.7153364667535724,False
following_lateral_offset,P0,12006,40,4.0,0.0,12.039118853660414,-45.07630584233511,0.17047010409928715,0.05278296443876744,947217035.5612326,38.19000000000003,38.188683765897515,2.3411978273742164,0.2058483614540004,inf,0,0,0,0,-1,inf,0,-1,0,0,6080,73,0,0,2420,3587,1.6414959151305535,3.7808952782077476,False
following_lateral_offset,P1,12006,40,4.0,0.0,12.039118853660414,-45.07630584233511,0.17047010409928715,0.05278296443876744,947217035.5612326,38.19000000000003,38.188683765897515,2.3411978273742164,0.2058483614540004,inf,0,0,0,0,-1,inf,0,-1,0,0,6080,73,0,0,2420,3587,1.6414959151305535,3.7808952782077476,False
following_lateral_offset,P2,12006,40,4.0,0.0,12.039118853660414,-45.07630584233511,0.17047010409928715,0.05278296443876744,947217035.5612326,38.19000000000003,38.188683765897515,2.3411978273742164,0.2058483614540004,inf,0,0,0,0,-1,inf,0,-1,0,0,6080,73,0,0,2420,3587,1.6414959151305535,3.7808952782077476,False
following_lateral_offset,P3,12006,40,4.0,0.0,12.039118853660414,-45.07630584233511,0.17047010409928715,0.05278296443876744,947217035.5612326,38.19000000000003,38.188683765897515,2.3411978273742164,0.2058483614540004,inf,0,0,0,0,-1,inf,0,-1,0,0,6080,73,0,0,2420,3587,1.6414959151305535,3.7808952782077476,False
following_lateral_offset,P4,12006,40,4.0,0.0,12.039118853660414,-45.07630584233511,0.17047010409928715,0.05278296443876744,947217035.5612326,38.19000000000003,38.188683765897515,2.3411978273742164,0.2058483614540004,inf,0,0,0,0,-1,inf,0,-1,0,0,6080,73,0,0,2420,3587,1.6414959151305535,3.7808952782077476,False
following_lateral_offset,P0,12007,40,4.0,0.0,11.937619616158358,-42.521441769411695,0.17104838779904988,0.05646889707798678,943531102.922013,37.87000000000001,37.865375979499284,2.6466345452803117,0.603660723216065,inf,0,0,0,0,-1,inf,0,-1,0,0,6080,149,0,0,2468,3463,1.6247781342598788,3.7146295702408905,False
following_lateral_offset,P1,12007,40,4.0,0.0,11.937619616158358,-42.521441769411695,0.17104838779904988,0.05646889707798678,943531102.922013,37.87000000000001,37.865375979499284,2.6466345452803117,0.603660723216065,inf,0,0,0,0,-1,inf,0,-1,0,0,6080,149,0,0,2468,3463,1.6247781342598788,3.7146295702408905,False
following_lateral_offset,P2,12007,40,4.0,0.0,11.937619616158358,-42.521441769411695,0.17104838779904988,0.05646889707798678,943531102.922013,37.87000000000001,37.865375979499284,2.6466345452803117,0.603660723216065,inf,0,0,0,0,-1,inf,0,-1,0,0,6080,149,0,0,2468,3463,1.6247781342598788,3.7146295702408905,False
following_lateral_offset,P3,12007,40,4.0,0.0,11.937619616158358,-42.521441769411695,0.17104838779904988,0.05646889707798678,943531102.922013,37.87000000000001,37.865375979499284,2.6466345452803117,0.603660723216065,inf,0,0,0,0,-1,inf,0,-1,0,0,6080,149,0,0,2468,3463,1.6247781342598788,3.7146295702408905,False
following_lateral_offset,P4,12007,40,4.0,0.0,11.937619616158358,-42.521441769411695,0.17104838779904988,0.05646889707798678,943531102.922013,37.87000000000001,37.865375979499284,2.6466345452803117,0.603660723216065,inf,0,0,0,0,-1,inf,0,-1,0,0,6080,149,0,0,2468,3463,1.6247781342598788,3.7146295702408905,False
following_lateral_offset,P0,12008,40,4.0,0.0,11.624735080906307,-51.42289834341034,0.17015455722717507,0.05239194546594902,947608054.534051,38.10000000000003,38.0959667971279,2.447770303085144,0.4347530268554885,inf,0,0,0,0,-1,inf,0,-1,0,0,6080,134,0,0,2344,3602,1.7921005100060856,4.0244366586893445,False
following_lateral_offset,P1,12008,40,4.0,0.0,11.624735080906307,-51.42289834341034,0.17015455722717507,0.05239194546594902,947608054.534051,38.10000000000003,38.0959667971279,2.447770303085144,0.4347530268554885,inf,0,0,0,0,-1,inf,0,-1,0,0,6080,134,0,0,2344,3602,1.7921005100060856,4.0244366586893445,False
following_lateral_offset,P2,12008,40,4.0,0.0,11.624735080906307,-51.42289834341034,0.17015455722717507,0.05239194546594902,947608054.534051,38.10000000000003,38.0959667971279,2.447770303085144,0.4347530268554885,inf,0,0,0,0,-1,inf,0,-1,0,0,6080,134,0,0,2344,3602,1.7921005100060856,4.0244366586893445,False
following_lateral_offset,P3,12008,40,4.0,0.0,11.624735080906307,-51.42289834341034,0.17015455722717507,0.05239194546594902,947608054.534051,38.10000000000003,38.0959667971279,2.447770303085144,0.4347530268554885,inf,0,0,0,0,-1,inf,0,-1,0,0,6080,134,0,0,2344,3602,1.7921005100060856,4.0244366586893445,False
following_lateral_offset,P4,12008,40,4.0,0.0,11.624735080906307,-51.42289834341034,0.17015455722717507,0.05239194546594902,947608054.534051,38.10000000000003,38.0959667971279,2.447770303085144,0.4347530268554885,inf,0,0,0,0,-1,inf,0,-1,0,0,6080,134,0,0,2344,3602,1.7921005100060856,4.0244366586893445,False
following_lateral_offset,P0,12009,40,4.0,0.0,12.818778335130414,-33.05488238932755,0.17044130702839502,0.05031216883984315,949687831.160157,38.20000000000003,38.20000000000003,2.2803508501982512,0.1858571571456995,inf,0,0,0,0,-1,inf,3,38,0,3,6080,0,0,0,2550,3530,1.790726771125032,3.911528822730304,False
following_lateral_offset,P1,12009,40,4.0,0.0,12.818778335130414,-33.05488238932755,0.17044130702839502,0.05031216883984315,949687831.160157,38.20000000000003,38.20000000000003,2.2803508501982512,0.1858571571456995,inf,0,0,0,0,-1,inf,3,38,0,3,6080,0,0,0,2550,3530,1.790726771125032,3.911528822730304,False
following_lateral_offset,P2,12009,40,4.0,0.0,12.818778335130414,-33.05488238932755,0.17044130702839502,0.05031216883984315,949687831.160157,38.20000000000003,38.20000000000003,2.2803508501982512,0.1858571571456995,inf,0,0,0,0,-1,inf,3,38,0,3,6080,0,0,0,2550,3530,1.790726771125032,3.911528822730304,False
following_lateral_offset,P3,12009,40,4.0,0.0,12.818778335130414,-33.05488238932755,0.17044130702839502,0.05031216883984315,949687831.160157,38.20000000000003,38.20000000000003,2.2803508501982512,0.1858571571456995,inf,0,0,0,0,-1,inf,3,38,0,3,6080,0,0,0,2550,3530,1.790726771125032,3.911528822730304,False
following_lateral_offset,P4,12009,40,4.0,0.0,12.818778335130414,-33.05488238932755,0.17044130702839502,0.05031216883984315,949687831.160157,38.20000000000003,38.20000000000003,2.2803508501982512,0.1858571571456995,inf,0,0,0,0,-1,inf,3,38,0,3,6080,0,0,0,2550,3530,1.790726771125032,3.911528822730304,False
following_lateral_offset,P0,12010,40,4.0,0.0,12.869805822015667,-34.76457850920919,0.17017920873772802,0.04793576522464718,952064234.7753528,38.05000000000002,38.04950113225713,2.41771390112373,0.3681713729080216,inf,0,0,0,0,-1,inf,1,40,0,1,6080,23,0,0,2661,3396,1.5257504913454665,3.67541868266481,False
following_lateral_offset,P1,12010,40,4.0,0.0,12.869805822015667,-34.76457850920919,0.17017920873772802,0.04793576522464718,952064234.7753528,38.05000000000002,38.04950113225713,2.41771390112373,0.3681713729080216,inf,0,0,0,0,-1,inf,1,40,0,1,6080,23,0,0,2661,3396,1.5257504913454665,3.67541868266481,False
following_lateral_offset,P2,12010,40,4.0,0.0,15.333699660792277,-2.0543526410519277,0.11897689004041392,0.010780681949534578,989219318.0504656,37.84000000000001,37.83415036664529,2.471432821630146,0.41425461531719393,inf,0,0,0,0,-1,inf,1,40,0,1,6080,209,0,0,2480,3391,1.5257504913454665,3.67541868266481,False
following_lateral_offset,P3,12010,40,4.0,0.0,14.28234306868032,-19.855092870865132,0.15076157847881835,0.028975777528463698,971024222.4715363,37.84000000000002,37.83830560548721,2.5210762644012767,0.4622837320608235,inf,0,0,0,0,-1,inf,0,-1,0,0,6080,101,0,0,2554,3425,1.5257504913454665,3.67541868266481,False
following_lateral_offset,P4,12010,40,4.0,0.0,14.28234306868032,-19.855092870865132,0.15076157847881835,0.028975777528463698,971024222.4715363,37.84000000000002,37.83830560548721,2.5210762644012767,0.4622837320608235,inf,0,0,0,0,-1,inf,0,-1,0,0,6080,101,0,0,2554,3425,1.5257504913454665,3.67541868266481,False
following_lateral_offset,P0,12011,40,4.0,0.0,13.457647007316643,-22.035251834579817,0.16950726489049422,0.046937426311871255,953062573.6881287,37.950000000000024,37.950000000000024,2.482438317461262,0.36571430252435655,inf,0,0,0,0,-1,inf,0,-1,0,0,6080,0,0,0,2525,3555,1.6502077549209624,3.8568435138372927,False
following_lateral_offset,P1,12011,40,4.0,0.0,13.457647007316643,-22.035251834579817,0.16950726489049422,0.046937426311871255,953062573.6881287,37.950000000000024,37.950000000000024,2.482438317461262,0.36571430252435655,inf,0,0,0,0,-1,inf,0,-1,0,0,6080,0,0,0,2525,3555,1.6502077549209624,3.8568435138372927,False
following_lateral_offset,P2,12011,40,4.0,0.0,14.88120607054915,-1.5474694965010514,0.1610659726636333,0.015657343184870037,984342656.81513,37.92000000000003,37.91685689265786,2.436781090304271,0.27811656989365585,inf,0,0,0,0,-1,inf,0,-1,0,0,6080,124,0,0,2422,3534,1.6502077549209624,3.8568435138372927,False
following_lateral_offset,P3,12011,40,4.0,0.0,14.238199638411194,-10.411164585587855,0.16481591850007965,0.036473202544442626,963526797.4555572,37.92000000000003,37.91864496513558,2.464084493996349,0.3610456399165823,inf,0,0,0,0,-1,inf,0,-1,0,0,6080,73,0,0,2465,3542,1.6502077549209624,3.8568435138372927,False
following_lateral_offset,P4,12011,40,4.0,0.0,14.10396646361528,-16.885950216100163,0.16362560321195452,0.03321896009457559,966781039.9054245,37.92000000000003,37.918677661387356,2.465315393374225,0.41361944861083594,inf,0,0,0,0,-1,inf,0,-1,0,0,6080,75,0,0,2455,3550,1.6502077549209624,3.8568435138372927,False
following_lateral_offset,P0,12012,40,4.0,0.0,12.640642965476822,-35.72070131266382,0.16938976289777324,0.05070998387506971,949290016.1249304,37.99400000000003,37.9925756874437,2.497261814436753,0.3181136669978958,inf,0,0,0,0,-1,inf,0,-1,0,0,6080,71,0,0,2569,3440,1.6868918368375574,3.813198429029641,False
following_lateral_offset,P1,12012,40,4.0,0.0,12.640642965476822,-35.72070131266382,0.16938976289777324,0.05070998387506971,949290016.1249304,37.99400000000003,37.9925756874437,2.497261814436753,0.3181136669978958,inf,0,0,0,0,-1,inf,0,-1,0,0,6080,71,0,0,2569,3440,1.6868918368375574,3.813198429029641,False
following_lateral_offset,P2,12012,40,4.0,0.0,15.555321125132926,4.505804856175796,0.11765321073772653,0.0016829287889652544,998317071.2110348,37.80000000000003,37.793919820364195,2.504830424474606,0.3490667310442092,inf,0,0,0,0,-1,inf,0,-1,0,0,6080,206,0,0,2483,3391,1.6868918368375574,3.813198429029641,False
following_lateral_offset,P3,12012,40,4.0,0.0,14.255624649223245,-11.000003384909313,0.15122911718392487,0.03698014816884507,963019851.8311551,37.88000000000004,37.87910208330669,2.51463907325219,0.3042719459755426,inf,0,0,0,0,-1,inf,0,-1,0,0,6080,51,0,0,2626,3403,1.6868918368375574,3.813198429029641,False
following_lateral_offset,P4,12012,40,4.0,0.0,14.105188697735926,-17.01744144440201,0.15123089597940317,0.03768869047304072,962311309.5269592,37.88000000000004,37.87910208330669,2.51463907325219,0.3439244232101284,inf,0,0,0,0,-1,inf,0,-1,0,0,6080,51,0,0,2626,3403,1.6868918368375574,3.813198429029641,False
following_lateral_offset,P0,12013,40,4.0,0.0,14.430968391893867,-9.901971740876949,0.15960269199253102,0.030906156235118814,969093843.7648811,37.56000000000002,37.56000000000002,2.8131121556027443,0.6416883246779148,inf,0,0,0,0,-1,inf,0,-1,0,0,6080,0,0,0,2314,3766,1.8151463058859285,4.071078574595581,False
following_lateral_offset,P1,12013,40,4.0,0.0,14.430968391893867,-9.901971740876949,0.15960269199253102,0.030906156235118814,969093843.7648811,37.56000000000002,37.56000000000002,2.8131121556027443,0.6416883246779148,inf,0,0,0,0,-1,inf,0,-1,0,0,6080,0,0,0,2314,3766,1.8151463058859285,4.071078574595581,False
following_lateral_offset,P2,12013,40,4.0,0.0,15.13076143427644,-1.9665842618696558,0.13477337984125237,0.01604744986054194,983952550.1394581,37.46000000000003,37.4590602787856,2.8792006307096485,0.6247260425970532,inf,0,0,0,0,-1,inf,0,-1,0,0,6080,50,0,0,2243,3787,1.8151463058859285,4.071078574595581,False
following_lateral_offset,P3,12013,40,4.0,0.0,15.13076143427644,-1.9665842618696558,0.13477337984125237,0.01604744986054194,983952550.1394581,37.46000000000003,37.4590602787856,2.8792006307096485,0.6247260425970532,inf,0,0,0,0,-1,inf,0,-1,0,0,6080,50,0,0,2243,3787,1.8151463058859285,4.071078574595581,False
following_lateral_offset,P4,12013,40,4.0,0.0,15.758527385848685,0.2098618442473068,0.08997024611953121,0.004518497636378305,995481502.3636217,37.390000000000015,37.38739185559893,2.892707387630393,0.6881657868133421,inf,0,0,0,0,-1,inf,0,-1,0,0,6080,141,0,0,2160,3779,1.8151463058859285,4.071078574595581,False
following_lateral_offset,P0,12014,40,4.0,0.0,15.494609380033484,-6.518593410720957,0.10380030054079639,0.015656552757951248,984343447.2420486,37.415,37.415,2.9397661471620498,0.3452878550123673,inf,0,0,0,0,-1,inf,0,-1,0,0,6080,0,0,0,2394,3686,1.9004120167716714,4.256666215673691,False
following_lateral_offset,P1,12014,40,4.0,0.0,15.899843174027922,-1.4750676639635323,0.08770407244588742,0.0077606142703243956,992239385.7296757,37.15,37.15,3.1752952618614865,0.4308225194822521,inf,0,0,0,0,-1,inf,0,-1,0,0,6080,0,0,0,2345,3735,1.9004120167716714,4.256666215673691,False
following_lateral_offset,P2,12014,40,4.0,0.0,15.899843174027922,-1.4750676639635323,0.08770407244588742,0.0077606142703243956,992239385.7296757,37.15,37.15,3.1752952618614865,0.4308225194822521,inf,0,0,0,0,-1,inf,0,-1,0,0,6080,0,0,0,2345,3735,1.9004120167716714,4.256666215673691,False
following_lateral_offset,P3,12014,40,4.0,0.0,15.819054854759077,-2.6228473272735258,0.0912795552959747,0.009545000319796347,990454999.6802037,37.21666666666667,37.21666666666667,3.1155969643784855,0.40248940028458263,inf,0,0,0,0,-1,inf,0,-1,0,0,6080,0,0,0,2352,3728,1.9004120167716714,4.256666215673691,False
following_lateral_offset,P4,12014,40,4.0,0.0,15.899843174027922,-1.4750676639635323,0.08770407244588742,0.0077606142703243956,992239385.7296757,37.15,37.15,3.1752952618614865,0.4308225194822521,inf,0,0,0,0,-1,inf,0,-1,0,0,6080,0,0,0,2345,3735,1.9004120167716714,4.256666215673691,False
following_lateral_offset,P0,12015,40,4.0,0.0,12.961306493971573,-34.52894153369785,0.17036508954512933,0.04887621252185285,951123787.4781471,38.08000000000002,38.08000000000002,2.376215478444647,0.32350650649609847,inf,0,0,0,0,-1,inf,0,-1,0,0,6080,0,0,0,2621,3459,1.6726833477217198,3.867220187458268,False
following_lateral_offset,P1,12015,40,4.0,0.0,12.961306493971573,-34.52894153369785,0.17036508954512933,0.04887621252185285,951123787.4781471,38.08000000000002,38.08000000000002,2.376215478444647,0.32350650649609847,inf,0,0,0,0,-1,inf,0,-1,0,0,6080,0,0,0,2621,3459,1.6726833477217198,3.867220187458268,False
following_lateral_offset,P2,12015,40,4.0,0.0,12.961306493971573,-34.52894153369785,0.17036508954512933,0.04887621252185285,951123787.4781471,38.08000000000002,38.08000000000002,2.376215478444647,0.32350650649609847,inf,0,0,0,0,-1,inf,0,-1,0,0,6080,0,0,0,2621,3459,1.6726833477217198,3.867220187458268,False
following_lateral_offset,P3,12015,40,4.0,0.0,12.961306493971573,-34.52894153369785,0.17036508954512933,0.04887621252185285,951123787.4781471,38.08000000000002,38.08000000000002,2.376215478444647,0.32350650649609847,inf,0,0,0,0,-1,inf,0,-1,0,0,6080,0,0,0,2621,3459,1.6726833477217198,3.867220187458268,False
following_lateral_offset,P4,12015,40,4.0,0.0,12.961306493971573,-34.52894153369785,0.17036508954512933,0.04887621252185285,951123787.4781471,38.08000000000002,38.08000000000002,2.376215478444647,0.32350650649609847,inf,0,0,0,0,-1,inf,0,-1,0,0,6080,0,0,0,2621,3459,1.6726833477217198,3.867220187458268,False
following_lateral_offset,P0,12016,40,4.0,0.0,12.138462004477873,-46.8245025425002,0.17044192224253152,0.05080292200289601,949197077.9971039,38.25000000000002,38.24905903896013,2.2783117482937203,0.17427659009256843,inf,0,0,0,0,-1,inf,1,40,0,1,6080,52,0,0,2497,3531,1.5951514309383694,3.712459018270901,False
following_lateral_offset,P1,12016,40,4.0,0.0,12.138462004477873,-46.8245025425002,0.17044192224253152,0.05080292200289601,949197077.9971039,38.25000000000002,38.24905903896013,2.2783117482937203,0.17427659009256843,inf,0,0,0,0,-1,inf,1,40,0,1,6080,52,0,0,2497,3531,1.5951514309383694,3.712459018270901,False
following_lateral_offset,P2,12016,40,4.0,0.0,12.138462004477873,-46.8245025425002,0.17044192224253152,0.05080292200289601,949197077.9971039,38.25000000000002,38.24905903896013,2.2783117482937203,0.17427659009256843,inf,0,0,0,0,-1,inf,1,40,0,1,6080,52,0,0,2497,3531,1.5951514309383694,3.712459018270901,False
following_lateral_offset,P3,12016,40,4.0,0.0,12.138462004477873,-46.8245025425002,0.17044192224253152,0.05080292200289601,949197077.9971039,38.25000000000002,38.24905903896013,2.2783117482937203,0.17427659009256843,inf,0,0,0,0,-1,inf,1,40,0,1,6080,52,0,0,2497,3531,1.5951514309383694,3.712459018270901,False
following_lateral_offset,P4,12016,40,4.0,0.0,12.138462004477873,-46.8245025425002,0.17044192224253152,0.05080292200289601,949197077.9971039,38.25000000000002,38.24905903896013,2.2783117482937203,0.17427659009256843,inf,0,0,0,0,-1,inf,1,40,0,1,6080,52,0,0,2497,3531,1.5951514309383694,3.712459018270901,False
following_lateral_offset,P0,12017,40,4.0,0.0,12.845248329740087,-36.49733564286254,0.16901787316028188,0.046983552386677965,953016447.613322,38.09000000000003,38.08951192743749,2.385571354433251,0.3005543128474992,inf,0,0,0,0,-1,inf,0,-1,0,0,6080,23,0,0,2424,3633,1.801205369290858,4.117179011834026,False
following_lateral_offset,P1,12017,40,4.0,0.0,12.845248329740087,-36.49733564286254,0.16901787316028188,0.046983552386677965,953016447.613322,38.09000000000003,38.08951192743749,2.385571354433251,0.3005543128474992,inf,0,0,0,0,-1,inf,0,-1,0,0,6080,23,0,0,2424,3633,1.801205369290858,4.117179011834026,False
following_lateral_offset,P2,12017,40,4.0,0.0,13.242097246593534,-33.15519153485663,0.16898623693847592,0.04465142628297549,955348573.7170246,38.09000000000002,38.08953125484047,2.3524023166481345,0.2685140552080313,inf,0,0,0,0,-1,inf,0,-1,0,0,6080,23,0,0,2439,3618,1.801205369290858,4.117179011834026,False
following_lateral_offset,P3,12017,40,4.0,0.0,13.242097246593534,-33.15519153485663,0.16898623693847592,0.04465142628297549,955348573.7170246,38.09000000000002,38.08953125484047,2.3524023166481345,0.2685140552080313,inf,0,0,0,0,-1,inf,0,-1,0,0,6080,23,0,0,2439,3618,1.801205369290858,4.117179011834026,False
following_lateral_offset,P4,12017,40,4.0,0.0,12.845248329740087,-36.49733564286254,0.16901787316028188,0.046983552386677965,953016447.613322,38.09000000000003,38.08951192743749,2.385571354433251,0.3005543128474992,inf,0,0,0,0,-1,inf,0,-1,0,0,6080,23,0,0,2424,3633,1.801205369290858,4.117179011834026,False
following_lateral_offset,P0,12018,40,4.0,0.0,13.973131427442757,-14.276286641897308,0.16846521171393658,0.04046868719830506,959531312.8016949,37.72000000000002,37.72000000000002,2.675518641310486,0.47317461905078356,inf,0,0,0,0,-1,inf,0,-1,0,0,6080,0,0,0,2473,3607,1.617099010048954,3.808095799431264,False
following_lateral_offset,P1,12018,40,4.0,0.0,13.973131427442757,-14.276286641897308,0.16846521171393658,0.04046868719830506,959531312.8016949,37.72000000000002,37.72000000000002,2.675518641310486,0.47317461905078356,inf,0,0,0,0,-1,inf,0,-1,0,0,6080,0,0,0,2473,3607,1.617099010048954,3.808095799431264,False
following_lateral_offset,P2,12018,40,4.0,0.0,14.714380339111557,-3.900448883626531,0.15732968331230715,0.02480562772737016,975194372.27263,37.69000000000002,37.688616813662556,2.6623214878302224,0.5050473629975876,inf,0,0,0,0,-1,inf,0,-1,0,0,6080,73,0,0,2419,3588,1.617099010048954,3.808095799431264,False
following_lateral_offset,P3,12018,40,4.0,0.0,14.393160303067878,-11.193586764902658,0.1575730976893277,0.032061011476935394,967938988.5230646,37.69000000000002,37.68906672635319,2.6761780517388996,0.5623663846889738,inf,0,0,0,0,-1,inf,0,-1,0,0,6080,51,0,0,2436,3593,1.617099010048954,3.808095799431264,False
following_lateral_offset,P4,12018,40,4.0,0.0,14.188188346443454,-13.225113507563314,0.15819319223569797,0.0376693599012853,962330640.0987148,37.72000000000003,37.71954701493595,2.663867232704484,0.49102174775751284,inf,0,0,0,0,-1,inf,0,-1,0,0,6080,27,0,0,2465,3588,1.617099010048954,3.808095799431264,False
following_lateral_offset,P0,12019,40,4.0,0.0,12.977940789284824,-36.731122394169844,0.17014952894998311,0.04671551837502254,953284481.6249775,37.92000000000004,37.919489850146974,2.5237514650684902,0.4548809642880825,inf,0,0,0,0,-1,inf,0,-1,0,0,6080,23,0,0,2641,3416,1.6156316956677756,3.845953073019101,False
following_lateral_offset,P1,12019,40,4.0,0.0,12.977940789284824,-36.731122394169844,0.17014952894998311,0.04671551837502254,953284481.6249775,37.92000000000004,37.919489850146974,2.5237514650684902,0.4548809642880825,inf,0,0,0,0,-1,inf,0,-1,0,0,6080,23,0,0,2641,3416,1.6156316956677756,3.845953073019101,False
following_lateral_offset,P2,12019,40,4.0,0.0,12.977940789284824,-36.731122394169844,0.17014952894998311,0.04671551837502254,953284481.6249775,37.92000000000004,37.919489850146974,2.5237514650684902,0.4548809642880825,inf,0,0,0,0,-1,inf,0,-1,0,0,6080,23,0,0,2641,3416,1.6156316956677756,3.845953073019101,False
following_lateral_offset,P3,12019,40,4.0,0.0,12.977940789284824,-36.731122394169844,0.17014952894998311,0.04671551837502254,953284481.6249775,37.92000000000004,37.919489850146974,2.5237514650684902,0.4548809642880825,inf,0,0,0,0,-1,inf,0,-1,0,0,6080,23,0,0,2641,3416,1.6156316956677756,3.845953073019101,False
following_lateral_offset,P4,12019,40,4.0,0.0,12.977940789284824,-36.731122394169844,0.17014952894998311,0.04671551837502254,953284481.6249775,37.92000000000004,37.919489850146974,2.5237514650684902,0.4548809642880825,inf,0,0,0,0,-1,inf,0,-1,0,0,6080,23,0,0,2641,3416,1.6156316956677756,3.845953073019101,False
lane_choice,P0,12000,40,4.0,0.0,-1.4841772517946121,-13.800125353527465,0.7112488585418857,0.27149979741639463,728500202.5836054,12.99999999999999,12.882786325056207,16.782438462261936,inf,1.5013499953110632,0,0,0,0,-1,inf,0,-1,0,0,6080,1879,0,1762,0,2439,1.688974805067767,4.091561986001411,False
lane_choice,P1,12000,40,4.0,0.0,11.415283391778742,7.917465961148334,0.19749853001493048,9.757018575009277e-05,999902429.81425,12.999999999999991,12.91210617836171,16.755131274768452,6.1060366622275195,1.5001885304115121,0,0,0,0,-1,inf,0,-1,0,0,6080,1784,0,1780,0,2516,1.688974805067767,4.091561986001411,False
lane_choice,P2,12000,40,4.0,0.0,11.994151129574023,8.339167020023577,0.1581424021019724,3.244000943071595e-05,999967559.9905694,12.99999999999999,12.903343972408566,16.74847084715829,6.1060366622275195,1.5076951843659407,0,0,0,0,-1,inf,0,-1,0,0,6080,1600,0,1804,0,2676,1.688974805067767,4.091561986001411,False
lane_choice,P3,12000,40,4.0,0.0,11.415283391778742,7.917465961148334,0.19749853001493048,9.757018575009277e-05,999902429.81425,12.999999999999991,12.91210617836171,16.755131274768452,6.1060366622275195,1.5001885304115121,0,0,0,0,-1,inf,0,-1,0,0,6080,1784,0,1780,0,2516,1.688974805067767,4.091561986001411,False
lane_choice,P4,12000,40,4.0,0.0,12.011930681626641,8.339167020023577,0.15681014940403565,3.197086409443261e-05,999968029.1359055,12.99999999999999,12.903358507552323,16.74847084715829,6.1060366622275195,1.508038196389593,0,0,0,0,-1,inf,0,-1,0,0,6080,1616,0,1788,0,2676,1.688974805067767,4.091561986001411,False
lane_choice,P0,12001,40,4.0,0.0,-1.4841772517946121,-13.800125353527465,0.7112488585418857,0.27149979741639463,728500202.5836054,12.99999999999999,12.882786325056207,16.782438462261936,inf,1.5013499953110632,0,0,0,0,-1,inf,0,-1,0,0,6080,1879,0,1762,0,2439,1.7108780164075768,4.159321742865619,False
lane_choice,P1,12001,40,4.0,0.0,11.415283391778742,7.917465961148334,0.19749853001493048,9.757018575009277e-05,999902429.81425,12.999999999999991,12.91210617836171,16.755131274768452,6.1060366622275195,1.5001885304115121,0,0,0,0,-1,inf,0,-1,0,0,6080,1784,0,1780,0,2516,1.7108780164075768,4.159321742865619,False
lane_choice,P2,12001,40,4.0,0.0,12.107883195357731,8.783780876789407,0.14676623799851551,1.630308050043053e-05,999983696.9194996,12.999999999999991,12.905360561870957,16.74847084715829,6.1060366622275195,1.5014044797033903,0,0,0,0,-1,inf,0,-1,0,0,6080,1618,0,1796,0,2666,1.7108780164075768,4.159321742865619,False
lane_choice,P3,12001,40,4.0,0.0,11.415283391778742,7.917465961148334,0.19749853001493048,9.757018575009277e-05,999902429.81425,12.999999999999991,12.91210617836171,16.755131274768452,6.1060366622275195,1.5001885304115121,0,0,0,0,-1,inf,0,-1,0,0,6080,1784,0,1780,0,2516,1.7108780164075768,4.159321742865619,False
lane_choice,P4,12001,40,4.0,0.0,12.011930681626641,8.339167020023577,0.15681014940403565,3.197086409443261e-05,999968029.1359055,12.99999999999999,12.903358507552323,16.74847084715829,6.1060366622275195,1.508038196389593,0,0,0,0,-1,inf,0,-1,0,0,6080,1616,0,1788,0,2676,1.7108780164075768,4.159321742865619,False
lane_choice,P0,12002,40,4.0,0.0,-1.4841772517946121,-13.800125353527465,0.7112488585418857,0.27149979741639463,728500202.5836054,12.99999999999999,12.882786325056207,16.782438462261936,inf,1.5013499953110632,0,0,0,0,-1,inf,0,-1,0,0,6080,1879,0,1762,0,2439,1.7357444426868276,4.108951726599504,False
lane_choice,P1,12002,40,4.0,0.0,11.415283391778742,7.917465961148334,0.19749853001493048,9.757018575009277e-05,999902429.81425,12.999999999999991,12.91210617836171,16.755131274768452,6.1060366622275195,1.5001885304115121,0,0,0,0,-1,inf,0,-1,0,0,6080,1784,0,1780,0,2516,1.7357444426868276,4.108951726599504,False
lane_choice,P2,12002,40,4.0,0.0,12.008701804632036,8.229738049872287,0.15881413145339823,3.739474708985757e-05,999962605.2529103,12.999999999999991,12.904499009576284,16.74847084715829,6.1060366622275195,1.5001177930900464,0,0,0,0,-1,inf,0,-1,0,0,6080,1612,0,1861,0,2607,1.7357444426868276,4.108951726599504,False
lane_choice,P3,12002,40,4.0,0.0,11.415283391778742,7.917465961148334,0.19749853001493048,9.757018575009277e-05,999902429.81425,12.999999999999991,12.91210617836171,16.755131274768452,6.1060366622275195,1.5001885304115121,0,0,0,0,-1,inf,0,-1,0,0,6080,1784,0,1780,0,2516,1.7357444426868276,4.108951726599504,False
lane_choice,P4,12002,40,4.0,0.0,12.011930681626641,8.339167020023577,0.15681014940403565,3.197086409443261e-05,999968029.1359055,12.99999999999999,12.903358507552323,16.74847084715829,6.1060366622275195,1.508038196389593,0,0,0,0,-1,inf,0,-1,0,0,6080,1616,0,1788,0,2676,1.7357444426868276,4.108951726599504,False
lane_choice,P0,12003,40,4.0,0.0,-1.4841772517946121,-13.800125353527465,0.7112488585418857,0.27149979741639463,728500202.5836054,12.99999999999999,12.882786325056207,16.782438462261936,inf,1.5013499953110632,0,0,0,0,-1,inf,0,-1,0,0,6080,1879,0,1762,0,2439,1.7161119915357759,4.212669572592107,False
lane_choice,P1,12003,40,4.0,0.0,11.435182525296545,8.012373056845629,0.19517708609454484,8.383575704004454e-05,999916164.24296,12.99999999999999,12.910819574708963,16.753017151880435,6.1060366622275195,1.501167547298801,0,0,0,0,-1,inf,0,-1,0,0,6080,1768,0,1784,0,2528,1.7161119915357759,4.212669572592107,False
lane_choice,P2,12003,40,4.0,0.0,12.011930681626641,8.339167020023577,0.15681014940403565,3.197086409443261e-05,999968029.1359055,12.99999999999999,12.903358507552323,16.74847084715829,6.1060366622275195,1.508038196389593,0,0,0,0,-1,inf,0,-1,0,0,6080,1616,0,1788,0,2676,1.7161119915357759,4.212669572592107,False
lane_choice,P3,12003,40,4.0,0.0,12.076728932495755,9.263228055490746,0.13843144961890505,8.18915618597111e-06,999991810.8438139,12.99999999999999,12.911716648644994,16.757163456939804,6.1060366622275195,1.5028868179940864,0,0,0,0,-1,inf,0,-1,0,0,6080,1729,0,1751,0,2600,1.7161119915357759,4.212669572592107,False
lane_choice,P4,12003,40,4.0,0.0,12.011930681626641,8.339167020023577,0.15681014940403565,3.197086409443261e-05,999968029.1359055,12.99999999999999,12.903358507552323,16.74847084715829,6.1060366622275195,1.508038196389593,0,0,0,0,-1,inf,0,-1,0,0,6080,1616,0,1788,0,2676,1.7161119915357759,4.212669572592107,False
lane_choice,P0,12004,40,4.0,0.0,-1.4841772517946121,-13.800125353527465,0.7112488585418857,0.27149979741639463,728500202.5836054,12.99999999999999,12.882786325056207,16.782438462261936,inf,1.5013499953110632,0,0,0,0,-1,inf,0,-1,0,0,6080,1879,0,1762,0,2439,1.678953648108712,4.00584386704021,False
lane_choice,P1,12004,40,4.0,0.0,11.415283391778742,7.917465961148334,0.19749853001493048,9.757018575009277e-05,999902429.81425,12.999999999999991,12.91210617836171,16.755131274768452,6.1060366622275195,1.5001885304115121,0,0,0,0,-1,inf,0,-1,0,0,6080,1784,0,1780,0,2516,1.678953648108712,4.00584386704021,False
lane_choice,P2,12004,40,4.0,0.0,12.008621702981113,8.339167020023577,0.15701360302838382,3.2002794464293644e-05,999967997.2055357,12.99999999999999,12.903358507552323,16.74847084715829,6.1060366622275195,1.508038196389593,0,0,0,0,-1,inf,0,-1,0,0,6080,1631,0,1773,0,2676,1.678953648108712,4.00584386704021,False
lane_choice,P3,12004,40,4.0,0.0,11.415283391778742,7.917465961148334,0.19749853001493048,9.757018575009277e-05,999902429.81425,12.999999999999991,12.91210617836171,16.755131274768452,6.1060366622275195,1.5001885304115121,0,0,0,0,-1,inf,0,-1,0,0,6080,1784,0,1780,0,2516,1.678953648108712,4.00584386704021,False
lane_choice,P4,12004,40,4.0,0.0,12.011930681626641,8.339167020023577,0.15681014940403565,3.197086409443261e-05,999968029.1359055,12.99999999999999,12.903358507552323,16.74847084715829,6.1060366622275195,1.508038196389593,0,0,0,0,-1,inf,0,-1,0,0,6080,1616,0,1788,0,2676,1.678953648108712,4.00584386704021,False
lane_choice,P0,12005,40,4.0,0.0,-1.4841772517946121,-13.800125353527465,0.7112488585418857,0.27149979741639463,728500202.5836054,12.99999999999999,12.882786325056207,16.782438462261936,inf,1.5013499953110632,0,0,0,0,-1,inf,0,-1,0,0,6080,1879,0,1762,0,2439,1.7102921748415312,4.032619742445293,False
lane_choice,P1,12005,40,4.0,0.0,11.415283391778742,7.917465961148334,0.19749853001493048,9.757018575009277e-05,999902429.81425,12.999999999999991,12.91210617836171,16.755131274768452,6.1060366622275195,1.5001885304115121,0,0,0,0,-1,inf,0,-1,0,0,6080,1784,0,1780,0,2516,1.7102921748415312,4.032619742445293,False
lane_choice,P2,12005,40,4.0,0.0,11.85355211077398,8.193428658539322,0.16768438967953742,4.0276790482610676e-05,999959723.2095175,12.999999999999993,12.90302634466848,16.747476673586238,6.1060366622275195,1.5074147958698756,0,0,0,0,-1,inf,0,-1,0,0,6080,1623,0,1824,0,2633,1.7102921748415312,4.032619742445293,False
lane_choice,P3,12005,40,4.0,0.0,12.076728932495755,9.263228055490746,0.13843144961890505,8.18915618597111e-06,999991810.8438139,12.99999999999999,12.911716648644994,16.757163456939804,6.1060366622275195,1.5028868179940864,0,0,0,0,-1,inf,0,-1,0,0,6080,1729,0,1751,0,2600,1.7102921748415312,4.032619742445293,False
lane_choice,P4,12005,40,4.0,0.0,12.011930681626641,8.339167020023577,0.15681014940403565,3.197086409443261e-05,999968029.1359055,12.99999999999999,12.903358507552323,16.74847084715829,6.1060366622275195,1.508038196389593,0,0,0,0,-1,inf,0,-1,0,0,6080,1616,0,1788,0,2676,1.7102921748415312,4.032619742445293,False
lane_choice,P0,12006,40,4.0,0.0,-1.4841772517946121,-13.800125353527465,0.7112488585418857,0.27149979741639463,728500202.5836054,12.99999999999999,12.882786325056207,16.782438462261936,inf,1.5013499953110632,0,0,0,0,-1,inf,0,-1,0,0,6080,1879,0,1762,0,2439,1.7070857147587346,4.076338745458299,False
lane_choice,P1,12006,40,4.0,0.0,11.415283391778742,7.917465961148334,0.19749853001493048,9.757018575009277e-05,999902429.81425,12.999999999999991,12.91210617836171,16.755131274768452,6.1060366622275195,1.5001885304115121,0,0,0,0,-1,inf,0,-1,0,0,6080,1784,0,1780,0,2516,1.7070857147587346,4.076338745458299,False
lane_choice,P2,12006,40,4.0,0.0,12.003801535674015,8.30317609867053,0.15770970069748805,3.362030996009836e-05,999966379.6900399,12.999999999999993,12.90378423508218,16.747476673586238,6.1060366622275195,1.5006896560409806,0,0,0,0,-1,inf,0,-1,0,0,6080,1603,0,1869,0,2608,1.7070857147587346,4.076338745458299,False
lane_choice,P3,12006,40,4.0,0.0,11.435182525296545,8.012373056845629,0.19517708609454484,8.383575704004454e-05,999916164.24296,12.99999999999999,12.910819574708963,16.753017151880435,6.1060366622275195,1.501167547298801,0,0,0,0,-1,inf,0,-1,0,0,6080,1768,0,1784,0,2528,1.7070857147587346,4.076338745458299,False
lane_choice,P4,12006,40,4.0,0.0,12.011930681626641,8.339167020023577,0.15681014940403565,3.197086409443261e-05,999968029.1359055,12.99999999999999,12.903358507552323,16.74847084715829,6.1060366622275195,1.508038196389593,0,0,0,0,-1,inf,0,-1,0,0,6080,1616,0,1788,0,2676,1.7070857147587346,4.076338745458299,False
lane_choice,P0,12007,40,4.0,0.0,-1.4841772517946121,-13.800125353527465,0.7112488585418857,0.27149979741639463,728500202.5836054,12.99999999999999,12.882786325056207,16.782438462261936,inf,1.5013499953110632,0,0,0,0,-1,inf,0,-1,0,0,6080,1879,0,1762,0,2439,1.6853179586269484,3.9953777741018235,False
lane_choice,P1,12007,40,4.0,0.0,11.435182525296545,8.012373056845629,0.19517708609454484,8.383575704004454e-05,999916164.24296,12.99999999999999,12.910819574708963,16.753017151880435,6.1060366622275195,1.501167547298801,0,0,0,0,-1,inf,0,-1,0,0,6080,1768,0,1784,0,2528,1.6853179586269484,3.9953777741018235,False
lane_choice,P2,12007,40,4.0,0.0,11.994151129574023,8.339167020023577,0.1581424021019724,3.244000943071595e-05,999967559.9905694,12.99999999999999,12.903343972408566,16.74847084715829,6.1060366622275195,1.5076951843659407,0,0,0,0,-1,inf,0,-1,0,0,6080,1600,0,1804,0,2676,1.6853179586269484,3.9953777741018235,False
lane_choice,P3,12007,40,4.0,0.0,11.774571468909128,8.864510842673633,0.1650053882993474,2.0320664283531382e-05,999979679.3357166,12.999999999999991,12.90832076244491,16.74847084715829,6.1060366622275195,1.5014545503952075,0,0,0,0,-1,inf,0,-1,0,0,6080,1691,0,1829,0,2560,1.6853179586269484,3.9953777741018235,False
lane_choice,P4,12007,40,4.0,0.0,12.011930681626641,8.339167020023577,0.15681014940403565,3.197086409443261e-05,999968029.1359055,12.99999999999999,12.903358507552323,16.74847084715829,6.1060366622275195,1.508038196389593,0,0,0,0,-1,inf,0,-1,0,0,6080,1616,0,1788,0,2676,1.6853179586269484,3.9953777741018235,False
lane_choice,P0,12008,40,4.0,0.0,-1.4841772517946121,-13.800125353527465,0.7112488585418857,0.27149979741639463,728500202.5836054,12.99999999999999,12.882786325056207,16.782438462261936,inf,1.5013499953110632,0,0,0,0,-1,inf,0,-1,0,0,6080,1879,0,1762,0,2439,1.811627553265889,4.265497009580975,False
lane_choice,P1,12008,40,4.0,0.0,11.415283391778742,7.917465961148334,0.19749853001493048,9.757018575009277e-05,999902429.81425,12.999999999999991,12.91210617836171,16.755131274768452,6.1060366622275195,1.5001885304115121,0,0,0,0,-1,inf,0,-1,0,0,6080,1784,0,1780,0,2516,1.811627553265889,4.265497009580975,False
lane_choice,P2,12008,40,4.0,0.0,12.011930681626641,8.339167020023577,0.15681014940403565,3.197086409443261e-05,999968029.1359055,12.99999999999999,12.903358507552323,16.74847084715829,6.1060366622275195,1.508038196389593,0,0,0,0,-1,inf,0,-1,0,0,6080,1616,0,1788,0,2676,1.811627553265889,4.265497009580975,False
lane_choice,P3,12008,40,4.0,0.0,11.415283391778742,7.917465961148334,0.19749853001493048,9.757018575009277e-05,999902429.81425,12.999999999999991,12.91210617836171,16.755131274768452,6.1060366622275195,1.5001885304115121,0,0,0,0,-1,inf,0,-1,0,0,6080,1784,0,1780,0,2516,1.811627553265889,4.265497009580975,False
lane_choice,P4,12008,40,4.0,0.0,12.011930681626641,8.339167020023577,0.15681014940403565,3.197086409443261e-05,999968029.1359055,12.99999999999999,12.903358507552323,16.74847084715829,6.1060366622275195,1.508038196389593,0,0,0,0,-1,inf,0,-1,0,0,6080,1616,0,1788,0,2676,1.811627553265889,4.265497009580975,False
lane_choice,P0,12009,40,4.0,0.0,-1.4841772517946121,-13.800125353527465,0.7112488585418857,0.27149979741639463,728500202.5836054,12.99999999999999,12.882786325056207,16.782438462261936,inf,1.5013499953110632,0,0,0,0,-1,inf,0,-1,0,0,6080,1879,0,1762,0,2439,1.8501987730986174,4.222102837419873,False
lane_choice,P1,12009,40,4.0,0.0,11.435182525296545,8.012373056845629,0.19517708609454484,8.383575704004454e-05,999916164.24296,12.99999999999999,12.910819574708963,16.753017151880435,6.1060366622275195,1.501167547298801,0,0,0,0,-1,inf,0,-1,0,0,6080,1768,0,1784,0,2528,1.8501987730986174,4.222102837419873,False
lane_choice,P2,12009,40,4.0,0.0,12.011930681626641,8.339167020023577,0.15681014940403565,3.197086409443261e-05,999968029.1359055,12.99999999999999,12.903358507552323,16.74847084715829,6.1060366622275195,1.508038196389593,0,0,0,0,-1,inf,0,-1,0,0,6080,1616,0,1788,0,2676,1.8501987730986174,4.222102837419873,False
lane_choice,P3,12009,40,4.0,0.0,11.415283391778742,7.917465961148334,0.19749853001493048,9.757018575009277e-05,999902429.81425,12.999999999999991,12.91210617836171,16.755131274768452,6.1060366622275195,1.5001885304115121,0,0,0,0,-1,inf,0,-1,0,0,6080,1784,0,1780,0,2516,1.8501987730986174,4.222102837419873,False
lane_choice,P4,12009,40,4.0,0.0,12.011930681626641,8.339167020023577,0.15681014940403565,3.197086409443261e-05,999968029.1359055,12.99999999999999,12.903358507552323,16.74847084715829,6.1060366622275195,1.508038196389593,0,0,0,0,-1,inf,0,-1,0,0,6080,1616,0,1788,0,2676,1.8501987730986174,4.222102837419873,False
lane_choice,P0,12010,40,4.0,0.0,-1.4841772517946121,-13.800125353527465,0.7112488585418857,0.27149979741639463,728500202.5836054,12.99999999999999,12.882786325056207,16.782438462261936,inf,1.5013499953110632,0,0,0,0,-1,inf,0,-1,0,0,6080,1879,0,1762,0,2439,1.5919530369352142,3.967041836778246,False
lane_choice,P1,12010,40,4.0,0.0,11.415283391778742,7.917465961148334,0.19749853001493048,9.757018575009277e-05,999902429.81425,12.999999999999991,12.91210617836171,16.755131274768452,6.1060366622275195,1.5001885304115121,0,0,0,0,-1,inf,0,-1,0,0,6080,1784,0,1780,0,2516,1.5919530369352142,3.967041836778246,False
lane_choice,P2,12010,40,4.0,0.0,12.011930681626641,8.339167020023577,0.15681014940403565,3.197086409443261e-05,999968029.1359055,12.99999999999999,12.903358507552323,16.74847084715829,6.1060366622275195,1.508038196389593,0,0,0,0,-1,inf,0,-1,0,0,6080,1616,0,1788,0,2676,1.5919530369352142,3.967041836778246,False
lane_choice,P3,12010,40,4.0,0.0,12.076728932495755,9.263228055490746,0.13843144961890505,8.18915618597111e-06,999991810.8438139,12.99999999999999,12.911716648644994,16.757163456939804,6.1060366622275195,1.5028868179940864,0,0,0,0,-1,inf,0,-1,0,0,6080,1729,0,1751,0,2600,1.5919530369352142,3.967041836778246,False
lane_choice,P4,12010,40,4.0,0.0,12.011930681626641,8.339167020023577,0.15681014940403565,3.197086409443261e-05,999968029.1359055,12.99999999999999,12.903358507552323,16.74847084715829,6.1060366622275195,1.508038196389593,0,0,0,0,-1,inf,0,-1,0,0,6080,1616,0,1788,0,2676,1.5919530369352142,3.967041836778246,False
lane_choice,P0,12011,40,4.0,0.0,-1.4841772517946121,-13.800125353527465,0.7112488585418857,0.27149979741639463,728500202.5836054,12.99999999999999,12.882786325056207,16.782438462261936,inf,1.5013499953110632,0,0,0,0,-1,inf,0,-1,0,0,6080,1879,0,1762,0,2439,1.7566366753791798,4.189685578391737,False
lane_choice,P1,12011,40,4.0,0.0,11.435182525296545,8.012373056845629,0.19517708609454484,8.383575704004454e-05,999916164.24296,12.99999999999999,12.910819574708963,16.753017151880435,6.1060366622275195,1.501167547298801,0,0,0,0,-1,inf,0,-1,0,0,6080,1768,0,1784,0,2528,1.7566366753791798,4.189685578391737,False
lane_choice,P2,12011,40,4.0,0.0,12.101132847578397,8.783780876789407,0.14732170842461895,1.6529403731088244e-05,999983470.5962689,12.99999999999999,12.905349679254607,16.74847084715829,6.1060366622275195,1.5010597912286787,0,0,0,0,-1,inf,0,-1,0,0,6080,1602,0,1812,0,2666,1.7566366753791798,4.189685578391737,False
lane_choice,P3,12011,40,4.0,0.0,11.435182525296545,8.012373056845629,0.19517708609454484,8.383575704004454e-05,999916164.24296,12.99999999999999,12.910819574708963,16.753017151880435,6.1060366622275195,1.501167547298801,0,0,0,0,-1,inf,0,-1,0,0,6080,1768,0,1784,0,2528,1.7566366753791798,4.189685578391737,False
lane_choice,P4,12011,40,4.0,0.0,12.011930681626641,8.339167020023577,0.15681014940403565,3.197086409443261e-05,999968029.1359055,12.99999999999999,12.903358507552323,16.74847084715829,6.1060366622275195,1.508038196389593,0,0,0,0,-1,inf,0,-1,0,0,6080,1616,0,1788,0,2676,1.7566366753791798,4.189685578391737,False
lane_choice,P0,12012,40,4.0,0.0,-1.4841772517946121,-13.800125353527465,0.7112488585418857,0.27149979741639463,728500202.5836054,12.99999999999999,12.882786325056207,16.782438462261936,inf,1.5013499953110632,0,0,0,0,-1,inf,0,-1,0,0,6080,1879,0,1762,0,2439,1.7154928838578087,4.02566517713351,False
lane_choice,P1,12012,40,4.0,0.0,11.435182525296545,8.012373056845629,0.19517708609454484,8.383575704004454e-05,999916164.24296,12.99999999999999,12.910819574708963,16.753017151880435,6.1060366622275195,1.501167547298801,0,0,0,0,-1,inf,0,-1,0,0,6080,1768,0,1784,0,2528,1.7154928838578087,4.02566517713351,False
lane_choice,P2,12012,40,4.0,0.0,10.097163224020916,5.864452961638088,0.3556042036767588,0.0016046030005739443,998395396.9994259,12.99999999999999,12.905176103758798,16.74847084715829,6.1060366622275195,1.507810195754565,0,0,0,0,-1,inf,0,-1,0,0,6080,1856,0,1682,0,2542,1.7154928838578087,4.02566517713351,False
lane_choice,P3,12012,40,4.0,0.0,11.435182525296545,8.012373056845629,0.19517708609454484,8.383575704004454e-05,999916164.24296,12.99999999999999,12.910819574708963,16.753017151880435,6.1060366622275195,1.501167547298801,0,0,0,0,-1,inf,0,-1,0,0,6080,1768,0,1784,0,2528,1.7154928838578087,4.02566517713351,False
lane_choice,P4,12012,40,4.0,0.0,12.011930681626641,8.339167020023577,0.15681014940403565,3.197086409443261e-05,999968029.1359055,12.99999999999999,12.903358507552323,16.74847084715829,6.1060366622275195,1.508038196389593,0,0,0,0,-1,inf,0,-1,0,0,6080,1616,0,1788,0,2676,1.7154928838578087,4.02566517713351,False
lane_choice,P0,12013,40,4.0,0.0,-1.4841772517946121,-13.800125353527465,0.7112488585418857,0.27149979741639463,728500202.5836054,12.99999999999999,12.882786325056207,16.782438462261936,inf,1.5013499953110632,0,0,0,0,-1,inf,0,-1,0,0,6080,1879,0,1762,0,2439,1.8388076946589436,4.308277738359172,False
lane_choice,P1,12013,40,4.0,0.0,11.761369247674178,8.763759785661756,0.16494697501400693,2.2891689134287736e-05,999977108.3108658,12.99999999999999,12.909748525722138,16.7508040885184,6.1060366622275195,1.500368498496405,0,0,0,0,-1,inf,0,-1,0,0,6080,1706,0,1817,0,2557,1.8388076946589436,4.308277738359172,False
lane_choice,P2,12013,40,4.0,0.0,12.008621702981113,8.339167020023577,0.15701360302838382,3.2002794464293644e-05,999967997.2055357,12.99999999999999,12.903358507552323,16.74847084715829,6.1060366622275195,1.508038196389593,0,0,0,0,-1,inf,0,-1,0,0,6080,1631,0,1773,0,2676,1.8388076946589436,4.308277738359172,False
lane_choice,P3,12013,40,4.0,0.0,11.761369247674178,8.763759785661756,0.16494697501400693,2.2891689134287736e-05,999977108.3108658,12.99999999999999,12.909748525722138,16.7508040885184,6.1060366622275195,1.500368498496405,0,0,0,0,-1,inf,0,-1,0,0,6080,1706,0,1817,0,2557,1.8388076946589436,4.308277738359172,False
lane_choice,P4,12013,40,4.0,0.0,12.011930681626641,8.339167020023577,0.15681014940403565,3.197086409443261e-05,999968029.1359055,12.99999999999999,12.903358507552323,16.74847084715829,6.1060366622275195,1.508038196389593,0,0,0,0,-1,inf,0,-1,0,0,6080,1616,0,1788,0,2676,1.8388076946589436,4.308277738359172,False
lane_choice,P0,12014,40,4.0,0.0,-1.4841772517946121,-13.800125353527465,0.7112488585418857,0.27149979741639463,728500202.5836054,12.99999999999999,12.882786325056207,16.782438462261936,inf,1.5013499953110632,0,0,0,0,-1,inf,0,-1,0,0,6080,1879,0,1762,0,2439,1.9794169096915692,4.588578276728024,False
lane_choice,P1,12014,40,4.0,0.0,11.43164033473314,7.97072833400294,0.19631392238432377,8.974218320885683e-05,999910257.8167912,12.99999999999999,12.911978679206724,16.755131274768452,6.1060366622275195,1.5002839596935633,0,0,0,0,-1,inf,0,-1,0,0,6080,1777,0,1784,0,2519,1.9794169096915692,4.588578276728024,False
lane_choice,P2,12014,40,4.0,0.0,12.011930681626641,8.339167020023577,0.15681014940403565,3.197086409443261e-05,999968029.1359055,12.99999999999999,12.903358507552323,16.74847084715829,6.1060366622275195,1.508038196389593,0,0,0,0,-1,inf,0,-1,0,0,6080,1616,0,1788,0,2676,1.9794169096915692,4.588578276728024,False
lane_choice,P3,12014,40,4.0,0.0,11.415283391778742,7.917465961148334,0.19749853001493048,9.757018575009277e-05,999902429.81425,12.999999999999991,12.91210617836171,16.755131274768452,6.1060366622275195,1.5001885304115121,0,0,0,0,-1,inf,0,-1,0,0,6080,1784,0,1780,0,2516,1.9794169096915692,4.588578276728024,False
lane_choice,P4,12014,40,4.0,0.0,12.011930681626641,8.339167020023577,0.15681014940403565,3.197086409443261e-05,999968029.1359055,12.99999999999999,12.903358507552323,16.74847084715829,6.1060366622275195,1.508038196389593,0,0,0,0,-1,inf,0,-1,0,0,6080,1616,0,1788,0,2676,1.9794169096915692,4.588578276728024,False
lane_choice,P0,12015,40,4.0,0.0,-1.4841772517946121,-13.800125353527465,0.7112488585418857,0.27149979741639463,728500202.5836054,12.99999999999999,12.882786325056207,16.782438462261936,inf,1.5013499953110632,0,0,0,0,-1,inf,0,-1,0,0,6080,1879,0,1762,0,2439,1.7275240215075278,4.140273670725392,False
lane_choice,P1,12015,40,4.0,0.0,11.415283391778742,7.917465961148334,0.19749853001493048,9.757018575009277e-05,999902429.81425,12.999999999999991,12.91210617836171,16.755131274768452,6.1060366622275195,1.5001885304115121,0,0,0,0,-1,inf,0,-1,0,0,6080,1784,0,1780,0,2516,1.7275240215075278,4.140273670725392,False
lane_choice,P2,12015,40,4.0,0.0,12.011930681626641,8.339167020023577,0.15681014940403565,3.197086409443261e-05,999968029.1359055,12.99999999999999,12.903358507552323,16.74847084715829,6.1060366622275195,1.508038196389593,0,0,0,0,-1,inf,0,-1,0,0,6080,1616,0,1788,0,2676,1.7275240215075278,4.140273670725392,False
lane_choice,P3,12015,40,4.0,0.0,11.415283391778742,7.917465961148334,0.19749853001493048,9.757018575009277e-05,999902429.81425,12.999999999999991,12.91210617836171,16.755131274768452,6.1060366622275195,1.5001885304115121,0,0,0,0,-1,inf,0,-1,0,0,6080,1784,0,1780,0,2516,1.7275240215075278,4.140273670725392,False
lane_choice,P4,12015,40,4.0,0.0,12.011930681626641,8.339167020023577,0.15681014940403565,3.197086409443261e-05,999968029.1359055,12.99999999999999,12.903358507552323,16.74847084715829,6.1060366622275195,1.508038196389593,0,0,0,0,-1,inf,0,-1,0,0,6080,1616,0,1788,0,2676,1.7275240215075278,4.140273670725392,False
lane_choice,P0,12016,40,4.0,0.0,-1.4841772517946121,-13.800125353527465,0.7112488585418857,0.27149979741639463,728500202.5836054,12.99999999999999,12.882786325056207,16.782438462261936,inf,1.5013499953110632,0,0,0,0,-1,inf,0,-1,0,0,6080,1879,0,1762,0,2439,1.6612458786914026,4.026972751484534,False
lane_choice,P1,12016,40,4.0,0.0,11.415283391778742,7.917465961148334,0.19749853001493048,9.757018575009277e-05,999902429.81425,12.999999999999991,12.91210617836171,16.755131274768452,6.1060366622275195,1.5001885304115121,0,0,0,0,-1,inf,0,-1,0,0,6080,1784,0,1780,0,2516,1.6612458786914026,4.026972751484534,False
lane_choice,P2,12016,40,4.0,0.0,12.004846002929833,8.39448333904421,0.15610001630200873,2.9520593791208425e-05,999970479.4062088,12.999999999999993,12.902589135019047,16.747476673586238,6.1060366622275195,1.5086487573915592,0,0,0,0,-1,inf,0,-1,0,0,6080,1608,0,1796,0,2676,1.6612458786914026,4.026972751484534,False
lane_choice,P3,12016,40,4.0,0.0,12.076728932495755,9.263228055490746,0.13843144961890505,8.18915618597111e-06,999991810.8438139,12.99999999999999,12.911716648644994,16.757163456939804,6.1060366622275195,1.5028868179940864,0,0,0,0,-1,inf,0,-1,0,0,6080,1729,0,1751,0,2600,1.6612458786914026,4.026972751484534,False
lane_choice,P4,12016,40,4.0,0.0,12.011930681626641,8.339167020023577,0.15681014940403565,3.197086409443261e-05,999968029.1359055,12.99999999999999,12.903358507552323,16.74847084715829,6.1060366622275195,1.508038196389593,0,0,0,0,-1,inf,0,-1,0,0,6080,1616,0,1788,0,2676,1.6612458786914026,4.026972751484534,False
lane_choice,P0,12017,40,4.0,0.0,-1.4841772517946121,-13.800125353527465,0.7112488585418857,0.27149979741639463,728500202.5836054,12.99999999999999,12.882786325056207,16.782438462261936,inf,1.5013499953110632,0,0,0,0,-1,inf,0,-1,0,0,6080,1879,0,1762,0,2439,1.850548397141478,4.409933711478084,False
lane_choice,P1,12017,40,4.0,0.0,11.435182525296545,8.012373056845629,0.19517708609454484,8.383575704004454e-05,999916164.24296,12.99999999999999,12.910819574708963,16.753017151880435,6.1060366622275195,1.501167547298801,0,0,0,0,-1,inf,0,-1,0,0,6080,1768,0,1784,0,2528,1.850548397141478,4.409933711478084,False
lane_choice,P2,12017,40,4.0,0.0,12.008621702981113,8.339167020023577,0.15701360302838382,3.2002794464293644e-05,999967997.2055357,12.99999999999999,12.903358507552323,16.74847084715829,6.1060366622275195,1.508038196389593,0,0,0,0,-1,inf,0,-1,0,0,6080,1631,0,1773,0,2676,1.850548397141478,4.409933711478084,False
lane_choice,P3,12017,40,4.0,0.0,11.774571468909128,8.864510842673633,0.1650053882993474,2.0320664283531382e-05,999979679.3357166,12.999999999999991,12.90832076244491,16.74847084715829,6.1060366622275195,1.5014545503952075,0,0,0,0,-1,inf,0,-1,0,0,6080,1691,0,1829,0,2560,1.850548397141478,4.409933711478084,False
lane_choice,P4,12017,40,4.0,0.0,12.011930681626641,8.339167020023577,0.15681014940403565,3.197086409443261e-05,999968029.1359055,12.99999999999999,12.903358507552323,16.74847084715829,6.1060366622275195,1.508038196389593,0,0,0,0,-1,inf,0,-1,0,0,6080,1616,0,1788,0,2676,1.850548397141478,4.409933711478084,False
lane_choice,P0,12018,40,4.0,0.0,-1.4841772517946121,-13.800125353527465,0.7112488585418857,0.27149979741639463,728500202.5836054,12.99999999999999,12.882786325056207,16.782438462261936,inf,1.5013499953110632,0,0,0,0,-1,inf,0,-1,0,0,6080,1879,0,1762,0,2439,1.6996636532230405,4.112250994043594,False
lane_choice,P1,12018,40,4.0,0.0,11.415283391778742,7.917465961148334,0.19749853001493048,9.757018575009277e-05,999902429.81425,12.999999999999991,12.91210617836171,16.755131274768452,6.1060366622275195,1.5001885304115121,0,0,0,0,-1,inf,0,-1,0,0,6080,1784,0,1780,0,2516,1.6996636532230405,4.112250994043594,False
lane_choice,P2,12018,40,4.0,0.0,12.004846002929833,8.39448333904421,0.15610001630200873,2.9520593791208425e-05,999970479.4062088,12.999999999999993,12.902589135019047,16.747476673586238,6.1060366622275195,1.5086487573915592,0,0,0,0,-1,inf,0,-1,0,0,6080,1608,0,1796,0,2676,1.6996636532230405,4.112250994043594,False
lane_choice,P3,12018,40,4.0,0.0,12.076728932495755,9.263228055490746,0.13843144961890505,8.18915618597111e-06,999991810.8438139,12.99999999999999,12.911716648644994,16.757163456939804,6.1060366622275195,1.5028868179940864,0,0,0,0,-1,inf,0,-1,0,0,6080,1729,0,1751,0,2600,1.6996636532230405,4.112250994043594,False
lane_choice,P4,12018,40,4.0,0.0,12.011930681626641,8.339167020023577,0.15681014940403565,3.197086409443261e-05,999968029.1359055,12.99999999999999,12.903358507552323,16.74847084715829,6.1060366622275195,1.508038196389593,0,0,0,0,-1,inf,0,-1,0,0,6080,1616,0,1788,0,2676,1.6996636532230405,4.112250994043594,False
lane_choice,P0,12019,40,4.0,0.0,-1.4841772517946121,-13.800125353527465,0.7112488585418857,0.27149979741639463,728500202.5836054,12.99999999999999,12.882786325056207,16.782438462261936,inf,1.5013499953110632,0,0,0,0,-1,inf,0,-1,0,0,6080,1879,0,1762,0,2439,1.7231585432988623,4.192194586139385,False
lane_choice,P1,12019,40,4.0,0.0,11.435182525296545,8.012373056845629,0.19517708609454484,8.383575704004454e-05,999916164.24296,12.99999999999999,12.910819574708963,16.753017151880435,6.1060366622275195,1.501167547298801,0,0,0,0,-1,inf,0,-1,0,0,6080,1768,0,1784,0,2528,1.7231585432988623,4.192194586139385,False
lane_choice,P2,12019,40,4.0,0.0,11.774571468909128,8.864510842673633,0.1650053882993474,2.0320664283531382e-05,999979679.3357166,12.999999999999991,12.90832076244491,16.74847084715829,6.1060366622275195,1.5014545503952075,0,0,0,0,-1,inf,0,-1,0,0,6080,1691,0,1829,0,2560,1.7231585432988623,4.192194586139385,False
lane_choice,P3,12019,40,4.0,0.0,12.076728932495755,9.263228055490746,0.13843144961890505,8.18915618597111e-06,999991810.8438139,12.99999999999999,12.911716648644994,16.757163456939804,6.1060366622275195,1.5028868179940864,0,0,0,0,-1,inf,0,-1,0,0,6080,1729,0,1751,0,2600,1.7231585432988623,4.192194586139385,False
lane_choice,P4,12019,40,4.0,0.0,12.011930681626641,8.339167020023577,0.15681014940403565,3.197086409443261e-05,999968029.1359055,12.99999999999999,12.903358507552323,16.74847084715829,6.1060366622275195,1.508038196389593,0,0,0,0,-1,inf,0,-1,0,0,6080,1616,0,1788,0,2676,1.7231585432988623,4.192194586139385,False
overtake,P0,12000,50,5.0,0.0,22.62736394678997,17.202168997219456,0.002578554692863666,2.198391390379365e-25,1000000000.0,46.518333333333324,46.518333333333324,2.4904909426827615,0.42965043739282216,inf,0,0,0,0,-1,inf,0,-1,0,0,7600,0,0,0,2828,4772,1.4661146003629009,3.4794881401075686,False
overtake,P1,12000,50,5.0,0.0,22.82784942759068,17.202168997219456,0.0024468926845414903,2.185109841583241e-25,1000000000.0,46.563333333333304,46.563333333333304,2.4456533146758486,0.41968672019730213,inf,0,0,0,0,-1,inf,0,-1,0,0,7600,0,0,0,2901,4699,1.4661146003629009,3.4794881401075686,False
overtake,P2,12000,50,5.0,0.0,22.513527958725945,17.202168997219456,0.002600615605497145,2.198391390379366e-25,1000000000.0,46.451666666666654,46.451666666666654,2.5569275447142066,0.4609883254481637,inf,0,0,0,0,-1,inf,0,-1,0,0,7600,0,0,0,2780,4820,1.4661146003629009,3.4794881401075686,False
overtake,P3,12000,50,5.0,0.0,22.538069669179585,17.202168997219456,0.002590836417599639,2.198391390379365e-25,1000000000.0,46.39833333333332,46.39833333333332,2.6100852736232385,0.5192083346416163,inf,0,0,0,0,-1,inf,0,-1,0,0,7600,0,0,0,2774,4826,1.4661146003629009,3.4794881401075686,False
overtake,P4,12000,50,5.0,0.0,22.499086537006207,17.202168997219456,0.0026004310379757543,2.198391390379366e-25,1000000000.0,46.35833333333331,46.35833333333331,2.6499582013530447,0.5531066397263678,inf,0,0,0,0,-1,inf,0,-1,0,0,7600,0,0,0,2747,4853,1.4661146003629009,3.4794881401075686,False
overtake,P0,12001,50,5.0,0.0,22.350845708729793,17.202168997219456,0.002629013124742117,2.1979057216521007e-25,1000000000.0,46.31699999999997,46.31699999999997,2.691164188811327,0.5053392001532425,inf,0,0,0,0,-1,inf,0,-1,0,0,7600,0,0,0,2691,4909,1.4939372381566918,3.4896592813424183,False
overtake,P1,12001,50,5.0,0.0,22.83748689389634,17.202168997219456,0.002443451282386839,2.185109841583241e-25,1000000000.0,46.54999999999999,46.54999999999999,2.458937919334367,0.4190901529185778,inf,0,0,0,0,-1,inf,0,-1,0,0,7600,0,0,0,2873,4727,1.4939372381566918,3.4896592813424183,False
overtake,P2,12001,50,5.0,0.0,22.180490917639812,17.202168997219456,0.0026455749305148717,2.1979057216521007e-25,1000000000.0,46.09199999999999,46.09199999999999,2.9155342033905938,0.6099552001396682,inf,0,0,0,0,-1,inf,0,-1,0,0,7600,0,0,0,2591,5009,1.4939372381566918,3.4896592813424183,False
overtake,P3,12001,50,5.0,0.0,22.32572646362512,17.202168997219456,0.002630929353109668,2.1979057216521007e-25,1000000000.0,46.28699999999999,46.28699999999999,2.7210741796467848,0.49702460060212755,inf,0,0,0,0,-1,inf,0,-1,0,0,7600,0,0,0,2678,4922,1.4939372381566918,3.4896592813424183,False
overtake,P4,12001,50,5.0,0.0,22.24023410085247,17.202168997219456,0.0026395393231070222,2.1979057216521007e-25,1000000000.0,46.161999999999985,46.161999999999985,2.845719538384003,0.5762437793283529,inf,0,0,0,0,-1,inf,0,-1,0,0,7600,0,0,0,2629,4971,1.4939372381566918,3.4896592813424183,False
overtake,P0,12002,50,5.0,0.0,22.548566397165143,17.202168997219456,0.0025853124453990963,2.198343895608712e-25,1000000000.0,46.466666666666626,46.466666666666626,2.541978258938963,0.5156057594852465,inf,0,0,0,0,-1,inf,0,-1,0,0,7600,0,0,0,2699,4901,1.4998051658004539,3.469227454173347,False
overtake,P1,12002,50,5.0,0.0,22.8055315025979,17.202168997219456,0.0024466624411627804,2.185109841583241e-25,1000000000.0,46.54666666666666,46.54666666666666,2.4622591528076114,0.48819074788104766,inf,0,0,0,0,-1,inf,0,-1,0,0,7600,0,0,0,2790,4810,1.4998051658004539,3.469227454173347,False
overtake,P2,12002,50,5.0,0.0,22.416767141964588,17.202168997219456,0.002598616030705325,2.198343895608712e-25,1000000000.0,46.283333333333324,46.283333333333324,2.7247299809188807,0.6283784281091254,inf,0,0,0,0,-1,inf,0,-1,0,0,7600,0,0,0,2626,4974,1.4998051658004539,3.469227454173347,False
overtake,P3,12002,50,5.0,0.0,22.548566397165143,17.202168997219456,0.0025853124453990963,2.198343895608712e-25,1000000000.0,46.466666666666626,46.466666666666626,2.541978258938963,0.5156057594852465,inf,0,0,0,0,-1,inf,0,-1,0,0,7600,0,0,0,2699,4901,1.4998051658004539,3.469227454173347,False
overtake,P4,12002,50,5.0,0.0,22.42597498787974,17.202168997219456,0.00259676584254487,2.198343895608712e-25,1000000000.0,46.29333333333332,46.29333333333332,2.7147596828420895,0.6211320512975326,inf,0,0,0,0,-1,inf,0,-1,0,0,7600,0,0,0,2631,4969,1.4998051658004539,3.469227454173347,False
overtake,P0,12003,50,5.0,0.0,22.695203506682606,17.202168997219456,0.002470706455656697,2.1934998966131736e-25,1000000000.0,46.31666666666667,46.31666666666667,2.6914965110358473,0.5867598604595128,inf,0,0,0,0,-1,inf,0,-1,0,0,7600,0,0,0,2932,4668,1.497664480626844,3.4367013398593413,False
overtake,P1,12003,50,5.0,0.0,22.71114308687847,17.202168997219456,0.002453092570936689,2.1851098415832705e-25,1000000000.0,46.38666666666664,46.38666666666664,2.6217144776370325,0.5202770846198203,inf,0,0,0,0,-1,inf,0,-1,0,0,7600,0,0,0,2977,4623,1.497664480626844,3.4367013398593413,False
overtake,P2,12003,50,5.0,0.0,22.53096236489646,17.202168997219456,0.0024990573029900066,2.193499896613175e-25,1000000000.0,46.19333333333329,46.19333333333329,2.814472147476039,0.6541326679017069,inf,0,0,0,0,-1,inf,0,-1,0,0,7600,0,0,0,2868,4732,1.497664480626844,3.4367013398593413,False
overtake,P3,12003,50,5.0,0.0,22.61495096412091,17.202168997219456,0.0024877153276777054,2.1934998966131736e-25,1000000000.0,46.30666666666664,46.30666666666664,2.7014662936236955,0.5952105646848861,inf,0,0,0,0,-1,inf,0,-1,0,0,7600,0,0,0,2918,4682,1.497664480626844,3.4367013398593413,False
overtake,P4,12003,50,5.0,0.0,22.509014119189633,17.202168997219456,0.0025134228477483814,2.193499896613258e-25,1000000000.0,46.309999999999995,46.309999999999995,2.6981430079112565,0.5392301293926378,inf,0,0,0,0,-1,inf,0,-1,0,0,7600,0,0,0,2898,4702,1.497664480626844,3.4367013398593413,False
overtake,P0,12004,50,5.0,0.0,22.961856126349893,17.202168997219456,0.0024571018128575106,2.190687906303682e-25,1000000000.0,46.82999999999998,46.82999999999998,2.180086165989885,0.2766086104425219,inf,0,0,0,0,-1,inf,0,-1,0,0,7600,0,0,0,3043,4557,1.4466386610651387,3.454230377007302,False
overtake,P1,12004,50,5.0,0.0,23.085399894014213,17.202168997219456,0.002420664393215886,2.185109841583241e-25,1000000000.0,46.90333333333332,46.90333333333332,2.107103889762329,0.16999868664805773,inf,0,0,0,0,-1,inf,0,-1,0,0,7600,0,0,0,3070,4530,1.4466386610651387,3.454230377007302,False
overtake,P2,12004,50,5.0,0.0,22.983432926703728,17.202168997219456,0.0024599890240939934,2.1906879063036835e-25,1000000000.0,46.81499999999998,46.81499999999998,2.1950172416499263,0.28809101345136306,inf,0,0,0,0,-1,inf,0,-1,0,0,7600,0,0,0,3031,4569,1.4466386610651387,3.454230377007302,False
overtake,P3,12004,50,5.0,0.0,23.004272677749913,17.202168997219456,0.0024551059981776178,2.190687906303682e-25,1000000000.0,46.83499999999998,46.83499999999998,2.1751093515362547,0.2690433944037477,inf,0,0,0,0,-1,inf,0,-1,0,0,7600,0,0,0,3035,4565,1.4466386610651387,3.454230377007302,False
overtake,P4,12004,50,5.0,0.0,22.94107527190801,17.202168997219456,0.002462010813818255,2.1906879063036835e-25,1000000000.0,46.80999999999998,46.80999999999998,2.1999944752522587,0.2959634491521955,inf,0,0,0,0,-1,inf,0,-1,0,0,7600,0,0,0,3035,4565,1.4466386610651387,3.454230377007302,False
overtake,P0,12005,50,5.0,0.0,22.42406971261122,17.202168997219456,0.002623527849116486,2.198459927604074e-25,1000000000.0,46.44066666666664,46.44066666666664,2.5678907302008867,0.41129747707484865,inf,0,0,0,0,-1,inf,0,-1,0,0,7600,0,0,0,2667,4933,1.5467023109989746,3.5161390922572404,False
overtake,P1,12005,50,5.0,0.0,22.95624203643185,17.202168997219456,0.002421779742275532,2.1851098415832407e-25,1000000000.0,46.696666666666644,46.696666666666644,2.3128381127058866,0.36269134793513286,inf,0,0,0,0,-1,inf,0,-1,0,0,7600,0,0,0,2851,4749,1.5467023109989746,3.5161390922572404,False
overtake,P2,12005,50,5.0,0.0,22.461635041590515,17.202168997219456,0.0025913209801466364,2.1936633531689655e-25,1000000000.0,46.428666666666615,46.428666666666615,2.5798509263621714,0.43242512490877105,inf,0,0,0,0,-1,inf,0,-1,0,0,7600,0,0,0,2686,4914,1.5467023109989746,3.5161390922572404,False
overtake,P3,12005,50,5.0,0.0,22.42406971261122,17.202168997219456,0.002623527849116486,2.198459927604074e-25,1000000000.0,46.44066666666664,46.44066666666664,2.5678907302008867,0.41129747707484865,inf,0,0,0,0,-1,inf,0,-1,0,0,7600,0,0,0,2667,4933,1.5467023109989746,3.5161390922572404,False
overtake,P4,12005,50,5.0,0.0,22.418670891218735,17.202168997219456,0.0026267999653059133,2.198459927604074e-25,1000000000.0,46.4323333333333,46.4323333333333,2.576196382702933,0.4329170834492243,inf,0,0,0,0,-1,inf,0,-1,0,0,7600,0,0,0,2660,4940,1.5467023109989746,3.5161390922572404,False
overtake,P0,12006,50,5.0,0.0,22.68498300645868,17.202168997219456,0.0025386283977245276,2.1972521808903817e-25,1000000000.0,46.51599999999999,46.51599999999999,2.4928160163037347,0.5994376378268671,inf,0,0,0,0,-1,inf,0,-1,0,0,7600,0,0,0,2814,4786,1.4554887605100435,3.466151599127011,False
overtake,P1,12006,50,5.0,0.0,22.959910566238264,17.202168997219456,0.0024204522874118712,2.1851098415832407e-25,1000000000.0,46.59666666666666,46.59666666666666,2.412444155260705,0.564998865741502,inf,0,0,0,0,-1,inf,0,-1,0,0,7600,0,0,0,2916,4684,1.4554887605100435,3.466151599127011,False
overtake,P2,12006,50,5.0,0.0,22.503610943407022,17.202168997219456,0.0025569822395763316,2.1972521808903817e-25,1000000000.0,46.299333333333294,46.299333333333294,2.7087776091043416,0.6392208097698788,inf,0,0,0,0,-1,inf,0,-1,0,0,7600,0,0,0,2722,4878,1.4554887605100435,3.466151599127011,False
overtake,P3,12006,50,5.0,0.0,22.575835770489075,17.202168997219456,0.0025499237178421407,2.1972521808903817e-25,1000000000.0,46.38599999999999,46.38599999999999,2.6223790136325524,0.5699080561189391,inf,0,0,0,0,-1,inf,0,-1,0,0,7600,0,0,0,2763,4837,1.4554887605100435,3.466151599127011,False
overtake,P4,12006,50,5.0,0.0,22.575835770489075,17.202168997219456,0.0025499237178421407,2.1972521808903817e-25,1000000000.0,46.38599999999999,46.38599999999999,2.6223790136325524,0.5699080561189391,inf,0,0,0,0,-1,inf,0,-1,0,0,7600,0,0,0,2763,4837,1.4554887605100435,3.466151599127011,False
overtake,P0,12007,50,5.0,0.0,22.75116663133322,17.202168997219456,0.002508945671344899,2.185418423014594e-25,1000000000.0,46.52499999999996,46.52499999999996,2.483847960552449,0.5831990018525571,inf,0,0,0,0,-1,inf,0,-1,0,0,7600,0,0,0,2829,4771,1.5573539939283736,3.444879142383064,False
overtake,P1,12007,50,5.0,0.0,22.789031367057106,17.202168997219456,0.0024483671743842734,2.185109841583241e-25,1000000000.0,46.48999999999995,46.48999999999995,2.5187250130057106,0.5582133945112235,inf,0,0,0,0,-1,inf,0,-1,0,0,7600,0,0,0,2840,4760,1.5573539939283736,3.444879142383064,False
overtake,P2,12007,50,5.0,0.0,22.685124235582762,17.202168997219456,0.0025201600317123272,2.185418423014594e-25,1000000000.0,46.45499999999997,46.45499999999997,2.5536054298071442,0.5957133945112048,inf,0,0,0,0,-1,inf,0,-1,0,0,7600,0,0,0,2788,4812,1.5573539939283736,3.444879142383064,False
overtake,P3,12007,50,5.0,0.0,22.688027840482494,17.202168997219456,0.0025161537603403308,2.185418423014594e-25,1000000000.0,46.455,46.455,2.5536054298071162,0.5852622823267672,inf,0,0,0,0,-1,inf,0,-1,0,0,7600,0,0,0,2796,4804,1.5573539939283736,3.444879142383064,False
overtake,P4,12007,50,5.0,0.0,22.685124235582762,17.202168997219456,0.0025201600317123272,2.185418423014594e-25,1000000000.0,46.45499999999997,46.45499999999997,2.5536054298071442,0.5957133945112048,inf,0,0,0,0,-1,inf,0,-1,0,0,7600,0,0,0,2788,4812,1.5573539939283736,3.444879142383064,False
overtake,P0,12008,50,5.0,0.0,22.625620623408278,17.202168997219456,0.002607780691539792,2.1983916895888613e-25,1000000000.0,46.531666666666666,46.531666666666666,2.477205105675512,0.4653713607220966,inf,0,0,0,0,-1,inf,0,-1,0,0,7600,0,0,0,2827,4773,1.553285045559235,3.6483003846066784,False
overtake,P1,12008,50,5.0,0.0,22.970680511281326,17.202168997219456,0.00243356766242123,2.185109841583241e-25,1000000000.0,46.69999999999999,46.69999999999999,2.309518497683106,0.33321339451118215,inf,0,0,0,0,-1,inf,0,-1,0,0,7600,0,0,0,2962,4638,1.553285045559235,3.6483003846066784,False
overtake,P2,12008,50,5.0,0.0,22.599927785647672,17.202168997219456,0.0026151628224557136,2.1983916895888613e-25,1000000000.0,46.53166666666665,46.53166666666665,2.477205105675526,0.46537136072211044,inf,0,0,0,0,-1,inf,0,-1,0,0,7600,0,0,0,2804,4796,1.553285045559235,3.6483003846066784,False
overtake,P3,12008,50,5.0,0.0,22.599927785647672,17.202168997219456,0.0026151628224557136,2.1983916895888613e-25,1000000000.0,46.53166666666665,46.53166666666665,2.477205105675526,0.46537136072211044,inf,0,0,0,0,-1,inf,0,-1,0,0,7600,0,0,0,2804,4796,1.553285045559235,3.6483003846066784,False
overtake,P4,12008,50,5.0,0.0,22.599927785647672,17.202168997219456,0.0026151628224557136,2.1983916895888613e-25,1000000000.0,46.53166666666665,46.53166666666665,2.477205105675526,0.46537136072211044,inf,0,0,0,0,-1,inf,0,-1,0,0,7600,0,0,0,2804,4796,1.553285045559235,3.6483003846066784,False
overtake,P0,12009,50,5.0,0.0,22.72630169809736,17.202168997219456,0.0025284681425663336,2.1966331731040876e-25,1000000000.0,46.60199999999997,46.59932535289056,2.4185255710489955,0.527502157821406,inf,0,0,0,0,-1,inf,0,-1,0,0,7600,70,0,0,2930,4600,1.5348255184463877,3.561233303756469,False
overtake,P1,12009,50,5.0,0.0,23.06943936714734,17.202168997219456,0.0024424234092771443,2.185109841583271e-25,1000000000.0,46.71999999999996,46.71999999999996,2.2896016446405136,0.4407878310057572,inf,0,0,0,0,-1,inf,2,48,0,2,7600,0,0,0,3103,4497,1.5348255184463877,3.561233303756469,False
overtake,P2,12009,50,5.0,0.0,22.785214062680403,17.202168997219456,0.002545512320993966,2.1966331731040876e-25,1000000000.0,46.641999999999975,46.641999999999975,2.3672852999037732,0.4823798557366175,inf,0,0,0,0,-1,inf,2,48,0,2,7600,0,0,0,3040,4560,1.5348255184463877,3.561233303756469,False
overtake,P3,12009,50,5.0,0.0,22.831043326017216,17.202168997219456,0.0025318816921013686,2.1966331731040876e-25,1000000000.0,46.605333333333306,46.60476109037478,2.407018802224875,0.5081059262903751,inf,0,0,0,0,-1,inf,0,-1,0,0,7600,24,0,0,2939,4637,1.5348255184463877,3.561233303756469,False
overtake,P4,12009,50,5.0,0.0,22.785214062680403,17.202168997219456,0.002545512320993966,2.1966331731040876e-25,1000000000.0,46.641999999999975,46.641999999999975,2.3672852999037732,0.4823798557366175,inf,0,0,0,0,-1,inf,2,48,0,2,7600,0,0,0,3040,4560,1.5348255184463877,3.561233303756469,False
overtake,P0,12010,50,5.0,0.0,22.578098217135356,17.202168997219456,0.00253473948220497,2.1866415987933647e-25,1000000000.0,46.26166666666665,46.26166666666665,2.7463330343541585,0.7620330524174012,inf,0,0,0,0,-1,inf,0,-1,0,0,7600,0,0,0,2844,4756,1.3687886064869808,3.2727451673874257,False
overtake,P1,12010,50,5.0,0.0,22.704794166391434,17.202168997219456,0.00245275093742114,2.185109841583241e-25,1000000000.0,46.30999999999998,46.30999999999998,2.6981430079112707,0.7510705373683338,inf,0,0,0,0,-1,inf,0,-1,0,0,7600,0,0,0,2884,4716,1.3687886064869808,3.2727451673874257,False
overtake,P2,12010,50,5.0,0.0,22.310093312777344,17.202168997219456,0.0025659405197219383,2.1866415987933647e-25,1000000000.0,46.023333333333326,46.023333333333326,2.9840275024846643,0.8588398564148678,inf,0,0,0,0,-1,inf,0,-1,0,0,7600,0,0,0,2715,4885,1.3687886064869808,3.2727451673874257,False
overtake,P3,12010,50,5.0,0.0,22.548702907880873,17.202168997219456,0.0025369394266134006,2.1866415987933647e-25,1000000000.0,46.21833333333334,46.21833333333334,2.7895421014182205,0.806100849027545,inf,0,0,0,0,-1,inf,0,-1,0,0,7600,0,0,0,2818,4782,1.3687886064869808,3.2727451673874257,False
overtake,P4,12010,50,5.0,0.0,22.329808785474953,17.202168997219456,0.002559617885597607,2.1866415987933647e-25,1000000000.0,46.013333333333314,46.013333333333314,2.994002917319599,0.8934320909347255,inf,0,0,0,0,-1,inf,0,-1,0,0,7600,0,0,0,2720,4880,1.3687886064869808,3.2727451673874257,False
overtake,P0,12011,50,5.0,0.0,22.36343319724371,17.202168997219456,0.002607645832019502,2.198187735887395e-25,1000000000.0,46.23833333333332,46.23833333333332,2.7695989725803654,0.6951279065424616,inf,0,0,0,0,-1,inf,0,-1,0,0,7600,0,0,0,2732,4868,1.5093259895039137,3.5815277556345904,False
overtake,P1,12011,50,5.0,0.0,22.569505960529085,17.202168997219456,0.0024611833401873393,2.185109841583241e-25,1000000000.0,46.30666666666666,46.30666666666666,2.7014662936236813,0.6533376507293823,inf,0,0,0,0,-1,inf,0,-1,0,0,7600,0,0,0,2813,4787,1.5093259895039137,3.5815277556345904,False
overtake,P2,12011,50,5.0,0.0,22.33260649653515,17.202168997219456,0.002620224105535731,2.198187735887395e-25,1000000000.0,46.248333333333306,46.248333333333306,2.759627716846055,0.6814711696752395,inf,0,0,0,0,-1,inf,0,-1,0,0,7600,0,0,0,2716,4884,1.5093259895039137,3.5815277556345904,False
overtake,P3,12011,50,5.0,0.0,22.36343319724371,17.202168997219456,0.002607645832019502,2.198187735887395e-25,1000000000.0,46.23833333333332,46.23833333333332,2.7695989725803654,0.6951279065424616,inf,0,0,0,0,-1,inf,0,-1,0,0,7600,0,0,0,2732,4868,1.5093259895039137,3.5815277556345904,False
overtake,P4,12011,50,5.0,0.0,22.33260649653515,17.202168997219456,0.002620224105535731,2.198187735887395e-25,1000000000.0,46.248333333333306,46.248333333333306,2.759627716846055,0.6814711696752395,inf,0,0,0,0,-1,inf,0,-1,0,0,7600,0,0,0,2716,4884,1.5093259895039137,3.5815277556345904,False
overtake,P0,12012,50,5.0,0.0,22.675148577406798,17.202168997219456,0.0024719359298242633,2.1935480534719777e-25,1000000000.0,46.15166666666665,46.15166666666665,2.8560249419285983,0.9045605279408157,inf,0,0,0,0,-1,inf,0,-1,0,0,7600,0,0,0,2910,4690,1.401883525567821,3.3403574658579624,False
overtake,P1,12012,50,5.0,0.0,22.69207943310487,17.202168997219456,0.0024399229756254855,2.185109841583241e-25,1000000000.0,46.17999999999998,46.17999999999998,2.8277686770916217,0.8903562516540493,inf,0,0,0,0,-1,inf,0,-1,0,0,7600,0,0,0,2933,4667,1.401883525567821,3.3403574658579624,False
overtake,P2,12012,50,5.0,0.0,22.675148577406798,17.202168997219456,0.0024719359298242633,2.1935480534719777e-25,1000000000.0,46.15166666666665,46.15166666666665,2.8560249419285983,0.9045605279408157,inf,0,0,0,0,-1,inf,0,-1,0,0,7600,0,0,0,2910,4690,1.401883525567821,3.3403574658579624,False
overtake,P3,12012,50,5.0,0.0,22.675148577406798,17.202168997219456,0.0024719359298242633,2.1935480534719777e-25,1000000000.0,46.15166666666665,46.15166666666665,2.8560249419285983,0.9045605279408157,inf,0,0,0,0,-1,inf,0,-1,0,0,7600,0,0,0,2910,4690,1.401883525567821,3.3403574658579624,False
overtake,P4,12012,50,5.0,0.0,22.675148577406798,17.202168997219456,0.0024719359298242633,2.1935480534719777e-25,1000000000.0,46.15166666666665,46.15166666666665,2.8560249419285983,0.9045605279408157,inf,0,0,0,0,-1,inf,0,-1,0,0,7600,0,0,0,2910,4690,1.401883525567821,3.3403574658579624,False
overtake,P0,12013,50,5.0,0.0,22.60642529087853,17.202168997219456,0.0026002908584525208,2.198063468861307e-25,1000000000.0,46.39599999999996,46.39599999999996,2.6124110877005164,0.5659501547949093,inf,0,0,0,0,-1,inf,0,-1,0,0,7600,0,0,0,2721,4879,1.5833668881154852,3.5677374063953384,False
overtake,P1,12013,50,5.0,0.0,22.88121803152228,17.202168997219456,0.002438613048647758,2.185109841583241e-25,1000000000.0,46.56666666666666,46.56666666666666,2.442332246491355,0.4165617201972779,inf,0,0,0,0,-1,inf,0,-1,0,0,7600,0,0,0,2837,4763,1.5833668881154852,3.5677374063953384,False
overtake,P2,12013,50,5.0,0.0,22.4026629568561,17.202168997219456,0.0026341563280041563,2.198063468861307e-25,1000000000.0,46.334333333333305,46.334333333333305,2.6738837799946182,0.5398929533594056,inf,0,0,0,0,-1,inf,0,-1,0,0,7600,0,0,0,2632,4968,1.5833668881154852,3.5677374063953384,False
overtake,P3,12013,50,5.0,0.0,22.435152258035206,17.202168997219456,0.002619578525038895,2.198063468861307e-25,1000000000.0,46.26266666666666,46.26266666666666,2.7453359482799526,0.630617276581824,inf,0,0,0,0,-1,inf,0,-1,0,0,7600,0,0,0,2646,4954,1.5833668881154852,3.5677374063953384,False
overtake,P4,12013,50,5.0,0.0,22.433654381594707,17.202168997219456,0.002626773642977539,2.198063468861307e-25,1000000000.0,46.38599999999997,46.38599999999997,2.6223790136325733,0.47348421834125626,inf,0,0,0,0,-1,inf,0,-1,0,0,7600,0,0,0,2662,4938,1.5833668881154852,3.5677374063953384,False
overtake,P0,12014,50,5.0,0.0,22.5234247879654,17.202168997219456,0.0026040402629551786,2.2006968048065956e-25,1000000000.0,46.35199999999997,46.35199999999997,2.656271765301989,0.7010629449047426,inf,0,0,0,0,-1,inf,0,-1,0,0,7600,0,0,0,2990,4610,1.6369551706238403,3.81680713607936,False
overtake,P1,12014,50,5.0,0.0,22.70914057403762,17.202168997219456,0.002590424990441184,2.1909020245509977e-25,1000000000.0,46.49999999999999,46.49999999999999,2.508759791438872,0.6387489602630421,inf,0,0,0,0,-1,inf,0,-1,0,0,7600,0,0,0,3046,4554,1.6369551706238403,3.81680713607936,False
overtake,P2,12014,50,5.0,0.0,22.440636994558428,17.202168997219456,0.0026122573873127585,2.2006968048065956e-25,1000000000.0,46.26866666666666,46.26866666666666,2.7393534764462557,0.7626703782983892,inf,0,0,0,0,-1,inf,0,-1,0,0,7600,0,0,0,2955,4645,1.6369551706238403,3.81680713607936,False
overtake,P3,12014,50,5.0,0.0,22.48814157339884,17.202168997219456,0.0026069871020349255,2.2006968048065956e-25,1000000000.0,46.32199999999999,46.32199999999999,2.68617938551029,0.7078758577504499,inf,0,0,0,0,-1,inf,0,-1,0,0,7600,0,0,0,2975,4625,1.6369551706238403,3.81680713607936,False
overtake,P4,12014,50,5.0,0.0,22.46458802255886,17.202168997219456,0.0026113806538186875,2.2006968048065956e-25,1000000000.0,46.28866666666666,46.28866666666666,2.719412461467527,0.742122433092914,inf,0,0,0,0,-1,inf,0,-1,0,0,7600,0,0,0,2963,4637,1.6369551706238403,3.81680713607936,False
overtake,P0,12015,50,5.0,0.0,22.52369484124641,17.202168997219456,0.0025176654437844355,2.19553560000645e-25,1000000000.0,46.20199999999998,46.20199999999998,2.8058295905383326,0.7778838155869712,inf,0,0,0,0,-1,inf,0,-1,0,0,7600,0,0,0,2814,4786,1.5135888098794208,3.534211880306296,False
overtake,P1,12015,50,5.0,0.0,22.65786782036143,17.202168997219456,0.0024547859893500525,2.185109841583241e-25,1000000000.0,46.28999999999999,46.28999999999999,2.7180830912870233,0.7546122903038911,inf,0,0,0,0,-1,inf,0,-1,0,0,7600,0,0,0,2866,4734,1.5135888098794208,3.534211880306296,False
overtake,P2,12015,50,5.0,0.0,22.434105737529503,17.202168997219456,0.0025366099037403495,2.19553560000645e-25,1000000000.0,46.145333333333326,46.145333333333326,2.862341256544753,0.80652096417121,inf,0,0,0,0,-1,inf,0,-1,0,0,7600,0,0,0,2779,4821,1.5135888098794208,3.534211880306296,False
overtake,P3,12015,50,5.0,0.0,22.47547351947141,17.202168997219456,0.0025208637427577975,2.19553560000645e-25,1000000000.0,46.13866666666664,46.13866666666664,2.8689900898373613,0.8127321442954561,inf,0,0,0,0,-1,inf,0,-1,0,0,7600,0,0,0,2789,4811,1.5135888098794208,3.534211880306296,False
overtake,P4,12015,50,5.0,0.0,22.434105737529503,17.202168997219456,0.0025366099037403495,2.19553560000645e-25,1000000000.0,46.145333333333326,46.145333333333326,2.862341256544753,0.80652096417121,inf,0,0,0,0,-1,inf,0,-1,0,0,7600,0,0,0,2779,4821,1.5135888098794208,3.534211880306296,False
overtake,P0,12016,50,5.0,0.0,22.676322217808284,17.202168997219456,0.0025633067955363174,2.197858599645197e-25,1000000000.0,46.51499999999998,46.51499999999998,2.4938124811501927,0.533332438935965,inf,0,0,0,0,-1,inf,0,-1,0,0,7600,0,0,0,2787,4813,1.4870590301278994,3.492262365065703,False
overtake,P1,12016,50,5.0,0.0,22.95516230033169,17.202168997219456,0.0024224534129127116,2.185109841583241e-25,1000000000.0,46.58999999999998,46.58999999999998,2.419085713888713,0.48576827101205106,inf,0,0,0,0,-1,inf,0,-1,0,0,7600,0,0,0,2890,4710,1.4870590301278994,3.492262365065703,False
overtake,P2,12016,50,5.0,0.0,22.609556663049503,17.202168997219456,0.002576105864405142,2.197858599645197e-25,1000000000.0,46.489999999999974,46.489999999999974,2.5187250130056893,0.5316318042963806,inf,0,0,0,0,-1,inf,0,-1,0,0,7600,0,0,0,2767,4833,1.4870590301278994,3.492262365065703,False
overtake,P3,12016,50,5.0,0.0,22.609556663049503,17.202168997219456,0.002576105864405142,2.197858599645197e-25,1000000000.0,46.489999999999974,46.489999999999974,2.5187250130056893,0.5316318042963806,inf,0,0,0,0,-1,inf,0,-1,0,0,7600,0,0,0,2767,4833,1.4870590301278994,3.492262365065703,False
overtake,P4,12016,50,5.0,0.0,22.4537951636479,17.202168997219456,0.0025863928361924537,2.197858599645197e-25,1000000000.0,46.329999999999984,46.329999999999984,2.678203818072938,0.6305547853800383,inf,0,0,0,0,-1,inf,0,-1,0,0,7600,0,0,0,2714,4886,1.4870590301278994,3.492262365065703,False
overtake,P0,12017,50,5.0,0.0,22.47080626641252,17.202168997219456,0.002643010799405985,2.1980702312899066e-25,1000000000.0,46.30766666666665,46.30766666666665,2.700469305309404,0.8010804851879989,inf,0,0,0,0,-1,inf,0,-1,0,0,7600,0,0,0,2766,4834,1.5184609622154703,3.5145583883358915,False
overtake,P1,12017,50,5.0,0.0,22.842120009789966,17.202168997219456,0.002438554694626395,2.1851098415832407e-25,1000000000.0,46.38999999999997,46.38999999999997,2.6183918139080187,0.8313192317158505,inf,0,0,0,0,-1,inf,0,-1,0,0,7600,0,0,0,2899,4701,1.5184609622154703,3.5145583883358915,False
overtake,P2,12017,50,5.0,0.0,22.37051235882853,17.202168997219456,0.0026549966181753427,2.1980702312899066e-25,1000000000.0,46.21933333333333,46.21933333333333,2.7885449256290458,0.8470370267186745,inf,0,0,0,0,-1,inf,0,-1,0,0,7600,0,0,0,2722,4878,1.5184609622154703,3.5145583883358915,False
overtake,P3,12017,50,5.0,0.0,22.47080626641252,17.202168997219456,0.002643010799405985,2.1980702312899066e-25,1000000000.0,46.30766666666665,46.30766666666665,2.700469305309404,0.8010804851879989,inf,0,0,0,0,-1,inf,0,-1,0,0,7600,0,0,0,2766,4834,1.5184609622154703,3.5145583883358915,False
overtake,P4,12017,50,5.0,0.0,22.376214774649778,17.202168997219456,0.0026541240000697475,2.1980702312899066e-25,1000000000.0,46.226,46.226,2.781897138849742,0.8431231323938208,inf,0,0,0,0,-1,inf,0,-1,0,0,7600,0,0,0,2725,4875,1.5184609622154703,3.5145583883358915,False
overtake,P0,12018,50,5.0,0.0,22.663009125487726,17.202168997219456,0.0025584688813317107,2.1971661815626824e-25,1000000000.0,46.398666666666664,46.398666666666664,2.609753015565171,0.7289672637425776,inf,0,0,0,0,-1,inf,0,-1,0,0,7600,0,0,0,2790,4810,1.437090272467808,3.3496102313922944,False
overtake,P1,12018,50,5.0,0.0,22.93352340888316,17.202168997219456,0.002440880717265106,2.185109841583241e-25,1000000000.0,46.62333333333331,46.62333333333331,2.3858793212534692,0.535188114005622,inf,0,0,0,0,-1,inf,0,-1,0,0,7600,0,0,0,2895,4705,1.437090272467808,3.3496102313922944,False
overtake,P2,12018,50,5.0,0.0,22.35794305021349,17.202168997219456,0.002601576894408195,2.197166181562683e-25,1000000000.0,46.12866666666665,46.12866666666665,2.8789634944284312,0.8807941949088081,inf,0,0,0,0,-1,inf,0,-1,0,0,7600,0,0,0,2646,4954,1.437090272467808,3.3496102313922944,False
overtake,P3,12018,50,5.0,0.0,22.54226531812839,17.202168997219456,0.0025751092726828996,2.1971661815626824e-25,1000000000.0,46.315333333333314,46.315333333333314,2.692825802433495,0.7672784943497594,inf,0,0,0,0,-1,inf,0,-1,0,0,7600,0,0,0,2752,4848,1.437090272467808,3.3496102313922944,False
overtake,P4,12018,50,5.0,0.0,22.35794305021349,17.202168997219456,0.002601576894408195,2.197166181562683e-25,1000000000.0,46.12866666666665,46.12866666666665,2.8789634944284312,0.8807941949088081,inf,0,0,0,0,-1,inf,0,-1,0,0,7600,0,0,0,2646,4954,1.437090272467808,3.3496102313922944,False
overtake,P0,12019,50,5.0,0.0,22.64579396620633,17.202168997219456,0.002524341877480672,2.187931104749624e-25,1000000000.0,46.17699999999997,46.17699999999997,2.8307604439691714,1.0039775089802425,inf,0,0,0,0,-1,inf,0,-1,0,0,7600,0,0,0,2793,4807,1.4837016757779895,3.3754186118820524,False
overtake,P1,12019,50,5.0,0.0,22.756026925893263,17.202168997219456,0.0024371441786853023,2.1851098415832407e-25,1000000000.0,46.24666666666664,46.24666666666664,2.761289578364602,0.9364650792646715,inf,0,0,0,0,-1,inf,0,-1,0,0,7600,0,0,0,2842,4758,1.4837016757779895,3.3754186118820524,False
overtake,P2,12019,50,5.0,0.0,22.64579396620633,17.202168997219456,0.002524341877480672,2.187931104749624e-25,1000000000.0,46.17699999999997,46.17699999999997,2.8307604439691714,1.0039775089802425,inf,0,0,0,0,-1,inf,0,-1,0,0,7600,0,0,0,2793,4807,1.4837016757779895,3.3754186118820524,False
overtake,P3,12019,50,5.0,0.0,22.64579396620633,17.202168997219456,0.002524341877480672,2.187931104749624e-25,1000000000.0,46.17699999999997,46.17699999999997,2.8307604439691714,1.0039775089802425,inf,0,0,0,0,-1,inf,0,-1,0,0,7600,0,0,0,2793,4807,1.4837016757779895,3.3754186118820524,False
overtake,P4,12019,50,5.0,0.0,22.64579396620633,17.202168997219456,0.002524341877480672,2.187931104749624e-25,1000000000.0,46.17699999999997,46.17699999999997,2.8307604439691714,1.0039775089802425,inf,0,0,0,0,-1,inf,0,-1,0,0,7600,0,0,0,2793,4807,1.4837016757779895,3.3754186118820524,False
intersection_turn,P0,12000,50,5.0,0.0,18.96156958342956,14.72403780401211,0.008492501647126716,2.0707175358668105e-15,999999999.9999979,44.71999999999998,44.71999999999998,3.3761516553614928,3.075487864675807,inf,0,0,0,0,-1,inf,0,-1,0,0,7600,0,0,0,2508,5092,1.4578250413582836,3.3853238124954625,False
intersection_turn,P1,12000,50,5.0,0.0,18.96156958342956,14.72403780401211,0.008492501647126716,2.0707175358668105e-15,999999999.9999979,44.71999999999998,44.71999999999998,3.3761516553614928,3.075487864675807,inf,0,0,0,0,-1,inf,0,-1,0,0,7600,0,0,0,2508,5092,1.4578250413582836,3.3853238124954625,False
intersection_turn,P2,12000,50,5.0,0.0,18.96156958342956,14.72403780401211,0.008492501647126716,2.0707175358668105e-15,999999999.9999979,44.71999999999998,44.71999999999998,3.3761516553614928,3.075487864675807,inf,0,0,0,0,-1,inf,0,-1,0,0,7600,0,0,0,2508,5092,1.4578250413582836,3.3853238124954625,False
intersection_turn,P3,12000,50,5.0,0.0,18.96156958342956,14.72403780401211,0.008492501647126716,2.0707175358668105e-15,999999999.9999979,44.71999999999998,44.71999999999998,3.3761516553614928,3.075487864675807,inf,0,0,0,0,-1,inf,0,-1,0,0,7600,0,0,0,2508,5092,1.4578250413582836,3.3853238124954625,False
intersection_turn,P4,12000,50,5.0,0.0,18.96156958342956,14.72403780401211,0.008492501647126716,2.0707175358668105e-15,999999999.9999979,44.71999999999998,44.71999999999998,3.3761516553614928,3.075487864675807,inf,0,0,0,0,-1,inf,0,-1,0,0,7600,0,0,0,2508,5092,1.4578250413582836,3.3853238124954625,False
intersection_turn,P0,12001,50,5.0,0.0,18.937550009055585,14.72403780401211,0.008510209935198215,2.0707175358668105e-15,999999999.9999979,44.87999999999996,44.87999999999996,3.220931542271622,3.075487864675807,inf,0,0,0,0,-1,inf,0,-1,0,0,7600,0,0,0,2475,5125,1.5002729879920178,3.408824821313841,False
intersection_turn,P1,12001,50,5.0,0.0,18.937550009055585,14.72403780401211,0.008510209935198215,2.0707175358668105e-15,999999999.9999979,44.87999999999996,44.87999999999996,3.220931542271622,3.075487864675807,inf,0,0,0,0,-1,inf,0,-1,0,0,7600,0,0,0,2475,5125,1.5002729879920178,3.408824821313841,False
intersection_turn,P2,12001,50,5.0,0.0,18.950043003339765,14.72403780401211,0.008500404223634411,2.0707175358668105e-15,999999999.9999979,44.78999999999998,44.78999999999998,3.3081868145556927,3.075487864675807,inf,0,0,0,0,-1,inf,0,-1,0,0,7600,0,0,0,2470,5130,1.5002729879920178,3.408824821313841,False
intersection_turn,P3,12001,50,5.0,0.0,18.937550009055585,14.72403780401211,0.008510209935198215,2.0707175358668105e-15,999999999.9999979,44.87999999999996,44.87999999999996,3.220931542271622,3.075487864675807,inf,0,0,0,0,-1,inf,0,-1,0,0,7600,0,0,0,2475,5125,1.5002729879920178,3.408824821313841,False
intersection_turn,P4,12001,50,5.0,0.0,18.937550009055585,14.72403780401211,0.008510209935198215,2.0707175358668105e-15,999999999.9999979,44.87999999999996,44.87999999999996,3.220931542271622,3.075487864675807,inf,0,0,0,0,-1,inf,0,-1,0,0,7600,0,0,0,2475,5125,1.5002729879920178,3.408824821313841,False
intersection_turn,P0,12002,50,5.0,0.0,18.96399748010318,14.72403780401211,0.008491222077946017,2.0707175358668105e-15,999999999.9999979,44.71999999999996,44.71999999999996,3.3761516553615065,3.075487864675807,inf,0,0,0,0,-1,inf,0,-1,0,0,7600,0,0,0,2397,5203,1.513943120578305,3.4015269751476067,False
intersection_turn,P1,12002,50,5.0,0.0,18.96399748010318,14.72403780401211,0.008491222077946017,2.0707175358668105e-15,999999999.9999979,44.71999999999996,44.71999999999996,3.3761516553615065,3.075487864675807,inf,0,0,0,0,-1,inf,0,-1,0,0,7600,0,0,0,2397,5203,1.513943120578305,3.4015269751476067,False
intersection_turn,P2,12002,50,5.0,0.0,18.96399748010318,14.72403780401211,0.008491222077946017,2.0707175358668105e-15,999999999.9999979,44.71999999999996,44.71999999999996,3.3761516553615065,3.075487864675807,inf,0,0,0,0,-1,inf,0,-1,0,0,7600,0,0,0,2397,5203,1.513943120578305,3.4015269751476067,False
intersection_turn,P3,12002,50,5.0,0.0,18.96399748010318,14.72403780401211,0.008491222077946017,2.0707175358668105e-15,999999999.9999979,44.71999999999996,44.71999999999996,3.3761516553615065,3.075487864675807,inf,0,0,0,0,-1,inf,0,-1,0,0,7600,0,0,0,2397,5203,1.513943120578305,3.4015269751476067,False
intersection_turn,P4,12002,50,5.0,0.0,18.96399748010318,14.72403780401211,0.008491222077946017,2.0707175358668105e-15,999999999.9999979,44.71999999999996,44.71999999999996,3.3761516553615065,3.075487864675807,inf,0,0,0,0,-1,inf,0,-1,0,0,7600,0,0,0,2397,5203,1.513943120578305,3.4015269751476067,False
intersection_turn,P0,12003,50,5.0,0.0,18.946665408386693,14.72403780401211,0.008503286011740803,2.0707175358668105e-15,999999999.9999979,44.82999999999997,44.82999999999997,3.269388321995445,3.075487864675807,inf,0,0,0,0,-1,inf,0,-1,0,0,7600,0,0,0,2615,4985,1.5326538013380002,3.372871383441655,False
intersection_turn,P1,12003,50,5.0,0.0,18.946665408386693,14.72403780401211,0.008503286011740803,2.0707175358668105e-15,999999999.9999979,44.82999999999997,44.82999999999997,3.269388321995445,3.075487864675807,inf,0,0,0,0,-1,inf,0,-1,0,0,7600,0,0,0,2615,4985,1.5326538013380002,3.372871383441655,False
intersection_turn,P2,12003,50,5.0,0.0,18.946665408386693,14.72403780401211,0.008503286011740803,2.0707175358668105e-15,999999999.9999979,44.82999999999997,44.82999999999997,3.269388321995445,3.075487864675807,inf,0,0,0,0,-1,inf,0,-1,0,0,7600,0,0,0,2615,4985,1.5326538013380002,3.372871383441655,False
intersection_turn,P3,12003,50,5.0,0.0,18.946665408386693,14.72403780401211,0.008503286011740803,2.0707175358668105e-15,999999999.9999979,44.82999999999997,44.82999999999997,3.269388321995445,3.075487864675807,inf,0,0,0,0,-1,inf,0,-1,0,0,7600,0,0,0,2615,4985,1.5326538013380002,3.372871383441655,False
intersection_turn,P4,12003,50,5.0,0.0,18.946665408386693,14.72403780401211,0.008503286011740803,2.0707175358668105e-15,999999999.9999979,44.82999999999997,44.82999999999997,3.269388321995445,3.075487864675807,inf,0,0,0,0,-1,inf,0,-1,0,0,7600,0,0,0,2615,4985,1.5326538013380002,3.372871383441655,False
intersection_turn,P0,12004,50,5.0,0.0,18.942268457493306,14.72403780401211,0.008507146634915726,2.0707175358668105e-15,999999999.9999979,44.87999999999996,44.87999999999996,3.220931542271622,3.075487864675807,inf,0,0,0,0,-1,inf,0,-1,0,0,7600,0,0,0,2581,5019,1.4238684241052866,3.3361544395880536,False
intersection_turn,P1,12004,50,5.0,0.0,18.942268457493306,14.72403780401211,0.008507146634915726,2.0707175358668105e-15,999999999.9999979,44.87999999999996,44.87999999999996,3.220931542271622,3.075487864675807,inf,0,0,0,0,-1,inf,0,-1,0,0,7600,0,0,0,2581,5019,1.4238684241052866,3.3361544395880536,False
intersection_turn,P2,12004,50,5.0,0.0,18.942268457493306,14.72403780401211,0.008507146634915726,2.0707175358668105e-15,999999999.9999979,44.87999999999996,44.87999999999996,3.220931542271622,3.075487864675807,inf,0,0,0,0,-1,inf,0,-1,0,0,7600,0,0,0,2581,5019,1.4238684241052866,3.3361544395880536,False
intersection_turn,P3,12004,50,5.0,0.0,18.942268457493306,14.72403780401211,0.008507146634915726,2.0707175358668105e-15,999999999.9999979,44.87999999999996,44.87999999999996,3.220931542271622,3.075487864675807,inf,0,0,0,0,-1,inf,0,-1,0,0,7600,0,0,0,2581,5019,1.4238684241052866,3.3361544395880536,False
intersection_turn,P4,12004,50,5.0,0.0,18.942268457493306,14.72403780401211,0.008507146634915726,2.0707175358668105e-15,999999999.9999979,44.87999999999996,44.87999999999996,3.220931542271622,3.075487864675807,inf,0,0,0,0,-1,inf,0,-1,0,0,7600,0,0,0,2581,5019,1.4238684241052866,3.3361544395880536,False
intersection_turn,P0,12005,50,5.0,0.0,18.95763551765369,14.72403780401211,0.008496138565599028,2.0707175358668105e-15,999999999.9999979,44.61,44.61,3.483116420678471,3.075487864675807,inf,0,0,0,0,-1,inf,0,-1,0,0,7600,0,0,0,2399,5201,1.5547773886875556,3.4064080079672707,False
intersection_turn,P1,12005,50,5.0,0.0,18.95763551765369,14.72403780401211,0.008496138565599028,2.0707175358668105e-15,999999999.9999979,44.61,44.61,3.483116420678471,3.075487864675807,inf,0,0,0,0,-1,inf,0,-1,0,0,7600,0,0,0,2399,5201,1.5547773886875556,3.4064080079672707,False
intersection_turn,P2,12005,50,5.0,0.0,18.95763551765369,14.72403780401211,0.008496138565599028,2.0707175358668105e-15,999999999.9999979,44.61,44.61,3.483116420678471,3.075487864675807,inf,0,0,0,0,-1,inf,0,-1,0,0,7600,0,0,0,2399,5201,1.5547773886875556,3.4064080079672707,False
intersection_turn,P3,12005,50,5.0,0.0,18.95763551765369,14.72403780401211,0.008496138565599028,2.0707175358668105e-15,999999999.9999979,44.61,44.61,3.483116420678471,3.075487864675807,inf,0,0,0,0,-1,inf,0,-1,0,0,7600,0,0,0,2399,5201,1.5547773886875556,3.4064080079672707,False
intersection_turn,P4,12005,50,5.0,0.0,18.95763551765369,14.72403780401211,0.008496138565599028,2.0707175358668105e-15,999999999.9999979,44.61,44.61,3.483116420678471,3.075487864675807,inf,0,0,0,0,-1,inf,0,-1,0,0,7600,0,0,0,2399,5201,1.5547773886875556,3.4064080079672707,False
intersection_turn,P0,12006,50,5.0,0.0,18.962743749113784,14.72403780401211,0.008491034029456555,2.0707175358668105e-15,999999999.9999979,44.66999999999997,44.66999999999997,3.424748165924055,3.075487864675807,inf,0,0,0,0,-1,inf,0,-1,0,0,7600,0,0,0,2488,5112,1.4856520879924617,3.405233322014023,False
intersection_turn,P1,12006,50,5.0,0.0,18.962743749113784,14.72403780401211,0.008491034029456555,2.0707175358668105e-15,999999999.9999979,44.66999999999997,44.66999999999997,3.424748165924055,3.075487864675807,inf,0,0,0,0,-1,inf,0,-1,0,0,7600,0,0,0,2488,5112,1.4856520879924617,3.405233322014023,False
intersection_turn,P2,12006,50,5.0,0.0,18.962743749113784,14.72403780401211,0.008491034029456555,2.0707175358668105e-15,999999999.9999979,44.66999999999997,44.66999999999997,3.424748165924055,3.075487864675807,inf,0,0,0,0,-1,inf,0,-1,0,0,7600,0,0,0,2488,5112,1.4856520879924617,3.405233322014023,False
intersection_turn,P3,12006,50,5.0,0.0,18.962743749113784,14.72403780401211,0.008491034029456555,2.0707175358668105e-15,999999999.9999979,44.66999999999997,44.66999999999997,3.424748165924055,3.075487864675807,inf,0,0,0,0,-1,inf,0,-1,0,0,7600,0,0,0,2488,5112,1.4856520879924617,3.405233322014023,False
intersection_turn,P4,12006,50,5.0,0.0,18.963368118902896,14.72403780401211,0.008491472411435948,2.0707175358668105e-15,999999999.9999979,44.59666666666664,44.59666666666664,3.4960946465703615,3.075487864675807,inf,0,0,0,0,-1,inf,0,-1,0,0,7600,0,0,0,2459,5141,1.4856520879924617,3.405233322014023,False
intersection_turn,P0,12007,50,5.0,0.0,18.959592797812867,14.72403780401211,0.008493405129811787,2.0707175358668105e-15,999999999.9999979,44.68,44.68,3.4150256221586393,3.075487864675807,inf,0,0,0,0,-1,inf,0,-1,0,0,7600,0,0,0,2544,5056,1.5196910830525099,3.2728414419800957,False
intersection_turn,P1,12007,50,5.0,0.0,18.959592797812867,14.72403780401211,0.008493405129811787,2.0707175358668105e-15,999999999.9999979,44.68,44.68,3.4150256221586393,3.075487864675807,inf,0,0,0,0,-1,inf,0,-1,0,0,7600,0,0,0,2544,5056,1.5196910830525099,3.2728414419800957,False
intersection_turn,P2,12007,50,5.0,0.0,18.959592797812867,14.72403780401211,0.008493405129811787,2.0707175358668105e-15,999999999.9999979,44.68,44.68,3.4150256221586393,3.075487864675807,inf,0,0,0,0,-1,inf,0,-1,0,0,7600,0,0,0,2544,5056,1.5196910830525099,3.2728414419800957,False
intersection_turn,P3,12007,50,5.0,0.0,18.959592797812867,14.72403780401211,0.008493405129811787,2.0707175358668105e-15,999999999.9999979,44.68,44.68,3.4150256221586393,3.075487864675807,inf,0,0,0,0,-1,inf,0,-1,0,0,7600,0,0,0,2544,5056,1.5196910830525099,3.2728414419800957,False
intersection_turn,P4,12007,50,5.0,0.0,18.959592797812867,14.72403780401211,0.008493405129811787,2.0707175358668105e-15,999999999.9999979,44.68,44.68,3.4150256221586393,3.075487864675807,inf,0,0,0,0,-1,inf,0,-1,0,0,7600,0,0,0,2544,5056,1.5196910830525099,3.2728414419800957,False
intersection_turn,P0,12008,50,5.0,0.0,18.96376995174503,14.72403780401211,0.008491153264296418,2.0707175358668105e-15,999999999.9999979,44.70999999999997,44.70999999999997,3.385867687905152,3.075487864675807,inf,0,0,0,0,-1,inf,0,-1,0,0,7600,0,0,0,2488,5112,1.566907807228359,3.5149590290470565,False
intersection_turn,P1,12008,50,5.0,0.0,18.96376995174503,14.72403780401211,0.008491153264296418,2.0707175358668105e-15,999999999.9999979,44.70999999999997,44.70999999999997,3.385867687905152,3.075487864675807,inf,0,0,0,0,-1,inf,0,-1,0,0,7600,0,0,0,2488,5112,1.566907807228359,3.5149590290470565,False
intersection_turn,P2,12008,50,5.0,0.0,18.970552704949117,14.72403780401211,0.00848657580213215,2.0707175358668105e-15,999999999.9999979,44.63999999999999,44.63999999999999,3.453925303187671,3.075487864675807,inf,0,0,0,0,-1,inf,0,-1,0,0,7600,0,0,0,2482,5118,1.566907807228359,3.5149590290470565,False
intersection_turn,P3,12008,50,5.0,0.0,18.96376995174503,14.72403780401211,0.008491153264296418,2.0707175358668105e-15,999999999.9999979,44.70999999999997,44.70999999999997,3.385867687905152,3.075487864675807,inf,0,0,0,0,-1,inf,0,-1,0,0,7600,0,0,0,2488,5112,1.566907807228359,3.5149590290470565,False
intersection_turn,P4,12008,50,5.0,0.0,18.96376995174503,14.72403780401211,0.008491153264296418,2.0707175358668105e-15,999999999.9999979,44.70999999999997,44.70999999999997,3.385867687905152,3.075487864675807,inf,0,0,0,0,-1,inf,0,-1,0,0,7600,0,0,0,2488,5112,1.566907807228359,3.5149590290470565,False
intersection_turn,P0,12009,50,5.0,0.0,18.97069568919809,14.72403780401211,0.008486070114064471,2.0707175358668105e-15,999999999.9999979,44.589999999999975,44.589999999999975,3.50258475985952,3.075487864675807,inf,0,0,0,0,-1,inf,0,-1,0,0,7600,0,0,0,2440,5160,1.564693801739322,3.4513602551465463,False
intersection_turn,P1,12009,50,5.0,0.0,18.97069568919809,14.72403780401211,0.008486070114064471,2.0707175358668105e-15,999999999.9999979,44.589999999999975,44.589999999999975,3.50258475985952,3.075487864675807,inf,0,0,0,0,-1,inf,0,-1,0,0,7600,0,0,0,2440,5160,1.564693801739322,3.4513602551465463,False
intersection_turn,P2,12009,50,5.0,0.0,18.97069568919809,14.72403780401211,0.008486070114064471,2.0707175358668105e-15,999999999.9999979,44.589999999999975,44.589999999999975,3.50258475985952,3.075487864675807,inf,0,0,0,0,-1,inf,0,-1,0,0,7600,0,0,0,2440,5160,1.564693801739322,3.4513602551465463,False
intersection_turn,P3,12009,50,5.0,0.0,18.97069568919809,14.72403780401211,0.008486070114064471,2.0707175358668105e-15,999999999.9999979,44.589999999999975,44.589999999999975,3.50258475985952,3.075487864675807,inf,0,0,0,0,-1,inf,0,-1,0,0,7600,0,0,0,2440,5160,1.564693801739322,3.4513602551465463,False
intersection_turn,P4,12009,50,5.0,0.0,18.97069568919809,14.72403780401211,0.008486070114064471,2.0707175358668105e-15,999999999.9999979,44.589999999999975,44.589999999999975,3.50258475985952,3.075487864675807,inf,0,0,0,0,-1,inf,0,-1,0,0,7600,0,0,0,2440,5160,1.564693801739322,3.4513602551465463,False
intersection_turn,P0,12010,50,5.0,0.0,18.938392025994837,14.72403780401211,0.008510972112606253,2.0707175358668105e-15,999999999.9999979,44.91999999999997,44.91999999999997,3.1822004965118342,3.075487864675807,inf,0,0,0,0,-1,inf,0,-1,0,0,7600,0,0,0,2547,5053,1.4052322313451742,3.223388989670567,False
intersection_turn,P1,12010,50,5.0,0.0,18.938392025994837,14.72403780401211,0.008510972112606253,2.0707175358668105e-15,999999999.9999979,44.91999999999997,44.91999999999997,3.1822004965118342,3.075487864675807,inf,0,0,0,0,-1,inf,0,-1,0,0,7600,0,0,0,2547,5053,1.4052322313451742,3.223388989670567,False
intersection_turn,P2,12010,50,5.0,0.0,18.938392025994837,14.72403780401211,0.008510972112606253,2.0707175358668105e-15,999999999.9999979,44.91999999999997,44.91999999999997,3.1822004965118342,3.075487864675807,inf,0,0,0,0,-1,inf,0,-1,0,0,7600,0,0,0,2547,5053,1.4052322313451742,3.223388989670567,False
intersection_turn,P3,12010,50,5.0,0.0,18.938392025994837,14.72403780401211,0.008510972112606253,2.0707175358668105e-15,999999999.9999979,44.91999999999997,44.91999999999997,3.1822004965118342,3.075487864675807,inf,0,0,0,0,-1,inf,0,-1,0,0,7600,0,0,0,2547,5053,1.4052322313451742,3.223388989670567,False
intersection_turn,P4,12010,50,5.0,0.0,18.938392025994837,14.72403780401211,0.008510972112606253,2.0707175358668105e-15,999999999.9999979,44.91999999999997,44.91999999999997,3.1822004965118342,3.075487864675807,inf,0,0,0,0,-1,inf,0,-1,0,0,7600,0,0,0,2547,5053,1.4052322313451742,3.223388989670567,False
intersection_turn,P0,12011,50,5.0,0.0,18.954886924785413,14.72403780401211,0.008497092172675582,2.0707175358668105e-15,999999999.9999979,44.76999999999997,44.76999999999997,3.3275967303746725,3.075487864675807,inf,0,0,0,0,-1,inf,0,-1,0,0,7600,0,0,0,2453,5147,1.5576804227192316,3.521724549256914,False
intersection_turn,P1,12011,50,5.0,0.0,18.954886924785413,14.72403780401211,0.008497092172675582,2.0707175358668105e-15,999999999.9999979,44.76999999999997,44.76999999999997,3.3275967303746725,3.075487864675807,inf,0,0,0,0,-1,inf,0,-1,0,0,7600,0,0,0,2453,5147,1.5576804227192316,3.521724549256914,False
intersection_turn,P2,12011,50,5.0,0.0,18.962434323249806,14.72403780401211,0.008491856699472954,2.0707175358668105e-15,999999999.9999979,44.70999999999998,44.70999999999998,3.3858676879051455,3.075487864675807,inf,0,0,0,0,-1,inf,0,-1,0,0,7600,0,0,0,2448,5152,1.5576804227192316,3.521724549256914,False
intersection_turn,P3,12011,50,5.0,0.0,18.954886924785413,14.72403780401211,0.008497092172675582,2.0707175358668105e-15,999999999.9999979,44.76999999999997,44.76999999999997,3.3275967303746725,3.075487864675807,inf,0,0,0,0,-1,inf,0,-1,0,0,7600,0,0,0,2453,5147,1.5576804227192316,3.521724549256914,False
intersection_turn,P4,12011,50,5.0,0.0,18.954886924785413,14.72403780401211,0.008497092172675582,2.0707175358668105e-15,999999999.9999979,44.76999999999997,44.76999999999997,3.3275967303746725,3.075487864675807,inf,0,0,0,0,-1,inf,0,-1,0,0,7600,0,0,0,2453,5147,1.5576804227192316,3.521724549256914,False
intersection_turn,P0,12012,50,5.0,0.0,18.983990223651034,14.72403780401211,0.008478150946627263,2.0707175358668105e-15,999999999.9999979,44.439999999999976,44.439999999999976,3.6487806182340106,3.075487864675807,inf,0,0,0,0,-1,inf,0,-1,0,0,7600,0,0,0,2527,5073,1.3681391135848753,3.14307152620977,False
intersection_turn,P1,12012,50,5.0,0.0,18.983990223651034,14.72403780401211,0.008478150946627263,2.0707175358668105e-15,999999999.9999979,44.439999999999976,44.439999999999976,3.6487806182340106,3.075487864675807,inf,0,0,0,0,-1,inf,0,-1,0,0,7600,0,0,0,2527,5073,1.3681391135848753,3.14307152620977,False
intersection_turn,P2,12012,50,5.0,0.0,18.983990223651034,14.72403780401211,0.008478150946627263,2.0707175358668105e-15,999999999.9999979,44.439999999999976,44.439999999999976,3.6487806182340106,3.075487864675807,inf,0,0,0,0,-1,inf,0,-1,0,0,7600,0,0,0,2527,5073,1.3681391135848753,3.14307152620977,False
intersection_turn,P3,12012,50,5.0,0.0,18.983990223651034,14.72403780401211,0.008478150946627263,2.0707175358668105e-15,999999999.9999979,44.439999999999976,44.439999999999976,3.6487806182340106,3.075487864675807,inf,0,0,0,0,-1,inf,0,-1,0,0,7600,0,0,0,2527,5073,1.3681391135848753,3.14307152620977,False
intersection_turn,P4,12012,50,5.0,0.0,19.19919672344349,14.72403780401211,0.008415772064898512,2.0707175358668105e-15,999999999.9999979,44.40999999999998,44.408429534816264,3.6620890199188123,3.075487864675807,inf,0,0,0,0,-1,inf,0,-1,0,0,7600,71,0,0,2469,5060,1.3681391135848753,3.14307152620977,False
intersection_turn,P0,12013,50,5.0,0.0,18.980647195192574,14.72403780401211,0.008480431821002749,2.0707175358668105e-15,999999999.9999979,44.52999999999998,44.52999999999998,3.5610251333008223,3.075487864675807,inf,0,0,0,0,-1,inf,0,-1,0,0,7600,0,0,0,2298,5302,1.6365972134395892,3.484972227568952,False
intersection_turn,P1,12013,50,5.0,0.0,18.980647195192574,14.72403780401211,0.008480431821002749,2.0707175358668105e-15,999999999.9999979,44.52999999999998,44.52999999999998,3.5610251333008223,3.075487864675807,inf,0,0,0,0,-1,inf,0,-1,0,0,7600,0,0,0,2298,5302,1.6365972134395892,3.484972227568952,False
intersection_turn,P2,12013,50,5.0,0.0,18.980647195192574,14.72403780401211,0.008480431821002749,2.0707175358668105e-15,999999999.9999979,44.52999999999998,44.52999999999998,3.5610251333008223,3.075487864675807,inf,0,0,0,0,-1,inf,0,-1,0,0,7600,0,0,0,2298,5302,1.6365972134395892,3.484972227568952,False
intersection_turn,P3,12013,50,5.0,0.0,18.980647195192574,14.72403780401211,0.008480431821002749,2.0707175358668105e-15,999999999.9999979,44.52999999999998,44.52999999999998,3.5610251333008223,3.075487864675807,inf,0,0,0,0,-1,inf,0,-1,0,0,7600,0,0,0,2298,5302,1.6365972134395892,3.484972227568952,False
intersection_turn,P4,12013,50,5.0,0.0,19.539925000175387,14.72403780401211,0.00834081405402181,2.0707175358668105e-15,999999999.9999979,44.18666666666664,44.18261889333315,3.857825996590932,3.075487864675807,inf,0,0,0,0,-1,inf,0,-1,0,0,7600,221,0,0,2063,5316,1.6365972134395892,3.484972227568952,False
intersection_turn,P0,12014,50,5.0,0.0,18.965847732335412,14.72403780401211,0.008489783723948957,2.0707175358668105e-15,999999999.9999979,44.68999999999997,44.68999999999997,3.405304685340242,3.075487864675807,inf,0,0,0,0,-1,inf,0,-1,0,0,7600,0,0,0,2681,4919,1.6302134528231258,3.6947339688336664,False
intersection_turn,P1,12014,50,5.0,0.0,18.965847732335412,14.72403780401211,0.008489783723948957,2.0707175358668105e-15,999999999.9999979,44.68999999999997,44.68999999999997,3.405304685340242,3.075487864675807,inf,0,0,0,0,-1,inf,0,-1,0,0,7600,0,0,0,2681,4919,1.6302134528231258,3.6947339688336664,False
intersection_turn,P2,12014,50,5.0,0.0,18.965847732335412,14.72403780401211,0.008489783723948957,2.0707175358668105e-15,999999999.9999979,44.68999999999997,44.68999999999997,3.405304685340242,3.075487864675807,inf,0,0,0,0,-1,inf,0,-1,0,0,7600,0,0,0,2681,4919,1.6302134528231258,3.6947339688336664,False
intersection_turn,P3,12014,50,5.0,0.0,18.965847732335412,14.72403780401211,0.008489783723948957,2.0707175358668105e-15,999999999.9999979,44.68999999999997,44.68999999999997,3.405304685340242,3.075487864675807,inf,0,0,0,0,-1,inf,0,-1,0,0,7600,0,0,0,2681,4919,1.6302134528231258,3.6947339688336664,False
intersection_turn,P4,12014,50,5.0,0.0,18.965847732335412,14.72403780401211,0.008489783723948957,2.0707175358668105e-15,999999999.9999979,44.68999999999997,44.68999999999997,3.405304685340242,3.075487864675807,inf,0,0,0,0,-1,inf,0,-1,0,0,7600,0,0,0,2681,4919,1.6302134528231258,3.6947339688336664,False
intersection_turn,P0,12015,50,5.0,0.0,18.94841361907293,14.72403780401211,0.008501332603753055,2.0707175358668105e-15,999999999.9999979,44.78999999999997,44.78999999999997,3.3081868145557,3.075487864675807,inf,0,0,0,0,-1,inf,0,-1,0,0,7600,0,0,0,2578,5022,1.520780968598029,3.432404587827008,False
intersection_turn,P1,12015,50,5.0,0.0,18.94841361907293,14.72403780401211,0.008501332603753055,2.0707175358668105e-15,999999999.9999979,44.78999999999997,44.78999999999997,3.3081868145557,3.075487864675807,inf,0,0,0,0,-1,inf,0,-1,0,0,7600,0,0,0,2578,5022,1.520780968598029,3.432404587827008,False
intersection_turn,P2,12015,50,5.0,0.0,18.94841361907293,14.72403780401211,0.008501332603753055,2.0707175358668105e-15,999999999.9999979,44.78999999999997,44.78999999999997,3.3081868145557,3.075487864675807,inf,0,0,0,0,-1,inf,0,-1,0,0,7600,0,0,0,2578,5022,1.520780968598029,3.432404587827008,False
intersection_turn,P3,12015,50,5.0,0.0,18.94841361907293,14.72403780401211,0.008501332603753055,2.0707175358668105e-15,999999999.9999979,44.78999999999997,44.78999999999997,3.3081868145557,3.075487864675807,inf,0,0,0,0,-1,inf,0,-1,0,0,7600,0,0,0,2578,5022,1.520780968598029,3.432404587827008,False
intersection_turn,P4,12015,50,5.0,0.0,18.94841361907293,14.72403780401211,0.008501332603753055,2.0707175358668105e-15,999999999.9999979,44.78999999999997,44.78999999999997,3.3081868145557,3.075487864675807,inf,0,0,0,0,-1,inf,0,-1,0,0,7600,0,0,0,2578,5022,1.520780968598029,3.432404587827008,False
intersection_turn,P0,12016,50,5.0,0.0,18.949838775186063,14.72403780401211,0.00850069995676519,2.0707175358668105e-15,999999999.9999979,44.779999999999994,44.779999999999994,3.3178908963376177,3.075487864675807,inf,0,0,0,0,-1,inf,0,-1,0,0,7600,0,0,0,2416,5184,1.5335599961021475,3.4730356000760123,False
intersection_turn,P1,12016,50,5.0,0.0,18.949838775186063,14.72403780401211,0.00850069995676519,2.0707175358668105e-15,999999999.9999979,44.779999999999994,44.779999999999994,3.3178908963376177,3.075487864675807,inf,0,0,0,0,-1,inf,0,-1,0,0,7600,0,0,0,2416,5184,1.5335599961021475,3.4730356000760123,False
intersection_turn,P2,12016,50,5.0,0.0,18.949838775186063,14.72403780401211,0.00850069995676519,2.0707175358668105e-15,999999999.9999979,44.779999999999994,44.779999999999994,3.3178908963376177,3.075487864675807,inf,0,0,0,0,-1,inf,0,-1,0,0,7600,0,0,0,2416,5184,1.5335599961021475,3.4730356000760123,False
intersection_turn,P3,12016,50,5.0,0.0,18.949838775186063,14.72403780401211,0.00850069995676519,2.0707175358668105e-15,999999999.9999979,44.779999999999994,44.779999999999994,3.3178908963376177,3.075487864675807,inf,0,0,0,0,-1,inf,0,-1,0,0,7600,0,0,0,2416,5184,1.5335599961021475,3.4730356000760123,False
intersection_turn,P4,12016,50,5.0,0.0,18.946870660786296,14.72403780401211,0.008502917670611256,2.0707175358668105e-15,999999999.9999979,44.806666666666636,44.806666666666636,3.292017280905125,3.075487864675807,inf,0,0,0,0,-1,inf,0,-1,0,0,7600,0,0,0,2421,5179,1.5335599961021475,3.4730356000760123,False
intersection_turn,P0,12017,50,5.0,0.0,18.940684109427323,14.72403780401211,0.008507392309313069,2.0707175358668105e-15,999999999.9999979,44.849999999999966,44.849999999999966,3.250000000000033,3.075487864675807,inf,0,0,0,0,-1,inf,0,-1,0,0,7600,0,0,0,2508,5092,1.524847593227926,3.372989315503943,False
intersection_turn,P1,12017,50,5.0,0.0,18.940684109427323,14.72403780401211,0.008507392309313069,2.0707175358668105e-15,999999999.9999979,44.849999999999966,44.849999999999966,3.250000000000033,3.075487864675807,inf,0,0,0,0,-1,inf,0,-1,0,0,7600,0,0,0,2508,5092,1.524847593227926,3.372989315503943,False
intersection_turn,P2,12017,50,5.0,0.0,18.940684109427323,14.72403780401211,0.008507392309313069,2.0707175358668105e-15,999999999.9999979,44.849999999999966,44.849999999999966,3.250000000000033,3.075487864675807,inf,0,0,0,0,-1,inf,0,-1,0,0,7600,0,0,0,2508,5092,1.524847593227926,3.372989315503943,False
intersection_turn,P3,12017,50,5.0,0.0,18.940684109427323,14.72403780401211,0.008507392309313069,2.0707175358668105e-15,999999999.9999979,44.849999999999966,44.849999999999966,3.250000000000033,3.075487864675807,inf,0,0,0,0,-1,inf,0,-1,0,0,7600,0,0,0,2508,5092,1.524847593227926,3.372989315503943,False
intersection_turn,P4,12017,50,5.0,0.0,18.940684109427323,14.72403780401211,0.008507392309313069,2.0707175358668105e-15,999999999.9999979,44.849999999999966,44.849999999999966,3.250000000000033,3.075487864675807,inf,0,0,0,0,-1,inf,0,-1,0,0,7600,0,0,0,2508,5092,1.524847593227926,3.372989315503943,False
intersection_turn,P0,12018,50,5.0,0.0,18.96553729468832,14.72403780401211,0.008489266648775137,2.0707175358668105e-15,999999999.9999979,44.63999999999998,44.63999999999998,3.4539253031876846,3.075487864675807,inf,0,0,0,0,-1,inf,0,-1,0,0,7600,0,0,0,2451,5149,1.4511817219769272,3.277277940038073,False
intersection_turn,P1,12018,50,5.0,0.0,18.96553729468832,14.72403780401211,0.008489266648775137,2.0707175358668105e-15,999999999.9999979,44.63999999999998,44.63999999999998,3.4539253031876846,3.075487864675807,inf,0,0,0,0,-1,inf,0,-1,0,0,7600,0,0,0,2451,5149,1.4511817219769272,3.277277940038073,False
intersection_turn,P2,12018,50,5.0,0.0,18.96553729468832,14.72403780401211,0.008489266648775137,2.0707175358668105e-15,999999999.9999979,44.63999999999998,44.63999999999998,3.4539253031876846,3.075487864675807,inf,0,0,0,0,-1,inf,0,-1,0,0,7600,0,0,0,2451,5149,1.4511817219769272,3.277277940038073,False
intersection_turn,P3,12018,50,5.0,0.0,18.96553729468832,14.72403780401211,0.008489266648775137,2.0707175358668105e-15,999999999.9999979,44.63999999999998,44.63999999999998,3.4539253031876846,3.075487864675807,inf,0,0,0,0,-1,inf,0,-1,0,0,7600,0,0,0,2451,5149,1.4511817219769272,3.277277940038073,False
intersection_turn,P4,12018,50,5.0,0.0,18.96553729468832,14.72403780401211,0.008489266648775137,2.0707175358668105e-15,999999999.9999979,44.63999999999998,44.63999999999998,3.4539253031876846,3.075487864675807,inf,0,0,0,0,-1,inf,0,-1,0,0,7600,0,0,0,2451,5149,1.4511817219769272,3.277277940038073,False
intersection_turn,P0,12019,50,5.0,0.0,18.956089209439256,14.72403780401211,0.00849549271648363,2.0707175358668105e-15,999999999.9999979,44.71999999999996,44.71999999999996,3.3761516553615065,3.075487864675807,inf,0,0,0,0,-1,inf,0,-1,0,0,7600,0,0,0,2478,5122,1.4940110170676189,3.301075918051497,False
intersection_turn,P1,12019,50,5.0,0.0,18.956089209439256,14.72403780401211,0.00849549271648363,2.0707175358668105e-15,999999999.9999979,44.71999999999996,44.71999999999996,3.3761516553615065,3.075487864675807,inf,0,0,0,0,-1,inf,0,-1,0,0,7600,0,0,0,2478,5122,1.4940110170676189,3.301075918051497,False
intersection_turn,P2,12019,50,5.0,0.0,18.956089209439256,14.72403780401211,0.00849549271648363,2.0707175358668105e-15,999999999.9999979,44.71999999999996,44.71999999999996,3.3761516553615065,3.075487864675807,inf,0,0,0,0,-1,inf,0,-1,0,0,7600,0,0,0,2478,5122,1.4940110170676189,3.301075918051497,False
intersection_turn,P3,12019,50,5.0,0.0,18.956089209439256,14.72403780401211,0.00849549271648363,2.0707175358668105e-15,999999999.9999979,44.71999999999996,44.71999999999996,3.3761516553615065,3.075487864675807,inf,0,0,0,0,-1,inf,0,-1,0,0,7600,0,0,0,2478,5122,1.4940110170676189,3.301075918051497,False
intersection_turn,P4,12019,50,5.0,0.0,18.956089209439256,14.72403780401211,0.00849549271648363,2.0707175358668105e-15,999999999.9999979,44.71999999999996,44.71999999999996,3.3761516553615065,3.075487864675807,inf,0,0,0,0,-1,inf,0,-1,0,0,7600,0,0,0,2478,5122,1.4940110170676189,3.301075918051497,False
occluding_cut_in,P0,12000,50,5.0,0.0,11.267888282720728,7.327224075401506,0.2107706627715266,0.00021432353040528015,999785676.4695947,17.087302883832308,17.087302883832308,19.431160541768985,11.331044181969368,1.912697116167692,0,0,0,0,-1,inf,0,-1,0,0,7600,182,0,3814,0,3604,1.8530116152646803,4.277157322549461,False
occluding_cut_in,P1,12000,50,5.0,0.0,11.32259098532521,7.330849635099795,0.20818126146480595,0.00021115231607467776,999788847.6839255,17.121780353335417,17.116341439325343,19.431160541768985,11.331044181969368,1.8837879858002218,0,0,0,0,-1,inf,0,-1,0,0,7600,270,0,3750,0,3580,1.8530116152646803,4.277157322549461,False
occluding_cut_in,P2,12000,50,5.0,0.0,11.225860703385898,7.306477124987945,0.21426607060065175,0.00021907488638274686,999780925.1136171,17.096720715219107,17.093275839460258,19.431160541768985,11.331044181969368,1.9098437800511956,0,0,0,0,-1,inf,0,-1,0,0,7600,221,0,3779,0,3600,1.8530116152646803,4.277157322549461,False
occluding_cut_in,P3,12000,50,5.0,0.0,11.225860703385898,7.306477124987945,0.21426607060065175,0.00021907488638274686,999780925.1136171,17.096720715219107,17.093275839460258,19.431160541768985,11.331044181969368,1.9098437800511956,0,0,0,0,-1,inf,0,-1,0,0,7600,221,0,3779,0,3600,1.8530116152646803,4.277157322549461,False
occluding_cut_in,P4,12000,50,5.0,0.0,11.267888282720728,7.327224075401506,0.2107706627715266,0.00021432353040528015,999785676.4695947,17.087302883832308,17.087302883832308,19.431160541768985,11.331044181969368,1.912697116167692,0,0,0,0,-1,inf,0,-1,0,0,7600,182,0,3814,0,3604,1.8530116152646803,4.277157322549461,False
occluding_cut_in,P0,12001,50,5.0,0.0,11.267888282720728,7.327224075401506,0.2107706627715266,0.00021432353040528015,999785676.4695947,17.087302883832308,17.087302883832308,19.431160541768985,11.331044181969368,1.912697116167692,0,0,0,0,-1,inf,0,-1,0,0,7600,182,0,3814,0,3604,1.839376403080066,4.253035118191845,False
occluding_cut_in,P1,12001,50,5.0,0.0,11.32259098532521,7.330849635099795,0.20818126146480595,0.00021115231607467776,999788847.6839255,17.121780353335417,17.116341439325343,19.431160541768985,11.331044181969368,1.8837879858002218,0,0,0,0,-1,inf,0,-1,0,0,7600,270,0,3750,0,3580,1.839376403080066,4.253035118191845,False
occluding_cut_in,P2,12001,50,5.0,0.0,11.282156749901992,7.339083015449275,0.20979903336939157,0.0002104442857797887,999789555.7142202,17.087302883832308,17.086495692957413,19.431160541768985,11.331044181969368,1.9135048985407561,0,0,0,0,-1,inf,0,-1,0,0,7600,195,0,3801,0,3604,1.839376403080066,4.253035118191845,False
occluding_cut_in,P3,12001,50,5.0,0.0,11.271959506513124,7.335881601140441,0.21027690254954082,0.00021045185835408037,999789548.1416459,17.087302883832308,17.087194917016916,19.431160541768985,11.331044181969368,1.9128245916561997,0,0,0,0,-1,inf,0,-1,0,0,7600,182,0,3814,0,3604,1.839376403080066,4.253035118191845,False
occluding_cut_in,P4,12001,50,5.0,0.0,11.267888282720728,7.327224075401506,0.2107706627715266,0.00021432353040528015,999785676.4695947,17.087302883832308,17.087302883832308,19.431160541768985,11.331044181969368,1.912697116167692,0,0,0,0,-1,inf,0,-1,0,0,7600,182,0,3814,0,3604,1.839376403080066,4.253035118191845,False
occluding_cut_in,P0,12002,50,5.0,0.0,11.267888282720728,7.327224075401506,0.2107706627715266,0.00021432353040528015,999785676.4695947,17.087302883832308,17.087302883832308,19.431160541768985,11.331044181969368,1.912697116167692,0,0,0,0,-1,inf,0,-1,0,0,7600,182,0,3814,0,3604,1.8511400055167602,4.2412543982591036,False
occluding_cut_in,P1,12002,50,5.0,0.0,11.317753207123207,7.34224651504949,0.20797865754746134,0.00020809445996341938,999791905.5400367,17.121780353335417,17.117000901250513,19.431160541768985,11.331044181969368,1.8831258715027146,0,0,0,0,-1,inf,0,-1,0,0,7600,258,0,3762,0,3580,1.8511400055167602,4.2412543982591036,False
occluding_cut_in,P2,12002,50,5.0,0.0,11.225860703385898,7.306477124987945,0.21426607060065175,0.00021907488638274686,999780925.1136171,17.096720715219107,17.093275839460258,19.431160541768985,11.331044181969368,1.9098437800511956,0,0,0,0,-1,inf,0,-1,0,0,7600,221,0,3779,0,3600,1.8511400055167602,4.2412543982591036,False
occluding_cut_in,P3,12002,50,5.0,0.0,11.225860703385898,7.306477124987945,0.21426607060065175,0.00021907488638274686,999780925.1136171,17.096720715219107,17.093275839460258,19.431160541768985,11.331044181969368,1.9098437800511956,0,0,0,0,-1,inf,0,-1,0,0,7600,221,0,3779,0,3600,1.8511400055167602,4.2412543982591036,False
occluding_cut_in,P4,12002,50,5.0,0.0,11.267888282720728,7.327224075401506,0.2107706627715266,0.00021432353040528015,999785676.4695947,17.087302883832308,17.087302883832308,19.431160541768985,11.331044181969368,1.912697116167692,0,0,0,0,-1,inf,0,-1,0,0,7600,182,0,3814,0,3604,1.8511400055167602,4.2412543982591036,False
occluding_cut_in,P0,12003,50,5.0,0.0,11.267888282720728,7.327224075401506,0.2107706627715266,0.00021432353040528015,999785676.4695947,17.087302883832308,17.087302883832308,19.431160541768985,11.331044181969368,1.912697116167692,0,0,0,0,-1,inf,0,-1,0,0,7600,182,0,3814,0,3604,1.8438080058530295,4.147854103976422,False
occluding_cut_in,P1,12003,50,5.0,0.0,11.326417529797562,7.319765403233969,0.20844227475307264,0.00021422358668181637,999785776.4133182,17.12178035333541,17.115760141865753,19.431160541768985,11.331044181969368,1.8844060385324797,0,0,0,0,-1,inf,0,-1,0,0,7600,295,0,3725,0,3580,1.8438080058530295,4.147854103976422,False
occluding_cut_in,P2,12003,50,5.0,0.0,11.293166311522455,7.345059159874626,0.2091792288500988,0.0002083999505940377,999791600.0494059,17.08730288383232,17.085739932297194,19.431160541768985,11.331044181969368,1.9142604347966024,0,0,0,0,-1,inf,0,-1,0,0,7600,210,0,3786,0,3604,1.8438080058530295,4.147854103976422,False
occluding_cut_in,P3,12003,50,5.0,0.0,11.271959506513124,7.335881601140441,0.21027690254954082,0.00021045185835408037,999789548.1416459,17.087302883832308,17.087194917016916,19.431160541768985,11.331044181969368,1.9128245916561997,0,0,0,0,-1,inf,0,-1,0,0,7600,182,0,3814,0,3604,1.8438080058530295,4.147854103976422,False
occluding_cut_in,P4,12003,50,5.0,0.0,11.267888282720728,7.327224075401506,0.2107706627715266,0.00021432353040528015,999785676.4695947,17.087302883832308,17.087302883832308,19.431160541768985,11.331044181969368,1.912697116167692,0,0,0,0,-1,inf,0,-1,0,0,7600,182,0,3814,0,3604,1.8438080058530295,4.147854103976422,False
occluding_cut_in,P0,12004,50,5.0,0.0,11.267888282720728,7.327224075401506,0.2107706627715266,0.00021432353040528015,999785676.4695947,17.087302883832308,17.087302883832308,19.431160541768985,11.331044181969368,1.912697116167692,0,0,0,0,-1,inf,0,-1,0,0,7600,182,0,3814,0,3604,1.7939331977357644,4.227692118242271,False
occluding_cut_in,P1,12004,50,5.0,0.0,11.330542028345441,7.3466437559200495,0.2079361223944305,0.0002081010537113367,999791898.9462886,17.121780353335417,17.115973467558156,19.431160541768985,11.331044181969368,1.8843586929951255,0,0,0,0,-1,inf,0,-1,0,0,7600,295,0,3725,0,3580,1.7939331977357644,4.227692118242271,False
occluding_cut_in,P2,12004,50,5.0,0.0,11.304662266597454,7.351504675742082,0.20837432312261125,0.00020585025197970033,999794149.7480203,17.109263734065536,17.106786860918128,19.431160541768985,11.331044181969368,1.8932202090741326,0,0,0,0,-1,inf,0,-1,0,0,7600,219,0,3790,0,3591,1.7939331977357644,4.227692118242271,False
occluding_cut_in,P3,12004,50,5.0,0.0,11.271959506513124,7.335881601140441,0.21027690254954082,0.00021045185835408037,999789548.1416459,17.087302883832308,17.087194917016916,19.431160541768985,11.331044181969368,1.9128245916561997,0,0,0,0,-1,inf,0,-1,0,0,7600,182,0,3814,0,3604,1.7939331977357644,4.227692118242271,False
occluding_cut_in,P4,12004,50,5.0,0.0,11.267888282720728,7.327224075401506,0.2107706627715266,0.00021432353040528015,999785676.4695947,17.087302883832308,17.087302883832308,19.431160541768985,11.331044181969368,1.912697116167692,0,0,0,0,-1,inf,0,-1,0,0,7600,182,0,3814,0,3604,1.7939331977357644,4.227692118242271,False
occluding_cut_in,P0,12005,50,5.0,0.0,11.267888282720728,7.327224075401506,0.2107706627715266,0.00021432353040528015,999785676.4695947,17.087302883832308,17.087302883832308,19.431160541768985,11.331044181969368,1.912697116167692,0,0,0,0,-1,inf,0,-1,0,0,7600,182,0,3814,0,3604,1.8554791754421718,4.207124462402721,False
occluding_cut_in,P1,12005,50,5.0,0.0,11.323929889722908,7.33746240387935,0.2079504854985344,0.00020935444522376598,999790645.5547763,17.121780353335428,17.11653427941325,19.43013353196599,11.331044181969368,1.8836732888752445,0,0,0,0,-1,inf,0,-1,0,0,7600,282,0,3740,0,3578,1.8554791754421718,4.207124462402721,False
occluding_cut_in,P2,12005,50,5.0,0.0,11.228614066528687,7.300354009098931,0.21450229470560145,0.00022090388589893185,999779096.1141013,17.096720715219114,17.092630514779742,19.43013353196599,11.331044181969368,1.910067044276711,0,0,0,0,-1,inf,0,-1,0,0,7600,250,0,3754,0,3596,1.8554791754421718,4.207124462402721,False
occluding_cut_in,P3,12005,50,5.0,0.0,11.225860703385898,7.306477124987945,0.21426607060065175,0.00021907488638274686,999780925.1136171,17.096720715219107,17.093275839460258,19.431160541768985,11.331044181969368,1.9098437800511956,0,0,0,0,-1,inf,0,-1,0,0,7600,221,0,3779,0,3600,1.8554791754421718,4.207124462402721,False
occluding_cut_in,P4,12005,50,5.0,0.0,11.267888282720728,7.327224075401506,0.2107706627715266,0.00021432353040528015,999785676.4695947,17.087302883832308,17.087302883832308,19.431160541768985,11.331044181969368,1.912697116167692,0,0,0,0,-1,inf,0,-1,0,0,7600,182,0,3814,0,3604,1.8554791754421718,4.207124462402721,False
occluding_cut_in,P0,12006,50,5.0,0.0,11.267888282720728,7.327224075401506,0.2107706627715266,0.00021432353040528015,999785676.4695947,17.087302883832308,17.087302883832308,19.431160541768985,11.331044181969368,1.912697116167692,0,0,0,0,-1,inf,0,-1,0,0,7600,182,0,3814,0,3604,1.783652598642224,4.172091266568451,False
occluding_cut_in,P1,12006,50,5.0,0.0,11.31744621564497,7.34583941902452,0.20792576471881422,0.0002071656600921934,999792834.339908,17.121780353335417,17.117127084401904,19.431160541768985,11.331044181969368,1.8830578660570314,0,0,0,0,-1,inf,0,-1,0,0,7600,266,0,3753,0,3581,1.783652598642224,4.172091266568451,False
occluding_cut_in,P2,12006,50,5.0,0.0,11.277576899286018,7.332354824585808,0.21030162012870104,0.00021267207853304293,999787327.921467,17.087302883832322,17.086774099891596,19.430073758811165,11.331044181969368,1.9132360633659076,0,0,0,0,-1,inf,0,-1,0,0,7600,209,0,3787,0,3604,1.783652598642224,4.172091266568451,False
occluding_cut_in,P3,12006,50,5.0,0.0,11.271959506513124,7.335881601140441,0.21027690254954082,0.00021045185835408037,999789548.1416459,17.087302883832308,17.087194917016916,19.431160541768985,11.331044181969368,1.9128245916561997,0,0,0,0,-1,inf,0,-1,0,0,7600,182,0,3814,0,3604,1.783652598642224,4.172091266568451,False
occluding_cut_in,P4,12006,50,5.0,0.0,11.267888282720728,7.327224075401506,0.2107706627715266,0.00021432353040528015,999785676.4695947,17.087302883832308,17.087302883832308,19.431160541768985,11.331044181969368,1.912697116167692,0,0,0,0,-1,inf,0,-1,0,0,7600,182,0,3814,0,3604,1.783652598642224,4.172091266568451,False
occluding_cut_in,P0,12007,50,5.0,0.0,11.267888282720728,7.327224075401506,0.2107706627715266,0.00021432353040528015,999785676.4695947,17.087302883832308,17.087302883832308,19.431160541768985,11.331044181969368,1.912697116167692,0,0,0,0,-1,inf,0,-1,0,0,7600,182,0,3814,0,3604,1.9021316891843185,4.158357619485676,False
occluding_cut_in,P1,12007,50,5.0,0.0,11.32259098532521,7.330849635099795,0.20818126146480595,0.00021115231607467776,999788847.6839255,17.121780353335417,17.116341439325343,19.431160541768985,11.331044181969368,1.8837879858002218,0,0,0,0,-1,inf,0,-1,0,0,7600,270,0,3750,0,3580,1.9021316891843185,4.158357619485676,False
occluding_cut_in,P2,12007,50,5.0,0.0,11.228614066528687,7.300354009098931,0.21450229470560145,0.00022090388589893185,999779096.1141013,17.096720715219114,17.092630514779742,19.43013353196599,11.331044181969368,1.910067044276711,0,0,0,0,-1,inf,0,-1,0,0,7600,250,0,3754,0,3596,1.9021316891843185,4.158357619485676,False
occluding_cut_in,P3,12007,50,5.0,0.0,11.225860703385898,7.306477124987945,0.21426607060065175,0.00021907488638274686,999780925.1136171,17.096720715219107,17.093275839460258,19.431160541768985,11.331044181969368,1.9098437800511956,0,0,0,0,-1,inf,0,-1,0,0,7600,221,0,3779,0,3600,1.9021316891843185,4.158357619485676,False
occluding_cut_in,P4,12007,50,5.0,0.0,11.267888282720728,7.327224075401506,0.2107706627715266,0.00021432353040528015,999785676.4695947,17.087302883832308,17.087302883832308,19.431160541768985,11.331044181969368,1.912697116167692,0,0,0,0,-1,inf,0,-1,0,0,7600,182,0,3814,0,3604,1.9021316891843185,4.158357619485676,False
occluding_cut_in,P0,12008,50,5.0,0.0,11.267888282720728,7.327224075401506,0.2107706627715266,0.00021432353040528015,999785676.4695947,17.087302883832308,17.087302883832308,19.431160541768985,11.331044181969368,1.912697116167692,0,0,0,0,-1,inf,0,-1,0,0,7600,182,0,3814,0,3604,1.8287972323811164,4.285369501392548,False
occluding_cut_in,P1,12008,50,5.0,0.0,11.317783592570613,7.340924320324938,0.20800412073676305,0.00020844263878270109,999791557.3612175,17.121780353335406,17.116962367430588,19.431160541768985,11.331044181969368,1.88314773956537,0,0,0,0,-1,inf,0,-1,0,0,7600,257,0,3763,0,3580,1.8287972323811164,4.285369501392548,False
occluding_cut_in,P2,12008,50,5.0,0.0,11.271959506513124,7.335881601140441,0.21027690254954082,0.00021045185835408037,999789548.1416459,17.087302883832308,17.087194917016916,19.431160541768985,11.331044181969368,1.9128245916561997,0,0,0,0,-1,inf,0,-1,0,0,7600,182,0,3814,0,3604,1.8287972323811164,4.285369501392548,False
occluding_cut_in,P3,12008,50,5.0,0.0,11.257199423301138,7.273733856146152,0.21206156064236167,0.00022808005852821168,999771919.9414717,17.08730288383231,17.086714965745724,19.431160541768985,11.331044181969368,1.9135034068202357,0,0,0,0,-1,inf,0,-1,0,0,7600,194,0,3802,0,3604,1.8287972323811164,4.285369501392548,False
occluding_cut_in,P4,12008,50,5.0,0.0,11.267888282720728,7.327224075401506,0.2107706627715266,0.00021432353040528015,999785676.4695947,17.087302883832308,17.087302883832308,19.431160541768985,11.331044181969368,1.912697116167692,0,0,0,0,-1,inf,0,-1,0,0,7600,182,0,3814,0,3604,1.8287972323811164,4.285369501392548,False
occluding_cut_in,P0,12009,50,5.0,0.0,11.267888282720728,7.327224075401506,0.2107706627715266,0.00021432353040528015,999785676.4695947,17.087302883832308,17.087302883832308,19.431160541768985,11.331044181969368,1.912697116167692,0,0,0,0,-1,inf,0,-1,0,0,7600,182,0,3814,0,3604,1.819660410516981,4.204699872992078,False
occluding_cut_in,P1,12009,50,5.0,0.0,11.279402230947529,7.3325272748345185,0.21008453913158626,0.00021127208617207884,999788727.9138278,17.087302883832304,17.08671813657334,19.43013353196599,11.331044181969368,1.9132821182943816,0,0,0,0,-1,inf,0,-1,0,0,7600,211,0,3789,0,3600,1.819660410516981,4.204699872992078,False
occluding_cut_in,P2,12009,50,5.0,0.0,11.279402230947529,7.3325272748345185,0.21008453913158626,0.00021127208617207884,999788727.9138278,17.087302883832304,17.08671813657334,19.43013353196599,11.331044181969368,1.9132821182943816,0,0,0,0,-1,inf,0,-1,0,0,7600,211,0,3789,0,3600,1.819660410516981,4.204699872992078,False
occluding_cut_in,P3,12009,50,5.0,0.0,11.272727078473352,7.347277451802598,0.21016357905894725,0.00020785407926597092,999792145.920734,17.087302883832304,17.086958375649086,19.431160541768985,11.331044181969368,1.913149005085399,0,0,0,0,-1,inf,0,-1,0,0,7600,191,0,3805,0,3604,1.819660410516981,4.204699872992078,False
occluding_cut_in,P4,12009,50,5.0,0.0,11.267888282720728,7.327224075401506,0.2107706627715266,0.00021432353040528015,999785676.4695947,17.087302883832308,17.087302883832308,19.431160541768985,11.331044181969368,1.912697116167692,0,0,0,0,-1,inf,0,-1,0,0,7600,182,0,3814,0,3604,1.819660410516981,4.204699872992078,False
occluding_cut_in,P0,12010,50,5.0,0.0,11.267888282720728,7.327224075401506,0.2107706627715266,0.00021432353040528015,999785676.4695947,17.087302883832308,17.087302883832308,19.431160541768985,11.331044181969368,1.912697116167692,0,0,0,0,-1,inf,0,-1,0,0,7600,182,0,3814,0,3604,1.7473953531062045,4.054540145324168,False
occluding_cut_in,P1,12010,50,5.0,0.0,11.32259098532521,7.330849635099795,0.20818126146480595,0.00021115231607467776,999788847.6839255,17.121780353335417,17.116341439325343,19.431160541768985,11.331044181969368,1.8837879858002218,0,0,0,0,-1,inf,0,-1,0,0,7600,270,0,3750,0,3580,1.7473953531062045,4.054540145324168,False
occluding_cut_in,P2,12010,50,5.0,0.0,11.267888282720728,7.327224075401506,0.2107706627715266,0.00021432353040528015,999785676.4695947,17.087302883832308,17.087302883832308,19.431160541768985,11.331044181969368,1.912697116167692,0,0,0,0,-1,inf,0,-1,0,0,7600,182,0,3814,0,3604,1.7473953531062045,4.054540145324168,False
occluding_cut_in,P3,12010,50,5.0,0.0,11.271755487271896,7.334259161228186,0.21030210393144963,0.00021079719794503822,999789202.802055,17.079263734065538,17.07915741619279,19.431160541768985,11.331044181969368,1.9208614490774019,0,0,0,0,-1,inf,0,-1,0,0,7600,181,0,3815,0,3604,1.7473953531062045,4.054540145324168,False
occluding_cut_in,P4,12010,50,5.0,0.0,11.267888282720728,7.327224075401506,0.2107706627715266,0.00021432353040528015,999785676.4695947,17.087302883832308,17.087302883832308,19.431160541768985,11.331044181969368,1.912697116167692,0,0,0,0,-1,inf,0,-1,0,0,7600,182,0,3814,0,3604,1.7473953531062045,4.054540145324168,False
occluding_cut_in,P0,12011,50,5.0,0.0,11.267888282720728,7.327224075401506,0.2107706627715266,0.00021432353040528015,999785676.4695947,17.087302883832308,17.087302883832308,19.431160541768985,11.331044181969368,1.912697116167692,0,0,0,0,-1,inf,0,-1,0,0,7600,182,0,3814,0,3604,1.8783856567021042,4.321464687102339,False
occluding_cut_in,P1,12011,50,5.0,0.0,11.329673852016835,7.308297328394994,0.20874687184628107,0.00021747211789432654,999782527.8821057,17.121780353335428,17.115217134114186,19.431160541768985,11.331044181969368,1.885005814258689,0,0,0,0,-1,inf,0,-1,0,0,7600,316,0,3702,0,3582,1.8783856567021042,4.321464687102339,False
occluding_cut_in,P2,12011,50,5.0,0.0,11.234115978422913,7.347532739074193,0.2132565692115898,0.0002082773269617516,999791722.6730384,17.09672071521911,17.09343247158598,19.431160541768985,11.331044181969368,1.9092338673411526,0,0,0,0,-1,inf,0,-1,0,0,7600,216,0,3784,0,3600,1.8783856567021042,4.321464687102339,False
occluding_cut_in,P3,12011,50,5.0,0.0,11.225860703385898,7.306477124987945,0.21426607060065175,0.00021907488638274686,999780925.1136171,17.096720715219107,17.093275839460258,19.431160541768985,11.331044181969368,1.9098437800511956,0,0,0,0,-1,inf,0,-1,0,0,7600,221,0,3779,0,3600,1.8783856567021042,4.321464687102339,False
occluding_cut_in,P4,12011,50,5.0,0.0,11.267888282720728,7.327224075401506,0.2107706627715266,0.00021432353040528015,999785676.4695947,17.087302883832308,17.087302883832308,19.431160541768985,11.331044181969368,1.912697116167692,0,0,0,0,-1,inf,0,-1,0,0,7600,182,0,3814,0,3604,1.8783856567021042,4.321464687102339,False
occluding_cut_in,P0,12012,50,5.0,0.0,11.267888282720728,7.327224075401506,0.2107706627715266,0.00021432353040528015,999785676.4695947,17.087302883832308,17.087302883832308,19.431160541768985,11.331044181969368,1.912697116167692,0,0,0,0,-1,inf,0,-1,0,0,7600,182,0,3814,0,3604,1.6778256722655371,3.9811394483862306,False
occluding_cut_in,P1,12012,50,5.0,0.0,11.178614368321243,7.349712723624069,0.21459116985008658,0.00020643489525510282,999793565.1047449,17.14353720412902,17.133991580734083,19.431160541768985,11.331044181969368,1.8672446868865649,0,0,0,0,-1,inf,0,-1,0,0,7600,285,0,3734,0,3581,1.6778256722655371,3.9811394483862306,False
occluding_cut_in,P2,12012,50,5.0,0.0,11.234115978422913,7.347532739074193,0.2132565692115898,0.0002082773269617516,999791722.6730384,17.09672071521911,17.09343247158598,19.431160541768985,11.331044181969368,1.9092338673411526,0,0,0,0,-1,inf,0,-1,0,0,7600,216,0,3784,0,3600,1.6778256722655371,3.9811394483862306,False
occluding_cut_in,P3,12012,50,5.0,0.0,11.272727078473352,7.347277451802598,0.21016357905894725,0.00020785407926597092,999792145.920734,17.087302883832304,17.086958375649086,19.431160541768985,11.331044181969368,1.913149005085399,0,0,0,0,-1,inf,0,-1,0,0,7600,191,0,3805,0,3604,1.6778256722655371,3.9811394483862306,False
occluding_cut_in,P4,12012,50,5.0,0.0,11.267888282720728,7.327224075401506,0.2107706627715266,0.00021432353040528015,999785676.4695947,17.087302883832308,17.087302883832308,19.431160541768985,11.331044181969368,1.912697116167692,0,0,0,0,-1,inf,0,-1,0,0,7600,182,0,3814,0,3604,1.6778256722655371,3.9811394483862306,False
occluding_cut_in,P0,12013,50,5.0,0.0,11.267888282720728,7.327224075401506,0.2107706627715266,0.00021432353040528015,999785676.4695947,17.087302883832308,17.087302883832308,19.431160541768985,11.331044181969368,1.912697116167692,0,0,0,0,-1,inf,0,-1,0,0,7600,182,0,3814,0,3604,1.853860524193201,4.203499510967257,False
occluding_cut_in,P1,12013,50,5.0,0.0,11.279704603516379,7.346397526329796,0.2100100123135853,0.00020808701946142477,999791912.9805385,17.0873028838323,17.08646209581056,19.43013353196599,11.331044181969368,1.9135795070334352,0,0,0,0,-1,inf,0,-1,0,0,7600,220,0,3780,0,3600,1.853860524193201,4.203499510967257,False
occluding_cut_in,P2,12013,50,5.0,0.0,11.279704603516379,7.346397526329796,0.2100100123135853,0.00020808701946142477,999791912.9805385,17.0873028838323,17.08646209581056,19.43013353196599,11.331044181969368,1.9135795070334352,0,0,0,0,-1,inf,0,-1,0,0,7600,220,0,3780,0,3600,1.853860524193201,4.203499510967257,False
occluding_cut_in,P3,12013,50,5.0,0.0,11.262544596352384,7.265809620764898,0.21210737669105537,0.00023045853746672562,999769541.4625331,17.087302883832308,17.08620420453665,19.43013353196599,11.331044181969368,1.9139138373262345,0,0,0,0,-1,inf,0,-1,0,0,7600,223,0,3777,0,3600,1.853860524193201,4.203499510967257,False
occluding_cut_in,P4,12013,50,5.0,0.0,11.267888282720728,7.327224075401506,0.2107706627715266,0.00021432353040528015,999785676.4695947,17.087302883832308,17.087302883832308,19.431160541768985,11.331044181969368,1.912697116167692,0,0,0,0,-1,inf,0,-1,0,0,7600,182,0,3814,0,3604,1.853860524193201,4.203499510967257,False
occluding_cut_in,P0,12014,50,5.0,0.0,11.267888282720728,7.327224075401506,0.2107706627715266,0.00021432353040528015,999785676.4695947,17.087302883832308,17.087302883832308,19.431160541768985,11.331044181969368,1.912697116167692,0,0,0,0,-1,inf,0,-1,0,0,7600,182,0,3814,0,3604,1.9396177277323168,4.462337188227592,False
occluding_cut_in,P1,12014,50,5.0,0.0,11.293166311522455,7.345059159874626,0.2091792288500988,0.0002083999505940377,999791600.0494059,17.08730288383232,17.085739932297194,19.431160541768985,11.331044181969368,1.9142604347966024,0,0,0,0,-1,inf,0,-1,0,0,7600,210,0,3786,0,3604,1.9396177277323168,4.462337188227592,False
occluding_cut_in,P2,12014,50,5.0,0.0,11.234115978422913,7.347532739074193,0.2132565692115898,0.0002082773269617516,999791722.6730384,17.09672071521911,17.09343247158598,19.431160541768985,11.331044181969368,1.9092338673411526,0,0,0,0,-1,inf,0,-1,0,0,7600,216,0,3784,0,3600,1.9396177277323168,4.462337188227592,False
occluding_cut_in,P3,12014,50,5.0,0.0,11.234115978422913,7.347532739074193,0.2132565692115898,0.0002082773269617516,999791722.6730384,17.09672071521911,17.09343247158598,19.431160541768985,11.331044181969368,1.9092338673411526,0,0,0,0,-1,inf,0,-1,0,0,7600,216,0,3784,0,3600,1.9396177277323168,4.462337188227592,False
occluding_cut_in,P4,12014,50,5.0,0.0,11.267888282720728,7.327224075401506,0.2107706627715266,0.00021432353040528015,999785676.4695947,17.087302883832308,17.087302883832308,19.431160541768985,11.331044181969368,1.912697116167692,0,0,0,0,-1,inf,0,-1,0,0,7600,182,0,3814,0,3604,1.9396177277323168,4.462337188227592,False
occluding_cut_in,P0,12015,50,5.0,0.0,11.267888282720728,7.327224075401506,0.2107706627715266,0.00021432353040528015,999785676.4695947,17.087302883832308,17.087302883832308,19.431160541768985,11.331044181969368,1.912697116167692,0,0,0,0,-1,inf,0,-1,0,0,7600,182,0,3814,0,3604,1.8158432384241212,4.197884232478916,False
occluding_cut_in,P1,12015,50,5.0,0.0,11.32259098532521,7.330849635099795,0.20818126146480595,0.00021115231607467776,999788847.6839255,17.121780353335417,17.116341439325343,19.431160541768985,11.331044181969368,1.8837879858002218,0,0,0,0,-1,inf,0,-1,0,0,7600,270,0,3750,0,3580,1.8158432384241212,4.197884232478916,False
occluding_cut_in,P2,12015,50,5.0,0.0,11.304662266597454,7.351504675742082,0.20837432312261125,0.00020585025197970033,999794149.7480203,17.109263734065536,17.106786860918128,19.431160541768985,11.331044181969368,1.8932202090741326,0,0,0,0,-1,inf,0,-1,0,0,7600,219,0,3790,0,3591,1.8158432384241212,4.197884232478916,False
occluding_cut_in,P3,12015,50,5.0,0.0,11.272727078473352,7.347277451802598,0.21016357905894725,0.00020785407926597092,999792145.920734,17.087302883832304,17.086958375649086,19.431160541768985,11.331044181969368,1.913149005085399,0,0,0,0,-1,inf,0,-1,0,0,7600,191,0,3805,0,3604,1.8158432384241212,4.197884232478916,False
occluding_cut_in,P4,12015,50,5.0,0.0,11.267888282720728,7.327224075401506,0.2107706627715266,0.00021432353040528015,999785676.4695947,17.087302883832308,17.087302883832308,19.431160541768985,11.331044181969368,1.912697116167692,0,0,0,0,-1,inf,0,-1,0,0,7600,182,0,3814,0,3604,1.8158432384241212,4.197884232478916,False
occluding_cut_in,P0,12016,50,5.0,0.0,11.267888282720728,7.327224075401506,0.2107706627715266,0.00021432353040528015,999785676.4695947,17.087302883832308,17.087302883832308,19.431160541768985,11.331044181969368,1.912697116167692,0,0,0,0,-1,inf,0,-1,0,0,7600,182,0,3814,0,3604,1.8614445409121583,4.267729266258325,False
occluding_cut_in,P1,12016,50,5.0,0.0,11.323929889722908,7.33746240387935,0.2079504854985344,0.00020935444522376598,999790645.5547763,17.121780353335428,17.11653427941325,19.43013353196599,11.331044181969368,1.8836732888752445,0,0,0,0,-1,inf,0,-1,0,0,7600,282,0,3740,0,3578,1.8614445409121583,4.267729266258325,False
occluding_cut_in,P2,12016,50,5.0,0.0,11.276963380877083,7.330914167477342,0.21037900968694642,0.00021314547187283378,999786854.5281272,17.087302883832308,17.08684058791738,19.43013353196599,11.331044181969368,1.913174713293892,0,0,0,0,-1,inf,0,-1,0,0,7600,211,0,3789,0,3600,1.8614445409121583,4.267729266258325,False
occluding_cut_in,P3,12016,50,5.0,0.0,11.267888282720728,7.327224075401506,0.2107706627715266,0.00021432353040528015,999785676.4695947,17.087302883832308,17.087302883832308,19.431160541768985,11.331044181969368,1.912697116167692,0,0,0,0,-1,inf,0,-1,0,0,7600,182,0,3814,0,3604,1.8614445409121583,4.267729266258325,False
occluding_cut_in,P4,12016,50,5.0,0.0,11.267888282720728,7.327224075401506,0.2107706627715266,0.00021432353040528015,999785676.4695947,17.087302883832308,17.087302883832308,19.431160541768985,11.331044181969368,1.912697116167692,0,0,0,0,-1,inf,0,-1,0,0,7600,182,0,3814,0,3604,1.8614445409121583,4.267729266258325,False
occluding_cut_in,P0,12017,50,5.0,0.0,11.267888282720728,7.327224075401506,0.2107706627715266,0.00021432353040528015,999785676.4695947,17.087302883832308,17.087302883832308,19.431160541768985,11.331044181969368,1.912697116167692,0,0,0,0,-1,inf,0,-1,0,0,7600,182,0,3814,0,3604,1.7983749267244453,4.152015182844185,False
occluding_cut_in,P1,12017,50,5.0,0.0,11.323929889722908,7.33746240387935,0.2079504854985344,0.00020935444522376598,999790645.5547763,17.121780353335428,17.11653427941325,19.43013353196599,11.331044181969368,1.8836732888752445,0,0,0,0,-1,inf,0,-1,0,0,7600,282,0,3740,0,3578,1.7983749267244453,4.152015182844185,False
occluding_cut_in,P2,12017,50,5.0,0.0,11.279402230947529,7.3325272748345185,0.21008453913158626,0.00021127208617207884,999788727.9138278,17.087302883832304,17.08671813657334,19.43013353196599,11.331044181969368,1.9132821182943816,0,0,0,0,-1,inf,0,-1,0,0,7600,211,0,3789,0,3600,1.7983749267244453,4.152015182844185,False
occluding_cut_in,P3,12017,50,5.0,0.0,11.271959506513124,7.335881601140441,0.21027690254954082,0.00021045185835408037,999789548.1416459,17.087302883832308,17.087194917016916,19.431160541768985,11.331044181969368,1.9128245916561997,0,0,0,0,-1,inf,0,-1,0,0,7600,182,0,3814,0,3604,1.7983749267244453,4.152015182844185,False
occluding_cut_in,P4,12017,50,5.0,0.0,11.267888282720728,7.327224075401506,0.2107706627715266,0.00021432353040528015,999785676.4695947,17.087302883832308,17.087302883832308,19.431160541768985,11.331044181969368,1.912697116167692,0,0,0,0,-1,inf,0,-1,0,0,7600,182,0,3814,0,3604,1.7983749267244453,4.152015182844185,False
occluding_cut_in,P0,12018,50,5.0,0.0,11.267888282720728,7.327224075401506,0.2107706627715266,0.00021432353040528015,999785676.4695947,17.087302883832308,17.087302883832308,19.431160541768985,11.331044181969368,1.912697116167692,0,0,0,0,-1,inf,0,-1,0,0,7600,182,0,3814,0,3604,1.7981876681929199,4.123016403908623,False
occluding_cut_in,P1,12018,50,5.0,0.0,11.332635162965522,7.2968468754087175,0.20906811882705212,0.00022077520280912,999779224.797191,17.121780353335417,17.114710306963037,19.431160541768985,11.331044181969368,1.885592952331776,0,0,0,0,-1,inf,0,-1,0,0,7600,351,0,3667,0,3582,1.7981876681929199,4.123016403908623,False
occluding_cut_in,P2,12018,50,5.0,0.0,11.285993691216454,7.30833693068272,0.21004580967076453,0.00021764251711441334,999782357.4828857,17.08730288383231,17.08560516159999,19.431160541768985,11.331044181969368,1.9144130276938296,0,0,0,0,-1,inf,0,-1,0,0,7600,215,0,3781,0,3604,1.7981876681929199,4.123016403908623,False
occluding_cut_in,P3,12018,50,5.0,0.0,11.271959506513124,7.335881601140441,0.21027690254954082,0.00021045185835408037,999789548.1416459,17.087302883832308,17.087194917016916,19.431160541768985,11.331044181969368,1.9128245916561997,0,0,0,0,-1,inf,0,-1,0,0,7600,182,0,3814,0,3604,1.7981876681929199,4.123016403908623,False
occluding_cut_in,P4,12018,50,5.0,0.0,11.267888282720728,7.327224075401506,0.2107706627715266,0.00021432353040528015,999785676.4695947,17.087302883832308,17.087302883832308,19.431160541768985,11.331044181969368,1.912697116167692,0,0,0,0,-1,inf,0,-1,0,0,7600,182,0,3814,0,3604,1.7981876681929199,4.123016403908623,False
occluding_cut_in,P0,12019,50,5.0,0.0,11.267888282720728,7.327224075401506,0.2107706627715266,0.00021432353040528015,999785676.4695947,17.087302883832308,17.087302883832308,19.431160541768985,11.331044181969368,1.912697116167692,0,0,0,0,-1,inf,0,-1,0,0,7600,182,0,3814,0,3604,1.8197781026011992,4.104613483036919,False
occluding_cut_in,P1,12019,50,5.0,0.0,11.330542028345441,7.3466437559200495,0.2079361223944305,0.0002081010537113367,999791898.9462886,17.121780353335417,17.115973467558156,19.431160541768985,11.331044181969368,1.8843586929951255,0,0,0,0,-1,inf,0,-1,0,0,7600,295,0,3725,0,3580,1.8197781026011992,4.104613483036919,False
occluding_cut_in,P2,12019,50,5.0,0.0,11.300967259640549,7.34609500698083,0.20892083246936025,0.00020801564955933913,999791984.3504406,17.087302883832315,17.085275650404522,19.43013353196599,11.331044181969368,1.9147352770743513,0,0,0,0,-1,inf,0,-1,0,0,7600,236,0,3764,0,3600,1.8197781026011992,4.104613483036919,False
occluding_cut_in,P3,12019,50,5.0,0.0,11.271755487271896,7.334259161228186,0.21030210393144963,0.00021079719794503822,999789202.802055,17.079263734065538,17.07915741619279,19.431160541768985,11.331044181969368,1.9208614490774019,0,0,0,0,-1,inf,0,-1,0,0,7600,181,0,3815,0,3604,1.8197781026011992,4.104613483036919,False
occluding_cut_in,P4,12019,50,5.0,0.0,11.267888282720728,7.327224075401506,0.2107706627715266,0.00021432353040528015,999785676.4695947,17.087302883832308,17.087302883832308,19.431160541768985,11.331044181969368,1.912697116167692,0,0,0,0,-1,inf,0,-1,0,0,7600,182,0,3814,0,3604,1.8197781026011992,4.104613483036919,False
