scenario,planner,seed,steps,duration_s,planning_safety_margin_m,mean_snr_db,min_snr_db,mean_outage_probability,mean_ber_model,mean_goodput_bps_model,path_length_m,progress_m,min_target_distance_m,min_realized_ttc_s,min_static_obstacle_clearance_m,static_clearance_violation_steps,static_clearance_violation_indicator,collision_indicator,collision_steps,first_collision_step,first_collision_time_s,no_candidate_steps,first_no_candidate_step,zero_candidate_after_static_steps,zero_candidate_after_dynamic_steps,candidate_evaluations,candidate_road_rejections,candidate_speed_rejections,candidate_static_rejections,candidate_dynamic_rejections,candidate_feasible,prediction_ade_m,prediction_fde_m,measured_optical_link
following_lateral_offset,P0,9000,40,4.0,2.0,16.283317738717784,7.848920693092737,0.05487259256574739,3.744517526569706e-05,999962554.8247343,36.360000000000014,36.360000000000014,3.8999487176115406,1.4181512689092413,inf,0,0,0,0,-1,inf,1,1,0,1,6080,0,0,0,1726,4354,1.8225331140428995,4.157889384919348,False
following_lateral_offset,P1,9000,40,4.0,2.0,16.283317738717784,7.848920693092737,0.05487259256574739,3.744517526569706e-05,999962554.8247343,36.360000000000014,36.360000000000014,3.8999487176115406,1.4181512689092413,inf,0,0,0,0,-1,inf,1,1,0,1,6080,0,0,0,1726,4354,1.8225331140428995,4.157889384919348,False
following_lateral_offset,P2,9000,40,4.0,2.0,17.292320577467056,11.778943806708853,0.01687443414830747,3.71828220646885e-09,999999996.2817177,36.27000000000002,36.266204032132705,3.94255179285472,1.3946782290017208,inf,0,0,0,0,-1,inf,1,1,0,1,6080,156,0,0,1564,4360,1.8225331140428995,4.157889384919348,False
following_lateral_offset,P3,9000,40,4.0,2.0,16.944283821857066,11.324070518864712,0.021479386477759876,1.679775484481015e-08,999999983.2022451,36.3,36.298143479749015,3.9272441745022597,1.3946782290017208,inf,0,0,0,0,-1,inf,1,1,0,1,6080,102,0,0,1616,4362,1.8225331140428995,4.157889384919348,False
following_lateral_offset,P4,9000,40,4.0,2.0,17.757906911351135,13.514727230158453,0.010498435084847204,2.2953991727041162e-12,999999999.9977047,36.19000000000002,36.18627646048348,3.9942580342811054,1.3946782290017208,inf,0,0,0,0,-1,inf,1,1,0,1,6080,222,0,0,1519,4339,1.8225331140428995,4.157889384919348,False
following_lateral_offset,P0,9001,40,4.0,2.0,15.726395468345137,5.409527396047373,0.1097431690727281,0.0007835639932633027,999216436.0067368,36.58000000000001,36.57949211105884,3.7044844747327854,1.0925142942874264,inf,0,0,0,0,-1,inf,0,-1,0,0,6080,23,0,0,1804,4253,1.8669593561435256,4.219168712727196,False
following_lateral_offset,P1,9001,40,4.0,2.0,15.726395468345137,5.409527396047373,0.1097431690727281,0.0007835639932633027,999216436.0067368,36.58000000000001,36.57949211105884,3.7044844747327854,1.0925142942874264,inf,0,0,0,0,-1,inf,0,-1,0,0,6080,23,0,0,1804,4253,1.8669593561435256,4.219168712727196,False
following_lateral_offset,P2,9001,40,4.0,2.0,16.506356705207235,7.783860179639021,0.054708306482676085,4.399593300704463e-05,999956004.066993,36.58000000000001,36.57724519099654,3.665901378138207,1.0364619107672943,inf,0,0,0,0,-1,inf,0,-1,0,0,6080,115,0,0,1740,4225,1.8669593561435256,4.219168712727196,False
following_lateral_offset,P3,9001,40,4.0,2.0,16.207496640846422,6.831646513168181,0.0722466958979659,0.00016163971701266575,999838360.2829872,36.58000000000002,36.57907794080663,3.6802517014147287,1.0468660329321429,inf,0,0,0,0,-1,inf,0,-1,0,0,6080,55,0,0,1790,4235,1.8669593561435256,4.219168712727196,False
following_lateral_offset,P4,9001,40,4.0,2.0,18.32310075940712,8.286282189425815,0.0302626669557411,1.544127384797845e-05,999984558.7261521,36.18333333333334,36.16023138539339,4.00800583903445,1.1411668368173487,inf,0,0,0,0,-1,inf,0,-1,0,0,6080,1316,0,0,1280,3484,1.8669593561435256,4.219168712727196,False
following_lateral_offset,P0,9002,40,4.0,2.0,16.32092857588074,7.8028268281729645,0.053681396853580976,3.704736777658534e-05,999962952.6322235,36.365666666666684,36.365666666666684,3.894660290420418,1.313456230416586,inf,0,0,0,0,-1,inf,0,-1,0,0,6080,0,0,0,1754,4326,1.8277397465175511,4.094309413166095,False
following_lateral_offset,P1,9002,40,4.0,2.0,16.32092857588074,7.8028268281729645,0.053681396853580976,3.704736777658534e-05,999962952.6322235,36.365666666666684,36.365666666666684,3.894660290420418,1.313456230416586,inf,0,0,0,0,-1,inf,0,-1,0,0,6080,0,0,0,1754,4326,1.8277397465175511,4.094309413166095,False
following_lateral_offset,P2,9002,40,4.0,2.0,18.34185419785902,15.116125601694426,0.0073117210609903015,9.881845005660334e-17,1000000000.0,36.07000000000003,36.064108111728466,4.096375497317214,1.3208396573027277,inf,0,0,0,0,-1,inf,0,-1,0,0,6080,330,0,0,1387,4363,1.8277397465175511,4.094309413166095,False
following_lateral_offset,P3,9002,40,4.0,2.0,18.086556862007768,14.061243726940074,0.008882946148480272,1.0925740409423325e-13,999999999.9998907,36.185666666666684,36.18157971101314,3.9951773106542605,1.3208396573027277,inf,0,0,0,0,-1,inf,0,-1,0,0,6080,281,0,0,1498,4301,1.8277397465175511,4.094309413166095,False
following_lateral_offset,P4,9002,40,4.0,2.0,20.69462424752826,16.001791007316,0.004182430707453111,7.636400952429453e-20,1000000000.0,35.90666666666665,35.89359183537147,4.145257507179331,1.3606222762149203,inf,0,0,0,0,-1,inf,0,-1,0,0,6080,1455,0,0,1140,3485,1.8277397465175511,4.094309413166095,False
following_lateral_offset,P0,9003,40,4.0,2.0,14.508065414436885,-6.354557238747944,0.15360633884089853,0.03327849096595112,966721509.0340488,36.87000000000001,36.868031480702086,3.4747917545470437,1.0338528225125498,inf,0,0,0,0,-1,inf,4,37,0,4,6080,91,0,0,2004,3985,1.9068996853727835,4.167308936891915,False
following_lateral_offset,P1,9003,40,4.0,2.0,14.508065414436885,-6.354557238747944,0.15360633884089853,0.03327849096595112,966721509.0340488,36.87000000000001,36.868031480702086,3.4747917545470437,1.0338528225125498,inf,0,0,0,0,-1,inf,4,37,0,4,6080,91,0,0,2004,3985,1.9068996853727835,4.167308936891915,False
following_lateral_offset,P2,9003,40,4.0,2.0,15.86132898167294,5.7651992939280134,0.09849322744478099,0.0007427526618734301,999257247.3381265,36.690000000000026,36.68903790772391,3.57770342763125,1.0236356805451583,inf,0,0,0,0,-1,inf,4,37,0,4,6080,53,0,0,1995,4032,1.9068996853727835,4.167308936891915,False
following_lateral_offset,P3,9003,40,4.0,2.0,14.508065414436885,-6.354557238747944,0.15360633884089853,0.03327849096595112,966721509.0340488,36.87000000000001,36.868031480702086,3.4747917545470437,1.0338528225125498,inf,0,0,0,0,-1,inf,4,37,0,4,6080,91,0,0,2004,3985,1.9068996853727835,4.167308936891915,False
following_lateral_offset,P4,9003,40,4.0,2.0,15.52338889088278,3.2204343882712756,0.12093795115826986,0.0036236933694744297,996376306.6305256,36.87000000000002,36.869485385862426,3.4197505864745237,1.0338528225125498,inf,0,0,0,0,-1,inf,4,37,0,4,6080,24,0,0,2079,3977,1.9068996853727835,4.167308936891915,False
following_lateral_offset,P0,9004,40,4.0,2.0,17.80767889118719,0.9154570437804246,0.0807474024785699,0.004772545208419867,995227454.7915802,36.13,36.090826602220744,4.105155208008194,1.339825851988129,inf,0,0,0,0,-1,inf,0,-1,0,0,6080,1532,0,0,1131,3417,1.8217073995019,4.047051677859335,False
following_lateral_offset,P1,9004,40,4.0,2.0,18.651114858075964,9.484755333242077,0.02048340618106828,1.7560627807259645e-06,999998243.9372193,36.04999999999998,36.023613231902424,4.130234947111777,1.3753506619195877,inf,0,0,0,0,-1,inf,0,-1,0,0,6080,1416,0,0,1211,3453,1.8217073995019,4.047051677859335,False
following_lateral_offset,P2,9004,40,4.0,2.0,19.023026817322684,10.77264496849697,0.013759458215603865,8.1185706659369e-08,999999918.8142933,36.07499999999998,36.05121211737642,4.084442633636549,1.3569755086508148,inf,0,0,0,0,-1,inf,0,-1,0,0,6080,1385,0,0,1266,3429,1.8217073995019,4.047051677859335,False
following_lateral_offset,P3,9004,40,4.0,2.0,17.831194159621965,1.3507872903058242,0.07963912250600871,0.004166148455952001,995833851.544048,36.06166666666665,36.02231736030552,4.169743082944225,1.373667397213464,inf,0,0,0,0,-1,inf,0,-1,0,0,6080,1531,0,0,1133,3416,1.8217073995019,4.047051677859335,False
following_lateral_offset,P4,9004,40,4.0,2.0,20.48327301106702,16.001791007316,0.004173285594883123,7.636400952429453e-20,1000000000.0,35.97133333333334,35.96015191818679,4.09839072174824,1.373667397213464,inf,0,0,0,0,-1,inf,0,-1,0,0,6080,1330,0,0,1344,3406,1.8217073995019,4.047051677859335,False
following_lateral_offset,P0,9005,40,4.0,2.0,14.585112364608284,-9.786310632359665,0.13416227292622146,0.03309082656903446,966909173.4309657,36.56,36.554913850619585,3.7580056919026017,1.1152100924386537,inf,0,0,0,0,-1,inf,1,39,0,1,6080,116,0,0,1913,4051,1.7680371504148742,4.082494654630341,False
following_lateral_offset,P1,9005,40,4.0,2.0,14.585112364608284,-9.786310632359665,0.13416227292622146,0.03309082656903446,966909173.4309657,36.56,36.554913850619585,3.7580056919026017,1.1152100924386537,inf,0,0,0,0,-1,inf,1,39,0,1,6080,116,0,0,1913,4051,1.7680371504148742,4.082494654630341,False
following_lateral_offset,P2,9005,40,4.0,2.0,12.429883642045962,-2.858685279915022,0.2642190278715367,0.03042305328327318,969576946.7167267,36.29,36.22907996013012,4.090347589837704,1.4729893064821997,inf,0,0,0,0,-1,inf,0,-1,0,0,6080,1741,0,0,818,3521,1.7680371504148742,4.082494654630341,False
following_lateral_offset,P3,9005,40,4.0,2.0,14.760978122444318,-9.226994293453423,0.12867014228487245,0.031832856028674944,968167143.9713252,36.56000000000001,36.55425838309403,3.7502391747352943,1.0699364308709907,inf,0,0,0,0,-1,inf,1,39,0,1,6080,143,0,0,1891,4046,1.7680371504148742,4.082494654630341,False
following_lateral_offset,P4,9005,40,4.0,2.0,20.008953230789693,15.396831830685382,0.005291660916138136,1.1278730791788584e-17,1000000000.0,36.04999999999999,36.03182204744202,4.034480983962612,1.2213847066345391,inf,0,0,0,0,-1,inf,0,-1,0,0,6080,1402,0,0,1321,3357,1.7680371504148742,4.082494654630341,False
following_lateral_offset,P0,9006,40,4.0,2.0,2.607949619492154,-59.34147369556089,0.3946828214021287,0.13710055217033354,862899447.8296665,37.29599999999997,37.28021014485056,3.653706697189165,2.5640773945346633,inf,0,0,0,0,-1,inf,3,38,0,3,6080,1838,0,0,1087,3155,1.9421800103479252,4.437562231660171,False
following_lateral_offset,P1,9006,40,4.0,2.0,2.607949619492154,-59.34147369556089,0.3946828214021287,0.13710055217033354,862899447.8296665,37.29599999999997,37.28021014485056,3.653706697189165,2.5640773945346633,inf,0,0,0,0,-1,inf,3,38,0,3,6080,1838,0,0,1087,3155,1.9421800103479252,4.437562231660171,False
following_lateral_offset,P2,9006,40,4.0,2.0,2.607949619492154,-59.34147369556089,0.3946828214021287,0.13710055217033354,862899447.8296665,37.29599999999997,37.28021014485056,3.653706697189165,2.5640773945346633,inf,0,0,0,0,-1,inf,3,38,0,3,6080,1838,0,0,1087,3155,1.9421800103479252,4.437562231660171,False
following_lateral_offset,P3,9006,40,4.0,2.0,2.607949619492154,-59.34147369556089,0.3946828214021287,0.13710055217033354,862899447.8296665,37.29599999999997,37.28021014485056,3.653706697189165,2.5640773945346633,inf,0,0,0,0,-1,inf,3,38,0,3,6080,1838,0,0,1087,3155,1.9421800103479252,4.437562231660171,False
following_lateral_offset,P4,9006,40,4.0,2.0,2.607949619492154,-59.34147369556089,0.3946828214021287,0.13710055217033354,862899447.8296665,37.29599999999997,37.28021014485056,3.653706697189165,2.5640773945346633,inf,0,0,0,0,-1,inf,3,38,0,3,6080,1838,0,0,1087,3155,1.9421800103479252,4.437562231660171,False
following_lateral_offset,P0,9007,40,4.0,2.0,11.035386062679818,-3.3437249250878587,0.34538262192912256,0.03592365176769705,964076348.2323029,36.64999999999998,36.61070940485656,3.8003980346625013,1.2992883752319049,inf,0,0,0,0,-1,inf,1,40,0,1,6080,1693,0,0,904,3483,1.9396017326342752,4.366869286070957,False
following_lateral_offset,P1,9007,40,4.0,2.0,11.035386062679818,-3.3437249250878587,0.34538262192912256,0.03592365176769705,964076348.2323029,36.64999999999998,36.61070940485656,3.8003980346625013,1.2992883752319049,inf,0,0,0,0,-1,inf,1,40,0,1,6080,1693,0,0,904,3483,1.9396017326342752,4.366869286070957,False
following_lateral_offset,P2,9007,40,4.0,2.0,11.692545143602207,-3.3437249250878587,0.2758242526348974,0.03391051468380967,966089485.3161904,36.619999999999976,36.56783859104426,3.7946566107935666,1.2992883752319049,inf,0,0,0,0,-1,inf,1,40,0,1,6080,1755,0,0,842,3483,1.9396017326342752,4.366869286070957,False
following_lateral_offset,P3,9007,40,4.0,2.0,11.224195420177972,-3.3437249250878587,0.32555759468577217,0.0346543056636429,965345694.3363571,36.61999999999997,36.57792732941265,3.8209166602464566,1.2992883752319049,inf,0,0,0,0,-1,inf,1,40,0,1,6080,1702,0,0,893,3485,1.9396017326342752,4.366869286070957,False
following_lateral_offset,P4,9007,40,4.0,2.0,11.921336144761405,-3.3437249250878587,0.26521432182520044,0.0339093090179995,966090690.9820006,36.619999999999976,36.56441616335033,3.785882670239813,1.2992883752319049,inf,0,0,0,0,-1,inf,1,40,0,1,6080,1773,0,0,824,3483,1.9396017326342752,4.366869286070957,False
following_lateral_offset,P0,9008,40,4.0,2.0,10.89346370272082,-2.7492610283463392,0.3608626678732864,0.036811821536203514,963188178.4637964,36.67666666666668,36.645028863363535,3.7905551827272235,1.2884414701673859,inf,0,0,0,0,-1,inf,1,39,0,1,6080,1559,0,0,1099,3422,1.7831738194278899,4.136500871474583,False
following_lateral_offset,P1,9008,40,4.0,2.0,9.248490497576816,-11.053604871047632,0.3884360746379394,0.08813594821935508,911864051.780645,36.82999999999999,36.812829992590046,3.7469650652120876,1.2151428007197358,inf,0,0,0,0,-1,inf,1,39,0,1,6080,1384,0,0,1326,3370,1.7831738194278899,4.136500871474583,False
following_lateral_offset,P2,9008,40,4.0,2.0,11.27657043495476,-2.7492610283463392,0.3218136768815862,0.03608338511662694,963916614.883373,36.67666666666668,36.63784464483629,3.771817766245168,1.2884414701673859,inf,0,0,0,0,-1,inf,1,39,0,1,6080,1588,0,0,1071,3421,1.7831738194278899,4.136500871474583,False
following_lateral_offset,P3,9008,40,4.0,2.0,10.89346370272082,-2.7492610283463392,0.3608626678732864,0.036811821536203514,963188178.4637964,36.67666666666668,36.645028863363535,3.7905551827272235,1.2884414701673859,inf,0,0,0,0,-1,inf,1,39,0,1,6080,1559,0,0,1099,3422,1.7831738194278899,4.136500871474583,False
following_lateral_offset,P4,9008,40,4.0,2.0,9.248490497576816,-11.053604871047632,0.3884360746379394,0.08813594821935508,911864051.780645,36.82999999999999,36.812829992590046,3.7469650652120876,1.2151428007197358,inf,0,0,0,0,-1,inf,1,39,0,1,6080,1384,0,0,1326,3370,1.7831738194278899,4.136500871474583,False
following_lateral_offset,P0,9009,40,4.0,2.0,16.16243838069908,7.685223187570173,0.06126952435654025,4.768584031544972e-05,999952314.1596848,36.38000000000002,36.38000000000002,3.881288445864321,1.3181512689092398,inf,0,0,0,0,-1,inf,0,-1,0,0,6080,0,0,0,1714,4366,1.7224418192182853,3.9984919015509846,False
following_lateral_offset,P1,9009,40,4.0,2.0,16.157855343606794,7.6161750935746255,0.06180070379751239,5.2118967703372666e-05,999947881.0322968,36.38833333333334,36.38833333333334,3.8735172790515655,1.3181512689092398,inf,0,0,0,0,-1,inf,0,-1,0,0,6080,0,0,0,1722,4358,1.7224418192182853,3.9984919015509846,False
following_lateral_offset,P2,9009,40,4.0,2.0,18.052749339595636,16.137508032910766,0.0073505410567050785,3.372501352703749e-20,1000000000.0,36.246000000000016,36.24064349272411,3.9206920017349596,1.2872380135597659,inf,0,0,0,0,-1,inf,0,-1,0,0,6080,292,0,0,1456,4332,1.7224418192182853,3.9984919015509846,False
following_lateral_offset,P3,9009,40,4.0,2.0,17.933509555468948,16.137508032910766,0.007710810101490231,3.3725017808990785e-20,1000000000.0,36.246,36.24171426148344,3.924906426275356,1.2872380135597659,inf,0,0,0,0,-1,inf,0,-1,0,0,6080,261,0,0,1479,4340,1.7224418192182853,3.9984919015509846,False
following_lateral_offset,P4,9009,40,4.0,2.0,20.76835949031191,16.001791007316,0.004155321521392081,7.636400952429453e-20,1000000000.0,36.00833333333335,35.99499961209435,4.0432684790390025,1.4264349527293472,inf,0,0,0,0,-1,inf,0,-1,0,0,6080,1469,0,0,1194,3417,1.7224418192182853,3.9984919015509846,False
following_lateral_offset,P0,9010,40,4.0,2.0,15.96066795724813,6.455985544405372,0.0818707654824887,0.00023215194896063253,999767848.0510393,36.52000000000002,36.52000000000002,3.751053185440041,1.2067857232160666,inf,0,0,0,0,-1,inf,0,-1,0,0,6080,0,0,0,1646,4434,1.766760224737339,4.090673845711061,False
following_lateral_offset,P1,9010,40,4.0,2.0,15.96066795724813,6.455985544405372,0.0818707654824887,0.00023215194896063253,999767848.0510393,36.52000000000002,36.52000000000002,3.751053185440041,1.2067857232160666,inf,0,0,0,0,-1,inf,0,-1,0,0,6080,0,0,0,1646,4434,1.766760224737339,4.090673845711061,False
following_lateral_offset,P2,9010,40,4.0,2.0,17.846884380334675,15.143237228220661,0.008619256182263186,8.054224610738619e-17,1000000000.0,36.31000000000001,36.30284720881747,3.86231917451815,1.1720789650764933,inf,0,0,0,0,-1,inf,0,-1,0,0,6080,277,0,0,1363,4440,1.766760224737339,4.090673845711061,False
following_lateral_offset,P3,9010,40,4.0,2.0,17.48303719333812,15.143237228220661,0.010345799980015643,8.064792921826023e-17,1000000000.0,36.31000000000001,36.30644880240311,3.8781370370887145,1.1720789650764933,inf,0,0,0,0,-1,inf,0,-1,0,0,6080,203,0,0,1432,4445,1.766760224737339,4.090673845711061,False
following_lateral_offset,P4,9010,40,4.0,2.0,17.8180011747573,14.37245005711683,0.009355019234963147,1.6339230053643437e-14,999999999.9999835,36.31666666666667,36.30728364407729,3.85740450647732,1.2067857232160666,inf,0,0,0,0,-1,inf,0,-1,0,0,6080,277,0,0,1368,4435,1.766760224737339,4.090673845711061,False
following_lateral_offset,P0,9011,40,4.0,2.0,16.147052529164917,6.732211266012598,0.06594040134014682,0.00014198436360000072,999858015.6363999,36.490000000000016,36.490000000000016,3.7789019569181583,1.3454187290660062,inf,0,0,0,0,-1,inf,0,-1,0,0,6080,0,0,0,1758,4322,1.670234023426736,3.8544424832234063,False
following_lateral_offset,P1,9011,40,4.0,2.0,16.147052529164917,6.732211266012598,0.06594040134014682,0.00014198436360000072,999858015.6363999,36.490000000000016,36.490000000000016,3.7789019569181583,1.3454187290660062,inf,0,0,0,0,-1,inf,0,-1,0,0,6080,0,0,0,1758,4322,1.670234023426736,3.8544424832234063,False
following_lateral_offset,P2,9011,40,4.0,2.0,18.157373778890637,16.137508032910766,0.00687835782984843,2.0934223844320164e-20,1000000000.0,36.24000000000001,36.23522844939399,3.922464009535111,1.3443048259001698,inf,0,0,0,0,-1,inf,0,-1,0,0,6080,294,0,0,1452,4334,1.670234023426736,3.8544424832234063,False
following_lateral_offset,P3,9011,40,4.0,2.0,18.157147516033312,16.137508032910766,0.0068789446229227755,2.0934223844320486e-20,1000000000.0,36.24333333333334,36.23856008527069,3.9192365460607004,1.3443048259001698,inf,0,0,0,0,-1,inf,0,-1,0,0,6080,294,0,0,1455,4331,1.670234023426736,3.8544424832234063,False
following_lateral_offset,P4,9011,40,4.0,2.0,18.730829598001232,12.892342387484401,0.009023971819822046,4.407547510422747e-11,999999999.9559246,36.299999999999955,36.28406372544843,3.8707521876094435,1.5789968497615186,inf,0,0,0,0,-1,inf,0,-1,0,0,6080,1143,0,0,1459,3478,1.670234023426736,3.8544424832234063,False
following_lateral_offset,P0,9012,40,4.0,2.0,16.15966952922625,7.518665895037984,0.06430283758406431,6.874331723665039e-05,999931256.6827633,36.40000000000002,36.40000000000002,3.8626415831655745,1.3365873095253944,inf,0,0,0,0,-1,inf,0,-1,0,0,6080,0,0,0,1850,4230,1.7752639000756976,4.070058892455026,False
following_lateral_offset,P1,9012,40,4.0,2.0,16.15966952922625,7.518665895037984,0.06430283758406431,6.874331723665039e-05,999931256.6827633,36.40000000000002,36.40000000000002,3.8626415831655745,1.3365873095253944,inf,0,0,0,0,-1,inf,0,-1,0,0,6080,0,0,0,1850,4230,1.7752639000756976,4.070058892455026,False
following_lateral_offset,P2,9012,40,4.0,2.0,16.813629349581934,10.427623301589705,0.026415689186059594,2.1278554812792165e-07,999999787.214452,36.40000000000001,36.39808078318309,3.8324252339982356,1.3027464166759954,inf,0,0,0,0,-1,inf,0,-1,0,0,6080,103,0,0,1759,4218,1.7752639000756976,4.070058892455026,False
following_lateral_offset,P3,9012,40,4.0,2.0,16.813629349581934,10.427623301589705,0.026415689186059594,2.1278554812792165e-07,999999787.214452,36.40000000000001,36.39808078318309,3.8324252339982356,1.3027464166759954,inf,0,0,0,0,-1,inf,0,-1,0,0,6080,103,0,0,1759,4218,1.7752639000756976,4.070058892455026,False
following_lateral_offset,P4,9012,40,4.0,2.0,18.550096991051248,16.051346735755043,0.006737411051736192,6.120698677159556e-20,1000000000.0,36.24333333333337,36.23089723074616,3.9070134617432575,1.3027464166759954,inf,0,0,0,0,-1,inf,0,-1,0,0,6080,441,0,0,1466,4173,1.7752639000756976,4.070058892455026,False
following_lateral_offset,P0,9013,40,4.0,2.0,15.640441802879575,4.204799358130497,0.10718841850065677,0.0013251652176257014,998674834.7823741,36.70000000000002,36.69949932560392,3.592957897465134,1.1690612326546914,inf,0,0,0,0,-1,inf,1,40,0,1,6080,23,0,0,1733,4324,1.981701932017885,4.444373793152747,False
following_lateral_offset,P1,9013,40,4.0,2.0,15.640441802879575,4.204799358130497,0.10718841850065677,0.0013251652176257014,998674834.7823741,36.70000000000002,36.69949932560392,3.592957897465134,1.1690612326546914,inf,0,0,0,0,-1,inf,1,40,0,1,6080,23,0,0,1733,4324,1.981701932017885,4.444373793152747,False
following_lateral_offset,P2,9013,40,4.0,2.0,15.805242783437398,4.653297175932089,0.0975725551869014,0.0009500580544339436,999049941.9455662,36.70000000000002,36.69901133238395,3.585913109268478,1.1256716957402086,inf,0,0,0,0,-1,inf,1,40,0,1,6080,50,0,0,1712,4318,1.981701932017885,4.444373793152747,False
following_lateral_offset,P3,9013,40,4.0,2.0,15.805242783437398,4.653297175932089,0.0975725551869014,0.0009500580544339436,999049941.9455662,36.70000000000002,36.69901133238395,3.585913109268478,1.1256716957402086,inf,0,0,0,0,-1,inf,1,40,0,1,6080,50,0,0,1712,4318,1.981701932017885,4.444373793152747,False
following_lateral_offset,P4,9013,40,4.0,2.0,15.805242783437398,4.653297175932089,0.0975725551869014,0.0009500580544339436,999049941.9455662,36.70000000000002,36.69901133238395,3.585913109268478,1.1256716957402086,inf,0,0,0,0,-1,inf,1,40,0,1,6080,50,0,0,1712,4318,1.981701932017885,4.444373793152747,False
following_lateral_offset,P0,9014,40,4.0,2.0,10.214658265985587,-6.550382525623927,0.37515219663362276,0.05808937356224991,941910626.4377501,36.71666666666665,36.67897854585536,3.778573730908577,1.3767877560656907,inf,0,0,0,0,-1,inf,0,-1,0,0,6080,1712,0,0,910,3458,1.756685556084228,4.128074026068781,False
following_lateral_offset,P1,9014,40,4.0,2.0,10.965429809224233,-6.550382525623927,0.30510297498243044,0.05289255139753285,947107448.6024672,36.66999999999999,36.618355740252795,3.784125662978125,1.3767877560656907,inf,0,0,0,0,-1,inf,0,-1,0,0,6080,1771,0,0,856,3453,1.756685556084228,4.128074026068781,False
following_lateral_offset,P2,9014,40,4.0,2.0,10.965429809224233,-6.550382525623927,0.30510297498243044,0.05289255139753285,947107448.6024672,36.66999999999999,36.618355740252795,3.784125662978125,1.3767877560656907,inf,0,0,0,0,-1,inf,0,-1,0,0,6080,1771,0,0,856,3453,1.756685556084228,4.128074026068781,False
following_lateral_offset,P3,9014,40,4.0,2.0,10.722233687703953,-6.550382525623927,0.3273083242148057,0.05299401969485116,947005980.3051488,36.66999999999998,36.621965006830365,3.793583630909871,1.3767877560656907,inf,0,0,0,0,-1,inf,0,-1,0,0,6080,1755,0,0,870,3455,1.756685556084228,4.128074026068781,False
following_lateral_offset,P4,9014,40,4.0,2.0,20.39775324893223,16.001791007316,0.004227148978489155,7.636400952429453e-20,1000000000.0,36.26666666666665,36.25540357928984,3.8078506145917936,1.3211497663942304,inf,0,0,0,0,-1,inf,0,-1,0,0,6080,1321,0,0,1436,3323,1.756685556084228,4.128074026068781,False
following_lateral_offset,P0,9015,40,4.0,2.0,15.186426213204493,0.9972739230044105,0.14397459848049027,0.009213491955421364,990786508.0445786,36.990000000000016,36.990000000000016,3.3196535963862104,0.9399134285731552,inf,0,0,0,0,-1,inf,6,35,0,6,6080,0,0,0,2382,3698,1.8995312191166895,4.306306944201667,False
following_lateral_offset,P1,9015,40,4.0,2.0,15.186426213204493,0.9972739230044105,0.14397459848049027,0.009213491955421364,990786508.0445786,36.990000000000016,36.990000000000016,3.3196535963862104,0.9399134285731552,inf,0,0,0,0,-1,inf,6,35,0,6,6080,0,0,0,2382,3698,1.8995312191166895,4.306306944201667,False
following_lateral_offset,P2,9015,40,4.0,2.0,16.29246107822695,10.100082430577224,0.045494583868778055,1.1479494689625993e-06,999998852.050531,36.99000000000002,36.98744374666065,3.260959406146127,0.9083786127805153,inf,0,0,0,0,-1,inf,6,35,0,6,6080,134,0,0,2248,3698,1.8995312191166895,4.306306944201667,False
following_lateral_offset,P3,9015,40,4.0,2.0,16.29246107822695,10.100082430577224,0.045494583868778055,1.1479494689625993e-06,999998852.050531,36.99000000000002,36.98744374666065,3.260959406146127,0.9083786127805153,inf,0,0,0,0,-1,inf,6,35,0,6,6080,134,0,0,2248,3698,1.8995312191166895,4.306306944201667,False
following_lateral_offset,P4,9015,40,4.0,2.0,16.29246107822695,10.100082430577224,0.045494583868778055,1.1479494689625993e-06,999998852.050531,36.99000000000002,36.98744374666065,3.260959406146127,0.9083786127805153,inf,0,0,0,0,-1,inf,6,35,0,6,6080,134,0,0,2248,3698,1.8995312191166895,4.306306944201667,False
following_lateral_offset,P0,9016,40,4.0,2.0,10.924116934354293,-3.8450353419941408,0.34208899216596905,0.04182051127864396,958179488.7213562,36.46499999999998,36.42807044250094,3.9815863540492926,1.3387927697025006,inf,0,0,0,0,-1,inf,1,35,0,1,6080,1662,0,0,934,3484,1.869212881245237,4.183759337828542,False
following_lateral_offset,P1,9016,40,4.0,2.0,11.320581679873555,-3.8450353419941408,0.3116713635609613,0.04166884492355316,958331155.0764469,36.45999999999998,36.41575541501982,3.968766677498419,1.3387927697025006,inf,0,0,0,0,-1,inf,1,35,0,1,6080,1700,0,0,917,3463,1.869212881245237,4.183759337828542,False
following_lateral_offset,P2,9016,40,4.0,2.0,10.924116934354293,-3.8450353419941408,0.34208899216596905,0.04182051127864396,958179488.7213562,36.46499999999998,36.42807044250094,3.9815863540492926,1.3387927697025006,inf,0,0,0,0,-1,inf,1,35,0,1,6080,1662,0,0,934,3484,1.869212881245237,4.183759337828542,False
following_lateral_offset,P3,9016,40,4.0,2.0,10.924116934354293,-3.8450353419941408,0.34208899216596905,0.04182051127864396,958179488.7213562,36.46499999999998,36.42807044250094,3.9815863540492926,1.3387927697025006,inf,0,0,0,0,-1,inf,1,35,0,1,6080,1662,0,0,934,3484,1.869212881245237,4.183759337828542,False
following_lateral_offset,P4,9016,40,4.0,2.0,21.045678707986646,16.001791007316,0.00406459719578761,7.636400952429453e-20,1000000000.0,35.79,35.77598224273843,4.255407227204381,1.2414249809109603,inf,0,0,0,0,-1,inf,0,-1,0,0,6080,1581,0,0,1075,3424,1.869212881245237,4.183759337828542,False
following_lateral_offset,P0,9017,40,4.0,2.0,12.226353616155919,-0.44268602996395146,0.2594157512804087,0.015106688604807766,984893311.3951924,36.474999999999966,36.43461412088263,3.924692649026881,1.472130425497723,inf,0,0,0,0,-1,inf,0,-1,0,0,6080,1660,0,0,975,3445,1.8228974527554247,4.255027039391308,False
following_lateral_offset,P1,9017,40,4.0,2.0,12.592094224026088,-0.44268602996395146,0.22758818807987985,0.015022431666735586,984977568.3332644,36.473333333333315,36.427985712198804,3.9076135145367745,1.472130425497723,inf,0,0,0,0,-1,inf,0,-1,0,0,6080,1705,0,0,935,3440,1.8228974527554247,4.255027039391308,False
following_lateral_offset,P2,9017,40,4.0,2.0,12.816482831008193,-0.44268602996395146,0.22252711772629957,0.015022428288070488,984977571.7119296,36.46999999999997,36.41744740026107,3.8951239235412283,1.472130425497723,inf,0,0,0,0,-1,inf,0,-1,0,0,6080,1736,0,0,907,3437,1.8228974527554247,4.255027039391308,False
following_lateral_offset,P3,9017,40,4.0,2.0,12.484169767749496,-0.44268602996395146,0.23446313397399604,0.015024372393610725,984975627.6063893,36.473333333333315,36.427985712198804,3.9076135145367745,1.472130425497723,inf,0,0,0,0,-1,inf,0,-1,0,0,6080,1705,0,0,935,3440,1.8228974527554247,4.255027039391308,False
following_lateral_offset,P4,9017,40,4.0,2.0,12.592094224026088,-0.44268602996395146,0.22758818807987985,0.015022431666735586,984977568.3332644,36.473333333333315,36.427985712198804,3.9076135145367745,1.472130425497723,inf,0,0,0,0,-1,inf,0,-1,0,0,6080,1705,0,0,935,3440,1.8228974527554247,4.255027039391308,False
following_lateral_offset,P0,9018,40,4.0,2.0,16.57000462929117,8.83243901611344,0.03698552187559863,6.604833174256348e-06,999993395.1668259,36.23199999999998,36.23199999999998,4.019679589221032,1.4098277710253366,inf,0,0,0,0,-1,inf,0,-1,0,0,6080,0,0,0,1514,4566,1.91662785355989,4.3680535268931,False
following_lateral_offset,P1,9018,40,4.0,2.0,16.550360605885384,8.700559292767,0.03856460793640097,8.610222338048679e-06,999991389.7776619,36.249999999999986,36.249999999999986,4.0028115119251,1.3764532118246353,inf,0,0,0,0,-1,inf,0,-1,0,0,6080,0,0,0,1514,4566,1.91662785355989,4.3680535268931,False
following_lateral_offset,P2,9018,40,4.0,2.0,19.17860520321805,13.079602231136784,0.008068912496393021,1.86803840789619e-11,999999999.9813197,35.84200000000001,35.816386610617,4.299042640231669,1.501378332658847,inf,0,0,0,0,-1,inf,0,-1,0,0,6080,1439,0,0,1057,3584,1.91662785355989,4.3680535268931,False
following_lateral_offset,P3,9018,40,4.0,2.0,16.79375481253688,10.364052975645308,0.025626216132643632,2.490627939415214e-07,999999750.9372059,36.23199999999999,36.2315068299484,4.01287010094118,1.4032023372758442,inf,0,0,0,0,-1,inf,0,-1,0,0,6080,23,0,0,1492,4565,1.91662785355989,4.3680535268931,False
following_lateral_offset,P4,9018,40,4.0,2.0,16.57000462929117,8.83243901611344,0.03698552187559863,6.604833174256348e-06,999993395.1668259,36.23199999999998,36.23199999999998,4.019679589221032,1.4098277710253366,inf,0,0,0,0,-1,inf,0,-1,0,0,6080,0,0,0,1514,4566,1.91662785355989,4.3680535268931,False
following_lateral_offset,P0,9019,40,4.0,2.0,16.062960207666674,6.362277618465956,0.07236041471719144,0.00021338032540086494,999786619.674599,36.53000000000002,36.53000000000002,3.7417776523999717,1.3265608571449685,inf,0,0,0,0,-1,inf,0,-1,0,0,6080,0,0,0,1633,4447,1.9201337927204647,4.433619742590105,False
following_lateral_offset,P1,9019,40,4.0,2.0,16.062960207666674,6.362277618465956,0.07236041471719144,0.00021338032540086494,999786619.674599,36.53000000000002,36.53000000000002,3.7417776523999717,1.3265608571449685,inf,0,0,0,0,-1,inf,0,-1,0,0,6080,0,0,0,1633,4447,1.9201337927204647,4.433619742590105,False
following_lateral_offset,P2,9019,40,4.0,2.0,16.323431960936848,8.005198776293781,0.05250953273948683,2.676832418808697e-05,999973231.6758118,36.53000000000002,36.52949935322036,3.7348401824187505,1.3165599757322803,inf,0,0,0,0,-1,inf,0,-1,0,0,6080,23,0,0,1610,4447,1.9201337927204647,4.433619742590105,False
following_lateral_offset,P3,9019,40,4.0,2.0,16.323431960936848,8.005198776293781,0.05250953273948683,2.676832418808697e-05,999973231.6758118,36.53000000000002,36.52949935322036,3.7348401824187505,1.3165599757322803,inf,0,0,0,0,-1,inf,0,-1,0,0,6080,23,0,0,1610,4447,1.9201337927204647,4.433619742590105,False
following_lateral_offset,P4,9019,40,4.0,2.0,11.70298896938488,-3.0992101121777473,0.28442962665310745,0.02914880833675836,970851191.6632416,36.523333333333305,36.480464779753085,3.899765583418624,1.5216822990876506,inf,0,0,0,0,-1,inf,0,-1,0,0,6080,1710,0,0,804,3566,1.9201337927204647,4.433619742590105,False
lane_choice,P0,9000,40,4.0,2.0,-1.4841772517946126,-13.800125353527465,0.7112488585418857,0.27149979741639463,728500202.5836054,12.99999999999999,12.882786325056207,16.782438462261936,inf,1.5013499953110632,0,0,0,0,-1,inf,0,-1,0,0,6080,1879,0,1762,0,2439,2.029125558473347,4.66962881291847,False
lane_choice,P1,9000,40,4.0,2.0,11.415283391778743,7.917465961148334,0.1974985300149305,9.757018575009285e-05,999902429.81425,12.999999999999991,12.91210617836171,16.755131274768452,6.1060366622275195,1.5001885304115121,0,0,0,0,-1,inf,0,-1,0,0,6080,1784,0,1780,0,2516,2.029125558473347,4.66962881291847,False
lane_choice,P2,9000,40,4.0,2.0,12.07815978933448,8.783780876789407,0.14867584991876967,1.6790858746630924e-05,999983209.1412532,12.99999999999999,12.905382024182275,16.74847084715829,6.1060366622275195,1.502980198132632,0,0,0,0,-1,inf,0,-1,0,0,6080,1651,0,1763,0,2666,2.029125558473347,4.66962881291847,False
lane_choice,P3,9000,40,4.0,2.0,12.076728932495755,9.263228055490746,0.13843144961890505,8.189156185971114e-06,999991810.8438139,12.99999999999999,12.911716648644994,16.757163456939804,6.1060366622275195,1.5028868179940864,0,0,0,0,-1,inf,0,-1,0,0,6080,1729,0,1751,0,2600,2.029125558473347,4.66962881291847,False
lane_choice,P4,9000,40,4.0,2.0,12.011930681626641,8.339167020023577,0.15681014940403565,3.197086409443261e-05,999968029.1359055,12.99999999999999,12.903358507552323,16.74847084715829,6.1060366622275195,1.508038196389593,0,0,0,0,-1,inf,0,-1,0,0,6080,1616,0,1788,0,2676,2.029125558473347,4.66962881291847,False
lane_choice,P0,9001,40,4.0,2.0,-1.4841772517946126,-13.800125353527465,0.7112488585418857,0.27149979741639463,728500202.5836054,12.99999999999999,12.882786325056207,16.782438462261936,inf,1.5013499953110632,0,0,0,0,-1,inf,0,-1,0,0,6080,1879,0,1762,0,2439,1.9577667412643556,4.5736679661701585,False
lane_choice,P1,9001,40,4.0,2.0,11.435182525296545,8.012373056845629,0.19517708609454484,8.383575704004449e-05,999916164.24296,12.99999999999999,12.910819574708963,16.753017151880435,6.1060366622275195,1.501167547298801,0,0,0,0,-1,inf,0,-1,0,0,6080,1768,0,1784,0,2528,1.9577667412643556,4.5736679661701585,False
lane_choice,P2,9001,40,4.0,2.0,12.008701804632036,8.229738049872287,0.15881413145339823,3.7394747089857576e-05,999962605.2529103,12.999999999999991,12.904499009576284,16.74847084715829,6.1060366622275195,1.5001177930900464,0,0,0,0,-1,inf,0,-1,0,0,6080,1612,0,1861,0,2607,1.9577667412643556,4.5736679661701585,False
lane_choice,P3,9001,40,4.0,2.0,11.435182525296545,8.012373056845629,0.19517708609454484,8.383575704004449e-05,999916164.24296,12.99999999999999,12.910819574708963,16.753017151880435,6.1060366622275195,1.501167547298801,0,0,0,0,-1,inf,0,-1,0,0,6080,1768,0,1784,0,2528,1.9577667412643556,4.5736679661701585,False
lane_choice,P4,9001,40,4.0,2.0,12.011930681626641,8.339167020023577,0.15681014940403565,3.197086409443261e-05,999968029.1359055,12.99999999999999,12.903358507552323,16.74847084715829,6.1060366622275195,1.508038196389593,0,0,0,0,-1,inf,0,-1,0,0,6080,1616,0,1788,0,2676,1.9577667412643556,4.5736679661701585,False
lane_choice,P0,9002,40,4.0,2.0,-1.4841772517946126,-13.800125353527465,0.7112488585418857,0.27149979741639463,728500202.5836054,12.99999999999999,12.882786325056207,16.782438462261936,inf,1.5013499953110632,0,0,0,0,-1,inf,0,-1,0,0,6080,1879,0,1762,0,2439,1.8498662915709285,4.259405347310816,False
lane_choice,P1,9002,40,4.0,2.0,11.415283391778743,7.917465961148334,0.1974985300149305,9.757018575009285e-05,999902429.81425,12.999999999999991,12.91210617836171,16.755131274768452,6.1060366622275195,1.5001885304115121,0,0,0,0,-1,inf,0,-1,0,0,6080,1784,0,1780,0,2516,1.8498662915709285,4.259405347310816,False
lane_choice,P2,9002,40,4.0,2.0,11.028111337726806,7.23980144955763,0.24191058486635467,0.00019969995777805268,999800300.0422218,12.99999999999999,12.897486192459832,16.743070553705927,6.1060366622275195,1.504848049346676,0,0,0,0,-1,inf,0,-1,0,0,6080,1594,0,1882,0,2604,1.8498662915709285,4.259405347310816,False
lane_choice,P3,9002,40,4.0,2.0,11.957187492873938,8.479828962353654,0.15821367999825334,2.6711618496039258e-05,999973288.381504,12.999999999999991,12.900504861170035,16.746449236149434,6.1060366622275195,1.5099068651872138,0,0,0,0,-1,inf,0,-1,0,0,6080,1576,0,1824,0,2680,1.8498662915709285,4.259405347310816,False
lane_choice,P4,9002,40,4.0,2.0,12.011930681626641,8.339167020023577,0.15681014940403565,3.197086409443261e-05,999968029.1359055,12.99999999999999,12.903358507552323,16.74847084715829,6.1060366622275195,1.508038196389593,0,0,0,0,-1,inf,0,-1,0,0,6080,1616,0,1788,0,2676,1.8498662915709285,4.259405347310816,False
lane_choice,P0,9003,40,4.0,2.0,-1.4841772517946126,-13.800125353527465,0.7112488585418857,0.27149979741639463,728500202.5836054,12.99999999999999,12.882786325056207,16.782438462261936,inf,1.5013499953110632,0,0,0,0,-1,inf,0,-1,0,0,6080,1879,0,1762,0,2439,1.9381424965602363,4.4720647876721955,False
lane_choice,P1,9003,40,4.0,2.0,11.415283391778743,7.917465961148334,0.1974985300149305,9.757018575009285e-05,999902429.81425,12.999999999999991,12.91210617836171,16.755131274768452,6.1060366622275195,1.5001885304115121,0,0,0,0,-1,inf,0,-1,0,0,6080,1784,0,1780,0,2516,1.9381424965602363,4.4720647876721955,False
lane_choice,P2,9003,40,4.0,2.0,10.770105304555937,7.155063173351711,0.2733025459464627,0.0004579120371930109,999542087.962807,12.999999999999988,12.911372753138188,16.753017151880435,6.1060366622275195,1.5017602450667762,0,0,0,0,-1,inf,0,-1,0,0,6080,1835,0,1728,0,2517,1.9381424965602363,4.4720647876721955,False
lane_choice,P3,9003,40,4.0,2.0,11.761369247674176,8.763759785661756,0.16494697501400696,2.2891689134287736e-05,999977108.3108658,12.99999999999999,12.909748525722138,16.7508040885184,6.1060366622275195,1.500368498496405,0,0,0,0,-1,inf,0,-1,0,0,6080,1706,0,1817,0,2557,1.9381424965602363,4.4720647876721955,False
lane_choice,P4,9003,40,4.0,2.0,12.011930681626641,8.339167020023577,0.15681014940403565,3.197086409443261e-05,999968029.1359055,12.99999999999999,12.903358507552323,16.74847084715829,6.1060366622275195,1.508038196389593,0,0,0,0,-1,inf,0,-1,0,0,6080,1616,0,1788,0,2676,1.9381424965602363,4.4720647876721955,False
lane_choice,P0,9004,40,4.0,2.0,-1.4841772517946126,-13.800125353527465,0.7112488585418857,0.27149979741639463,728500202.5836054,12.99999999999999,12.882786325056207,16.782438462261936,inf,1.5013499953110632,0,0,0,0,-1,inf,0,-1,0,0,6080,1879,0,1762,0,2439,1.9527272637700872,4.528901061361135,False
lane_choice,P1,9004,40,4.0,2.0,11.415283391778743,7.917465961148334,0.1974985300149305,9.757018575009285e-05,999902429.81425,12.999999999999991,12.91210617836171,16.755131274768452,6.1060366622275195,1.5001885304115121,0,0,0,0,-1,inf,0,-1,0,0,6080,1784,0,1780,0,2516,1.9527272637700872,4.528901061361135,False
lane_choice,P2,9004,40,4.0,2.0,11.272316043486196,7.844264988462617,0.21469494542599654,0.00012119080085557692,999878809.1991444,12.99999999999999,12.911082833631983,16.753017151880435,6.1060366622275195,1.5010204144252062,0,0,0,0,-1,inf,0,-1,0,0,6080,1786,0,1785,0,2509,1.9527272637700872,4.528901061361135,False
lane_choice,P3,9004,40,4.0,2.0,11.946263706406146,9.238320755861485,0.15402062385469292,1.3564703045248826e-05,999986435.2969548,12.99999999999999,12.906029403435662,16.747476673586238,6.1060366622275195,1.5003194677257392,0,0,0,0,-1,inf,0,-1,0,0,6080,1653,0,1877,0,2550,1.9527272637700872,4.528901061361135,False
lane_choice,P4,9004,40,4.0,2.0,12.011930681626641,8.339167020023577,0.15681014940403565,3.197086409443261e-05,999968029.1359055,12.99999999999999,12.903358507552323,16.74847084715829,6.1060366622275195,1.508038196389593,0,0,0,0,-1,inf,0,-1,0,0,6080,1616,0,1788,0,2676,1.9527272637700872,4.528901061361135,False
lane_choice,P0,9005,40,4.0,2.0,-1.4841772517946126,-13.800125353527465,0.7112488585418857,0.27149979741639463,728500202.5836054,12.99999999999999,12.882786325056207,16.782438462261936,inf,1.5013499953110632,0,0,0,0,-1,inf,0,-1,0,0,6080,1879,0,1762,0,2439,1.758726241371972,4.242788529118885,False
lane_choice,P1,9005,40,4.0,2.0,11.415283391778743,7.917465961148334,0.1974985300149305,9.757018575009285e-05,999902429.81425,12.999999999999991,12.91210617836171,16.755131274768452,6.1060366622275195,1.5001885304115121,0,0,0,0,-1,inf,0,-1,0,0,6080,1784,0,1780,0,2516,1.758726241371972,4.242788529118885,False
lane_choice,P2,9005,40,4.0,2.0,12.008701804632036,8.229738049872287,0.15881413145339823,3.7394747089857576e-05,999962605.2529103,12.999999999999991,12.904499009576284,16.74847084715829,6.1060366622275195,1.5001177930900464,0,0,0,0,-1,inf,0,-1,0,0,6080,1612,0,1861,0,2607,1.758726241371972,4.242788529118885,False
lane_choice,P3,9005,40,4.0,2.0,11.415283391778743,7.917465961148334,0.1974985300149305,9.757018575009285e-05,999902429.81425,12.999999999999991,12.91210617836171,16.755131274768452,6.1060366622275195,1.5001885304115121,0,0,0,0,-1,inf,0,-1,0,0,6080,1784,0,1780,0,2516,1.758726241371972,4.242788529118885,False
lane_choice,P4,9005,40,4.0,2.0,12.011930681626641,8.339167020023577,0.15681014940403565,3.197086409443261e-05,999968029.1359055,12.99999999999999,12.903358507552323,16.74847084715829,6.1060366622275195,1.508038196389593,0,0,0,0,-1,inf,0,-1,0,0,6080,1616,0,1788,0,2676,1.758726241371972,4.242788529118885,False
lane_choice,P0,9006,40,4.0,2.0,-1.4841772517946126,-13.800125353527465,0.7112488585418857,0.27149979741639463,728500202.5836054,12.99999999999999,12.882786325056207,16.782438462261936,inf,1.5013499953110632,0,0,0,0,-1,inf,0,-1,0,0,6080,1879,0,1762,0,2439,1.9412977003763452,4.5573602831183795,False
lane_choice,P1,9006,40,4.0,2.0,11.43164033473314,7.97072833400294,0.19631392238432374,8.974218320885683e-05,999910257.8167912,12.99999999999999,12.911978679206724,16.755131274768452,6.1060366622275195,1.5002839596935633,0,0,0,0,-1,inf,0,-1,0,0,6080,1777,0,1784,0,2519,1.9412977003763452,4.5573602831183795,False
lane_choice,P2,9006,40,4.0,2.0,3.6528413593923803,-9.323983547960253,0.6022828479467119,0.18828540351882672,811714596.4811733,12.999999999999991,12.8907238293399,16.747476673586238,6.1060366622275195,1.5033409140563228,0,0,0,0,-1,inf,0,-1,0,0,6080,2002,0,1697,0,2381,1.9412977003763452,4.5573602831183795,False
lane_choice,P3,9006,40,4.0,2.0,11.745317892373032,8.685339274074892,0.16510820070869775,2.5949230389124718e-05,999974050.769611,12.999999999999996,12.910190221619104,16.75414086214862,6.1060366622275195,1.5000540543503091,0,0,0,0,-1,inf,0,-1,0,0,6080,1704,0,1816,0,2560,1.9412977003763452,4.5573602831183795,False
lane_choice,P4,9006,40,4.0,2.0,12.011930681626641,8.339167020023577,0.15681014940403565,3.197086409443261e-05,999968029.1359055,12.99999999999999,12.903358507552323,16.74847084715829,6.1060366622275195,1.508038196389593,0,0,0,0,-1,inf,0,-1,0,0,6080,1616,0,1788,0,2676,1.9412977003763452,4.5573602831183795,False
lane_choice,P0,9007,40,4.0,2.0,-1.4841772517946126,-13.800125353527465,0.7112488585418857,0.27149979741639463,728500202.5836054,12.99999999999999,12.882786325056207,16.782438462261936,inf,1.5013499953110632,0,0,0,0,-1,inf,0,-1,0,0,6080,1879,0,1762,0,2439,1.919373541678981,4.460609253518941,False
lane_choice,P1,9007,40,4.0,2.0,11.761369247674176,8.763759785661756,0.16494697501400696,2.2891689134287736e-05,999977108.3108658,12.99999999999999,12.909748525722138,16.7508040885184,6.1060366622275195,1.500368498496405,0,0,0,0,-1,inf,0,-1,0,0,6080,1706,0,1817,0,2557,1.919373541678981,4.460609253518941,False
lane_choice,P2,9007,40,4.0,2.0,12.003801535674015,8.30317609867053,0.15770970069748805,3.362030996009834e-05,999966379.6900399,12.999999999999993,12.90378423508218,16.747476673586238,6.1060366622275195,1.5006896560409806,0,0,0,0,-1,inf,0,-1,0,0,6080,1603,0,1869,0,2608,1.919373541678981,4.460609253518941,False
lane_choice,P3,9007,40,4.0,2.0,11.967059743362135,8.4329418123197,0.1586427196786054,2.8490085230152824e-05,999971509.9147699,12.999999999999993,12.90133401449049,16.747476673586238,6.1060366622275195,1.5092503614896562,0,0,0,0,-1,inf,0,-1,0,0,6080,1585,0,1817,0,2678,1.919373541678981,4.460609253518941,False
lane_choice,P4,9007,40,4.0,2.0,12.011930681626641,8.339167020023577,0.15681014940403565,3.197086409443261e-05,999968029.1359055,12.99999999999999,12.903358507552323,16.74847084715829,6.1060366622275195,1.508038196389593,0,0,0,0,-1,inf,0,-1,0,0,6080,1616,0,1788,0,2676,1.919373541678981,4.460609253518941,False
lane_choice,P0,9008,40,4.0,2.0,-1.4841772517946126,-13.800125353527465,0.7112488585418857,0.27149979741639463,728500202.5836054,12.99999999999999,12.882786325056207,16.782438462261936,inf,1.5013499953110632,0,0,0,0,-1,inf,0,-1,0,0,6080,1879,0,1762,0,2439,1.9017855362211904,4.534932778662671,False
lane_choice,P1,9008,40,4.0,2.0,11.415283391778743,7.917465961148334,0.1974985300149305,9.757018575009285e-05,999902429.81425,12.999999999999991,12.91210617836171,16.755131274768452,6.1060366622275195,1.5001885304115121,0,0,0,0,-1,inf,0,-1,0,0,6080,1784,0,1780,0,2516,1.9017855362211904,4.534932778662671,False
lane_choice,P2,9008,40,4.0,2.0,12.003801535674015,8.30317609867053,0.15770970069748805,3.362030996009834e-05,999966379.6900399,12.999999999999993,12.90378423508218,16.747476673586238,6.1060366622275195,1.5006896560409806,0,0,0,0,-1,inf,0,-1,0,0,6080,1603,0,1869,0,2608,1.9017855362211904,4.534932778662671,False
lane_choice,P3,9008,40,4.0,2.0,12.023936119321124,9.136985536205104,0.14269111116874683,1.0637499126205956e-05,999989362.5008739,12.99999999999999,12.911716648644994,16.757163456939804,6.1060366622275195,1.5028868179940864,0,0,0,0,-1,inf,0,-1,0,0,6080,1729,0,1751,0,2600,1.9017855362211904,4.534932778662671,False
lane_choice,P4,9008,40,4.0,2.0,12.011930681626641,8.339167020023577,0.15681014940403565,3.197086409443261e-05,999968029.1359055,12.99999999999999,12.903358507552323,16.74847084715829,6.1060366622275195,1.508038196389593,0,0,0,0,-1,inf,0,-1,0,0,6080,1616,0,1788,0,2676,1.9017855362211904,4.534932778662671,False
lane_choice,P0,9009,40,4.0,2.0,-1.4841772517946126,-13.800125353527465,0.7112488585418857,0.27149979741639463,728500202.5836054,12.99999999999999,12.882786325056207,16.782438462261936,inf,1.5013499953110632,0,0,0,0,-1,inf,0,-1,0,0,6080,1879,0,1762,0,2439,1.7500594111147367,4.220654627067576,False
lane_choice,P1,9009,40,4.0,2.0,11.415283391778743,7.917465961148334,0.1974985300149305,9.757018575009285e-05,999902429.81425,12.999999999999991,12.91210617836171,16.755131274768452,6.1060366622275195,1.5001885304115121,0,0,0,0,-1,inf,0,-1,0,0,6080,1784,0,1780,0,2516,1.7500594111147367,4.220654627067576,False
lane_choice,P2,9009,40,4.0,2.0,11.716477214786526,7.746483206623606,0.18069851313027172,7.952567790053056e-05,999920474.3220994,12.999999999999993,12.901956790544096,16.746449236149434,6.1060366622275195,1.51015467471698,0,0,0,0,-1,inf,0,-1,0,0,6080,1634,0,1817,0,2629,1.7500594111147367,4.220654627067576,False
lane_choice,P3,9009,40,4.0,2.0,11.745317892373032,8.685339274074892,0.16510820070869775,2.5949230389124718e-05,999974050.769611,12.999999999999996,12.910190221619104,16.75414086214862,6.1060366622275195,1.5000540543503091,0,0,0,0,-1,inf,0,-1,0,0,6080,1704,0,1816,0,2560,1.7500594111147367,4.220654627067576,False
lane_choice,P4,9009,40,4.0,2.0,12.011930681626641,8.339167020023577,0.15681014940403565,3.197086409443261e-05,999968029.1359055,12.99999999999999,12.903358507552323,16.74847084715829,6.1060366622275195,1.508038196389593,0,0,0,0,-1,inf,0,-1,0,0,6080,1616,0,1788,0,2676,1.7500594111147367,4.220654627067576,False
lane_choice,P0,9010,40,4.0,2.0,-1.4841772517946126,-13.800125353527465,0.7112488585418857,0.27149979741639463,728500202.5836054,12.99999999999999,12.882786325056207,16.782438462261936,inf,1.5013499953110632,0,0,0,0,-1,inf,0,-1,0,0,6080,1879,0,1762,0,2439,1.7713305110539124,4.268821640627037,False
lane_choice,P1,9010,40,4.0,2.0,11.415283391778743,7.917465961148334,0.1974985300149305,9.757018575009285e-05,999902429.81425,12.999999999999991,12.91210617836171,16.755131274768452,6.1060366622275195,1.5001885304115121,0,0,0,0,-1,inf,0,-1,0,0,6080,1784,0,1780,0,2516,1.7713305110539124,4.268821640627037,False
lane_choice,P2,9010,40,4.0,2.0,12.014251034487225,8.229738049872287,0.1584477921853936,3.731306736108154e-05,999962686.9326389,12.999999999999991,12.904499009576284,16.74847084715829,6.1060366622275195,1.5001177930900464,0,0,0,0,-1,inf,0,-1,0,0,6080,1597,0,1876,0,2607,1.7713305110539124,4.268821640627037,False
lane_choice,P3,9010,40,4.0,2.0,11.415283391778743,7.917465961148334,0.1974985300149305,9.757018575009285e-05,999902429.81425,12.999999999999991,12.91210617836171,16.755131274768452,6.1060366622275195,1.5001885304115121,0,0,0,0,-1,inf,0,-1,0,0,6080,1784,0,1780,0,2516,1.7713305110539124,4.268821640627037,False
lane_choice,P4,9010,40,4.0,2.0,12.011930681626641,8.339167020023577,0.15681014940403565,3.197086409443261e-05,999968029.1359055,12.99999999999999,12.903358507552323,16.74847084715829,6.1060366622275195,1.508038196389593,0,0,0,0,-1,inf,0,-1,0,0,6080,1616,0,1788,0,2676,1.7713305110539124,4.268821640627037,False
lane_choice,P0,9011,40,4.0,2.0,-1.4841772517946126,-13.800125353527465,0.7112488585418857,0.27149979741639463,728500202.5836054,12.99999999999999,12.882786325056207,16.782438462261936,inf,1.5013499953110632,0,0,0,0,-1,inf,0,-1,0,0,6080,1879,0,1762,0,2439,1.7436137995682202,4.189080685436053,False
lane_choice,P1,9011,40,4.0,2.0,11.415283391778743,7.917465961148334,0.1974985300149305,9.757018575009285e-05,999902429.81425,12.999999999999991,12.91210617836171,16.755131274768452,6.1060366622275195,1.5001885304115121,0,0,0,0,-1,inf,0,-1,0,0,6080,1784,0,1780,0,2516,1.7436137995682202,4.189080685436053,False
lane_choice,P2,9011,40,4.0,2.0,12.011930681626641,8.339167020023577,0.15681014940403565,3.197086409443261e-05,999968029.1359055,12.99999999999999,12.903358507552323,16.74847084715829,6.1060366622275195,1.508038196389593,0,0,0,0,-1,inf,0,-1,0,0,6080,1616,0,1788,0,2676,1.7436137995682202,4.189080685436053,False
lane_choice,P3,9011,40,4.0,2.0,11.745317892373032,8.685339274074892,0.16510820070869775,2.5949230389124718e-05,999974050.769611,12.999999999999996,12.910190221619104,16.75414086214862,6.1060366622275195,1.5000540543503091,0,0,0,0,-1,inf,0,-1,0,0,6080,1704,0,1816,0,2560,1.7436137995682202,4.189080685436053,False
lane_choice,P4,9011,40,4.0,2.0,12.011930681626641,8.339167020023577,0.15681014940403565,3.197086409443261e-05,999968029.1359055,12.99999999999999,12.903358507552323,16.74847084715829,6.1060366622275195,1.508038196389593,0,0,0,0,-1,inf,0,-1,0,0,6080,1616,0,1788,0,2676,1.7436137995682202,4.189080685436053,False
lane_choice,P0,9012,40,4.0,2.0,-1.4841772517946126,-13.800125353527465,0.7112488585418857,0.27149979741639463,728500202.5836054,12.99999999999999,12.882786325056207,16.782438462261936,inf,1.5013499953110632,0,0,0,0,-1,inf,0,-1,0,0,6080,1879,0,1762,0,2439,1.9271662141782415,4.464680301858925,False
lane_choice,P1,9012,40,4.0,2.0,11.415283391778743,7.917465961148334,0.1974985300149305,9.757018575009285e-05,999902429.81425,12.999999999999991,12.91210617836171,16.755131274768452,6.1060366622275195,1.5001885304115121,0,0,0,0,-1,inf,0,-1,0,0,6080,1784,0,1780,0,2516,1.9271662141782415,4.464680301858925,False
lane_choice,P2,9012,40,4.0,2.0,12.003801535674015,8.30317609867053,0.15770970069748805,3.362030996009834e-05,999966379.6900399,12.999999999999993,12.90378423508218,16.747476673586238,6.1060366622275195,1.5006896560409806,0,0,0,0,-1,inf,0,-1,0,0,6080,1603,0,1869,0,2608,1.9271662141782415,4.464680301858925,False
lane_choice,P3,9012,40,4.0,2.0,12.09113893437139,9.006803560801242,0.14705775191847859,1.3226576274694849e-05,999986773.4237254,12.999999999999991,12.902048996397474,16.74847084715829,6.1060366622275195,1.502900537386866,0,0,0,0,-1,inf,0,-1,0,0,6080,1599,0,1824,0,2657,1.9271662141782415,4.464680301858925,False
lane_choice,P4,9012,40,4.0,2.0,12.011930681626641,8.339167020023577,0.15681014940403565,3.197086409443261e-05,999968029.1359055,12.99999999999999,12.903358507552323,16.74847084715829,6.1060366622275195,1.508038196389593,0,0,0,0,-1,inf,0,-1,0,0,6080,1616,0,1788,0,2676,1.9271662141782415,4.464680301858925,False
lane_choice,P0,9013,40,4.0,2.0,-1.4841772517946126,-13.800125353527465,0.7112488585418857,0.27149979741639463,728500202.5836054,12.99999999999999,12.882786325056207,16.782438462261936,inf,1.5013499953110632,0,0,0,0,-1,inf,0,-1,0,0,6080,1879,0,1762,0,2439,2.0373201874958418,4.768205476191905,False
lane_choice,P1,9013,40,4.0,2.0,11.745317892373032,8.685339274074892,0.16510820070869775,2.5949230389124718e-05,999974050.769611,12.999999999999996,12.910190221619104,16.75414086214862,6.1060366622275195,1.5000540543503091,0,0,0,0,-1,inf,0,-1,0,0,6080,1704,0,1816,0,2560,2.0373201874958418,4.768205476191905,False
lane_choice,P2,9013,40,4.0,2.0,12.004846002929833,8.39448333904421,0.15610001630200873,2.9520593791208435e-05,999970479.4062088,12.999999999999993,12.902589135019047,16.747476673586238,6.1060366622275195,1.5086487573915592,0,0,0,0,-1,inf,0,-1,0,0,6080,1608,0,1796,0,2676,2.0373201874958418,4.768205476191905,False
lane_choice,P3,9013,40,4.0,2.0,12.148535119881036,9.396533745662039,0.13270908330728692,6.12299878901973e-06,999993877.0012109,12.999999999999988,12.909309920487678,16.75414086214862,6.1060366622275195,1.5000811382163608,0,0,0,0,-1,inf,0,-1,0,0,6080,1697,0,1792,0,2591,2.0373201874958418,4.768205476191905,False
lane_choice,P4,9013,40,4.0,2.0,12.011930681626641,8.339167020023577,0.15681014940403565,3.197086409443261e-05,999968029.1359055,12.99999999999999,12.903358507552323,16.74847084715829,6.1060366622275195,1.508038196389593,0,0,0,0,-1,inf,0,-1,0,0,6080,1616,0,1788,0,2676,2.0373201874958418,4.768205476191905,False
lane_choice,P0,9014,40,4.0,2.0,-1.4841772517946126,-13.800125353527465,0.7112488585418857,0.27149979741639463,728500202.5836054,12.99999999999999,12.882786325056207,16.782438462261936,inf,1.5013499953110632,0,0,0,0,-1,inf,0,-1,0,0,6080,1879,0,1762,0,2439,1.7642691193038558,4.258177711704969,False
lane_choice,P1,9014,40,4.0,2.0,11.43164033473314,7.97072833400294,0.19631392238432374,8.974218320885683e-05,999910257.8167912,12.99999999999999,12.911978679206724,16.755131274768452,6.1060366622275195,1.5002839596935633,0,0,0,0,-1,inf,0,-1,0,0,6080,1777,0,1784,0,2519,1.7642691193038558,4.258177711704969,False
lane_choice,P2,9014,40,4.0,2.0,11.01269869819661,6.852514500971516,0.2512075756008333,0.00031252468418453667,999687475.3158153,12.99999999999999,12.902811185911144,16.74847084715829,6.1060366622275195,1.508949992395216,0,0,0,0,-1,inf,0,-1,0,0,6080,1698,0,1785,0,2597,1.7642691193038558,4.258177711704969,False
lane_choice,P3,9014,40,4.0,2.0,11.415283391778743,7.917465961148334,0.1974985300149305,9.757018575009285e-05,999902429.81425,12.999999999999991,12.91210617836171,16.755131274768452,6.1060366622275195,1.5001885304115121,0,0,0,0,-1,inf,0,-1,0,0,6080,1784,0,1780,0,2516,1.7642691193038558,4.258177711704969,False
lane_choice,P4,9014,40,4.0,2.0,12.011930681626641,8.339167020023577,0.15681014940403565,3.197086409443261e-05,999968029.1359055,12.99999999999999,12.903358507552323,16.74847084715829,6.1060366622275195,1.508038196389593,0,0,0,0,-1,inf,0,-1,0,0,6080,1616,0,1788,0,2676,1.7642691193038558,4.258177711704969,False
lane_choice,P0,9015,40,4.0,2.0,-1.4841772517946126,-13.800125353527465,0.7112488585418857,0.27149979741639463,728500202.5836054,12.99999999999999,12.882786325056207,16.782438462261936,inf,1.5013499953110632,0,0,0,0,-1,inf,0,-1,0,0,6080,1879,0,1762,0,2439,1.9980412422365326,4.660037518418148,False
lane_choice,P1,9015,40,4.0,2.0,11.415283391778743,7.917465961148334,0.1974985300149305,9.757018575009285e-05,999902429.81425,12.999999999999991,12.91210617836171,16.755131274768452,6.1060366622275195,1.5001885304115121,0,0,0,0,-1,inf,0,-1,0,0,6080,1784,0,1780,0,2516,1.9980412422365326,4.660037518418148,False
lane_choice,P2,9015,40,4.0,2.0,11.507890071768447,7.586935738170933,0.193672601716863,0.00011453171076863226,999885468.2892313,12.999999999999995,12.911064964602275,16.757163456939804,6.1060366622275195,1.509690408012185,0,0,0,0,-1,inf,0,-1,0,0,6080,1763,0,1741,0,2576,1.9980412422365326,4.660037518418148,False
lane_choice,P3,9015,40,4.0,2.0,11.774323011411733,8.879290723098984,0.16411768005911043,1.9645857822031818e-05,999980354.1421779,12.999999999999986,12.907490514004136,16.74981122510734,6.1060366622275195,1.5021093107878127,0,0,0,0,-1,inf,0,-1,0,0,6080,1685,0,1833,0,2562,1.9980412422365326,4.660037518418148,False
lane_choice,P4,9015,40,4.0,2.0,12.011930681626641,8.339167020023577,0.15681014940403565,3.197086409443261e-05,999968029.1359055,12.99999999999999,12.903358507552323,16.74847084715829,6.1060366622275195,1.508038196389593,0,0,0,0,-1,inf,0,-1,0,0,6080,1616,0,1788,0,2676,1.9980412422365326,4.660037518418148,False
lane_choice,P0,9016,40,4.0,2.0,-1.4841772517946126,-13.800125353527465,0.7112488585418857,0.27149979741639463,728500202.5836054,12.99999999999999,12.882786325056207,16.782438462261936,inf,1.5013499953110632,0,0,0,0,-1,inf,0,-1,0,0,6080,1879,0,1762,0,2439,1.9299018766507394,4.486875731446117,False
lane_choice,P1,9016,40,4.0,2.0,11.435182525296545,8.012373056845629,0.19517708609454484,8.383575704004449e-05,999916164.24296,12.99999999999999,12.910819574708963,16.753017151880435,6.1060366622275195,1.501167547298801,0,0,0,0,-1,inf,0,-1,0,0,6080,1768,0,1784,0,2528,1.9299018766507394,4.486875731446117,False
lane_choice,P2,9016,40,4.0,2.0,10.377378381691624,6.359241483953542,0.32074078480850243,0.0010118365022896841,998988163.4977102,12.999999999999993,12.908228620119699,16.74847084715829,6.1060366622275195,1.5054522843923368,0,0,0,0,-1,inf,0,-1,0,0,6080,1834,0,1711,0,2535,1.9299018766507394,4.486875731446117,False
lane_choice,P3,9016,40,4.0,2.0,12.217394029583092,9.563958712468255,0.13327248817366621,5.690294279877467e-06,999994309.7057202,12.999999999999991,12.906959667058455,16.7508040885184,6.1060366622275195,1.5003354388882966,0,0,0,0,-1,inf,0,-1,0,0,6080,1668,0,1821,0,2591,1.9299018766507394,4.486875731446117,False
lane_choice,P4,9016,40,4.0,2.0,12.011930681626641,8.339167020023577,0.15681014940403565,3.197086409443261e-05,999968029.1359055,12.99999999999999,12.903358507552323,16.74847084715829,6.1060366622275195,1.508038196389593,0,0,0,0,-1,inf,0,-1,0,0,6080,1616,0,1788,0,2676,1.9299018766507394,4.486875731446117,False
lane_choice,P0,9017,40,4.0,2.0,-1.4841772517946126,-13.800125353527465,0.7112488585418857,0.27149979741639463,728500202.5836054,12.99999999999999,12.882786325056207,16.782438462261936,inf,1.5013499953110632,0,0,0,0,-1,inf,0,-1,0,0,6080,1879,0,1762,0,2439,1.8993400315457243,4.5334260532590545,False
lane_choice,P1,9017,40,4.0,2.0,11.415283391778743,7.917465961148334,0.1974985300149305,9.757018575009285e-05,999902429.81425,12.999999999999991,12.91210617836171,16.755131274768452,6.1060366622275195,1.5001885304115121,0,0,0,0,-1,inf,0,-1,0,0,6080,1784,0,1780,0,2516,1.8993400315457243,4.5334260532590545,False
lane_choice,P2,9017,40,4.0,2.0,11.710265089585121,7.57851716733349,0.18461764915124,9.98620855735829e-05,999900137.9144264,12.999999999999995,12.903315582714269,16.74847084715829,6.1060366622275195,1.5090698357111858,0,0,0,0,-1,inf,0,-1,0,0,6080,1649,0,1801,0,2630,1.8993400315457243,4.5334260532590545,False
lane_choice,P3,9017,40,4.0,2.0,12.06103769144737,8.820796964255665,0.149943528783212,1.6485141721720045e-05,999983514.8582783,12.999999999999988,12.905142032963575,16.74847084715829,6.1060366622275195,1.5011711343190912,0,0,0,0,-1,inf,0,-1,0,0,6080,1641,0,1855,0,2584,1.8993400315457243,4.5334260532590545,False
lane_choice,P4,9017,40,4.0,2.0,12.011930681626641,8.339167020023577,0.15681014940403565,3.197086409443261e-05,999968029.1359055,12.99999999999999,12.903358507552323,16.74847084715829,6.1060366622275195,1.508038196389593,0,0,0,0,-1,inf,0,-1,0,0,6080,1616,0,1788,0,2676,1.8993400315457243,4.5334260532590545,False
lane_choice,P0,9018,40,4.0,2.0,-1.4841772517946126,-13.800125353527465,0.7112488585418857,0.27149979741639463,728500202.5836054,12.99999999999999,12.882786325056207,16.782438462261936,inf,1.5013499953110632,0,0,0,0,-1,inf,0,-1,0,0,6080,1879,0,1762,0,2439,1.9219556957696475,4.52666371183305,False
lane_choice,P1,9018,40,4.0,2.0,11.435182525296545,8.012373056845629,0.19517708609454484,8.383575704004449e-05,999916164.24296,12.99999999999999,12.910819574708963,16.753017151880435,6.1060366622275195,1.501167547298801,0,0,0,0,-1,inf,0,-1,0,0,6080,1768,0,1784,0,2528,1.9219556957696475,4.52666371183305,False
lane_choice,P2,9018,40,4.0,2.0,11.781337647654865,8.844884109477269,0.16482138816439776,2.1245657122117595e-05,999978754.342878,12.999999999999993,12.909531264591376,16.7508040885184,6.1060366622275195,1.5005320806178246,0,0,0,0,-1,inf,0,-1,0,0,6080,1709,0,1822,0,2549,1.9219556957696475,4.52666371183305,False
lane_choice,P3,9018,40,4.0,2.0,11.435182525296545,8.012373056845629,0.19517708609454484,8.383575704004449e-05,999916164.24296,12.99999999999999,12.910819574708963,16.753017151880435,6.1060366622275195,1.501167547298801,0,0,0,0,-1,inf,0,-1,0,0,6080,1768,0,1784,0,2528,1.9219556957696475,4.52666371183305,False
lane_choice,P4,9018,40,4.0,2.0,12.011930681626641,8.339167020023577,0.15681014940403565,3.197086409443261e-05,999968029.1359055,12.99999999999999,12.903358507552323,16.74847084715829,6.1060366622275195,1.508038196389593,0,0,0,0,-1,inf,0,-1,0,0,6080,1616,0,1788,0,2676,1.9219556957696475,4.52666371183305,False
lane_choice,P0,9019,40,4.0,2.0,-1.4841772517946126,-13.800125353527465,0.7112488585418857,0.27149979741639463,728500202.5836054,12.99999999999999,12.882786325056207,16.782438462261936,inf,1.5013499953110632,0,0,0,0,-1,inf,0,-1,0,0,6080,1879,0,1762,0,2439,1.9161500471131703,4.4972553711419705,False
lane_choice,P1,9019,40,4.0,2.0,11.43164033473314,7.97072833400294,0.19631392238432374,8.974218320885683e-05,999910257.8167912,12.99999999999999,12.911978679206724,16.755131274768452,6.1060366622275195,1.5002839596935633,0,0,0,0,-1,inf,0,-1,0,0,6080,1777,0,1784,0,2519,1.9161500471131703,4.4972553711419705,False
lane_choice,P2,9019,40,4.0,2.0,6.22114497142759,-1.1398083544380668,0.5961647634082897,0.09343108099395504,906568919.006045,12.999999999999991,12.89533766925217,16.74847084715829,6.1060366622275195,1.5013019280306392,0,0,0,0,-1,inf,0,-1,0,0,6080,1996,0,1651,0,2433,1.9161500471131703,4.4972553711419705,False
lane_choice,P3,9019,40,4.0,2.0,4.6257594699021665,-4.70667090739293,0.6005005259340285,0.15813931424911634,841860685.7508837,12.999999999999991,12.894723046559127,16.74847084715829,6.1060366622275195,1.5013550789311432,0,0,0,0,-1,inf,0,-1,0,0,6080,2014,0,1684,0,2382,1.9161500471131703,4.4972553711419705,False
lane_choice,P4,9019,40,4.0,2.0,12.011930681626641,8.339167020023577,0.15681014940403565,3.197086409443261e-05,999968029.1359055,12.99999999999999,12.903358507552323,16.74847084715829,6.1060366622275195,1.508038196389593,0,0,0,0,-1,inf,0,-1,0,0,6080,1616,0,1788,0,2676,1.9161500471131703,4.4972553711419705,False
overtake,P0,9000,50,5.0,2.0,21.586050249022378,17.202168997219456,0.0028195249920457193,2.198531920033225e-25,1000000000.0,45.19199999999993,45.19199999999993,3.813756637639706,1.4909829247627244,inf,0,0,0,0,-1,inf,1,1,0,1,7600,0,0,0,1724,5876,1.8026145351021226,4.0529100391618895,False
overtake,P1,9000,50,5.0,2.0,22.538054344880837,17.202168997219456,0.002415397608575712,2.1851098415832407e-25,1000000000.0,45.5833333333333,45.5833333333333,3.4230814775946707,1.659109077979776,inf,0,0,0,0,-1,inf,1,1,0,1,7600,0,0,0,2202,5398,1.8026145351021226,4.0529100391618895,False
overtake,P2,9000,50,5.0,2.0,21.630731813335416,17.202168997219456,0.002813779149610495,2.198531920033225e-25,1000000000.0,45.26833333333325,45.26833333333325,3.737540876331935,1.5109819377547997,inf,0,0,0,0,-1,inf,1,1,0,1,7600,0,0,0,1779,5821,1.8026145351021226,4.0529100391618895,False
overtake,P3,9000,50,5.0,2.0,21.586050249022378,17.202168997219456,0.0028195249920457193,2.198531920033225e-25,1000000000.0,45.19199999999993,45.19199999999993,3.813756637639706,1.4909829247627244,inf,0,0,0,0,-1,inf,1,1,0,1,7600,0,0,0,1724,5876,1.8026145351021226,4.0529100391618895,False
overtake,P4,9000,50,5.0,2.0,21.586050249022378,17.202168997219456,0.0028195249920457193,2.198531920033225e-25,1000000000.0,45.19199999999993,45.19199999999993,3.813756637639706,1.4909829247627244,inf,0,0,0,0,-1,inf,1,1,0,1,7600,0,0,0,1724,5876,1.8026145351021226,4.0529100391618895,False
overtake,P0,9001,50,5.0,2.0,20.28609609250582,17.04736030859877,0.003410992266358524,1.4631274031825903e-24,1000000000.0,45.07866666666666,45.06216302641571,4.019405294256421,1.993288090768392,inf,0,0,0,0,-1,inf,0,-1,0,0,7600,2165,0,0,1143,4292,1.6787658847738165,3.8153876236167967,False
overtake,P1,9001,50,5.0,2.0,21.70426664814619,17.04736030859877,0.002878314588733208,1.4512936229365422e-24,1000000000.0,45.25599999999999,45.23188858520505,3.7869604581951064,1.9699921401733866,inf,0,0,0,0,-1,inf,0,-1,0,0,7600,1815,0,0,1479,4306,1.6787658847738165,3.8153876236167967,False
overtake,P2,9001,50,5.0,2.0,20.283293679004814,17.04736030859877,0.003413559417738351,1.4631274043706843e-24,1000000000.0,45.048333333333304,45.03183096679607,4.049215277025577,2.0252241846787142,inf,0,0,0,0,-1,inf,0,-1,0,0,7600,2166,0,0,1135,4299,1.6787658847738165,3.8153876236167967,False
overtake,P3,9001,50,5.0,2.0,20.285937522419054,17.04736030859877,0.0034110522266234612,1.4631274031825903e-24,1000000000.0,45.080000000000005,45.063496357539,4.01809951689787,1.9899319610266408,inf,0,0,0,0,-1,inf,0,-1,0,0,7600,2165,0,0,1143,4292,1.6787658847738165,3.8153876236167967,False
overtake,P4,9001,50,5.0,2.0,20.287030547360146,17.04736030859877,0.0034103517930448523,1.4631274031825903e-24,1000000000.0,45.03333333333334,45.01682976822353,4.06381237218334,2.0455202430336743,inf,0,0,0,0,-1,inf,0,-1,0,0,7600,2165,0,0,1131,4304,1.6787658847738165,3.8153876236167967,False
overtake,P0,9002,50,5.0,2.0,21.581748840600213,17.202168997219456,0.002823244778397675,2.198531920033225e-25,1000000000.0,45.17399999999993,45.17399999999993,3.8317295952534183,1.4424061468562441,inf,0,0,0,0,-1,inf,0,-1,0,0,7600,0,0,0,1762,5838,1.6481510573939013,3.7795771014469737,False
overtake,P1,9002,50,5.0,2.0,22.265233358627853,17.202168997219456,0.0024464705298994525,2.1851098415832407e-25,1000000000.0,45.33433333333333,45.33433333333333,3.6716464702162552,1.6144395755422696,inf,0,0,0,0,-1,inf,0,-1,0,0,7600,0,0,0,2040,5560,1.6481510573939013,3.7795771014469737,False
overtake,P2,9002,50,5.0,2.0,17.222254002104727,14.876942396793623,0.010646294316418422,4.897759072675457e-16,999999999.9999995,45.1853333333333,45.168017976802275,3.9885185590146106,1.8509011157150992,inf,0,0,0,0,-1,inf,0,-1,0,0,7600,2050,0,0,1174,4376,1.6481510573939013,3.7795771014469737,False
overtake,P3,9002,50,5.0,2.0,21.581748840600213,17.202168997219456,0.002823244778397675,2.198531920033225e-25,1000000000.0,45.17399999999993,45.17399999999993,3.8317295952534183,1.4424061468562441,inf,0,0,0,0,-1,inf,0,-1,0,0,7600,0,0,0,1762,5838,1.6481510573939013,3.7795771014469737,False
overtake,P4,9002,50,5.0,2.0,17.196692167971026,14.733024965954947,0.010844985179149842,1.3335982647243319e-15,999999999.9999986,45.208666666666666,45.19136263794638,3.966587723719634,1.8437214238127007,inf,0,0,0,0,-1,inf,0,-1,0,0,7600,2052,0,0,1206,4342,1.6481510573939013,3.7795771014469737,False
overtake,P0,9003,50,5.0,2.0,21.5414873697492,17.202168997219456,0.002823962524947251,2.198531920033225e-25,1000000000.0,45.06299999999991,45.06299999999991,3.9425682861735045,1.7817065562901302,inf,0,0,0,0,-1,inf,0,-1,0,0,7600,0,0,0,1662,5938,1.7406826412036944,3.951445728676361,False
overtake,P1,9003,50,5.0,2.0,22.418865766057323,17.202168997219456,0.0024253613296658706,2.1851098415832407e-25,1000000000.0,45.26633333333331,45.26633333333331,3.739537734656297,1.7024566092418738,inf,0,0,0,0,-1,inf,0,-1,0,0,7600,0,0,0,2011,5589,1.7406826412036944,3.951445728676361,False
overtake,P2,9003,50,5.0,2.0,21.610430224099435,17.202168997219456,0.0027982814089851597,2.198254193701115e-25,1000000000.0,45.1046666666666,45.1046666666666,3.9009610955402585,1.7002923024801502,inf,0,0,0,0,-1,inf,0,-1,0,0,7600,0,0,0,1702,5898,1.7406826412036944,3.951445728676361,False
overtake,P3,9003,50,5.0,2.0,21.5414873697492,17.202168997219456,0.002823962524947251,2.198531920033225e-25,1000000000.0,45.06299999999991,45.06299999999991,3.9425682861735045,1.7817065562901302,inf,0,0,0,0,-1,inf,0,-1,0,0,7600,0,0,0,1662,5938,1.7406826412036944,3.951445728676361,False
overtake,P4,9003,50,5.0,2.0,20.65565442604852,17.04736030859877,0.003383856419827621,1.4631274031825903e-24,1000000000.0,44.796666666666624,44.77274309199681,4.265301995307087,2.1017580517272707,inf,0,0,0,0,-1,inf,0,-1,0,0,7600,2009,0,0,1060,4531,1.7406826412036944,3.951445728676361,False
overtake,P0,9004,50,5.0,2.0,18.54399329342517,11.036459255592398,0.012462430008294119,3.1100122711212405e-08,999999968.8998773,44.88799999999999,44.863564484895605,4.323073693721135,2.292017005596117,inf,0,0,0,0,-1,inf,0,-1,0,0,7600,2888,0,0,708,4004,1.725855587385584,3.9416641517277653,False
overtake,P1,9004,50,5.0,2.0,21.27387935152056,17.04736030859877,0.0028543507225986474,1.4512936229365422e-24,1000000000.0,45.243333333333325,45.2293897660874,3.8297165252545224,2.0931571889435605,inf,0,0,0,0,-1,inf,0,-1,0,0,7600,1987,0,0,1387,4226,1.725855587385584,3.9416641517277653,False
overtake,P2,9004,50,5.0,2.0,18.483427831812048,10.427164799987683,0.014583405478035015,1.6483830088387445e-07,999999835.161699,44.994333333333316,44.96983874962448,4.222556737879557,2.19858088020573,inf,0,0,0,0,-1,inf,0,-1,0,0,7600,2897,0,0,729,3974,1.725855587385584,3.9416641517277653,False
overtake,P3,9004,50,5.0,2.0,18.516883396890155,10.739506814973193,0.01350847896502973,7.229780921226287e-08,999999927.7021909,44.941000000000024,44.91653504317743,4.272937570469917,2.2448383432222947,inf,0,0,0,0,-1,inf,0,-1,0,0,7600,2892,0,0,723,3985,1.725855587385584,3.9416641517277653,False
overtake,P4,9004,50,5.0,2.0,18.54399329342517,11.036459255592398,0.012462430008294119,3.1100122711212405e-08,999999968.8998773,44.88799999999999,44.863564484895605,4.323073693721135,2.292017005596117,inf,0,0,0,0,-1,inf,0,-1,0,0,7600,2888,0,0,708,4004,1.725855587385584,3.9416641517277653,False
overtake,P0,9005,50,5.0,2.0,17.469616273745373,13.84187483573572,0.01104405154545162,3.082731219360214e-13,999999999.9996917,44.94999999999998,44.92685365844934,4.193186886895881,2.301990740405632,inf,0,0,0,0,-1,inf,0,-1,0,0,7600,2005,0,0,1180,4415,1.5318607094345342,3.558985847465987,False
overtake,P1,9005,50,5.0,2.0,19.123929494348744,15.449098473970102,0.007323102442207558,6.049318260463326e-18,1000000000.0,45.24266666666664,45.20519115387463,3.8297037202339466,1.9956741166000405,inf,0,0,0,0,-1,inf,0,-1,0,0,7600,2031,0,0,1328,4241,1.5318607094345342,3.558985847465987,False
overtake,P2,9005,50,5.0,2.0,17.44090278874721,13.71753366065719,0.011321364763957736,6.106339618061232e-13,999999999.9993893,44.982,44.95878783907344,4.162465635162734,2.307392810969967,inf,0,0,0,0,-1,inf,0,-1,0,0,7600,2009,0,0,1183,4408,1.5318607094345342,3.558985847465987,False
overtake,P3,9005,50,5.0,2.0,17.48097466894326,13.83794761840624,0.011026808230780222,3.15168765269993e-13,999999999.9996848,44.932,44.90883165015699,4.2105772324545905,2.3392828650021036,inf,0,0,0,0,-1,inf,0,-1,0,0,7600,2006,0,0,1167,4427,1.5318607094345342,3.558985847465987,False
overtake,P4,9005,50,5.0,2.0,21.02153246091116,17.04736030859877,0.003327512960684941,1.4631274031825903e-24,1000000000.0,44.69766666666664,44.65826725116488,4.348328253182971,2.0462637931970202,inf,0,0,0,0,-1,inf,0,-1,0,0,7600,2136,0,0,931,4533,1.5318607094345342,3.558985847465987,False
overtake,P0,9006,50,5.0,2.0,21.651577415539094,17.202168997219456,0.0028091635673672998,2.198531920033225e-25,1000000000.0,44.99999999999993,44.99999999999993,4.00548070662448,1.446698794147505,inf,0,0,0,0,-1,inf,1,1,0,1,7600,0,0,0,1664,5936,1.6017793428370208,3.6880865781645213,False
overtake,P1,9006,50,5.0,2.0,22.557725272338352,17.202168997219456,0.0024177198828175517,2.1851098415832407e-25,1000000000.0,45.26666666666666,45.26666666666666,3.739204924702338,1.322166721679715,inf,0,0,0,0,-1,inf,2,1,0,2,7600,0,0,0,2296,5304,1.6017793428370208,3.6880865781645213,False
overtake,P2,9006,50,5.0,2.0,21.651577415539094,17.202168997219456,0.0028091635673672998,2.198531920033225e-25,1000000000.0,44.99999999999993,44.99999999999993,4.00548070662448,1.446698794147505,inf,0,0,0,0,-1,inf,1,1,0,1,7600,0,0,0,1664,5936,1.6017793428370208,3.6880865781645213,False
overtake,P3,9006,50,5.0,2.0,21.651577415539094,17.202168997219456,0.0028091635673672998,2.198531920033225e-25,1000000000.0,44.99999999999993,44.99999999999993,4.00548070662448,1.446698794147505,inf,0,0,0,0,-1,inf,1,1,0,1,7600,0,0,0,1664,5936,1.6017793428370208,3.6880865781645213,False
overtake,P4,9006,50,5.0,2.0,21.651577415539094,17.202168997219456,0.0028091635673672998,2.198531920033225e-25,1000000000.0,44.99999999999993,44.99999999999993,4.00548070662448,1.446698794147505,inf,0,0,0,0,-1,inf,1,1,0,1,7600,0,0,0,1664,5936,1.6017793428370208,3.6880865781645213,False
overtake,P0,9007,50,5.0,2.0,15.690500041109146,11.056287897547953,0.04089495718363048,6.868854039824855e-08,999999931.3114597,44.92599999999999,44.90606286575543,4.325888290932183,2.459679836312262,inf,0,0,0,0,-1,inf,0,-1,0,0,7600,2439,0,0,881,4280,1.6729096877533374,3.855863466851665,False
overtake,P1,9007,50,5.0,2.0,18.637253118341064,17.015460737244823,0.006034707091644562,3.9693853342323104e-24,1000000000.0,45.363666666666674,45.346116772264494,3.739764700385171,2.0585601091544032,inf,0,0,0,0,-1,inf,0,-1,0,0,7600,1713,0,0,1486,4401,1.6729096877533374,3.855863466851665,False
overtake,P2,9007,50,5.0,2.0,15.627060261955735,10.712234275359819,0.04422933643501939,1.610631161409424e-07,999999838.9368838,44.97866666666669,44.958707802606895,4.276705855652516,2.4646143191197467,inf,0,0,0,0,-1,inf,0,-1,0,0,7600,2448,0,0,894,4258,1.6729096877533374,3.855863466851665,False
overtake,P3,9007,50,5.0,2.0,15.690500041109146,11.056287897547953,0.04089495718363048,6.868854039824855e-08,999999931.3114597,44.92599999999999,44.90606286575543,4.325888290932183,2.459679836312262,inf,0,0,0,0,-1,inf,0,-1,0,0,7600,2439,0,0,881,4280,1.6729096877533374,3.855863466851665,False
overtake,P4,9007,50,5.0,2.0,15.58932084085018,10.527835645558351,0.046342063301347276,2.54991985719094e-07,999999745.0080142,45.00666666666669,44.986692248491615,4.2505790146464415,2.440232772079294,inf,0,0,0,0,-1,inf,0,-1,0,0,7600,2457,0,0,901,4242,1.6729096877533374,3.855863466851665,False
overtake,P0,9008,50,5.0,2.0,17.082310423590247,12.31725342368659,0.01460068290951684,4.0410212405504255e-10,999999999.595898,45.14533333333329,45.12110237358353,4.018436128875618,2.0116269493840813,inf,0,0,0,0,-1,inf,0,-1,0,0,7600,2104,0,0,1104,4392,1.6221160007640243,3.758897473583504,False
overtake,P1,9008,50,5.0,2.0,18.644625118310362,13.920161904601022,0.010415469640282806,2.37379517166571e-13,999999999.9997625,45.52533333333331,45.48028751298797,3.558646609202893,1.7799026877425803,inf,0,0,0,0,-1,inf,0,-1,0,0,7600,2176,0,0,1228,4196,1.6221160007640243,3.758897473583504,False
overtake,P2,9008,50,5.0,2.0,17.11334603499993,12.304097636030882,0.014566565417465172,4.262074427117762e-10,999999999.5737927,45.08133333333335,45.05700512326869,4.079797943652959,2.1222093621684928,inf,0,0,0,0,-1,inf,0,-1,0,0,7600,2100,0,0,1071,4429,1.6221160007640243,3.758897473583504,False
overtake,P3,9008,50,5.0,2.0,17.082310423590247,12.31725342368659,0.01460068290951684,4.0410212405504255e-10,999999999.595898,45.14533333333329,45.12110237358353,4.018436128875618,2.0116269493840813,inf,0,0,0,0,-1,inf,0,-1,0,0,7600,2104,0,0,1104,4392,1.6221160007640243,3.758897473583504,False
overtake,P4,9008,50,5.0,2.0,17.042483104982,12.198291845051552,0.015030123594284975,6.40659554087682e-10,999999999.3593405,45.18366666666662,45.1594144635939,3.9818630699787168,1.9798475801159057,inf,0,0,0,0,-1,inf,0,-1,0,0,7600,2105,0,0,1123,4372,1.6221160007640243,3.758897473583504,False
overtake,P0,9009,50,5.0,2.0,21.517731342401692,17.202168997219456,0.0028229818387116457,2.198531920033225e-25,1000000000.0,44.87599999999994,44.87599999999994,4.129316128748302,1.7056601219749994,inf,0,0,0,0,-1,inf,0,-1,0,0,7600,0,0,0,1625,5975,1.4965532936838892,3.531104416482918,False
overtake,P1,9009,50,5.0,2.0,22.319474842665926,17.202168997219456,0.0024286008903926606,2.1851098415832407e-25,1000000000.0,45.08833333333333,45.08833333333333,3.917270963598447,1.8716356607535631,inf,0,0,0,0,-1,inf,0,-1,0,0,7600,0,0,0,2014,5586,1.4965532936838892,3.531104416482918,False
overtake,P2,9009,50,5.0,2.0,21.563786782842413,17.202168997219456,0.0027974453239094353,2.197331358113668e-25,1000000000.0,44.91333333333324,44.91333333333324,4.092031296994877,1.6913886406937457,inf,0,0,0,0,-1,inf,0,-1,0,0,7600,0,0,0,1645,5955,1.4965532936838892,3.531104416482918,False
overtake,P3,9009,50,5.0,2.0,21.54678105647904,17.202168997219456,0.0028123377152956307,2.1980766220599543e-25,1000000000.0,44.91899999999991,44.91899999999991,4.086372069591938,1.678358808227657,inf,0,0,0,0,-1,inf,0,-1,0,0,7600,0,0,0,1637,5963,1.4965532936838892,3.531104416482918,False
overtake,P4,9009,50,5.0,2.0,21.516460197595837,17.202168997219456,0.002823032354658679,2.198531920033225e-25,1000000000.0,44.86599999999995,44.86599999999995,4.139303285716183,1.7056601219749994,inf,0,0,0,0,-1,inf,0,-1,0,0,7600,0,0,0,1624,5976,1.4965532936838892,3.531104416482918,False
overtake,P0,9010,50,5.0,2.0,21.630093332496585,17.202168997219456,0.0028158181701426325,2.198531920033225e-25,1000000000.0,45.28933333333326,45.28933333333326,3.7165740679087813,1.5116083462046082,inf,0,0,0,0,-1,inf,2,49,0,2,7600,0,0,0,1915,5685,1.5339110196654433,3.583314711264141,False
overtake,P1,9010,50,5.0,2.0,22.51676661998032,17.202168997219456,0.0024193739165381976,2.1851098415832407e-25,1000000000.0,45.55333333333335,45.55333333333335,3.4530257459583735,1.5973220018145586,inf,0,0,0,0,-1,inf,2,49,0,2,7600,0,0,0,2390,5210,1.5339110196654433,3.583314711264141,False
overtake,P2,9010,50,5.0,2.0,21.630093332496585,17.202168997219456,0.0028158181701426325,2.198531920033225e-25,1000000000.0,45.28933333333326,45.28933333333326,3.7165740679087813,1.5116083462046082,inf,0,0,0,0,-1,inf,2,49,0,2,7600,0,0,0,1915,5685,1.5339110196654433,3.583314711264141,False
overtake,P3,9010,50,5.0,2.0,21.630093332496585,17.202168997219456,0.0028158181701426325,2.198531920033225e-25,1000000000.0,45.28933333333326,45.28933333333326,3.7165740679087813,1.5116083462046082,inf,0,0,0,0,-1,inf,2,49,0,2,7600,0,0,0,1915,5685,1.5339110196654433,3.583314711264141,False
overtake,P4,9010,50,5.0,2.0,18.697378316390015,12.79418807932938,0.008241210668320365,5.4489093933341945e-11,999999999.945511,45.06733333333334,45.043230226823155,4.144719765666641,2.3296092306910143,inf,0,0,0,0,-1,inf,0,-1,0,0,7600,2863,0,0,719,4018,1.5339110196654433,3.583314711264141,False
overtake,P0,9011,50,5.0,2.0,21.55937420471305,17.202168997219456,0.0028233845687828996,2.198531920033225e-25,1000000000.0,45.07933333333327,45.07933333333327,3.926258117120168,1.4859933667855785,inf,0,0,0,0,-1,inf,0,-1,0,0,7600,0,0,0,1841,5759,1.5113356402439646,3.585860869439825,False
overtake,P1,9011,50,5.0,2.0,22.320748394403505,17.202168997219456,0.0024308289978609426,2.1851098415832407e-25,1000000000.0,45.28666666666663,45.28666666666663,3.719236499012273,1.8216803306710507,inf,0,0,0,0,-1,inf,1,49,0,1,7600,0,0,0,2219,5381,1.5113356402439646,3.585860869439825,False
overtake,P2,9011,50,5.0,2.0,21.58263736908113,17.202168997219456,0.0028005731056826087,2.197331358113668e-25,1000000000.0,45.0686666666666,45.0686666666666,3.9369096343348633,1.5093742186632788,inf,0,0,0,0,-1,inf,0,-1,0,0,7600,0,0,0,1842,5758,1.5113356402439646,3.585860869439825,False
overtake,P3,9011,50,5.0,2.0,21.55937420471305,17.202168997219456,0.0028233845687828996,2.198531920033225e-25,1000000000.0,45.07933333333327,45.07933333333327,3.926258117120168,1.4859933667855785,inf,0,0,0,0,-1,inf,0,-1,0,0,7600,0,0,0,1841,5759,1.5113356402439646,3.585860869439825,False
overtake,P4,9011,50,5.0,2.0,18.943018488914895,14.75918736135814,0.005665279672001273,1.0170251461647525e-15,999999999.999999,44.80800000000002,44.78383543930198,4.375424770981242,2.462692073267352,inf,0,0,0,0,-1,inf,0,-1,0,0,7600,2786,0,0,752,4062,1.5113356402439646,3.585860869439825,False
overtake,P0,9012,50,5.0,2.0,21.581910610179598,17.202168997219456,0.002820798832763513,2.198531920033225e-25,1000000000.0,45.10166666666661,45.10166666666661,3.903956770882408,1.7305977395097591,inf,0,0,0,0,-1,inf,0,-1,0,0,7600,0,0,0,1734,5866,1.6696234808616635,3.8839542123264392,False
overtake,P1,9012,50,5.0,2.0,22.546603401061546,17.202168997219456,0.002416774699206305,2.1851098415832407e-25,1000000000.0,45.49666666666666,45.49666666666666,3.5095897389274504,1.6300725292043385,inf,0,0,0,0,-1,inf,0,-1,0,0,7600,0,0,0,2268,5332,1.6696234808616635,3.8839542123264392,False
overtake,P2,9012,50,5.0,2.0,21.581910610179598,17.202168997219456,0.002820798832763513,2.198531920033225e-25,1000000000.0,45.10166666666661,45.10166666666661,3.903956770882408,1.7305977395097591,inf,0,0,0,0,-1,inf,0,-1,0,0,7600,0,0,0,1734,5866,1.6696234808616635,3.8839542123264392,False
overtake,P3,9012,50,5.0,2.0,21.581910610179598,17.202168997219456,0.002820798832763513,2.198531920033225e-25,1000000000.0,45.10166666666661,45.10166666666661,3.903956770882408,1.7305977395097591,inf,0,0,0,0,-1,inf,0,-1,0,0,7600,0,0,0,1734,5866,1.6696234808616635,3.8839542123264392,False
overtake,P4,9012,50,5.0,2.0,21.581910610179598,17.202168997219456,0.002820798832763513,2.198531920033225e-25,1000000000.0,45.10166666666661,45.10166666666661,3.903956770882408,1.7305977395097591,inf,0,0,0,0,-1,inf,0,-1,0,0,7600,0,0,0,1734,5866,1.6696234808616635,3.8839542123264392,False
overtake,P0,9013,50,5.0,2.0,21.487157450781705,17.202168997219456,0.002825959309317977,2.198531920033225e-25,1000000000.0,44.93333333333324,44.93333333333324,4.072057645579067,1.9148444552935258,inf,0,0,0,0,-1,inf,0,-1,0,0,7600,0,0,0,1574,6026,1.7397502475244335,3.9757968498745773,False
overtake,P1,9013,50,5.0,2.0,22.283128015639722,17.202168997219456,0.0024345229324542568,2.1851098415832407e-25,1000000000.0,45.111333333333285,45.111333333333285,3.8943040630625134,1.5786398037650589,inf,0,0,0,0,-1,inf,0,-1,0,0,7600,0,0,0,1888,5712,1.7397502475244335,3.9757968498745773,False
overtake,P2,9013,50,5.0,2.0,21.487157450781705,17.202168997219456,0.002825959309317977,2.198531920033225e-25,1000000000.0,44.93333333333324,44.93333333333324,4.072057645579067,1.9148444552935258,inf,0,0,0,0,-1,inf,0,-1,0,0,7600,0,0,0,1574,6026,1.7397502475244335,3.9757968498745773,False
overtake,P3,9013,50,5.0,2.0,21.487157450781705,17.202168997219456,0.002825959309317977,2.198531920033225e-25,1000000000.0,44.93333333333324,44.93333333333324,4.072057645579067,1.9148444552935258,inf,0,0,0,0,-1,inf,0,-1,0,0,7600,0,0,0,1574,6026,1.7397502475244335,3.9757968498745773,False
overtake,P4,9013,50,5.0,2.0,21.487157450781705,17.202168997219456,0.002825959309317977,2.198531920033225e-25,1000000000.0,44.93333333333324,44.93333333333324,4.072057645579067,1.9148444552935258,inf,0,0,0,0,-1,inf,0,-1,0,0,7600,0,0,0,1574,6026,1.7397502475244335,3.9757968498745773,False
overtake,P0,9014,50,5.0,2.0,21.618828761392525,17.202168997219456,0.0028139895643952877,2.198531920033225e-25,1000000000.0,45.11199999999993,45.11199999999993,3.8936383616279664,1.7174405478786527,inf,0,0,0,0,-1,inf,1,1,0,1,7600,0,0,0,1699,5901,1.4756193938599602,3.537789174473412,False
overtake,P1,9014,50,5.0,2.0,22.469768705235808,17.202168997219456,0.002428382563588986,2.1851098415832407e-25,1000000000.0,45.397333333333336,45.397333333333336,3.608750864530755,1.651115764868601,inf,0,0,0,0,-1,inf,1,1,0,1,7600,0,0,0,2212,5388,1.4756193938599602,3.537789174473412,False
overtake,P2,9014,50,5.0,2.0,21.636985060426284,17.202168997219456,0.0028067689135841435,2.1985319200328954e-25,1000000000.0,45.119999999999926,45.119999999999926,3.885649970229041,1.7200109166873883,inf,0,0,0,0,-1,inf,1,1,0,1,7600,0,0,0,1708,5892,1.4756193938599602,3.537789174473412,False
overtake,P3,9014,50,5.0,2.0,21.618828761392525,17.202168997219456,0.0028139895643952877,2.198531920033225e-25,1000000000.0,45.11199999999993,45.11199999999993,3.8936383616279664,1.7174405478786527,inf,0,0,0,0,-1,inf,1,1,0,1,7600,0,0,0,1699,5901,1.4756193938599602,3.537789174473412,False
overtake,P4,9014,50,5.0,2.0,21.618828761392525,17.202168997219456,0.0028139895643952877,2.198531920033225e-25,1000000000.0,45.11199999999993,45.11199999999993,3.8936383616279664,1.7174405478786527,inf,0,0,0,0,-1,inf,1,1,0,1,7600,0,0,0,1699,5901,1.4756193938599602,3.537789174473412,False
overtake,P0,9015,50,5.0,2.0,21.521368224556866,17.202168997219456,0.0028188312224745387,2.198531920033225e-25,1000000000.0,44.82566666666658,44.82566666666658,4.179585442232147,1.7672376618189416,inf,0,0,0,0,-1,inf,0,-1,0,0,7600,0,0,0,1486,6114,1.7054485788917324,3.8853451910131684,False
overtake,P1,9015,50,5.0,2.0,22.323078297516624,17.202168997219456,0.002437095605486265,2.1851098415832407e-25,1000000000.0,45.13199999999997,45.13199999999997,3.8736674729693323,1.5314985805272974,inf,0,0,0,0,-1,inf,0,-1,0,0,7600,0,0,0,2006,5594,1.7054485788917324,3.8853451910131684,False
overtake,P2,9015,50,5.0,2.0,21.553689788888587,17.202168997219456,0.002795931339628234,2.197331358113668e-25,1000000000.0,44.84299999999992,44.84299999999992,4.162273980787552,1.7612914028258624,inf,0,0,0,0,-1,inf,0,-1,0,0,7600,0,0,0,1500,6100,1.7054485788917324,3.8853451910131684,False
overtake,P3,9015,50,5.0,2.0,21.521368224556866,17.202168997219456,0.0028188312224745387,2.198531920033225e-25,1000000000.0,44.82566666666658,44.82566666666658,4.179585442232147,1.7672376618189416,inf,0,0,0,0,-1,inf,0,-1,0,0,7600,0,0,0,1486,6114,1.7054485788917324,3.8853451910131684,False
overtake,P4,9015,50,5.0,2.0,21.524063082104405,17.202168997219456,0.0028187599858357716,2.198531920033225e-25,1000000000.0,44.873999999999924,44.873999999999924,4.131313555171165,1.7672376618189416,inf,0,0,0,0,-1,inf,0,-1,0,0,7600,0,0,0,1517,6083,1.7054485788917324,3.8853451910131684,False
overtake,P0,9016,50,5.0,2.0,19.26057120528848,16.42033558712118,0.006001322408503217,9.301098897804475e-22,1000000000.0,44.92966666666665,44.902439586052225,4.1392927437485785,1.938357315854386,inf,0,0,0,0,-1,inf,0,-1,0,0,7600,1698,0,0,1226,4676,1.7295659107402748,3.857901806231145,False
overtake,P1,9016,50,5.0,2.0,20.052509813054268,15.412362768501145,0.005988503530955106,7.953482586716977e-18,1000000000.0,45.27333333333331,45.231269634518455,3.7827842883808858,1.847173739066554,inf,0,0,0,0,-1,inf,1,46,0,1,7600,2024,0,0,1238,4338,1.7295659107402748,3.857901806231145,False
overtake,P2,9016,50,5.0,2.0,19.255411275337643,16.28829987438128,0.005995520200117318,3.417793942769595e-21,1000000000.0,45.05600000000002,45.02851089488229,4.015249979321986,1.8936983145217765,inf,0,0,0,0,-1,inf,0,-1,0,0,7600,1715,0,0,1272,4613,1.7295659107402748,3.857901806231145,False
overtake,P3,9016,50,5.0,2.0,19.251981288772694,16.37931073800003,0.006010170613777574,1.3976489481354214e-21,1000000000.0,45.05533333333332,45.02814687917121,4.015463410775901,1.8382855872390924,inf,0,0,0,0,-1,inf,0,-1,0,0,7600,1702,0,0,1284,4614,1.7295659107402748,3.857901806231145,False
overtake,P4,9016,50,5.0,2.0,20.827954355527904,17.04736030859877,0.00330281031849038,1.4631274031825903e-24,1000000000.0,44.89833333333332,44.87425215618607,4.159733191532729,1.8943520808277687,inf,0,0,0,0,-1,inf,0,-1,0,0,7600,2051,0,0,1100,4449,1.7295659107402748,3.857901806231145,False
overtake,P0,9017,50,5.0,2.0,21.6217065217796,17.202168997219456,0.002815982828026947,2.198531920033225e-25,1000000000.0,45.13399999999992,45.13399999999992,3.871670400633424,1.4882596563491322,inf,0,0,0,0,-1,inf,1,1,0,1,7600,0,0,0,1731,5869,1.6019623543179136,3.7139958725942073,False
overtake,P1,9017,50,5.0,2.0,22.46351657926027,17.202168997219456,0.0024302563447630137,2.1851098415832407e-25,1000000000.0,45.48333333333332,45.48333333333332,3.510437374718062,1.5502517592424607,inf,0,0,0,0,-1,inf,3,1,0,3,7600,0,0,0,2368,5232,1.6019623543179136,3.7139958725942073,False
overtake,P2,9017,50,5.0,2.0,21.6217065217796,17.202168997219456,0.002815982828026947,2.198531920033225e-25,1000000000.0,45.13399999999992,45.13399999999992,3.871670400633424,1.4882596563491322,inf,0,0,0,0,-1,inf,1,1,0,1,7600,0,0,0,1731,5869,1.6019623543179136,3.7139958725942073,False
overtake,P3,9017,50,5.0,2.0,21.6217065217796,17.202168997219456,0.002815982828026947,2.198531920033225e-25,1000000000.0,45.13399999999992,45.13399999999992,3.871670400633424,1.4882596563491322,inf,0,0,0,0,-1,inf,1,1,0,1,7600,0,0,0,1731,5869,1.6019623543179136,3.7139958725942073,False
overtake,P4,9017,50,5.0,2.0,21.6217065217796,17.202168997219456,0.002815982828026947,2.198531920033225e-25,1000000000.0,45.13399999999992,45.13399999999992,3.871670400633424,1.4882596563491322,inf,0,0,0,0,-1,inf,1,1,0,1,7600,0,0,0,1731,5869,1.6019623543179136,3.7139958725942073,False
overtake,P0,9018,50,5.0,2.0,21.514009298531487,17.202168997219456,0.002859101843646237,2.2060751611780467e-25,1000000000.0,44.992666666666594,44.992666666666594,4.012804024069131,1.6509836894003747,inf,0,0,0,0,-1,inf,0,-1,0,0,7600,0,0,0,1611,5989,1.6244253770872066,3.7901867091228025,False
overtake,P1,9018,50,5.0,2.0,22.310017996213723,17.202168997219456,0.0024929253233546052,2.2024539337221346e-25,1000000000.0,45.21333333333332,45.21333333333332,3.7924556867002344,1.7143758228142791,inf,0,0,0,0,-1,inf,0,-1,0,0,7600,0,0,0,2099,5501,1.6244253770872066,3.7901867091228025,False
overtake,P2,9018,50,5.0,2.0,21.52764418481688,17.202168997219456,0.0028565849032648398,2.2060751611780467e-25,1000000000.0,45.007999999999925,45.007999999999925,3.997491674930791,1.645514315235862,inf,0,0,0,0,-1,inf,0,-1,0,0,7600,0,0,0,1642,5958,1.6244253770872066,3.7901867091228025,False
overtake,P3,9018,50,5.0,2.0,21.514009298531487,17.202168997219456,0.002859101843646237,2.2060751611780467e-25,1000000000.0,44.992666666666594,44.992666666666594,4.012804024069131,1.6509836894003747,inf,0,0,0,0,-1,inf,0,-1,0,0,7600,0,0,0,1611,5989,1.6244253770872066,3.7901867091228025,False
overtake,P4,9018,50,5.0,2.0,21.508026285216506,17.202168997219456,0.0028594193770045935,2.2060751611780467e-25,1000000000.0,44.96933333333325,44.96933333333325,4.036105730641704,1.6680752201453843,inf,0,0,0,0,-1,inf,0,-1,0,0,7600,0,0,0,1604,5996,1.6244253770872066,3.7901867091228025,False
overtake,P0,9019,50,5.0,2.0,16.265896339442293,9.685288132172033,0.030370670017776037,9.899195125477308e-07,999999010.0804874,44.987999999999985,44.96334047503071,4.214245701104861,2.3336031533992445,inf,0,0,0,0,-1,inf,0,-1,0,0,7600,2319,0,0,881,4400,1.6346609010236943,3.77174078988068,False
overtake,P1,9019,50,5.0,2.0,17.37289346770436,12.373603681610303,0.017891821600927664,3.7396122375404317e-10,999999999.6260388,45.301333333333346,45.26895038197673,3.8267216297294175,2.1033118967990516,inf,0,0,0,0,-1,inf,0,-1,0,0,7600,2188,0,0,1136,4276,1.6346609010236943,3.77174078988068,False
overtake,P2,9019,50,5.0,2.0,16.802631009770685,8.930447857761713,0.03393477957821344,4.4552205220455135e-06,999995544.779478,44.948000000000015,44.91223099326692,4.21332530586134,2.4865933420573683,inf,0,0,0,0,-1,inf,0,-1,0,0,7600,2380,0,0,822,4398,1.6346609010236943,3.77174078988068,False
overtake,P3,9019,50,5.0,2.0,16.265896339442293,9.685288132172033,0.030370670017776037,9.899195125477308e-07,999999010.0804874,44.987999999999985,44.96334047503071,4.214245701104861,2.3336031533992445,inf,0,0,0,0,-1,inf,0,-1,0,0,7600,2319,0,0,881,4400,1.6346609010236943,3.77174078988068,False
overtake,P4,9019,50,5.0,2.0,16.906214529133457,9.474868517662525,0.029478586556336204,1.5421106677518746e-06,999998457.8893323,44.88399999999998,44.84846925090757,4.27461083463804,2.4726865734519983,inf,0,0,0,0,-1,inf,0,-1,0,0,7600,2371,0,0,796,4433,1.6346609010236943,3.77174078988068,False
intersection_turn,P0,9000,50,5.0,2.0,18.470906356013174,14.72403780401211,0.009571689425089647,2.2614855272116717e-15,999999999.9999979,42.80999999999999,42.80999999999999,5.251295078359254,3.9550147740798045,inf,0,0,0,0,-1,inf,0,-1,0,0,7600,0,0,0,948,6652,1.7750604023869527,3.977239932993864,False
intersection_turn,P1,9000,50,5.0,2.0,18.46992039804491,14.72403780401211,0.009572162541016959,2.2614855272116717e-15,999999999.9999979,42.76999999999998,42.76999999999998,5.290831692654775,3.9550147740798045,inf,0,0,0,0,-1,inf,0,-1,0,0,7600,0,0,0,914,6686,1.7750604023869527,3.977239932993864,False
intersection_turn,P2,9000,50,5.0,2.0,18.470906356013174,14.72403780401211,0.009571689425089647,2.2614855272116717e-15,999999999.9999979,42.80999999999999,42.80999999999999,5.251295078359254,3.9550147740798045,inf,0,0,0,0,-1,inf,0,-1,0,0,7600,0,0,0,948,6652,1.7750604023869527,3.977239932993864,False
intersection_turn,P3,9000,50,5.0,2.0,18.470906356013174,14.72403780401211,0.009571689425089647,2.2614855272116717e-15,999999999.9999979,42.80999999999999,42.80999999999999,5.251295078359254,3.9550147740798045,inf,0,0,0,0,-1,inf,0,-1,0,0,7600,0,0,0,948,6652,1.7750604023869527,3.977239932993864,False
intersection_turn,P4,9000,50,5.0,2.0,18.470906356013174,14.72403780401211,0.009571689425089647,2.2614855272116717e-15,999999999.9999979,42.80999999999999,42.80999999999999,5.251295078359254,3.9550147740798045,inf,0,0,0,0,-1,inf,0,-1,0,0,7600,0,0,0,948,6652,1.7750604023869527,3.977239932993864,False
intersection_turn,P0,9001,50,5.0,2.0,18.464957065924168,14.72403780401211,0.009574760364852643,2.2614855272116717e-15,999999999.9999979,42.67666666666665,42.67666666666665,5.383110418501368,3.9550147740798045,inf,0,0,0,0,-1,inf,0,-1,0,0,7600,0,0,0,830,6770,1.682506057521995,3.6673418076132815,False
intersection_turn,P1,9001,50,5.0,2.0,18.462277194338473,14.72403780401211,0.009576167999927504,2.2614855272116717e-15,999999999.9999979,42.61999999999998,42.61999999999998,5.439154346035805,3.9550147740798045,inf,0,0,0,0,-1,inf,0,-1,0,0,7600,0,0,0,803,6797,1.682506057521995,3.6673418076132815,False
intersection_turn,P2,9001,50,5.0,2.0,18.464957065924168,14.72403780401211,0.009574760364852643,2.2614855272116717e-15,999999999.9999979,42.67666666666665,42.67666666666665,5.383110418501368,3.9550147740798045,inf,0,0,0,0,-1,inf,0,-1,0,0,7600,0,0,0,830,6770,1.682506057521995,3.6673418076132815,False
intersection_turn,P3,9001,50,5.0,2.0,18.464957065924168,14.72403780401211,0.009574760364852643,2.2614855272116717e-15,999999999.9999979,42.67666666666665,42.67666666666665,5.383110418501368,3.9550147740798045,inf,0,0,0,0,-1,inf,0,-1,0,0,7600,0,0,0,830,6770,1.682506057521995,3.6673418076132815,False
intersection_turn,P4,9001,50,5.0,2.0,18.464957065924168,14.72403780401211,0.009574760364852643,2.2614855272116717e-15,999999999.9999979,42.67666666666665,42.67666666666665,5.383110418501368,3.9550147740798045,inf,0,0,0,0,-1,inf,0,-1,0,0,7600,0,0,0,830,6770,1.682506057521995,3.6673418076132815,False
intersection_turn,P0,9002,50,5.0,2.0,18.473146163670602,14.72403780401211,0.009570596562628592,2.2614855272116717e-15,999999999.9999979,42.81799999999999,42.81799999999999,5.243388598988263,3.9550147740798045,inf,0,0,0,0,-1,inf,0,-1,0,0,7600,0,0,0,871,6729,1.6613156227064898,3.6929355065140435,False
intersection_turn,P1,9002,50,5.0,2.0,18.471219508474896,14.72403780401211,0.009571571676997544,2.2614855272116717e-15,999999999.9999979,42.76999999999999,42.76999999999999,5.290831692654768,3.9550147740798045,inf,0,0,0,0,-1,inf,0,-1,0,0,7600,0,0,0,860,6740,1.6613156227064898,3.6929355065140435,False
intersection_turn,P2,9002,50,5.0,2.0,18.473146163670602,14.72403780401211,0.009570596562628592,2.2614855272116717e-15,999999999.9999979,42.81799999999999,42.81799999999999,5.243388598988263,3.9550147740798045,inf,0,0,0,0,-1,inf,0,-1,0,0,7600,0,0,0,871,6729,1.6613156227064898,3.6929355065140435,False
intersection_turn,P3,9002,50,5.0,2.0,18.473146163670602,14.72403780401211,0.009570596562628592,2.2614855272116717e-15,999999999.9999979,42.81799999999999,42.81799999999999,5.243388598988263,3.9550147740798045,inf,0,0,0,0,-1,inf,0,-1,0,0,7600,0,0,0,871,6729,1.6613156227064898,3.6929355065140435,False
intersection_turn,P4,9002,50,5.0,2.0,18.473146163670602,14.72403780401211,0.009570596562628592,2.2614855272116717e-15,999999999.9999979,42.81799999999999,42.81799999999999,5.243388598988263,3.9550147740798045,inf,0,0,0,0,-1,inf,0,-1,0,0,7600,0,0,0,871,6729,1.6613156227064898,3.6929355065140435,False
intersection_turn,P0,9003,50,5.0,2.0,18.458625293062667,14.72403780401211,0.009578870133912032,2.2614855272116717e-15,999999999.9999979,42.61666666666667,42.61666666666667,5.442451449280717,3.9550147740798045,inf,0,0,0,0,-1,inf,0,-1,0,0,7600,0,0,0,845,6755,1.7389684518276498,3.7694450536013955,False
intersection_turn,P1,9003,50,5.0,2.0,18.459646764816597,14.72403780401211,0.009578402213248271,2.2614855272116717e-15,999999999.9999979,42.69000000000001,42.69000000000001,5.369925511587649,3.9550147740798045,inf,0,0,0,0,-1,inf,0,-1,0,0,7600,0,0,0,882,6718,1.7389684518276498,3.7694450536013955,False
intersection_turn,P2,9003,50,5.0,2.0,18.458625293062667,14.72403780401211,0.009578870133912032,2.2614855272116717e-15,999999999.9999979,42.61666666666667,42.61666666666667,5.442451449280717,3.9550147740798045,inf,0,0,0,0,-1,inf,0,-1,0,0,7600,0,0,0,845,6755,1.7389684518276498,3.7694450536013955,False
intersection_turn,P3,9003,50,5.0,2.0,18.458625293062667,14.72403780401211,0.009578870133912032,2.2614855272116717e-15,999999999.9999979,42.61666666666667,42.61666666666667,5.442451449280717,3.9550147740798045,inf,0,0,0,0,-1,inf,0,-1,0,0,7600,0,0,0,845,6755,1.7389684518276498,3.7694450536013955,False
intersection_turn,P4,9003,50,5.0,2.0,18.458625293062667,14.72403780401211,0.009578870133912032,2.2614855272116717e-15,999999999.9999979,42.61666666666667,42.61666666666667,5.442451449280717,3.9550147740798045,inf,0,0,0,0,-1,inf,0,-1,0,0,7600,0,0,0,845,6755,1.7389684518276498,3.7694450536013955,False
intersection_turn,P0,9004,50,5.0,2.0,18.469235565811584,14.72403780401211,0.009572515533752882,2.2614855272116717e-15,999999999.9999979,42.727999999999994,42.727999999999994,5.332352576490049,3.9550147740798045,inf,0,0,0,0,-1,inf,0,-1,0,0,7600,0,0,0,800,6800,1.7685627662764722,3.863197801095528,False
intersection_turn,P1,9004,50,5.0,2.0,18.467749736033053,14.72403780401211,0.00957331099059934,2.2614855272116717e-15,999999999.9999979,42.72999999999998,42.72999999999998,5.330375221314179,3.9550147740798045,inf,0,0,0,0,-1,inf,0,-1,0,0,7600,0,0,0,801,6799,1.7685627662764722,3.863197801095528,False
intersection_turn,P2,9004,50,5.0,2.0,18.469235565811584,14.72403780401211,0.009572515533752882,2.2614855272116717e-15,999999999.9999979,42.727999999999994,42.727999999999994,5.332352576490049,3.9550147740798045,inf,0,0,0,0,-1,inf,0,-1,0,0,7600,0,0,0,800,6800,1.7685627662764722,3.863197801095528,False
intersection_turn,P3,9004,50,5.0,2.0,18.469235565811584,14.72403780401211,0.009572515533752882,2.2614855272116717e-15,999999999.9999979,42.727999999999994,42.727999999999994,5.332352576490049,3.9550147740798045,inf,0,0,0,0,-1,inf,0,-1,0,0,7600,0,0,0,800,6800,1.7685627662764722,3.863197801095528,False
intersection_turn,P4,9004,50,5.0,2.0,18.469235565811584,14.72403780401211,0.009572515533752882,2.2614855272116717e-15,999999999.9999979,42.727999999999994,42.727999999999994,5.332352576490049,3.9550147740798045,inf,0,0,0,0,-1,inf,0,-1,0,0,7600,0,0,0,800,6800,1.7685627662764722,3.863197801095528,False
intersection_turn,P0,9005,50,5.0,2.0,18.460655838721827,14.72403780401211,0.009577907755800167,2.2614855272116717e-15,999999999.9999979,42.71000000000001,42.71000000000001,5.350149530620609,3.9550147740798045,inf,0,0,0,0,-1,inf,0,-1,0,0,7600,0,0,0,967,6633,1.6097246868287052,3.587151959502908,False
intersection_turn,P1,9005,50,5.0,2.0,18.460655838721827,14.72403780401211,0.009577907755800167,2.2614855272116717e-15,999999999.9999979,42.71000000000001,42.71000000000001,5.350149530620609,3.9550147740798045,inf,0,0,0,0,-1,inf,0,-1,0,0,7600,0,0,0,967,6633,1.6097246868287052,3.587151959502908,False
intersection_turn,P2,9005,50,5.0,2.0,18.460655838721827,14.72403780401211,0.009577907755800167,2.2614855272116717e-15,999999999.9999979,42.71000000000001,42.71000000000001,5.350149530620609,3.9550147740798045,inf,0,0,0,0,-1,inf,0,-1,0,0,7600,0,0,0,967,6633,1.6097246868287052,3.587151959502908,False
intersection_turn,P3,9005,50,5.0,2.0,18.460655838721827,14.72403780401211,0.009577907755800167,2.2614855272116717e-15,999999999.9999979,42.71000000000001,42.71000000000001,5.350149530620609,3.9550147740798045,inf,0,0,0,0,-1,inf,0,-1,0,0,7600,0,0,0,967,6633,1.6097246868287052,3.587151959502908,False
intersection_turn,P4,9005,50,5.0,2.0,18.460655838721827,14.72403780401211,0.009577907755800167,2.2614855272116717e-15,999999999.9999979,42.71000000000001,42.71000000000001,5.350149530620609,3.9550147740798045,inf,0,0,0,0,-1,inf,0,-1,0,0,7600,0,0,0,967,6633,1.6097246868287052,3.587151959502908,False
intersection_turn,P0,9006,50,5.0,2.0,18.455754260934643,14.72403780401211,0.009579565547433326,2.2614855272116717e-15,999999999.9999979,42.48666666666664,42.48666666666664,5.5710721090688375,3.9550147740798045,inf,0,0,0,0,-1,inf,0,-1,0,0,7600,0,0,0,854,6746,1.621137218101975,3.5977236448731134,False
intersection_turn,P1,9006,50,5.0,2.0,18.45526646725676,14.72403780401211,0.009579808924646308,2.2614855272116717e-15,999999999.9999979,42.46999999999999,42.46999999999999,5.587566554413477,3.9550147740798045,inf,0,0,0,0,-1,inf,0,-1,0,0,7600,0,0,0,843,6757,1.621137218101975,3.5977236448731134,False
intersection_turn,P2,9006,50,5.0,2.0,18.455754260934643,14.72403780401211,0.009579565547433326,2.2614855272116717e-15,999999999.9999979,42.48666666666664,42.48666666666664,5.5710721090688375,3.9550147740798045,inf,0,0,0,0,-1,inf,0,-1,0,0,7600,0,0,0,854,6746,1.621137218101975,3.5977236448731134,False
intersection_turn,P3,9006,50,5.0,2.0,18.455754260934643,14.72403780401211,0.009579565547433326,2.2614855272116717e-15,999999999.9999979,42.48666666666664,42.48666666666664,5.5710721090688375,3.9550147740798045,inf,0,0,0,0,-1,inf,0,-1,0,0,7600,0,0,0,854,6746,1.621137218101975,3.5977236448731134,False
intersection_turn,P4,9006,50,5.0,2.0,18.455754260934643,14.72403780401211,0.009579565547433326,2.2614855272116717e-15,999999999.9999979,42.48666666666664,42.48666666666664,5.5710721090688375,3.9550147740798045,inf,0,0,0,0,-1,inf,0,-1,0,0,7600,0,0,0,854,6746,1.621137218101975,3.5977236448731134,False
intersection_turn,P0,9007,50,5.0,2.0,18.455182123302137,14.72403780401211,0.009580036271539675,2.2614855272116717e-15,999999999.9999979,42.535999999999994,42.535999999999994,5.522254612022164,3.9550147740798045,inf,0,0,0,0,-1,inf,0,-1,0,0,7600,0,0,0,740,6860,1.7660825452214206,3.846577997886988,False
intersection_turn,P1,9007,50,5.0,2.0,18.45468649654154,14.72403780401211,0.009580293723738509,2.2614855272116717e-15,999999999.9999979,42.527999999999984,42.527999999999984,5.530170340956974,3.9550147740798045,inf,0,0,0,0,-1,inf,0,-1,0,0,7600,0,0,0,737,6863,1.7660825452214206,3.846577997886988,False
intersection_turn,P2,9007,50,5.0,2.0,18.455182123302137,14.72403780401211,0.009580036271539675,2.2614855272116717e-15,999999999.9999979,42.535999999999994,42.535999999999994,5.522254612022164,3.9550147740798045,inf,0,0,0,0,-1,inf,0,-1,0,0,7600,0,0,0,740,6860,1.7660825452214206,3.846577997886988,False
intersection_turn,P3,9007,50,5.0,2.0,18.455182123302137,14.72403780401211,0.009580036271539675,2.2614855272116717e-15,999999999.9999979,42.535999999999994,42.535999999999994,5.522254612022164,3.9550147740798045,inf,0,0,0,0,-1,inf,0,-1,0,0,7600,0,0,0,740,6860,1.7660825452214206,3.846577997886988,False
intersection_turn,P4,9007,50,5.0,2.0,18.455182123302137,14.72403780401211,0.009580036271539675,2.2614855272116717e-15,999999999.9999979,42.535999999999994,42.535999999999994,5.522254612022164,3.9550147740798045,inf,0,0,0,0,-1,inf,0,-1,0,0,7600,0,0,0,740,6860,1.7660825452214206,3.846577997886988,False
intersection_turn,P0,9008,50,5.0,2.0,18.47277964327119,14.72403780401211,0.009570717814452415,2.2614855272116717e-15,999999999.9999979,42.79999999999998,42.79999999999998,5.261178575186379,3.9550147740798045,inf,0,0,0,0,-1,inf,0,-1,0,0,7600,0,0,0,831,6769,1.612874512419017,3.614449253108861,False
intersection_turn,P1,9008,50,5.0,2.0,18.47277964327119,14.72403780401211,0.009570717814452415,2.2614855272116717e-15,999999999.9999979,42.79999999999998,42.79999999999998,5.261178575186379,3.9550147740798045,inf,0,0,0,0,-1,inf,0,-1,0,0,7600,0,0,0,831,6769,1.612874512419017,3.614449253108861,False
intersection_turn,P2,9008,50,5.0,2.0,18.47277964327119,14.72403780401211,0.009570717814452415,2.2614855272116717e-15,999999999.9999979,42.79999999999998,42.79999999999998,5.261178575186379,3.9550147740798045,inf,0,0,0,0,-1,inf,0,-1,0,0,7600,0,0,0,831,6769,1.612874512419017,3.614449253108861,False
intersection_turn,P3,9008,50,5.0,2.0,18.47277964327119,14.72403780401211,0.009570717814452415,2.2614855272116717e-15,999999999.9999979,42.79999999999998,42.79999999999998,5.261178575186379,3.9550147740798045,inf,0,0,0,0,-1,inf,0,-1,0,0,7600,0,0,0,831,6769,1.612874512419017,3.614449253108861,False
intersection_turn,P4,9008,50,5.0,2.0,18.47277964327119,14.72403780401211,0.009570717814452415,2.2614855272116717e-15,999999999.9999979,42.79999999999998,42.79999999999998,5.261178575186379,3.9550147740798045,inf,0,0,0,0,-1,inf,0,-1,0,0,7600,0,0,0,831,6769,1.612874512419017,3.614449253108861,False
intersection_turn,P0,9009,50,5.0,2.0,18.45983801707969,14.72403780401211,0.009577493097907966,2.2614855272116717e-15,999999999.9999979,42.60999999999999,42.60999999999999,5.44904578802565,3.9550147740798045,inf,0,0,0,0,-1,inf,0,-1,0,0,7600,0,0,0,780,6820,1.578875368870595,3.5968439904691327,False
intersection_turn,P1,9009,50,5.0,2.0,18.45743488600961,14.72403780401211,0.009578705540944947,2.2614855272116717e-15,999999999.9999979,42.53999999999998,42.53999999999998,5.518296838699441,3.9550147740798045,inf,0,0,0,0,-1,inf,0,-1,0,0,7600,0,0,0,726,6874,1.578875368870595,3.5968439904691327,False
intersection_turn,P2,9009,50,5.0,2.0,18.45983801707969,14.72403780401211,0.009577493097907966,2.2614855272116717e-15,999999999.9999979,42.60999999999999,42.60999999999999,5.44904578802565,3.9550147740798045,inf,0,0,0,0,-1,inf,0,-1,0,0,7600,0,0,0,780,6820,1.578875368870595,3.5968439904691327,False
intersection_turn,P3,9009,50,5.0,2.0,18.45983801707969,14.72403780401211,0.009577493097907966,2.2614855272116717e-15,999999999.9999979,42.60999999999999,42.60999999999999,5.44904578802565,3.9550147740798045,inf,0,0,0,0,-1,inf,0,-1,0,0,7600,0,0,0,780,6820,1.578875368870595,3.5968439904691327,False
intersection_turn,P4,9009,50,5.0,2.0,18.45983801707969,14.72403780401211,0.009577493097907966,2.2614855272116717e-15,999999999.9999979,42.60999999999999,42.60999999999999,5.44904578802565,3.9550147740798045,inf,0,0,0,0,-1,inf,0,-1,0,0,7600,0,0,0,780,6820,1.578875368870595,3.5968439904691327,False
intersection_turn,P0,9010,50,5.0,2.0,18.473381506661884,14.72403780401211,0.009570512162730227,2.2614855272116717e-15,999999999.9999979,42.86999999999997,42.86999999999997,5.192003466870984,3.9550147740798045,inf,0,0,0,0,-1,inf,0,-1,0,0,7600,0,0,0,857,6743,1.5752701426179627,3.613638173581725,False
intersection_turn,P1,9010,50,5.0,2.0,18.47180278860952,14.72403780401211,0.009571311862094986,2.2614855272116717e-15,999999999.9999979,42.82999999999999,42.82999999999999,5.231529413087543,3.9550147740798045,inf,0,0,0,0,-1,inf,0,-1,0,0,7600,0,0,0,843,6757,1.5752701426179627,3.613638173581725,False
intersection_turn,P2,9010,50,5.0,2.0,18.473381506661884,14.72403780401211,0.009570512162730227,2.2614855272116717e-15,999999999.9999979,42.86999999999997,42.86999999999997,5.192003466870984,3.9550147740798045,inf,0,0,0,0,-1,inf,0,-1,0,0,7600,0,0,0,857,6743,1.5752701426179627,3.613638173581725,False
intersection_turn,P3,9010,50,5.0,2.0,18.473381506661884,14.72403780401211,0.009570512162730227,2.2614855272116717e-15,999999999.9999979,42.86999999999997,42.86999999999997,5.192003466870984,3.9550147740798045,inf,0,0,0,0,-1,inf,0,-1,0,0,7600,0,0,0,857,6743,1.5752701426179627,3.613638173581725,False
intersection_turn,P4,9010,50,5.0,2.0,18.536034310292187,14.72403780401211,0.009551319306437954,2.2614855272116717e-15,999999999.9999979,42.86999999999997,42.86948104892398,5.188195883821841,3.9550147740798045,inf,0,0,0,0,-1,inf,0,-1,0,0,7600,23,0,0,834,6743,1.5752701426179627,3.613638173581725,False
intersection_turn,P0,9011,50,5.0,2.0,18.473176077215975,14.72403780401211,0.00957051463138925,2.2614855272116717e-15,999999999.9999979,42.759999999999984,42.759999999999984,5.300716932642241,3.9550147740798045,inf,0,0,0,0,-1,inf,0,-1,0,0,7600,0,0,0,815,6785,1.5627160130129893,3.6435845367889272,False
intersection_turn,P1,9011,50,5.0,2.0,18.473176077215975,14.72403780401211,0.00957051463138925,2.2614855272116717e-15,999999999.9999979,42.759999999999984,42.759999999999984,5.300716932642241,3.9550147740798045,inf,0,0,0,0,-1,inf,0,-1,0,0,7600,0,0,0,815,6785,1.5627160130129893,3.6435845367889272,False
intersection_turn,P2,9011,50,5.0,2.0,18.473176077215975,14.72403780401211,0.00957051463138925,2.2614855272116717e-15,999999999.9999979,42.759999999999984,42.759999999999984,5.300716932642241,3.9550147740798045,inf,0,0,0,0,-1,inf,0,-1,0,0,7600,0,0,0,815,6785,1.5627160130129893,3.6435845367889272,False
intersection_turn,P3,9011,50,5.0,2.0,18.473176077215975,14.72403780401211,0.00957051463138925,2.2614855272116717e-15,999999999.9999979,42.759999999999984,42.759999999999984,5.300716932642241,3.9550147740798045,inf,0,0,0,0,-1,inf,0,-1,0,0,7600,0,0,0,815,6785,1.5627160130129893,3.6435845367889272,False
intersection_turn,P4,9011,50,5.0,2.0,18.53802670489217,14.72403780401211,0.009550613069912223,2.2614855272116717e-15,999999999.9999979,42.759999999999984,42.75944601374956,5.297048198224068,3.9550147740798045,inf,0,0,0,0,-1,inf,0,-1,0,0,7600,23,0,0,793,6784,1.5627160130129893,3.6435845367889272,False
intersection_turn,P0,9012,50,5.0,2.0,18.468154902030346,14.72403780401211,0.009573246927477493,2.2614855272116717e-15,999999999.9999979,42.784999999999975,42.784999999999975,5.276004643667427,3.9550147740798045,inf,0,0,0,0,-1,inf,0,-1,0,0,7600,0,0,0,951,6649,1.7126610683333732,3.81788998531909,False
intersection_turn,P1,9012,50,5.0,2.0,18.464913135956188,14.72403780401211,0.009575017002893114,2.2614855272116717e-15,999999999.9999979,42.72999999999998,42.72999999999998,5.330375221314179,3.9550147740798045,inf,0,0,0,0,-1,inf,0,-1,0,0,7600,0,0,0,927,6673,1.7126610683333732,3.81788998531909,False
intersection_turn,P2,9012,50,5.0,2.0,18.468154902030346,14.72403780401211,0.009573246927477493,2.2614855272116717e-15,999999999.9999979,42.784999999999975,42.784999999999975,5.276004643667427,3.9550147740798045,inf,0,0,0,0,-1,inf,0,-1,0,0,7600,0,0,0,951,6649,1.7126610683333732,3.81788998531909,False
intersection_turn,P3,9012,50,5.0,2.0,18.468154902030346,14.72403780401211,0.009573246927477493,2.2614855272116717e-15,999999999.9999979,42.784999999999975,42.784999999999975,5.276004643667427,3.9550147740798045,inf,0,0,0,0,-1,inf,0,-1,0,0,7600,0,0,0,951,6649,1.7126610683333732,3.81788998531909,False
intersection_turn,P4,9012,50,5.0,2.0,18.468154902030346,14.72403780401211,0.009573246927477493,2.2614855272116717e-15,999999999.9999979,42.784999999999975,42.784999999999975,5.276004643667427,3.9550147740798045,inf,0,0,0,0,-1,inf,0,-1,0,0,7600,0,0,0,951,6649,1.7126610683333732,3.81788998531909,False
intersection_turn,P0,9013,50,5.0,2.0,18.46682486782679,14.72403780401211,0.009573854659844028,2.2614855272116717e-15,999999999.9999979,42.75399999999998,42.75399999999998,5.306648283050258,3.9550147740798045,inf,0,0,0,0,-1,inf,0,-1,0,0,7600,0,0,0,906,6694,1.7837190472773954,3.9643585836287603,False
intersection_turn,P1,9013,50,5.0,2.0,18.46543163710321,14.72403780401211,0.009574640522063176,2.2614855272116717e-15,999999999.9999979,42.73999999999999,42.73999999999999,5.32048869935837,3.9550147740798045,inf,0,0,0,0,-1,inf,0,-1,0,0,7600,0,0,0,899,6701,1.7837190472773954,3.9643585836287603,False
intersection_turn,P2,9013,50,5.0,2.0,18.46682486782679,14.72403780401211,0.009573854659844028,2.2614855272116717e-15,999999999.9999979,42.75399999999998,42.75399999999998,5.306648283050258,3.9550147740798045,inf,0,0,0,0,-1,inf,0,-1,0,0,7600,0,0,0,906,6694,1.7837190472773954,3.9643585836287603,False
intersection_turn,P3,9013,50,5.0,2.0,18.46682486782679,14.72403780401211,0.009573854659844028,2.2614855272116717e-15,999999999.9999979,42.75399999999998,42.75399999999998,5.306648283050258,3.9550147740798045,inf,0,0,0,0,-1,inf,0,-1,0,0,7600,0,0,0,906,6694,1.7837190472773954,3.9643585836287603,False
intersection_turn,P4,9013,50,5.0,2.0,18.46682486782679,14.72403780401211,0.009573854659844028,2.2614855272116717e-15,999999999.9999979,42.75399999999998,42.75399999999998,5.306648283050258,3.9550147740798045,inf,0,0,0,0,-1,inf,0,-1,0,0,7600,0,0,0,906,6694,1.7837190472773954,3.9643585836287603,False
intersection_turn,P0,9014,50,5.0,2.0,18.47383635396541,14.72403780401211,0.009570315668198577,2.2614855272116717e-15,999999999.9999979,42.93999999999999,42.93999999999999,5.122850768859083,3.9550147740798045,inf,0,0,0,0,-1,inf,0,-1,0,0,7600,0,0,0,920,6680,1.5667190559384374,3.5372148251850284,False
intersection_turn,P1,9014,50,5.0,2.0,18.47383635396541,14.72403780401211,0.009570315668198577,2.2614855272116717e-15,999999999.9999979,42.93999999999999,42.93999999999999,5.122850768859083,3.9550147740798045,inf,0,0,0,0,-1,inf,0,-1,0,0,7600,0,0,0,920,6680,1.5667190559384374,3.5372148251850284,False
intersection_turn,P2,9014,50,5.0,2.0,18.47383635396541,14.72403780401211,0.009570315668198577,2.2614855272116717e-15,999999999.9999979,42.93999999999999,42.93999999999999,5.122850768859083,3.9550147740798045,inf,0,0,0,0,-1,inf,0,-1,0,0,7600,0,0,0,920,6680,1.5667190559384374,3.5372148251850284,False
intersection_turn,P3,9014,50,5.0,2.0,18.47383635396541,14.72403780401211,0.009570315668198577,2.2614855272116717e-15,999999999.9999979,42.93999999999999,42.93999999999999,5.122850768859083,3.9550147740798045,inf,0,0,0,0,-1,inf,0,-1,0,0,7600,0,0,0,920,6680,1.5667190559384374,3.5372148251850284,False
intersection_turn,P4,9014,50,5.0,2.0,18.47383635396541,14.72403780401211,0.009570315668198577,2.2614855272116717e-15,999999999.9999979,42.93999999999999,42.93999999999999,5.122850768859083,3.9550147740798045,inf,0,0,0,0,-1,inf,0,-1,0,0,7600,0,0,0,920,6680,1.5667190559384374,3.5372148251850284,False
intersection_turn,P0,9015,50,5.0,2.0,18.47135822186859,14.72403780401211,0.00957142683913661,2.2614855272116717e-15,999999999.9999979,42.77333333333332,42.77333333333332,5.2875367085670995,3.9550147740798045,inf,0,0,0,0,-1,inf,0,-1,0,0,7600,0,0,0,970,6630,1.7507140148664397,3.833633017140656,False
intersection_turn,P1,9015,50,5.0,2.0,18.470555957648315,14.72403780401211,0.009571824311351191,2.2614855272116717e-15,999999999.9999979,42.753333333333316,42.753333333333316,5.307307331511083,3.9550147740798045,inf,0,0,0,0,-1,inf,0,-1,0,0,7600,0,0,0,967,6633,1.7507140148664397,3.833633017140656,False
intersection_turn,P2,9015,50,5.0,2.0,18.47135822186859,14.72403780401211,0.00957142683913661,2.2614855272116717e-15,999999999.9999979,42.77333333333332,42.77333333333332,5.2875367085670995,3.9550147740798045,inf,0,0,0,0,-1,inf,0,-1,0,0,7600,0,0,0,970,6630,1.7507140148664397,3.833633017140656,False
intersection_turn,P3,9015,50,5.0,2.0,18.47135822186859,14.72403780401211,0.00957142683913661,2.2614855272116717e-15,999999999.9999979,42.77333333333332,42.77333333333332,5.2875367085670995,3.9550147740798045,inf,0,0,0,0,-1,inf,0,-1,0,0,7600,0,0,0,970,6630,1.7507140148664397,3.833633017140656,False
intersection_turn,P4,9015,50,5.0,2.0,18.47135822186859,14.72403780401211,0.00957142683913661,2.2614855272116717e-15,999999999.9999979,42.77333333333332,42.77333333333332,5.2875367085670995,3.9550147740798045,inf,0,0,0,0,-1,inf,0,-1,0,0,7600,0,0,0,970,6630,1.7507140148664397,3.833633017140656,False
intersection_turn,P0,9016,50,5.0,2.0,18.4692683230233,14.72403780401211,0.009572423113828069,2.2614855272116717e-15,999999999.9999979,42.71199999999998,42.71199999999998,5.348172024159301,3.9550147740798045,inf,0,0,0,0,-1,inf,0,-1,0,0,7600,0,0,0,756,6844,1.8224816788831766,3.8649352115622553,False
intersection_turn,P1,9016,50,5.0,2.0,18.46772387367879,14.72403780401211,0.009573192112949895,2.2614855272116717e-15,999999999.9999979,42.66999999999999,42.66999999999999,5.38970314581426,3.9550147740798045,inf,0,0,0,0,-1,inf,0,-1,0,0,7600,0,0,0,744,6856,1.8224816788831766,3.8649352115622553,False
intersection_turn,P2,9016,50,5.0,2.0,18.4692683230233,14.72403780401211,0.009572423113828069,2.2614855272116717e-15,999999999.9999979,42.71199999999998,42.71199999999998,5.348172024159301,3.9550147740798045,inf,0,0,0,0,-1,inf,0,-1,0,0,7600,0,0,0,756,6844,1.8224816788831766,3.8649352115622553,False
intersection_turn,P3,9016,50,5.0,2.0,18.4692683230233,14.72403780401211,0.009572423113828069,2.2614855272116717e-15,999999999.9999979,42.71199999999998,42.71199999999998,5.348172024159301,3.9550147740798045,inf,0,0,0,0,-1,inf,0,-1,0,0,7600,0,0,0,756,6844,1.8224816788831766,3.8649352115622553,False
intersection_turn,P4,9016,50,5.0,2.0,18.634162723432603,14.72403780401211,0.00951875973896017,2.2614855272116717e-15,999999999.9999979,42.70399999999998,42.701974594095844,5.342398350904921,3.9550147740798045,inf,0,0,0,0,-1,inf,0,-1,0,0,7600,95,0,0,684,6821,1.8224816788831766,3.8649352115622553,False
intersection_turn,P0,9017,50,5.0,2.0,18.47383819548324,14.72403780401211,0.009570225669958795,2.2614855272116717e-15,999999999.9999979,42.82499999999998,42.82499999999998,5.236470662574192,3.9550147740798045,inf,0,0,0,0,-1,inf,0,-1,0,0,7600,0,0,0,886,6714,1.6013145330173364,3.6399410007587303,False
intersection_turn,P1,9017,50,5.0,2.0,18.47326333979562,14.72403780401211,0.009570494025731346,2.2614855272116717e-15,999999999.9999979,42.79999999999998,42.79999999999998,5.261178575186379,3.9550147740798045,inf,0,0,0,0,-1,inf,0,-1,0,0,7600,0,0,0,882,6718,1.6013145330173364,3.6399410007587303,False
intersection_turn,P2,9017,50,5.0,2.0,18.47383819548324,14.72403780401211,0.009570225669958795,2.2614855272116717e-15,999999999.9999979,42.82499999999998,42.82499999999998,5.236470662574192,3.9550147740798045,inf,0,0,0,0,-1,inf,0,-1,0,0,7600,0,0,0,886,6714,1.6013145330173364,3.6399410007587303,False
intersection_turn,P3,9017,50,5.0,2.0,18.47383819548324,14.72403780401211,0.009570225669958795,2.2614855272116717e-15,999999999.9999979,42.82499999999998,42.82499999999998,5.236470662574192,3.9550147740798045,inf,0,0,0,0,-1,inf,0,-1,0,0,7600,0,0,0,886,6714,1.6013145330173364,3.6399410007587303,False
intersection_turn,P4,9017,50,5.0,2.0,18.537870384629414,14.72403780401211,0.00955066237221208,2.2614855272116717e-15,999999999.9999979,42.82499999999998,42.82446250593713,5.232726401401981,3.9550147740798045,inf,0,0,0,0,-1,inf,0,-1,0,0,7600,23,0,0,866,6711,1.6013145330173364,3.6399410007587303,False
intersection_turn,P0,9018,50,5.0,2.0,18.469991624747205,14.72403780401211,0.009572172866178195,2.2614855272116717e-15,999999999.9999979,42.755333333333326,42.755333333333326,5.305330191839573,3.9550147740798045,inf,0,0,0,0,-1,inf,0,-1,0,0,7600,0,0,0,891,6709,1.7093776381043788,3.8440636066910634,False
intersection_turn,P1,9018,50,5.0,2.0,18.469555245497315,14.72403780401211,0.009572434031506457,2.2614855272116717e-15,999999999.9999979,42.78999999999999,42.78999999999999,5.2710625114866625,3.9550147740798045,inf,0,0,0,0,-1,inf,0,-1,0,0,7600,0,0,0,897,6703,1.7093776381043788,3.8440636066910634,False
intersection_turn,P2,9018,50,5.0,2.0,18.469991624747205,14.72403780401211,0.009572172866178195,2.2614855272116717e-15,999999999.9999979,42.755333333333326,42.755333333333326,5.305330191839573,3.9550147740798045,inf,0,0,0,0,-1,inf,0,-1,0,0,7600,0,0,0,891,6709,1.7093776381043788,3.8440636066910634,False
intersection_turn,P3,9018,50,5.0,2.0,18.469991624747205,14.72403780401211,0.009572172866178195,2.2614855272116717e-15,999999999.9999979,42.755333333333326,42.755333333333326,5.305330191839573,3.9550147740798045,inf,0,0,0,0,-1,inf,0,-1,0,0,7600,0,0,0,891,6709,1.7093776381043788,3.8440636066910634,False
intersection_turn,P4,9018,50,5.0,2.0,18.469991624747205,14.72403780401211,0.009572172866178195,2.2614855272116717e-15,999999999.9999979,42.755333333333326,42.755333333333326,5.305330191839573,3.9550147740798045,inf,0,0,0,0,-1,inf,0,-1,0,0,7600,0,0,0,891,6709,1.7093776381043788,3.8440636066910634,False
intersection_turn,P0,9019,50,5.0,2.0,18.465117540008354,14.72403780401211,0.009574650557134483,2.2614855272116717e-15,999999999.9999979,42.70199999999999,42.70199999999999,5.358059723444682,3.9550147740798045,inf,0,0,0,0,-1,inf,0,-1,0,0,7600,0,0,0,774,6826,1.7344524602526286,3.79068039860401,False
intersection_turn,P1,9019,50,5.0,2.0,18.465117540008354,14.72403780401211,0.009574650557134483,2.2614855272116717e-15,999999999.9999979,42.70199999999999,42.70199999999999,5.358059723444682,3.9550147740798045,inf,0,0,0,0,-1,inf,0,-1,0,0,7600,0,0,0,774,6826,1.7344524602526286,3.79068039860401,False
intersection_turn,P2,9019,50,5.0,2.0,18.465117540008354,14.72403780401211,0.009574650557134483,2.2614855272116717e-15,999999999.9999979,42.70199999999999,42.70199999999999,5.358059723444682,3.9550147740798045,inf,0,0,0,0,-1,inf,0,-1,0,0,7600,0,0,0,774,6826,1.7344524602526286,3.79068039860401,False
intersection_turn,P3,9019,50,5.0,2.0,18.465117540008354,14.72403780401211,0.009574650557134483,2.2614855272116717e-15,999999999.9999979,42.70199999999999,42.70199999999999,5.358059723444682,3.9550147740798045,inf,0,0,0,0,-1,inf,0,-1,0,0,7600,0,0,0,774,6826,1.7344524602526286,3.79068039860401,False
intersection_turn,P4,9019,50,5.0,2.0,18.465117540008354,14.72403780401211,0.009574650557134483,2.2614855272116717e-15,999999999.9999979,42.70199999999999,42.70199999999999,5.358059723444682,3.9550147740798045,inf,0,0,0,0,-1,inf,0,-1,0,0,7600,0,0,0,774,6826,1.7344524602526286,3.79068039860401,False
occluding_cut_in,P0,9000,50,5.0,2.0,11.267888282720728,7.327224075401506,0.2107706627715266,0.00021432353040528026,999785676.4695947,17.087302883832308,17.087302883832308,19.431160541768985,11.331044181969368,1.912697116167692,0,0,0,0,-1,inf,0,-1,0,0,7600,182,0,3814,0,3604,2.236508710247554,5.049424401377409,False
occluding_cut_in,P1,9000,50,5.0,2.0,11.332110574919035,7.317204022519822,0.2083959278339579,0.00021492416088724126,999785075.8391128,17.12178035333541,17.115394505041873,19.430094201262467,11.331044181969368,1.884920524226191,0,0,0,0,-1,inf,0,-1,0,0,7600,321,0,3697,0,3582,2.236508710247554,5.049424401377409,False
occluding_cut_in,P2,9000,50,5.0,2.0,11.18816933512213,7.346569653191002,0.21586657007766732,0.0002080808762265537,999791919.1237735,17.151780353335415,17.141282313467723,19.429070033382242,11.331044181969368,1.8631485915805577,0,0,0,0,-1,inf,0,-1,0,0,7600,355,0,3670,0,3575,2.236508710247554,5.049424401377409,False
occluding_cut_in,P3,9000,50,5.0,2.0,11.110482535262593,7.326894548691421,0.2222887307412461,0.00021561099413591555,999784389.0058641,17.15178035333542,17.14141999371464,19.430094201262467,11.331044181969368,1.871072585264871,0,0,0,0,-1,inf,0,-1,0,0,7600,330,0,3695,0,3575,2.236508710247554,5.049424401377409,False
occluding_cut_in,P4,9000,50,5.0,2.0,11.267888282720728,7.327224075401506,0.2107706627715266,0.00021432353040528026,999785676.4695947,17.087302883832308,17.087302883832308,19.431160541768985,11.331044181969368,1.912697116167692,0,0,0,0,-1,inf,0,-1,0,0,7600,182,0,3814,0,3604,2.236508710247554,5.049424401377409,False
occluding_cut_in,P0,9001,50,5.0,2.0,11.267888282720728,7.327224075401506,0.2107706627715266,0.00021432353040528026,999785676.4695947,17.087302883832308,17.087302883832308,19.431160541768985,11.331044181969368,1.912697116167692,0,0,0,0,-1,inf,0,-1,0,0,7600,182,0,3814,0,3604,2.0694366379210174,4.7190311108022716,False
occluding_cut_in,P1,9001,50,5.0,2.0,11.328220731869775,7.326331172501157,0.2081802931586817,0.0002123833658676743,999787616.6341324,17.121780353335406,17.11591623790376,19.43013353196599,11.331044181969368,1.884317558638751,0,0,0,0,-1,inf,0,-1,0,0,7600,296,0,3726,0,3578,2.0694366379210174,4.7190311108022716,False
occluding_cut_in,P2,9001,50,5.0,2.0,11.18503284799463,7.339654199503235,0.21578966851087075,0.0002091103767101219,999790889.62329,17.15178035333542,17.141898185769094,19.430094201262467,11.331044181969368,1.863837459608201,0,0,0,0,-1,inf,0,-1,0,0,7600,329,0,3696,0,3575,2.0694366379210174,4.7190311108022716,False
occluding_cut_in,P3,9001,50,5.0,2.0,11.188730860473086,7.323169320534642,0.21491378570597813,0.0002136283809497396,999786371.6190503,17.15178035333541,17.145196624852222,19.431160541768985,11.331044181969368,1.862832600337549,0,0,0,0,-1,inf,0,-1,0,0,7600,282,0,3743,0,3575,2.0694366379210174,4.7190311108022716,False
occluding_cut_in,P4,9001,50,5.0,2.0,11.267888282720728,7.327224075401506,0.2107706627715266,0.00021432353040528026,999785676.4695947,17.087302883832308,17.087302883832308,19.431160541768985,11.331044181969368,1.912697116167692,0,0,0,0,-1,inf,0,-1,0,0,7600,182,0,3814,0,3604,2.0694366379210174,4.7190311108022716,False
occluding_cut_in,P0,9002,50,5.0,2.0,11.267888282720728,7.327224075401506,0.2107706627715266,0.00021432353040528026,999785676.4695947,17.087302883832308,17.087302883832308,19.431160541768985,11.331044181969368,1.912697116167692,0,0,0,0,-1,inf,0,-1,0,0,7600,182,0,3814,0,3604,2.045198073203585,4.605688830064313,False
occluding_cut_in,P1,9002,50,5.0,2.0,11.32259098532521,7.330849635099795,0.20818126146480598,0.00021115231607467784,999788847.6839255,17.121780353335417,17.116341439325343,19.431160541768985,11.331044181969368,1.8837879858002218,0,0,0,0,-1,inf,0,-1,0,0,7600,270,0,3750,0,3580,2.045198073203585,4.605688830064313,False
occluding_cut_in,P2,9002,50,5.0,2.0,11.196766385412548,7.328414488419855,0.2174767325720963,0.0002145978516012744,999785402.1483989,17.139263734065537,17.128619776554984,19.433133628587235,11.331044181969368,1.8730956592448713,0,0,0,0,-1,inf,0,-1,0,0,7600,328,0,3696,0,3576,2.045198073203585,4.605688830064313,False
occluding_cut_in,P3,9002,50,5.0,2.0,11.188730860473086,7.323169320534642,0.21491378570597813,0.0002136283809497396,999786371.6190503,17.15178035333541,17.145196624852222,19.431160541768985,11.331044181969368,1.862832600337549,0,0,0,0,-1,inf,0,-1,0,0,7600,282,0,3743,0,3575,2.045198073203585,4.605688830064313,False
occluding_cut_in,P4,9002,50,5.0,2.0,11.267888282720728,7.327224075401506,0.2107706627715266,0.00021432353040528026,999785676.4695947,17.087302883832308,17.087302883832308,19.431160541768985,11.331044181969368,1.912697116167692,0,0,0,0,-1,inf,0,-1,0,0,7600,182,0,3814,0,3604,2.045198073203585,4.605688830064313,False
occluding_cut_in,P0,9003,50,5.0,2.0,11.267888282720728,7.327224075401506,0.2107706627715266,0.00021432353040528026,999785676.4695947,17.087302883832308,17.087302883832308,19.431160541768985,11.331044181969368,1.912697116167692,0,0,0,0,-1,inf,0,-1,0,0,7600,182,0,3814,0,3604,2.020775338962199,4.67894251683254,False
occluding_cut_in,P1,9003,50,5.0,2.0,11.276963380877083,7.330914167477342,0.21037900968694642,0.00021314547187283376,999786854.5281272,17.087302883832308,17.08684058791738,19.43013353196599,11.331044181969368,1.913174713293892,0,0,0,0,-1,inf,0,-1,0,0,7600,211,0,3789,0,3600,2.020775338962199,4.67894251683254,False
occluding_cut_in,P2,9003,50,5.0,2.0,11.196786944937497,7.337191093635807,0.2154759439718455,0.00021095573300218003,999789044.2669979,17.151780353335425,17.142163523128445,19.428020504095343,11.331044181969368,1.8616610242549663,0,0,0,0,-1,inf,0,-1,0,0,7600,368,0,3657,0,3575,2.020775338962199,4.67894251683254,False
occluding_cut_in,P3,9003,50,5.0,2.0,11.199130816814181,7.356061034498325,0.21413805358081653,0.000205079719788151,999794920.2802118,17.151780353335415,17.14460914194521,19.43013353196599,11.331044181969368,1.8618445850186753,0,0,0,0,-1,inf,0,-1,0,0,7600,308,0,3721,0,3571,2.020775338962199,4.67894251683254,False
occluding_cut_in,P4,9003,50,5.0,2.0,11.267888282720728,7.327224075401506,0.2107706627715266,0.00021432353040528026,999785676.4695947,17.087302883832308,17.087302883832308,19.431160541768985,11.331044181969368,1.912697116167692,0,0,0,0,-1,inf,0,-1,0,0,7600,182,0,3814,0,3604,2.020775338962199,4.67894251683254,False
occluding_cut_in,P0,9004,50,5.0,2.0,11.267888282720728,7.327224075401506,0.2107706627715266,0.00021432353040528026,999785676.4695947,17.087302883832308,17.087302883832308,19.431160541768985,11.331044181969368,1.912697116167692,0,0,0,0,-1,inf,0,-1,0,0,7600,182,0,3814,0,3604,2.122312493233909,4.859681844703765,False
occluding_cut_in,P1,9004,50,5.0,2.0,11.323529922543887,7.344714577229324,0.20783637704025407,0.00020744801661319413,999792551.9833866,17.121780353335428,17.116769463525344,19.431160541768985,11.331044181969368,1.8835758807025362,0,0,0,0,-1,inf,0,-1,0,0,7600,299,0,3720,0,3581,2.122312493233909,4.859681844703765,False
occluding_cut_in,P2,9004,50,5.0,2.0,11.201647634344402,7.358379049554543,0.2151735306038816,0.00020446212536482774,999795537.8746353,17.15178035333541,17.141062881760497,19.42810077019037,11.331044181969368,1.8635751868897756,0,0,0,0,-1,inf,0,-1,0,0,7600,395,0,3638,0,3567,2.122312493233909,4.859681844703765,False
occluding_cut_in,P3,9004,50,5.0,2.0,11.202189795197482,7.357528109595406,0.21421375202681323,0.000204669026887397,999795330.9731126,17.151780353335415,17.143840049942327,19.42906718105352,11.331044181969368,1.8620315890357273,0,0,0,0,-1,inf,0,-1,0,0,7600,338,0,3695,0,3567,2.122312493233909,4.859681844703765,False
occluding_cut_in,P4,9004,50,5.0,2.0,11.267888282720728,7.327224075401506,0.2107706627715266,0.00021432353040528026,999785676.4695947,17.087302883832308,17.087302883832308,19.431160541768985,11.331044181969368,1.912697116167692,0,0,0,0,-1,inf,0,-1,0,0,7600,182,0,3814,0,3604,2.122312493233909,4.859681844703765,False
occluding_cut_in,P0,9005,50,5.0,2.0,11.267888282720728,7.327224075401506,0.2107706627715266,0.00021432353040528026,999785676.4695947,17.087302883832308,17.087302883832308,19.431160541768985,11.331044181969368,1.912697116167692,0,0,0,0,-1,inf,0,-1,0,0,7600,182,0,3814,0,3604,1.9231246571925498,4.458599560991289,False
occluding_cut_in,P1,9005,50,5.0,2.0,11.3001277500668,7.353114950902221,0.208425261639691,0.00020585546103420025,999794144.5389657,17.121780353335414,17.118624309963533,19.43013353196599,11.331044181969368,1.8816690398021683,0,0,0,0,-1,inf,0,-1,0,0,7600,250,0,3773,0,3577,1.9231246571925498,4.458599560991289,False
occluding_cut_in,P2,9005,50,5.0,2.0,11.241532334536684,7.348806511430331,0.2134431764884724,0.0002080407196453287,999791959.2803547,17.096720715219124,17.092105632699788,19.42902108482531,11.331044181969368,1.9098528538218829,0,0,0,0,-1,inf,0,-1,0,0,7600,273,0,3731,0,3596,1.9231246571925498,4.458599560991289,False
occluding_cut_in,P3,9005,50,5.0,2.0,11.199130816814181,7.356061034498325,0.21413805358081653,0.000205079719788151,999794920.2802118,17.151780353335415,17.14460914194521,19.43013353196599,11.331044181969368,1.8618445850186753,0,0,0,0,-1,inf,0,-1,0,0,7600,308,0,3721,0,3571,1.9231246571925498,4.458599560991289,False
occluding_cut_in,P4,9005,50,5.0,2.0,11.267888282720728,7.327224075401506,0.2107706627715266,0.00021432353040528026,999785676.4695947,17.087302883832308,17.087302883832308,19.431160541768985,11.331044181969368,1.912697116167692,0,0,0,0,-1,inf,0,-1,0,0,7600,182,0,3814,0,3604,1.9231246571925498,4.458599560991289,False
occluding_cut_in,P0,9006,50,5.0,2.0,11.267888282720728,7.327224075401506,0.2107706627715266,0.00021432353040528026,999785676.4695947,17.087302883832308,17.087302883832308,19.431160541768985,11.331044181969368,1.912697116167692,0,0,0,0,-1,inf,0,-1,0,0,7600,182,0,3814,0,3604,1.9990717305850219,4.5711068011340314,False
occluding_cut_in,P1,9006,50,5.0,2.0,11.302438581173565,7.353591518223721,0.208176956459349,0.00020539113233300558,999794608.8676671,17.121780353335414,17.11831932101108,19.431160541768985,11.331044181969368,1.8818062231194883,0,0,0,0,-1,inf,0,-1,0,0,7600,232,0,3787,0,3581,1.9990717305850219,4.5711068011340314,False
occluding_cut_in,P2,9006,50,5.0,2.0,11.107775349567344,7.325385328508848,0.22251478459329055,0.00021610844700436602,999783891.5529958,17.151780353335425,17.141289758271174,19.430073758811165,11.331044181969368,1.8713197526690561,0,0,0,0,-1,inf,0,-1,0,0,7600,333,0,3692,0,3575,1.9990717305850219,4.5711068011340314,False
occluding_cut_in,P3,9006,50,5.0,2.0,11.111649839346782,7.332463616707964,0.22175011372850684,0.00021383137110448101,999786168.6288955,17.15178035333541,17.14231219455394,19.431160541768985,11.331044181969368,1.8710232551863193,0,0,0,0,-1,inf,0,-1,0,0,7600,304,0,3721,0,3575,1.9990717305850219,4.5711068011340314,False
occluding_cut_in,P4,9006,50,5.0,2.0,11.267888282720728,7.327224075401506,0.2107706627715266,0.00021432353040528026,999785676.4695947,17.087302883832308,17.087302883832308,19.431160541768985,11.331044181969368,1.912697116167692,0,0,0,0,-1,inf,0,-1,0,0,7600,182,0,3814,0,3604,1.9990717305850219,4.5711068011340314,False
occluding_cut_in,P0,9007,50,5.0,2.0,11.267888282720728,7.327224075401506,0.2107706627715266,0.00021432353040528026,999785676.4695947,17.087302883832308,17.087302883832308,19.431160541768985,11.331044181969368,1.912697116167692,0,0,0,0,-1,inf,0,-1,0,0,7600,182,0,3814,0,3604,2.0271637120754717,4.624597932615985,False
occluding_cut_in,P1,9007,50,5.0,2.0,11.311378602159753,7.349014587157961,0.2079716628434389,0.00020637574603807674,999793624.2539618,17.121780353335414,17.117622715201758,19.431160541768985,11.331044181969368,1.8824849619202388,0,0,0,0,-1,inf,0,-1,0,0,7600,237,0,3784,0,3579,2.0271637120754717,4.624597932615985,False
occluding_cut_in,P2,9007,50,5.0,2.0,11.230696940318678,7.351286970130206,0.21341323529873268,0.00020714780381925966,999792852.1961806,17.109263734065536,17.103890552950787,19.433133628587235,11.331044181969368,1.898345575441665,0,0,0,0,-1,inf,0,-1,0,0,7600,258,0,3751,0,3591,2.0271637120754717,4.624597932615985,False
occluding_cut_in,P3,9007,50,5.0,2.0,11.171875733710857,7.333605833077077,0.21495380087290047,0.00021066228407198067,999789337.7159281,17.15178035333541,17.14487247370373,19.435032721914393,11.331044181969368,1.864576446601228,0,0,0,0,-1,inf,0,-1,0,0,7600,342,0,3691,0,3567,2.0271637120754717,4.624597932615985,False
occluding_cut_in,P4,9007,50,5.0,2.0,11.267888282720728,7.327224075401506,0.2107706627715266,0.00021432353040528026,999785676.4695947,17.087302883832308,17.087302883832308,19.431160541768985,11.331044181969368,1.912697116167692,0,0,0,0,-1,inf,0,-1,0,0,7600,182,0,3814,0,3604,2.0271637120754717,4.624597932615985,False
occluding_cut_in,P0,9008,50,5.0,2.0,11.267888282720728,7.327224075401506,0.2107706627715266,0.00021432353040528026,999785676.4695947,17.087302883832308,17.087302883832308,19.431160541768985,11.331044181969368,1.912697116167692,0,0,0,0,-1,inf,0,-1,0,0,7600,182,0,3814,0,3604,2.0446041312115977,4.708559449648159,False
occluding_cut_in,P1,9008,50,5.0,2.0,11.32641752979756,7.319765403233969,0.20844227475307264,0.00021422358668181642,999785776.4133182,17.12178035333541,17.115760141865753,19.431160541768985,11.331044181969368,1.8844060385324797,0,0,0,0,-1,inf,0,-1,0,0,7600,295,0,3725,0,3580,2.0446041312115977,4.708559449648159,False
occluding_cut_in,P2,9008,50,5.0,2.0,11.175019714200964,7.36219329629697,0.21644261492479372,0.00020343671155943966,999796563.2884406,17.17353720412902,17.15966099532262,19.431160541768985,11.331044181969368,1.8432977905978762,0,0,0,0,-1,inf,0,-1,0,0,7600,371,0,3669,0,3560,2.0446041312115977,4.708559449648159,False
occluding_cut_in,P3,9008,50,5.0,2.0,11.111649839346782,7.332463616707964,0.22175011372850684,0.00021383137110448101,999786168.6288955,17.15178035333541,17.14231219455394,19.431160541768985,11.331044181969368,1.8710232551863193,0,0,0,0,-1,inf,0,-1,0,0,7600,304,0,3721,0,3575,2.0446041312115977,4.708559449648159,False
occluding_cut_in,P4,9008,50,5.0,2.0,11.267888282720728,7.327224075401506,0.2107706627715266,0.00021432353040528026,999785676.4695947,17.087302883832308,17.087302883832308,19.431160541768985,11.331044181969368,1.912697116167692,0,0,0,0,-1,inf,0,-1,0,0,7600,182,0,3814,0,3604,2.0446041312115977,4.708559449648159,False
occluding_cut_in,P0,9009,50,5.0,2.0,11.267888282720728,7.327224075401506,0.2107706627715266,0.00021432353040528026,999785676.4695947,17.087302883832308,17.087302883832308,19.431160541768985,11.331044181969368,1.912697116167692,0,0,0,0,-1,inf,0,-1,0,0,7600,182,0,3814,0,3604,1.9841330657377356,4.574813734233022,False
occluding_cut_in,P1,9009,50,5.0,2.0,11.318117202915344,7.346777872757504,0.2078571064664496,0.0002069281249115017,999793071.8750887,17.121780353335417,17.117194242825846,19.43013353196599,11.331044181969368,1.8830099866060035,0,0,0,0,-1,inf,0,-1,0,0,7600,266,0,3757,0,3577,1.9841330657377356,4.574813734233022,False
occluding_cut_in,P2,9009,50,5.0,2.0,11.184655886519955,7.344973534918988,0.2154781521159735,0.00020687544511968677,999793124.5548804,17.135545583644515,17.123580622550783,19.43013353196599,11.331044181969368,1.8788502045275304,0,0,0,0,-1,inf,0,-1,0,0,7600,344,0,3649,0,3607,1.9841330657377356,4.574813734233022,False
occluding_cut_in,P3,9009,50,5.0,2.0,11.197714630725336,7.356509060113466,0.21426811040009994,0.00020471969377836862,999795280.3062217,17.151780353335422,17.144674857593426,19.43013353196599,11.331044181969368,1.861175591180816,0,0,0,0,-1,inf,0,-1,0,0,7600,303,0,3726,0,3571,1.9841330657377356,4.574813734233022,False
occluding_cut_in,P4,9009,50,5.0,2.0,11.267888282720728,7.327224075401506,0.2107706627715266,0.00021432353040528026,999785676.4695947,17.087302883832308,17.087302883832308,19.431160541768985,11.331044181969368,1.912697116167692,0,0,0,0,-1,inf,0,-1,0,0,7600,182,0,3814,0,3604,1.9841330657377356,4.574813734233022,False
occluding_cut_in,P0,9010,50,5.0,2.0,11.267888282720728,7.327224075401506,0.2107706627715266,0.00021432353040528026,999785676.4695947,17.087302883832308,17.087302883832308,19.431160541768985,11.331044181969368,1.912697116167692,0,0,0,0,-1,inf,0,-1,0,0,7600,182,0,3814,0,3604,1.9371861556321617,4.495257527242439,False
occluding_cut_in,P1,9010,50,5.0,2.0,11.289445943630772,7.342689165104604,0.2094229478708295,0.00020923845846061495,999790761.5415394,17.087302883832304,17.085957907423442,19.43013353196599,11.331044181969368,1.914046008693127,0,0,0,0,-1,inf,0,-1,0,0,7600,220,0,3780,0,3600,1.9371861556321617,4.495257527242439,False
occluding_cut_in,P2,9010,50,5.0,2.0,11.237984396402712,7.348411669860199,0.2133351507000627,0.00020808773445762894,999791912.2655423,17.096720715219103,17.092765427591445,19.430094201262467,11.331044181969368,1.9095319180822474,0,0,0,0,-1,inf,0,-1,0,0,7600,241,0,3759,0,3600,1.9371861556321617,4.495257527242439,False
occluding_cut_in,P3,9010,50,5.0,2.0,11.234115978422913,7.347532739074193,0.2132565692115898,0.00020827732696175155,999791722.6730384,17.09672071521911,17.09343247158598,19.431160541768985,11.331044181969368,1.9092338673411526,0,0,0,0,-1,inf,0,-1,0,0,7600,216,0,3784,0,3600,1.9371861556321617,4.495257527242439,False
occluding_cut_in,P4,9010,50,5.0,2.0,11.267888282720728,7.327224075401506,0.2107706627715266,0.00021432353040528026,999785676.4695947,17.087302883832308,17.087302883832308,19.431160541768985,11.331044181969368,1.912697116167692,0,0,0,0,-1,inf,0,-1,0,0,7600,182,0,3814,0,3604,1.9371861556321617,4.495257527242439,False
occluding_cut_in,P0,9011,50,5.0,2.0,11.267888282720728,7.327224075401506,0.2107706627715266,0.00021432353040528026,999785676.4695947,17.087302883832308,17.087302883832308,19.431160541768985,11.331044181969368,1.912697116167692,0,0,0,0,-1,inf,0,-1,0,0,7600,182,0,3814,0,3604,1.993312493236331,4.662031427717469,False
occluding_cut_in,P1,9011,50,5.0,2.0,11.32259098532521,7.330849635099795,0.20818126146480598,0.00021115231607467784,999788847.6839255,17.121780353335417,17.116341439325343,19.431160541768985,11.331044181969368,1.8837879858002218,0,0,0,0,-1,inf,0,-1,0,0,7600,270,0,3750,0,3580,1.993312493236331,4.662031427717469,False
occluding_cut_in,P2,9011,50,5.0,2.0,11.186075618820407,7.330539289814475,0.21570086009281156,0.00021294527912640434,999787054.7208736,17.151780353335415,17.143391869241814,19.430094201262467,11.331044181969368,1.8615756950911542,0,0,0,0,-1,inf,0,-1,0,0,7600,316,0,3709,0,3575,1.993312493236331,4.662031427717469,False
occluding_cut_in,P3,9011,50,5.0,2.0,11.110193745786946,7.321493843175827,0.22275828606353712,0.00021733650592131214,999782663.4940786,17.151780353335415,17.14059414129135,19.42906718105352,11.331044181969368,1.8710372311344217,0,0,0,0,-1,inf,0,-1,0,0,7600,366,0,3667,0,3567,1.993312493236331,4.662031427717469,False
occluding_cut_in,P4,9011,50,5.0,2.0,11.267888282720728,7.327224075401506,0.2107706627715266,0.00021432353040528026,999785676.4695947,17.087302883832308,17.087302883832308,19.431160541768985,11.331044181969368,1.912697116167692,0,0,0,0,-1,inf,0,-1,0,0,7600,182,0,3814,0,3604,1.993312493236331,4.662031427717469,False
occluding_cut_in,P0,9012,50,5.0,2.0,11.267888282720728,7.327224075401506,0.2107706627715266,0.00021432353040528026,999785676.4695947,17.087302883832308,17.087302883832308,19.431160541768985,11.331044181969368,1.912697116167692,0,0,0,0,-1,inf,0,-1,0,0,7600,182,0,3814,0,3604,2.039523884466683,4.783729763623461,False
occluding_cut_in,P1,9012,50,5.0,2.0,11.32641752979756,7.319765403233969,0.20844227475307264,0.00021422358668181642,999785776.4133182,17.12178035333541,17.115760141865753,19.431160541768985,11.331044181969368,1.8844060385324797,0,0,0,0,-1,inf,0,-1,0,0,7600,295,0,3725,0,3580,2.039523884466683,4.783729763623461,False
occluding_cut_in,P2,9012,50,5.0,2.0,11.247849540917121,7.340815012458834,0.21461636854754762,0.00021060421127506,999789395.788725,17.10926373406554,17.101305601602693,19.42902108482531,11.331044181969368,1.8996968893496033,0,0,0,0,-1,inf,0,-1,0,0,7600,326,0,3687,0,3587,2.039523884466683,4.783729763623461,False
occluding_cut_in,P3,9012,50,5.0,2.0,11.234115978422913,7.347532739074193,0.2132565692115898,0.00020827732696175155,999791722.6730384,17.09672071521911,17.09343247158598,19.431160541768985,11.331044181969368,1.9092338673411526,0,0,0,0,-1,inf,0,-1,0,0,7600,216,0,3784,0,3600,2.039523884466683,4.783729763623461,False
occluding_cut_in,P4,9012,50,5.0,2.0,11.267888282720728,7.327224075401506,0.2107706627715266,0.00021432353040528026,999785676.4695947,17.087302883832308,17.087302883832308,19.431160541768985,11.331044181969368,1.912697116167692,0,0,0,0,-1,inf,0,-1,0,0,7600,182,0,3814,0,3604,2.039523884466683,4.783729763623461,False
occluding_cut_in,P0,9013,50,5.0,2.0,11.267888282720728,7.327224075401506,0.2107706627715266,0.00021432353040528026,999785676.4695947,17.087302883832308,17.087302883832308,19.431160541768985,11.331044181969368,1.912697116167692,0,0,0,0,-1,inf,0,-1,0,0,7600,182,0,3814,0,3604,2.066445214034944,4.802323028794282,False
occluding_cut_in,P1,9013,50,5.0,2.0,11.27959823775745,7.3462779110606355,0.2100196495923135,0.00020811949895195854,999791880.501048,17.087302883832304,17.08643884012282,19.430094201262467,11.331044181969368,1.9136055059923018,0,0,0,0,-1,inf,0,-1,0,0,7600,216,0,3780,0,3604,2.066445214034944,4.802323028794282,False
occluding_cut_in,P2,9013,50,5.0,2.0,11.239816059035615,7.348858456009843,0.21357968894979265,0.0002080533438758597,999791946.6561241,17.096720715219128,17.09198709612105,19.429027819371885,11.331044181969368,1.910035992509385,0,0,0,0,-1,inf,0,-1,0,0,7600,270,0,3730,0,3600,2.066445214034944,4.802323028794282,False
occluding_cut_in,P3,9013,50,5.0,2.0,11.195220078189754,7.354345850186862,0.21412403749681036,0.00020556110229852885,999794438.8977014,17.151780353335408,17.145345201145346,19.431160541768985,11.331044181969368,1.8617540578986738,0,0,0,0,-1,inf,0,-1,0,0,7600,279,0,3746,0,3575,2.066445214034944,4.802323028794282,False
occluding_cut_in,P4,9013,50,5.0,2.0,11.267888282720728,7.327224075401506,0.2107706627715266,0.00021432353040528026,999785676.4695947,17.087302883832308,17.087302883832308,19.431160541768985,11.331044181969368,1.912697116167692,0,0,0,0,-1,inf,0,-1,0,0,7600,182,0,3814,0,3604,2.066445214034944,4.802323028794282,False
occluding_cut_in,P0,9014,50,5.0,2.0,11.267888282720728,7.327224075401506,0.2107706627715266,0.00021432353040528026,999785676.4695947,17.087302883832308,17.087302883832308,19.431160541768985,11.331044181969368,1.912697116167692,0,0,0,0,-1,inf,0,-1,0,0,7600,182,0,3814,0,3604,1.8754138311910105,4.451606663516725,False
occluding_cut_in,P1,9014,50,5.0,2.0,11.311378602159753,7.349014587157961,0.2079716628434389,0.00020637574603807674,999793624.2539618,17.121780353335414,17.117622715201758,19.431160541768985,11.331044181969368,1.8824849619202388,0,0,0,0,-1,inf,0,-1,0,0,7600,237,0,3784,0,3579,1.8754138311910105,4.451606663516725,False
occluding_cut_in,P2,9014,50,5.0,2.0,11.222601870957808,7.344685878004649,0.21524704515085424,0.00020936202785666778,999790637.9721433,17.139263734065544,17.130520724208843,19.430094201262467,11.331044181969368,1.870638421737648,0,0,0,0,-1,inf,0,-1,0,0,7600,296,0,3728,0,3576,1.8754138311910105,4.451606663516725,False
occluding_cut_in,P3,9014,50,5.0,2.0,11.195220078189754,7.354345850186862,0.21412403749681036,0.00020556110229852885,999794438.8977014,17.151780353335408,17.145345201145346,19.431160541768985,11.331044181969368,1.8617540578986738,0,0,0,0,-1,inf,0,-1,0,0,7600,279,0,3746,0,3575,1.8754138311910105,4.451606663516725,False
occluding_cut_in,P4,9014,50,5.0,2.0,11.267888282720728,7.327224075401506,0.2107706627715266,0.00021432353040528026,999785676.4695947,17.087302883832308,17.087302883832308,19.431160541768985,11.331044181969368,1.912697116167692,0,0,0,0,-1,inf,0,-1,0,0,7600,182,0,3814,0,3604,1.8754138311910105,4.451606663516725,False
occluding_cut_in,P0,9015,50,5.0,2.0,11.267888282720728,7.327224075401506,0.2107706627715266,0.00021432353040528026,999785676.4695947,17.087302883832308,17.087302883832308,19.431160541768985,11.331044181969368,1.912697116167692,0,0,0,0,-1,inf,0,-1,0,0,7600,182,0,3814,0,3604,2.055938133199836,4.7406857387731645,False
occluding_cut_in,P1,9015,50,5.0,2.0,11.295418314240075,7.339360492320376,0.20953016730312896,0.00021039180284611168,999789608.1971539,17.087302883832308,17.085812480747336,19.42902108482531,11.331044181969368,1.9142924455010761,0,0,0,0,-1,inf,0,-1,0,0,7600,263,0,3737,0,3600,2.055938133199836,4.7406857387731645,False
occluding_cut_in,P2,9015,50,5.0,2.0,11.243941675404542,7.347368074154136,0.2140636836089802,0.00020866313146191432,999791336.8685383,17.096720715219117,17.090576267391267,19.428020504095343,11.331044181969368,1.9108983617464803,0,0,0,0,-1,inf,0,-1,0,0,7600,314,0,3686,0,3600,2.055938133199836,4.7406857387731645,False
occluding_cut_in,P3,9015,50,5.0,2.0,11.196457491852643,7.356078480514971,0.21434967398794555,0.00020482149822213837,999795178.501778,17.15178035333541,17.14458172147624,19.430048105437574,11.331044181969368,1.8613389248502736,0,0,0,0,-1,inf,0,-1,0,0,7600,300,0,3725,0,3575,2.055938133199836,4.7406857387731645,False
occluding_cut_in,P4,9015,50,5.0,2.0,11.267888282720728,7.327224075401506,0.2107706627715266,0.00021432353040528026,999785676.4695947,17.087302883832308,17.087302883832308,19.431160541768985,11.331044181969368,1.912697116167692,0,0,0,0,-1,inf,0,-1,0,0,7600,182,0,3814,0,3604,2.055938133199836,4.7406857387731645,False
occluding_cut_in,P0,9016,50,5.0,2.0,11.267888282720728,7.327224075401506,0.2107706627715266,0.00021432353040528026,999785676.4695947,17.087302883832308,17.087302883832308,19.431160541768985,11.331044181969368,1.912697116167692,0,0,0,0,-1,inf,0,-1,0,0,7600,182,0,3814,0,3604,1.9453876142750834,4.462424339071997,False
occluding_cut_in,P1,9016,50,5.0,2.0,11.297869342228044,7.343466673689892,0.20923779931311032,0.00020898105217346914,999791018.9478265,17.087302883832308,17.08552342188271,19.430073758811165,11.331044181969368,1.9145226843294183,0,0,0,0,-1,inf,0,-1,0,0,7600,248,0,3748,0,3604,1.9453876142750834,4.462424339071997,False
occluding_cut_in,P2,9016,50,5.0,2.0,11.241042283227243,7.34834648612017,0.21388584832584492,0.00020830622371436619,999791693.7762855,17.096720715219117,17.09120928887516,19.429027819371885,11.331044181969368,1.9105636526441665,0,0,0,0,-1,inf,0,-1,0,0,7600,292,0,3708,0,3600,1.9453876142750834,4.462424339071997,False
occluding_cut_in,P3,9016,50,5.0,2.0,11.188730860473086,7.323169320534642,0.21491378570597813,0.0002136283809497396,999786371.6190503,17.15178035333541,17.145196624852222,19.431160541768985,11.331044181969368,1.862832600337549,0,0,0,0,-1,inf,0,-1,0,0,7600,282,0,3743,0,3575,1.9453876142750834,4.462424339071997,False
occluding_cut_in,P4,9016,50,5.0,2.0,11.267888282720728,7.327224075401506,0.2107706627715266,0.00021432353040528026,999785676.4695947,17.087302883832308,17.087302883832308,19.431160541768985,11.331044181969368,1.912697116167692,0,0,0,0,-1,inf,0,-1,0,0,7600,182,0,3814,0,3604,1.9453876142750834,4.462424339071997,False
occluding_cut_in,P0,9017,50,5.0,2.0,11.267888282720728,7.327224075401506,0.2107706627715266,0.00021432353040528026,999785676.4695947,17.087302883832308,17.087302883832308,19.431160541768985,11.331044181969368,1.912697116167692,0,0,0,0,-1,inf,0,-1,0,0,7600,182,0,3814,0,3604,2.004324368321974,4.612497842378737,False
occluding_cut_in,P1,9017,50,5.0,2.0,11.317783592570613,7.340924320324938,0.20800412073676305,0.00020844263878270098,999791557.3612175,17.121780353335406,17.116962367430588,19.431160541768985,11.331044181969368,1.88314773956537,0,0,0,0,-1,inf,0,-1,0,0,7600,257,0,3763,0,3580,2.004324368321974,4.612497842378737,False
occluding_cut_in,P2,9017,50,5.0,2.0,11.175127974755581,7.332945383751173,0.2159798629118412,0.00021217371145124502,999787826.2885487,17.151780353335404,17.143658201067584,19.431160541768985,11.331044181969368,1.8622859975209516,0,0,0,0,-1,inf,0,-1,0,0,7600,283,0,3742,0,3575,2.004324368321974,4.612497842378737,False
occluding_cut_in,P3,9017,50,5.0,2.0,11.17982647253661,7.309945239514288,0.21592928226700317,0.00021928228020077524,999780717.7197994,17.15178035333542,17.145397845880034,19.431160541768985,11.331044181969368,1.8602356327073468,0,0,0,0,-1,inf,0,-1,0,0,7600,271,0,3754,0,3575,2.004324368321974,4.612497842378737,False
occluding_cut_in,P4,9017,50,5.0,2.0,11.267888282720728,7.327224075401506,0.2107706627715266,0.00021432353040528026,999785676.4695947,17.087302883832308,17.087302883832308,19.431160541768985,11.331044181969368,1.912697116167692,0,0,0,0,-1,inf,0,-1,0,0,7600,182,0,3814,0,3604,2.004324368321974,4.612497842378737,False
occluding_cut_in,P0,9018,50,5.0,2.0,11.267888282720728,7.327224075401506,0.2107706627715266,0.00021432353040528026,999785676.4695947,17.087302883832308,17.087302883832308,19.431160541768985,11.331044181969368,1.912697116167692,0,0,0,0,-1,inf,0,-1,0,0,7600,182,0,3814,0,3604,1.976186555234266,4.603608206986899,False
occluding_cut_in,P1,9018,50,5.0,2.0,11.321771043070433,7.3391346447995085,0.20825445283837796,0.00021042990867270784,999789570.0913273,17.121780353335417,17.116548502169948,19.431160541768985,11.331044181969368,1.8837522492727996,0,0,0,0,-1,inf,0,-1,0,0,7600,272,0,3748,0,3580,1.976186555234266,4.603608206986899,False
occluding_cut_in,P2,9018,50,5.0,2.0,11.238473942199763,7.348331817929137,0.213296932476458,0.00020810353427264775,999791896.4657272,17.096720715219107,17.09280097618688,19.43013353196599,11.331044181969368,1.9094763375039747,0,0,0,0,-1,inf,0,-1,0,0,7600,245,0,3759,0,3596,1.976186555234266,4.603608206986899,False
occluding_cut_in,P3,9018,50,5.0,2.0,11.111649839346782,7.332463616707964,0.22175011372850684,0.00021383137110448101,999786168.6288955,17.15178035333541,17.14231219455394,19.431160541768985,11.331044181969368,1.8710232551863193,0,0,0,0,-1,inf,0,-1,0,0,7600,304,0,3721,0,3575,1.976186555234266,4.603608206986899,False
occluding_cut_in,P4,9018,50,5.0,2.0,11.267888282720728,7.327224075401506,0.2107706627715266,0.00021432353040528026,999785676.4695947,17.087302883832308,17.087302883832308,19.431160541768985,11.331044181969368,1.912697116167692,0,0,0,0,-1,inf,0,-1,0,0,7600,182,0,3814,0,3604,1.976186555234266,4.603608206986899,False
occluding_cut_in,P0,9019,50,5.0,2.0,11.267888282720728,7.327224075401506,0.2107706627715266,0.00021432353040528026,999785676.4695947,17.087302883832308,17.087302883832308,19.431160541768985,11.331044181969368,1.912697116167692,0,0,0,0,-1,inf,0,-1,0,0,7600,182,0,3814,0,3604,1.8593987034300925,4.278714910622801,False
occluding_cut_in,P1,9019,50,5.0,2.0,11.302438581173565,7.353591518223721,0.208176956459349,0.00020539113233300558,999794608.8676671,17.121780353335414,17.11831932101108,19.431160541768985,11.331044181969368,1.8818062231194883,0,0,0,0,-1,inf,0,-1,0,0,7600,232,0,3787,0,3581,1.8593987034300925,4.278714910622801,False
occluding_cut_in,P2,9019,50,5.0,2.0,11.238473942199763,7.348331817929137,0.213296932476458,0.00020810353427264775,999791896.4657272,17.096720715219107,17.09280097618688,19.43013353196599,11.331044181969368,1.9094763375039747,0,0,0,0,-1,inf,0,-1,0,0,7600,245,0,3759,0,3596,1.8593987034300925,4.278714910622801,False
occluding_cut_in,P3,9019,50,5.0,2.0,11.234115978422913,7.347532739074193,0.2132565692115898,0.00020827732696175155,999791722.6730384,17.09672071521911,17.09343247158598,19.431160541768985,11.331044181969368,1.9092338673411526,0,0,0,0,-1,inf,0,-1,0,0,7600,216,0,3784,0,3600,1.8593987034300925,4.278714910622801,False
occluding_cut_in,P4,9019,50,5.0,2.0,11.267888282720728,7.327224075401506,0.2107706627715266,0.00021432353040528026,999785676.4695947,17.087302883832308,17.087302883832308,19.431160541768985,11.331044181969368,1.912697116167692,0,0,0,0,-1,inf,0,-1,0,0,7600,182,0,3814,0,3604,1.8593987034300925,4.278714910622801,False
