scenario,planner,seed,steps,duration_s,planning_safety_margin_m,mean_snr_db,min_snr_db,mean_outage_probability,mean_ber_model,mean_goodput_bps_model,path_length_m,progress_m,min_target_distance_m,min_realized_ttc_s,min_static_obstacle_clearance_m,static_clearance_violation_steps,static_clearance_violation_indicator,collision_indicator,collision_steps,first_collision_step,first_collision_time_s,no_candidate_steps,first_no_candidate_step,zero_candidate_after_static_steps,zero_candidate_after_dynamic_steps,candidate_evaluations,candidate_road_rejections,candidate_speed_rejections,candidate_static_rejections,candidate_dynamic_rejections,candidate_feasible,prediction_ade_m,prediction_fde_m,measured_optical_link
following_lateral_offset,P0,12000,40,4.0,1.0,20.83375652426418,16.001791007316,0.004149036220988994,7.636400952429462e-20,1000000000.0,35.530000000000015,35.51506804270613,4.504638975335733,1.6608472073737108,inf,0,0,0,0,-1,inf,0,-1,0,0,6080,1692,0,0,1575,2813,1.6338930626009247,3.8139706020221453,False
following_lateral_offset,P1,12000,40,4.0,1.0,20.77170426545002,16.001791007316,0.0041751839679642815,7.636400952429468e-20,1000000000.0,35.23,35.21459765522785,4.799936892378922,1.9898940288616405,inf,0,0,0,0,-1,inf,0,-1,0,0,6080,1737,0,0,1492,2851,1.6338930626009247,3.8139706020221453,False
following_lateral_offset,P2,12000,40,4.0,1.0,20.829701095405255,16.001791007316,0.004149433399499229,7.636400952429462e-20,1000000000.0,35.50833333333335,35.49340732234025,4.526253184928109,1.6842687644048757,inf,0,0,0,0,-1,inf,0,-1,0,0,6080,1692,0,0,1572,2816,1.6338930626009247,3.8139706020221453,False
following_lateral_offset,P3,12000,40,4.0,1.0,20.83375652426418,16.001791007316,0.004149036220988994,7.636400952429462e-20,1000000000.0,35.530000000000015,35.51506804270613,4.504638975335733,1.6608472073737108,inf,0,0,0,0,-1,inf,0,-1,0,0,6080,1692,0,0,1575,2813,1.6338930626009247,3.8139706020221453,False
following_lateral_offset,P4,12000,40,4.0,1.0,20.821111324787708,16.001791007316,0.004150557004259483,7.636400952429462e-20,1000000000.0,35.48333333333334,35.46841750557326,4.551215846006599,1.7139132709700404,inf,0,0,0,0,-1,inf,0,-1,0,0,6080,1691,0,0,1569,2820,1.6338930626009247,3.8139706020221453,False
following_lateral_offset,P0,12001,40,4.0,1.0,16.487041473920925,8.009813989935324,0.047690307119655384,2.763126798819562e-05,999972368.7320118,36.34,36.34,3.9186222068477043,1.3189610519506483,inf,0,0,0,0,-1,inf,0,-1,0,0,6080,0,0,0,2792,3288,1.621066885958315,3.849767745652079,False
following_lateral_offset,P1,12001,40,4.0,1.0,16.487041473920925,8.009813989935324,0.047690307119655384,2.763126798819562e-05,999972368.7320118,36.34,36.34,3.9186222068477043,1.3189610519506483,inf,0,0,0,0,-1,inf,0,-1,0,0,6080,0,0,0,2792,3288,1.621066885958315,3.849767745652079,False
following_lateral_offset,P2,12001,40,4.0,1.0,16.499257607672167,8.089226080443488,0.04683768306693621,2.4514150494237484e-05,999975485.8495058,36.330000000000005,36.330000000000005,3.927963849120809,1.3235065064961022,inf,0,0,0,0,-1,inf,0,-1,0,0,6080,0,0,0,2791,3289,1.621066885958315,3.849767745652079,False
following_lateral_offset,P3,12001,40,4.0,1.0,16.603904282060462,8.990903912733355,0.03856253076093399,5.393997086141083e-06,999994606.0029138,36.21000000000001,36.21000000000001,4.04030939409347,1.4293877687102012,inf,0,0,0,0,-1,inf,0,-1,0,0,6080,0,0,0,2775,3305,1.621066885958315,3.849767745652079,False
following_lateral_offset,P4,12001,40,4.0,1.0,20.47518867486354,16.001791007316,0.004189416455613652,7.636400952429453e-20,1000000000.0,35.53833333333333,35.52614537425285,4.519192740528145,1.828044108597621,inf,0,0,0,0,-1,inf,0,-1,0,0,6080,1410,0,0,1818,2852,1.621066885958315,3.849767745652079,False
following_lateral_offset,P0,12002,40,4.0,1.0,16.31833959855105,6.455985544405504,0.05932528256277603,0.0001747146602442595,999825285.3397557,36.52,36.52,3.751053185440054,1.2068907731126033,inf,0,0,0,0,-1,inf,0,-1,0,0,6080,0,0,0,2729,3351,1.6801316419628685,3.825166806031196,False
following_lateral_offset,P1,12002,40,4.0,1.0,16.31833959855105,6.455985544405504,0.05932528256277603,0.0001747146602442595,999825285.3397557,36.52,36.52,3.751053185440054,1.2068907731126033,inf,0,0,0,0,-1,inf,0,-1,0,0,6080,0,0,0,2729,3351,1.6801316419628685,3.825166806031196,False
following_lateral_offset,P2,12002,40,4.0,1.0,16.594993068639376,7.193142182195139,0.048521735209918856,7.37627762857151e-05,999926237.2237145,36.519999999999996,36.51906541343654,3.7383519450811153,1.2024978364558705,inf,0,0,0,0,-1,inf,0,-1,0,0,6080,57,0,0,2672,3351,1.6801316419628685,3.825166806031196,False
following_lateral_offset,P3,12002,40,4.0,1.0,16.594993068639376,7.193142182195139,0.048521735209918856,7.37627762857151e-05,999926237.2237145,36.519999999999996,36.51906541343654,3.7383519450811153,1.2024978364558705,inf,0,0,0,0,-1,inf,0,-1,0,0,6080,57,0,0,2672,3351,1.6801316419628685,3.825166806031196,False
following_lateral_offset,P4,12002,40,4.0,1.0,18.90763880759634,16.137508032910766,0.006197573608942147,3.2305545485210387e-20,1000000000.0,36.23333333333336,36.21779057021228,3.8911418998361467,1.3357943946575404,inf,0,0,0,0,-1,inf,0,-1,0,0,6080,515,0,0,2285,3280,1.6801316419628685,3.825166806031196,False
following_lateral_offset,P0,12003,40,4.0,1.0,16.791669187760903,10.304085838509423,0.0252301702573177,2.953611560334432e-07,999999704.6388439,36.01000000000001,36.01000000000001,4.228486726950896,1.3399134285731615,inf,0,0,0,0,-1,inf,0,-1,0,0,6080,0,0,0,2720,3360,1.6350504489062607,3.9169352334224983,False
following_lateral_offset,P1,12003,40,4.0,1.0,16.791669187760903,10.304085838509423,0.0252301702573177,2.953611560334432e-07,999999704.6388439,36.01000000000001,36.01000000000001,4.228486726950896,1.3399134285731615,inf,0,0,0,0,-1,inf,0,-1,0,0,6080,0,0,0,2720,3360,1.6350504489062607,3.9169352334224983,False
following_lateral_offset,P2,12003,40,4.0,1.0,17.395622164193977,13.076365486664528,0.012020369214015428,1.958730178485254e-11,999999999.9804127,35.91000000000001,35.907821834200305,4.286202046998202,1.3129598106552198,inf,0,0,0,0,-1,inf,0,-1,0,0,6080,122,0,0,2602,3356,1.6350504489062607,3.9169352334224983,False
following_lateral_offset,P3,12003,40,4.0,1.0,17.395622164193977,13.076365486664528,0.012020369214015428,1.958730178485254e-11,999999999.9804127,35.91000000000001,35.907821834200305,4.286202046998202,1.3129598106552198,inf,0,0,0,0,-1,inf,0,-1,0,0,6080,122,0,0,2602,3356,1.6350504489062607,3.9169352334224983,False
following_lateral_offset,P4,12003,40,4.0,1.0,16.791669187760903,10.304085838509423,0.0252301702573177,2.953611560334432e-07,999999704.6388439,36.01000000000001,36.01000000000001,4.228486726950896,1.3399134285731615,inf,0,0,0,0,-1,inf,0,-1,0,0,6080,0,0,0,2720,3360,1.6350504489062607,3.9169352334224983,False
following_lateral_offset,P0,12004,40,4.0,1.0,15.999848463331237,4.188889289848504,0.08567038564074643,0.0011890909255229884,998810909.074477,36.74000000000001,36.74000000000001,3.5479007877898643,1.1774790084067224,inf,0,0,0,0,-1,inf,0,-1,0,0,6080,0,0,0,2924,3156,1.6009649607209568,3.72758110976154,False
following_lateral_offset,P1,12004,40,4.0,1.0,15.999848463331237,4.188889289848504,0.08567038564074643,0.0011890909255229884,998810909.074477,36.74000000000001,36.74000000000001,3.5479007877898643,1.1774790084067224,inf,0,0,0,0,-1,inf,0,-1,0,0,6080,0,0,0,2924,3156,1.6009649607209568,3.72758110976154,False
following_lateral_offset,P2,12004,40,4.0,1.0,17.6393061812009,15.639024137098517,0.00918021006707711,1.5757252077763801e-18,1000000000.0,36.359999999999985,36.35628400131701,3.8275968753666882,1.25954509127298,inf,0,0,0,0,-1,inf,0,-1,0,0,6080,213,0,0,2683,3184,1.6009649607209568,3.72758110976154,False
following_lateral_offset,P3,12004,40,4.0,1.0,17.63649255805796,15.639024137098517,0.009198696577971904,1.5759162314815786e-18,1000000000.0,36.37666666666665,36.37294180771023,3.8115756826690927,1.25954509127298,inf,0,0,0,0,-1,inf,0,-1,0,0,6080,213,0,0,2687,3180,1.6009649607209568,3.72758110976154,False
following_lateral_offset,P4,12004,40,4.0,1.0,17.146977942574377,10.072128598638152,0.023786735292081806,5.027486502403285e-07,999999497.2513497,36.449999999999996,36.44644318198079,3.7717506610168545,1.25954509127298,inf,0,0,0,0,-1,inf,0,-1,0,0,6080,154,0,0,2746,3180,1.6009649607209568,3.72758110976154,False
following_lateral_offset,P0,12005,40,4.0,1.0,3.536985587203516,-53.76194038393539,0.3887687101934016,0.13151444867568346,868485551.3243166,37.42000000000002,37.4050976529952,3.5246891031647976,2.5972737460117896,inf,0,0,0,0,-1,inf,0,-1,0,0,6080,1779,0,0,1668,2633,1.640801068456814,3.7153364667535684,False
following_lateral_offset,P1,12005,40,4.0,1.0,20.118656422901875,16.001791007316,0.004310159080808345,7.636400952429453e-20,1000000000.0,35.73333333333335,35.72303194988648,4.344560885374428,1.7493113829483962,inf,0,0,0,0,-1,inf,0,-1,0,0,6080,1213,0,0,1973,2894,1.640801068456814,3.7153364667535684,False
following_lateral_offset,P2,12005,40,4.0,1.0,20.118786983648207,16.001791007316,0.004310108826430713,7.636400952429453e-20,1000000000.0,35.74833333333335,35.73803184677461,4.329804965893438,1.7401937712442264,inf,0,0,0,0,-1,inf,0,-1,0,0,6080,1213,0,0,1977,2890,1.640801068456814,3.7153364667535684,False
following_lateral_offset,P3,12005,40,4.0,1.0,20.118786983648207,16.001791007316,0.004310108826430713,7.636400952429453e-20,1000000000.0,35.74833333333335,35.73803184677461,4.329804965893438,1.7179230641666476,inf,0,0,0,0,-1,inf,0,-1,0,0,6080,1213,0,0,1977,2890,1.640801068456814,3.7153364667535684,False
following_lateral_offset,P4,12005,40,4.0,1.0,20.118786983648207,16.001791007316,0.004310108826430713,7.636400952429453e-20,1000000000.0,35.74833333333335,35.73803184677461,4.329804965893438,1.7179230641666476,inf,0,0,0,0,-1,inf,0,-1,0,0,6080,1213,0,0,1977,2890,1.640801068456814,3.7153364667535684,False
following_lateral_offset,P0,12006,40,4.0,1.0,15.72365472861759,2.6213298637342355,0.10671388844227167,0.0030882670145959763,996911732.9854038,36.87000000000002,36.87000000000002,3.4288336209270756,1.0635714464321318,inf,0,0,0,0,-1,inf,0,-1,0,0,6080,0,0,0,2838,3242,1.6414959151305513,3.7808952782077427,False
following_lateral_offset,P1,12006,40,4.0,1.0,7.469398562742501,-14.468883340862504,0.3931515982478295,0.12869533832918184,871304661.6708181,37.091999999999985,37.070314725173425,3.5755453046795505,1.0732531071086224,inf,0,0,0,0,-1,inf,0,-1,0,0,6080,1605,0,0,1708,2767,1.6414959151305513,3.7808952782077427,False
following_lateral_offset,P2,12006,40,4.0,1.0,7.469398562742501,-14.468883340862504,0.3931515982478295,0.12869533832918184,871304661.6708181,37.091999999999985,37.070314725173425,3.5755453046795505,1.0924797706847371,inf,0,0,0,0,-1,inf,0,-1,0,0,6080,1605,0,0,1708,2767,1.6414959151305513,3.7808952782077427,False
following_lateral_offset,P3,12006,40,4.0,1.0,7.469398562742501,-14.468883340862504,0.3931515982478295,0.12869533832918184,871304661.6708181,37.091999999999985,37.070314725173425,3.5755453046795505,1.0924797706847371,inf,0,0,0,0,-1,inf,0,-1,0,0,6080,1605,0,0,1708,2767,1.6414959151305513,3.7808952782077427,False
following_lateral_offset,P4,12006,40,4.0,1.0,20.34664808989405,16.001791007316,0.0042205047143785215,7.636400952429453e-20,1000000000.0,35.581666666666685,35.57018296569156,4.483652851857163,1.6643294152142156,inf,0,0,0,0,-1,inf,0,-1,0,0,6080,1322,0,0,1843,2915,1.6414959151305513,3.7808952782077427,False
following_lateral_offset,P0,12007,40,4.0,1.0,16.329707715067084,7.320658641041728,0.05982848777738433,7.95325674523091e-05,999920467.4325476,36.423333333333325,36.423333333333325,3.840904118100907,1.1328110691262696,inf,0,0,0,0,-1,inf,0,-1,0,0,6080,0,0,0,2852,3228,1.6247781342598777,3.7146295702408865,False
following_lateral_offset,P1,12007,40,4.0,1.0,16.329707715067084,7.320658641041728,0.05982848777738433,7.95325674523091e-05,999920467.4325476,36.423333333333325,36.423333333333325,3.840904118100907,1.1328110691262696,inf,0,0,0,0,-1,inf,0,-1,0,0,6080,0,0,0,2852,3228,1.6247781342598777,3.7146295702408865,False
following_lateral_offset,P2,12007,40,4.0,1.0,16.844660864941773,9.21196535024691,0.031365711627175705,3.440672010950284e-06,999996559.3279892,36.43,36.42709894444388,3.8025967757857106,1.1328110691262696,inf,0,0,0,0,-1,inf,0,-1,0,0,6080,104,0,0,2752,3224,1.6247781342598777,3.7146295702408865,False
following_lateral_offset,P3,12007,40,4.0,1.0,16.733809424059437,8.758917212282118,0.03728199244157539,8.329245580677307e-06,999991670.7544193,36.42333333333333,36.42195323399823,3.816807846701606,1.094725297684356,inf,0,0,0,0,-1,inf,0,-1,0,0,6080,75,0,0,2782,3223,1.6247781342598777,3.7146295702408865,False
following_lateral_offset,P4,12007,40,4.0,1.0,17.074715902366247,13.306496785936767,0.015395199025160056,6.394141154561723e-12,999999999.9936059,36.42333333333333,36.42108424982334,3.7974249149332278,1.1328110691262696,inf,0,0,0,0,-1,inf,0,-1,0,0,6080,116,0,0,2748,3216,1.6247781342598777,3.7146295702408865,False
following_lateral_offset,P0,12008,40,4.0,1.0,15.994464436437863,4.744069661749474,0.08786150057154463,0.0009497655130614299,999050234.4869385,36.69000000000002,36.69000000000002,3.5938976056643397,1.1424884884811013,inf,0,0,0,0,-1,inf,0,-1,0,0,6080,0,0,0,2786,3294,1.792100510006086,4.024436658689342,False
following_lateral_offset,P1,12008,40,4.0,1.0,15.994464436437863,4.744069661749474,0.08786150057154463,0.0009497655130614299,999050234.4869385,36.69000000000002,36.69000000000002,3.5938976056643397,1.1424884884811013,inf,0,0,0,0,-1,inf,0,-1,0,0,6080,0,0,0,2786,3294,1.792100510006086,4.024436658689342,False
following_lateral_offset,P2,12008,40,4.0,1.0,16.923138178891115,9.120078566457,0.031018463580578175,3.939785089530752e-06,999996060.2149105,36.54333333333336,36.54113604536061,3.68785354243375,1.1529373946348853,inf,0,0,0,0,-1,inf,0,-1,0,0,6080,124,0,0,2654,3302,1.792100510006086,4.024436658689342,False
following_lateral_offset,P3,12008,40,4.0,1.0,16.430942233055713,6.669024589839196,0.059304031762466125,0.00014843222009110755,999851567.7799089,36.59333333333335,36.592403318885545,3.6682696248924533,1.1529373946348853,inf,0,0,0,0,-1,inf,0,-1,0,0,6080,55,0,0,2723,3302,1.792100510006086,4.024436658689342,False
following_lateral_offset,P4,12008,40,4.0,1.0,9.493370294035726,-8.930488637100225,0.374839082435065,0.08484999468686721,915150005.3131329,36.82800000000001,36.798343100220535,3.7573670264277044,1.2187460854830452,inf,0,0,0,0,-1,inf,0,-1,0,0,6080,1635,0,0,1592,2853,1.792100510006086,4.024436658689342,False
following_lateral_offset,P0,12009,40,4.0,1.0,15.695323735673378,0.9972739230046237,0.10936873272131171,0.005974667216643349,994025332.7833567,36.99,36.99,3.3196535963862233,0.9160439670351659,inf,0,0,0,0,-1,inf,3,38,0,3,6080,0,0,0,3101,2979,1.7907267711250303,3.9115288227302996,False
following_lateral_offset,P1,12009,40,4.0,1.0,15.695323735673378,0.9972739230046237,0.10936873272131171,0.005974667216643349,994025332.7833567,36.99,36.99,3.3196535963862233,0.9160439670351659,inf,0,0,0,0,-1,inf,3,38,0,3,6080,0,0,0,3101,2979,1.7907267711250303,3.9115288227302996,False
following_lateral_offset,P2,12009,40,4.0,1.0,16.518354678923163,6.27850298158322,0.05777853307173804,0.00023229921429555105,999767700.7857044,36.81000000000001,36.80820896720408,3.445913111564608,0.9483764732014311,inf,0,0,0,0,-1,inf,0,-1,0,0,6080,97,0,0,2840,3143,1.7907267711250303,3.9115288227302996,False
following_lateral_offset,P3,12009,40,4.0,1.0,15.23485153308755,-10.993623594119189,0.10601511276724,0.02413758261346202,975862417.3865379,36.900000000000006,36.89680524547349,3.4304935543321515,0.9997278120679469,inf,0,0,0,0,-1,inf,0,-1,0,0,6080,97,0,0,2926,3057,1.7907267711250303,3.9115288227302996,False
following_lateral_offset,P4,12009,40,4.0,1.0,20.800462471998838,16.001791007316,0.004150327665713026,7.636400952429453e-20,1000000000.0,35.49333333333336,35.478430858316045,4.541211378516981,1.6058537306900282,inf,0,0,0,0,-1,inf,0,-1,0,0,6080,1690,0,0,1614,2776,1.7907267711250303,3.9115288227302996,False
following_lateral_offset,P0,12010,40,4.0,1.0,16.331978790573707,6.548871655608028,0.059575811649376066,0.0001674919728329804,999832508.027167,36.51,36.51,3.760332432112886,1.2640601654165402,inf,0,0,0,0,-1,inf,0,-1,0,0,6080,0,0,0,2867,3213,1.5257504913454665,3.6754186826648096,False
following_lateral_offset,P1,12010,40,4.0,1.0,16.331978790573707,6.548871655608028,0.059575811649376066,0.0001674919728329804,999832508.027167,36.51,36.51,3.760332432112886,1.2640601654165402,inf,0,0,0,0,-1,inf,0,-1,0,0,6080,0,0,0,2867,3213,1.5257504913454665,3.6754186826648096,False
following_lateral_offset,P2,12010,40,4.0,1.0,17.784342683071944,16.094468967895292,0.008275849672286228,4.8083983948747855e-20,1000000000.0,36.25,36.24626983440511,3.9314712542918535,1.3129598106552185,inf,0,0,0,0,-1,inf,0,-1,0,0,6080,216,0,0,2615,3249,1.5257504913454665,3.6754186826648096,False
following_lateral_offset,P3,12010,40,4.0,1.0,17.693104902648578,13.500069935835649,0.009522884612761231,2.3665249292339865e-12,999999999.9976333,36.25,36.24626983440511,3.9314712542918535,1.3129598106552185,inf,0,0,0,0,-1,inf,0,-1,0,0,6080,216,0,0,2615,3249,1.5257504913454665,3.6754186826648096,False
following_lateral_offset,P4,12010,40,4.0,1.0,18.655041886431807,16.094468967895292,0.006689900282529901,4.808312458197382e-20,1000000000.0,36.13000000000002,36.11315652467331,4.000098597480603,1.3129598106552185,inf,0,0,0,0,-1,inf,0,-1,0,0,6080,478,0,0,2412,3190,1.5257504913454665,3.6754186826648096,False
following_lateral_offset,P0,12011,40,4.0,1.0,7.210291536767135,-29.007273415519442,0.37958751676759095,0.11453362853312218,885466371.4668777,36.81000000000003,36.79648145186404,3.932293160420547,2.9017622731011325,inf,0,0,0,0,-1,inf,0,-1,0,0,6080,1605,0,0,1725,2750,1.6502077549209606,3.856843513837288,False
following_lateral_offset,P1,12011,40,4.0,1.0,7.210291536767135,-29.007273415519442,0.37958751676759095,0.11453362853312218,885466371.4668777,36.81000000000003,36.79648145186404,3.932293160420547,2.9017622731011325,inf,0,0,0,0,-1,inf,0,-1,0,0,6080,1605,0,0,1725,2750,1.6502077549209606,3.856843513837288,False
following_lateral_offset,P2,12011,40,4.0,1.0,7.210291536767135,-29.007273415519442,0.37958751676759095,0.11453362853312218,885466371.4668777,36.81000000000003,36.79648145186404,3.932293160420547,2.9017622731011325,inf,0,0,0,0,-1,inf,0,-1,0,0,6080,1605,0,0,1725,2750,1.6502077549209606,3.856843513837288,False
following_lateral_offset,P3,12011,40,4.0,1.0,7.210291536767135,-29.007273415519442,0.37958751676759095,0.11453362853312218,885466371.4668777,36.81000000000003,36.79648145186404,3.932293160420547,2.9017622731011325,inf,0,0,0,0,-1,inf,0,-1,0,0,6080,1605,0,0,1725,2750,1.6502077549209606,3.856843513837288,False
following_lateral_offset,P4,12011,40,4.0,1.0,20.833133495265873,16.001791007316,0.004155847461640374,7.636400952429453e-20,1000000000.0,35.333333333333336,35.317884492048584,4.6967243881797565,1.9680634146480487,inf,0,0,0,0,-1,inf,0,-1,0,0,6080,1741,0,0,1545,2794,1.6502077549209606,3.856843513837288,False
following_lateral_offset,P0,12012,40,4.0,1.0,16.25145620037887,6.455985544405571,0.06372156961225664,0.00018339814692151812,999816601.8530785,36.519999999999996,36.519999999999996,3.751053185440061,1.277972359448849,inf,0,0,0,0,-1,inf,0,-1,0,0,6080,0,0,0,2904,3176,1.686891836837558,3.8131984290296415,False
following_lateral_offset,P1,12012,40,4.0,1.0,16.25145620037887,6.455985544405571,0.06372156961225664,0.00018339814692151812,999816601.8530785,36.519999999999996,36.519999999999996,3.751053185440061,1.277972359448849,inf,0,0,0,0,-1,inf,0,-1,0,0,6080,0,0,0,2904,3176,1.686891836837558,3.8131984290296415,False
following_lateral_offset,P2,12012,40,4.0,1.0,16.88489993493443,11.605353338559109,0.021039692398851152,6.643736175410733e-09,999999993.3562638,36.49999999999999,36.498066959708474,3.7338162416093787,1.2512264765058714,inf,0,0,0,0,-1,inf,0,-1,0,0,6080,94,0,0,2819,3167,1.686891836837558,3.8131984290296415,False
following_lateral_offset,P3,12012,40,4.0,1.0,16.74788616916582,11.207677551375674,0.02425249410749711,2.376766549779274e-08,999999976.2323345,36.49999999999999,36.49841815413559,3.7405877338516293,1.277972359448849,inf,0,0,0,0,-1,inf,0,-1,0,0,6080,71,0,0,2842,3167,1.686891836837558,3.8131984290296415,False
following_lateral_offset,P4,12012,40,4.0,1.0,17.501695834746585,15.346329909871494,0.010052611842212383,1.7022188839349703e-17,1000000000.0,36.39,36.38659311137608,3.805358816140664,1.250103606949327,inf,0,0,0,0,-1,inf,0,-1,0,0,6080,190,0,0,2707,3183,1.686891836837558,3.8131984290296415,False
following_lateral_offset,P0,12013,40,4.0,1.0,16.171641669955164,6.762456030647925,0.06664915981736279,0.0001415653196741984,999858434.6803259,36.48666666666667,36.48666666666667,3.7819982960217042,1.228802317462048,inf,0,0,0,0,-1,inf,0,-1,0,0,6080,0,0,0,2733,3347,1.8151463058859292,4.071078574595581,False
following_lateral_offset,P1,12013,40,4.0,1.0,16.17919339196464,6.822680940376845,0.06586818800050993,0.00013211714493827355,999867882.8550618,36.480000000000004,36.480000000000004,3.7881921809749795,1.2308225194822493,inf,0,0,0,0,-1,inf,0,-1,0,0,6080,0,0,0,2728,3352,1.8151463058859292,4.071078574595581,False
following_lateral_offset,P2,12013,40,4.0,1.0,16.282771326540825,7.875929497064732,0.05458688556851449,3.29111894837009e-05,999967088.8105164,36.48666666666667,36.48666666666667,3.7819982960217042,1.228802317462048,inf,0,0,0,0,-1,inf,0,-1,0,0,6080,0,0,0,2733,3347,1.8151463058859292,4.071078574595581,False
following_lateral_offset,P3,12013,40,4.0,1.0,16.171641669955164,6.762456030647925,0.06664915981736279,0.0001415653196741984,999858434.6803259,36.48666666666667,36.48666666666667,3.7819982960217042,1.228802317462048,inf,0,0,0,0,-1,inf,0,-1,0,0,6080,0,0,0,2733,3347,1.8151463058859292,4.071078574595581,False
following_lateral_offset,P4,12013,40,4.0,1.0,17.537475989323646,14.837968467048372,0.010210090588981164,7.391789243145819e-16,999999999.9999993,36.473333333333336,36.46863609491761,3.720904935131977,1.228802317462048,inf,0,0,0,0,-1,inf,0,-1,0,0,6080,218,0,0,2531,3331,1.8151463058859292,4.071078574595581,False
following_lateral_offset,P0,12014,40,4.0,1.0,16.808117043250434,9.996175333401101,0.024405052019557553,5.869330011001448e-07,999999413.0669991,36.05999999999998,36.05999999999998,4.1813394982947925,1.0920497018658486,inf,0,0,0,0,-1,inf,0,-1,0,0,6080,0,0,0,2674,3406,1.9004120167716718,4.256666215673693,False
following_lateral_offset,P1,12014,40,4.0,1.0,16.808117043250434,9.996175333401101,0.024405052019557553,5.869330011001448e-07,999999413.0669991,36.05999999999998,36.05999999999998,4.1813394982947925,1.0920497018658486,inf,0,0,0,0,-1,inf,0,-1,0,0,6080,0,0,0,2674,3406,1.9004120167716718,4.256666215673693,False
following_lateral_offset,P2,12014,40,4.0,1.0,17.62245455247862,16.137508032910766,0.00864501031039024,3.5507263433173185e-20,1000000000.0,35.75666666666665,35.75408336919463,4.423398992659888,1.3450048027358177,inf,0,0,0,0,-1,inf,0,-1,0,0,6080,145,0,0,2488,3447,1.9004120167716718,4.256666215673693,False
following_lateral_offset,P3,12014,40,4.0,1.0,17.62245455247862,16.137508032910766,0.00864501031039024,3.5507263433173185e-20,1000000000.0,35.75666666666665,35.75408336919463,4.423398992659888,1.3450048027358177,inf,0,0,0,0,-1,inf,0,-1,0,0,6080,145,0,0,2488,3447,1.9004120167716718,4.256666215673693,False
following_lateral_offset,P4,12014,40,4.0,1.0,16.861438680218974,10.263769952262876,0.022555891820840723,3.0972351047266077e-07,999999690.2764896,36.01666666666666,36.01666666666666,4.222196637349391,1.079597597587932,inf,0,0,0,0,-1,inf,0,-1,0,0,6080,0,0,0,2654,3426,1.9004120167716718,4.256666215673693,False
following_lateral_offset,P0,12015,40,4.0,1.0,16.41856993295604,7.320658641041611,0.051531102296186904,6.461379753691711e-05,999935386.2024632,36.42333333333334,36.42333333333334,3.8409041181008936,1.316064706202694,inf,0,0,0,0,-1,inf,0,-1,0,0,6080,0,0,0,2849,3231,1.6726833477217156,3.8672201874582606,False
following_lateral_offset,P1,12015,40,4.0,1.0,16.481288954121617,7.848920693092737,0.04679185523911521,3.201833311015392e-05,999967981.6668898,36.360000000000014,36.360000000000014,3.8999487176115406,1.4010084201714261,inf,0,0,0,0,-1,inf,0,-1,0,0,6080,0,0,0,2837,3243,1.6726833477217156,3.8672201874582606,False
following_lateral_offset,P2,12015,40,4.0,1.0,17.92838978854856,16.137508032910766,0.007723759145802767,2.7121163312096725e-20,1000000000.0,36.283333333333346,36.279179796221456,3.8925475306240562,1.3681064244758048,inf,0,0,0,0,-1,inf,0,-1,0,0,6080,240,0,0,2606,3234,1.6726833477217156,3.8672201874582606,False
following_lateral_offset,P3,12015,40,4.0,1.0,17.839631341759134,14.022393053410838,0.008689918506276286,1.353729412408105e-13,999999999.9998646,36.293333333333344,36.28917455626715,3.882899515750865,1.3681064244758048,inf,0,0,0,0,-1,inf,0,-1,0,0,6080,240,0,0,2607,3233,1.6726833477217156,3.8672201874582606,False
following_lateral_offset,P4,12015,40,4.0,1.0,18.876897088333482,16.137508032910766,0.006167105268679646,2.7121158016038725e-20,1000000000.0,36.28333333333334,36.267444122170325,3.84082807317561,1.3668219470341916,inf,0,0,0,0,-1,inf,0,-1,0,0,6080,530,0,0,2393,3157,1.6726833477217156,3.8672201874582606,False
following_lateral_offset,P0,12016,40,4.0,1.0,15.527404215737699,-4.23772888918635,0.10484711902703543,0.01456949495900176,985430505.0409981,36.92000000000001,36.91945928626255,3.3956250583969223,0.9659627453440958,inf,0,0,0,0,-1,inf,1,40,0,1,6080,23,0,0,2946,3111,1.5951514309383688,3.7124590182708994,False
following_lateral_offset,P1,12016,40,4.0,1.0,15.527404215737699,-4.23772888918635,0.10484711902703543,0.01456949495900176,985430505.0409981,36.92000000000001,36.91945928626255,3.3956250583969223,0.9659627453440958,inf,0,0,0,0,-1,inf,1,40,0,1,6080,23,0,0,2946,3111,1.5951514309383688,3.7124590182708994,False
following_lateral_offset,P2,12016,40,4.0,1.0,18.386598629758076,16.137508032910766,0.006364370578050195,2.9677072193321426e-20,1000000000.0,36.12666666666667,36.1213621146767,4.022887291044974,1.47227836920617,inf,0,0,0,0,-1,inf,0,-1,0,0,6080,325,0,0,2464,3291,1.5951514309383688,3.7124590182708994,False
following_lateral_offset,P3,12016,40,4.0,1.0,18.294030628287395,15.717823907158321,0.006790323709767211,8.112798009616329e-19,1000000000.0,36.161666666666676,36.15669164299232,3.9962300173008094,1.413991585976604,inf,0,0,0,0,-1,inf,0,-1,0,0,6080,305,0,0,2489,3286,1.5951514309383688,3.7124590182708994,False
following_lateral_offset,P4,12016,40,4.0,1.0,20.16689200696534,16.001791007316,0.00430536584054793,7.636400952429453e-20,1000000000.0,35.578333333333326,35.567272200391024,4.4909747880429665,1.7330396901778946,inf,0,0,0,0,-1,inf,0,-1,0,0,6080,1276,0,0,1867,2937,1.5951514309383688,3.7124590182708994,False
following_lateral_offset,P0,12017,40,4.0,1.0,15.91413282277657,3.3680425214763225,0.09305046935505028,0.002031371638893154,997968628.3611069,36.81000000000002,36.81000000000002,3.483690571793065,1.106165428574426,inf,0,0,0,0,-1,inf,0,-1,0,0,6080,0,0,0,2829,3251,1.8012053692908565,4.117179011834024,False
following_lateral_offset,P1,12017,40,4.0,1.0,15.91413282277657,3.3680425214763225,0.09305046935505028,0.002031371638893154,997968628.3611069,36.81000000000002,36.81000000000002,3.483690571793065,1.106165428574426,inf,0,0,0,0,-1,inf,0,-1,0,0,6080,0,0,0,2829,3251,1.8012053692908565,4.117179011834024,False
following_lateral_offset,P2,12017,40,4.0,1.0,17.36114650184964,10.870556365222765,0.014968360131883648,6.166258113442737e-08,999999938.3374188,36.67666666666668,36.672126150677045,3.527876647824682,1.0990910580088216,inf,0,0,0,0,-1,inf,0,-1,0,0,6080,224,0,0,2606,3250,1.8012053692908565,4.117179011834024,False
following_lateral_offset,P3,12017,40,4.0,1.0,17.23201736432086,10.418849340597117,0.016738938870267145,2.061830252335635e-07,999999793.8169749,36.67666666666668,36.67330086935188,3.533836125874006,1.1014746975667122,inf,0,0,0,0,-1,inf,0,-1,0,0,6080,192,0,0,2631,3257,1.8012053692908565,4.117179011834024,False
following_lateral_offset,P4,12017,40,4.0,1.0,20.445987278966875,16.001791007316,0.004348393415527246,7.623168728440548e-20,1000000000.0,35.97333333333332,35.95425146561395,4.0854597652935745,1.2946808181406242,inf,0,0,0,0,-1,inf,0,-1,0,0,6080,1374,0,0,1821,2885,1.8012053692908565,4.117179011834024,False
following_lateral_offset,P0,12018,40,4.0,1.0,16.374595977651005,7.234560228182236,0.05687548231669377,7.868835534405408e-05,999921311.644656,36.43333333333333,36.43333333333333,3.831593808209729,1.1668513207014588,inf,0,0,0,0,-1,inf,0,-1,0,0,6080,0,0,0,2801,3279,1.6170990100489502,3.808095799431257,False
following_lateral_offset,P1,12018,40,4.0,1.0,16.3289249482022,6.82268094037677,0.061033876527770994,0.00012799023393163795,999872009.7660682,36.48000000000001,36.48000000000001,3.788192180974973,1.1490043376640693,inf,0,0,0,0,-1,inf,0,-1,0,0,6080,0,0,0,2807,3273,1.6170990100489502,3.808095799431257,False
following_lateral_offset,P2,12018,40,4.0,1.0,16.64972351568833,8.147352778908921,0.043236785011917786,2.1320955996633072e-05,999978679.0440032,36.43333333333333,36.432407233352286,3.816445969477338,1.1277546406801127,inf,0,0,0,0,-1,inf,0,-1,0,0,6080,54,0,0,2750,3276,1.6170990100489502,3.808095799431257,False
following_lateral_offset,P3,12018,40,4.0,1.0,16.64972351568833,8.147352778908921,0.043236785011917786,2.1320955996633072e-05,999978679.0440032,36.43333333333333,36.432407233352286,3.816445969477338,1.1277546406801127,inf,0,0,0,0,-1,inf,0,-1,0,0,6080,54,0,0,2750,3276,1.6170990100489502,3.808095799431257,False
following_lateral_offset,P4,12018,40,4.0,1.0,20.73166849079363,16.001791007316,0.004160080618536423,7.636400952429453e-20,1000000000.0,35.35466666666667,35.340376024297676,4.684522987181979,1.7291365045070866,inf,0,0,0,0,-1,inf,0,-1,0,0,6080,1621,0,0,1612,2847,1.6170990100489502,3.808095799431257,False
following_lateral_offset,P0,12019,40,4.0,1.0,16.32997977429637,7.089384510260608,0.0571322196394878,9.583756752049524e-05,999904162.4324795,36.45,36.45,3.816084380618434,1.1668633633558985,inf,0,0,0,0,-1,inf,0,-1,0,0,6080,0,0,0,2741,3339,1.615631695667774,3.8459530730190985,False
following_lateral_offset,P1,12019,40,4.0,1.0,16.377266910203286,7.43429710508337,0.05270476008889326,6.132688493643362e-05,999938673.1150634,36.41,36.41,3.8533232410479172,1.174746552997236,inf,0,0,0,0,-1,inf,0,-1,0,0,6080,0,0,0,2710,3370,1.615631695667774,3.8459530730190985,False
following_lateral_offset,P2,12019,40,4.0,1.0,17.54736344461504,14.471075923061198,0.01020448287980209,8.718918972167039e-15,999999999.9999912,36.300000000000004,36.293442648706,3.887058143941115,1.132160788409803,inf,0,0,0,0,-1,inf,0,-1,0,0,6080,212,0,0,2538,3330,1.615631695667774,3.8459530730190985,False
following_lateral_offset,P3,12019,40,4.0,1.0,17.11544654520621,11.16705970340513,0.016114673146535065,2.600479613247404e-08,999999973.9952037,36.36,36.35781029786899,3.8586449692563782,1.132160788409803,inf,0,0,0,0,-1,inf,0,-1,0,0,6080,118,0,0,2624,3338,1.615631695667774,3.8459530730190985,False
following_lateral_offset,P4,12019,40,4.0,1.0,17.09673384129919,13.550219871246973,0.014262284455083546,1.8404550744034994e-12,999999999.9981596,36.36,36.357727593781966,3.8569152163933476,1.1668633633558985,inf,0,0,0,0,-1,inf,0,-1,0,0,6080,117,0,0,2625,3338,1.615631695667774,3.8459530730190985,False
lane_choice,P0,12000,40,4.0,1.0,-1.4841772517946126,-13.800125353527465,0.7112488585418857,0.27149979741639463,728500202.5836054,12.99999999999999,12.882786325056207,16.782438462261936,inf,1.5013499953110632,0,0,0,0,-1,inf,0,-1,0,0,6080,1879,0,1762,0,2439,1.6889748050677678,4.09156198600141,False
lane_choice,P1,12000,40,4.0,1.0,11.415283391778743,7.917465961148334,0.1974985300149305,9.757018575009285e-05,999902429.81425,12.999999999999991,12.91210617836171,16.755131274768452,6.1060366622275195,1.5001885304115121,0,0,0,0,-1,inf,0,-1,0,0,6080,1784,0,1780,0,2516,1.6889748050677678,4.09156198600141,False
lane_choice,P2,12000,40,4.0,1.0,11.994151129574023,8.339167020023577,0.15814240210197242,3.244000943071595e-05,999967559.9905694,12.99999999999999,12.903343972408566,16.74847084715829,6.1060366622275195,1.5076951843659407,0,0,0,0,-1,inf,0,-1,0,0,6080,1600,0,1804,0,2676,1.6889748050677678,4.09156198600141,False
lane_choice,P3,12000,40,4.0,1.0,11.415283391778743,7.917465961148334,0.1974985300149305,9.757018575009285e-05,999902429.81425,12.999999999999991,12.91210617836171,16.755131274768452,6.1060366622275195,1.5001885304115121,0,0,0,0,-1,inf,0,-1,0,0,6080,1784,0,1780,0,2516,1.6889748050677678,4.09156198600141,False
lane_choice,P4,12000,40,4.0,1.0,12.011930681626641,8.339167020023577,0.15681014940403565,3.197086409443261e-05,999968029.1359055,12.99999999999999,12.903358507552323,16.74847084715829,6.1060366622275195,1.508038196389593,0,0,0,0,-1,inf,0,-1,0,0,6080,1616,0,1788,0,2676,1.6889748050677678,4.09156198600141,False
lane_choice,P0,12001,40,4.0,1.0,-1.4841772517946126,-13.800125353527465,0.7112488585418857,0.27149979741639463,728500202.5836054,12.99999999999999,12.882786325056207,16.782438462261936,inf,1.5013499953110632,0,0,0,0,-1,inf,0,-1,0,0,6080,1879,0,1762,0,2439,1.7108780164075739,4.159321742865612,False
lane_choice,P1,12001,40,4.0,1.0,11.415283391778743,7.917465961148334,0.1974985300149305,9.757018575009285e-05,999902429.81425,12.999999999999991,12.91210617836171,16.755131274768452,6.1060366622275195,1.5001885304115121,0,0,0,0,-1,inf,0,-1,0,0,6080,1784,0,1780,0,2516,1.7108780164075739,4.159321742865612,False
lane_choice,P2,12001,40,4.0,1.0,12.107883195357731,8.783780876789407,0.14676623799851551,1.6303080500430516e-05,999983696.9194996,12.999999999999991,12.905360561870957,16.74847084715829,6.1060366622275195,1.5014044797033903,0,0,0,0,-1,inf,0,-1,0,0,6080,1618,0,1796,0,2666,1.7108780164075739,4.159321742865612,False
lane_choice,P3,12001,40,4.0,1.0,11.415283391778743,7.917465961148334,0.1974985300149305,9.757018575009285e-05,999902429.81425,12.999999999999991,12.91210617836171,16.755131274768452,6.1060366622275195,1.5001885304115121,0,0,0,0,-1,inf,0,-1,0,0,6080,1784,0,1780,0,2516,1.7108780164075739,4.159321742865612,False
lane_choice,P4,12001,40,4.0,1.0,12.011930681626641,8.339167020023577,0.15681014940403565,3.197086409443261e-05,999968029.1359055,12.99999999999999,12.903358507552323,16.74847084715829,6.1060366622275195,1.508038196389593,0,0,0,0,-1,inf,0,-1,0,0,6080,1616,0,1788,0,2676,1.7108780164075739,4.159321742865612,False
lane_choice,P0,12002,40,4.0,1.0,-1.4841772517946126,-13.800125353527465,0.7112488585418857,0.27149979741639463,728500202.5836054,12.99999999999999,12.882786325056207,16.782438462261936,inf,1.5013499953110632,0,0,0,0,-1,inf,0,-1,0,0,6080,1879,0,1762,0,2439,1.7357444426868234,4.108951726599497,False
lane_choice,P1,12002,40,4.0,1.0,11.415283391778743,7.917465961148334,0.1974985300149305,9.757018575009285e-05,999902429.81425,12.999999999999991,12.91210617836171,16.755131274768452,6.1060366622275195,1.5001885304115121,0,0,0,0,-1,inf,0,-1,0,0,6080,1784,0,1780,0,2516,1.7357444426868234,4.108951726599497,False
lane_choice,P2,12002,40,4.0,1.0,12.008701804632036,8.229738049872287,0.15881413145339823,3.7394747089857576e-05,999962605.2529103,12.999999999999991,12.904499009576284,16.74847084715829,6.1060366622275195,1.5001177930900464,0,0,0,0,-1,inf,0,-1,0,0,6080,1612,0,1861,0,2607,1.7357444426868234,4.108951726599497,False
lane_choice,P3,12002,40,4.0,1.0,11.415283391778743,7.917465961148334,0.1974985300149305,9.757018575009285e-05,999902429.81425,12.999999999999991,12.91210617836171,16.755131274768452,6.1060366622275195,1.5001885304115121,0,0,0,0,-1,inf,0,-1,0,0,6080,1784,0,1780,0,2516,1.7357444426868234,4.108951726599497,False
lane_choice,P4,12002,40,4.0,1.0,12.011930681626641,8.339167020023577,0.15681014940403565,3.197086409443261e-05,999968029.1359055,12.99999999999999,12.903358507552323,16.74847084715829,6.1060366622275195,1.508038196389593,0,0,0,0,-1,inf,0,-1,0,0,6080,1616,0,1788,0,2676,1.7357444426868234,4.108951726599497,False
lane_choice,P0,12003,40,4.0,1.0,-1.4841772517946126,-13.800125353527465,0.7112488585418857,0.27149979741639463,728500202.5836054,12.99999999999999,12.882786325056207,16.782438462261936,inf,1.5013499953110632,0,0,0,0,-1,inf,0,-1,0,0,6080,1879,0,1762,0,2439,1.716111991535773,4.2126695725921,False
lane_choice,P1,12003,40,4.0,1.0,11.435182525296545,8.012373056845629,0.19517708609454484,8.383575704004449e-05,999916164.24296,12.99999999999999,12.910819574708963,16.753017151880435,6.1060366622275195,1.501167547298801,0,0,0,0,-1,inf,0,-1,0,0,6080,1768,0,1784,0,2528,1.716111991535773,4.2126695725921,False
lane_choice,P2,12003,40,4.0,1.0,12.011930681626641,8.339167020023577,0.15681014940403565,3.197086409443261e-05,999968029.1359055,12.99999999999999,12.903358507552323,16.74847084715829,6.1060366622275195,1.508038196389593,0,0,0,0,-1,inf,0,-1,0,0,6080,1616,0,1788,0,2676,1.716111991535773,4.2126695725921,False
lane_choice,P3,12003,40,4.0,1.0,12.076728932495755,9.263228055490746,0.13843144961890505,8.189156185971114e-06,999991810.8438139,12.99999999999999,12.911716648644994,16.757163456939804,6.1060366622275195,1.5028868179940864,0,0,0,0,-1,inf,0,-1,0,0,6080,1729,0,1751,0,2600,1.716111991535773,4.2126695725921,False
lane_choice,P4,12003,40,4.0,1.0,12.011930681626641,8.339167020023577,0.15681014940403565,3.197086409443261e-05,999968029.1359055,12.99999999999999,12.903358507552323,16.74847084715829,6.1060366622275195,1.508038196389593,0,0,0,0,-1,inf,0,-1,0,0,6080,1616,0,1788,0,2676,1.716111991535773,4.2126695725921,False
lane_choice,P0,12004,40,4.0,1.0,-1.4841772517946126,-13.800125353527465,0.7112488585418857,0.27149979741639463,728500202.5836054,12.99999999999999,12.882786325056207,16.782438462261936,inf,1.5013499953110632,0,0,0,0,-1,inf,0,-1,0,0,6080,1879,0,1762,0,2439,1.6789536481087104,4.0058438670402055,False
lane_choice,P1,12004,40,4.0,1.0,11.415283391778743,7.917465961148334,0.1974985300149305,9.757018575009285e-05,999902429.81425,12.999999999999991,12.91210617836171,16.755131274768452,6.1060366622275195,1.5001885304115121,0,0,0,0,-1,inf,0,-1,0,0,6080,1784,0,1780,0,2516,1.6789536481087104,4.0058438670402055,False
lane_choice,P2,12004,40,4.0,1.0,12.008621702981113,8.339167020023577,0.15701360302838382,3.2002794464293644e-05,999967997.2055357,12.99999999999999,12.903358507552323,16.74847084715829,6.1060366622275195,1.508038196389593,0,0,0,0,-1,inf,0,-1,0,0,6080,1631,0,1773,0,2676,1.6789536481087104,4.0058438670402055,False
lane_choice,P3,12004,40,4.0,1.0,11.415283391778743,7.917465961148334,0.1974985300149305,9.757018575009285e-05,999902429.81425,12.999999999999991,12.91210617836171,16.755131274768452,6.1060366622275195,1.5001885304115121,0,0,0,0,-1,inf,0,-1,0,0,6080,1784,0,1780,0,2516,1.6789536481087104,4.0058438670402055,False
lane_choice,P4,12004,40,4.0,1.0,12.011930681626641,8.339167020023577,0.15681014940403565,3.197086409443261e-05,999968029.1359055,12.99999999999999,12.903358507552323,16.74847084715829,6.1060366622275195,1.508038196389593,0,0,0,0,-1,inf,0,-1,0,0,6080,1616,0,1788,0,2676,1.6789536481087104,4.0058438670402055,False
lane_choice,P0,12005,40,4.0,1.0,-1.4841772517946126,-13.800125353527465,0.7112488585418857,0.27149979741639463,728500202.5836054,12.99999999999999,12.882786325056207,16.782438462261936,inf,1.5013499953110632,0,0,0,0,-1,inf,0,-1,0,0,6080,1879,0,1762,0,2439,1.7102921748415294,4.032619742445286,False
lane_choice,P1,12005,40,4.0,1.0,11.415283391778743,7.917465961148334,0.1974985300149305,9.757018575009285e-05,999902429.81425,12.999999999999991,12.91210617836171,16.755131274768452,6.1060366622275195,1.5001885304115121,0,0,0,0,-1,inf,0,-1,0,0,6080,1784,0,1780,0,2516,1.7102921748415294,4.032619742445286,False
lane_choice,P2,12005,40,4.0,1.0,11.85355211077398,8.193428658539322,0.16768438967953742,4.027679048261062e-05,999959723.2095175,12.999999999999993,12.90302634466848,16.747476673586238,6.1060366622275195,1.5074147958698756,0,0,0,0,-1,inf,0,-1,0,0,6080,1623,0,1824,0,2633,1.7102921748415294,4.032619742445286,False
lane_choice,P3,12005,40,4.0,1.0,12.076728932495755,9.263228055490746,0.13843144961890505,8.189156185971114e-06,999991810.8438139,12.99999999999999,12.911716648644994,16.757163456939804,6.1060366622275195,1.5028868179940864,0,0,0,0,-1,inf,0,-1,0,0,6080,1729,0,1751,0,2600,1.7102921748415294,4.032619742445286,False
lane_choice,P4,12005,40,4.0,1.0,12.011930681626641,8.339167020023577,0.15681014940403565,3.197086409443261e-05,999968029.1359055,12.99999999999999,12.903358507552323,16.74847084715829,6.1060366622275195,1.508038196389593,0,0,0,0,-1,inf,0,-1,0,0,6080,1616,0,1788,0,2676,1.7102921748415294,4.032619742445286,False
lane_choice,P0,12006,40,4.0,1.0,-1.4841772517946126,-13.800125353527465,0.7112488585418857,0.27149979741639463,728500202.5836054,12.99999999999999,12.882786325056207,16.782438462261936,inf,1.5013499953110632,0,0,0,0,-1,inf,0,-1,0,0,6080,1879,0,1762,0,2439,1.7070857147587286,4.076338745458287,False
lane_choice,P1,12006,40,4.0,1.0,11.415283391778743,7.917465961148334,0.1974985300149305,9.757018575009285e-05,999902429.81425,12.999999999999991,12.91210617836171,16.755131274768452,6.1060366622275195,1.5001885304115121,0,0,0,0,-1,inf,0,-1,0,0,6080,1784,0,1780,0,2516,1.7070857147587286,4.076338745458287,False
lane_choice,P2,12006,40,4.0,1.0,12.003801535674015,8.30317609867053,0.15770970069748805,3.362030996009834e-05,999966379.6900399,12.999999999999993,12.90378423508218,16.747476673586238,6.1060366622275195,1.5006896560409806,0,0,0,0,-1,inf,0,-1,0,0,6080,1603,0,1869,0,2608,1.7070857147587286,4.076338745458287,False
lane_choice,P3,12006,40,4.0,1.0,11.435182525296545,8.012373056845629,0.19517708609454484,8.383575704004449e-05,999916164.24296,12.99999999999999,12.910819574708963,16.753017151880435,6.1060366622275195,1.501167547298801,0,0,0,0,-1,inf,0,-1,0,0,6080,1768,0,1784,0,2528,1.7070857147587286,4.076338745458287,False
lane_choice,P4,12006,40,4.0,1.0,12.011930681626641,8.339167020023577,0.15681014940403565,3.197086409443261e-05,999968029.1359055,12.99999999999999,12.903358507552323,16.74847084715829,6.1060366622275195,1.508038196389593,0,0,0,0,-1,inf,0,-1,0,0,6080,1616,0,1788,0,2676,1.7070857147587286,4.076338745458287,False
lane_choice,P0,12007,40,4.0,1.0,-1.4841772517946126,-13.800125353527465,0.7112488585418857,0.27149979741639463,728500202.5836054,12.99999999999999,12.882786325056207,16.782438462261936,inf,1.5013499953110632,0,0,0,0,-1,inf,0,-1,0,0,6080,1879,0,1762,0,2439,1.6853179586269484,3.99537777410182,False
lane_choice,P1,12007,40,4.0,1.0,11.435182525296545,8.012373056845629,0.19517708609454484,8.383575704004449e-05,999916164.24296,12.99999999999999,12.910819574708963,16.753017151880435,6.1060366622275195,1.501167547298801,0,0,0,0,-1,inf,0,-1,0,0,6080,1768,0,1784,0,2528,1.6853179586269484,3.99537777410182,False
lane_choice,P2,12007,40,4.0,1.0,11.994151129574023,8.339167020023577,0.15814240210197242,3.244000943071595e-05,999967559.9905694,12.99999999999999,12.903343972408566,16.74847084715829,6.1060366622275195,1.5076951843659407,0,0,0,0,-1,inf,0,-1,0,0,6080,1600,0,1804,0,2676,1.6853179586269484,3.99537777410182,False
lane_choice,P3,12007,40,4.0,1.0,11.774571468909128,8.864510842673633,0.1650053882993474,2.0320664283531396e-05,999979679.3357166,12.999999999999991,12.90832076244491,16.74847084715829,6.1060366622275195,1.5014545503952075,0,0,0,0,-1,inf,0,-1,0,0,6080,1691,0,1829,0,2560,1.6853179586269484,3.99537777410182,False
lane_choice,P4,12007,40,4.0,1.0,12.011930681626641,8.339167020023577,0.15681014940403565,3.197086409443261e-05,999968029.1359055,12.99999999999999,12.903358507552323,16.74847084715829,6.1060366622275195,1.508038196389593,0,0,0,0,-1,inf,0,-1,0,0,6080,1616,0,1788,0,2676,1.6853179586269484,3.99537777410182,False
lane_choice,P0,12008,40,4.0,1.0,-1.4841772517946126,-13.800125353527465,0.7112488585418857,0.27149979741639463,728500202.5836054,12.99999999999999,12.882786325056207,16.782438462261936,inf,1.5013499953110632,0,0,0,0,-1,inf,0,-1,0,0,6080,1879,0,1762,0,2439,1.8116275532658879,4.265497009580971,False
lane_choice,P1,12008,40,4.0,1.0,11.415283391778743,7.917465961148334,0.1974985300149305,9.757018575009285e-05,999902429.81425,12.999999999999991,12.91210617836171,16.755131274768452,6.1060366622275195,1.5001885304115121,0,0,0,0,-1,inf,0,-1,0,0,6080,1784,0,1780,0,2516,1.8116275532658879,4.265497009580971,False
lane_choice,P2,12008,40,4.0,1.0,12.011930681626641,8.339167020023577,0.15681014940403565,3.197086409443261e-05,999968029.1359055,12.99999999999999,12.903358507552323,16.74847084715829,6.1060366622275195,1.508038196389593,0,0,0,0,-1,inf,0,-1,0,0,6080,1616,0,1788,0,2676,1.8116275532658879,4.265497009580971,False
lane_choice,P3,12008,40,4.0,1.0,11.415283391778743,7.917465961148334,0.1974985300149305,9.757018575009285e-05,999902429.81425,12.999999999999991,12.91210617836171,16.755131274768452,6.1060366622275195,1.5001885304115121,0,0,0,0,-1,inf,0,-1,0,0,6080,1784,0,1780,0,2516,1.8116275532658879,4.265497009580971,False
lane_choice,P4,12008,40,4.0,1.0,12.011930681626641,8.339167020023577,0.15681014940403565,3.197086409443261e-05,999968029.1359055,12.99999999999999,12.903358507552323,16.74847084715829,6.1060366622275195,1.508038196389593,0,0,0,0,-1,inf,0,-1,0,0,6080,1616,0,1788,0,2676,1.8116275532658879,4.265497009580971,False
lane_choice,P0,12009,40,4.0,1.0,-1.4841772517946126,-13.800125353527465,0.7112488585418857,0.27149979741639463,728500202.5836054,12.99999999999999,12.882786325056207,16.782438462261936,inf,1.5013499953110632,0,0,0,0,-1,inf,0,-1,0,0,6080,1879,0,1762,0,2439,1.8501987730986145,4.222102837419868,False
lane_choice,P1,12009,40,4.0,1.0,11.435182525296545,8.012373056845629,0.19517708609454484,8.383575704004449e-05,999916164.24296,12.99999999999999,12.910819574708963,16.753017151880435,6.1060366622275195,1.501167547298801,0,0,0,0,-1,inf,0,-1,0,0,6080,1768,0,1784,0,2528,1.8501987730986145,4.222102837419868,False
lane_choice,P2,12009,40,4.0,1.0,12.011930681626641,8.339167020023577,0.15681014940403565,3.197086409443261e-05,999968029.1359055,12.99999999999999,12.903358507552323,16.74847084715829,6.1060366622275195,1.508038196389593,0,0,0,0,-1,inf,0,-1,0,0,6080,1616,0,1788,0,2676,1.8501987730986145,4.222102837419868,False
lane_choice,P3,12009,40,4.0,1.0,11.415283391778743,7.917465961148334,0.1974985300149305,9.757018575009285e-05,999902429.81425,12.999999999999991,12.91210617836171,16.755131274768452,6.1060366622275195,1.5001885304115121,0,0,0,0,-1,inf,0,-1,0,0,6080,1784,0,1780,0,2516,1.8501987730986145,4.222102837419868,False
lane_choice,P4,12009,40,4.0,1.0,12.011930681626641,8.339167020023577,0.15681014940403565,3.197086409443261e-05,999968029.1359055,12.99999999999999,12.903358507552323,16.74847084715829,6.1060366622275195,1.508038196389593,0,0,0,0,-1,inf,0,-1,0,0,6080,1616,0,1788,0,2676,1.8501987730986145,4.222102837419868,False
lane_choice,P0,12010,40,4.0,1.0,-1.4841772517946126,-13.800125353527465,0.7112488585418857,0.27149979741639463,728500202.5836054,12.99999999999999,12.882786325056207,16.782438462261936,inf,1.5013499953110632,0,0,0,0,-1,inf,0,-1,0,0,6080,1879,0,1762,0,2439,1.5919530369352115,3.9670418367782396,False
lane_choice,P1,12010,40,4.0,1.0,11.415283391778743,7.917465961148334,0.1974985300149305,9.757018575009285e-05,999902429.81425,12.999999999999991,12.91210617836171,16.755131274768452,6.1060366622275195,1.5001885304115121,0,0,0,0,-1,inf,0,-1,0,0,6080,1784,0,1780,0,2516,1.5919530369352115,3.9670418367782396,False
lane_choice,P2,12010,40,4.0,1.0,12.011930681626641,8.339167020023577,0.15681014940403565,3.197086409443261e-05,999968029.1359055,12.99999999999999,12.903358507552323,16.74847084715829,6.1060366622275195,1.508038196389593,0,0,0,0,-1,inf,0,-1,0,0,6080,1616,0,1788,0,2676,1.5919530369352115,3.9670418367782396,False
lane_choice,P3,12010,40,4.0,1.0,12.076728932495755,9.263228055490746,0.13843144961890505,8.189156185971114e-06,999991810.8438139,12.99999999999999,12.911716648644994,16.757163456939804,6.1060366622275195,1.5028868179940864,0,0,0,0,-1,inf,0,-1,0,0,6080,1729,0,1751,0,2600,1.5919530369352115,3.9670418367782396,False
lane_choice,P4,12010,40,4.0,1.0,12.011930681626641,8.339167020023577,0.15681014940403565,3.197086409443261e-05,999968029.1359055,12.99999999999999,12.903358507552323,16.74847084715829,6.1060366622275195,1.508038196389593,0,0,0,0,-1,inf,0,-1,0,0,6080,1616,0,1788,0,2676,1.5919530369352115,3.9670418367782396,False
lane_choice,P0,12011,40,4.0,1.0,-1.4841772517946126,-13.800125353527465,0.7112488585418857,0.27149979741639463,728500202.5836054,12.99999999999999,12.882786325056207,16.782438462261936,inf,1.5013499953110632,0,0,0,0,-1,inf,0,-1,0,0,6080,1879,0,1762,0,2439,1.75663667537918,4.189685578391737,False
lane_choice,P1,12011,40,4.0,1.0,11.435182525296545,8.012373056845629,0.19517708609454484,8.383575704004449e-05,999916164.24296,12.99999999999999,12.910819574708963,16.753017151880435,6.1060366622275195,1.501167547298801,0,0,0,0,-1,inf,0,-1,0,0,6080,1768,0,1784,0,2528,1.75663667537918,4.189685578391737,False
lane_choice,P2,12011,40,4.0,1.0,12.101132847578397,8.783780876789407,0.14732170842461895,1.652940373108823e-05,999983470.5962689,12.99999999999999,12.905349679254607,16.74847084715829,6.1060366622275195,1.5010597912286787,0,0,0,0,-1,inf,0,-1,0,0,6080,1602,0,1812,0,2666,1.75663667537918,4.189685578391737,False
lane_choice,P3,12011,40,4.0,1.0,11.435182525296545,8.012373056845629,0.19517708609454484,8.383575704004449e-05,999916164.24296,12.99999999999999,12.910819574708963,16.753017151880435,6.1060366622275195,1.501167547298801,0,0,0,0,-1,inf,0,-1,0,0,6080,1768,0,1784,0,2528,1.75663667537918,4.189685578391737,False
lane_choice,P4,12011,40,4.0,1.0,12.011930681626641,8.339167020023577,0.15681014940403565,3.197086409443261e-05,999968029.1359055,12.99999999999999,12.903358507552323,16.74847084715829,6.1060366622275195,1.508038196389593,0,0,0,0,-1,inf,0,-1,0,0,6080,1616,0,1788,0,2676,1.75663667537918,4.189685578391737,False
lane_choice,P0,12012,40,4.0,1.0,-1.4841772517946126,-13.800125353527465,0.7112488585418857,0.27149979741639463,728500202.5836054,12.99999999999999,12.882786325056207,16.782438462261936,inf,1.5013499953110632,0,0,0,0,-1,inf,0,-1,0,0,6080,1879,0,1762,0,2439,1.7154928838578054,4.025665177133503,False
lane_choice,P1,12012,40,4.0,1.0,11.435182525296545,8.012373056845629,0.19517708609454484,8.383575704004449e-05,999916164.24296,12.99999999999999,12.910819574708963,16.753017151880435,6.1060366622275195,1.501167547298801,0,0,0,0,-1,inf,0,-1,0,0,6080,1768,0,1784,0,2528,1.7154928838578054,4.025665177133503,False
lane_choice,P2,12012,40,4.0,1.0,10.097163224020916,5.864452961638088,0.3556042036767589,0.0016046030005739454,998395396.9994259,12.99999999999999,12.905176103758798,16.74847084715829,6.1060366622275195,1.507810195754565,0,0,0,0,-1,inf,0,-1,0,0,6080,1856,0,1682,0,2542,1.7154928838578054,4.025665177133503,False
lane_choice,P3,12012,40,4.0,1.0,11.435182525296545,8.012373056845629,0.19517708609454484,8.383575704004449e-05,999916164.24296,12.99999999999999,12.910819574708963,16.753017151880435,6.1060366622275195,1.501167547298801,0,0,0,0,-1,inf,0,-1,0,0,6080,1768,0,1784,0,2528,1.7154928838578054,4.025665177133503,False
lane_choice,P4,12012,40,4.0,1.0,12.011930681626641,8.339167020023577,0.15681014940403565,3.197086409443261e-05,999968029.1359055,12.99999999999999,12.903358507552323,16.74847084715829,6.1060366622275195,1.508038196389593,0,0,0,0,-1,inf,0,-1,0,0,6080,1616,0,1788,0,2676,1.7154928838578054,4.025665177133503,False
lane_choice,P0,12013,40,4.0,1.0,-1.4841772517946126,-13.800125353527465,0.7112488585418857,0.27149979741639463,728500202.5836054,12.99999999999999,12.882786325056207,16.782438462261936,inf,1.5013499953110632,0,0,0,0,-1,inf,0,-1,0,0,6080,1879,0,1762,0,2439,1.838807694658943,4.3082777383591715,False
lane_choice,P1,12013,40,4.0,1.0,11.761369247674176,8.763759785661756,0.16494697501400696,2.2891689134287736e-05,999977108.3108658,12.99999999999999,12.909748525722138,16.7508040885184,6.1060366622275195,1.500368498496405,0,0,0,0,-1,inf,0,-1,0,0,6080,1706,0,1817,0,2557,1.838807694658943,4.3082777383591715,False
lane_choice,P2,12013,40,4.0,1.0,12.008621702981113,8.339167020023577,0.15701360302838382,3.2002794464293644e-05,999967997.2055357,12.99999999999999,12.903358507552323,16.74847084715829,6.1060366622275195,1.508038196389593,0,0,0,0,-1,inf,0,-1,0,0,6080,1631,0,1773,0,2676,1.838807694658943,4.3082777383591715,False
lane_choice,P3,12013,40,4.0,1.0,11.761369247674176,8.763759785661756,0.16494697501400696,2.2891689134287736e-05,999977108.3108658,12.99999999999999,12.909748525722138,16.7508040885184,6.1060366622275195,1.500368498496405,0,0,0,0,-1,inf,0,-1,0,0,6080,1706,0,1817,0,2557,1.838807694658943,4.3082777383591715,False
lane_choice,P4,12013,40,4.0,1.0,12.011930681626641,8.339167020023577,0.15681014940403565,3.197086409443261e-05,999968029.1359055,12.99999999999999,12.903358507552323,16.74847084715829,6.1060366622275195,1.508038196389593,0,0,0,0,-1,inf,0,-1,0,0,6080,1616,0,1788,0,2676,1.838807694658943,4.3082777383591715,False
lane_choice,P0,12014,40,4.0,1.0,-1.4841772517946126,-13.800125353527465,0.7112488585418857,0.27149979741639463,728500202.5836054,12.99999999999999,12.882786325056207,16.782438462261936,inf,1.5013499953110632,0,0,0,0,-1,inf,0,-1,0,0,6080,1879,0,1762,0,2439,1.97941690969157,4.5885782767280245,False
lane_choice,P1,12014,40,4.0,1.0,11.43164033473314,7.97072833400294,0.19631392238432374,8.974218320885683e-05,999910257.8167912,12.99999999999999,12.911978679206724,16.755131274768452,6.1060366622275195,1.5002839596935633,0,0,0,0,-1,inf,0,-1,0,0,6080,1777,0,1784,0,2519,1.97941690969157,4.5885782767280245,False
lane_choice,P2,12014,40,4.0,1.0,12.011930681626641,8.339167020023577,0.15681014940403565,3.197086409443261e-05,999968029.1359055,12.99999999999999,12.903358507552323,16.74847084715829,6.1060366622275195,1.508038196389593,0,0,0,0,-1,inf,0,-1,0,0,6080,1616,0,1788,0,2676,1.97941690969157,4.5885782767280245,False
lane_choice,P3,12014,40,4.0,1.0,11.415283391778743,7.917465961148334,0.1974985300149305,9.757018575009285e-05,999902429.81425,12.999999999999991,12.91210617836171,16.755131274768452,6.1060366622275195,1.5001885304115121,0,0,0,0,-1,inf,0,-1,0,0,6080,1784,0,1780,0,2516,1.97941690969157,4.5885782767280245,False
lane_choice,P4,12014,40,4.0,1.0,12.011930681626641,8.339167020023577,0.15681014940403565,3.197086409443261e-05,999968029.1359055,12.99999999999999,12.903358507552323,16.74847084715829,6.1060366622275195,1.508038196389593,0,0,0,0,-1,inf,0,-1,0,0,6080,1616,0,1788,0,2676,1.97941690969157,4.5885782767280245,False
lane_choice,P0,12015,40,4.0,1.0,-1.4841772517946126,-13.800125353527465,0.7112488585418857,0.27149979741639463,728500202.5836054,12.99999999999999,12.882786325056207,16.782438462261936,inf,1.5013499953110632,0,0,0,0,-1,inf,0,-1,0,0,6080,1879,0,1762,0,2439,1.7275240215075254,4.140273670725387,False
lane_choice,P1,12015,40,4.0,1.0,11.415283391778743,7.917465961148334,0.1974985300149305,9.757018575009285e-05,999902429.81425,12.999999999999991,12.91210617836171,16.755131274768452,6.1060366622275195,1.5001885304115121,0,0,0,0,-1,inf,0,-1,0,0,6080,1784,0,1780,0,2516,1.7275240215075254,4.140273670725387,False
lane_choice,P2,12015,40,4.0,1.0,12.011930681626641,8.339167020023577,0.15681014940403565,3.197086409443261e-05,999968029.1359055,12.99999999999999,12.903358507552323,16.74847084715829,6.1060366622275195,1.508038196389593,0,0,0,0,-1,inf,0,-1,0,0,6080,1616,0,1788,0,2676,1.7275240215075254,4.140273670725387,False
lane_choice,P3,12015,40,4.0,1.0,11.415283391778743,7.917465961148334,0.1974985300149305,9.757018575009285e-05,999902429.81425,12.999999999999991,12.91210617836171,16.755131274768452,6.1060366622275195,1.5001885304115121,0,0,0,0,-1,inf,0,-1,0,0,6080,1784,0,1780,0,2516,1.7275240215075254,4.140273670725387,False
lane_choice,P4,12015,40,4.0,1.0,12.011930681626641,8.339167020023577,0.15681014940403565,3.197086409443261e-05,999968029.1359055,12.99999999999999,12.903358507552323,16.74847084715829,6.1060366622275195,1.508038196389593,0,0,0,0,-1,inf,0,-1,0,0,6080,1616,0,1788,0,2676,1.7275240215075254,4.140273670725387,False
lane_choice,P0,12016,40,4.0,1.0,-1.4841772517946126,-13.800125353527465,0.7112488585418857,0.27149979741639463,728500202.5836054,12.99999999999999,12.882786325056207,16.782438462261936,inf,1.5013499953110632,0,0,0,0,-1,inf,0,-1,0,0,6080,1879,0,1762,0,2439,1.6612458786913975,4.026972751484523,False
lane_choice,P1,12016,40,4.0,1.0,11.415283391778743,7.917465961148334,0.1974985300149305,9.757018575009285e-05,999902429.81425,12.999999999999991,12.91210617836171,16.755131274768452,6.1060366622275195,1.5001885304115121,0,0,0,0,-1,inf,0,-1,0,0,6080,1784,0,1780,0,2516,1.6612458786913975,4.026972751484523,False
lane_choice,P2,12016,40,4.0,1.0,12.004846002929833,8.39448333904421,0.15610001630200873,2.9520593791208435e-05,999970479.4062088,12.999999999999993,12.902589135019047,16.747476673586238,6.1060366622275195,1.5086487573915592,0,0,0,0,-1,inf,0,-1,0,0,6080,1608,0,1796,0,2676,1.6612458786913975,4.026972751484523,False
lane_choice,P3,12016,40,4.0,1.0,12.076728932495755,9.263228055490746,0.13843144961890505,8.189156185971114e-06,999991810.8438139,12.99999999999999,12.911716648644994,16.757163456939804,6.1060366622275195,1.5028868179940864,0,0,0,0,-1,inf,0,-1,0,0,6080,1729,0,1751,0,2600,1.6612458786913975,4.026972751484523,False
lane_choice,P4,12016,40,4.0,1.0,12.011930681626641,8.339167020023577,0.15681014940403565,3.197086409443261e-05,999968029.1359055,12.99999999999999,12.903358507552323,16.74847084715829,6.1060366622275195,1.508038196389593,0,0,0,0,-1,inf,0,-1,0,0,6080,1616,0,1788,0,2676,1.6612458786913975,4.026972751484523,False
lane_choice,P0,12017,40,4.0,1.0,-1.4841772517946126,-13.800125353527465,0.7112488585418857,0.27149979741639463,728500202.5836054,12.99999999999999,12.882786325056207,16.782438462261936,inf,1.5013499953110632,0,0,0,0,-1,inf,0,-1,0,0,6080,1879,0,1762,0,2439,1.8505483971414756,4.409933711478079,False
lane_choice,P1,12017,40,4.0,1.0,11.435182525296545,8.012373056845629,0.19517708609454484,8.383575704004449e-05,999916164.24296,12.99999999999999,12.910819574708963,16.753017151880435,6.1060366622275195,1.501167547298801,0,0,0,0,-1,inf,0,-1,0,0,6080,1768,0,1784,0,2528,1.8505483971414756,4.409933711478079,False
lane_choice,P2,12017,40,4.0,1.0,12.008621702981113,8.339167020023577,0.15701360302838382,3.2002794464293644e-05,999967997.2055357,12.99999999999999,12.903358507552323,16.74847084715829,6.1060366622275195,1.508038196389593,0,0,0,0,-1,inf,0,-1,0,0,6080,1631,0,1773,0,2676,1.8505483971414756,4.409933711478079,False
lane_choice,P3,12017,40,4.0,1.0,11.774571468909128,8.864510842673633,0.1650053882993474,2.0320664283531396e-05,999979679.3357166,12.999999999999991,12.90832076244491,16.74847084715829,6.1060366622275195,1.5014545503952075,0,0,0,0,-1,inf,0,-1,0,0,6080,1691,0,1829,0,2560,1.8505483971414756,4.409933711478079,False
lane_choice,P4,12017,40,4.0,1.0,12.011930681626641,8.339167020023577,0.15681014940403565,3.197086409443261e-05,999968029.1359055,12.99999999999999,12.903358507552323,16.74847084715829,6.1060366622275195,1.508038196389593,0,0,0,0,-1,inf,0,-1,0,0,6080,1616,0,1788,0,2676,1.8505483971414756,4.409933711478079,False
lane_choice,P0,12018,40,4.0,1.0,-1.4841772517946126,-13.800125353527465,0.7112488585418857,0.27149979741639463,728500202.5836054,12.99999999999999,12.882786325056207,16.782438462261936,inf,1.5013499953110632,0,0,0,0,-1,inf,0,-1,0,0,6080,1879,0,1762,0,2439,1.699663653223034,4.112250994043579,False
lane_choice,P1,12018,40,4.0,1.0,11.415283391778743,7.917465961148334,0.1974985300149305,9.757018575009285e-05,999902429.81425,12.999999999999991,12.91210617836171,16.755131274768452,6.1060366622275195,1.5001885304115121,0,0,0,0,-1,inf,0,-1,0,0,6080,1784,0,1780,0,2516,1.699663653223034,4.112250994043579,False
lane_choice,P2,12018,40,4.0,1.0,12.004846002929833,8.39448333904421,0.15610001630200873,2.9520593791208435e-05,999970479.4062088,12.999999999999993,12.902589135019047,16.747476673586238,6.1060366622275195,1.5086487573915592,0,0,0,0,-1,inf,0,-1,0,0,6080,1608,0,1796,0,2676,1.699663653223034,4.112250994043579,False
lane_choice,P3,12018,40,4.0,1.0,12.076728932495755,9.263228055490746,0.13843144961890505,8.189156185971114e-06,999991810.8438139,12.99999999999999,12.911716648644994,16.757163456939804,6.1060366622275195,1.5028868179940864,0,0,0,0,-1,inf,0,-1,0,0,6080,1729,0,1751,0,2600,1.699663653223034,4.112250994043579,False
lane_choice,P4,12018,40,4.0,1.0,12.011930681626641,8.339167020023577,0.15681014940403565,3.197086409443261e-05,999968029.1359055,12.99999999999999,12.903358507552323,16.74847084715829,6.1060366622275195,1.508038196389593,0,0,0,0,-1,inf,0,-1,0,0,6080,1616,0,1788,0,2676,1.699663653223034,4.112250994043579,False
lane_choice,P0,12019,40,4.0,1.0,-1.4841772517946126,-13.800125353527465,0.7112488585418857,0.27149979741639463,728500202.5836054,12.99999999999999,12.882786325056207,16.782438462261936,inf,1.5013499953110632,0,0,0,0,-1,inf,0,-1,0,0,6080,1879,0,1762,0,2439,1.7231585432988563,4.192194586139374,False
lane_choice,P1,12019,40,4.0,1.0,11.435182525296545,8.012373056845629,0.19517708609454484,8.383575704004449e-05,999916164.24296,12.99999999999999,12.910819574708963,16.753017151880435,6.1060366622275195,1.501167547298801,0,0,0,0,-1,inf,0,-1,0,0,6080,1768,0,1784,0,2528,1.7231585432988563,4.192194586139374,False
lane_choice,P2,12019,40,4.0,1.0,11.774571468909128,8.864510842673633,0.1650053882993474,2.0320664283531396e-05,999979679.3357166,12.999999999999991,12.90832076244491,16.74847084715829,6.1060366622275195,1.5014545503952075,0,0,0,0,-1,inf,0,-1,0,0,6080,1691,0,1829,0,2560,1.7231585432988563,4.192194586139374,False
lane_choice,P3,12019,40,4.0,1.0,12.076728932495755,9.263228055490746,0.13843144961890505,8.189156185971114e-06,999991810.8438139,12.99999999999999,12.911716648644994,16.757163456939804,6.1060366622275195,1.5028868179940864,0,0,0,0,-1,inf,0,-1,0,0,6080,1729,0,1751,0,2600,1.7231585432988563,4.192194586139374,False
lane_choice,P4,12019,40,4.0,1.0,12.011930681626641,8.339167020023577,0.15681014940403565,3.197086409443261e-05,999968029.1359055,12.99999999999999,12.903358507552323,16.74847084715829,6.1060366622275195,1.508038196389593,0,0,0,0,-1,inf,0,-1,0,0,6080,1616,0,1788,0,2676,1.7231585432988563,4.192194586139374,False
overtake,P0,12000,50,5.0,1.0,21.87853734411788,17.202168997219456,0.002642683709502881,2.198206544804637e-25,1000000000.0,45.24533333333332,45.24533333333332,3.7605049486629123,1.7254063533001016,inf,0,0,0,0,-1,inf,0,-1,0,0,7600,0,0,0,2768,4832,1.4661146003628998,3.4794881401075655,False
overtake,P1,12000,50,5.0,1.0,21.88688168135691,17.202168997219456,0.002560995474413111,2.185109841626682e-25,1000000000.0,45.15000000000001,45.15000000000001,3.8556939312061944,1.8009669369778156,inf,0,0,0,0,-1,inf,0,-1,0,0,7600,0,0,0,2756,4844,1.4661146003628998,3.4794881401075655,False
overtake,P2,12000,50,5.0,1.0,21.87853734411788,17.202168997219456,0.002642683709502881,2.198206544804637e-25,1000000000.0,45.24533333333332,45.24533333333332,3.7605049486629123,1.7254063533001016,inf,0,0,0,0,-1,inf,0,-1,0,0,7600,0,0,0,2768,4832,1.4661146003628998,3.4794881401075655,False
overtake,P3,12000,50,5.0,1.0,21.87853734411788,17.202168997219456,0.002642683709502881,2.198206544804637e-25,1000000000.0,45.24533333333332,45.24533333333332,3.7605049486629123,1.7254063533001016,inf,0,0,0,0,-1,inf,0,-1,0,0,7600,0,0,0,2768,4832,1.4661146003628998,3.4794881401075655,False
overtake,P4,12000,50,5.0,1.0,21.82962166561695,17.202168997219456,0.0026529615204599166,2.198206544804637e-25,1000000000.0,45.20666666666665,45.20666666666665,3.7991121948316144,1.7238845556150744,inf,0,0,0,0,-1,inf,0,-1,0,0,7600,0,0,0,2735,4865,1.4661146003628998,3.4794881401075655,False
overtake,P0,12001,50,5.0,1.0,21.777488255006862,17.202168997219456,0.0026251308810773216,2.197826551873179e-25,1000000000.0,45.03433333333333,45.03433333333333,3.971194757532237,1.7544371315477174,inf,0,0,0,0,-1,inf,0,-1,0,0,7600,0,0,0,2648,4952,1.4939372381566915,3.4896592813424174,False
overtake,P1,12001,50,5.0,1.0,21.968912346066244,17.202168997219456,0.002510124362518309,2.185109841583241e-25,1000000000.0,45.07333333333334,45.07333333333334,3.932249585447426,1.9582016588255675,inf,0,0,0,0,-1,inf,0,-1,0,0,7600,0,0,0,2729,4871,1.4939372381566915,3.4896592813424174,False
overtake,P2,12001,50,5.0,1.0,21.777488255006862,17.202168997219456,0.0026251308810773216,2.197826551873179e-25,1000000000.0,45.03433333333333,45.03433333333333,3.971194757532237,1.7544371315477174,inf,0,0,0,0,-1,inf,0,-1,0,0,7600,0,0,0,2648,4952,1.4939372381566915,3.4896592813424174,False
overtake,P3,12001,50,5.0,1.0,21.777488255006862,17.202168997219456,0.0026251308810773216,2.197826551873179e-25,1000000000.0,45.03433333333333,45.03433333333333,3.971194757532237,1.7544371315477174,inf,0,0,0,0,-1,inf,0,-1,0,0,7600,0,0,0,2648,4952,1.4939372381566915,3.4896592813424174,False
overtake,P4,12001,50,5.0,1.0,21.77360912097236,17.202168997219456,0.002625306662785159,2.197826551873179e-25,1000000000.0,45.016,45.016,3.9895026871955346,1.7972965479373195,inf,0,0,0,0,-1,inf,0,-1,0,0,7600,0,0,0,2644,4956,1.4939372381566915,3.4896592813424174,False
overtake,P0,12002,50,5.0,1.0,21.934181729910765,17.202168997219456,0.0026199652687765255,2.1981730393717886e-25,1000000000.0,45.365333333333325,45.365333333333325,3.640697387715466,1.5118533406776493,inf,0,0,0,0,-1,inf,0,-1,0,0,7600,0,0,0,2760,4840,1.4998051658004536,3.4692274541733443,False
overtake,P1,12002,50,5.0,1.0,22.072141945231525,17.202168997219456,0.002529884501604708,2.185109841624888e-25,1000000000.0,45.46,45.46,3.5461917166363652,1.5113596037490127,inf,0,0,0,0,-1,inf,0,-1,0,0,7600,0,0,0,2824,4776,1.4998051658004536,3.4692274541733443,False
overtake,P2,12002,50,5.0,1.0,21.934181729910765,17.202168997219456,0.0026199652687765255,2.1981730393717886e-25,1000000000.0,45.365333333333325,45.365333333333325,3.640697387715466,1.5118533406776493,inf,0,0,0,0,-1,inf,0,-1,0,0,7600,0,0,0,2760,4840,1.4998051658004536,3.4692274541733443,False
overtake,P3,12002,50,5.0,1.0,21.934181729910765,17.202168997219456,0.0026199652687765255,2.1981730393717886e-25,1000000000.0,45.365333333333325,45.365333333333325,3.640697387715466,1.5118533406776493,inf,0,0,0,0,-1,inf,0,-1,0,0,7600,0,0,0,2760,4840,1.4998051658004536,3.4692274541733443,False
overtake,P4,12002,50,5.0,1.0,21.934181729910765,17.202168997219456,0.0026199652687765255,2.1981730393717886e-25,1000000000.0,45.365333333333325,45.365333333333325,3.640697387715466,1.5118533406776493,inf,0,0,0,0,-1,inf,0,-1,0,0,7600,0,0,0,2760,4840,1.4998051658004536,3.4692274541733443,False
overtake,P0,12003,50,5.0,1.0,21.46038570093041,17.202168997219456,0.0027885679499392315,2.2126206471596124e-25,1000000000.0,44.69666666666668,44.69666666666668,4.308428190061666,1.9557739449665448,inf,0,0,0,0,-1,inf,0,-1,0,0,7600,0,0,0,2667,4933,1.4976644806268424,3.436701339859338,False
overtake,P1,12003,50,5.0,1.0,21.416672385745986,17.202168997219456,0.0027920914328823597,2.2126206471596124e-25,1000000000.0,44.54000000000003,44.54000000000003,4.464916090044709,2.246362880191268,inf,0,0,0,0,-1,inf,0,-1,0,0,7600,0,0,0,2616,4984,1.4976644806268424,3.436701339859338,False
overtake,P2,12003,50,5.0,1.0,21.46038570093041,17.202168997219456,0.0027885679499392315,2.2126206471596124e-25,1000000000.0,44.69666666666668,44.69666666666668,4.308428190061666,1.9557739449665448,inf,0,0,0,0,-1,inf,0,-1,0,0,7600,0,0,0,2667,4933,1.4976644806268424,3.436701339859338,False
overtake,P3,12003,50,5.0,1.0,21.46038570093041,17.202168997219456,0.0027885679499392315,2.2126206471596124e-25,1000000000.0,44.69666666666668,44.69666666666668,4.308428190061666,1.9557739449665448,inf,0,0,0,0,-1,inf,0,-1,0,0,7600,0,0,0,2667,4933,1.4976644806268424,3.436701339859338,False
overtake,P4,12003,50,5.0,1.0,21.46038570093041,17.202168997219456,0.0027885679499392315,2.2126206471596124e-25,1000000000.0,44.69666666666668,44.69666666666668,4.308428190061666,1.9557739449665448,inf,0,0,0,0,-1,inf,0,-1,0,0,7600,0,0,0,2667,4933,1.4976644806268424,3.436701339859338,False
overtake,P0,12004,50,5.0,1.0,21.92431419904017,17.202168997219456,0.002549135491000161,2.1906428505922906e-25,1000000000.0,45.20666666666664,45.20666666666664,3.7991121948316215,1.6702859977889375,inf,0,0,0,0,-1,inf,0,-1,0,0,7600,0,0,0,2818,4782,1.446638661065138,3.4542303770072964,False
overtake,P1,12004,50,5.0,1.0,21.934768472780274,17.202168997219456,0.0025225738168480243,2.1851098416248413e-25,1000000000.0,45.10333333333331,45.10333333333331,3.9022925059830746,1.8898395913661872,inf,0,0,0,0,-1,inf,0,-1,0,0,7600,0,0,0,2767,4833,1.446638661065138,3.4542303770072964,False
overtake,P2,12004,50,5.0,1.0,21.83046155885012,17.202168997219456,0.0025728654349066243,2.190642850592374e-25,1000000000.0,45.116666666666646,45.116666666666646,3.8889784608452533,1.6798574145477299,inf,0,0,0,0,-1,inf,0,-1,0,0,7600,0,0,0,2769,4831,1.446638661065138,3.4542303770072964,False
overtake,P3,12004,50,5.0,1.0,21.92431419904017,17.202168997219456,0.002549135491000161,2.1906428505922906e-25,1000000000.0,45.20666666666664,45.20666666666664,3.7991121948316215,1.6702859977889375,inf,0,0,0,0,-1,inf,0,-1,0,0,7600,0,0,0,2818,4782,1.446638661065138,3.4542303770072964,False
overtake,P4,12004,50,5.0,1.0,21.848708890656027,17.202168997219456,0.002566227135863498,2.1906428505922906e-25,1000000000.0,45.136666666666656,45.136666666666656,3.8690076422236364,1.6631907478810546,inf,0,0,0,0,-1,inf,0,-1,0,0,7600,0,0,0,2778,4822,1.446638661065138,3.4542303770072964,False
overtake,P0,12005,50,5.0,1.0,21.82030857496937,17.202168997219456,0.0026361088654758363,2.196540455204993e-25,1000000000.0,45.09200000000001,45.09200000000001,3.913609547609505,1.7551821660461104,inf,0,0,0,0,-1,inf,0,-1,0,0,7600,0,0,0,2593,5007,1.546702310998974,3.5161390922572395,False
overtake,P1,12005,50,5.0,1.0,22.10665264710656,17.202168997219456,0.002474014885660177,2.1851098415832407e-25,1000000000.0,45.17999999999999,45.17999999999999,3.8257385811291957,1.9505115920142146,inf,0,0,0,0,-1,inf,0,-1,0,0,7600,0,0,0,2664,4936,1.546702310998974,3.5161390922572395,False
overtake,P2,12005,50,5.0,1.0,21.925092398594995,17.202168997219456,0.0026247213603982217,2.1935679487079902e-25,1000000000.0,45.297666666666636,45.297666666666636,3.708254009942107,1.6580637111714078,inf,0,0,0,0,-1,inf,0,-1,0,0,7600,0,0,0,2684,4916,1.546702310998974,3.5161390922572395,False
overtake,P3,12005,50,5.0,1.0,21.82030857496937,17.202168997219456,0.0026361088654758363,2.196540455204993e-25,1000000000.0,45.09200000000001,45.09200000000001,3.913609547609505,1.7551821660461104,inf,0,0,0,0,-1,inf,0,-1,0,0,7600,0,0,0,2593,5007,1.546702310998974,3.5161390922572395,False
overtake,P4,12005,50,5.0,1.0,21.87814888892953,17.202168997219456,0.0026413373468804125,2.196540455204993e-25,1000000000.0,45.255999999999986,45.255999999999986,3.7498548893444505,1.6199992321942507,inf,0,0,0,0,-1,inf,0,-1,0,0,7600,0,0,0,2661,4939,1.546702310998974,3.5161390922572395,False
overtake,P0,12006,50,5.0,1.0,22.102516753464513,17.202168997219456,0.0025682972734035266,2.1971549634734907e-25,1000000000.0,45.306999999999995,45.306999999999995,3.6989356159766302,1.7225734383804796,inf,0,0,0,0,-1,inf,0,-1,0,0,7600,0,0,0,2831,4769,1.455488760510042,3.466151599127008,False
overtake,P1,12006,50,5.0,1.0,22.067181866045868,17.202168997219456,0.0025040381765168303,2.1851098415832715e-25,1000000000.0,45.21333333333332,45.21333333333332,3.7924556867002344,1.9703225157493494,inf,0,0,0,0,-1,inf,0,-1,0,0,7600,0,0,0,2790,4810,1.455488760510042,3.466151599127008,False
overtake,P2,12006,50,5.0,1.0,21.86540177179935,17.202168997219456,0.00261672523280541,2.1971549634735012e-25,1000000000.0,45.077000000000005,45.077000000000005,3.9285881294862577,1.807280385259566,inf,0,0,0,0,-1,inf,0,-1,0,0,7600,0,0,0,2701,4899,1.455488760510042,3.466151599127008,False
overtake,P3,12006,50,5.0,1.0,22.102516753464513,17.202168997219456,0.0025682972734035266,2.1971549634734907e-25,1000000000.0,45.306999999999995,45.306999999999995,3.6989356159766302,1.7225734383804796,inf,0,0,0,0,-1,inf,0,-1,0,0,7600,0,0,0,2831,4769,1.455488760510042,3.466151599127008,False
overtake,P4,12006,50,5.0,1.0,21.86540177179935,17.202168997219456,0.00261672523280541,2.1971549634735012e-25,1000000000.0,45.077000000000005,45.077000000000005,3.9285881294862577,1.807280385259566,inf,0,0,0,0,-1,inf,0,-1,0,0,7600,0,0,0,2701,4899,1.455488760510042,3.466151599127008,False
overtake,P0,12007,50,5.0,1.0,21.74747062704487,17.202168997219456,0.0025947434863257453,2.18515530436197e-25,1000000000.0,44.99433333333334,44.99433333333334,4.011139630527064,1.8651564700792176,inf,0,0,0,0,-1,inf,0,-1,0,0,7600,0,0,0,2726,4874,1.557353993928374,3.444879142383061,False
overtake,P1,12007,50,5.0,1.0,21.797628225231424,17.202168997219456,0.002558289067838883,2.185109841584627e-25,1000000000.0,44.96333333333334,44.96333333333334,4.042097657023902,1.9789702893371346,inf,0,0,0,0,-1,inf,0,-1,0,0,7600,0,0,0,2748,4852,1.557353993928374,3.444879142383061,False
overtake,P2,12007,50,5.0,1.0,21.74747062704487,17.202168997219456,0.0025947434863257453,2.18515530436197e-25,1000000000.0,44.99433333333334,44.99433333333334,4.011139630527064,1.8651564700792176,inf,0,0,0,0,-1,inf,0,-1,0,0,7600,0,0,0,2726,4874,1.557353993928374,3.444879142383061,False
overtake,P3,12007,50,5.0,1.0,21.74747062704487,17.202168997219456,0.0025947434863257453,2.18515530436197e-25,1000000000.0,44.99433333333334,44.99433333333334,4.011139630527064,1.8651564700792176,inf,0,0,0,0,-1,inf,0,-1,0,0,7600,0,0,0,2726,4874,1.557353993928374,3.444879142383061,False
overtake,P4,12007,50,5.0,1.0,21.74747062704487,17.202168997219456,0.0025947434863257453,2.18515530436197e-25,1000000000.0,44.99433333333334,44.99433333333334,4.011139630527064,1.8651564700792176,inf,0,0,0,0,-1,inf,0,-1,0,0,7600,0,0,0,2726,4874,1.557353993928374,3.444879142383061,False
overtake,P0,12008,50,5.0,1.0,21.663412340702497,17.202168997219456,0.0026964596221091,2.198391390379414e-25,1000000000.0,44.979333333333315,44.979333333333315,4.02611924011013,1.8469689407973697,inf,0,0,0,0,-1,inf,0,-1,0,0,7600,0,0,0,2613,4987,1.553285045559232,3.6483003846066704,False
overtake,P1,12008,50,5.0,1.0,21.836768804734575,17.202168997219456,0.0025569448098615947,2.185109841584627e-25,1000000000.0,45.009999999999984,45.009999999999984,3.9954944238655252,2.000999168210437,inf,0,0,0,0,-1,inf,0,-1,0,0,7600,0,0,0,2682,4918,1.553285045559232,3.6483003846066704,False
overtake,P2,12008,50,5.0,1.0,21.663412340702497,17.202168997219456,0.0026964596221091,2.198391390379414e-25,1000000000.0,44.979333333333315,44.979333333333315,4.02611924011013,1.8469689407973697,inf,0,0,0,0,-1,inf,0,-1,0,0,7600,0,0,0,2613,4987,1.553285045559232,3.6483003846066704,False
overtake,P3,12008,50,5.0,1.0,21.663412340702497,17.202168997219456,0.0026964596221091,2.198391390379414e-25,1000000000.0,44.979333333333315,44.979333333333315,4.02611924011013,1.8469689407973697,inf,0,0,0,0,-1,inf,0,-1,0,0,7600,0,0,0,2613,4987,1.553285045559232,3.6483003846066704,False
overtake,P4,12008,50,5.0,1.0,21.663412340702497,17.202168997219456,0.0026964596221091,2.198391390379414e-25,1000000000.0,44.979333333333315,44.979333333333315,4.02611924011013,1.8469689407973697,inf,0,0,0,0,-1,inf,0,-1,0,0,7600,0,0,0,2613,4987,1.553285045559232,3.6483003846066704,False
overtake,P0,12009,50,5.0,1.0,22.002357839668463,17.202168997219456,0.0025309898044241753,2.18511050399752e-25,1000000000.0,45.17666666666666,45.17666666666666,3.8290669188352124,1.6976433127695911,inf,0,0,0,0,-1,inf,0,-1,0,0,7600,0,0,0,2819,4781,1.5348255184463864,3.5612333037564654,False
overtake,P1,12009,50,5.0,1.0,22.02071824217503,17.202168997219456,0.0025173389686647886,2.1851098415832715e-25,1000000000.0,45.15333333333331,45.15333333333331,3.8523655246594943,1.719797283108887,inf,0,0,0,0,-1,inf,0,-1,0,0,7600,0,0,0,2836,4764,1.5348255184463864,3.5612333037564654,False
overtake,P2,12009,50,5.0,1.0,22.002357839668463,17.202168997219456,0.0025309898044241753,2.18511050399752e-25,1000000000.0,45.17666666666666,45.17666666666666,3.8290669188352124,1.6976433127695911,inf,0,0,0,0,-1,inf,0,-1,0,0,7600,0,0,0,2819,4781,1.5348255184463864,3.5612333037564654,False
overtake,P3,12009,50,5.0,1.0,22.002357839668463,17.202168997219456,0.0025309898044241753,2.18511050399752e-25,1000000000.0,45.17666666666666,45.17666666666666,3.8290669188352124,1.6976433127695911,inf,0,0,0,0,-1,inf,0,-1,0,0,7600,0,0,0,2819,4781,1.5348255184463864,3.5612333037564654,False
overtake,P4,12009,50,5.0,1.0,22.002357839668463,17.202168997219456,0.0025309898044241753,2.18511050399752e-25,1000000000.0,45.17666666666666,45.17666666666666,3.8290669188352124,1.6976433127695911,inf,0,0,0,0,-1,inf,0,-1,0,0,7600,0,0,0,2819,4781,1.5348255184463864,3.5612333037564654,False
overtake,P0,12010,50,5.0,1.0,21.722005509731687,17.202168997219456,0.002625859648185519,2.1851561006234426e-25,1000000000.0,44.89333333333336,44.89333333333336,4.112005204550607,2.0576846692800994,inf,0,0,0,0,-1,inf,0,-1,0,0,7600,0,0,0,2653,4947,1.368788606486982,3.272745167387429,False
overtake,P1,12010,50,5.0,1.0,21.857975599527208,17.202168997219456,0.0025669427598626633,2.185109841626682e-25,1000000000.0,45.030000000000015,45.030000000000015,3.975522065231214,2.051802540064014,inf,0,0,0,0,-1,inf,0,-1,0,0,7600,0,0,0,2754,4846,1.368788606486982,3.272745167387429,False
overtake,P2,12010,50,5.0,1.0,21.722005509731687,17.202168997219456,0.002625859648185519,2.1851561006234426e-25,1000000000.0,44.89333333333336,44.89333333333336,4.112005204550607,2.0576846692800994,inf,0,0,0,0,-1,inf,0,-1,0,0,7600,0,0,0,2653,4947,1.368788606486982,3.272745167387429,False
overtake,P3,12010,50,5.0,1.0,21.722005509731687,17.202168997219456,0.002625859648185519,2.1851561006234426e-25,1000000000.0,44.89333333333336,44.89333333333336,4.112005204550607,2.0576846692800994,inf,0,0,0,0,-1,inf,0,-1,0,0,7600,0,0,0,2653,4947,1.368788606486982,3.272745167387429,False
overtake,P4,12010,50,5.0,1.0,21.71612979589095,17.202168997219456,0.002626178767890725,2.1851561006234426e-25,1000000000.0,44.86999999999998,44.86999999999998,4.135308415480098,2.0793931757154875,inf,0,0,0,0,-1,inf,0,-1,0,0,7600,0,0,0,2642,4958,1.368788606486982,3.272745167387429,False
overtake,P0,12011,50,5.0,1.0,21.63703253514515,17.202168997219456,0.0027046505864851823,2.1978585761413655e-25,1000000000.0,45.00666666666665,45.00666666666665,3.9988231771674516,1.7357743646205586,inf,0,0,0,0,-1,inf,0,-1,0,0,7600,0,0,0,2656,4944,1.5093259895039113,3.5815277556345846,False
overtake,P1,12011,50,5.0,1.0,21.82813521307485,17.202168997219456,0.0025509005469454573,2.185109841584627e-25,1000000000.0,45.05666666666666,45.05666666666666,3.948892688959555,1.7990421296159527,inf,0,0,0,0,-1,inf,0,-1,0,0,7600,0,0,0,2695,4905,1.5093259895039113,3.5815277556345846,False
overtake,P2,12011,50,5.0,1.0,21.63703253514515,17.202168997219456,0.0027046505864851823,2.1978585761413655e-25,1000000000.0,45.00666666666665,45.00666666666665,3.9988231771674516,1.7357743646205586,inf,0,0,0,0,-1,inf,0,-1,0,0,7600,0,0,0,2656,4944,1.5093259895039113,3.5815277556345846,False
overtake,P3,12011,50,5.0,1.0,21.63703253514515,17.202168997219456,0.0027046505864851823,2.1978585761413655e-25,1000000000.0,45.00666666666665,45.00666666666665,3.9988231771674516,1.7357743646205586,inf,0,0,0,0,-1,inf,0,-1,0,0,7600,0,0,0,2656,4944,1.5093259895039113,3.5815277556345846,False
overtake,P4,12011,50,5.0,1.0,21.63703253514515,17.202168997219456,0.0027046505864851823,2.1978585761413655e-25,1000000000.0,45.00666666666665,45.00666666666665,3.9988231771674516,1.7357743646205586,inf,0,0,0,0,-1,inf,0,-1,0,0,7600,0,0,0,2656,4944,1.5093259895039113,3.5815277556345846,False
overtake,P0,12012,50,5.0,1.0,21.93580022741282,17.202168997219456,0.0025455261936612817,2.1906879063036844e-25,1000000000.0,44.98666666666667,44.98666666666667,4.018795856420774,1.9450633212750539,inf,0,0,0,0,-1,inf,0,-1,0,0,7600,0,0,0,2873,4727,1.4018835255678204,3.3403574658579602,False
overtake,P1,12012,50,5.0,1.0,21.877899629656273,17.202168997219456,0.002528731981374277,2.185109841584587e-25,1000000000.0,44.83999999999998,44.83999999999998,4.165270182249949,2.2001825420233154,inf,0,0,0,0,-1,inf,0,-1,0,0,7600,0,0,0,2810,4790,1.4018835255678204,3.3403574658579602,False
overtake,P2,12012,50,5.0,1.0,21.93580022741282,17.202168997219456,0.0025455261936612817,2.1906879063036844e-25,1000000000.0,44.98666666666667,44.98666666666667,4.018795856420774,1.9450633212750539,inf,0,0,0,0,-1,inf,0,-1,0,0,7600,0,0,0,2873,4727,1.4018835255678204,3.3403574658579602,False
overtake,P3,12012,50,5.0,1.0,21.93580022741282,17.202168997219456,0.0025455261936612817,2.1906879063036844e-25,1000000000.0,44.98666666666667,44.98666666666667,4.018795856420774,1.9450633212750539,inf,0,0,0,0,-1,inf,0,-1,0,0,7600,0,0,0,2873,4727,1.4018835255678204,3.3403574658579602,False
overtake,P4,12012,50,5.0,1.0,21.93580022741282,17.202168997219456,0.0025455261936612817,2.1906879063036844e-25,1000000000.0,44.98666666666667,44.98666666666667,4.018795856420774,1.9450633212750539,inf,0,0,0,0,-1,inf,0,-1,0,0,7600,0,0,0,2873,4727,1.4018835255678204,3.3403574658579602,False
overtake,P0,12013,50,5.0,1.0,21.872072477683798,17.202168997219456,0.002652011993678221,2.1979377047425284e-25,1000000000.0,45.27199999999998,45.27199999999998,3.733879978138096,1.6158216550747801,inf,0,0,0,0,-1,inf,0,-1,0,0,7600,0,0,0,2744,4856,1.5833668881154837,3.5677374063953344,False
overtake,P1,12013,50,5.0,1.0,21.966013106154428,17.202168997219456,0.002543371761649137,2.185109842512363e-25,1000000000.0,45.14666666666667,45.14666666666667,3.859022346257941,2.0006662819756045,inf,0,0,0,0,-1,inf,0,-1,0,0,7600,0,0,0,2726,4874,1.5833668881154837,3.5677374063953344,False
overtake,P2,12013,50,5.0,1.0,21.872072477683798,17.202168997219456,0.002652011993678221,2.1979377047425284e-25,1000000000.0,45.27199999999998,45.27199999999998,3.733879978138096,1.6158216550747801,inf,0,0,0,0,-1,inf,0,-1,0,0,7600,0,0,0,2744,4856,1.5833668881154837,3.5677374063953344,False
overtake,P3,12013,50,5.0,1.0,21.872072477683798,17.202168997219456,0.002652011993678221,2.1979377047425284e-25,1000000000.0,45.27199999999998,45.27199999999998,3.733879978138096,1.6158216550747801,inf,0,0,0,0,-1,inf,0,-1,0,0,7600,0,0,0,2744,4856,1.5833668881154837,3.5677374063953344,False
overtake,P4,12013,50,5.0,1.0,21.872072477683798,17.202168997219456,0.002652011993678221,2.1979377047425284e-25,1000000000.0,45.27199999999998,45.27199999999998,3.733879978138096,1.6158216550747801,inf,0,0,0,0,-1,inf,0,-1,0,0,7600,0,0,0,2744,4856,1.5833668881154837,3.5677374063953344,False
overtake,P0,12014,50,5.0,1.0,21.50469574173672,17.202168997219456,0.002882180427855277,2.2079834007919117e-25,1000000000.0,44.97699999999999,44.97699999999999,4.028449415239127,1.8542828845371708,inf,0,0,0,0,-1,inf,0,-1,0,0,7600,0,0,0,2856,4744,1.636955170623836,3.81680713607935,False
overtake,P1,12014,50,5.0,1.0,21.507603535277948,17.202168997219456,0.0028321731618701964,2.196110214958546e-25,1000000000.0,44.86333333333333,44.86333333333333,4.141966538041021,1.961330381517204,inf,0,0,0,0,-1,inf,0,-1,0,0,7600,0,0,0,2819,4781,1.636955170623836,3.81680713607935,False
overtake,P2,12014,50,5.0,1.0,21.406570923481326,17.202168997219456,0.002900963117827974,2.2079834007919117e-25,1000000000.0,44.813,44.813,4.1922362399011295,1.957264695585907,inf,0,0,0,0,-1,inf,0,-1,0,0,7600,0,0,0,2785,4815,1.636955170623836,3.81680713607935,False
overtake,P3,12014,50,5.0,1.0,21.50469574173672,17.202168997219456,0.002882180427855277,2.2079834007919117e-25,1000000000.0,44.97699999999999,44.97699999999999,4.028449415239127,1.8542828845371708,inf,0,0,0,0,-1,inf,0,-1,0,0,7600,0,0,0,2856,4744,1.636955170623836,3.81680713607935,False
overtake,P4,12014,50,5.0,1.0,21.50469574173672,17.202168997219456,0.002882180427855277,2.2079834007919117e-25,1000000000.0,44.97699999999999,44.97699999999999,4.028449415239127,1.8542828845371708,inf,0,0,0,0,-1,inf,0,-1,0,0,7600,0,0,0,2856,4744,1.636955170623836,3.81680713607935,False
overtake,P0,12015,50,5.0,1.0,22.00085780805672,17.202168997219456,0.0025526867312281216,2.1952440714313886e-25,1000000000.0,45.2653333333333,45.2653333333333,3.74053616507737,1.8148211267973604,inf,0,0,0,0,-1,inf,0,-1,0,0,7600,0,0,0,2890,4710,1.513588809879422,3.534211880306296,False
overtake,P1,12015,50,5.0,1.0,22.036548140736457,17.202168997219456,0.002509323672474056,2.1851098415832715e-25,1000000000.0,45.18666666666667,45.18666666666667,3.8190819318589493,2.024639057643666,inf,0,0,0,0,-1,inf,0,-1,0,0,7600,0,0,0,2871,4729,1.513588809879422,3.534211880306296,False
overtake,P2,12015,50,5.0,1.0,22.00085780805672,17.202168997219456,0.0025526867312281216,2.1952440714313886e-25,1000000000.0,45.2653333333333,45.2653333333333,3.74053616507737,1.8148211267973604,inf,0,0,0,0,-1,inf,0,-1,0,0,7600,0,0,0,2890,4710,1.513588809879422,3.534211880306296,False
overtake,P3,12015,50,5.0,1.0,22.00085780805672,17.202168997219456,0.0025526867312281216,2.1952440714313886e-25,1000000000.0,45.2653333333333,45.2653333333333,3.74053616507737,1.8148211267973604,inf,0,0,0,0,-1,inf,0,-1,0,0,7600,0,0,0,2890,4710,1.513588809879422,3.534211880306296,False
overtake,P4,12015,50,5.0,1.0,21.994307356618627,17.202168997219456,0.0025529921648260096,2.1952440714313886e-25,1000000000.0,45.24866666666664,45.24866666666664,3.7571767950042463,1.8294410098382947,inf,0,0,0,0,-1,inf,0,-1,0,0,7600,0,0,0,2881,4719,1.513588809879422,3.534211880306296,False
overtake,P0,12016,50,5.0,1.0,21.85600252337716,17.202168997219456,0.002630432409826996,2.1977973168185033e-25,1000000000.0,45.138666666666644,45.138666666666644,3.8670105769510976,1.8593582154730346,inf,0,0,0,0,-1,inf,0,-1,0,0,7600,0,0,0,2674,4926,1.4870590301279005,3.4922623650657045,False
overtake,P1,12016,50,5.0,1.0,21.970875320128947,17.202168997219456,0.0025216288305792457,2.185109841584627e-25,1000000000.0,45.05999999999999,45.05999999999999,3.9455640523428928,1.952241117203114,inf,0,0,0,0,-1,inf,0,-1,0,0,7600,0,0,0,2684,4916,1.4870590301279005,3.4922623650657045,False
overtake,P2,12016,50,5.0,1.0,21.85600252337716,17.202168997219456,0.002630432409826996,2.1977973168185033e-25,1000000000.0,45.138666666666644,45.138666666666644,3.8670105769510976,1.8593582154730346,inf,0,0,0,0,-1,inf,0,-1,0,0,7600,0,0,0,2674,4926,1.4870590301279005,3.4922623650657045,False
overtake,P3,12016,50,5.0,1.0,21.85600252337716,17.202168997219456,0.002630432409826996,2.1977973168185033e-25,1000000000.0,45.138666666666644,45.138666666666644,3.8670105769510976,1.8593582154730346,inf,0,0,0,0,-1,inf,0,-1,0,0,7600,0,0,0,2674,4926,1.4870590301279005,3.4922623650657045,False
overtake,P4,12016,50,5.0,1.0,21.85600252337716,17.202168997219456,0.002630432409826996,2.1977973168185033e-25,1000000000.0,45.138666666666644,45.138666666666644,3.8670105769510976,1.8593582154730346,inf,0,0,0,0,-1,inf,0,-1,0,0,7600,0,0,0,2674,4926,1.4870590301279005,3.4922623650657045,False
overtake,P0,12017,50,5.0,1.0,21.75547841282144,17.202168997219456,0.0026849932268855543,2.1962580958208585e-25,1000000000.0,45.092333333333336,45.092333333333336,3.9132766920980853,1.856432768063933,inf,0,0,0,0,-1,inf,0,-1,0,0,7600,0,0,0,2753,4847,1.5184609622154692,3.5145583883358893,False
overtake,P1,12017,50,5.0,1.0,22.0852842811617,17.202168997219456,0.0025152005588359454,2.185109842510328e-25,1000000000.0,45.23333333333333,45.23333333333333,3.772486377565624,1.7803560581707842,inf,0,0,0,0,-1,inf,0,-1,0,0,7600,0,0,0,2906,4694,1.5184609622154692,3.5145583883358893,False
overtake,P2,12017,50,5.0,1.0,21.75547841282144,17.202168997219456,0.0026849932268855543,2.1962580958208585e-25,1000000000.0,45.092333333333336,45.092333333333336,3.9132766920980853,1.856432768063933,inf,0,0,0,0,-1,inf,0,-1,0,0,7600,0,0,0,2753,4847,1.5184609622154692,3.5145583883358893,False
overtake,P3,12017,50,5.0,1.0,21.75547841282144,17.202168997219456,0.0026849932268855543,2.1962580958208585e-25,1000000000.0,45.092333333333336,45.092333333333336,3.9132766920980853,1.856432768063933,inf,0,0,0,0,-1,inf,0,-1,0,0,7600,0,0,0,2753,4847,1.5184609622154692,3.5145583883358893,False
overtake,P4,12017,50,5.0,1.0,21.744800920422417,17.202168997219456,0.002685479157111093,2.1962580958208585e-25,1000000000.0,45.04900000000001,45.04900000000001,3.956548583189688,1.8945855095864514,inf,0,0,0,0,-1,inf,0,-1,0,0,7600,0,0,0,2737,4863,1.5184609622154692,3.5145583883358893,False
overtake,P0,12018,50,5.0,1.0,21.939855408525144,17.202168997219456,0.0026041013658344796,2.197093005491787e-25,1000000000.0,45.196999999999996,45.196999999999996,3.808764194740915,1.7692939755379082,inf,0,0,0,0,-1,inf,0,-1,0,0,7600,0,0,0,2782,4818,1.4370902724678067,3.34961023139229,False
overtake,P1,12018,50,5.0,1.0,21.94271516020136,17.202168997219456,0.002553715200813822,2.185109841626682e-25,1000000000.0,45.100000000000016,45.100000000000016,3.905621037829996,1.8501576499292205,inf,0,0,0,0,-1,inf,0,-1,0,0,7600,0,0,0,2749,4851,1.4370902724678067,3.34961023139229,False
overtake,P2,12018,50,5.0,1.0,21.939855408525144,17.202168997219456,0.0026041013658344796,2.197093005491787e-25,1000000000.0,45.196999999999996,45.196999999999996,3.808764194740915,1.7692939755379082,inf,0,0,0,0,-1,inf,0,-1,0,0,7600,0,0,0,2782,4818,1.4370902724678067,3.34961023139229,False
overtake,P3,12018,50,5.0,1.0,21.939855408525144,17.202168997219456,0.0026041013658344796,2.197093005491787e-25,1000000000.0,45.196999999999996,45.196999999999996,3.808764194740915,1.7692939755379082,inf,0,0,0,0,-1,inf,0,-1,0,0,7600,0,0,0,2782,4818,1.4370902724678067,3.34961023139229,False
overtake,P4,12018,50,5.0,1.0,21.93162560827674,17.202168997219456,0.002604461093576668,2.197093005491787e-25,1000000000.0,45.17366666666665,45.17366666666665,3.8320624301958204,1.788367545020209,inf,0,0,0,0,-1,inf,0,-1,0,0,7600,0,0,0,2776,4824,1.4370902724678067,3.34961023139229,False
overtake,P0,12019,50,5.0,1.0,21.943237319377744,17.202168997219456,0.002592204739062897,2.1875235594086775e-25,1000000000.0,45.062333333333314,45.062333333333314,3.9432340114325335,1.9721005792677087,inf,0,0,0,0,-1,inf,0,-1,0,0,7600,0,0,0,2844,4756,1.4837016757779875,3.3754186118820457,False
overtake,P1,12019,50,5.0,1.0,22.00180528311327,17.202168997219456,0.002526562565674101,2.1851098425644805e-25,1000000000.0,45.10333333333332,45.10333333333332,3.9022925059830675,2.083433112925687,inf,0,0,0,0,-1,inf,0,-1,0,0,7600,0,0,0,2899,4701,1.4837016757779875,3.3754186118820457,False
overtake,P2,12019,50,5.0,1.0,21.901387141968403,17.202168997219456,0.0026044963958171212,2.1875235594086775e-25,1000000000.0,45.048999999999985,45.048999999999985,3.956548583189709,1.9704224854195251,inf,0,0,0,0,-1,inf,0,-1,0,0,7600,0,0,0,2812,4788,1.4837016757779875,3.3754186118820457,False
overtake,P3,12019,50,5.0,1.0,21.943237319377744,17.202168997219456,0.002592204739062897,2.1875235594086775e-25,1000000000.0,45.062333333333314,45.062333333333314,3.9432340114325335,1.9721005792677087,inf,0,0,0,0,-1,inf,0,-1,0,0,7600,0,0,0,2844,4756,1.4837016757779875,3.3754186118820457,False
overtake,P4,12019,50,5.0,1.0,21.898641075268436,17.202168997219456,0.002604598346566878,2.1875235594086775e-25,1000000000.0,45.03399999999999,45.03399999999999,3.971527626888732,1.9704224854195251,inf,0,0,0,0,-1,inf,0,-1,0,0,7600,0,0,0,2805,4795,1.4837016757779875,3.3754186118820457,False
intersection_turn,P0,12000,50,5.0,1.0,18.461457296262257,14.72403780401211,0.009576788578875672,2.2614855272116717e-15,999999999.9999979,42.64333333333333,42.64333333333333,5.416075865216237,3.9550147740798045,inf,0,0,0,0,-1,inf,0,-1,0,0,7600,0,0,0,2318,5282,1.4578250413582803,3.3853238124954568,False
intersection_turn,P1,12000,50,5.0,1.0,18.460559183672352,14.72403780401211,0.009577244924793397,2.2614855272116717e-15,999999999.9999979,42.61999999999998,42.61999999999998,5.439154346035805,3.9550147740798045,inf,0,0,0,0,-1,inf,0,-1,0,0,7600,0,0,0,2309,5291,1.4578250413582803,3.3853238124954568,False
intersection_turn,P2,12000,50,5.0,1.0,18.461457296262257,14.72403780401211,0.009576788578875672,2.2614855272116717e-15,999999999.9999979,42.64333333333333,42.64333333333333,5.416075865216237,3.9550147740798045,inf,0,0,0,0,-1,inf,0,-1,0,0,7600,0,0,0,2318,5282,1.4578250413582803,3.3853238124954568,False
intersection_turn,P3,12000,50,5.0,1.0,18.461457296262257,14.72403780401211,0.009576788578875672,2.2614855272116717e-15,999999999.9999979,42.64333333333333,42.64333333333333,5.416075865216237,3.9550147740798045,inf,0,0,0,0,-1,inf,0,-1,0,0,7600,0,0,0,2318,5282,1.4578250413582803,3.3853238124954568,False
intersection_turn,P4,12000,50,5.0,1.0,18.461457296262257,14.72403780401211,0.009576788578875672,2.2614855272116717e-15,999999999.9999979,42.64333333333333,42.64333333333333,5.416075865216237,3.9550147740798045,inf,0,0,0,0,-1,inf,0,-1,0,0,7600,0,0,0,2318,5282,1.4578250413582803,3.3853238124954568,False
intersection_turn,P0,12001,50,5.0,1.0,18.46706860404928,14.72403780401211,0.009573876638060905,2.2614855272116717e-15,999999999.9999979,42.769999999999996,42.769999999999996,5.290831692654761,3.9550147740798045,inf,0,0,0,0,-1,inf,0,-1,0,0,7600,0,0,0,2344,5256,1.5002729879920145,3.408824821313833,False
intersection_turn,P1,12001,50,5.0,1.0,18.46646311737331,14.72403780401211,0.009574171777644627,2.2614855272116717e-15,999999999.9999979,42.749999999999986,42.749999999999986,5.310602602341861,3.9550147740798045,inf,0,0,0,0,-1,inf,0,-1,0,0,7600,0,0,0,2338,5262,1.5002729879920145,3.408824821313833,False
intersection_turn,P2,12001,50,5.0,1.0,18.46706860404928,14.72403780401211,0.009573876638060905,2.2614855272116717e-15,999999999.9999979,42.769999999999996,42.769999999999996,5.290831692654761,3.9550147740798045,inf,0,0,0,0,-1,inf,0,-1,0,0,7600,0,0,0,2344,5256,1.5002729879920145,3.408824821313833,False
intersection_turn,P3,12001,50,5.0,1.0,18.46706860404928,14.72403780401211,0.009573876638060905,2.2614855272116717e-15,999999999.9999979,42.769999999999996,42.769999999999996,5.290831692654761,3.9550147740798045,inf,0,0,0,0,-1,inf,0,-1,0,0,7600,0,0,0,2344,5256,1.5002729879920145,3.408824821313833,False
intersection_turn,P4,12001,50,5.0,1.0,18.46706860404928,14.72403780401211,0.009573876638060905,2.2614855272116717e-15,999999999.9999979,42.769999999999996,42.769999999999996,5.290831692654761,3.9550147740798045,inf,0,0,0,0,-1,inf,0,-1,0,0,7600,0,0,0,2344,5256,1.5002729879920145,3.408824821313833,False
intersection_turn,P0,12002,50,5.0,1.0,18.468520898927004,14.72403780401211,0.009572956869537259,2.2614855272116717e-15,999999999.9999979,42.78333333333331,42.78333333333331,5.277652045285986,3.9550147740798045,inf,0,0,0,0,-1,inf,0,-1,0,0,7600,0,0,0,2292,5308,1.513943120578303,3.401526975147604,False
intersection_turn,P1,12002,50,5.0,1.0,18.46833024439319,14.72403780401211,0.009573046701499633,2.2614855272116717e-15,999999999.9999979,42.77666666666665,42.77666666666665,5.284241772583015,3.9550147740798045,inf,0,0,0,0,-1,inf,0,-1,0,0,7600,0,0,0,2290,5310,1.513943120578303,3.401526975147604,False
intersection_turn,P2,12002,50,5.0,1.0,18.468520898927004,14.72403780401211,0.009572956869537259,2.2614855272116717e-15,999999999.9999979,42.78333333333331,42.78333333333331,5.277652045285986,3.9550147740798045,inf,0,0,0,0,-1,inf,0,-1,0,0,7600,0,0,0,2292,5308,1.513943120578303,3.401526975147604,False
intersection_turn,P3,12002,50,5.0,1.0,18.468520898927004,14.72403780401211,0.009572956869537259,2.2614855272116717e-15,999999999.9999979,42.78333333333331,42.78333333333331,5.277652045285986,3.9550147740798045,inf,0,0,0,0,-1,inf,0,-1,0,0,7600,0,0,0,2292,5308,1.513943120578303,3.401526975147604,False
intersection_turn,P4,12002,50,5.0,1.0,18.468520898927004,14.72403780401211,0.009572956869537259,2.2614855272116717e-15,999999999.9999979,42.78333333333331,42.78333333333331,5.277652045285986,3.9550147740798045,inf,0,0,0,0,-1,inf,0,-1,0,0,7600,0,0,0,2292,5308,1.513943120578303,3.401526975147604,False
intersection_turn,P0,12003,50,5.0,1.0,18.449193521007672,14.72403780401211,0.00958539736167365,2.2614855272116717e-15,999999999.9999979,42.56000000000001,42.56000000000001,5.498508888780657,3.9550147740798045,inf,0,0,0,0,-1,inf,0,-1,0,0,7600,0,0,0,2459,5141,1.5326538013380009,3.3728713834416535,False
intersection_turn,P1,12003,50,5.0,1.0,18.449082870309063,14.72403780401211,0.00958544887307216,2.2614855272116717e-15,999999999.9999979,42.550000000000004,42.550000000000004,5.50840267228168,3.9550147740798045,inf,0,0,0,0,-1,inf,0,-1,0,0,7600,0,0,0,2454,5146,1.5326538013380009,3.3728713834416535,False
intersection_turn,P2,12003,50,5.0,1.0,18.449193521007672,14.72403780401211,0.00958539736167365,2.2614855272116717e-15,999999999.9999979,42.56000000000001,42.56000000000001,5.498508888780657,3.9550147740798045,inf,0,0,0,0,-1,inf,0,-1,0,0,7600,0,0,0,2459,5141,1.5326538013380009,3.3728713834416535,False
intersection_turn,P3,12003,50,5.0,1.0,18.449193521007672,14.72403780401211,0.00958539736167365,2.2614855272116717e-15,999999999.9999979,42.56000000000001,42.56000000000001,5.498508888780657,3.9550147740798045,inf,0,0,0,0,-1,inf,0,-1,0,0,7600,0,0,0,2459,5141,1.5326538013380009,3.3728713834416535,False
intersection_turn,P4,12003,50,5.0,1.0,18.449193521007672,14.72403780401211,0.00958539736167365,2.2614855272116717e-15,999999999.9999979,42.56000000000001,42.56000000000001,5.498508888780657,3.9550147740798045,inf,0,0,0,0,-1,inf,0,-1,0,0,7600,0,0,0,2459,5141,1.5326538013380009,3.3728713834416535,False
intersection_turn,P0,12004,50,5.0,1.0,18.46821362605534,14.72403780401211,0.00957309623894609,2.2614855272116717e-15,999999999.9999979,42.76999999999999,42.76999999999999,5.290831692654768,3.9550147740798045,inf,0,0,0,0,-1,inf,0,-1,0,0,7600,0,0,0,2452,5148,1.4238684241052852,3.336154439588049,False
intersection_turn,P1,12004,50,5.0,1.0,18.466763190988424,14.72403780401211,0.009573789762203463,2.2614855272116717e-15,999999999.9999979,42.70999999999998,42.70999999999998,5.350149530620636,3.9550147740798045,inf,0,0,0,0,-1,inf,0,-1,0,0,7600,0,0,0,2437,5163,1.4238684241052852,3.336154439588049,False
intersection_turn,P2,12004,50,5.0,1.0,18.46821362605534,14.72403780401211,0.00957309623894609,2.2614855272116717e-15,999999999.9999979,42.76999999999999,42.76999999999999,5.290831692654768,3.9550147740798045,inf,0,0,0,0,-1,inf,0,-1,0,0,7600,0,0,0,2452,5148,1.4238684241052852,3.336154439588049,False
intersection_turn,P3,12004,50,5.0,1.0,18.46821362605534,14.72403780401211,0.00957309623894609,2.2614855272116717e-15,999999999.9999979,42.76999999999999,42.76999999999999,5.290831692654768,3.9550147740798045,inf,0,0,0,0,-1,inf,0,-1,0,0,7600,0,0,0,2452,5148,1.4238684241052852,3.336154439588049,False
intersection_turn,P4,12004,50,5.0,1.0,18.46821362605534,14.72403780401211,0.00957309623894609,2.2614855272116717e-15,999999999.9999979,42.76999999999999,42.76999999999999,5.290831692654768,3.9550147740798045,inf,0,0,0,0,-1,inf,0,-1,0,0,7600,0,0,0,2452,5148,1.4238684241052852,3.336154439588049,False
intersection_turn,P0,12005,50,5.0,1.0,18.458095540028058,14.72403780401211,0.00958059848749672,2.2614855272116717e-15,999999999.9999979,42.70333333333333,42.70333333333333,5.356741339450485,3.9550147740798045,inf,0,0,0,0,-1,inf,0,-1,0,0,7600,0,0,0,2291,5309,1.554777388687552,3.406408007967264,False
intersection_turn,P1,12005,50,5.0,1.0,18.457280769351787,14.72403780401211,0.009580994221859276,2.2614855272116717e-15,999999999.9999979,42.67,42.67,5.389703145814246,3.9550147740798045,inf,0,0,0,0,-1,inf,0,-1,0,0,7600,0,0,0,2283,5317,1.554777388687552,3.406408007967264,False
intersection_turn,P2,12005,50,5.0,1.0,18.458095540028058,14.72403780401211,0.00958059848749672,2.2614855272116717e-15,999999999.9999979,42.70333333333333,42.70333333333333,5.356741339450485,3.9550147740798045,inf,0,0,0,0,-1,inf,0,-1,0,0,7600,0,0,0,2291,5309,1.554777388687552,3.406408007967264,False
intersection_turn,P3,12005,50,5.0,1.0,18.458095540028058,14.72403780401211,0.00958059848749672,2.2614855272116717e-15,999999999.9999979,42.70333333333333,42.70333333333333,5.356741339450485,3.9550147740798045,inf,0,0,0,0,-1,inf,0,-1,0,0,7600,0,0,0,2291,5309,1.554777388687552,3.406408007967264,False
intersection_turn,P4,12005,50,5.0,1.0,18.458095540028058,14.72403780401211,0.00958059848749672,2.2614855272116717e-15,999999999.9999979,42.70333333333333,42.70333333333333,5.356741339450485,3.9550147740798045,inf,0,0,0,0,-1,inf,0,-1,0,0,7600,0,0,0,2291,5309,1.554777388687552,3.406408007967264,False
intersection_turn,P0,12006,50,5.0,1.0,18.46669475881488,14.72403780401211,0.009573820383785825,2.2614855272116717e-15,999999999.9999979,42.69999999999998,42.69999999999998,5.360037313302977,3.9550147740798045,inf,0,0,0,0,-1,inf,0,-1,0,0,7600,0,0,0,2343,5257,1.4856520879924613,3.4052333220140194,False
intersection_turn,P1,12006,50,5.0,1.0,18.46669475881488,14.72403780401211,0.009573820383785825,2.2614855272116717e-15,999999999.9999979,42.69999999999998,42.69999999999998,5.360037313302977,3.9550147740798045,inf,0,0,0,0,-1,inf,0,-1,0,0,7600,0,0,0,2343,5257,1.4856520879924613,3.4052333220140194,False
intersection_turn,P2,12006,50,5.0,1.0,18.46669475881488,14.72403780401211,0.009573820383785825,2.2614855272116717e-15,999999999.9999979,42.69999999999998,42.69999999999998,5.360037313302977,3.9550147740798045,inf,0,0,0,0,-1,inf,0,-1,0,0,7600,0,0,0,2343,5257,1.4856520879924613,3.4052333220140194,False
intersection_turn,P3,12006,50,5.0,1.0,18.46669475881488,14.72403780401211,0.009573820383785825,2.2614855272116717e-15,999999999.9999979,42.69999999999998,42.69999999999998,5.360037313302977,3.9550147740798045,inf,0,0,0,0,-1,inf,0,-1,0,0,7600,0,0,0,2343,5257,1.4856520879924613,3.4052333220140194,False
intersection_turn,P4,12006,50,5.0,1.0,18.46669475881488,14.72403780401211,0.009573820383785825,2.2614855272116717e-15,999999999.9999979,42.69999999999998,42.69999999999998,5.360037313302977,3.9550147740798045,inf,0,0,0,0,-1,inf,0,-1,0,0,7600,0,0,0,2343,5257,1.4856520879924613,3.4052333220140194,False
intersection_turn,P0,12007,50,5.0,1.0,18.446007868902456,14.72403780401211,0.00958958007399296,2.2614855272116717e-15,999999999.9999979,42.61999999999999,42.61999999999999,5.439154346035798,3.9550147740798045,inf,0,0,0,0,-1,inf,0,-1,0,0,7600,0,0,0,2387,5213,1.5196910830525079,3.272841441980094,False
intersection_turn,P1,12007,50,5.0,1.0,18.439259437309172,14.72403780401211,0.009594493025935853,2.2614855272116717e-15,999999999.9999979,42.56000000000001,42.56000000000001,5.498508888780657,3.9550147740798045,inf,0,0,0,0,-1,inf,0,-1,0,0,7600,0,0,0,2369,5231,1.5196910830525079,3.272841441980094,False
intersection_turn,P2,12007,50,5.0,1.0,18.446007868902456,14.72403780401211,0.00958958007399296,2.2614855272116717e-15,999999999.9999979,42.61999999999999,42.61999999999999,5.439154346035798,3.9550147740798045,inf,0,0,0,0,-1,inf,0,-1,0,0,7600,0,0,0,2387,5213,1.5196910830525079,3.272841441980094,False
intersection_turn,P3,12007,50,5.0,1.0,18.446007868902456,14.72403780401211,0.00958958007399296,2.2614855272116717e-15,999999999.9999979,42.61999999999999,42.61999999999999,5.439154346035798,3.9550147740798045,inf,0,0,0,0,-1,inf,0,-1,0,0,7600,0,0,0,2387,5213,1.5196910830525079,3.272841441980094,False
intersection_turn,P4,12007,50,5.0,1.0,18.446007868902456,14.72403780401211,0.00958958007399296,2.2614855272116717e-15,999999999.9999979,42.61999999999999,42.61999999999999,5.439154346035798,3.9550147740798045,inf,0,0,0,0,-1,inf,0,-1,0,0,7600,0,0,0,2387,5213,1.5196910830525079,3.272841441980094,False
intersection_turn,P0,12008,50,5.0,1.0,18.464911243139742,14.72403780401211,0.00957483391717866,2.2614855272116717e-15,999999999.9999979,42.699999999999974,42.699999999999974,5.360037313302984,3.9550147740798045,inf,0,0,0,0,-1,inf,0,-1,0,0,7600,0,0,0,2327,5273,1.5669078072283567,3.5149590290470467,False
intersection_turn,P1,12008,50,5.0,1.0,18.4633454516772,14.72403780401211,0.009575659745776155,2.2614855272116717e-15,999999999.9999979,42.66333333333333,42.66333333333333,5.396296054805664,3.9550147740798045,inf,0,0,0,0,-1,inf,0,-1,0,0,7600,0,0,0,2319,5281,1.5669078072283567,3.5149590290470467,False
intersection_turn,P2,12008,50,5.0,1.0,18.464911243139742,14.72403780401211,0.00957483391717866,2.2614855272116717e-15,999999999.9999979,42.699999999999974,42.699999999999974,5.360037313302984,3.9550147740798045,inf,0,0,0,0,-1,inf,0,-1,0,0,7600,0,0,0,2327,5273,1.5669078072283567,3.5149590290470467,False
intersection_turn,P3,12008,50,5.0,1.0,18.464911243139742,14.72403780401211,0.00957483391717866,2.2614855272116717e-15,999999999.9999979,42.699999999999974,42.699999999999974,5.360037313302984,3.9550147740798045,inf,0,0,0,0,-1,inf,0,-1,0,0,7600,0,0,0,2327,5273,1.5669078072283567,3.5149590290470467,False
intersection_turn,P4,12008,50,5.0,1.0,18.464911243139742,14.72403780401211,0.00957483391717866,2.2614855272116717e-15,999999999.9999979,42.699999999999974,42.699999999999974,5.360037313302984,3.9550147740798045,inf,0,0,0,0,-1,inf,0,-1,0,0,7600,0,0,0,2327,5273,1.5669078072283567,3.5149590290470467,False
intersection_turn,P0,12009,50,5.0,1.0,18.470866049818866,14.72403780401211,0.009571639345499448,2.2614855272116717e-15,999999999.9999979,42.763333333333314,42.763333333333314,5.2974218047818304,3.9550147740798045,inf,0,0,0,0,-1,inf,0,-1,0,0,7600,0,0,0,2388,5212,1.5646938017393217,3.4513602551465454,False
intersection_turn,P1,12009,50,5.0,1.0,18.470038728189053,14.72403780401211,0.009572049088260301,2.2614855272116717e-15,999999999.9999979,42.739999999999995,42.739999999999995,5.320488699358364,3.9550147740798045,inf,0,0,0,0,-1,inf,0,-1,0,0,7600,0,0,0,2388,5212,1.5646938017393217,3.4513602551465454,False
intersection_turn,P2,12009,50,5.0,1.0,18.470866049818866,14.72403780401211,0.009571639345499448,2.2614855272116717e-15,999999999.9999979,42.763333333333314,42.763333333333314,5.2974218047818304,3.9550147740798045,inf,0,0,0,0,-1,inf,0,-1,0,0,7600,0,0,0,2388,5212,1.5646938017393217,3.4513602551465454,False
intersection_turn,P3,12009,50,5.0,1.0,18.470866049818866,14.72403780401211,0.009571639345499448,2.2614855272116717e-15,999999999.9999979,42.763333333333314,42.763333333333314,5.2974218047818304,3.9550147740798045,inf,0,0,0,0,-1,inf,0,-1,0,0,7600,0,0,0,2388,5212,1.5646938017393217,3.4513602551465454,False
intersection_turn,P4,12009,50,5.0,1.0,18.470866049818866,14.72403780401211,0.009571639345499448,2.2614855272116717e-15,999999999.9999979,42.763333333333314,42.763333333333314,5.2974218047818304,3.9550147740798045,inf,0,0,0,0,-1,inf,0,-1,0,0,7600,0,0,0,2388,5212,1.5646938017393217,3.4513602551465454,False
intersection_turn,P0,12010,50,5.0,1.0,18.454798415261614,14.72403780401211,0.009580718314897098,2.2614855272116717e-15,999999999.9999979,42.58333333333332,42.58333333333332,5.4754248947253314,3.9550147740798045,inf,0,0,0,0,-1,inf,0,-1,0,0,7600,0,0,0,2354,5246,1.4052322313451722,3.2233889896705596,False
intersection_turn,P1,12010,50,5.0,1.0,18.45386942242798,14.72403780401211,0.009581198024045145,2.2614855272116717e-15,999999999.9999979,42.559999999999995,42.559999999999995,5.4985088887806715,3.9550147740798045,inf,0,0,0,0,-1,inf,0,-1,0,0,7600,0,0,0,2347,5253,1.4052322313451722,3.2233889896705596,False
intersection_turn,P2,12010,50,5.0,1.0,18.454798415261614,14.72403780401211,0.009580718314897098,2.2614855272116717e-15,999999999.9999979,42.58333333333332,42.58333333333332,5.4754248947253314,3.9550147740798045,inf,0,0,0,0,-1,inf,0,-1,0,0,7600,0,0,0,2354,5246,1.4052322313451722,3.2233889896705596,False
intersection_turn,P3,12010,50,5.0,1.0,18.454798415261614,14.72403780401211,0.009580718314897098,2.2614855272116717e-15,999999999.9999979,42.58333333333332,42.58333333333332,5.4754248947253314,3.9550147740798045,inf,0,0,0,0,-1,inf,0,-1,0,0,7600,0,0,0,2354,5246,1.4052322313451722,3.2233889896705596,False
intersection_turn,P4,12010,50,5.0,1.0,18.454798415261614,14.72403780401211,0.009580718314897098,2.2614855272116717e-15,999999999.9999979,42.58333333333332,42.58333333333332,5.4754248947253314,3.9550147740798045,inf,0,0,0,0,-1,inf,0,-1,0,0,7600,0,0,0,2354,5246,1.4052322313451722,3.2233889896705596,False
intersection_turn,P0,12011,50,5.0,1.0,18.467561638614633,14.72403780401211,0.009573575666021546,2.2614855272116717e-15,999999999.9999979,42.74999999999999,42.74999999999999,5.310602602341854,3.9550147740798045,inf,0,0,0,0,-1,inf,0,-1,0,0,7600,0,0,0,2343,5257,1.5576804227192327,3.5217245492569145,False
intersection_turn,P1,12011,50,5.0,1.0,18.466952665374205,14.72403780401211,0.009573872069375454,2.2614855272116717e-15,999999999.9999979,42.72999999999999,42.72999999999999,5.3303752213141715,3.9550147740798045,inf,0,0,0,0,-1,inf,0,-1,0,0,7600,0,0,0,2339,5261,1.5576804227192327,3.5217245492569145,False
intersection_turn,P2,12011,50,5.0,1.0,18.467561638614633,14.72403780401211,0.009573575666021546,2.2614855272116717e-15,999999999.9999979,42.74999999999999,42.74999999999999,5.310602602341854,3.9550147740798045,inf,0,0,0,0,-1,inf,0,-1,0,0,7600,0,0,0,2343,5257,1.5576804227192327,3.5217245492569145,False
intersection_turn,P3,12011,50,5.0,1.0,18.467561638614633,14.72403780401211,0.009573575666021546,2.2614855272116717e-15,999999999.9999979,42.74999999999999,42.74999999999999,5.310602602341854,3.9550147740798045,inf,0,0,0,0,-1,inf,0,-1,0,0,7600,0,0,0,2343,5257,1.5576804227192327,3.5217245492569145,False
intersection_turn,P4,12011,50,5.0,1.0,18.467561638614633,14.72403780401211,0.009573575666021546,2.2614855272116717e-15,999999999.9999979,42.74999999999999,42.74999999999999,5.310602602341854,3.9550147740798045,inf,0,0,0,0,-1,inf,0,-1,0,0,7600,0,0,0,2343,5257,1.5576804227192327,3.5217245492569145,False
intersection_turn,P0,12012,50,5.0,1.0,18.462117419020522,14.72403780401211,0.009576241730493141,2.2614855272116717e-15,999999999.9999979,42.60666666666665,42.60666666666665,5.452343023365702,3.9550147740798045,inf,0,0,0,0,-1,inf,0,-1,0,0,7600,0,0,0,2461,5139,1.368139113584876,3.1430715262097717,False
intersection_turn,P1,12012,50,5.0,1.0,18.462036930310422,14.72403780401211,0.009576278930377916,2.2614855272116717e-15,999999999.9999979,42.59999999999999,42.59999999999999,5.458937625582485,3.9550147740798045,inf,0,0,0,0,-1,inf,0,-1,0,0,7600,0,0,0,2461,5139,1.368139113584876,3.1430715262097717,False
intersection_turn,P2,12012,50,5.0,1.0,18.462117419020522,14.72403780401211,0.009576241730493141,2.2614855272116717e-15,999999999.9999979,42.60666666666665,42.60666666666665,5.452343023365702,3.9550147740798045,inf,0,0,0,0,-1,inf,0,-1,0,0,7600,0,0,0,2461,5139,1.368139113584876,3.1430715262097717,False
intersection_turn,P3,12012,50,5.0,1.0,18.462117419020522,14.72403780401211,0.009576241730493141,2.2614855272116717e-15,999999999.9999979,42.60666666666665,42.60666666666665,5.452343023365702,3.9550147740798045,inf,0,0,0,0,-1,inf,0,-1,0,0,7600,0,0,0,2461,5139,1.368139113584876,3.1430715262097717,False
intersection_turn,P4,12012,50,5.0,1.0,18.462117419020522,14.72403780401211,0.009576241730493141,2.2614855272116717e-15,999999999.9999979,42.60666666666665,42.60666666666665,5.452343023365702,3.9550147740798045,inf,0,0,0,0,-1,inf,0,-1,0,0,7600,0,0,0,2461,5139,1.368139113584876,3.1430715262097717,False
intersection_turn,P0,12013,50,5.0,1.0,18.470131533822073,14.72403780401211,0.0095720570049092,2.2614855272116717e-15,999999999.9999979,42.81666666666664,42.81666666666664,5.244706325853213,3.9550147740798045,inf,0,0,0,0,-1,inf,0,-1,0,0,7600,0,0,0,2234,5366,1.6365972134395879,3.484972227568948,False
intersection_turn,P1,12013,50,5.0,1.0,18.47006668742474,14.72403780401211,0.009572085936236853,2.2614855272116717e-15,999999999.9999979,42.80999999999998,42.80999999999998,5.251295078359261,3.9550147740798045,inf,0,0,0,0,-1,inf,0,-1,0,0,7600,0,0,0,2233,5367,1.6365972134395879,3.484972227568948,False
intersection_turn,P2,12013,50,5.0,1.0,18.470131533822073,14.72403780401211,0.0095720570049092,2.2614855272116717e-15,999999999.9999979,42.81666666666664,42.81666666666664,5.244706325853213,3.9550147740798045,inf,0,0,0,0,-1,inf,0,-1,0,0,7600,0,0,0,2234,5366,1.6365972134395879,3.484972227568948,False
intersection_turn,P3,12013,50,5.0,1.0,18.470131533822073,14.72403780401211,0.0095720570049092,2.2614855272116717e-15,999999999.9999979,42.81666666666664,42.81666666666664,5.244706325853213,3.9550147740798045,inf,0,0,0,0,-1,inf,0,-1,0,0,7600,0,0,0,2234,5366,1.6365972134395879,3.484972227568948,False
intersection_turn,P4,12013,50,5.0,1.0,18.470131533822073,14.72403780401211,0.0095720570049092,2.2614855272116717e-15,999999999.9999979,42.81666666666664,42.81666666666664,5.244706325853213,3.9550147740798045,inf,0,0,0,0,-1,inf,0,-1,0,0,7600,0,0,0,2234,5366,1.6365972134395879,3.484972227568948,False
intersection_turn,P0,12014,50,5.0,1.0,18.32451001894758,14.72403780401211,0.009839572604098547,2.265339414723714e-15,999999999.9999979,42.23000000000003,42.23000000000003,5.825195275696741,4.192246624478267,inf,0,0,0,0,-1,inf,0,-1,0,0,7600,0,0,0,2400,5200,1.6302134528231278,3.69473396883367,False
intersection_turn,P1,12014,50,5.0,1.0,18.32451001894758,14.72403780401211,0.009839572604098547,2.265339414723714e-15,999999999.9999979,42.23000000000003,42.23000000000003,5.825195275696741,4.192246624478267,inf,0,0,0,0,-1,inf,0,-1,0,0,7600,0,0,0,2400,5200,1.6302134528231278,3.69473396883367,False
intersection_turn,P2,12014,50,5.0,1.0,18.32451001894758,14.72403780401211,0.009839572604098547,2.265339414723714e-15,999999999.9999979,42.23000000000003,42.23000000000003,5.825195275696741,4.192246624478267,inf,0,0,0,0,-1,inf,0,-1,0,0,7600,0,0,0,2400,5200,1.6302134528231278,3.69473396883367,False
intersection_turn,P3,12014,50,5.0,1.0,18.32451001894758,14.72403780401211,0.009839572604098547,2.265339414723714e-15,999999999.9999979,42.23000000000003,42.23000000000003,5.825195275696741,4.192246624478267,inf,0,0,0,0,-1,inf,0,-1,0,0,7600,0,0,0,2400,5200,1.6302134528231278,3.69473396883367,False
intersection_turn,P4,12014,50,5.0,1.0,18.32451001894758,14.72403780401211,0.009839572604098547,2.265339414723714e-15,999999999.9999979,42.23000000000003,42.23000000000003,5.825195275696741,4.192246624478267,inf,0,0,0,0,-1,inf,0,-1,0,0,7600,0,0,0,2400,5200,1.6302134528231278,3.69473396883367,False
intersection_turn,P0,12015,50,5.0,1.0,18.460732590707405,14.72403780401211,0.009577219928145779,2.2614855272116717e-15,999999999.9999979,42.64,42.64,5.419372657420783,3.9550147740798045,inf,0,0,0,0,-1,inf,0,-1,0,0,7600,0,0,0,2422,5178,1.5207809685980263,3.432404587827002,False
intersection_turn,P1,12015,50,5.0,1.0,18.45846077856469,14.72403780401211,0.009578387032988528,2.2614855272116717e-15,999999999.9999979,42.57999999999999,42.57999999999999,5.47872247882662,3.9550147740798045,inf,0,0,0,0,-1,inf,0,-1,0,0,7600,0,0,0,2403,5197,1.5207809685980263,3.432404587827002,False
intersection_turn,P2,12015,50,5.0,1.0,18.460732590707405,14.72403780401211,0.009577219928145779,2.2614855272116717e-15,999999999.9999979,42.64,42.64,5.419372657420783,3.9550147740798045,inf,0,0,0,0,-1,inf,0,-1,0,0,7600,0,0,0,2422,5178,1.5207809685980263,3.432404587827002,False
intersection_turn,P3,12015,50,5.0,1.0,18.460732590707405,14.72403780401211,0.009577219928145779,2.2614855272116717e-15,999999999.9999979,42.64,42.64,5.419372657420783,3.9550147740798045,inf,0,0,0,0,-1,inf,0,-1,0,0,7600,0,0,0,2422,5178,1.5207809685980263,3.432404587827002,False
intersection_turn,P4,12015,50,5.0,1.0,18.460732590707405,14.72403780401211,0.009577219928145779,2.2614855272116717e-15,999999999.9999979,42.64,42.64,5.419372657420783,3.9550147740798045,inf,0,0,0,0,-1,inf,0,-1,0,0,7600,0,0,0,2422,5178,1.5207809685980263,3.432404587827002,False
intersection_turn,P0,12016,50,5.0,1.0,18.459851401809427,14.72403780401211,0.009578071278823586,2.2614855272116717e-15,999999999.9999979,42.689999999999976,42.689999999999976,5.3699255115876845,3.9550147740798045,inf,0,0,0,0,-1,inf,0,-1,0,0,7600,0,0,0,2304,5296,1.5335599961021464,3.473035600076009,False
intersection_turn,P1,12016,50,5.0,1.0,18.45969239046186,14.72403780401211,0.009578145018314822,2.2614855272116717e-15,999999999.9999979,42.67999999999998,42.67999999999998,5.379814123183089,3.9550147740798045,inf,0,0,0,0,-1,inf,0,-1,0,0,7600,0,0,0,2303,5297,1.5335599961021464,3.473035600076009,False
intersection_turn,P2,12016,50,5.0,1.0,18.459851401809427,14.72403780401211,0.009578071278823586,2.2614855272116717e-15,999999999.9999979,42.689999999999976,42.689999999999976,5.3699255115876845,3.9550147740798045,inf,0,0,0,0,-1,inf,0,-1,0,0,7600,0,0,0,2304,5296,1.5335599961021464,3.473035600076009,False
intersection_turn,P3,12016,50,5.0,1.0,18.459851401809427,14.72403780401211,0.009578071278823586,2.2614855272116717e-15,999999999.9999979,42.689999999999976,42.689999999999976,5.3699255115876845,3.9550147740798045,inf,0,0,0,0,-1,inf,0,-1,0,0,7600,0,0,0,2304,5296,1.5335599961021464,3.473035600076009,False
intersection_turn,P4,12016,50,5.0,1.0,18.459851401809427,14.72403780401211,0.009578071278823586,2.2614855272116717e-15,999999999.9999979,42.689999999999976,42.689999999999976,5.3699255115876845,3.9550147740798045,inf,0,0,0,0,-1,inf,0,-1,0,0,7600,0,0,0,2304,5296,1.5335599961021464,3.473035600076009,False
intersection_turn,P0,12017,50,5.0,1.0,18.466472116712108,14.72403780401211,0.009573921616111506,2.2614855272116717e-15,999999999.9999979,42.679999999999986,42.679999999999986,5.379814123183082,3.9550147740798045,inf,0,0,0,0,-1,inf,0,-1,0,0,7600,0,0,0,2379,5221,1.5248475932279222,3.3729893155039337,False
intersection_turn,P1,12017,50,5.0,1.0,18.466472116712108,14.72403780401211,0.009573921616111506,2.2614855272116717e-15,999999999.9999979,42.679999999999986,42.679999999999986,5.379814123183082,3.9550147740798045,inf,0,0,0,0,-1,inf,0,-1,0,0,7600,0,0,0,2379,5221,1.5248475932279222,3.3729893155039337,False
intersection_turn,P2,12017,50,5.0,1.0,18.466472116712108,14.72403780401211,0.009573921616111506,2.2614855272116717e-15,999999999.9999979,42.679999999999986,42.679999999999986,5.379814123183082,3.9550147740798045,inf,0,0,0,0,-1,inf,0,-1,0,0,7600,0,0,0,2379,5221,1.5248475932279222,3.3729893155039337,False
intersection_turn,P3,12017,50,5.0,1.0,18.466472116712108,14.72403780401211,0.009573921616111506,2.2614855272116717e-15,999999999.9999979,42.679999999999986,42.679999999999986,5.379814123183082,3.9550147740798045,inf,0,0,0,0,-1,inf,0,-1,0,0,7600,0,0,0,2379,5221,1.5248475932279222,3.3729893155039337,False
intersection_turn,P4,12017,50,5.0,1.0,18.466472116712108,14.72403780401211,0.009573921616111506,2.2614855272116717e-15,999999999.9999979,42.679999999999986,42.679999999999986,5.379814123183082,3.9550147740798045,inf,0,0,0,0,-1,inf,0,-1,0,0,7600,0,0,0,2379,5221,1.5248475932279222,3.3729893155039337,False
intersection_turn,P0,12018,50,5.0,1.0,18.469857053017858,14.72403780401211,0.009572190607861308,2.2614855272116717e-15,999999999.9999979,42.759999999999984,42.759999999999984,5.300716932642241,3.9550147740798045,inf,0,0,0,0,-1,inf,0,-1,0,0,7600,0,0,0,2343,5257,1.4511817219769247,3.277277940038067,False
intersection_turn,P1,12018,50,5.0,1.0,18.469857053017858,14.72403780401211,0.009572190607861308,2.2614855272116717e-15,999999999.9999979,42.759999999999984,42.759999999999984,5.300716932642241,3.9550147740798045,inf,0,0,0,0,-1,inf,0,-1,0,0,7600,0,0,0,2343,5257,1.4511817219769247,3.277277940038067,False
intersection_turn,P2,12018,50,5.0,1.0,18.469857053017858,14.72403780401211,0.009572190607861308,2.2614855272116717e-15,999999999.9999979,42.759999999999984,42.759999999999984,5.300716932642241,3.9550147740798045,inf,0,0,0,0,-1,inf,0,-1,0,0,7600,0,0,0,2343,5257,1.4511817219769247,3.277277940038067,False
intersection_turn,P3,12018,50,5.0,1.0,18.469857053017858,14.72403780401211,0.009572190607861308,2.2614855272116717e-15,999999999.9999979,42.759999999999984,42.759999999999984,5.300716932642241,3.9550147740798045,inf,0,0,0,0,-1,inf,0,-1,0,0,7600,0,0,0,2343,5257,1.4511817219769247,3.277277940038067,False
intersection_turn,P4,12018,50,5.0,1.0,18.469857053017858,14.72403780401211,0.009572190607861308,2.2614855272116717e-15,999999999.9999979,42.759999999999984,42.759999999999984,5.300716932642241,3.9550147740798045,inf,0,0,0,0,-1,inf,0,-1,0,0,7600,0,0,0,2343,5257,1.4511817219769247,3.277277940038067,False
intersection_turn,P0,12019,50,5.0,1.0,18.439904999480433,14.72403780401211,0.009590819426160338,2.2614855272116717e-15,999999999.9999979,42.44999999999999,42.44999999999999,5.607361233236194,3.9550147740798045,inf,0,0,0,0,-1,inf,0,-1,0,0,7600,0,0,0,2342,5258,1.4940110170676157,3.30107591805149,False
intersection_turn,P1,12019,50,5.0,1.0,18.439904999480433,14.72403780401211,0.009590819426160338,2.2614855272116717e-15,999999999.9999979,42.44999999999999,42.44999999999999,5.607361233236194,3.9550147740798045,inf,0,0,0,0,-1,inf,0,-1,0,0,7600,0,0,0,2342,5258,1.4940110170676157,3.30107591805149,False
intersection_turn,P2,12019,50,5.0,1.0,18.439904999480433,14.72403780401211,0.009590819426160338,2.2614855272116717e-15,999999999.9999979,42.44999999999999,42.44999999999999,5.607361233236194,3.9550147740798045,inf,0,0,0,0,-1,inf,0,-1,0,0,7600,0,0,0,2342,5258,1.4940110170676157,3.30107591805149,False
intersection_turn,P3,12019,50,5.0,1.0,18.439904999480433,14.72403780401211,0.009590819426160338,2.2614855272116717e-15,999999999.9999979,42.44999999999999,42.44999999999999,5.607361233236194,3.9550147740798045,inf,0,0,0,0,-1,inf,0,-1,0,0,7600,0,0,0,2342,5258,1.4940110170676157,3.30107591805149,False
intersection_turn,P4,12019,50,5.0,1.0,18.439904999480433,14.72403780401211,0.009590819426160338,2.2614855272116717e-15,999999999.9999979,42.44999999999999,42.44999999999999,5.607361233236194,3.9550147740798045,inf,0,0,0,0,-1,inf,0,-1,0,0,7600,0,0,0,2342,5258,1.4940110170676157,3.30107591805149,False
occluding_cut_in,P0,12000,50,5.0,1.0,11.267888282720728,7.327224075401506,0.2107706627715266,0.00021432353040528026,999785676.4695947,17.087302883832308,17.087302883832308,19.431160541768985,11.331044181969368,1.912697116167692,0,0,0,0,-1,inf,0,-1,0,0,7600,182,0,3814,0,3604,1.853011615264678,4.277157322549454,False
occluding_cut_in,P1,12000,50,5.0,1.0,11.32259098532521,7.330849635099795,0.20818126146480598,0.00021115231607467784,999788847.6839255,17.121780353335417,17.116341439325343,19.431160541768985,11.331044181969368,1.8837879858002218,0,0,0,0,-1,inf,0,-1,0,0,7600,270,0,3750,0,3580,1.853011615264678,4.277157322549454,False
occluding_cut_in,P2,12000,50,5.0,1.0,11.225860703385898,7.306477124987944,0.21426607060065175,0.00021907488638274697,999780925.1136171,17.096720715219107,17.093275839460258,19.431160541768985,11.331044181969368,1.9098437800511956,0,0,0,0,-1,inf,0,-1,0,0,7600,221,0,3779,0,3600,1.853011615264678,4.277157322549454,False
occluding_cut_in,P3,12000,50,5.0,1.0,11.225860703385898,7.306477124987944,0.21426607060065175,0.00021907488638274697,999780925.1136171,17.096720715219107,17.093275839460258,19.431160541768985,11.331044181969368,1.9098437800511956,0,0,0,0,-1,inf,0,-1,0,0,7600,221,0,3779,0,3600,1.853011615264678,4.277157322549454,False
occluding_cut_in,P4,12000,50,5.0,1.0,11.267888282720728,7.327224075401506,0.2107706627715266,0.00021432353040528026,999785676.4695947,17.087302883832308,17.087302883832308,19.431160541768985,11.331044181969368,1.912697116167692,0,0,0,0,-1,inf,0,-1,0,0,7600,182,0,3814,0,3604,1.853011615264678,4.277157322549454,False
occluding_cut_in,P0,12001,50,5.0,1.0,11.267888282720728,7.327224075401506,0.2107706627715266,0.00021432353040528026,999785676.4695947,17.087302883832308,17.087302883832308,19.431160541768985,11.331044181969368,1.912697116167692,0,0,0,0,-1,inf,0,-1,0,0,7600,182,0,3814,0,3604,1.839376403080064,4.253035118191838,False
occluding_cut_in,P1,12001,50,5.0,1.0,11.32259098532521,7.330849635099795,0.20818126146480598,0.00021115231607467784,999788847.6839255,17.121780353335417,17.116341439325343,19.431160541768985,11.331044181969368,1.8837879858002218,0,0,0,0,-1,inf,0,-1,0,0,7600,270,0,3750,0,3580,1.839376403080064,4.253035118191838,False
occluding_cut_in,P2,12001,50,5.0,1.0,11.282156749901992,7.339083015449275,0.20979903336939157,0.00021044428577978873,999789555.7142202,17.087302883832308,17.086495692957413,19.431160541768985,11.331044181969368,1.9135048985407561,0,0,0,0,-1,inf,0,-1,0,0,7600,195,0,3801,0,3604,1.839376403080064,4.253035118191838,False
occluding_cut_in,P3,12001,50,5.0,1.0,11.271959506513124,7.335881601140441,0.21027690254954082,0.00021045185835408037,999789548.1416459,17.087302883832308,17.087194917016916,19.431160541768985,11.331044181969368,1.9128245916561997,0,0,0,0,-1,inf,0,-1,0,0,7600,182,0,3814,0,3604,1.839376403080064,4.253035118191838,False
occluding_cut_in,P4,12001,50,5.0,1.0,11.267888282720728,7.327224075401506,0.2107706627715266,0.00021432353040528026,999785676.4695947,17.087302883832308,17.087302883832308,19.431160541768985,11.331044181969368,1.912697116167692,0,0,0,0,-1,inf,0,-1,0,0,7600,182,0,3814,0,3604,1.839376403080064,4.253035118191838,False
occluding_cut_in,P0,12002,50,5.0,1.0,11.267888282720728,7.327224075401506,0.2107706627715266,0.00021432353040528026,999785676.4695947,17.087302883832308,17.087302883832308,19.431160541768985,11.331044181969368,1.912697116167692,0,0,0,0,-1,inf,0,-1,0,0,7600,182,0,3814,0,3604,1.8511400055167553,4.241254398259096,False
occluding_cut_in,P1,12002,50,5.0,1.0,11.317753207123207,7.34224651504949,0.20797865754746134,0.00020809445996341935,999791905.5400367,17.121780353335417,17.117000901250513,19.431160541768985,11.331044181969368,1.8831258715027146,0,0,0,0,-1,inf,0,-1,0,0,7600,258,0,3762,0,3580,1.8511400055167553,4.241254398259096,False
occluding_cut_in,P2,12002,50,5.0,1.0,11.225860703385898,7.306477124987944,0.21426607060065175,0.00021907488638274697,999780925.1136171,17.096720715219107,17.093275839460258,19.431160541768985,11.331044181969368,1.9098437800511956,0,0,0,0,-1,inf,0,-1,0,0,7600,221,0,3779,0,3600,1.8511400055167553,4.241254398259096,False
occluding_cut_in,P3,12002,50,5.0,1.0,11.225860703385898,7.306477124987944,0.21426607060065175,0.00021907488638274697,999780925.1136171,17.096720715219107,17.093275839460258,19.431160541768985,11.331044181969368,1.9098437800511956,0,0,0,0,-1,inf,0,-1,0,0,7600,221,0,3779,0,3600,1.8511400055167553,4.241254398259096,False
occluding_cut_in,P4,12002,50,5.0,1.0,11.267888282720728,7.327224075401506,0.2107706627715266,0.00021432353040528026,999785676.4695947,17.087302883832308,17.087302883832308,19.431160541768985,11.331044181969368,1.912697116167692,0,0,0,0,-1,inf,0,-1,0,0,7600,182,0,3814,0,3604,1.8511400055167553,4.241254398259096,False
occluding_cut_in,P0,12003,50,5.0,1.0,11.267888282720728,7.327224075401506,0.2107706627715266,0.00021432353040528026,999785676.4695947,17.087302883832308,17.087302883832308,19.431160541768985,11.331044181969368,1.912697116167692,0,0,0,0,-1,inf,0,-1,0,0,7600,182,0,3814,0,3604,1.8438080058530282,4.147854103976415,False
occluding_cut_in,P1,12003,50,5.0,1.0,11.32641752979756,7.319765403233969,0.20844227475307264,0.00021422358668181642,999785776.4133182,17.12178035333541,17.115760141865753,19.431160541768985,11.331044181969368,1.8844060385324797,0,0,0,0,-1,inf,0,-1,0,0,7600,295,0,3725,0,3580,1.8438080058530282,4.147854103976415,False
occluding_cut_in,P2,12003,50,5.0,1.0,11.293166311522455,7.345059159874626,0.20917922885009882,0.00020839995059403798,999791600.0494059,17.08730288383232,17.085739932297194,19.431160541768985,11.331044181969368,1.9142604347966024,0,0,0,0,-1,inf,0,-1,0,0,7600,210,0,3786,0,3604,1.8438080058530282,4.147854103976415,False
occluding_cut_in,P3,12003,50,5.0,1.0,11.271959506513124,7.335881601140441,0.21027690254954082,0.00021045185835408037,999789548.1416459,17.087302883832308,17.087194917016916,19.431160541768985,11.331044181969368,1.9128245916561997,0,0,0,0,-1,inf,0,-1,0,0,7600,182,0,3814,0,3604,1.8438080058530282,4.147854103976415,False
occluding_cut_in,P4,12003,50,5.0,1.0,11.267888282720728,7.327224075401506,0.2107706627715266,0.00021432353040528026,999785676.4695947,17.087302883832308,17.087302883832308,19.431160541768985,11.331044181969368,1.912697116167692,0,0,0,0,-1,inf,0,-1,0,0,7600,182,0,3814,0,3604,1.8438080058530282,4.147854103976415,False
occluding_cut_in,P0,12004,50,5.0,1.0,11.267888282720728,7.327224075401506,0.2107706627715266,0.00021432353040528026,999785676.4695947,17.087302883832308,17.087302883832308,19.431160541768985,11.331044181969368,1.912697116167692,0,0,0,0,-1,inf,0,-1,0,0,7600,182,0,3814,0,3604,1.7939331977357638,4.2276921182422695,False
occluding_cut_in,P1,12004,50,5.0,1.0,11.330542028345441,7.3466437559200495,0.2079361223944305,0.0002081010537113368,999791898.9462886,17.121780353335417,17.115973467558156,19.431160541768985,11.331044181969368,1.8843586929951255,0,0,0,0,-1,inf,0,-1,0,0,7600,295,0,3725,0,3580,1.7939331977357638,4.2276921182422695,False
occluding_cut_in,P2,12004,50,5.0,1.0,11.304662266597454,7.351504675742082,0.20837432312261125,0.00020585025197970022,999794149.7480203,17.109263734065536,17.106786860918128,19.431160541768985,11.331044181969368,1.8932202090741326,0,0,0,0,-1,inf,0,-1,0,0,7600,219,0,3790,0,3591,1.7939331977357638,4.2276921182422695,False
occluding_cut_in,P3,12004,50,5.0,1.0,11.271959506513124,7.335881601140441,0.21027690254954082,0.00021045185835408037,999789548.1416459,17.087302883832308,17.087194917016916,19.431160541768985,11.331044181969368,1.9128245916561997,0,0,0,0,-1,inf,0,-1,0,0,7600,182,0,3814,0,3604,1.7939331977357638,4.2276921182422695,False
occluding_cut_in,P4,12004,50,5.0,1.0,11.267888282720728,7.327224075401506,0.2107706627715266,0.00021432353040528026,999785676.4695947,17.087302883832308,17.087302883832308,19.431160541768985,11.331044181969368,1.912697116167692,0,0,0,0,-1,inf,0,-1,0,0,7600,182,0,3814,0,3604,1.7939331977357638,4.2276921182422695,False
occluding_cut_in,P0,12005,50,5.0,1.0,11.267888282720728,7.327224075401506,0.2107706627715266,0.00021432353040528026,999785676.4695947,17.087302883832308,17.087302883832308,19.431160541768985,11.331044181969368,1.912697116167692,0,0,0,0,-1,inf,0,-1,0,0,7600,182,0,3814,0,3604,1.8554791754421698,4.207124462402715,False
occluding_cut_in,P1,12005,50,5.0,1.0,11.323929889722908,7.33746240387935,0.2079504854985344,0.00020935444522376598,999790645.5547763,17.121780353335428,17.11653427941325,19.43013353196599,11.331044181969368,1.8836732888752445,0,0,0,0,-1,inf,0,-1,0,0,7600,282,0,3740,0,3578,1.8554791754421698,4.207124462402715,False
occluding_cut_in,P2,12005,50,5.0,1.0,11.228614066528687,7.300354009098931,0.21450229470560145,0.00022090388589893182,999779096.1141013,17.096720715219114,17.092630514779742,19.43013353196599,11.331044181969368,1.910067044276711,0,0,0,0,-1,inf,0,-1,0,0,7600,250,0,3754,0,3596,1.8554791754421698,4.207124462402715,False
occluding_cut_in,P3,12005,50,5.0,1.0,11.225860703385898,7.306477124987944,0.21426607060065175,0.00021907488638274697,999780925.1136171,17.096720715219107,17.093275839460258,19.431160541768985,11.331044181969368,1.9098437800511956,0,0,0,0,-1,inf,0,-1,0,0,7600,221,0,3779,0,3600,1.8554791754421698,4.207124462402715,False
occluding_cut_in,P4,12005,50,5.0,1.0,11.267888282720728,7.327224075401506,0.2107706627715266,0.00021432353040528026,999785676.4695947,17.087302883832308,17.087302883832308,19.431160541768985,11.331044181969368,1.912697116167692,0,0,0,0,-1,inf,0,-1,0,0,7600,182,0,3814,0,3604,1.8554791754421698,4.207124462402715,False
occluding_cut_in,P0,12006,50,5.0,1.0,11.267888282720728,7.327224075401506,0.2107706627715266,0.00021432353040528026,999785676.4695947,17.087302883832308,17.087302883832308,19.431160541768985,11.331044181969368,1.912697116167692,0,0,0,0,-1,inf,0,-1,0,0,7600,182,0,3814,0,3604,1.783652598642222,4.172091266568448,False
occluding_cut_in,P1,12006,50,5.0,1.0,11.31744621564497,7.34583941902452,0.2079257647188143,0.00020716566009219346,999792834.339908,17.121780353335417,17.117127084401904,19.431160541768985,11.331044181969368,1.8830578660570314,0,0,0,0,-1,inf,0,-1,0,0,7600,266,0,3753,0,3581,1.783652598642222,4.172091266568448,False
occluding_cut_in,P2,12006,50,5.0,1.0,11.277576899286018,7.332354824585808,0.21030162012870104,0.00021267207853304293,999787327.921467,17.087302883832322,17.086774099891596,19.430073758811165,11.331044181969368,1.9132360633659076,0,0,0,0,-1,inf,0,-1,0,0,7600,209,0,3787,0,3604,1.783652598642222,4.172091266568448,False
occluding_cut_in,P3,12006,50,5.0,1.0,11.271959506513124,7.335881601140441,0.21027690254954082,0.00021045185835408037,999789548.1416459,17.087302883832308,17.087194917016916,19.431160541768985,11.331044181969368,1.9128245916561997,0,0,0,0,-1,inf,0,-1,0,0,7600,182,0,3814,0,3604,1.783652598642222,4.172091266568448,False
occluding_cut_in,P4,12006,50,5.0,1.0,11.267888282720728,7.327224075401506,0.2107706627715266,0.00021432353040528026,999785676.4695947,17.087302883832308,17.087302883832308,19.431160541768985,11.331044181969368,1.912697116167692,0,0,0,0,-1,inf,0,-1,0,0,7600,182,0,3814,0,3604,1.783652598642222,4.172091266568448,False
occluding_cut_in,P0,12007,50,5.0,1.0,11.267888282720728,7.327224075401506,0.2107706627715266,0.00021432353040528026,999785676.4695947,17.087302883832308,17.087302883832308,19.431160541768985,11.331044181969368,1.912697116167692,0,0,0,0,-1,inf,0,-1,0,0,7600,182,0,3814,0,3604,1.902131689184315,4.158357619485669,False
occluding_cut_in,P1,12007,50,5.0,1.0,11.32259098532521,7.330849635099795,0.20818126146480598,0.00021115231607467784,999788847.6839255,17.121780353335417,17.116341439325343,19.431160541768985,11.331044181969368,1.8837879858002218,0,0,0,0,-1,inf,0,-1,0,0,7600,270,0,3750,0,3580,1.902131689184315,4.158357619485669,False
occluding_cut_in,P2,12007,50,5.0,1.0,11.228614066528687,7.300354009098931,0.21450229470560145,0.00022090388589893182,999779096.1141013,17.096720715219114,17.092630514779742,19.43013353196599,11.331044181969368,1.910067044276711,0,0,0,0,-1,inf,0,-1,0,0,7600,250,0,3754,0,3596,1.902131689184315,4.158357619485669,False
occluding_cut_in,P3,12007,50,5.0,1.0,11.225860703385898,7.306477124987944,0.21426607060065175,0.00021907488638274697,999780925.1136171,17.096720715219107,17.093275839460258,19.431160541768985,11.331044181969368,1.9098437800511956,0,0,0,0,-1,inf,0,-1,0,0,7600,221,0,3779,0,3600,1.902131689184315,4.158357619485669,False
occluding_cut_in,P4,12007,50,5.0,1.0,11.267888282720728,7.327224075401506,0.2107706627715266,0.00021432353040528026,999785676.4695947,17.087302883832308,17.087302883832308,19.431160541768985,11.331044181969368,1.912697116167692,0,0,0,0,-1,inf,0,-1,0,0,7600,182,0,3814,0,3604,1.902131689184315,4.158357619485669,False
occluding_cut_in,P0,12008,50,5.0,1.0,11.267888282720728,7.327224075401506,0.2107706627715266,0.00021432353040528026,999785676.4695947,17.087302883832308,17.087302883832308,19.431160541768985,11.331044181969368,1.912697116167692,0,0,0,0,-1,inf,0,-1,0,0,7600,182,0,3814,0,3604,1.8287972323811121,4.285369501392537,False
occluding_cut_in,P1,12008,50,5.0,1.0,11.317783592570613,7.340924320324938,0.20800412073676305,0.00020844263878270098,999791557.3612175,17.121780353335406,17.116962367430588,19.431160541768985,11.331044181969368,1.88314773956537,0,0,0,0,-1,inf,0,-1,0,0,7600,257,0,3763,0,3580,1.8287972323811121,4.285369501392537,False
occluding_cut_in,P2,12008,50,5.0,1.0,11.271959506513124,7.335881601140441,0.21027690254954082,0.00021045185835408037,999789548.1416459,17.087302883832308,17.087194917016916,19.431160541768985,11.331044181969368,1.9128245916561997,0,0,0,0,-1,inf,0,-1,0,0,7600,182,0,3814,0,3604,1.8287972323811121,4.285369501392537,False
occluding_cut_in,P3,12008,50,5.0,1.0,11.257199423301138,7.273733856146152,0.21206156064236162,0.00022808005852821163,999771919.9414717,17.08730288383231,17.086714965745724,19.431160541768985,11.331044181969368,1.9135034068202357,0,0,0,0,-1,inf,0,-1,0,0,7600,194,0,3802,0,3604,1.8287972323811121,4.285369501392537,False
occluding_cut_in,P4,12008,50,5.0,1.0,11.267888282720728,7.327224075401506,0.2107706627715266,0.00021432353040528026,999785676.4695947,17.087302883832308,17.087302883832308,19.431160541768985,11.331044181969368,1.912697116167692,0,0,0,0,-1,inf,0,-1,0,0,7600,182,0,3814,0,3604,1.8287972323811121,4.285369501392537,False
occluding_cut_in,P0,12009,50,5.0,1.0,11.267888282720728,7.327224075401506,0.2107706627715266,0.00021432353040528026,999785676.4695947,17.087302883832308,17.087302883832308,19.431160541768985,11.331044181969368,1.912697116167692,0,0,0,0,-1,inf,0,-1,0,0,7600,182,0,3814,0,3604,1.81966041051698,4.2046998729920775,False
occluding_cut_in,P1,12009,50,5.0,1.0,11.279402230947529,7.3325272748345185,0.21008453913158626,0.00021127208617207876,999788727.9138278,17.087302883832304,17.08671813657334,19.43013353196599,11.331044181969368,1.9132821182943816,0,0,0,0,-1,inf,0,-1,0,0,7600,211,0,3789,0,3600,1.81966041051698,4.2046998729920775,False
occluding_cut_in,P2,12009,50,5.0,1.0,11.279402230947529,7.3325272748345185,0.21008453913158626,0.00021127208617207876,999788727.9138278,17.087302883832304,17.08671813657334,19.43013353196599,11.331044181969368,1.9132821182943816,0,0,0,0,-1,inf,0,-1,0,0,7600,211,0,3789,0,3600,1.81966041051698,4.2046998729920775,False
occluding_cut_in,P3,12009,50,5.0,1.0,11.272727078473354,7.347277451802598,0.21016357905894723,0.00020785407926597087,999792145.920734,17.087302883832304,17.086958375649086,19.431160541768985,11.331044181969368,1.913149005085399,0,0,0,0,-1,inf,0,-1,0,0,7600,191,0,3805,0,3604,1.81966041051698,4.2046998729920775,False
occluding_cut_in,P4,12009,50,5.0,1.0,11.267888282720728,7.327224075401506,0.2107706627715266,0.00021432353040528026,999785676.4695947,17.087302883832308,17.087302883832308,19.431160541768985,11.331044181969368,1.912697116167692,0,0,0,0,-1,inf,0,-1,0,0,7600,182,0,3814,0,3604,1.81966041051698,4.2046998729920775,False
occluding_cut_in,P0,12010,50,5.0,1.0,11.267888282720728,7.327224075401506,0.2107706627715266,0.00021432353040528026,999785676.4695947,17.087302883832308,17.087302883832308,19.431160541768985,11.331044181969368,1.912697116167692,0,0,0,0,-1,inf,0,-1,0,0,7600,182,0,3814,0,3604,1.7473953531062014,4.054540145324157,False
occluding_cut_in,P1,12010,50,5.0,1.0,11.32259098532521,7.330849635099795,0.20818126146480598,0.00021115231607467784,999788847.6839255,17.121780353335417,17.116341439325343,19.431160541768985,11.331044181969368,1.8837879858002218,0,0,0,0,-1,inf,0,-1,0,0,7600,270,0,3750,0,3580,1.7473953531062014,4.054540145324157,False
occluding_cut_in,P2,12010,50,5.0,1.0,11.267888282720728,7.327224075401506,0.2107706627715266,0.00021432353040528026,999785676.4695947,17.087302883832308,17.087302883832308,19.431160541768985,11.331044181969368,1.912697116167692,0,0,0,0,-1,inf,0,-1,0,0,7600,182,0,3814,0,3604,1.7473953531062014,4.054540145324157,False
occluding_cut_in,P3,12010,50,5.0,1.0,11.271755487271896,7.334259161228186,0.21030210393144963,0.00021079719794503824,999789202.802055,17.079263734065538,17.07915741619279,19.431160541768985,11.331044181969368,1.9208614490774019,0,0,0,0,-1,inf,0,-1,0,0,7600,181,0,3815,0,3604,1.7473953531062014,4.054540145324157,False
occluding_cut_in,P4,12010,50,5.0,1.0,11.267888282720728,7.327224075401506,0.2107706627715266,0.00021432353040528026,999785676.4695947,17.087302883832308,17.087302883832308,19.431160541768985,11.331044181969368,1.912697116167692,0,0,0,0,-1,inf,0,-1,0,0,7600,182,0,3814,0,3604,1.7473953531062014,4.054540145324157,False
occluding_cut_in,P0,12011,50,5.0,1.0,11.267888282720728,7.327224075401506,0.2107706627715266,0.00021432353040528026,999785676.4695947,17.087302883832308,17.087302883832308,19.431160541768985,11.331044181969368,1.912697116167692,0,0,0,0,-1,inf,0,-1,0,0,7600,182,0,3814,0,3604,1.8783856567021022,4.321464687102335,False
occluding_cut_in,P1,12011,50,5.0,1.0,11.329673852016835,7.308297328394994,0.20874687184628113,0.00021747211789432667,999782527.8821057,17.121780353335428,17.115217134114186,19.431160541768985,11.331044181969368,1.885005814258689,0,0,0,0,-1,inf,0,-1,0,0,7600,316,0,3702,0,3582,1.8783856567021022,4.321464687102335,False
occluding_cut_in,P2,12011,50,5.0,1.0,11.234115978422913,7.347532739074193,0.2132565692115898,0.00020827732696175155,999791722.6730384,17.09672071521911,17.09343247158598,19.431160541768985,11.331044181969368,1.9092338673411526,0,0,0,0,-1,inf,0,-1,0,0,7600,216,0,3784,0,3600,1.8783856567021022,4.321464687102335,False
occluding_cut_in,P3,12011,50,5.0,1.0,11.225860703385898,7.306477124987944,0.21426607060065175,0.00021907488638274697,999780925.1136171,17.096720715219107,17.093275839460258,19.431160541768985,11.331044181969368,1.9098437800511956,0,0,0,0,-1,inf,0,-1,0,0,7600,221,0,3779,0,3600,1.8783856567021022,4.321464687102335,False
occluding_cut_in,P4,12011,50,5.0,1.0,11.267888282720728,7.327224075401506,0.2107706627715266,0.00021432353040528026,999785676.4695947,17.087302883832308,17.087302883832308,19.431160541768985,11.331044181969368,1.912697116167692,0,0,0,0,-1,inf,0,-1,0,0,7600,182,0,3814,0,3604,1.8783856567021022,4.321464687102335,False
occluding_cut_in,P0,12012,50,5.0,1.0,11.267888282720728,7.327224075401506,0.2107706627715266,0.00021432353040528026,999785676.4695947,17.087302883832308,17.087302883832308,19.431160541768985,11.331044181969368,1.912697116167692,0,0,0,0,-1,inf,0,-1,0,0,7600,182,0,3814,0,3604,1.6778256722655325,3.9811394483862217,False
occluding_cut_in,P1,12012,50,5.0,1.0,11.178614368321242,7.349712723624069,0.21459116985008658,0.00020643489525510274,999793565.1047449,17.14353720412902,17.133991580734083,19.431160541768985,11.331044181969368,1.8672446868865649,0,0,0,0,-1,inf,0,-1,0,0,7600,285,0,3734,0,3581,1.6778256722655325,3.9811394483862217,False
occluding_cut_in,P2,12012,50,5.0,1.0,11.234115978422913,7.347532739074193,0.2132565692115898,0.00020827732696175155,999791722.6730384,17.09672071521911,17.09343247158598,19.431160541768985,11.331044181969368,1.9092338673411526,0,0,0,0,-1,inf,0,-1,0,0,7600,216,0,3784,0,3600,1.6778256722655325,3.9811394483862217,False
occluding_cut_in,P3,12012,50,5.0,1.0,11.272727078473354,7.347277451802598,0.21016357905894723,0.00020785407926597087,999792145.920734,17.087302883832304,17.086958375649086,19.431160541768985,11.331044181969368,1.913149005085399,0,0,0,0,-1,inf,0,-1,0,0,7600,191,0,3805,0,3604,1.6778256722655325,3.9811394483862217,False
occluding_cut_in,P4,12012,50,5.0,1.0,11.267888282720728,7.327224075401506,0.2107706627715266,0.00021432353040528026,999785676.4695947,17.087302883832308,17.087302883832308,19.431160541768985,11.331044181969368,1.912697116167692,0,0,0,0,-1,inf,0,-1,0,0,7600,182,0,3814,0,3604,1.6778256722655325,3.9811394483862217,False
occluding_cut_in,P0,12013,50,5.0,1.0,11.267888282720728,7.327224075401506,0.2107706627715266,0.00021432353040528026,999785676.4695947,17.087302883832308,17.087302883832308,19.431160541768985,11.331044181969368,1.912697116167692,0,0,0,0,-1,inf,0,-1,0,0,7600,182,0,3814,0,3604,1.8538605241931996,4.2034995109672515,False
occluding_cut_in,P1,12013,50,5.0,1.0,11.279704603516377,7.346397526329796,0.2100100123135853,0.0002080870194614248,999791912.9805385,17.0873028838323,17.08646209581056,19.43013353196599,11.331044181969368,1.9135795070334352,0,0,0,0,-1,inf,0,-1,0,0,7600,220,0,3780,0,3600,1.8538605241931996,4.2034995109672515,False
occluding_cut_in,P2,12013,50,5.0,1.0,11.279704603516377,7.346397526329796,0.2100100123135853,0.0002080870194614248,999791912.9805385,17.0873028838323,17.08646209581056,19.43013353196599,11.331044181969368,1.9135795070334352,0,0,0,0,-1,inf,0,-1,0,0,7600,220,0,3780,0,3600,1.8538605241931996,4.2034995109672515,False
occluding_cut_in,P3,12013,50,5.0,1.0,11.262544596352384,7.265809620764898,0.21210737669105545,0.00023045853746672576,999769541.4625331,17.087302883832308,17.08620420453665,19.43013353196599,11.331044181969368,1.9139138373262345,0,0,0,0,-1,inf,0,-1,0,0,7600,223,0,3777,0,3600,1.8538605241931996,4.2034995109672515,False
occluding_cut_in,P4,12013,50,5.0,1.0,11.267888282720728,7.327224075401506,0.2107706627715266,0.00021432353040528026,999785676.4695947,17.087302883832308,17.087302883832308,19.431160541768985,11.331044181969368,1.912697116167692,0,0,0,0,-1,inf,0,-1,0,0,7600,182,0,3814,0,3604,1.8538605241931996,4.2034995109672515,False
occluding_cut_in,P0,12014,50,5.0,1.0,11.267888282720728,7.327224075401506,0.2107706627715266,0.00021432353040528026,999785676.4695947,17.087302883832308,17.087302883832308,19.431160541768985,11.331044181969368,1.912697116167692,0,0,0,0,-1,inf,0,-1,0,0,7600,182,0,3814,0,3604,1.939617727732312,4.4623371882275835,False
occluding_cut_in,P1,12014,50,5.0,1.0,11.293166311522455,7.345059159874626,0.20917922885009882,0.00020839995059403798,999791600.0494059,17.08730288383232,17.085739932297194,19.431160541768985,11.331044181969368,1.9142604347966024,0,0,0,0,-1,inf,0,-1,0,0,7600,210,0,3786,0,3604,1.939617727732312,4.4623371882275835,False
occluding_cut_in,P2,12014,50,5.0,1.0,11.234115978422913,7.347532739074193,0.2132565692115898,0.00020827732696175155,999791722.6730384,17.09672071521911,17.09343247158598,19.431160541768985,11.331044181969368,1.9092338673411526,0,0,0,0,-1,inf,0,-1,0,0,7600,216,0,3784,0,3600,1.939617727732312,4.4623371882275835,False
occluding_cut_in,P3,12014,50,5.0,1.0,11.234115978422913,7.347532739074193,0.2132565692115898,0.00020827732696175155,999791722.6730384,17.09672071521911,17.09343247158598,19.431160541768985,11.331044181969368,1.9092338673411526,0,0,0,0,-1,inf,0,-1,0,0,7600,216,0,3784,0,3600,1.939617727732312,4.4623371882275835,False
occluding_cut_in,P4,12014,50,5.0,1.0,11.267888282720728,7.327224075401506,0.2107706627715266,0.00021432353040528026,999785676.4695947,17.087302883832308,17.087302883832308,19.431160541768985,11.331044181969368,1.912697116167692,0,0,0,0,-1,inf,0,-1,0,0,7600,182,0,3814,0,3604,1.939617727732312,4.4623371882275835,False
occluding_cut_in,P0,12015,50,5.0,1.0,11.267888282720728,7.327224075401506,0.2107706627715266,0.00021432353040528026,999785676.4695947,17.087302883832308,17.087302883832308,19.431160541768985,11.331044181969368,1.912697116167692,0,0,0,0,-1,inf,0,-1,0,0,7600,182,0,3814,0,3604,1.8158432384241183,4.197884232478911,False
occluding_cut_in,P1,12015,50,5.0,1.0,11.32259098532521,7.330849635099795,0.20818126146480598,0.00021115231607467784,999788847.6839255,17.121780353335417,17.116341439325343,19.431160541768985,11.331044181969368,1.8837879858002218,0,0,0,0,-1,inf,0,-1,0,0,7600,270,0,3750,0,3580,1.8158432384241183,4.197884232478911,False
occluding_cut_in,P2,12015,50,5.0,1.0,11.304662266597454,7.351504675742082,0.20837432312261125,0.00020585025197970022,999794149.7480203,17.109263734065536,17.106786860918128,19.431160541768985,11.331044181969368,1.8932202090741326,0,0,0,0,-1,inf,0,-1,0,0,7600,219,0,3790,0,3591,1.8158432384241183,4.197884232478911,False
occluding_cut_in,P3,12015,50,5.0,1.0,11.272727078473354,7.347277451802598,0.21016357905894723,0.00020785407926597087,999792145.920734,17.087302883832304,17.086958375649086,19.431160541768985,11.331044181969368,1.913149005085399,0,0,0,0,-1,inf,0,-1,0,0,7600,191,0,3805,0,3604,1.8158432384241183,4.197884232478911,False
occluding_cut_in,P4,12015,50,5.0,1.0,11.267888282720728,7.327224075401506,0.2107706627715266,0.00021432353040528026,999785676.4695947,17.087302883832308,17.087302883832308,19.431160541768985,11.331044181969368,1.912697116167692,0,0,0,0,-1,inf,0,-1,0,0,7600,182,0,3814,0,3604,1.8158432384241183,4.197884232478911,False
occluding_cut_in,P0,12016,50,5.0,1.0,11.267888282720728,7.327224075401506,0.2107706627715266,0.00021432353040528026,999785676.4695947,17.087302883832308,17.087302883832308,19.431160541768985,11.331044181969368,1.912697116167692,0,0,0,0,-1,inf,0,-1,0,0,7600,182,0,3814,0,3604,1.8614445409121607,4.267729266258328,False
occluding_cut_in,P1,12016,50,5.0,1.0,11.323929889722908,7.33746240387935,0.2079504854985344,0.00020935444522376598,999790645.5547763,17.121780353335428,17.11653427941325,19.43013353196599,11.331044181969368,1.8836732888752445,0,0,0,0,-1,inf,0,-1,0,0,7600,282,0,3740,0,3578,1.8614445409121607,4.267729266258328,False
occluding_cut_in,P2,12016,50,5.0,1.0,11.276963380877083,7.330914167477342,0.21037900968694642,0.00021314547187283376,999786854.5281272,17.087302883832308,17.08684058791738,19.43013353196599,11.331044181969368,1.913174713293892,0,0,0,0,-1,inf,0,-1,0,0,7600,211,0,3789,0,3600,1.8614445409121607,4.267729266258328,False
occluding_cut_in,P3,12016,50,5.0,1.0,11.267888282720728,7.327224075401506,0.2107706627715266,0.00021432353040528026,999785676.4695947,17.087302883832308,17.087302883832308,19.431160541768985,11.331044181969368,1.912697116167692,0,0,0,0,-1,inf,0,-1,0,0,7600,182,0,3814,0,3604,1.8614445409121607,4.267729266258328,False
occluding_cut_in,P4,12016,50,5.0,1.0,11.267888282720728,7.327224075401506,0.2107706627715266,0.00021432353040528026,999785676.4695947,17.087302883832308,17.087302883832308,19.431160541768985,11.331044181969368,1.912697116167692,0,0,0,0,-1,inf,0,-1,0,0,7600,182,0,3814,0,3604,1.8614445409121607,4.267729266258328,False
occluding_cut_in,P0,12017,50,5.0,1.0,11.267888282720728,7.327224075401506,0.2107706627715266,0.00021432353040528026,999785676.4695947,17.087302883832308,17.087302883832308,19.431160541768985,11.331044181969368,1.912697116167692,0,0,0,0,-1,inf,0,-1,0,0,7600,182,0,3814,0,3604,1.7983749267244433,4.152015182844182,False
occluding_cut_in,P1,12017,50,5.0,1.0,11.323929889722908,7.33746240387935,0.2079504854985344,0.00020935444522376598,999790645.5547763,17.121780353335428,17.11653427941325,19.43013353196599,11.331044181969368,1.8836732888752445,0,0,0,0,-1,inf,0,-1,0,0,7600,282,0,3740,0,3578,1.7983749267244433,4.152015182844182,False
occluding_cut_in,P2,12017,50,5.0,1.0,11.279402230947529,7.3325272748345185,0.21008453913158626,0.00021127208617207876,999788727.9138278,17.087302883832304,17.08671813657334,19.43013353196599,11.331044181969368,1.9132821182943816,0,0,0,0,-1,inf,0,-1,0,0,7600,211,0,3789,0,3600,1.7983749267244433,4.152015182844182,False
occluding_cut_in,P3,12017,50,5.0,1.0,11.271959506513124,7.335881601140441,0.21027690254954082,0.00021045185835408037,999789548.1416459,17.087302883832308,17.087194917016916,19.431160541768985,11.331044181969368,1.9128245916561997,0,0,0,0,-1,inf,0,-1,0,0,7600,182,0,3814,0,3604,1.7983749267244433,4.152015182844182,False
occluding_cut_in,P4,12017,50,5.0,1.0,11.267888282720728,7.327224075401506,0.2107706627715266,0.00021432353040528026,999785676.4695947,17.087302883832308,17.087302883832308,19.431160541768985,11.331044181969368,1.912697116167692,0,0,0,0,-1,inf,0,-1,0,0,7600,182,0,3814,0,3604,1.7983749267244433,4.152015182844182,False
occluding_cut_in,P0,12018,50,5.0,1.0,11.267888282720728,7.327224075401506,0.2107706627715266,0.00021432353040528026,999785676.4695947,17.087302883832308,17.087302883832308,19.431160541768985,11.331044181969368,1.912697116167692,0,0,0,0,-1,inf,0,-1,0,0,7600,182,0,3814,0,3604,1.7981876681929163,4.123016403908616,False
occluding_cut_in,P1,12018,50,5.0,1.0,11.332635162965522,7.2968468754087175,0.20906811882705212,0.00022077520280912015,999779224.797191,17.121780353335417,17.114710306963037,19.431160541768985,11.331044181969368,1.885592952331776,0,0,0,0,-1,inf,0,-1,0,0,7600,351,0,3667,0,3582,1.7981876681929163,4.123016403908616,False
occluding_cut_in,P2,12018,50,5.0,1.0,11.285993691216454,7.30833693068272,0.21004580967076453,0.00021764251711441323,999782357.4828857,17.08730288383231,17.08560516159999,19.431160541768985,11.331044181969368,1.9144130276938296,0,0,0,0,-1,inf,0,-1,0,0,7600,215,0,3781,0,3604,1.7981876681929163,4.123016403908616,False
occluding_cut_in,P3,12018,50,5.0,1.0,11.271959506513124,7.335881601140441,0.21027690254954082,0.00021045185835408037,999789548.1416459,17.087302883832308,17.087194917016916,19.431160541768985,11.331044181969368,1.9128245916561997,0,0,0,0,-1,inf,0,-1,0,0,7600,182,0,3814,0,3604,1.7981876681929163,4.123016403908616,False
occluding_cut_in,P4,12018,50,5.0,1.0,11.267888282720728,7.327224075401506,0.2107706627715266,0.00021432353040528026,999785676.4695947,17.087302883832308,17.087302883832308,19.431160541768985,11.331044181969368,1.912697116167692,0,0,0,0,-1,inf,0,-1,0,0,7600,182,0,3814,0,3604,1.7981876681929163,4.123016403908616,False
occluding_cut_in,P0,12019,50,5.0,1.0,11.267888282720728,7.327224075401506,0.2107706627715266,0.00021432353040528026,999785676.4695947,17.087302883832308,17.087302883832308,19.431160541768985,11.331044181969368,1.912697116167692,0,0,0,0,-1,inf,0,-1,0,0,7600,182,0,3814,0,3604,1.8197781026011959,4.104613483036913,False
occluding_cut_in,P1,12019,50,5.0,1.0,11.330542028345441,7.3466437559200495,0.2079361223944305,0.0002081010537113368,999791898.9462886,17.121780353335417,17.115973467558156,19.431160541768985,11.331044181969368,1.8843586929951255,0,0,0,0,-1,inf,0,-1,0,0,7600,295,0,3725,0,3580,1.8197781026011959,4.104613483036913,False
occluding_cut_in,P2,12019,50,5.0,1.0,11.300967259640547,7.34609500698083,0.20892083246936022,0.00020801564955933908,999791984.3504406,17.087302883832315,17.085275650404522,19.43013353196599,11.331044181969368,1.9147352770743513,0,0,0,0,-1,inf,0,-1,0,0,7600,236,0,3764,0,3600,1.8197781026011959,4.104613483036913,False
occluding_cut_in,P3,12019,50,5.0,1.0,11.271755487271896,7.334259161228186,0.21030210393144963,0.00021079719794503824,999789202.802055,17.079263734065538,17.07915741619279,19.431160541768985,11.331044181969368,1.9208614490774019,0,0,0,0,-1,inf,0,-1,0,0,7600,181,0,3815,0,3604,1.8197781026011959,4.104613483036913,False
occluding_cut_in,P4,12019,50,5.0,1.0,11.267888282720728,7.327224075401506,0.2107706627715266,0.00021432353040528026,999785676.4695947,17.087302883832308,17.087302883832308,19.431160541768985,11.331044181969368,1.912697116167692,0,0,0,0,-1,inf,0,-1,0,0,7600,182,0,3814,0,3604,1.8197781026011959,4.104613483036913,False
