scenario,planner,seed,steps,duration_s,planning_safety_margin_m,mean_snr_db,min_snr_db,mean_outage_probability,mean_ber_model,mean_goodput_bps_model,path_length_m,progress_m,min_target_distance_m,min_realized_ttc_s,min_static_obstacle_clearance_m,static_clearance_violation_steps,static_clearance_violation_indicator,collision_indicator,collision_steps,first_collision_step,first_collision_time_s,no_candidate_steps,first_no_candidate_step,zero_candidate_after_static_steps,zero_candidate_after_dynamic_steps,candidate_evaluations,candidate_road_rejections,candidate_speed_rejections,candidate_static_rejections,candidate_dynamic_rejections,candidate_feasible,prediction_ade_m,prediction_fde_m,measured_optical_link
following_lateral_offset,P0,12000,40,4.0,2.5,17.5110924022287,15.320185892583181,0.009849872445566758,2.3549248019720625e-17,1000000000.0,34.62333333333335,34.62333333333335,5.555946764003798,2.6783288571460764,inf,0,0,0,0,-1,inf,1,1,0,1,6080,0,0,0,2808,3272,1.6338930626009258,3.8139706020221498,False
following_lateral_offset,P1,12000,40,4.0,2.5,17.536584751512912,15.533687517562043,0.00960290284566807,4.347426602024154e-18,1000000000.0,34.51000000000001,34.51000000000001,5.665695014735602,2.785604412091193,inf,0,0,0,0,-1,inf,1,1,0,1,6080,0,0,0,2776,3304,1.6338930626009258,3.8139706020221498,False
following_lateral_offset,P2,12000,40,4.0,2.5,17.5110924022287,15.320185892583181,0.009849872445566758,2.3549248019720625e-17,1000000000.0,34.62333333333335,34.62333333333335,5.555946764003798,2.6783288571460764,inf,0,0,0,0,-1,inf,1,1,0,1,6080,0,0,0,2808,3272,1.6338930626009258,3.8139706020221498,False
following_lateral_offset,P3,12000,40,4.0,2.5,17.5110924022287,15.320185892583181,0.009849872445566758,2.3549248019720625e-17,1000000000.0,34.62333333333335,34.62333333333335,5.555946764003798,2.6783288571460764,inf,0,0,0,0,-1,inf,1,1,0,1,6080,0,0,0,2808,3272,1.6338930626009258,3.8139706020221498,False
following_lateral_offset,P4,12000,40,4.0,2.5,17.5110924022287,15.320185892583181,0.009849872445566758,2.3549248019720625e-17,1000000000.0,34.62333333333335,34.62333333333335,5.555946764003798,2.6783288571460764,inf,0,0,0,0,-1,inf,1,1,0,1,6080,0,0,0,2808,3272,1.6338930626009258,3.8139706020221498,False
following_lateral_offset,P0,12001,40,4.0,2.5,17.45303177351669,15.079059242007819,0.010615455303610737,1.6518659684826656e-16,999999999.9999998,34.74000000000001,34.74000000000001,5.4431241029394055,2.4870058825855135,inf,0,0,0,0,-1,inf,1,1,0,1,6080,0,0,0,2845,3235,1.621066885958316,3.849767745652082,False
following_lateral_offset,P1,12001,40,4.0,2.5,18.5075425350067,16.137508032910766,0.006241933183672858,2.0674167121892986e-20,1000000000.0,34.73666666666667,34.73168999028349,5.388172840012395,2.495020420410609,inf,0,0,0,0,-1,inf,1,1,0,1,6080,243,0,0,2637,3200,1.621066885958316,3.849767745652082,False
following_lateral_offset,P2,12001,40,4.0,2.5,17.45303177351669,15.079059242007819,0.010615455303610737,1.6518659684826656e-16,999999999.9999998,34.74000000000001,34.74000000000001,5.4431241029394055,2.4870058825855135,inf,0,0,0,0,-1,inf,1,1,0,1,6080,0,0,0,2845,3235,1.621066885958316,3.849767745652082,False
following_lateral_offset,P3,12001,40,4.0,2.5,17.45303177351669,15.079059242007819,0.010615455303610737,1.6518659684826656e-16,999999999.9999998,34.74000000000001,34.74000000000001,5.4431241029394055,2.4870058825855135,inf,0,0,0,0,-1,inf,1,1,0,1,6080,0,0,0,2845,3235,1.621066885958316,3.849767745652082,False
following_lateral_offset,P4,12001,40,4.0,2.5,18.50539438213054,16.137508032910766,0.006246801310149989,2.0674610630168335e-20,1000000000.0,34.75166666666667,34.74668885664423,5.373495625986099,2.4870058825855135,inf,0,0,0,0,-1,inf,1,1,0,1,6080,243,0,0,2643,3194,1.621066885958316,3.849767745652082,False
following_lateral_offset,P0,12002,40,4.0,2.5,17.515698119474674,15.397781976724705,0.009888331042528712,1.3143602714557968e-17,1000000000.0,34.58333333333334,34.58333333333334,5.594665117572068,2.6336034243095905,inf,0,0,0,0,-1,inf,1,1,0,1,6080,0,0,0,2772,3308,1.6801316419628702,3.8251668060312,False
following_lateral_offset,P1,12002,40,4.0,2.5,18.420275190067194,16.137508032910766,0.006442944824827708,2.0671004511422876e-20,1000000000.0,34.45333333333333,34.448676847803604,5.669529341447862,2.714415597405189,inf,0,0,0,0,-1,inf,1,1,0,1,6080,225,0,0,2553,3302,1.6801316419628702,3.8251668060312,False
following_lateral_offset,P2,12002,40,4.0,2.5,17.515698119474674,15.397781976724705,0.009888331042528712,1.3143602714557968e-17,1000000000.0,34.58333333333334,34.58333333333334,5.594665117572068,2.6336034243095905,inf,0,0,0,0,-1,inf,1,1,0,1,6080,0,0,0,2772,3308,1.6801316419628702,3.8251668060312,False
following_lateral_offset,P3,12002,40,4.0,2.5,17.515698119474674,15.397781976724705,0.009888331042528712,1.3143602714557968e-17,1000000000.0,34.58333333333334,34.58333333333334,5.594665117572068,2.6336034243095905,inf,0,0,0,0,-1,inf,1,1,0,1,6080,0,0,0,2772,3308,1.6801316419628702,3.8251668060312,False
following_lateral_offset,P4,12002,40,4.0,2.5,18.415820164413127,16.137508032910766,0.006455878881815968,2.067209144533315e-20,1000000000.0,34.53500000000001,34.5303423427326,5.589578264804246,2.67805196104155,inf,0,0,0,0,-1,inf,1,1,0,1,6080,225,0,0,2591,3264,1.6801316419628702,3.8251668060312,False
following_lateral_offset,P0,12003,40,4.0,2.5,17.381542557300047,15.845154765975941,0.009860053467123351,3.5261253559032566e-19,1000000000.0,34.32333333333332,34.32333333333332,5.846755035440133,2.4007142976214335,inf,0,0,0,0,-1,inf,1,1,0,1,6080,0,0,0,2781,3299,1.63505044890626,3.9169352334224983,False
following_lateral_offset,P1,12003,40,4.0,2.5,17.921375922472347,16.137508032910766,0.007728682113816512,2.080701214564414e-20,1000000000.0,34.32333333333333,34.320373372018565,5.8130297425819695,2.4007142976214335,inf,0,0,0,0,-1,inf,1,1,0,1,6080,142,0,0,2660,3278,1.63505044890626,3.9169352334224983,False
following_lateral_offset,P2,12003,40,4.0,2.5,17.921375922472347,16.137508032910766,0.007728682113816512,2.080701214564414e-20,1000000000.0,34.32333333333333,34.320373372018565,5.8130297425819695,2.4007142976214335,inf,0,0,0,0,-1,inf,1,1,0,1,6080,142,0,0,2660,3278,1.63505044890626,3.9169352334224983,False
following_lateral_offset,P3,12003,40,4.0,2.5,17.381542557300047,15.845154765975941,0.009860053467123351,3.5261253559032566e-19,1000000000.0,34.32333333333332,34.32333333333332,5.846755035440133,2.4007142976214335,inf,0,0,0,0,-1,inf,1,1,0,1,6080,0,0,0,2781,3299,1.63505044890626,3.9169352334224983,False
following_lateral_offset,P4,12003,40,4.0,2.5,18.268154235641372,16.137508032910766,0.007402725637116078,2.080701214564414e-20,1000000000.0,34.30333333333332,34.29261279353228,5.812386753095253,2.4007142976214335,inf,0,0,0,0,-1,inf,1,1,0,1,6080,280,0,0,2551,3249,1.63505044890626,3.9169352334224983,False
following_lateral_offset,P0,12004,40,4.0,2.5,17.472362136207472,15.192096243653362,0.010187404275622486,6.537794604636046e-17,1000000000.0,34.68666666666668,34.68666666666668,5.494680255584574,2.5236320550944566,inf,0,0,0,0,-1,inf,1,1,0,1,6080,0,0,0,2932,3148,1.6009649607209575,3.727581109761543,False
following_lateral_offset,P1,12004,40,4.0,2.5,17.464679443964393,15.164288931121426,0.010256048306026324,8.070130672379885e-17,1000000000.0,34.70000000000001,34.70000000000001,5.481788029466289,2.487728238369235,inf,0,0,0,0,-1,inf,1,1,0,1,6080,0,0,0,2937,3143,1.6009649607209575,3.727581109761543,False
following_lateral_offset,P2,12004,40,4.0,2.5,17.47333270875749,15.212757157623383,0.010175639332528267,5.643646056010584e-17,1000000000.0,34.676666666666684,34.676666666666684,5.504350804388979,2.5236320550944566,inf,0,0,0,0,-1,inf,1,1,0,1,6080,0,0,0,2926,3154,1.6009649607209575,3.727581109761543,False
following_lateral_offset,P3,12004,40,4.0,2.5,17.472362136207472,15.192096243653362,0.010187404275622486,6.537794604636046e-17,1000000000.0,34.68666666666668,34.68666666666668,5.494680255584574,2.5236320550944566,inf,0,0,0,0,-1,inf,1,1,0,1,6080,0,0,0,2932,3148,1.6009649607209575,3.727581109761543,False
following_lateral_offset,P4,12004,40,4.0,2.5,17.472362136207472,15.192096243653362,0.010187404275622486,6.537794604636046e-17,1000000000.0,34.68666666666668,34.68666666666668,5.494680255584574,2.5236320550944566,inf,0,0,0,0,-1,inf,1,1,0,1,6080,0,0,0,2932,3148,1.6009649607209575,3.727581109761543,False
following_lateral_offset,P0,12005,40,4.0,2.5,17.484670497842785,15.174751579365527,0.010339534663428768,7.920400091317156e-17,1000000000.0,34.69500000000001,34.69500000000001,5.48662236717636,2.3832021850946714,inf,0,0,0,0,-1,inf,1,1,0,1,6080,0,0,0,2796,3284,1.6408010684568168,3.7153364667535724,False
following_lateral_offset,P1,12005,40,4.0,2.5,18.988110058019043,16.137508032910766,0.005254365391730635,2.0668687426891522e-20,1000000000.0,34.51666666666667,34.50975637265527,5.58460654427287,2.4151450682505633,inf,0,0,0,0,-1,inf,1,1,0,1,6080,371,0,0,2444,3265,1.6408010684568168,3.7153364667535724,False
following_lateral_offset,P2,12005,40,4.0,2.5,19.049906007523788,16.137508032910766,0.00512399162861039,2.066868731689807e-20,1000000000.0,34.592666666666645,34.58590376289893,5.507644469099373,2.3832021850946714,inf,0,0,0,0,-1,inf,1,1,0,1,6080,385,0,0,2442,3253,1.6408010684568168,3.7153364667535724,False
following_lateral_offset,P3,12005,40,4.0,2.5,17.484670497842785,15.174751579365527,0.010339534663428768,7.920400091317156e-17,1000000000.0,34.69500000000001,34.69500000000001,5.48662236717636,2.3832021850946714,inf,0,0,0,0,-1,inf,1,1,0,1,6080,0,0,0,2796,3284,1.6408010684568168,3.7153364667535724,False
following_lateral_offset,P4,12005,40,4.0,2.5,17.493889077248106,15.243438839627506,0.010246447485866264,4.712133936009189e-17,1000000000.0,34.66166666666668,34.66166666666668,5.518858829303174,2.3832021850946714,inf,0,0,0,0,-1,inf,1,1,0,1,6080,0,0,0,2785,3295,1.6408010684568168,3.7153364667535724,False
following_lateral_offset,P0,12006,40,4.0,2.5,17.40201056096699,14.71768356838211,0.010979037439891844,1.946047607432886e-15,999999999.9999981,34.89666666666668,34.89666666666668,5.291881622930633,2.4934077564932715,inf,0,0,0,0,-1,inf,1,1,0,1,6080,0,0,0,2880,3200,1.6414959151305535,3.7808952782077476,False
following_lateral_offset,P1,12006,40,4.0,2.5,17.440408150420076,14.991052726859017,0.010499769992137208,2.8464313741770613e-16,999999999.9999996,34.78000000000001,34.78000000000001,5.4044796234235095,2.555507181066372,inf,0,0,0,0,-1,inf,1,1,0,1,6080,0,0,0,2834,3246,1.6414959151305535,3.7808952782077476,False
following_lateral_offset,P2,12006,40,4.0,2.5,17.40327340417149,14.734000310257889,0.01096135825120532,1.7418690615646427e-15,999999999.9999983,34.890000000000015,34.890000000000015,5.298311051646539,2.4934077564932715,inf,0,0,0,0,-1,inf,1,1,0,1,6080,0,0,0,2878,3202,1.6414959151305535,3.7808952782077476,False
following_lateral_offset,P3,12006,40,4.0,2.5,17.40201056096699,14.71768356838211,0.010979037439891844,1.946047607432886e-15,999999999.9999981,34.89666666666668,34.89666666666668,5.291881622930633,2.4934077564932715,inf,0,0,0,0,-1,inf,1,1,0,1,6080,0,0,0,2880,3200,1.6414959151305535,3.7808952782077476,False
following_lateral_offset,P4,12006,40,4.0,2.5,17.40201056096699,14.71768356838211,0.010979037439891844,1.946047607432886e-15,999999999.9999981,34.89666666666668,34.89666666666668,5.291881622930633,2.4934077564932715,inf,0,0,0,0,-1,inf,1,1,0,1,6080,0,0,0,2880,3200,1.6414959151305535,3.7808952782077476,False
following_lateral_offset,P0,12007,40,4.0,2.5,17.476486491461625,15.54564683760545,0.009989877527114615,4.625357014395232e-18,1000000000.0,34.50333333333334,34.50333333333334,5.672155185151795,2.6378310532331755,inf,0,0,0,0,-1,inf,1,1,0,1,6080,0,0,0,2914,3166,1.6247781342598788,3.7146295702408905,False
following_lateral_offset,P1,12007,40,4.0,2.5,18.06210801506425,16.137508032910766,0.007424091561640861,2.1019860694157422e-20,1000000000.0,34.56000000000002,34.556799970307424,5.581554781414406,2.607287394877166,inf,0,0,0,0,-1,inf,1,1,0,1,6080,143,0,0,2800,3137,1.6247781342598788,3.7146295702408905,False
following_lateral_offset,P2,12007,40,4.0,2.5,18.072623454529023,16.137508032910766,0.007393330075673771,2.0921226793851206e-20,1000000000.0,34.49933333333335,34.496118695310315,5.64073942905362,2.6378310532331755,inf,0,0,0,0,-1,inf,1,1,0,1,6080,143,0,0,2794,3143,1.6247781342598788,3.7146295702408905,False
following_lateral_offset,P3,12007,40,4.0,2.5,18.072623454529023,16.137508032910766,0.007393330075673771,2.0921226793851206e-20,1000000000.0,34.49933333333335,34.496118695310315,5.64073942905362,2.6378310532331755,inf,0,0,0,0,-1,inf,1,1,0,1,6080,143,0,0,2794,3143,1.6247781342598788,3.7146295702408905,False
following_lateral_offset,P4,12007,40,4.0,2.5,18.066674112805067,16.137508032910766,0.0074072501465265615,2.095659685206618e-20,1000000000.0,34.53933333333336,34.536131297352554,5.601690188098018,2.6378310532331755,inf,0,0,0,0,-1,inf,1,1,0,1,6080,143,0,0,2799,3138,1.6247781342598788,3.7146295702408905,False
following_lateral_offset,P0,12008,40,4.0,2.5,17.48784371419442,15.079059242007819,0.010225123022318571,1.4933655944338816e-16,999999999.9999998,34.74000000000001,34.74000000000001,5.4431241029394055,2.648528797443918,inf,0,0,0,0,-1,inf,1,1,0,1,6080,0,0,0,2779,3301,1.7921005100060856,4.0244366586893445,False
following_lateral_offset,P1,12008,40,4.0,2.5,19.810496846699415,16.137508032910766,0.004342952652709559,2.066868731680107e-20,1000000000.0,34.44666666666667,34.43623590027372,5.616418343201307,2.6336382585144604,inf,0,0,0,0,-1,inf,1,1,0,1,6080,791,0,0,2115,3174,1.7921005100060856,4.0244366586893445,False
following_lateral_offset,P2,12008,40,4.0,2.5,17.48784371419442,15.079059242007819,0.010225123022318571,1.4933655944338816e-16,999999999.9999998,34.74000000000001,34.74000000000001,5.4431241029394055,2.648528797443918,inf,0,0,0,0,-1,inf,1,1,0,1,6080,0,0,0,2779,3301,1.7921005100060856,4.0244366586893445,False
following_lateral_offset,P3,12008,40,4.0,2.5,17.48784371419442,15.079059242007819,0.010225123022318571,1.4933655944338816e-16,999999999.9999998,34.74000000000001,34.74000000000001,5.4431241029394055,2.648528797443918,inf,0,0,0,0,-1,inf,1,1,0,1,6080,0,0,0,2779,3301,1.7921005100060856,4.0244366586893445,False
following_lateral_offset,P4,12008,40,4.0,2.5,17.48784371419442,15.079059242007819,0.010225123022318571,1.4933655944338816e-16,999999999.9999998,34.74000000000001,34.74000000000001,5.4431241029394055,2.648528797443918,inf,0,0,0,0,-1,inf,1,1,0,1,6080,0,0,0,2779,3301,1.7921005100060856,4.0244366586893445,False
following_lateral_offset,P0,12009,40,4.0,2.5,17.468927851997016,15.050036474682388,0.010247920631607524,1.8689527300870938e-16,999999999.9999998,34.75333333333335,34.75333333333335,5.430240428481129,2.435806044564074,inf,0,0,0,0,-1,inf,1,1,0,1,6080,0,0,0,2873,3207,1.790726771125032,3.911528822730304,False
following_lateral_offset,P1,12009,40,4.0,2.5,17.7021671506024,15.83741783242719,0.008750486201062899,3.266666032900225e-19,1000000000.0,34.72333333333336,34.722257846860636,5.446349629883476,2.435806044564074,inf,0,0,0,0,-1,inf,1,1,0,1,6080,46,0,0,2825,3209,1.790726771125032,3.911528822730304,False
following_lateral_offset,P2,12009,40,4.0,2.5,17.478427758916304,15.122015911735666,0.010152005194589118,1.09907224457467e-16,1000000000.0,34.72000000000001,34.72000000000001,5.46245366113067,2.4912898918202364,inf,0,0,0,0,-1,inf,1,1,0,1,6080,0,0,0,2862,3218,1.790726771125032,3.911528822730304,False
following_lateral_offset,P3,12009,40,4.0,2.5,17.468927851997016,15.050036474682388,0.010247920631607524,1.8689527300870938e-16,999999999.9999998,34.75333333333335,34.75333333333335,5.430240428481129,2.435806044564074,inf,0,0,0,0,-1,inf,1,1,0,1,6080,0,0,0,2873,3207,1.790726771125032,3.911528822730304,False
following_lateral_offset,P4,12009,40,4.0,2.5,17.70999312699169,15.888399717998059,0.00870613538506829,2.1698177312500045e-19,1000000000.0,34.69000000000002,34.6889245135273,5.478657214949572,2.4912898918202364,inf,0,0,0,0,-1,inf,1,1,0,1,6080,46,0,0,2814,3220,1.790726771125032,3.911528822730304,False
following_lateral_offset,P0,12010,40,4.0,2.5,17.463302522295635,15.178229804800102,0.010249757645798155,7.326344356861925e-17,1000000000.0,34.69333333333335,34.69333333333335,5.48823387904624,2.490173173162762,inf,0,0,0,0,-1,inf,1,1,0,1,6080,0,0,0,2910,3170,1.5257504913454665,3.67541868266481,False
following_lateral_offset,P1,12010,40,4.0,2.5,18.179897028450647,16.137508032910766,0.007043063851334383,2.0721371123447197e-20,1000000000.0,34.59000000000001,34.5863863610031,5.546600243944792,2.5235065064960978,inf,0,0,0,0,-1,inf,1,1,0,1,6080,167,0,0,2740,3173,1.5257504913454665,3.67541868266481,False
following_lateral_offset,P2,12010,40,4.0,2.5,18.098952605645678,16.137508032910766,0.007252277720260566,2.0742867940412388e-20,1000000000.0,34.660000000000025,34.65638870447847,5.4783250250506565,2.490173173162762,inf,0,0,0,0,-1,inf,1,1,0,1,6080,167,0,0,2766,3147,1.5257504913454665,3.67541868266481,False
following_lateral_offset,P3,12010,40,4.0,2.5,17.463302522295635,15.178229804800102,0.010249757645798155,7.326344356861925e-17,1000000000.0,34.69333333333335,34.69333333333335,5.48823387904624,2.490173173162762,inf,0,0,0,0,-1,inf,1,1,0,1,6080,0,0,0,2910,3170,1.5257504913454665,3.67541868266481,False
following_lateral_offset,P4,12010,40,4.0,2.5,18.02969266015476,16.137508032910766,0.007446392541402674,2.0743223355649152e-20,1000000000.0,34.660000000000025,34.656865134371124,5.484176361162874,2.490173173162762,inf,0,0,0,0,-1,inf,1,1,0,1,6080,145,0,0,2787,3148,1.5257504913454665,3.67541868266481,False
following_lateral_offset,P0,12011,40,4.0,2.5,17.469485797371686,14.983590822750399,0.010482592139603907,3.0480604728705197e-16,999999999.9999996,34.78333333333334,34.78333333333334,5.401260141032929,2.6111145257212938,inf,0,0,0,0,-1,inf,1,1,0,1,6080,0,0,0,2836,3244,1.6502077549209624,3.8568435138372927,False
following_lateral_offset,P1,12011,40,4.0,2.5,17.47133130503348,15.00962061673691,0.010459827081831592,2.538116004374776e-16,999999999.9999998,34.771666666666675,34.771666666666675,5.412528932434852,2.6111145257212938,inf,0,0,0,0,-1,inf,1,1,0,1,6080,0,0,0,2828,3252,1.6502077549209624,3.8568435138372927,False
following_lateral_offset,P2,12011,40,4.0,2.5,17.469485797371686,14.983590822750399,0.010482592139603907,3.0480604728705197e-16,999999999.9999996,34.78333333333334,34.78333333333334,5.401260141032929,2.6111145257212938,inf,0,0,0,0,-1,inf,1,1,0,1,6080,0,0,0,2836,3244,1.6502077549209624,3.8568435138372927,False
following_lateral_offset,P3,12011,40,4.0,2.5,17.469485797371686,14.983590822750399,0.010482592139603907,3.0480604728705197e-16,999999999.9999996,34.78333333333334,34.78333333333334,5.401260141032929,2.6111145257212938,inf,0,0,0,0,-1,inf,1,1,0,1,6080,0,0,0,2836,3244,1.6502077549209624,3.8568435138372927,False
following_lateral_offset,P4,12011,40,4.0,2.5,17.469485797371686,14.983590822750399,0.010482592139603907,3.0480604728705197e-16,999999999.9999996,34.78333333333334,34.78333333333334,5.401260141032929,2.6111145257212938,inf,0,0,0,0,-1,inf,1,1,0,1,6080,0,0,0,2836,3244,1.6502077549209624,3.8568435138372927,False
following_lateral_offset,P0,12012,40,4.0,2.5,17.436265064776485,15.185172305053715,0.010400955415237155,7.398880790754197e-17,1000000000.0,34.69000000000002,34.69000000000002,5.49145700156159,2.5674318562990144,inf,0,0,0,0,-1,inf,1,1,0,1,6080,0,0,0,2912,3168,1.6868918368375574,3.813198429029641,False
following_lateral_offset,P1,12012,40,4.0,2.5,17.452741976156823,15.19209624365338,0.010251678443486262,6.503650142876911e-17,1000000000.0,34.686666666666675,34.686666666666675,5.494680255584581,2.603839119015098,inf,0,0,0,0,-1,inf,1,1,0,1,6080,0,0,0,2913,3167,1.6868918368375574,3.813198429029641,False
following_lateral_offset,P2,12012,40,4.0,2.5,17.436265064776485,15.185172305053715,0.010400955415237155,7.398880790754197e-17,1000000000.0,34.69000000000002,34.69000000000002,5.49145700156159,2.5674318562990144,inf,0,0,0,0,-1,inf,1,1,0,1,6080,0,0,0,2912,3168,1.6868918368375574,3.813198429029641,False
following_lateral_offset,P3,12012,40,4.0,2.5,17.436265064776485,15.185172305053715,0.010400955415237155,7.398880790754197e-17,1000000000.0,34.69000000000002,34.69000000000002,5.49145700156159,2.5674318562990144,inf,0,0,0,0,-1,inf,1,1,0,1,6080,0,0,0,2912,3168,1.6868918368375574,3.813198429029641,False
following_lateral_offset,P4,12012,40,4.0,2.5,17.764471070255023,15.974303816715976,0.008522662864875716,1.1524017627865271e-19,1000000000.0,34.69000000000002,34.68829981419765,5.4721461222388355,2.5674318562990144,inf,0,0,0,0,-1,inf,1,1,0,1,6080,72,0,0,2859,3149,1.6868918368375574,3.813198429029641,False
following_lateral_offset,P0,12013,40,4.0,2.5,17.474022263335705,15.1184624446073,0.010330029412686605,1.1684634214474528e-16,1000000000.0,34.721666666666685,34.721666666666685,5.460842680189348,2.493403373952095,inf,0,0,0,0,-1,inf,1,1,0,1,6080,0,0,0,2863,3217,1.8151463058859285,4.071078574595581,False
following_lateral_offset,P1,12013,40,4.0,2.5,18.08131375250951,16.137508032910766,0.007351038441335151,2.1073768616230916e-20,1000000000.0,34.70666666666668,34.70352572064512,5.438461993954304,2.4659627453440938,inf,0,0,0,0,-1,inf,1,1,0,1,6080,143,0,0,2741,3196,1.8151463058859285,4.071078574595581,False
following_lateral_offset,P2,12013,40,4.0,2.5,17.474022263335705,15.1184624446073,0.010330029412686605,1.1684634214474528e-16,1000000000.0,34.721666666666685,34.721666666666685,5.460842680189348,2.493403373952095,inf,0,0,0,0,-1,inf,1,1,0,1,6080,0,0,0,2863,3217,1.8151463058859285,4.071078574595581,False
following_lateral_offset,P3,12013,40,4.0,2.5,17.474022263335705,15.1184624446073,0.010330029412686605,1.1684634214474528e-16,1000000000.0,34.721666666666685,34.721666666666685,5.460842680189348,2.493403373952095,inf,0,0,0,0,-1,inf,1,1,0,1,6080,0,0,0,2863,3217,1.8151463058859285,4.071078574595581,False
following_lateral_offset,P4,12013,40,4.0,2.5,18.08575416063303,16.137508032910766,0.00734707227208761,2.1103040196471475e-20,1000000000.0,34.721666666666685,34.718490566771415,5.423628327265662,2.493403373952095,inf,0,0,0,0,-1,inf,1,1,0,1,6080,143,0,0,2743,3194,1.8151463058859285,4.071078574595581,False
following_lateral_offset,P0,12014,40,4.0,2.5,17.46119496523887,16.137508032910766,0.00935115148829398,3.685901680544092e-20,1000000000.0,34.093333333333334,34.093333333333334,6.0703139219575055,2.845857157145714,inf,0,0,0,0,-1,inf,1,1,0,1,6080,0,0,0,2647,3433,1.9004120167716714,4.256666215673691,False
following_lateral_offset,P1,12014,40,4.0,2.5,17.46119496523887,16.137508032910766,0.00935115148829398,3.685901680544092e-20,1000000000.0,34.093333333333334,34.093333333333334,6.0703139219575055,2.845857157145714,inf,0,0,0,0,-1,inf,1,1,0,1,6080,0,0,0,2647,3433,1.9004120167716714,4.256666215673691,False
following_lateral_offset,P2,12014,40,4.0,2.5,17.46119496523887,16.137508032910766,0.00935115148829398,3.685901680544092e-20,1000000000.0,34.093333333333334,34.093333333333334,6.0703139219575055,2.845857157145714,inf,0,0,0,0,-1,inf,1,1,0,1,6080,0,0,0,2647,3433,1.9004120167716714,4.256666215673691,False
following_lateral_offset,P3,12014,40,4.0,2.5,17.46119496523887,16.137508032910766,0.00935115148829398,3.685901680544092e-20,1000000000.0,34.093333333333334,34.093333333333334,6.0703139219575055,2.845857157145714,inf,0,0,0,0,-1,inf,1,1,0,1,6080,0,0,0,2647,3433,1.9004120167716714,4.256666215673691,False
following_lateral_offset,P4,12014,40,4.0,2.5,17.46119496523887,16.137508032910766,0.00935115148829398,3.685901680544092e-20,1000000000.0,34.093333333333334,34.093333333333334,6.0703139219575055,2.845857157145714,inf,0,0,0,0,-1,inf,1,1,0,1,6080,0,0,0,2647,3433,1.9004120167716714,4.256666215673691,False
following_lateral_offset,P0,12015,40,4.0,2.5,17.453878448682083,15.17126869587499,0.010286388045774517,7.648679725125591e-17,1000000000.0,34.69666666666667,34.69666666666667,5.4850108882703585,2.463072397055511,inf,0,0,0,0,-1,inf,1,1,0,1,6080,0,0,0,2889,3191,1.6726833477217198,3.867220187458268,False
following_lateral_offset,P1,12015,40,4.0,2.5,18.577186961170213,16.137508032910766,0.006078079687753482,2.067191459287239e-20,1000000000.0,34.38666666666667,34.38142409621881,5.727160548564313,2.507470761120327,inf,0,0,0,0,-1,inf,1,1,0,1,6080,270,0,0,2581,3229,1.6726833477217198,3.867220187458268,False
following_lateral_offset,P2,12015,40,4.0,2.5,18.572839365900023,16.137508032910766,0.006084320445295423,2.0672003706752643e-20,1000000000.0,34.46166666666668,34.45644759036344,5.653605643075458,2.463072397055511,inf,0,0,0,0,-1,inf,1,1,0,1,6080,270,0,0,2595,3215,1.6726833477217198,3.867220187458268,False
following_lateral_offset,P3,12015,40,4.0,2.5,17.58234849091596,15.656164603205726,0.009436410053459486,1.6480844217074316e-18,1000000000.0,34.478333333333346,34.47780731895586,5.693143922027629,2.463072397055511,inf,0,0,0,0,-1,inf,1,1,0,1,6080,24,0,0,2794,3262,1.6726833477217198,3.867220187458268,False
following_lateral_offset,P4,12015,40,4.0,2.5,18.572839365900023,16.137508032910766,0.006084320445295423,2.0672003706752643e-20,1000000000.0,34.46166666666668,34.45644759036344,5.653605643075458,2.463072397055511,inf,0,0,0,0,-1,inf,1,1,0,1,6080,270,0,0,2595,3215,1.6726833477217198,3.867220187458268,False
following_lateral_offset,P0,12016,40,4.0,2.5,17.427017072921736,14.806360579824272,0.010701236020965007,1.0841427580691077e-15,999999999.9999988,34.86,34.86,5.327250698061807,2.567953484549356,inf,0,0,0,0,-1,inf,1,1,0,1,6080,0,0,0,2858,3222,1.5951514309383694,3.712459018270901,False
following_lateral_offset,P1,12016,40,4.0,2.5,17.51114387607249,15.086266606329678,0.01002384136654902,1.3534274925411902e-16,1000000000.0,34.84666666666667,34.84666666666667,5.340116519744153,2.5831494638426835,inf,0,0,0,0,-1,inf,1,1,0,1,6080,0,0,0,2856,3224,1.5951514309383694,3.712459018270901,False
following_lateral_offset,P2,12016,40,4.0,2.5,17.582746517387857,15.36575429320064,0.00951095284282171,1.584156720284019e-17,1000000000.0,34.86,34.859432075729295,5.320408435224143,2.567953484549356,inf,0,0,0,0,-1,inf,1,1,0,1,6080,24,0,0,2834,3222,1.5951514309383694,3.712459018270901,False
following_lateral_offset,P3,12016,40,4.0,2.5,17.50568966358133,15.05070056541364,0.010069314155487752,1.7507851834892605e-16,999999999.9999998,34.86,34.859432075729295,5.320408435224143,2.567953484549356,inf,0,0,0,0,-1,inf,1,1,0,1,6080,24,0,0,2834,3222,1.5951514309383694,3.712459018270901,False
following_lateral_offset,P4,12016,40,4.0,2.5,17.582746517387857,15.36575429320064,0.00951095284282171,1.584156720284019e-17,1000000000.0,34.86,34.859432075729295,5.320408435224143,2.567953484549356,inf,0,0,0,0,-1,inf,1,1,0,1,6080,24,0,0,2834,3222,1.5951514309383694,3.712459018270901,False
following_lateral_offset,P0,12017,40,4.0,2.5,17.40745426787256,15.035408413162116,0.010465172451696448,2.0133833751625383e-16,999999999.9999998,34.76,34.76,5.423799406320262,2.355020420410612,inf,0,0,0,0,-1,inf,1,1,0,1,6080,0,0,0,2772,3308,1.801205369290858,4.117179011834026,False
following_lateral_offset,P1,12017,40,4.0,2.5,18.217813760903596,16.137508032910766,0.006934030989894374,2.0779725339283068e-20,1000000000.0,34.538333333333355,34.53439972988303,5.59258263206573,2.4173809642880926,inf,0,0,0,0,-1,inf,1,1,0,1,6080,191,0,0,2537,3352,1.801205369290858,4.117179011834026,False
following_lateral_offset,P2,12017,40,4.0,2.5,18.667418230648458,16.137508032910766,0.00622882743198217,3.122208659393918e-20,1000000000.0,34.376666666666694,34.3647351879291,5.741894940640487,2.620539892057567,inf,0,0,0,0,-1,inf,1,1,0,1,6080,929,0,0,1998,3153,1.801205369290858,4.117179011834026,False
following_lateral_offset,P3,12017,40,4.0,2.5,17.630585785128936,15.76095223969276,0.009082382843791776,6.366742715965062e-19,1000000000.0,34.62333333333332,34.62229820231788,5.545795925577635,2.355020420410612,inf,0,0,0,0,-1,inf,1,1,0,1,6080,47,0,0,2683,3350,1.801205369290858,4.117179011834026,False
following_lateral_offset,P4,12017,40,4.0,2.5,18.313067485081564,16.137508032910766,0.006691468844972991,2.077565921915816e-20,1000000000.0,34.58799999999999,34.58367312333295,5.5390767161275125,2.355020420410612,inf,0,0,0,0,-1,inf,1,1,0,1,6080,216,0,0,2539,3325,1.801205369290858,4.117179011834026,False
following_lateral_offset,P0,12018,40,4.0,2.5,17.472013448473213,15.216184531289972,0.01034622422245995,6.079555287705775e-17,1000000000.0,34.67500000000001,34.67500000000001,5.50596267695304,2.446744744733481,inf,0,0,0,0,-1,inf,1,1,0,1,6080,0,0,0,2839,3241,1.617099010048954,3.808095799431264,False
following_lateral_offset,P1,12018,40,4.0,2.5,18.079576845304917,16.137508032910766,0.007373764926728521,2.1265849628967702e-20,1000000000.0,34.623333333333356,34.620309278073,5.5207672482806665,2.446744744733481,inf,0,0,0,0,-1,inf,1,1,0,1,6080,142,0,0,2712,3226,1.617099010048954,3.808095799431264,False
following_lateral_offset,P2,12018,40,4.0,2.5,17.479109538570377,15.277098293178735,0.01027207085155108,3.855073756096703e-17,1000000000.0,34.645,34.645,5.534981933123176,2.4908571571457063,inf,0,0,0,0,-1,inf,1,1,0,1,6080,0,0,0,2827,3253,1.617099010048954,3.808095799431264,False
following_lateral_offset,P3,12018,40,4.0,2.5,17.472013448473213,15.216184531289972,0.01034622422245995,6.079555287705775e-17,1000000000.0,34.67500000000001,34.67500000000001,5.50596267695304,2.446744744733481,inf,0,0,0,0,-1,inf,1,1,0,1,6080,0,0,0,2839,3241,1.617099010048954,3.808095799431264,False
following_lateral_offset,P4,12018,40,4.0,2.5,18.46435592071837,16.137508032910766,0.00699552175581819,2.1265849628967696e-20,1000000000.0,34.520000000000024,34.50929985581797,5.601752279393301,2.446744744733481,inf,0,0,0,0,-1,inf,1,1,0,1,6080,259,0,0,2607,3214,1.617099010048954,3.808095799431264,False
following_lateral_offset,P0,12019,40,4.0,2.5,17.413498481686297,15.287108412582104,0.010324503580948208,3.4250864866343137e-17,1000000000.0,34.64000000000001,34.64000000000001,5.539819491644102,2.5574707611203276,inf,0,0,0,0,-1,inf,1,1,0,1,6080,0,0,0,2852,3228,1.6156316956677756,3.845953073019101,False
following_lateral_offset,P1,12019,40,4.0,2.5,17.831722947531762,16.137508032910766,0.00815179231623953,2.639220511332612e-20,1000000000.0,34.60333333333334,34.601145441596145,5.550523729772577,2.5574707611203276,inf,0,0,0,0,-1,inf,1,1,0,1,6080,96,0,0,2754,3230,1.6156316956677756,3.845953073019101,False
following_lateral_offset,P2,12019,40,4.0,2.5,17.825294134366082,16.137508032910766,0.008172966472981623,2.779076271039604e-20,1000000000.0,34.64000000000001,34.637820882989914,5.514848185661163,2.5574707611203276,inf,0,0,0,0,-1,inf,1,1,0,1,6080,95,0,0,2760,3225,1.6156316956677756,3.845953073019101,False
following_lateral_offset,P3,12019,40,4.0,2.5,17.489459449239412,15.47291142964705,0.009829524950633184,7.66119711292392e-18,1000000000.0,34.64000000000001,34.64000000000001,5.539819491644102,2.5574707611203276,inf,0,0,0,0,-1,inf,1,1,0,1,6080,0,0,0,2852,3228,1.6156316956677756,3.845953073019101,False
following_lateral_offset,P4,12019,40,4.0,2.5,17.825294134366082,16.137508032910766,0.008172966472981623,2.779076271039604e-20,1000000000.0,34.64000000000001,34.637820882989914,5.514848185661163,2.5574707611203276,inf,0,0,0,0,-1,inf,1,1,0,1,6080,95,0,0,2760,3225,1.6156316956677756,3.845953073019101,False
lane_choice,P0,12000,40,4.0,2.5,-1.4841772517946121,-13.800125353527465,0.7112488585418857,0.27149979741639463,728500202.5836054,12.99999999999999,12.882786325056207,16.782438462261936,inf,1.5013499953110632,0,0,0,0,-1,inf,0,-1,0,0,6080,1879,0,1762,0,2439,1.688974805067767,4.091561986001411,False
lane_choice,P1,12000,40,4.0,2.5,11.415283391778742,7.917465961148334,0.19749853001493048,9.757018575009277e-05,999902429.81425,12.999999999999991,12.91210617836171,16.755131274768452,6.1060366622275195,1.5001885304115121,0,0,0,0,-1,inf,0,-1,0,0,6080,1784,0,1780,0,2516,1.688974805067767,4.091561986001411,False
lane_choice,P2,12000,40,4.0,2.5,11.994151129574023,8.339167020023577,0.1581424021019724,3.244000943071595e-05,999967559.9905694,12.99999999999999,12.903343972408566,16.74847084715829,6.1060366622275195,1.5076951843659407,0,0,0,0,-1,inf,0,-1,0,0,6080,1600,0,1804,0,2676,1.688974805067767,4.091561986001411,False
lane_choice,P3,12000,40,4.0,2.5,11.415283391778742,7.917465961148334,0.19749853001493048,9.757018575009277e-05,999902429.81425,12.999999999999991,12.91210617836171,16.755131274768452,6.1060366622275195,1.5001885304115121,0,0,0,0,-1,inf,0,-1,0,0,6080,1784,0,1780,0,2516,1.688974805067767,4.091561986001411,False
lane_choice,P4,12000,40,4.0,2.5,12.011930681626641,8.339167020023577,0.15681014940403565,3.197086409443261e-05,999968029.1359055,12.99999999999999,12.903358507552323,16.74847084715829,6.1060366622275195,1.508038196389593,0,0,0,0,-1,inf,0,-1,0,0,6080,1616,0,1788,0,2676,1.688974805067767,4.091561986001411,False
lane_choice,P0,12001,40,4.0,2.5,-1.4841772517946121,-13.800125353527465,0.7112488585418857,0.27149979741639463,728500202.5836054,12.99999999999999,12.882786325056207,16.782438462261936,inf,1.5013499953110632,0,0,0,0,-1,inf,0,-1,0,0,6080,1879,0,1762,0,2439,1.7108780164075768,4.159321742865619,False
lane_choice,P1,12001,40,4.0,2.5,11.415283391778742,7.917465961148334,0.19749853001493048,9.757018575009277e-05,999902429.81425,12.999999999999991,12.91210617836171,16.755131274768452,6.1060366622275195,1.5001885304115121,0,0,0,0,-1,inf,0,-1,0,0,6080,1784,0,1780,0,2516,1.7108780164075768,4.159321742865619,False
lane_choice,P2,12001,40,4.0,2.5,12.107883195357731,8.783780876789407,0.14676623799851551,1.630308050043053e-05,999983696.9194996,12.999999999999991,12.905360561870957,16.74847084715829,6.1060366622275195,1.5014044797033903,0,0,0,0,-1,inf,0,-1,0,0,6080,1618,0,1796,0,2666,1.7108780164075768,4.159321742865619,False
lane_choice,P3,12001,40,4.0,2.5,11.415283391778742,7.917465961148334,0.19749853001493048,9.757018575009277e-05,999902429.81425,12.999999999999991,12.91210617836171,16.755131274768452,6.1060366622275195,1.5001885304115121,0,0,0,0,-1,inf,0,-1,0,0,6080,1784,0,1780,0,2516,1.7108780164075768,4.159321742865619,False
lane_choice,P4,12001,40,4.0,2.5,12.011930681626641,8.339167020023577,0.15681014940403565,3.197086409443261e-05,999968029.1359055,12.99999999999999,12.903358507552323,16.74847084715829,6.1060366622275195,1.508038196389593,0,0,0,0,-1,inf,0,-1,0,0,6080,1616,0,1788,0,2676,1.7108780164075768,4.159321742865619,False
lane_choice,P0,12002,40,4.0,2.5,-1.4841772517946121,-13.800125353527465,0.7112488585418857,0.27149979741639463,728500202.5836054,12.99999999999999,12.882786325056207,16.782438462261936,inf,1.5013499953110632,0,0,0,0,-1,inf,0,-1,0,0,6080,1879,0,1762,0,2439,1.7357444426868276,4.108951726599504,False
lane_choice,P1,12002,40,4.0,2.5,11.415283391778742,7.917465961148334,0.19749853001493048,9.757018575009277e-05,999902429.81425,12.999999999999991,12.91210617836171,16.755131274768452,6.1060366622275195,1.5001885304115121,0,0,0,0,-1,inf,0,-1,0,0,6080,1784,0,1780,0,2516,1.7357444426868276,4.108951726599504,False
lane_choice,P2,12002,40,4.0,2.5,12.008701804632036,8.229738049872287,0.15881413145339823,3.739474708985757e-05,999962605.2529103,12.999999999999991,12.904499009576284,16.74847084715829,6.1060366622275195,1.5001177930900464,0,0,0,0,-1,inf,0,-1,0,0,6080,1612,0,1861,0,2607,1.7357444426868276,4.108951726599504,False
lane_choice,P3,12002,40,4.0,2.5,11.415283391778742,7.917465961148334,0.19749853001493048,9.757018575009277e-05,999902429.81425,12.999999999999991,12.91210617836171,16.755131274768452,6.1060366622275195,1.5001885304115121,0,0,0,0,-1,inf,0,-1,0,0,6080,1784,0,1780,0,2516,1.7357444426868276,4.108951726599504,False
lane_choice,P4,12002,40,4.0,2.5,12.011930681626641,8.339167020023577,0.15681014940403565,3.197086409443261e-05,999968029.1359055,12.99999999999999,12.903358507552323,16.74847084715829,6.1060366622275195,1.508038196389593,0,0,0,0,-1,inf,0,-1,0,0,6080,1616,0,1788,0,2676,1.7357444426868276,4.108951726599504,False
lane_choice,P0,12003,40,4.0,2.5,-1.4841772517946121,-13.800125353527465,0.7112488585418857,0.27149979741639463,728500202.5836054,12.99999999999999,12.882786325056207,16.782438462261936,inf,1.5013499953110632,0,0,0,0,-1,inf,0,-1,0,0,6080,1879,0,1762,0,2439,1.7161119915357759,4.212669572592107,False
lane_choice,P1,12003,40,4.0,2.5,11.435182525296545,8.012373056845629,0.19517708609454484,8.383575704004454e-05,999916164.24296,12.99999999999999,12.910819574708963,16.753017151880435,6.1060366622275195,1.501167547298801,0,0,0,0,-1,inf,0,-1,0,0,6080,1768,0,1784,0,2528,1.7161119915357759,4.212669572592107,False
lane_choice,P2,12003,40,4.0,2.5,12.011930681626641,8.339167020023577,0.15681014940403565,3.197086409443261e-05,999968029.1359055,12.99999999999999,12.903358507552323,16.74847084715829,6.1060366622275195,1.508038196389593,0,0,0,0,-1,inf,0,-1,0,0,6080,1616,0,1788,0,2676,1.7161119915357759,4.212669572592107,False
lane_choice,P3,12003,40,4.0,2.5,12.076728932495755,9.263228055490746,0.13843144961890505,8.18915618597111e-06,999991810.8438139,12.99999999999999,12.911716648644994,16.757163456939804,6.1060366622275195,1.5028868179940864,0,0,0,0,-1,inf,0,-1,0,0,6080,1729,0,1751,0,2600,1.7161119915357759,4.212669572592107,False
lane_choice,P4,12003,40,4.0,2.5,12.011930681626641,8.339167020023577,0.15681014940403565,3.197086409443261e-05,999968029.1359055,12.99999999999999,12.903358507552323,16.74847084715829,6.1060366622275195,1.508038196389593,0,0,0,0,-1,inf,0,-1,0,0,6080,1616,0,1788,0,2676,1.7161119915357759,4.212669572592107,False
lane_choice,P0,12004,40,4.0,2.5,-1.4841772517946121,-13.800125353527465,0.7112488585418857,0.27149979741639463,728500202.5836054,12.99999999999999,12.882786325056207,16.782438462261936,inf,1.5013499953110632,0,0,0,0,-1,inf,0,-1,0,0,6080,1879,0,1762,0,2439,1.678953648108712,4.00584386704021,False
lane_choice,P1,12004,40,4.0,2.5,11.415283391778742,7.917465961148334,0.19749853001493048,9.757018575009277e-05,999902429.81425,12.999999999999991,12.91210617836171,16.755131274768452,6.1060366622275195,1.5001885304115121,0,0,0,0,-1,inf,0,-1,0,0,6080,1784,0,1780,0,2516,1.678953648108712,4.00584386704021,False
lane_choice,P2,12004,40,4.0,2.5,12.008621702981113,8.339167020023577,0.15701360302838382,3.2002794464293644e-05,999967997.2055357,12.99999999999999,12.903358507552323,16.74847084715829,6.1060366622275195,1.508038196389593,0,0,0,0,-1,inf,0,-1,0,0,6080,1631,0,1773,0,2676,1.678953648108712,4.00584386704021,False
lane_choice,P3,12004,40,4.0,2.5,11.415283391778742,7.917465961148334,0.19749853001493048,9.757018575009277e-05,999902429.81425,12.999999999999991,12.91210617836171,16.755131274768452,6.1060366622275195,1.5001885304115121,0,0,0,0,-1,inf,0,-1,0,0,6080,1784,0,1780,0,2516,1.678953648108712,4.00584386704021,False
lane_choice,P4,12004,40,4.0,2.5,12.011930681626641,8.339167020023577,0.15681014940403565,3.197086409443261e-05,999968029.1359055,12.99999999999999,12.903358507552323,16.74847084715829,6.1060366622275195,1.508038196389593,0,0,0,0,-1,inf,0,-1,0,0,6080,1616,0,1788,0,2676,1.678953648108712,4.00584386704021,False
lane_choice,P0,12005,40,4.0,2.5,-1.4841772517946121,-13.800125353527465,0.7112488585418857,0.27149979741639463,728500202.5836054,12.99999999999999,12.882786325056207,16.782438462261936,inf,1.5013499953110632,0,0,0,0,-1,inf,0,-1,0,0,6080,1879,0,1762,0,2439,1.7102921748415312,4.032619742445293,False
lane_choice,P1,12005,40,4.0,2.5,11.415283391778742,7.917465961148334,0.19749853001493048,9.757018575009277e-05,999902429.81425,12.999999999999991,12.91210617836171,16.755131274768452,6.1060366622275195,1.5001885304115121,0,0,0,0,-1,inf,0,-1,0,0,6080,1784,0,1780,0,2516,1.7102921748415312,4.032619742445293,False
lane_choice,P2,12005,40,4.0,2.5,11.85355211077398,8.193428658539322,0.16768438967953742,4.0276790482610676e-05,999959723.2095175,12.999999999999993,12.90302634466848,16.747476673586238,6.1060366622275195,1.5074147958698756,0,0,0,0,-1,inf,0,-1,0,0,6080,1623,0,1824,0,2633,1.7102921748415312,4.032619742445293,False
lane_choice,P3,12005,40,4.0,2.5,12.076728932495755,9.263228055490746,0.13843144961890505,8.18915618597111e-06,999991810.8438139,12.99999999999999,12.911716648644994,16.757163456939804,6.1060366622275195,1.5028868179940864,0,0,0,0,-1,inf,0,-1,0,0,6080,1729,0,1751,0,2600,1.7102921748415312,4.032619742445293,False
lane_choice,P4,12005,40,4.0,2.5,12.011930681626641,8.339167020023577,0.15681014940403565,3.197086409443261e-05,999968029.1359055,12.99999999999999,12.903358507552323,16.74847084715829,6.1060366622275195,1.508038196389593,0,0,0,0,-1,inf,0,-1,0,0,6080,1616,0,1788,0,2676,1.7102921748415312,4.032619742445293,False
lane_choice,P0,12006,40,4.0,2.5,-1.4841772517946121,-13.800125353527465,0.7112488585418857,0.27149979741639463,728500202.5836054,12.99999999999999,12.882786325056207,16.782438462261936,inf,1.5013499953110632,0,0,0,0,-1,inf,0,-1,0,0,6080,1879,0,1762,0,2439,1.7070857147587346,4.076338745458299,False
lane_choice,P1,12006,40,4.0,2.5,11.415283391778742,7.917465961148334,0.19749853001493048,9.757018575009277e-05,999902429.81425,12.999999999999991,12.91210617836171,16.755131274768452,6.1060366622275195,1.5001885304115121,0,0,0,0,-1,inf,0,-1,0,0,6080,1784,0,1780,0,2516,1.7070857147587346,4.076338745458299,False
lane_choice,P2,12006,40,4.0,2.5,12.003801535674015,8.30317609867053,0.15770970069748805,3.362030996009836e-05,999966379.6900399,12.999999999999993,12.90378423508218,16.747476673586238,6.1060366622275195,1.5006896560409806,0,0,0,0,-1,inf,0,-1,0,0,6080,1603,0,1869,0,2608,1.7070857147587346,4.076338745458299,False
lane_choice,P3,12006,40,4.0,2.5,11.435182525296545,8.012373056845629,0.19517708609454484,8.383575704004454e-05,999916164.24296,12.99999999999999,12.910819574708963,16.753017151880435,6.1060366622275195,1.501167547298801,0,0,0,0,-1,inf,0,-1,0,0,6080,1768,0,1784,0,2528,1.7070857147587346,4.076338745458299,False
lane_choice,P4,12006,40,4.0,2.5,12.011930681626641,8.339167020023577,0.15681014940403565,3.197086409443261e-05,999968029.1359055,12.99999999999999,12.903358507552323,16.74847084715829,6.1060366622275195,1.508038196389593,0,0,0,0,-1,inf,0,-1,0,0,6080,1616,0,1788,0,2676,1.7070857147587346,4.076338745458299,False
lane_choice,P0,12007,40,4.0,2.5,-1.4841772517946121,-13.800125353527465,0.7112488585418857,0.27149979741639463,728500202.5836054,12.99999999999999,12.882786325056207,16.782438462261936,inf,1.5013499953110632,0,0,0,0,-1,inf,0,-1,0,0,6080,1879,0,1762,0,2439,1.6853179586269484,3.9953777741018235,False
lane_choice,P1,12007,40,4.0,2.5,11.435182525296545,8.012373056845629,0.19517708609454484,8.383575704004454e-05,999916164.24296,12.99999999999999,12.910819574708963,16.753017151880435,6.1060366622275195,1.501167547298801,0,0,0,0,-1,inf,0,-1,0,0,6080,1768,0,1784,0,2528,1.6853179586269484,3.9953777741018235,False
lane_choice,P2,12007,40,4.0,2.5,11.994151129574023,8.339167020023577,0.1581424021019724,3.244000943071595e-05,999967559.9905694,12.99999999999999,12.903343972408566,16.74847084715829,6.1060366622275195,1.5076951843659407,0,0,0,0,-1,inf,0,-1,0,0,6080,1600,0,1804,0,2676,1.6853179586269484,3.9953777741018235,False
lane_choice,P3,12007,40,4.0,2.5,11.774571468909128,8.864510842673633,0.1650053882993474,2.0320664283531382e-05,999979679.3357166,12.999999999999991,12.90832076244491,16.74847084715829,6.1060366622275195,1.5014545503952075,0,0,0,0,-1,inf,0,-1,0,0,6080,1691,0,1829,0,2560,1.6853179586269484,3.9953777741018235,False
lane_choice,P4,12007,40,4.0,2.5,12.011930681626641,8.339167020023577,0.15681014940403565,3.197086409443261e-05,999968029.1359055,12.99999999999999,12.903358507552323,16.74847084715829,6.1060366622275195,1.508038196389593,0,0,0,0,-1,inf,0,-1,0,0,6080,1616,0,1788,0,2676,1.6853179586269484,3.9953777741018235,False
lane_choice,P0,12008,40,4.0,2.5,-1.4841772517946121,-13.800125353527465,0.7112488585418857,0.27149979741639463,728500202.5836054,12.99999999999999,12.882786325056207,16.782438462261936,inf,1.5013499953110632,0,0,0,0,-1,inf,0,-1,0,0,6080,1879,0,1762,0,2439,1.811627553265889,4.265497009580975,False
lane_choice,P1,12008,40,4.0,2.5,11.415283391778742,7.917465961148334,0.19749853001493048,9.757018575009277e-05,999902429.81425,12.999999999999991,12.91210617836171,16.755131274768452,6.1060366622275195,1.5001885304115121,0,0,0,0,-1,inf,0,-1,0,0,6080,1784,0,1780,0,2516,1.811627553265889,4.265497009580975,False
lane_choice,P2,12008,40,4.0,2.5,12.011930681626641,8.339167020023577,0.15681014940403565,3.197086409443261e-05,999968029.1359055,12.99999999999999,12.903358507552323,16.74847084715829,6.1060366622275195,1.508038196389593,0,0,0,0,-1,inf,0,-1,0,0,6080,1616,0,1788,0,2676,1.811627553265889,4.265497009580975,False
lane_choice,P3,12008,40,4.0,2.5,11.415283391778742,7.917465961148334,0.19749853001493048,9.757018575009277e-05,999902429.81425,12.999999999999991,12.91210617836171,16.755131274768452,6.1060366622275195,1.5001885304115121,0,0,0,0,-1,inf,0,-1,0,0,6080,1784,0,1780,0,2516,1.811627553265889,4.265497009580975,False
lane_choice,P4,12008,40,4.0,2.5,12.011930681626641,8.339167020023577,0.15681014940403565,3.197086409443261e-05,999968029.1359055,12.99999999999999,12.903358507552323,16.74847084715829,6.1060366622275195,1.508038196389593,0,0,0,0,-1,inf,0,-1,0,0,6080,1616,0,1788,0,2676,1.811627553265889,4.265497009580975,False
lane_choice,P0,12009,40,4.0,2.5,-1.4841772517946121,-13.800125353527465,0.7112488585418857,0.27149979741639463,728500202.5836054,12.99999999999999,12.882786325056207,16.782438462261936,inf,1.5013499953110632,0,0,0,0,-1,inf,0,-1,0,0,6080,1879,0,1762,0,2439,1.8501987730986174,4.222102837419873,False
lane_choice,P1,12009,40,4.0,2.5,11.435182525296545,8.012373056845629,0.19517708609454484,8.383575704004454e-05,999916164.24296,12.99999999999999,12.910819574708963,16.753017151880435,6.1060366622275195,1.501167547298801,0,0,0,0,-1,inf,0,-1,0,0,6080,1768,0,1784,0,2528,1.8501987730986174,4.222102837419873,False
lane_choice,P2,12009,40,4.0,2.5,12.011930681626641,8.339167020023577,0.15681014940403565,3.197086409443261e-05,999968029.1359055,12.99999999999999,12.903358507552323,16.74847084715829,6.1060366622275195,1.508038196389593,0,0,0,0,-1,inf,0,-1,0,0,6080,1616,0,1788,0,2676,1.8501987730986174,4.222102837419873,False
lane_choice,P3,12009,40,4.0,2.5,11.415283391778742,7.917465961148334,0.19749853001493048,9.757018575009277e-05,999902429.81425,12.999999999999991,12.91210617836171,16.755131274768452,6.1060366622275195,1.5001885304115121,0,0,0,0,-1,inf,0,-1,0,0,6080,1784,0,1780,0,2516,1.8501987730986174,4.222102837419873,False
lane_choice,P4,12009,40,4.0,2.5,12.011930681626641,8.339167020023577,0.15681014940403565,3.197086409443261e-05,999968029.1359055,12.99999999999999,12.903358507552323,16.74847084715829,6.1060366622275195,1.508038196389593,0,0,0,0,-1,inf,0,-1,0,0,6080,1616,0,1788,0,2676,1.8501987730986174,4.222102837419873,False
lane_choice,P0,12010,40,4.0,2.5,-1.4841772517946121,-13.800125353527465,0.7112488585418857,0.27149979741639463,728500202.5836054,12.99999999999999,12.882786325056207,16.782438462261936,inf,1.5013499953110632,0,0,0,0,-1,inf,0,-1,0,0,6080,1879,0,1762,0,2439,1.5919530369352142,3.967041836778246,False
lane_choice,P1,12010,40,4.0,2.5,11.415283391778742,7.917465961148334,0.19749853001493048,9.757018575009277e-05,999902429.81425,12.999999999999991,12.91210617836171,16.755131274768452,6.1060366622275195,1.5001885304115121,0,0,0,0,-1,inf,0,-1,0,0,6080,1784,0,1780,0,2516,1.5919530369352142,3.967041836778246,False
lane_choice,P2,12010,40,4.0,2.5,12.011930681626641,8.339167020023577,0.15681014940403565,3.197086409443261e-05,999968029.1359055,12.99999999999999,12.903358507552323,16.74847084715829,6.1060366622275195,1.508038196389593,0,0,0,0,-1,inf,0,-1,0,0,6080,1616,0,1788,0,2676,1.5919530369352142,3.967041836778246,False
lane_choice,P3,12010,40,4.0,2.5,12.076728932495755,9.263228055490746,0.13843144961890505,8.18915618597111e-06,999991810.8438139,12.99999999999999,12.911716648644994,16.757163456939804,6.1060366622275195,1.5028868179940864,0,0,0,0,-1,inf,0,-1,0,0,6080,1729,0,1751,0,2600,1.5919530369352142,3.967041836778246,False
lane_choice,P4,12010,40,4.0,2.5,12.011930681626641,8.339167020023577,0.15681014940403565,3.197086409443261e-05,999968029.1359055,12.99999999999999,12.903358507552323,16.74847084715829,6.1060366622275195,1.508038196389593,0,0,0,0,-1,inf,0,-1,0,0,6080,1616,0,1788,0,2676,1.5919530369352142,3.967041836778246,False
lane_choice,P0,12011,40,4.0,2.5,-1.4841772517946121,-13.800125353527465,0.7112488585418857,0.27149979741639463,728500202.5836054,12.99999999999999,12.882786325056207,16.782438462261936,inf,1.5013499953110632,0,0,0,0,-1,inf,0,-1,0,0,6080,1879,0,1762,0,2439,1.7566366753791798,4.189685578391737,False
lane_choice,P1,12011,40,4.0,2.5,11.435182525296545,8.012373056845629,0.19517708609454484,8.383575704004454e-05,999916164.24296,12.99999999999999,12.910819574708963,16.753017151880435,6.1060366622275195,1.501167547298801,0,0,0,0,-1,inf,0,-1,0,0,6080,1768,0,1784,0,2528,1.7566366753791798,4.189685578391737,False
lane_choice,P2,12011,40,4.0,2.5,12.101132847578397,8.783780876789407,0.14732170842461895,1.6529403731088244e-05,999983470.5962689,12.99999999999999,12.905349679254607,16.74847084715829,6.1060366622275195,1.5010597912286787,0,0,0,0,-1,inf,0,-1,0,0,6080,1602,0,1812,0,2666,1.7566366753791798,4.189685578391737,False
lane_choice,P3,12011,40,4.0,2.5,11.435182525296545,8.012373056845629,0.19517708609454484,8.383575704004454e-05,999916164.24296,12.99999999999999,12.910819574708963,16.753017151880435,6.1060366622275195,1.501167547298801,0,0,0,0,-1,inf,0,-1,0,0,6080,1768,0,1784,0,2528,1.7566366753791798,4.189685578391737,False
lane_choice,P4,12011,40,4.0,2.5,12.011930681626641,8.339167020023577,0.15681014940403565,3.197086409443261e-05,999968029.1359055,12.99999999999999,12.903358507552323,16.74847084715829,6.1060366622275195,1.508038196389593,0,0,0,0,-1,inf,0,-1,0,0,6080,1616,0,1788,0,2676,1.7566366753791798,4.189685578391737,False
lane_choice,P0,12012,40,4.0,2.5,-1.4841772517946121,-13.800125353527465,0.7112488585418857,0.27149979741639463,728500202.5836054,12.99999999999999,12.882786325056207,16.782438462261936,inf,1.5013499953110632,0,0,0,0,-1,inf,0,-1,0,0,6080,1879,0,1762,0,2439,1.7154928838578087,4.02566517713351,False
lane_choice,P1,12012,40,4.0,2.5,11.435182525296545,8.012373056845629,0.19517708609454484,8.383575704004454e-05,999916164.24296,12.99999999999999,12.910819574708963,16.753017151880435,6.1060366622275195,1.501167547298801,0,0,0,0,-1,inf,0,-1,0,0,6080,1768,0,1784,0,2528,1.7154928838578087,4.02566517713351,False
lane_choice,P2,12012,40,4.0,2.5,10.097163224020916,5.864452961638088,0.3556042036767588,0.0016046030005739443,998395396.9994259,12.99999999999999,12.905176103758798,16.74847084715829,6.1060366622275195,1.507810195754565,0,0,0,0,-1,inf,0,-1,0,0,6080,1856,0,1682,0,2542,1.7154928838578087,4.02566517713351,False
lane_choice,P3,12012,40,4.0,2.5,11.435182525296545,8.012373056845629,0.19517708609454484,8.383575704004454e-05,999916164.24296,12.99999999999999,12.910819574708963,16.753017151880435,6.1060366622275195,1.501167547298801,0,0,0,0,-1,inf,0,-1,0,0,6080,1768,0,1784,0,2528,1.7154928838578087,4.02566517713351,False
lane_choice,P4,12012,40,4.0,2.5,12.011930681626641,8.339167020023577,0.15681014940403565,3.197086409443261e-05,999968029.1359055,12.99999999999999,12.903358507552323,16.74847084715829,6.1060366622275195,1.508038196389593,0,0,0,0,-1,inf,0,-1,0,0,6080,1616,0,1788,0,2676,1.7154928838578087,4.02566517713351,False
lane_choice,P0,12013,40,4.0,2.5,-1.4841772517946121,-13.800125353527465,0.7112488585418857,0.27149979741639463,728500202.5836054,12.99999999999999,12.882786325056207,16.782438462261936,inf,1.5013499953110632,0,0,0,0,-1,inf,0,-1,0,0,6080,1879,0,1762,0,2439,1.8388076946589436,4.308277738359172,False
lane_choice,P1,12013,40,4.0,2.5,11.761369247674178,8.763759785661756,0.16494697501400693,2.2891689134287736e-05,999977108.3108658,12.99999999999999,12.909748525722138,16.7508040885184,6.1060366622275195,1.500368498496405,0,0,0,0,-1,inf,0,-1,0,0,6080,1706,0,1817,0,2557,1.8388076946589436,4.308277738359172,False
lane_choice,P2,12013,40,4.0,2.5,12.008621702981113,8.339167020023577,0.15701360302838382,3.2002794464293644e-05,999967997.2055357,12.99999999999999,12.903358507552323,16.74847084715829,6.1060366622275195,1.508038196389593,0,0,0,0,-1,inf,0,-1,0,0,6080,1631,0,1773,0,2676,1.8388076946589436,4.308277738359172,False
lane_choice,P3,12013,40,4.0,2.5,11.761369247674178,8.763759785661756,0.16494697501400693,2.2891689134287736e-05,999977108.3108658,12.99999999999999,12.909748525722138,16.7508040885184,6.1060366622275195,1.500368498496405,0,0,0,0,-1,inf,0,-1,0,0,6080,1706,0,1817,0,2557,1.8388076946589436,4.308277738359172,False
lane_choice,P4,12013,40,4.0,2.5,12.011930681626641,8.339167020023577,0.15681014940403565,3.197086409443261e-05,999968029.1359055,12.99999999999999,12.903358507552323,16.74847084715829,6.1060366622275195,1.508038196389593,0,0,0,0,-1,inf,0,-1,0,0,6080,1616,0,1788,0,2676,1.8388076946589436,4.308277738359172,False
lane_choice,P0,12014,40,4.0,2.5,-1.4841772517946121,-13.800125353527465,0.7112488585418857,0.27149979741639463,728500202.5836054,12.99999999999999,12.882786325056207,16.782438462261936,inf,1.5013499953110632,0,0,0,0,-1,inf,0,-1,0,0,6080,1879,0,1762,0,2439,1.9794169096915692,4.588578276728024,False
lane_choice,P1,12014,40,4.0,2.5,11.43164033473314,7.97072833400294,0.19631392238432377,8.974218320885683e-05,999910257.8167912,12.99999999999999,12.911978679206724,16.755131274768452,6.1060366622275195,1.5002839596935633,0,0,0,0,-1,inf,0,-1,0,0,6080,1777,0,1784,0,2519,1.9794169096915692,4.588578276728024,False
lane_choice,P2,12014,40,4.0,2.5,12.011930681626641,8.339167020023577,0.15681014940403565,3.197086409443261e-05,999968029.1359055,12.99999999999999,12.903358507552323,16.74847084715829,6.1060366622275195,1.508038196389593,0,0,0,0,-1,inf,0,-1,0,0,6080,1616,0,1788,0,2676,1.9794169096915692,4.588578276728024,False
lane_choice,P3,12014,40,4.0,2.5,11.415283391778742,7.917465961148334,0.19749853001493048,9.757018575009277e-05,999902429.81425,12.999999999999991,12.91210617836171,16.755131274768452,6.1060366622275195,1.5001885304115121,0,0,0,0,-1,inf,0,-1,0,0,6080,1784,0,1780,0,2516,1.9794169096915692,4.588578276728024,False
lane_choice,P4,12014,40,4.0,2.5,12.011930681626641,8.339167020023577,0.15681014940403565,3.197086409443261e-05,999968029.1359055,12.99999999999999,12.903358507552323,16.74847084715829,6.1060366622275195,1.508038196389593,0,0,0,0,-1,inf,0,-1,0,0,6080,1616,0,1788,0,2676,1.9794169096915692,4.588578276728024,False
lane_choice,P0,12015,40,4.0,2.5,-1.4841772517946121,-13.800125353527465,0.7112488585418857,0.27149979741639463,728500202.5836054,12.99999999999999,12.882786325056207,16.782438462261936,inf,1.5013499953110632,0,0,0,0,-1,inf,0,-1,0,0,6080,1879,0,1762,0,2439,1.7275240215075278,4.140273670725392,False
lane_choice,P1,12015,40,4.0,2.5,11.415283391778742,7.917465961148334,0.19749853001493048,9.757018575009277e-05,999902429.81425,12.999999999999991,12.91210617836171,16.755131274768452,6.1060366622275195,1.5001885304115121,0,0,0,0,-1,inf,0,-1,0,0,6080,1784,0,1780,0,2516,1.7275240215075278,4.140273670725392,False
lane_choice,P2,12015,40,4.0,2.5,12.011930681626641,8.339167020023577,0.15681014940403565,3.197086409443261e-05,999968029.1359055,12.99999999999999,12.903358507552323,16.74847084715829,6.1060366622275195,1.508038196389593,0,0,0,0,-1,inf,0,-1,0,0,6080,1616,0,1788,0,2676,1.7275240215075278,4.140273670725392,False
lane_choice,P3,12015,40,4.0,2.5,11.415283391778742,7.917465961148334,0.19749853001493048,9.757018575009277e-05,999902429.81425,12.999999999999991,12.91210617836171,16.755131274768452,6.1060366622275195,1.5001885304115121,0,0,0,0,-1,inf,0,-1,0,0,6080,1784,0,1780,0,2516,1.7275240215075278,4.140273670725392,False
lane_choice,P4,12015,40,4.0,2.5,12.011930681626641,8.339167020023577,0.15681014940403565,3.197086409443261e-05,999968029.1359055,12.99999999999999,12.903358507552323,16.74847084715829,6.1060366622275195,1.508038196389593,0,0,0,0,-1,inf,0,-1,0,0,6080,1616,0,1788,0,2676,1.7275240215075278,4.140273670725392,False
lane_choice,P0,12016,40,4.0,2.5,-1.4841772517946121,-13.800125353527465,0.7112488585418857,0.27149979741639463,728500202.5836054,12.99999999999999,12.882786325056207,16.782438462261936,inf,1.5013499953110632,0,0,0,0,-1,inf,0,-1,0,0,6080,1879,0,1762,0,2439,1.6612458786914026,4.026972751484534,False
lane_choice,P1,12016,40,4.0,2.5,11.415283391778742,7.917465961148334,0.19749853001493048,9.757018575009277e-05,999902429.81425,12.999999999999991,12.91210617836171,16.755131274768452,6.1060366622275195,1.5001885304115121,0,0,0,0,-1,inf,0,-1,0,0,6080,1784,0,1780,0,2516,1.6612458786914026,4.026972751484534,False
lane_choice,P2,12016,40,4.0,2.5,12.004846002929833,8.39448333904421,0.15610001630200873,2.9520593791208425e-05,999970479.4062088,12.999999999999993,12.902589135019047,16.747476673586238,6.1060366622275195,1.5086487573915592,0,0,0,0,-1,inf,0,-1,0,0,6080,1608,0,1796,0,2676,1.6612458786914026,4.026972751484534,False
lane_choice,P3,12016,40,4.0,2.5,12.076728932495755,9.263228055490746,0.13843144961890505,8.18915618597111e-06,999991810.8438139,12.99999999999999,12.911716648644994,16.757163456939804,6.1060366622275195,1.5028868179940864,0,0,0,0,-1,inf,0,-1,0,0,6080,1729,0,1751,0,2600,1.6612458786914026,4.026972751484534,False
lane_choice,P4,12016,40,4.0,2.5,12.011930681626641,8.339167020023577,0.15681014940403565,3.197086409443261e-05,999968029.1359055,12.99999999999999,12.903358507552323,16.74847084715829,6.1060366622275195,1.508038196389593,0,0,0,0,-1,inf,0,-1,0,0,6080,1616,0,1788,0,2676,1.6612458786914026,4.026972751484534,False
lane_choice,P0,12017,40,4.0,2.5,-1.4841772517946121,-13.800125353527465,0.7112488585418857,0.27149979741639463,728500202.5836054,12.99999999999999,12.882786325056207,16.782438462261936,inf,1.5013499953110632,0,0,0,0,-1,inf,0,-1,0,0,6080,1879,0,1762,0,2439,1.850548397141478,4.409933711478084,False
lane_choice,P1,12017,40,4.0,2.5,11.435182525296545,8.012373056845629,0.19517708609454484,8.383575704004454e-05,999916164.24296,12.99999999999999,12.910819574708963,16.753017151880435,6.1060366622275195,1.501167547298801,0,0,0,0,-1,inf,0,-1,0,0,6080,1768,0,1784,0,2528,1.850548397141478,4.409933711478084,False
lane_choice,P2,12017,40,4.0,2.5,12.008621702981113,8.339167020023577,0.15701360302838382,3.2002794464293644e-05,999967997.2055357,12.99999999999999,12.903358507552323,16.74847084715829,6.1060366622275195,1.508038196389593,0,0,0,0,-1,inf,0,-1,0,0,6080,1631,0,1773,0,2676,1.850548397141478,4.409933711478084,False
lane_choice,P3,12017,40,4.0,2.5,11.774571468909128,8.864510842673633,0.1650053882993474,2.0320664283531382e-05,999979679.3357166,12.999999999999991,12.90832076244491,16.74847084715829,6.1060366622275195,1.5014545503952075,0,0,0,0,-1,inf,0,-1,0,0,6080,1691,0,1829,0,2560,1.850548397141478,4.409933711478084,False
lane_choice,P4,12017,40,4.0,2.5,12.011930681626641,8.339167020023577,0.15681014940403565,3.197086409443261e-05,999968029.1359055,12.99999999999999,12.903358507552323,16.74847084715829,6.1060366622275195,1.508038196389593,0,0,0,0,-1,inf,0,-1,0,0,6080,1616,0,1788,0,2676,1.850548397141478,4.409933711478084,False
lane_choice,P0,12018,40,4.0,2.5,-1.4841772517946121,-13.800125353527465,0.7112488585418857,0.27149979741639463,728500202.5836054,12.99999999999999,12.882786325056207,16.782438462261936,inf,1.5013499953110632,0,0,0,0,-1,inf,0,-1,0,0,6080,1879,0,1762,0,2439,1.6996636532230405,4.112250994043594,False
lane_choice,P1,12018,40,4.0,2.5,11.415283391778742,7.917465961148334,0.19749853001493048,9.757018575009277e-05,999902429.81425,12.999999999999991,12.91210617836171,16.755131274768452,6.1060366622275195,1.5001885304115121,0,0,0,0,-1,inf,0,-1,0,0,6080,1784,0,1780,0,2516,1.6996636532230405,4.112250994043594,False
lane_choice,P2,12018,40,4.0,2.5,12.004846002929833,8.39448333904421,0.15610001630200873,2.9520593791208425e-05,999970479.4062088,12.999999999999993,12.902589135019047,16.747476673586238,6.1060366622275195,1.5086487573915592,0,0,0,0,-1,inf,0,-1,0,0,6080,1608,0,1796,0,2676,1.6996636532230405,4.112250994043594,False
lane_choice,P3,12018,40,4.0,2.5,12.076728932495755,9.263228055490746,0.13843144961890505,8.18915618597111e-06,999991810.8438139,12.99999999999999,12.911716648644994,16.757163456939804,6.1060366622275195,1.5028868179940864,0,0,0,0,-1,inf,0,-1,0,0,6080,1729,0,1751,0,2600,1.6996636532230405,4.112250994043594,False
lane_choice,P4,12018,40,4.0,2.5,12.011930681626641,8.339167020023577,0.15681014940403565,3.197086409443261e-05,999968029.1359055,12.99999999999999,12.903358507552323,16.74847084715829,6.1060366622275195,1.508038196389593,0,0,0,0,-1,inf,0,-1,0,0,6080,1616,0,1788,0,2676,1.6996636532230405,4.112250994043594,False
lane_choice,P0,12019,40,4.0,2.5,-1.4841772517946121,-13.800125353527465,0.7112488585418857,0.27149979741639463,728500202.5836054,12.99999999999999,12.882786325056207,16.782438462261936,inf,1.5013499953110632,0,0,0,0,-1,inf,0,-1,0,0,6080,1879,0,1762,0,2439,1.7231585432988623,4.192194586139385,False
lane_choice,P1,12019,40,4.0,2.5,11.435182525296545,8.012373056845629,0.19517708609454484,8.383575704004454e-05,999916164.24296,12.99999999999999,12.910819574708963,16.753017151880435,6.1060366622275195,1.501167547298801,0,0,0,0,-1,inf,0,-1,0,0,6080,1768,0,1784,0,2528,1.7231585432988623,4.192194586139385,False
lane_choice,P2,12019,40,4.0,2.5,11.774571468909128,8.864510842673633,0.1650053882993474,2.0320664283531382e-05,999979679.3357166,12.999999999999991,12.90832076244491,16.74847084715829,6.1060366622275195,1.5014545503952075,0,0,0,0,-1,inf,0,-1,0,0,6080,1691,0,1829,0,2560,1.7231585432988623,4.192194586139385,False
lane_choice,P3,12019,40,4.0,2.5,12.076728932495755,9.263228055490746,0.13843144961890505,8.18915618597111e-06,999991810.8438139,12.99999999999999,12.911716648644994,16.757163456939804,6.1060366622275195,1.5028868179940864,0,0,0,0,-1,inf,0,-1,0,0,6080,1729,0,1751,0,2600,1.7231585432988623,4.192194586139385,False
lane_choice,P4,12019,40,4.0,2.5,12.011930681626641,8.339167020023577,0.15681014940403565,3.197086409443261e-05,999968029.1359055,12.99999999999999,12.903358507552323,16.74847084715829,6.1060366622275195,1.508038196389593,0,0,0,0,-1,inf,0,-1,0,0,6080,1616,0,1788,0,2676,1.7231585432988623,4.192194586139385,False
overtake,P0,12000,50,5.0,2.5,21.0244488419576,17.202168997219456,0.0028613235092509685,2.198173111962553e-25,1000000000.0,43.78033333333333,43.78033333333333,5.223867896707526,2.9590710839179173,inf,0,0,0,0,-1,inf,1,1,0,1,7600,0,0,0,2744,4856,1.4661146003629009,3.4794881401075686,False
overtake,P1,12000,50,5.0,2.5,21.0766481370013,17.202168997219456,0.002768338379842185,2.185110063786852e-25,1000000000.0,43.599999999999994,43.599999999999994,5.40406103695549,3.1186719523621047,inf,0,0,0,0,-1,inf,1,1,0,1,7600,0,0,0,2687,4913,1.4661146003629009,3.4794881401075686,False
overtake,P2,12000,50,5.0,2.5,21.0244488419576,17.202168997219456,0.0028613235092509685,2.198173111962553e-25,1000000000.0,43.78033333333333,43.78033333333333,5.223867896707526,2.9590710839179173,inf,0,0,0,0,-1,inf,1,1,0,1,7600,0,0,0,2744,4856,1.4661146003629009,3.4794881401075686,False
overtake,P3,12000,50,5.0,2.5,21.0244488419576,17.202168997219456,0.0028613235092509685,2.198173111962553e-25,1000000000.0,43.78033333333333,43.78033333333333,5.223867896707526,2.9590710839179173,inf,0,0,0,0,-1,inf,1,1,0,1,7600,0,0,0,2744,4856,1.4661146003629009,3.4794881401075686,False
overtake,P4,12000,50,5.0,2.5,21.0244488419576,17.202168997219456,0.0028613235092509685,2.198173111962553e-25,1000000000.0,43.78033333333333,43.78033333333333,5.223867896707526,2.9590710839179173,inf,0,0,0,0,-1,inf,1,1,0,1,7600,0,0,0,2744,4856,1.4661146003629009,3.4794881401075686,False
overtake,P0,12001,50,5.0,2.5,21.28391547085238,17.202168997219456,0.002697198999735112,2.196935994077402e-25,1000000000.0,43.91666666666666,43.91666666666666,5.0876471446945155,2.8999827211615994,inf,0,0,0,0,-1,inf,1,1,0,1,7600,0,0,0,2855,4745,1.4939372381566918,3.4896592813424183,False
overtake,P1,12001,50,5.0,2.5,21.23912820957493,17.202168997219456,0.0026648439972489675,2.185109841626682e-25,1000000000.0,43.71999999999999,43.71999999999999,5.284153261511296,2.913986561923972,inf,0,0,0,0,-1,inf,1,1,0,1,7600,0,0,0,2796,4804,1.4939372381566918,3.4896592813424183,False
overtake,P2,12001,50,5.0,2.5,21.28391547085238,17.202168997219456,0.002697198999735112,2.196935994077402e-25,1000000000.0,43.91666666666666,43.91666666666666,5.0876471446945155,2.8999827211615994,inf,0,0,0,0,-1,inf,1,1,0,1,7600,0,0,0,2855,4745,1.4939372381566918,3.4896592813424183,False
overtake,P3,12001,50,5.0,2.5,21.28391547085238,17.202168997219456,0.002697198999735112,2.196935994077402e-25,1000000000.0,43.91666666666666,43.91666666666666,5.0876471446945155,2.8999827211615994,inf,0,0,0,0,-1,inf,1,1,0,1,7600,0,0,0,2855,4745,1.4939372381566918,3.4896592813424183,False
overtake,P4,12001,50,5.0,2.5,21.27994563966584,17.202168997219456,0.002697644715981677,2.196935994077402e-25,1000000000.0,43.908666666666655,43.908666666666655,5.0956403721467245,2.8999827211615994,inf,0,0,0,0,-1,inf,1,1,0,1,7600,0,0,0,2847,4753,1.4939372381566918,3.4896592813424183,False
overtake,P0,12002,50,5.0,2.5,21.200400124767658,17.202168997219456,0.0027750329945983297,2.197663766822259e-25,1000000000.0,44.033666666666655,44.033666666666655,4.970748682936835,2.883116961426828,inf,0,0,0,0,-1,inf,1,1,0,1,7600,0,0,0,2845,4755,1.4998051658004539,3.469227454173347,False
overtake,P1,12002,50,5.0,2.5,21.22141933237142,17.202168997219456,0.002704911058764258,2.185109858349406e-25,1000000000.0,43.82000000000001,43.82000000000001,5.184233375451023,2.9949823755848346,inf,0,0,0,0,-1,inf,1,1,0,1,7600,0,0,0,2802,4798,1.4998051658004539,3.469227454173347,False
overtake,P2,12002,50,5.0,2.5,21.200400124767658,17.202168997219456,0.0027750329945983297,2.197663766822259e-25,1000000000.0,44.033666666666655,44.033666666666655,4.970748682936835,2.883116961426828,inf,0,0,0,0,-1,inf,1,1,0,1,7600,0,0,0,2845,4755,1.4998051658004539,3.469227454173347,False
overtake,P3,12002,50,5.0,2.5,21.200400124767658,17.202168997219456,0.0027750329945983297,2.197663766822259e-25,1000000000.0,44.033666666666655,44.033666666666655,4.970748682936835,2.883116961426828,inf,0,0,0,0,-1,inf,1,1,0,1,7600,0,0,0,2845,4755,1.4998051658004539,3.469227454173347,False
overtake,P4,12002,50,5.0,2.5,21.200400124767658,17.202168997219456,0.0027750329945983297,2.197663766822259e-25,1000000000.0,44.033666666666655,44.033666666666655,4.970748682936835,2.883116961426828,inf,0,0,0,0,-1,inf,1,1,0,1,7600,0,0,0,2845,4755,1.4998051658004539,3.469227454173347,False
overtake,P0,12003,50,5.0,2.5,20.91802761520364,17.202168997219456,0.002941119847272934,2.212620665278117e-25,1000000000.0,43.62333333333335,43.62333333333335,5.380745314134897,2.975757785758069,inf,0,0,0,0,-1,inf,1,1,0,1,7600,0,0,0,2834,4766,1.497664480626844,3.4367013398593413,False
overtake,P1,12003,50,5.0,2.5,20.873439126979466,17.202168997219456,0.0029479153983304972,2.212620665278117e-25,1000000000.0,43.42000000000001,43.42000000000001,5.583930129500215,2.981148339008645,inf,0,0,0,0,-1,inf,1,1,0,1,7600,0,0,0,2753,4847,1.497664480626844,3.4367013398593413,False
overtake,P2,12003,50,5.0,2.5,20.91802761520364,17.202168997219456,0.002941119847272934,2.212620665278117e-25,1000000000.0,43.62333333333335,43.62333333333335,5.380745314134897,2.975757785758069,inf,0,0,0,0,-1,inf,1,1,0,1,7600,0,0,0,2834,4766,1.497664480626844,3.4367013398593413,False
overtake,P3,12003,50,5.0,2.5,20.91802761520364,17.202168997219456,0.002941119847272934,2.212620665278117e-25,1000000000.0,43.62333333333335,43.62333333333335,5.380745314134897,2.975757785758069,inf,0,0,0,0,-1,inf,1,1,0,1,7600,0,0,0,2834,4766,1.497664480626844,3.4367013398593413,False
overtake,P4,12003,50,5.0,2.5,20.91802761520364,17.202168997219456,0.002941119847272934,2.212620665278117e-25,1000000000.0,43.62333333333335,43.62333333333335,5.380745314134897,2.975757785758069,inf,0,0,0,0,-1,inf,1,1,0,1,7600,0,0,0,2834,4766,1.497664480626844,3.4367013398593413,False
overtake,P0,12004,50,5.0,2.5,21.027134204414747,17.202168997219456,0.0027926988605817423,2.185110063786852e-25,1000000000.0,43.751999999999995,43.751999999999995,5.252178566189503,3.3147869444048452,inf,0,0,0,0,-1,inf,1,1,0,1,7600,0,0,0,2803,4797,1.4466386610651387,3.454230377007302,False
overtake,P1,12004,50,5.0,2.5,20.922397130470046,17.202168997219456,0.002817654781035912,2.185110063786852e-25,1000000000.0,43.51,43.51,5.493994511386083,3.561002694007291,inf,0,0,0,0,-1,inf,1,1,0,1,7600,0,0,0,2699,4901,1.4466386610651387,3.454230377007302,False
overtake,P2,12004,50,5.0,2.5,21.027134204414747,17.202168997219456,0.0027926988605817423,2.185110063786852e-25,1000000000.0,43.751999999999995,43.751999999999995,5.252178566189503,3.3147869444048452,inf,0,0,0,0,-1,inf,1,1,0,1,7600,0,0,0,2803,4797,1.4466386610651387,3.454230377007302,False
overtake,P3,12004,50,5.0,2.5,21.027134204414747,17.202168997219456,0.0027926988605817423,2.185110063786852e-25,1000000000.0,43.751999999999995,43.751999999999995,5.252178566189503,3.3147869444048452,inf,0,0,0,0,-1,inf,1,1,0,1,7600,0,0,0,2803,4797,1.4466386610651387,3.454230377007302,False
overtake,P4,12004,50,5.0,2.5,21.020133917286493,17.202168997219456,0.0027935778034745367,2.185110063786852e-25,1000000000.0,43.720999999999975,43.720999999999975,5.283154047644327,3.3147869444048452,inf,0,0,0,0,-1,inf,1,1,0,1,7600,0,0,0,2792,4808,1.4466386610651387,3.454230377007302,False
overtake,P0,12005,50,5.0,2.5,21.198592877239797,17.202168997219456,0.0027196332928900798,2.193341497201005e-25,1000000000.0,43.78233333333329,43.78233333333329,5.221869505798212,2.9058308566027624,inf,0,0,0,0,-1,inf,1,1,0,1,7600,0,0,0,2742,4858,1.5467023109989746,3.5161390922572404,False
overtake,P1,12005,50,5.0,2.5,21.176400601251643,17.202168997219456,0.0026929668298236935,2.1851098583491683e-25,1000000000.0,43.649999999999984,43.649999999999984,5.354098961649901,2.920340511259575,inf,0,0,0,0,-1,inf,1,1,0,1,7600,0,0,0,2686,4914,1.5467023109989746,3.5161390922572404,False
overtake,P2,12005,50,5.0,2.5,21.195659791838374,17.202168997219456,0.0027107464609706015,2.187616225663513e-25,1000000000.0,43.77233333333329,43.77233333333329,5.231861472642273,2.9101661167183654,inf,0,0,0,0,-1,inf,1,1,0,1,7600,0,0,0,2736,4864,1.5467023109989746,3.5161390922572404,False
overtake,P3,12005,50,5.0,2.5,21.198592877239797,17.202168997219456,0.0027196332928900798,2.193341497201005e-25,1000000000.0,43.78233333333329,43.78233333333329,5.221869505798212,2.9058308566027624,inf,0,0,0,0,-1,inf,1,1,0,1,7600,0,0,0,2742,4858,1.5467023109989746,3.5161390922572404,False
overtake,P4,12005,50,5.0,2.5,21.198592877239797,17.202168997219456,0.0027196332928900798,2.193341497201005e-25,1000000000.0,43.78233333333329,43.78233333333329,5.221869505798212,2.9058308566027624,inf,0,0,0,0,-1,inf,1,1,0,1,7600,0,0,0,2742,4858,1.5467023109989746,3.5161390922572404,False
overtake,P0,12006,50,5.0,2.5,21.202806851577392,17.202168997219456,0.0027575300665759767,2.1955275934216427e-25,1000000000.0,43.806333333333335,43.806333333333335,5.197888911431718,2.898456435404768,inf,0,0,0,0,-1,inf,1,1,0,1,7600,0,0,0,2804,4796,1.4554887605100435,3.466151599127011,False
overtake,P1,12006,50,5.0,2.5,21.161469692571423,17.202168997219456,0.002740040057585018,2.185112195863091e-25,1000000000.0,43.62,43.62,5.384076122338948,2.8946838453624624,inf,0,0,0,0,-1,inf,1,1,0,1,7600,0,0,0,2720,4880,1.4554887605100435,3.466151599127011,False
overtake,P2,12006,50,5.0,2.5,21.202806851577392,17.202168997219456,0.0027575300665759767,2.1955275934216427e-25,1000000000.0,43.806333333333335,43.806333333333335,5.197888911431718,2.898456435404768,inf,0,0,0,0,-1,inf,1,1,0,1,7600,0,0,0,2804,4796,1.4554887605100435,3.466151599127011,False
overtake,P3,12006,50,5.0,2.5,21.202806851577392,17.202168997219456,0.0027575300665759767,2.1955275934216427e-25,1000000000.0,43.806333333333335,43.806333333333335,5.197888911431718,2.898456435404768,inf,0,0,0,0,-1,inf,1,1,0,1,7600,0,0,0,2804,4796,1.4554887605100435,3.466151599127011,False
overtake,P4,12006,50,5.0,2.5,21.202806851577392,17.202168997219456,0.0027575300665759767,2.1955275934216427e-25,1000000000.0,43.806333333333335,43.806333333333335,5.197888911431718,2.898456435404768,inf,0,0,0,0,-1,inf,1,1,0,1,7600,0,0,0,2804,4796,1.4554887605100435,3.466151599127011,False
overtake,P0,12007,50,5.0,2.5,20.971320231264983,17.202168997219456,0.0028610063780099104,2.2072759196544405e-25,1000000000.0,43.63000000000001,43.63000000000001,5.37408370712071,3.1795231958197365,inf,0,0,0,0,-1,inf,1,1,0,1,7600,0,0,0,2794,4806,1.5573539939283736,3.444879142383064,False
overtake,P1,12007,50,5.0,2.5,20.933702256724185,17.202168997219456,0.002849536109584837,2.20719573438381e-25,1000000000.0,43.37999999999999,43.37999999999999,5.623902176526589,3.2160060589042905,inf,0,0,0,0,-1,inf,1,1,0,1,7600,0,0,0,2689,4911,1.5573539939283736,3.444879142383064,False
overtake,P2,12007,50,5.0,2.5,20.971320231264983,17.202168997219456,0.0028610063780099104,2.2072759196544405e-25,1000000000.0,43.63000000000001,43.63000000000001,5.37408370712071,3.1795231958197365,inf,0,0,0,0,-1,inf,1,1,0,1,7600,0,0,0,2794,4806,1.5573539939283736,3.444879142383064,False
overtake,P3,12007,50,5.0,2.5,20.971320231264983,17.202168997219456,0.0028610063780099104,2.2072759196544405e-25,1000000000.0,43.63000000000001,43.63000000000001,5.37408370712071,3.1795231958197365,inf,0,0,0,0,-1,inf,1,1,0,1,7600,0,0,0,2794,4806,1.5573539939283736,3.444879142383064,False
overtake,P4,12007,50,5.0,2.5,20.971320231264983,17.202168997219456,0.0028610063780099104,2.2072759196544405e-25,1000000000.0,43.63000000000001,43.63000000000001,5.37408370712071,3.1795231958197365,inf,0,0,0,0,-1,inf,1,1,0,1,7600,0,0,0,2794,4806,1.5573539939283736,3.444879142383064,False
overtake,P0,12008,50,5.0,2.5,21.10185500894938,17.202168997219456,0.002795607347943162,2.1977266684408622e-25,1000000000.0,43.80233333333333,43.80233333333333,5.201885664729493,3.148117925831197,inf,0,0,0,0,-1,inf,1,1,0,1,7600,0,0,0,2778,4822,1.553285045559235,3.6483003846066784,False
overtake,P1,12008,50,5.0,2.5,21.03022692942162,17.202168997219456,0.0027481033637212927,2.185109857137024e-25,1000000000.0,43.430000000000014,43.430000000000014,5.573937180408497,3.344673062176752,inf,0,0,0,0,-1,inf,1,1,0,1,7600,0,0,0,2632,4968,1.553285045559235,3.6483003846066784,False
overtake,P2,12008,50,5.0,2.5,21.10185500894938,17.202168997219456,0.002795607347943162,2.1977266684408622e-25,1000000000.0,43.80233333333333,43.80233333333333,5.201885664729493,3.148117925831197,inf,0,0,0,0,-1,inf,1,1,0,1,7600,0,0,0,2778,4822,1.553285045559235,3.6483003846066784,False
overtake,P3,12008,50,5.0,2.5,21.10185500894938,17.202168997219456,0.002795607347943162,2.1977266684408622e-25,1000000000.0,43.80233333333333,43.80233333333333,5.201885664729493,3.148117925831197,inf,0,0,0,0,-1,inf,1,1,0,1,7600,0,0,0,2778,4822,1.553285045559235,3.6483003846066784,False
overtake,P4,12008,50,5.0,2.5,21.098678675245598,17.202168997219456,0.002795978901722707,2.1977266684408622e-25,1000000000.0,43.787333333333336,43.787333333333336,5.216873533920304,3.148117925831197,inf,0,0,0,0,-1,inf,1,1,0,1,7600,0,0,0,2773,4827,1.553285045559235,3.6483003846066784,False
overtake,P0,12009,50,5.0,2.5,21.214914013566503,17.202168997219456,0.002742578142771516,2.1860029148565443e-25,1000000000.0,43.795000000000016,43.795000000000016,5.209213058720119,2.5991274511714497,inf,0,0,0,0,-1,inf,1,1,0,1,7600,0,0,0,2896,4704,1.5348255184463877,3.561233303756469,False
overtake,P1,12009,50,5.0,2.5,21.21357100001502,17.202168997219456,0.002745546572342838,2.1860029148565443e-25,1000000000.0,43.839999999999996,43.839999999999996,5.164249770406193,2.758387130991709,inf,0,0,0,0,-1,inf,1,1,0,1,7600,0,0,0,2922,4678,1.5348255184463877,3.561233303756469,False
overtake,P2,12009,50,5.0,2.5,21.214914013566503,17.202168997219456,0.002742578142771516,2.1860029148565443e-25,1000000000.0,43.795000000000016,43.795000000000016,5.209213058720119,2.5991274511714497,inf,0,0,0,0,-1,inf,1,1,0,1,7600,0,0,0,2896,4704,1.5348255184463877,3.561233303756469,False
overtake,P3,12009,50,5.0,2.5,21.214914013566503,17.202168997219456,0.002742578142771516,2.1860029148565443e-25,1000000000.0,43.795000000000016,43.795000000000016,5.209213058720119,2.5991274511714497,inf,0,0,0,0,-1,inf,1,1,0,1,7600,0,0,0,2896,4704,1.5348255184463877,3.561233303756469,False
overtake,P4,12009,50,5.0,2.5,21.225232835181274,17.202168997219456,0.0027417732454436787,2.1860029148565443e-25,1000000000.0,43.79500000000001,43.794424841381385,5.208724220232609,2.5991274511714497,inf,0,0,0,0,-1,inf,1,1,0,1,7600,24,0,0,2879,4697,1.5348255184463877,3.561233303756469,False
overtake,P0,12010,50,5.0,2.5,21.244001559477887,17.202168997219456,0.002716421607975474,2.2024539338775593e-25,1000000000.0,43.65766666666665,43.65766666666665,5.346438172801123,2.741331556249873,inf,0,0,0,0,-1,inf,1,1,0,1,7600,0,0,0,2824,4776,1.3687886064869808,3.2727451673874257,False
overtake,P1,12010,50,5.0,2.5,21.21866170010581,17.202168997219456,0.002724733015738612,2.2024539338775593e-25,1000000000.0,43.76,43.76,5.244184940592809,2.8103537488540424,inf,0,0,0,0,-1,inf,1,1,0,1,7600,0,0,0,2850,4750,1.3687886064869808,3.2727451673874257,False
overtake,P2,12010,50,5.0,2.5,21.244001559477887,17.202168997219456,0.002716421607975474,2.2024539338775593e-25,1000000000.0,43.65766666666665,43.65766666666665,5.346438172801123,2.741331556249873,inf,0,0,0,0,-1,inf,1,1,0,1,7600,0,0,0,2824,4776,1.3687886064869808,3.2727451673874257,False
overtake,P3,12010,50,5.0,2.5,21.244001559477887,17.202168997219456,0.002716421607975474,2.2024539338775593e-25,1000000000.0,43.65766666666665,43.65766666666665,5.346438172801123,2.741331556249873,inf,0,0,0,0,-1,inf,1,1,0,1,7600,0,0,0,2824,4776,1.3687886064869808,3.2727451673874257,False
overtake,P4,12010,50,5.0,2.5,21.27270147214533,17.202168997219456,0.0027135306915308647,2.2024539338775593e-25,1000000000.0,43.841666666666654,43.841666666666654,5.162584475717398,2.741331556249873,inf,0,0,0,0,-1,inf,1,1,0,1,7600,0,0,0,2901,4699,1.3687886064869808,3.2727451673874257,False
overtake,P0,12011,50,5.0,2.5,21.22170897104193,17.202168997219456,0.002735035143047666,2.1977859984240323e-25,1000000000.0,43.934333333333306,43.934333333333306,5.069995509753281,3.001476365435938,inf,0,0,0,0,-1,inf,1,1,0,1,7600,0,0,0,2859,4741,1.5093259895039137,3.5815277556345904,False
overtake,P1,12011,50,5.0,2.5,21.19847566540602,17.202168997219456,0.002683707753456101,2.1851098425672805e-25,1000000000.0,43.720000000000006,43.720000000000006,5.284153261511282,3.0763238550966467,inf,0,0,0,0,-1,inf,1,1,0,1,7600,0,0,0,2787,4813,1.5093259895039137,3.5815277556345904,False
overtake,P2,12011,50,5.0,2.5,21.22170897104193,17.202168997219456,0.002735035143047666,2.1977859984240323e-25,1000000000.0,43.934333333333306,43.934333333333306,5.069995509753281,3.001476365435938,inf,0,0,0,0,-1,inf,1,1,0,1,7600,0,0,0,2859,4741,1.5093259895039137,3.5815277556345904,False
overtake,P3,12011,50,5.0,2.5,21.22170897104193,17.202168997219456,0.002735035143047666,2.1977859984240323e-25,1000000000.0,43.934333333333306,43.934333333333306,5.069995509753281,3.001476365435938,inf,0,0,0,0,-1,inf,1,1,0,1,7600,0,0,0,2859,4741,1.5093259895039137,3.5815277556345904,False
overtake,P4,12011,50,5.0,2.5,21.21350399807778,17.202168997219456,0.0027359044499750875,2.1977859984240323e-25,1000000000.0,43.905666666666654,43.905666666666654,5.098637837918243,3.0771314304012516,inf,0,0,0,0,-1,inf,1,1,0,1,7600,0,0,0,2850,4750,1.5093259895039137,3.5815277556345904,False
overtake,P0,12012,50,5.0,2.5,21.089719722403103,17.202168997219456,0.002823871040215333,2.1957744311273726e-25,1000000000.0,43.64999999999998,43.64999999999998,5.354098961649908,3.07002584976043,inf,0,0,0,0,-1,inf,1,1,0,1,7600,0,0,0,2907,4693,1.401883525567821,3.3403574658579624,False
overtake,P1,12012,50,5.0,2.5,20.96542425936907,17.202168997219456,0.0028508938575701197,2.1898605314758033e-25,1000000000.0,43.379999999999995,43.379999999999995,5.623902176526582,3.281466768652678,inf,0,0,0,0,-1,inf,1,1,0,1,7600,0,0,0,2769,4831,1.401883525567821,3.3403574658579624,False
overtake,P2,12012,50,5.0,2.5,21.089719722403103,17.202168997219456,0.002823871040215333,2.1957744311273726e-25,1000000000.0,43.64999999999998,43.64999999999998,5.354098961649908,3.07002584976043,inf,0,0,0,0,-1,inf,1,1,0,1,7600,0,0,0,2907,4693,1.401883525567821,3.3403574658579624,False
overtake,P3,12012,50,5.0,2.5,21.089719722403103,17.202168997219456,0.002823871040215333,2.1957744311273726e-25,1000000000.0,43.64999999999998,43.64999999999998,5.354098961649908,3.07002584976043,inf,0,0,0,0,-1,inf,1,1,0,1,7600,0,0,0,2907,4693,1.401883525567821,3.3403574658579624,False
overtake,P4,12012,50,5.0,2.5,21.089719722403103,17.202168997219456,0.002823871040215333,2.1957744311273726e-25,1000000000.0,43.64999999999998,43.64999999999998,5.354098961649908,3.07002584976043,inf,0,0,0,0,-1,inf,1,1,0,1,7600,0,0,0,2907,4693,1.401883525567821,3.3403574658579624,False
overtake,P0,12013,50,5.0,2.5,21.25882294470857,17.202168997219456,0.0027369999491306377,2.1922884361971805e-25,1000000000.0,43.97266666666666,43.97266666666666,5.031695155271717,2.7829954534089683,inf,0,0,0,0,-1,inf,1,1,0,1,7600,0,0,0,2898,4702,1.5833668881154852,3.5677374063953384,False
overtake,P1,12013,50,5.0,2.5,21.23992762052962,17.202168997219456,0.002689574583795341,2.1851098583491757e-25,1000000000.0,43.72000000000002,43.72000000000002,5.284153261511268,2.8380784529379337,inf,0,0,0,0,-1,inf,1,1,0,1,7600,0,0,0,2806,4794,1.5833668881154852,3.5677374063953384,False
overtake,P2,12013,50,5.0,2.5,21.25882294470857,17.202168997219456,0.0027369999491306377,2.1922884361971805e-25,1000000000.0,43.97266666666666,43.97266666666666,5.031695155271717,2.7829954534089683,inf,0,0,0,0,-1,inf,1,1,0,1,7600,0,0,0,2898,4702,1.5833668881154852,3.5677374063953384,False
overtake,P3,12013,50,5.0,2.5,21.25882294470857,17.202168997219456,0.0027369999491306377,2.1922884361971805e-25,1000000000.0,43.97266666666666,43.97266666666666,5.031695155271717,2.7829954534089683,inf,0,0,0,0,-1,inf,1,1,0,1,7600,0,0,0,2898,4702,1.5833668881154852,3.5677374063953384,False
overtake,P4,12013,50,5.0,2.5,21.255035691713598,17.202168997219456,0.0027373746393242813,2.1922884361971805e-25,1000000000.0,43.956,43.956,5.048347421794616,2.7829954534089683,inf,0,0,0,0,-1,inf,1,1,0,1,7600,0,0,0,2893,4707,1.5833668881154852,3.5677374063953384,False
overtake,P0,12014,50,5.0,2.5,20.59865840119005,17.202168997219456,0.0032491387303022895,2.2087378065964225e-25,1000000000.0,43.46966666666665,43.46966666666665,5.534298733255946,2.964622044055197,inf,0,0,0,0,-1,inf,1,1,0,1,7600,0,0,0,2763,4837,1.6369551706238403,3.81680713607936,False
overtake,P1,12014,50,5.0,2.5,20.649649145978287,17.202168997219456,0.0031639294264737667,2.196684621065193e-25,1000000000.0,43.33,43.33,5.673867789360306,3.2559269011132237,inf,0,0,0,0,-1,inf,1,1,0,1,7600,0,0,0,2745,4855,1.6369551706238403,3.81680713607936,False
overtake,P2,12014,50,5.0,2.5,20.59865840119005,17.202168997219456,0.0032491387303022895,2.2087378065964225e-25,1000000000.0,43.46966666666665,43.46966666666665,5.534298733255946,2.964622044055197,inf,0,0,0,0,-1,inf,1,1,0,1,7600,0,0,0,2763,4837,1.6369551706238403,3.81680713607936,False
overtake,P3,12014,50,5.0,2.5,20.59865840119005,17.202168997219456,0.0032491387303022895,2.2087378065964225e-25,1000000000.0,43.46966666666665,43.46966666666665,5.534298733255946,2.964622044055197,inf,0,0,0,0,-1,inf,1,1,0,1,7600,0,0,0,2763,4837,1.6369551706238403,3.81680713607936,False
overtake,P4,12014,50,5.0,2.5,20.594357732700264,17.202168997219456,0.0032498367672728814,2.2087378065964225e-25,1000000000.0,43.458000000000006,43.458000000000006,5.545957058176732,3.06964268711012,inf,0,0,0,0,-1,inf,1,1,0,1,7600,0,0,0,2758,4842,1.6369551706238403,3.81680713607936,False
overtake,P0,12015,50,5.0,2.5,21.10565241246285,17.202168997219456,0.002827858349868206,2.1998085258478726e-25,1000000000.0,43.831666666666635,43.831666666666635,5.172576257106815,2.939894990816109,inf,0,0,0,0,-1,inf,1,1,0,1,7600,0,0,0,2864,4736,1.5135888098794208,3.534211880306296,False
overtake,P1,12015,50,5.0,2.5,21.11731147458324,17.202168997219456,0.0027820631007901995,2.1891058305960783e-25,1000000000.0,43.68,43.68,5.32412205824964,2.9630175691522775,inf,0,0,0,0,-1,inf,1,1,0,1,7600,0,0,0,2820,4780,1.5135888098794208,3.534211880306296,False
overtake,P2,12015,50,5.0,2.5,21.10565241246285,17.202168997219456,0.002827858349868206,2.1998085258478726e-25,1000000000.0,43.831666666666635,43.831666666666635,5.172576257106815,2.939894990816109,inf,0,0,0,0,-1,inf,1,1,0,1,7600,0,0,0,2864,4736,1.5135888098794208,3.534211880306296,False
overtake,P3,12015,50,5.0,2.5,21.10565241246285,17.202168997219456,0.002827858349868206,2.1998085258478726e-25,1000000000.0,43.831666666666635,43.831666666666635,5.172576257106815,2.939894990816109,inf,0,0,0,0,-1,inf,1,1,0,1,7600,0,0,0,2864,4736,1.5135888098794208,3.534211880306296,False
overtake,P4,12015,50,5.0,2.5,21.09927958852713,17.202168997219456,0.0028285496498844003,2.1998085258478726e-25,1000000000.0,43.79699999999999,43.79699999999999,5.207214676882496,2.939894990816109,inf,0,0,0,0,-1,inf,1,1,0,1,7600,0,0,0,2844,4756,1.5135888098794208,3.534211880306296,False
overtake,P0,12016,50,5.0,2.5,21.130122026893133,17.202168997219456,0.0027721488210926187,2.1977860016156428e-25,1000000000.0,43.72199999999997,43.72199999999997,5.282154834074884,2.973600511537281,inf,0,0,0,0,-1,inf,1,1,0,1,7600,0,0,0,2722,4878,1.4870590301278994,3.492262365065703,False
overtake,P1,12016,50,5.0,2.5,21.133037637964403,17.202168997219456,0.0027467107856744494,2.1858494494727665e-25,1000000000.0,43.62000000000002,43.62000000000002,5.384076122338927,3.0656680830073224,inf,0,0,0,0,-1,inf,1,1,0,1,7600,0,0,0,2685,4915,1.4870590301278994,3.492262365065703,False
overtake,P2,12016,50,5.0,2.5,21.130122026893133,17.202168997219456,0.0027721488210926187,2.1977860016156428e-25,1000000000.0,43.72199999999997,43.72199999999997,5.282154834074884,2.973600511537281,inf,0,0,0,0,-1,inf,1,1,0,1,7600,0,0,0,2722,4878,1.4870590301278994,3.492262365065703,False
overtake,P3,12016,50,5.0,2.5,21.130122026893133,17.202168997219456,0.0027721488210926187,2.1977860016156428e-25,1000000000.0,43.72199999999997,43.72199999999997,5.282154834074884,2.973600511537281,inf,0,0,0,0,-1,inf,1,1,0,1,7600,0,0,0,2722,4878,1.4870590301278994,3.492262365065703,False
overtake,P4,12016,50,5.0,2.5,21.130122026893133,17.202168997219456,0.0027721488210926187,2.1977860016156428e-25,1000000000.0,43.72199999999997,43.72199999999997,5.282154834074884,2.973600511537281,inf,0,0,0,0,-1,inf,1,1,0,1,7600,0,0,0,2722,4878,1.4870590301278994,3.492262365065703,False
overtake,P0,12017,50,5.0,2.5,21.080597372838024,17.202168997219456,0.0028422978991424945,2.2047219182896305e-25,1000000000.0,43.79399999999998,43.79399999999998,5.21021225010465,2.95228182464393,inf,0,0,0,0,-1,inf,1,1,0,1,7600,0,0,0,2901,4699,1.5184609622154703,3.5145583883358915,False
overtake,P1,12017,50,5.0,2.5,21.078318271943044,17.202168997219456,0.0027781950464938047,2.2024539366420704e-25,1000000000.0,43.52,43.52,5.484001795326141,3.0582671040568883,inf,0,0,0,0,-1,inf,1,1,0,1,7600,0,0,0,2772,4828,1.5184609622154703,3.5145583883358915,False
overtake,P2,12017,50,5.0,2.5,21.080597372838024,17.202168997219456,0.0028422978991424945,2.2047219182896305e-25,1000000000.0,43.79399999999998,43.79399999999998,5.21021225010465,2.95228182464393,inf,0,0,0,0,-1,inf,1,1,0,1,7600,0,0,0,2901,4699,1.5184609622154703,3.5145583883358915,False
overtake,P3,12017,50,5.0,2.5,21.080597372838024,17.202168997219456,0.0028422978991424945,2.2047219182896305e-25,1000000000.0,43.79399999999998,43.79399999999998,5.21021225010465,2.95228182464393,inf,0,0,0,0,-1,inf,1,1,0,1,7600,0,0,0,2901,4699,1.5184609622154703,3.5145583883358915,False
overtake,P4,12017,50,5.0,2.5,21.07546887312964,17.202168997219456,0.0028428808027272366,2.2047219182896305e-25,1000000000.0,43.77233333333331,43.77233333333331,5.231861472642259,2.95228182464393,inf,0,0,0,0,-1,inf,1,1,0,1,7600,0,0,0,2886,4714,1.5184609622154703,3.5145583883358915,False
overtake,P0,12018,50,5.0,2.5,21.292286942203408,17.202168997219456,0.0027022248395897498,2.1955271702460325e-25,1000000000.0,43.883999999999986,43.883999999999986,5.1202862899588455,2.677738826932025,inf,0,0,0,0,-1,inf,1,1,0,1,7600,0,0,0,2868,4732,1.437090272467808,3.3496102313922944,False
overtake,P1,12018,50,5.0,2.5,21.299586549583974,17.202168997219456,0.002668036339979205,2.1851098425672805e-25,1000000000.0,43.809999999999995,43.809999999999995,5.1942252252997685,2.8726870071825545,inf,0,0,0,0,-1,inf,1,1,0,1,7600,0,0,0,2843,4757,1.437090272467808,3.3496102313922944,False
overtake,P2,12018,50,5.0,2.5,21.292286942203408,17.202168997219456,0.0027022248395897498,2.1955271702460325e-25,1000000000.0,43.883999999999986,43.883999999999986,5.1202862899588455,2.677738826932025,inf,0,0,0,0,-1,inf,1,1,0,1,7600,0,0,0,2868,4732,1.437090272467808,3.3496102313922944,False
overtake,P3,12018,50,5.0,2.5,21.292286942203408,17.202168997219456,0.0027022248395897498,2.1955271702460325e-25,1000000000.0,43.883999999999986,43.883999999999986,5.1202862899588455,2.677738826932025,inf,0,0,0,0,-1,inf,1,1,0,1,7600,0,0,0,2868,4732,1.437090272467808,3.3496102313922944,False
overtake,P4,12018,50,5.0,2.5,21.28140470646904,17.202168997219456,0.002703301333565435,2.1955271702460325e-25,1000000000.0,43.829,43.829,5.175240737505876,2.677738826932025,inf,0,0,0,0,-1,inf,1,1,0,1,7600,0,0,0,2849,4751,1.437090272467808,3.3496102313922944,False
overtake,P0,12019,50,5.0,2.5,20.75827557496083,17.202168997219456,0.003177279319033907,2.3117139421669746e-25,1000000000.0,43.56533333333333,43.56533333333333,5.4387018183495055,2.9673119975415476,inf,0,0,0,0,-1,inf,1,1,0,1,7600,0,0,0,2710,4890,1.4837016757779895,3.3754186118820524,False
overtake,P1,12019,50,5.0,2.5,20.831041884005522,17.202168997219456,0.0030642373047497927,2.3017941097106264e-25,1000000000.0,43.469999999999985,43.469999999999985,5.533965638774833,3.0670380122243324,inf,0,0,0,0,-1,inf,1,1,0,1,7600,0,0,0,2702,4898,1.4837016757779895,3.3754186118820524,False
overtake,P2,12019,50,5.0,2.5,20.75827557496083,17.202168997219456,0.003177279319033907,2.3117139421669746e-25,1000000000.0,43.56533333333333,43.56533333333333,5.4387018183495055,2.9673119975415476,inf,0,0,0,0,-1,inf,1,1,0,1,7600,0,0,0,2710,4890,1.4837016757779895,3.3754186118820524,False
overtake,P3,12019,50,5.0,2.5,20.75827557496083,17.202168997219456,0.003177279319033907,2.3117139421669746e-25,1000000000.0,43.56533333333333,43.56533333333333,5.4387018183495055,2.9673119975415476,inf,0,0,0,0,-1,inf,1,1,0,1,7600,0,0,0,2710,4890,1.4837016757779895,3.3754186118820524,False
overtake,P4,12019,50,5.0,2.5,20.756127969494617,17.202168997219456,0.0031775436491604113,2.3117139421669746e-25,1000000000.0,43.550333333333334,43.550333333333334,5.453690719954529,2.9673119975415476,inf,0,0,0,0,-1,inf,1,1,0,1,7600,0,0,0,2706,4894,1.4837016757779895,3.3754186118820524,False
intersection_turn,P0,12000,50,5.0,2.5,18.376851581187786,14.72403780401211,0.009639040487520902,2.2614855272116717e-15,999999999.9999979,41.86833333333333,41.86833333333333,6.1836345389351015,3.9550147740798045,inf,0,0,0,0,-1,inf,0,-1,0,0,7600,0,0,0,2575,5025,1.4578250413582836,3.3853238124954625,False
intersection_turn,P1,12000,50,5.0,2.5,18.371996651119,14.72403780401211,0.009642004766466476,2.2614855272116717e-15,999999999.9999979,41.769999999999996,41.769999999999996,6.281154352505601,3.9550147740798045,inf,0,0,0,0,-1,inf,0,-1,0,0,7600,0,0,0,2546,5054,1.4578250413582836,3.3853238124954625,False
intersection_turn,P2,12000,50,5.0,2.5,18.376851581187786,14.72403780401211,0.009639040487520902,2.2614855272116717e-15,999999999.9999979,41.86833333333333,41.86833333333333,6.1836345389351015,3.9550147740798045,inf,0,0,0,0,-1,inf,0,-1,0,0,7600,0,0,0,2575,5025,1.4578250413582836,3.3853238124954625,False
intersection_turn,P3,12000,50,5.0,2.5,18.376851581187786,14.72403780401211,0.009639040487520902,2.2614855272116717e-15,999999999.9999979,41.86833333333333,41.86833333333333,6.1836345389351015,3.9550147740798045,inf,0,0,0,0,-1,inf,0,-1,0,0,7600,0,0,0,2575,5025,1.4578250413582836,3.3853238124954625,False
intersection_turn,P4,12000,50,5.0,2.5,18.376851581187786,14.72403780401211,0.009639040487520902,2.2614855272116717e-15,999999999.9999979,41.86833333333333,41.86833333333333,6.1836345389351015,3.9550147740798045,inf,0,0,0,0,-1,inf,0,-1,0,0,7600,0,0,0,2575,5025,1.4578250413582836,3.3853238124954625,False
intersection_turn,P0,12001,50,5.0,2.5,18.373916827102903,14.72403780401211,0.009640724338688324,2.2614855272116717e-15,999999999.9999979,41.894999999999996,41.894999999999996,6.157192948089255,3.9550147740798045,inf,0,0,0,0,-1,inf,0,-1,0,0,7600,0,0,0,2594,5006,1.5002729879920178,3.408824821313841,False
intersection_turn,P1,12001,50,5.0,2.5,18.34993669558229,14.72403780401211,0.009659588866078081,2.2614855272116717e-15,999999999.9999979,41.7,41.7,6.3505905237229685,3.9550147740798045,inf,0,0,0,0,-1,inf,0,-1,0,0,7600,0,0,0,2512,5088,1.5002729879920178,3.408824821313841,False
intersection_turn,P2,12001,50,5.0,2.5,18.373916827102903,14.72403780401211,0.009640724338688324,2.2614855272116717e-15,999999999.9999979,41.894999999999996,41.894999999999996,6.157192948089255,3.9550147740798045,inf,0,0,0,0,-1,inf,0,-1,0,0,7600,0,0,0,2594,5006,1.5002729879920178,3.408824821313841,False
intersection_turn,P3,12001,50,5.0,2.5,18.373916827102903,14.72403780401211,0.009640724338688324,2.2614855272116717e-15,999999999.9999979,41.894999999999996,41.894999999999996,6.157192948089255,3.9550147740798045,inf,0,0,0,0,-1,inf,0,-1,0,0,7600,0,0,0,2594,5006,1.5002729879920178,3.408824821313841,False
intersection_turn,P4,12001,50,5.0,2.5,18.371604702381344,14.72403780401211,0.009642219469853039,2.2614855272116717e-15,999999999.9999979,41.861666666666665,41.861666666666665,6.190245238365854,3.9550147740798045,inf,0,0,0,0,-1,inf,0,-1,0,0,7600,0,0,0,2580,5020,1.5002729879920178,3.408824821313841,False
intersection_turn,P0,12002,50,5.0,2.5,18.38323675378078,14.72403780401211,0.009635648663713681,2.2614855272116717e-15,999999999.9999979,41.99333333333331,41.99333333333331,6.0597066302292815,3.9550147740798045,inf,0,0,0,0,-1,inf,0,-1,0,0,7600,0,0,0,2567,5033,1.513943120578305,3.4015269751476067,False
intersection_turn,P1,12002,50,5.0,2.5,18.370541989994916,14.72403780401211,0.00964622756795828,2.2614855272116717e-15,999999999.9999979,41.88999999999998,41.88999999999998,6.162150598614112,3.9550147740798045,inf,0,0,0,0,-1,inf,0,-1,0,0,7600,0,0,0,2527,5073,1.513943120578305,3.4015269751476067,False
intersection_turn,P2,12002,50,5.0,2.5,18.38323675378078,14.72403780401211,0.009635648663713681,2.2614855272116717e-15,999999999.9999979,41.99333333333331,41.99333333333331,6.0597066302292815,3.9550147740798045,inf,0,0,0,0,-1,inf,0,-1,0,0,7600,0,0,0,2567,5033,1.513943120578305,3.4015269751476067,False
intersection_turn,P3,12002,50,5.0,2.5,18.38323675378078,14.72403780401211,0.009635648663713681,2.2614855272116717e-15,999999999.9999979,41.99333333333331,41.99333333333331,6.0597066302292815,3.9550147740798045,inf,0,0,0,0,-1,inf,0,-1,0,0,7600,0,0,0,2567,5033,1.513943120578305,3.4015269751476067,False
intersection_turn,P4,12002,50,5.0,2.5,18.378689300769075,14.72403780401211,0.009638541689509192,2.2614855272116717e-15,999999999.9999979,41.929999999999986,41.929999999999986,6.122491322982841,3.9550147740798045,inf,0,0,0,0,-1,inf,0,-1,0,0,7600,0,0,0,2540,5060,1.513943120578305,3.4015269751476067,False
intersection_turn,P0,12003,50,5.0,2.5,18.230904407332442,14.72403780401211,0.009930920255425451,2.2713399047539326e-15,999999999.9999977,41.505000000000024,41.505000000000024,6.544083205461227,4.196377922200296,inf,0,0,0,0,-1,inf,0,-1,0,0,7600,0,0,0,2582,5018,1.5326538013380002,3.372871383441655,False
intersection_turn,P1,12003,50,5.0,2.5,18.229875437316135,14.72403780401211,0.009931646124545623,2.2713399047539326e-15,999999999.9999977,41.480000000000004,41.480000000000004,6.568896406551099,4.196377922200296,inf,0,0,0,0,-1,inf,0,-1,0,0,7600,0,0,0,2570,5030,1.5326538013380002,3.372871383441655,False
intersection_turn,P2,12003,50,5.0,2.5,18.230904407332442,14.72403780401211,0.009930920255425451,2.2713399047539326e-15,999999999.9999977,41.505000000000024,41.505000000000024,6.544083205461227,4.196377922200296,inf,0,0,0,0,-1,inf,0,-1,0,0,7600,0,0,0,2582,5018,1.5326538013380002,3.372871383441655,False
intersection_turn,P3,12003,50,5.0,2.5,18.230904407332442,14.72403780401211,0.009930920255425451,2.2713399047539326e-15,999999999.9999977,41.505000000000024,41.505000000000024,6.544083205461227,4.196377922200296,inf,0,0,0,0,-1,inf,0,-1,0,0,7600,0,0,0,2582,5018,1.5326538013380002,3.372871383441655,False
intersection_turn,P4,12003,50,5.0,2.5,18.230904407332442,14.72403780401211,0.009930920255425451,2.2713399047539326e-15,999999999.9999977,41.505000000000024,41.505000000000024,6.544083205461227,4.196377922200296,inf,0,0,0,0,-1,inf,0,-1,0,0,7600,0,0,0,2582,5018,1.5326538013380002,3.372871383441655,False
intersection_turn,P0,12004,50,5.0,2.5,18.40552582957438,14.72403780401211,0.009613558766218486,2.2614855272116717e-15,999999999.9999979,42.031666666666645,42.031666666666645,6.0217109510319435,3.9550147740798045,inf,0,0,0,0,-1,inf,0,-1,0,0,7600,0,0,0,2704,4896,1.4238684241052866,3.3361544395880536,False
intersection_turn,P1,12004,50,5.0,2.5,18.39273215420107,14.72403780401211,0.009622250760322422,2.2614855272116717e-15,999999999.9999979,41.87,41.87,6.181981882859253,3.9550147740798045,inf,0,0,0,0,-1,inf,0,-1,0,0,7600,0,0,0,2646,4954,1.4238684241052866,3.3361544395880536,False
intersection_turn,P2,12004,50,5.0,2.5,18.40552582957438,14.72403780401211,0.009613558766218486,2.2614855272116717e-15,999999999.9999979,42.031666666666645,42.031666666666645,6.0217109510319435,3.9550147740798045,inf,0,0,0,0,-1,inf,0,-1,0,0,7600,0,0,0,2704,4896,1.4238684241052866,3.3361544395880536,False
intersection_turn,P3,12004,50,5.0,2.5,18.40552582957438,14.72403780401211,0.009613558766218486,2.2614855272116717e-15,999999999.9999979,42.031666666666645,42.031666666666645,6.0217109510319435,3.9550147740798045,inf,0,0,0,0,-1,inf,0,-1,0,0,7600,0,0,0,2704,4896,1.4238684241052866,3.3361544395880536,False
intersection_turn,P4,12004,50,5.0,2.5,18.401127047856914,14.72403780401211,0.009616407304481715,2.2614855272116717e-15,999999999.9999979,41.98999999999998,41.98999999999998,6.063010803223118,3.9550147740798045,inf,0,0,0,0,-1,inf,0,-1,0,0,7600,0,0,0,2687,4913,1.4238684241052866,3.3361544395880536,False
intersection_turn,P0,12005,50,5.0,2.5,18.3153501841527,14.72403780401211,0.009698873228520413,2.2614855272116717e-15,999999999.9999979,41.650000000000006,41.650000000000006,6.400195309519853,3.9550147740798045,inf,0,0,0,0,-1,inf,0,-1,0,0,7600,0,0,0,2429,5171,1.5547773886875556,3.4064080079672707,False
intersection_turn,P1,12005,50,5.0,2.5,18.290610313211317,14.72403780401211,0.009723378230260859,2.2614855272116717e-15,999999999.9999979,41.519999999999996,41.519999999999996,6.52919596887703,3.9550147740798045,inf,0,0,0,0,-1,inf,0,-1,0,0,7600,0,0,0,2370,5230,1.5547773886875556,3.4064080079672707,False
intersection_turn,P2,12005,50,5.0,2.5,18.3153501841527,14.72403780401211,0.009698873228520413,2.2614855272116717e-15,999999999.9999979,41.650000000000006,41.650000000000006,6.400195309519853,3.9550147740798045,inf,0,0,0,0,-1,inf,0,-1,0,0,7600,0,0,0,2429,5171,1.5547773886875556,3.4064080079672707,False
intersection_turn,P3,12005,50,5.0,2.5,18.3153501841527,14.72403780401211,0.009698873228520413,2.2614855272116717e-15,999999999.9999979,41.650000000000006,41.650000000000006,6.400195309519853,3.9550147740798045,inf,0,0,0,0,-1,inf,0,-1,0,0,7600,0,0,0,2429,5171,1.5547773886875556,3.4064080079672707,False
intersection_turn,P4,12005,50,5.0,2.5,18.314739776053713,14.72403780401211,0.009699343603910393,2.2614855272116717e-15,999999999.9999979,41.64999999999999,41.64999999999999,6.400195309519868,3.9550147740798045,inf,0,0,0,0,-1,inf,0,-1,0,0,7600,0,0,0,2429,5171,1.5547773886875556,3.4064080079672707,False
intersection_turn,P0,12006,50,5.0,2.5,18.351302809970235,14.72403780401211,0.009666046625874995,2.2614855272116717e-15,999999999.9999979,41.829999999999984,41.829999999999984,6.221647691729274,3.9550147740798045,inf,0,0,0,0,-1,inf,0,-1,0,0,7600,0,0,0,2577,5023,1.4856520879924617,3.405233322014023,False
intersection_turn,P1,12006,50,5.0,2.5,18.340586263674513,14.72403780401211,0.009673442897494307,2.2614855272116717e-15,999999999.9999979,41.67999999999999,41.67999999999999,6.370431696517913,3.9550147740798045,inf,0,0,0,0,-1,inf,0,-1,0,0,7600,0,0,0,2540,5060,1.4856520879924617,3.405233322014023,False
intersection_turn,P2,12006,50,5.0,2.5,18.351302809970235,14.72403780401211,0.009666046625874995,2.2614855272116717e-15,999999999.9999979,41.829999999999984,41.829999999999984,6.221647691729274,3.9550147740798045,inf,0,0,0,0,-1,inf,0,-1,0,0,7600,0,0,0,2577,5023,1.4856520879924617,3.405233322014023,False
intersection_turn,P3,12006,50,5.0,2.5,18.351302809970235,14.72403780401211,0.009666046625874995,2.2614855272116717e-15,999999999.9999979,41.829999999999984,41.829999999999984,6.221647691729274,3.9550147740798045,inf,0,0,0,0,-1,inf,0,-1,0,0,7600,0,0,0,2577,5023,1.4856520879924617,3.405233322014023,False
intersection_turn,P4,12006,50,5.0,2.5,18.349408295808374,14.72403780401211,0.009667260611560593,2.2614855272116717e-15,999999999.9999979,41.799999999999976,41.799999999999976,6.251399843235137,3.9550147740798045,inf,0,0,0,0,-1,inf,0,-1,0,0,7600,0,0,0,2574,5026,1.4856520879924617,3.405233322014023,False
intersection_turn,P0,12007,50,5.0,2.5,18.368341059961452,14.72403780401211,0.009645415601666344,2.2614855272116717e-15,999999999.9999979,41.86933333333332,41.86933333333332,6.182642944386964,3.9550147740798045,inf,0,0,0,0,-1,inf,0,-1,0,0,7600,0,0,0,2668,4932,1.5196910830525099,3.2728414419800957,False
intersection_turn,P1,12007,50,5.0,2.5,18.356749393397976,14.72403780401211,0.009654621345505385,2.2614855272116717e-15,999999999.9999979,41.77999999999999,41.77999999999999,6.271235922846482,3.9550147740798045,inf,0,0,0,0,-1,inf,0,-1,0,0,7600,0,0,0,2644,4956,1.5196910830525099,3.2728414419800957,False
intersection_turn,P2,12007,50,5.0,2.5,18.368341059961452,14.72403780401211,0.009645415601666344,2.2614855272116717e-15,999999999.9999979,41.86933333333332,41.86933333333332,6.182642944386964,3.9550147740798045,inf,0,0,0,0,-1,inf,0,-1,0,0,7600,0,0,0,2668,4932,1.5196910830525099,3.2728414419800957,False
intersection_turn,P3,12007,50,5.0,2.5,18.368341059961452,14.72403780401211,0.009645415601666344,2.2614855272116717e-15,999999999.9999979,41.86933333333332,41.86933333333332,6.182642944386964,3.9550147740798045,inf,0,0,0,0,-1,inf,0,-1,0,0,7600,0,0,0,2668,4932,1.5196910830525099,3.2728414419800957,False
intersection_turn,P4,12007,50,5.0,2.5,18.368341059961452,14.72403780401211,0.009645415601666344,2.2614855272116717e-15,999999999.9999979,41.86933333333332,41.86933333333332,6.182642944386964,3.9550147740798045,inf,0,0,0,0,-1,inf,0,-1,0,0,7600,0,0,0,2668,4932,1.5196910830525099,3.2728414419800957,False
intersection_turn,P0,12008,50,5.0,2.5,18.3751555416648,14.72403780401211,0.009639836499016086,2.2614855272116717e-15,999999999.9999979,41.85366666666665,41.85366666666665,6.198178235937127,3.9550147740798045,inf,0,0,0,0,-1,inf,0,-1,0,0,7600,0,0,0,2589,5011,1.566907807228359,3.5149590290470565,False
intersection_turn,P1,12008,50,5.0,2.5,18.364834811201206,14.72403780401211,0.009647748115042582,2.2614855272116717e-15,999999999.9999979,41.75999999999999,41.75999999999999,6.291073040428009,3.9550147740798045,inf,0,0,0,0,-1,inf,0,-1,0,0,7600,0,0,0,2551,5049,1.566907807228359,3.5149590290470565,False
intersection_turn,P2,12008,50,5.0,2.5,18.3751555416648,14.72403780401211,0.009639836499016086,2.2614855272116717e-15,999999999.9999979,41.85366666666665,41.85366666666665,6.198178235937127,3.9550147740798045,inf,0,0,0,0,-1,inf,0,-1,0,0,7600,0,0,0,2589,5011,1.566907807228359,3.5149590290470565,False
intersection_turn,P3,12008,50,5.0,2.5,18.3751555416648,14.72403780401211,0.009639836499016086,2.2614855272116717e-15,999999999.9999979,41.85366666666665,41.85366666666665,6.198178235937127,3.9550147740798045,inf,0,0,0,0,-1,inf,0,-1,0,0,7600,0,0,0,2589,5011,1.566907807228359,3.5149590290470565,False
intersection_turn,P4,12008,50,5.0,2.5,18.370112050010594,14.72403780401211,0.009643270142838549,2.2614855272116717e-15,999999999.9999979,41.80499999999998,41.80499999999998,6.246440986673953,3.9550147740798045,inf,0,0,0,0,-1,inf,0,-1,0,0,7600,0,0,0,2563,5037,1.566907807228359,3.5149590290470565,False
intersection_turn,P0,12009,50,5.0,2.5,18.396917393468712,14.72403780401211,0.009629061412856238,2.2614855272116717e-15,999999999.9999979,42.03500000000002,42.03500000000002,6.018407181306345,3.9550147740798045,inf,0,0,0,0,-1,inf,0,-1,0,0,7600,0,0,0,2661,4939,1.564693801739322,3.4513602551465463,False
intersection_turn,P1,12009,50,5.0,2.5,18.482117854909642,14.72403780401211,0.009596617135551986,2.2614855272116717e-15,999999999.9999979,42.02000000000002,42.01892238291015,6.027259049152183,3.9550147740798045,inf,0,0,0,0,-1,inf,0,-1,0,0,7600,46,0,0,2615,4939,1.564693801739322,3.4513602551465463,False
intersection_turn,P2,12009,50,5.0,2.5,18.396917393468712,14.72403780401211,0.009629061412856238,2.2614855272116717e-15,999999999.9999979,42.03500000000002,42.03500000000002,6.018407181306345,3.9550147740798045,inf,0,0,0,0,-1,inf,0,-1,0,0,7600,0,0,0,2661,4939,1.564693801739322,3.4513602551465463,False
intersection_turn,P3,12009,50,5.0,2.5,18.396917393468712,14.72403780401211,0.009629061412856238,2.2614855272116717e-15,999999999.9999979,42.03500000000002,42.03500000000002,6.018407181306345,3.9550147740798045,inf,0,0,0,0,-1,inf,0,-1,0,0,7600,0,0,0,2661,4939,1.564693801739322,3.4513602551465463,False
intersection_turn,P4,12009,50,5.0,2.5,18.483249171214723,14.72403780401211,0.009596144268192757,2.2614855272116717e-15,999999999.9999979,42.03500000000002,42.03392366228347,6.012372241313961,3.9550147740798045,inf,0,0,0,0,-1,inf,0,-1,0,0,7600,46,0,0,2618,4936,1.564693801739322,3.4513602551465463,False
intersection_turn,P0,12010,50,5.0,2.5,18.373541001290388,14.72403780401211,0.009638796451714535,2.2614855272116717e-15,999999999.9999979,41.77833333333334,41.77833333333334,6.272888976469374,3.9550147740798045,inf,0,0,0,0,-1,inf,0,-1,0,0,7600,0,0,0,2615,4985,1.4052322313451742,3.223388989670567,False
intersection_turn,P1,12010,50,5.0,2.5,18.373078801110708,14.72403780401211,0.009639188640749162,2.2614855272116717e-15,999999999.9999979,41.749999999999986,41.749999999999986,6.30099198539406,3.9550147740798045,inf,0,0,0,0,-1,inf,0,-1,0,0,7600,0,0,0,2604,4996,1.4052322313451742,3.223388989670567,False
intersection_turn,P2,12010,50,5.0,2.5,18.373541001290388,14.72403780401211,0.009638796451714535,2.2614855272116717e-15,999999999.9999979,41.77833333333334,41.77833333333334,6.272888976469374,3.9550147740798045,inf,0,0,0,0,-1,inf,0,-1,0,0,7600,0,0,0,2615,4985,1.4052322313451742,3.223388989670567,False
intersection_turn,P3,12010,50,5.0,2.5,18.373541001290388,14.72403780401211,0.009638796451714535,2.2614855272116717e-15,999999999.9999979,41.77833333333334,41.77833333333334,6.272888976469374,3.9550147740798045,inf,0,0,0,0,-1,inf,0,-1,0,0,7600,0,0,0,2615,4985,1.4052322313451742,3.223388989670567,False
intersection_turn,P4,12010,50,5.0,2.5,18.37202704323913,14.72403780401211,0.00963975205659645,2.2614855272116717e-15,999999999.9999979,41.75166666666665,41.75166666666665,6.299338810100997,3.9550147740798045,inf,0,0,0,0,-1,inf,0,-1,0,0,7600,0,0,0,2607,4993,1.4052322313451742,3.223388989670567,False
intersection_turn,P0,12011,50,5.0,2.5,18.396022836620958,14.72403780401211,0.009624350740510438,2.2614855272116717e-15,999999999.9999979,42.05166666666665,42.05166666666665,6.0018888230660075,3.9550147740798045,inf,0,0,0,0,-1,inf,0,-1,0,0,7600,0,0,0,2656,4944,1.5576804227192316,3.521724549256914,False
intersection_turn,P1,12011,50,5.0,2.5,18.388274260440518,14.72403780401211,0.009629970236958042,2.2614855272116717e-15,999999999.9999979,41.969999999999985,41.969999999999985,6.082836509392652,3.9550147740798045,inf,0,0,0,0,-1,inf,0,-1,0,0,7600,0,0,0,2630,4970,1.5576804227192316,3.521724549256914,False
intersection_turn,P2,12011,50,5.0,2.5,18.396022836620958,14.72403780401211,0.009624350740510438,2.2614855272116717e-15,999999999.9999979,42.05166666666665,42.05166666666665,6.0018888230660075,3.9550147740798045,inf,0,0,0,0,-1,inf,0,-1,0,0,7600,0,0,0,2656,4944,1.5576804227192316,3.521724549256914,False
intersection_turn,P3,12011,50,5.0,2.5,18.396022836620958,14.72403780401211,0.009624350740510438,2.2614855272116717e-15,999999999.9999979,42.05166666666665,42.05166666666665,6.0018888230660075,3.9550147740798045,inf,0,0,0,0,-1,inf,0,-1,0,0,7600,0,0,0,2656,4944,1.5576804227192316,3.521724549256914,False
intersection_turn,P4,12011,50,5.0,2.5,18.396022836620958,14.72403780401211,0.009624350740510438,2.2614855272116717e-15,999999999.9999979,42.05166666666665,42.05166666666665,6.0018888230660075,3.9550147740798045,inf,0,0,0,0,-1,inf,0,-1,0,0,7600,0,0,0,2656,4944,1.5576804227192316,3.521724549256914,False
intersection_turn,P0,12012,50,5.0,2.5,18.374535145150567,14.72403780401211,0.009640100970710674,2.2614855272116717e-15,999999999.9999979,41.706666666666656,41.706666666666656,6.343977021115744,3.9550147740798045,inf,0,0,0,0,-1,inf,0,-1,0,0,7600,0,0,0,2729,4871,1.3681391135848753,3.14307152620977,False
intersection_turn,P1,12012,50,5.0,2.5,18.360247387583993,14.72403780401211,0.009653753020142179,2.2614855272116717e-15,999999999.9999979,41.69000000000001,41.69000000000001,6.36051098576206,3.9550147740798045,inf,0,0,0,0,-1,inf,0,-1,0,0,7600,0,0,0,2704,4896,1.3681391135848753,3.14307152620977,False
intersection_turn,P2,12012,50,5.0,2.5,18.374535145150567,14.72403780401211,0.009640100970710674,2.2614855272116717e-15,999999999.9999979,41.706666666666656,41.706666666666656,6.343977021115744,3.9550147740798045,inf,0,0,0,0,-1,inf,0,-1,0,0,7600,0,0,0,2729,4871,1.3681391135848753,3.14307152620977,False
intersection_turn,P3,12012,50,5.0,2.5,18.374535145150567,14.72403780401211,0.009640100970710674,2.2614855272116717e-15,999999999.9999979,41.706666666666656,41.706666666666656,6.343977021115744,3.9550147740798045,inf,0,0,0,0,-1,inf,0,-1,0,0,7600,0,0,0,2729,4871,1.3681391135848753,3.14307152620977,False
intersection_turn,P4,12012,50,5.0,2.5,18.37566126942306,14.72403780401211,0.009639622640818368,2.2614855272116717e-15,999999999.9999979,41.78333333333331,41.78333333333331,6.26792983723053,3.9550147740798045,inf,0,0,0,0,-1,inf,0,-1,0,0,7600,0,0,0,2744,4856,1.3681391135848753,3.14307152620977,False
intersection_turn,P0,12013,50,5.0,2.5,18.40630298632693,14.72403780401211,0.009611835818090511,2.2614855272116717e-15,999999999.9999979,41.970000000000006,41.970000000000006,6.0828365093926315,3.9550147740798045,inf,0,0,0,0,-1,inf,0,-1,0,0,7600,0,0,0,2617,4983,1.6365972134395892,3.484972227568952,False
intersection_turn,P1,12013,50,5.0,2.5,18.405051075654207,14.72403780401211,0.009612557144472456,2.2614855272116717e-15,999999999.9999979,41.94,41.94,6.112577197876525,3.9550147740798045,inf,0,0,0,0,-1,inf,0,-1,0,0,7600,0,0,0,2612,4988,1.6365972134395892,3.484972227568952,False
intersection_turn,P2,12013,50,5.0,2.5,18.40630298632693,14.72403780401211,0.009611835818090511,2.2614855272116717e-15,999999999.9999979,41.970000000000006,41.970000000000006,6.0828365093926315,3.9550147740798045,inf,0,0,0,0,-1,inf,0,-1,0,0,7600,0,0,0,2617,4983,1.6365972134395892,3.484972227568952,False
intersection_turn,P3,12013,50,5.0,2.5,18.40630298632693,14.72403780401211,0.009611835818090511,2.2614855272116717e-15,999999999.9999979,41.970000000000006,41.970000000000006,6.0828365093926315,3.9550147740798045,inf,0,0,0,0,-1,inf,0,-1,0,0,7600,0,0,0,2617,4983,1.6365972134395892,3.484972227568952,False
intersection_turn,P4,12013,50,5.0,2.5,18.40630298632693,14.72403780401211,0.009611835818090511,2.2614855272116717e-15,999999999.9999979,41.970000000000006,41.970000000000006,6.0828365093926315,3.9550147740798045,inf,0,0,0,0,-1,inf,0,-1,0,0,7600,0,0,0,2617,4983,1.6365972134395892,3.484972227568952,False
intersection_turn,P0,12014,50,5.0,2.5,18.159340449529896,14.72403780401211,0.010158143190960834,2.2756946621172708e-15,999999999.9999977,41.59333333333334,41.59333333333334,6.456421437435577,4.455448553233025,inf,0,0,0,0,-1,inf,0,-1,0,0,7600,0,0,0,2649,4951,1.6302134528231258,3.6947339688336664,False
intersection_turn,P1,12014,50,5.0,2.5,18.161071776153282,14.72403780401211,0.010157043633055392,2.2756946621172708e-15,999999999.9999977,41.61999999999999,41.61999999999999,6.429961119633627,4.455448553233025,inf,0,0,0,0,-1,inf,0,-1,0,0,7600,0,0,0,2655,4945,1.6302134528231258,3.6947339688336664,False
intersection_turn,P2,12014,50,5.0,2.5,18.159340449529896,14.72403780401211,0.010158143190960834,2.2756946621172708e-15,999999999.9999977,41.59333333333334,41.59333333333334,6.456421437435577,4.455448553233025,inf,0,0,0,0,-1,inf,0,-1,0,0,7600,0,0,0,2649,4951,1.6302134528231258,3.6947339688336664,False
intersection_turn,P3,12014,50,5.0,2.5,18.159340449529896,14.72403780401211,0.010158143190960834,2.2756946621172708e-15,999999999.9999977,41.59333333333334,41.59333333333334,6.456421437435577,4.455448553233025,inf,0,0,0,0,-1,inf,0,-1,0,0,7600,0,0,0,2649,4951,1.6302134528231258,3.6947339688336664,False
intersection_turn,P4,12014,50,5.0,2.5,18.159340449529896,14.72403780401211,0.010158143190960834,2.2756946621172708e-15,999999999.9999977,41.59333333333334,41.59333333333334,6.456421437435577,4.455448553233025,inf,0,0,0,0,-1,inf,0,-1,0,0,7600,0,0,0,2649,4951,1.6302134528231258,3.6947339688336664,False
intersection_turn,P0,12015,50,5.0,2.5,18.34048878013191,14.72403780401211,0.009672980594149398,2.2614855272116717e-15,999999999.9999979,41.735,41.735,6.315870882150775,3.9550147740798045,inf,0,0,0,0,-1,inf,0,-1,0,0,7600,0,0,0,2624,4976,1.520780968598029,3.432404587827008,False
intersection_turn,P1,12015,50,5.0,2.5,18.317041598169904,14.72403780401211,0.00969299407353207,2.2614855272116717e-15,999999999.9999979,41.53999999999999,41.53999999999999,6.509347125480412,3.9550147740798045,inf,0,0,0,0,-1,inf,0,-1,0,0,7600,0,0,0,2539,5061,1.520780968598029,3.432404587827008,False
intersection_turn,P2,12015,50,5.0,2.5,18.34048878013191,14.72403780401211,0.009672980594149398,2.2614855272116717e-15,999999999.9999979,41.735,41.735,6.315870882150775,3.9550147740798045,inf,0,0,0,0,-1,inf,0,-1,0,0,7600,0,0,0,2624,4976,1.520780968598029,3.432404587827008,False
intersection_turn,P3,12015,50,5.0,2.5,18.34048878013191,14.72403780401211,0.009672980594149398,2.2614855272116717e-15,999999999.9999979,41.735,41.735,6.315870882150775,3.9550147740798045,inf,0,0,0,0,-1,inf,0,-1,0,0,7600,0,0,0,2624,4976,1.520780968598029,3.432404587827008,False
intersection_turn,P4,12015,50,5.0,2.5,18.34048878013191,14.72403780401211,0.009672980594149398,2.2614855272116717e-15,999999999.9999979,41.735,41.735,6.315870882150775,3.9550147740798045,inf,0,0,0,0,-1,inf,0,-1,0,0,7600,0,0,0,2624,4976,1.520780968598029,3.432404587827008,False
intersection_turn,P0,12016,50,5.0,2.5,18.34746686359848,14.72403780401211,0.009667719457976743,2.2614855272116717e-15,999999999.9999979,41.80166666666668,41.80166666666668,6.249746883763453,3.9550147740798045,inf,0,0,0,0,-1,inf,0,-1,0,0,7600,0,0,0,2496,5104,1.5335599961021475,3.4730356000760123,False
intersection_turn,P1,12016,50,5.0,2.5,18.337934972832738,14.72403780401211,0.009675335525428508,2.2614855272116717e-15,999999999.9999979,41.71,41.71,6.340670311568012,3.9550147740798045,inf,0,0,0,0,-1,inf,0,-1,0,0,7600,0,0,0,2462,5138,1.5335599961021475,3.4730356000760123,False
intersection_turn,P2,12016,50,5.0,2.5,18.34746686359848,14.72403780401211,0.009667719457976743,2.2614855272116717e-15,999999999.9999979,41.80166666666668,41.80166666666668,6.249746883763453,3.9550147740798045,inf,0,0,0,0,-1,inf,0,-1,0,0,7600,0,0,0,2496,5104,1.5335599961021475,3.4730356000760123,False
intersection_turn,P3,12016,50,5.0,2.5,18.34746686359848,14.72403780401211,0.009667719457976743,2.2614855272116717e-15,999999999.9999979,41.80166666666668,41.80166666666668,6.249746883763453,3.9550147740798045,inf,0,0,0,0,-1,inf,0,-1,0,0,7600,0,0,0,2496,5104,1.5335599961021475,3.4730356000760123,False
intersection_turn,P4,12016,50,5.0,2.5,18.346439770660155,14.72403780401211,0.009668607884109367,2.2614855272116717e-15,999999999.9999979,41.80833333333332,41.80833333333332,6.243135118761346,3.9550147740798045,inf,0,0,0,0,-1,inf,0,-1,0,0,7600,0,0,0,2497,5103,1.5335599961021475,3.4730356000760123,False
intersection_turn,P0,12017,50,5.0,2.5,18.376746284617855,14.72403780401211,0.009638306456266286,2.2614855272116717e-15,999999999.9999979,41.82333333333333,41.82333333333333,6.22825907546492,3.9550147740798045,inf,0,0,0,0,-1,inf,0,-1,0,0,7600,0,0,0,2665,4935,1.524847593227926,3.372989315503943,False
intersection_turn,P1,12017,50,5.0,2.5,18.374427045715827,14.72403780401211,0.009639800000769038,2.2614855272116717e-15,999999999.9999979,41.78999999999999,41.78999999999999,6.261317752677954,3.9550147740798045,inf,0,0,0,0,-1,inf,0,-1,0,0,7600,0,0,0,2654,4946,1.524847593227926,3.372989315503943,False
intersection_turn,P2,12017,50,5.0,2.5,18.376746284617855,14.72403780401211,0.009638306456266286,2.2614855272116717e-15,999999999.9999979,41.82333333333333,41.82333333333333,6.22825907546492,3.9550147740798045,inf,0,0,0,0,-1,inf,0,-1,0,0,7600,0,0,0,2665,4935,1.524847593227926,3.372989315503943,False
intersection_turn,P3,12017,50,5.0,2.5,18.376746284617855,14.72403780401211,0.009638306456266286,2.2614855272116717e-15,999999999.9999979,41.82333333333333,41.82333333333333,6.22825907546492,3.9550147740798045,inf,0,0,0,0,-1,inf,0,-1,0,0,7600,0,0,0,2665,4935,1.524847593227926,3.372989315503943,False
intersection_turn,P4,12017,50,5.0,2.5,18.37528760133028,14.72403780401211,0.009639285490923754,2.2614855272116717e-15,999999999.9999979,41.809999999999995,41.809999999999995,6.241482195760881,3.9550147740798045,inf,0,0,0,0,-1,inf,0,-1,0,0,7600,0,0,0,2658,4942,1.524847593227926,3.372989315503943,False
intersection_turn,P0,12018,50,5.0,2.5,18.4100853074642,14.72403780401211,0.009610898588039624,2.2614855272116717e-15,999999999.9999979,42.079999999999984,42.079999999999984,5.973809504830246,3.9550147740798045,inf,0,0,0,0,-1,inf,0,-1,0,0,7600,0,0,0,2669,4931,1.4511817219769272,3.277277940038073,False
intersection_turn,P1,12018,50,5.0,2.5,18.407886483162883,14.72403780401211,0.009612437262753697,2.2614855272116717e-15,999999999.9999979,42.06,42.06,5.993629951873904,3.9550147740798045,inf,0,0,0,0,-1,inf,0,-1,0,0,7600,0,0,0,2660,4940,1.4511817219769272,3.277277940038073,False
intersection_turn,P2,12018,50,5.0,2.5,18.4100853074642,14.72403780401211,0.009610898588039624,2.2614855272116717e-15,999999999.9999979,42.079999999999984,42.079999999999984,5.973809504830246,3.9550147740798045,inf,0,0,0,0,-1,inf,0,-1,0,0,7600,0,0,0,2669,4931,1.4511817219769272,3.277277940038073,False
intersection_turn,P3,12018,50,5.0,2.5,18.4100853074642,14.72403780401211,0.009610898588039624,2.2614855272116717e-15,999999999.9999979,42.079999999999984,42.079999999999984,5.973809504830246,3.9550147740798045,inf,0,0,0,0,-1,inf,0,-1,0,0,7600,0,0,0,2669,4931,1.4511817219769272,3.277277940038073,False
intersection_turn,P4,12018,50,5.0,2.5,18.4100853074642,14.72403780401211,0.009610898588039624,2.2614855272116717e-15,999999999.9999979,42.079999999999984,42.079999999999984,5.973809504830246,3.9550147740798045,inf,0,0,0,0,-1,inf,0,-1,0,0,7600,0,0,0,2669,4931,1.4511817219769272,3.277277940038073,False
intersection_turn,P0,12019,50,5.0,2.5,18.012989551906582,14.72403780401211,0.01049727412642103,2.3607857055726793e-15,999999999.9999976,41.039000000000044,41.039000000000044,7.006819606640333,4.606985977589103,inf,0,0,0,0,-1,inf,0,-1,0,0,7600,0,0,0,2323,5277,1.4940110170676189,3.301075918051497,False
intersection_turn,P1,12019,50,5.0,2.5,17.912864912243112,14.72403780401211,0.01075784246965296,2.3724918240518642e-15,999999999.9999976,40.79999999999998,40.79999999999998,7.24430811050995,4.789682321088468,inf,0,0,0,0,-1,inf,0,-1,0,0,7600,0,0,0,2215,5385,1.4940110170676189,3.301075918051497,False
intersection_turn,P2,12019,50,5.0,2.5,14.411864916615167,5.853582389179884,0.10760411376994988,0.0004005316064769501,999599468.3935231,40.98900000000002,40.965134045505025,7.361407882825348,4.938315987345715,inf,0,0,0,0,-1,inf,0,-1,0,0,7600,2533,0,0,1097,3970,1.4940110170676189,3.301075918051497,False
intersection_turn,P3,12019,50,5.0,2.5,18.012989551906582,14.72403780401211,0.01049727412642103,2.3607857055726793e-15,999999999.9999976,41.039000000000044,41.039000000000044,7.006819606640333,4.606985977589103,inf,0,0,0,0,-1,inf,0,-1,0,0,7600,0,0,0,2323,5277,1.4940110170676189,3.301075918051497,False
intersection_turn,P4,12019,50,5.0,2.5,18.012989551906582,14.72403780401211,0.01049727412642103,2.3607857055726793e-15,999999999.9999976,41.039000000000044,41.039000000000044,7.006819606640333,4.606985977589103,inf,0,0,0,0,-1,inf,0,-1,0,0,7600,0,0,0,2323,5277,1.4940110170676189,3.301075918051497,False
occluding_cut_in,P0,12000,50,5.0,2.5,11.267888282720728,7.327224075401506,0.2107706627715266,0.00021432353040528015,999785676.4695947,17.087302883832308,17.087302883832308,19.431160541768985,11.331044181969368,1.912697116167692,0,0,0,0,-1,inf,0,-1,0,0,7600,182,0,3814,0,3604,1.8530116152646803,4.277157322549461,False
occluding_cut_in,P1,12000,50,5.0,2.5,11.32259098532521,7.330849635099795,0.20818126146480595,0.00021115231607467776,999788847.6839255,17.121780353335417,17.116341439325343,19.431160541768985,11.331044181969368,1.8837879858002218,0,0,0,0,-1,inf,0,-1,0,0,7600,270,0,3750,0,3580,1.8530116152646803,4.277157322549461,False
occluding_cut_in,P2,12000,50,5.0,2.5,11.225860703385898,7.306477124987945,0.21426607060065175,0.00021907488638274686,999780925.1136171,17.096720715219107,17.093275839460258,19.431160541768985,11.331044181969368,1.9098437800511956,0,0,0,0,-1,inf,0,-1,0,0,7600,221,0,3779,0,3600,1.8530116152646803,4.277157322549461,False
occluding_cut_in,P3,12000,50,5.0,2.5,11.225860703385898,7.306477124987945,0.21426607060065175,0.00021907488638274686,999780925.1136171,17.096720715219107,17.093275839460258,19.431160541768985,11.331044181969368,1.9098437800511956,0,0,0,0,-1,inf,0,-1,0,0,7600,221,0,3779,0,3600,1.8530116152646803,4.277157322549461,False
occluding_cut_in,P4,12000,50,5.0,2.5,11.267888282720728,7.327224075401506,0.2107706627715266,0.00021432353040528015,999785676.4695947,17.087302883832308,17.087302883832308,19.431160541768985,11.331044181969368,1.912697116167692,0,0,0,0,-1,inf,0,-1,0,0,7600,182,0,3814,0,3604,1.8530116152646803,4.277157322549461,False
occluding_cut_in,P0,12001,50,5.0,2.5,11.267888282720728,7.327224075401506,0.2107706627715266,0.00021432353040528015,999785676.4695947,17.087302883832308,17.087302883832308,19.431160541768985,11.331044181969368,1.912697116167692,0,0,0,0,-1,inf,0,-1,0,0,7600,182,0,3814,0,3604,1.839376403080066,4.253035118191845,False
occluding_cut_in,P1,12001,50,5.0,2.5,11.32259098532521,7.330849635099795,0.20818126146480595,0.00021115231607467776,999788847.6839255,17.121780353335417,17.116341439325343,19.431160541768985,11.331044181969368,1.8837879858002218,0,0,0,0,-1,inf,0,-1,0,0,7600,270,0,3750,0,3580,1.839376403080066,4.253035118191845,False
occluding_cut_in,P2,12001,50,5.0,2.5,11.282156749901992,7.339083015449275,0.20979903336939157,0.0002104442857797887,999789555.7142202,17.087302883832308,17.086495692957413,19.431160541768985,11.331044181969368,1.9135048985407561,0,0,0,0,-1,inf,0,-1,0,0,7600,195,0,3801,0,3604,1.839376403080066,4.253035118191845,False
occluding_cut_in,P3,12001,50,5.0,2.5,11.271959506513124,7.335881601140441,0.21027690254954082,0.00021045185835408037,999789548.1416459,17.087302883832308,17.087194917016916,19.431160541768985,11.331044181969368,1.9128245916561997,0,0,0,0,-1,inf,0,-1,0,0,7600,182,0,3814,0,3604,1.839376403080066,4.253035118191845,False
occluding_cut_in,P4,12001,50,5.0,2.5,11.267888282720728,7.327224075401506,0.2107706627715266,0.00021432353040528015,999785676.4695947,17.087302883832308,17.087302883832308,19.431160541768985,11.331044181969368,1.912697116167692,0,0,0,0,-1,inf,0,-1,0,0,7600,182,0,3814,0,3604,1.839376403080066,4.253035118191845,False
occluding_cut_in,P0,12002,50,5.0,2.5,11.267888282720728,7.327224075401506,0.2107706627715266,0.00021432353040528015,999785676.4695947,17.087302883832308,17.087302883832308,19.431160541768985,11.331044181969368,1.912697116167692,0,0,0,0,-1,inf,0,-1,0,0,7600,182,0,3814,0,3604,1.8511400055167602,4.2412543982591036,False
occluding_cut_in,P1,12002,50,5.0,2.5,11.317753207123207,7.34224651504949,0.20797865754746134,0.00020809445996341938,999791905.5400367,17.121780353335417,17.117000901250513,19.431160541768985,11.331044181969368,1.8831258715027146,0,0,0,0,-1,inf,0,-1,0,0,7600,258,0,3762,0,3580,1.8511400055167602,4.2412543982591036,False
occluding_cut_in,P2,12002,50,5.0,2.5,11.225860703385898,7.306477124987945,0.21426607060065175,0.00021907488638274686,999780925.1136171,17.096720715219107,17.093275839460258,19.431160541768985,11.331044181969368,1.9098437800511956,0,0,0,0,-1,inf,0,-1,0,0,7600,221,0,3779,0,3600,1.8511400055167602,4.2412543982591036,False
occluding_cut_in,P3,12002,50,5.0,2.5,11.225860703385898,7.306477124987945,0.21426607060065175,0.00021907488638274686,999780925.1136171,17.096720715219107,17.093275839460258,19.431160541768985,11.331044181969368,1.9098437800511956,0,0,0,0,-1,inf,0,-1,0,0,7600,221,0,3779,0,3600,1.8511400055167602,4.2412543982591036,False
occluding_cut_in,P4,12002,50,5.0,2.5,11.267888282720728,7.327224075401506,0.2107706627715266,0.00021432353040528015,999785676.4695947,17.087302883832308,17.087302883832308,19.431160541768985,11.331044181969368,1.912697116167692,0,0,0,0,-1,inf,0,-1,0,0,7600,182,0,3814,0,3604,1.8511400055167602,4.2412543982591036,False
occluding_cut_in,P0,12003,50,5.0,2.5,11.267888282720728,7.327224075401506,0.2107706627715266,0.00021432353040528015,999785676.4695947,17.087302883832308,17.087302883832308,19.431160541768985,11.331044181969368,1.912697116167692,0,0,0,0,-1,inf,0,-1,0,0,7600,182,0,3814,0,3604,1.8438080058530295,4.147854103976422,False
occluding_cut_in,P1,12003,50,5.0,2.5,11.326417529797562,7.319765403233969,0.20844227475307264,0.00021422358668181637,999785776.4133182,17.12178035333541,17.115760141865753,19.431160541768985,11.331044181969368,1.8844060385324797,0,0,0,0,-1,inf,0,-1,0,0,7600,295,0,3725,0,3580,1.8438080058530295,4.147854103976422,False
occluding_cut_in,P2,12003,50,5.0,2.5,11.293166311522455,7.345059159874626,0.2091792288500988,0.0002083999505940377,999791600.0494059,17.08730288383232,17.085739932297194,19.431160541768985,11.331044181969368,1.9142604347966024,0,0,0,0,-1,inf,0,-1,0,0,7600,210,0,3786,0,3604,1.8438080058530295,4.147854103976422,False
occluding_cut_in,P3,12003,50,5.0,2.5,11.271959506513124,7.335881601140441,0.21027690254954082,0.00021045185835408037,999789548.1416459,17.087302883832308,17.087194917016916,19.431160541768985,11.331044181969368,1.9128245916561997,0,0,0,0,-1,inf,0,-1,0,0,7600,182,0,3814,0,3604,1.8438080058530295,4.147854103976422,False
occluding_cut_in,P4,12003,50,5.0,2.5,11.267888282720728,7.327224075401506,0.2107706627715266,0.00021432353040528015,999785676.4695947,17.087302883832308,17.087302883832308,19.431160541768985,11.331044181969368,1.912697116167692,0,0,0,0,-1,inf,0,-1,0,0,7600,182,0,3814,0,3604,1.8438080058530295,4.147854103976422,False
occluding_cut_in,P0,12004,50,5.0,2.5,11.267888282720728,7.327224075401506,0.2107706627715266,0.00021432353040528015,999785676.4695947,17.087302883832308,17.087302883832308,19.431160541768985,11.331044181969368,1.912697116167692,0,0,0,0,-1,inf,0,-1,0,0,7600,182,0,3814,0,3604,1.7939331977357644,4.227692118242271,False
occluding_cut_in,P1,12004,50,5.0,2.5,11.330542028345441,7.3466437559200495,0.2079361223944305,0.0002081010537113367,999791898.9462886,17.121780353335417,17.115973467558156,19.431160541768985,11.331044181969368,1.8843586929951255,0,0,0,0,-1,inf,0,-1,0,0,7600,295,0,3725,0,3580,1.7939331977357644,4.227692118242271,False
occluding_cut_in,P2,12004,50,5.0,2.5,11.304662266597454,7.351504675742082,0.20837432312261125,0.00020585025197970033,999794149.7480203,17.109263734065536,17.106786860918128,19.431160541768985,11.331044181969368,1.8932202090741326,0,0,0,0,-1,inf,0,-1,0,0,7600,219,0,3790,0,3591,1.7939331977357644,4.227692118242271,False
occluding_cut_in,P3,12004,50,5.0,2.5,11.271959506513124,7.335881601140441,0.21027690254954082,0.00021045185835408037,999789548.1416459,17.087302883832308,17.087194917016916,19.431160541768985,11.331044181969368,1.9128245916561997,0,0,0,0,-1,inf,0,-1,0,0,7600,182,0,3814,0,3604,1.7939331977357644,4.227692118242271,False
occluding_cut_in,P4,12004,50,5.0,2.5,11.267888282720728,7.327224075401506,0.2107706627715266,0.00021432353040528015,999785676.4695947,17.087302883832308,17.087302883832308,19.431160541768985,11.331044181969368,1.912697116167692,0,0,0,0,-1,inf,0,-1,0,0,7600,182,0,3814,0,3604,1.7939331977357644,4.227692118242271,False
occluding_cut_in,P0,12005,50,5.0,2.5,11.267888282720728,7.327224075401506,0.2107706627715266,0.00021432353040528015,999785676.4695947,17.087302883832308,17.087302883832308,19.431160541768985,11.331044181969368,1.912697116167692,0,0,0,0,-1,inf,0,-1,0,0,7600,182,0,3814,0,3604,1.8554791754421718,4.207124462402721,False
occluding_cut_in,P1,12005,50,5.0,2.5,11.323929889722908,7.33746240387935,0.2079504854985344,0.00020935444522376598,999790645.5547763,17.121780353335428,17.11653427941325,19.43013353196599,11.331044181969368,1.8836732888752445,0,0,0,0,-1,inf,0,-1,0,0,7600,282,0,3740,0,3578,1.8554791754421718,4.207124462402721,False
occluding_cut_in,P2,12005,50,5.0,2.5,11.228614066528687,7.300354009098931,0.21450229470560145,0.00022090388589893185,999779096.1141013,17.096720715219114,17.092630514779742,19.43013353196599,11.331044181969368,1.910067044276711,0,0,0,0,-1,inf,0,-1,0,0,7600,250,0,3754,0,3596,1.8554791754421718,4.207124462402721,False
occluding_cut_in,P3,12005,50,5.0,2.5,11.225860703385898,7.306477124987945,0.21426607060065175,0.00021907488638274686,999780925.1136171,17.096720715219107,17.093275839460258,19.431160541768985,11.331044181969368,1.9098437800511956,0,0,0,0,-1,inf,0,-1,0,0,7600,221,0,3779,0,3600,1.8554791754421718,4.207124462402721,False
occluding_cut_in,P4,12005,50,5.0,2.5,11.267888282720728,7.327224075401506,0.2107706627715266,0.00021432353040528015,999785676.4695947,17.087302883832308,17.087302883832308,19.431160541768985,11.331044181969368,1.912697116167692,0,0,0,0,-1,inf,0,-1,0,0,7600,182,0,3814,0,3604,1.8554791754421718,4.207124462402721,False
occluding_cut_in,P0,12006,50,5.0,2.5,11.267888282720728,7.327224075401506,0.2107706627715266,0.00021432353040528015,999785676.4695947,17.087302883832308,17.087302883832308,19.431160541768985,11.331044181969368,1.912697116167692,0,0,0,0,-1,inf,0,-1,0,0,7600,182,0,3814,0,3604,1.783652598642224,4.172091266568451,False
occluding_cut_in,P1,12006,50,5.0,2.5,11.31744621564497,7.34583941902452,0.20792576471881422,0.0002071656600921934,999792834.339908,17.121780353335417,17.117127084401904,19.431160541768985,11.331044181969368,1.8830578660570314,0,0,0,0,-1,inf,0,-1,0,0,7600,266,0,3753,0,3581,1.783652598642224,4.172091266568451,False
occluding_cut_in,P2,12006,50,5.0,2.5,11.277576899286018,7.332354824585808,0.21030162012870104,0.00021267207853304293,999787327.921467,17.087302883832322,17.086774099891596,19.430073758811165,11.331044181969368,1.9132360633659076,0,0,0,0,-1,inf,0,-1,0,0,7600,209,0,3787,0,3604,1.783652598642224,4.172091266568451,False
occluding_cut_in,P3,12006,50,5.0,2.5,11.271959506513124,7.335881601140441,0.21027690254954082,0.00021045185835408037,999789548.1416459,17.087302883832308,17.087194917016916,19.431160541768985,11.331044181969368,1.9128245916561997,0,0,0,0,-1,inf,0,-1,0,0,7600,182,0,3814,0,3604,1.783652598642224,4.172091266568451,False
occluding_cut_in,P4,12006,50,5.0,2.5,11.267888282720728,7.327224075401506,0.2107706627715266,0.00021432353040528015,999785676.4695947,17.087302883832308,17.087302883832308,19.431160541768985,11.331044181969368,1.912697116167692,0,0,0,0,-1,inf,0,-1,0,0,7600,182,0,3814,0,3604,1.783652598642224,4.172091266568451,False
occluding_cut_in,P0,12007,50,5.0,2.5,11.267888282720728,7.327224075401506,0.2107706627715266,0.00021432353040528015,999785676.4695947,17.087302883832308,17.087302883832308,19.431160541768985,11.331044181969368,1.912697116167692,0,0,0,0,-1,inf,0,-1,0,0,7600,182,0,3814,0,3604,1.9021316891843185,4.158357619485676,False
occluding_cut_in,P1,12007,50,5.0,2.5,11.32259098532521,7.330849635099795,0.20818126146480595,0.00021115231607467776,999788847.6839255,17.121780353335417,17.116341439325343,19.431160541768985,11.331044181969368,1.8837879858002218,0,0,0,0,-1,inf,0,-1,0,0,7600,270,0,3750,0,3580,1.9021316891843185,4.158357619485676,False
occluding_cut_in,P2,12007,50,5.0,2.5,11.228614066528687,7.300354009098931,0.21450229470560145,0.00022090388589893185,999779096.1141013,17.096720715219114,17.092630514779742,19.43013353196599,11.331044181969368,1.910067044276711,0,0,0,0,-1,inf,0,-1,0,0,7600,250,0,3754,0,3596,1.9021316891843185,4.158357619485676,False
occluding_cut_in,P3,12007,50,5.0,2.5,11.225860703385898,7.306477124987945,0.21426607060065175,0.00021907488638274686,999780925.1136171,17.096720715219107,17.093275839460258,19.431160541768985,11.331044181969368,1.9098437800511956,0,0,0,0,-1,inf,0,-1,0,0,7600,221,0,3779,0,3600,1.9021316891843185,4.158357619485676,False
occluding_cut_in,P4,12007,50,5.0,2.5,11.267888282720728,7.327224075401506,0.2107706627715266,0.00021432353040528015,999785676.4695947,17.087302883832308,17.087302883832308,19.431160541768985,11.331044181969368,1.912697116167692,0,0,0,0,-1,inf,0,-1,0,0,7600,182,0,3814,0,3604,1.9021316891843185,4.158357619485676,False
occluding_cut_in,P0,12008,50,5.0,2.5,11.267888282720728,7.327224075401506,0.2107706627715266,0.00021432353040528015,999785676.4695947,17.087302883832308,17.087302883832308,19.431160541768985,11.331044181969368,1.912697116167692,0,0,0,0,-1,inf,0,-1,0,0,7600,182,0,3814,0,3604,1.8287972323811164,4.285369501392548,False
occluding_cut_in,P1,12008,50,5.0,2.5,11.317783592570613,7.340924320324938,0.20800412073676305,0.00020844263878270109,999791557.3612175,17.121780353335406,17.116962367430588,19.431160541768985,11.331044181969368,1.88314773956537,0,0,0,0,-1,inf,0,-1,0,0,7600,257,0,3763,0,3580,1.8287972323811164,4.285369501392548,False
occluding_cut_in,P2,12008,50,5.0,2.5,11.271959506513124,7.335881601140441,0.21027690254954082,0.00021045185835408037,999789548.1416459,17.087302883832308,17.087194917016916,19.431160541768985,11.331044181969368,1.9128245916561997,0,0,0,0,-1,inf,0,-1,0,0,7600,182,0,3814,0,3604,1.8287972323811164,4.285369501392548,False
occluding_cut_in,P3,12008,50,5.0,2.5,11.257199423301138,7.273733856146152,0.21206156064236167,0.00022808005852821168,999771919.9414717,17.08730288383231,17.086714965745724,19.431160541768985,11.331044181969368,1.9135034068202357,0,0,0,0,-1,inf,0,-1,0,0,7600,194,0,3802,0,3604,1.8287972323811164,4.285369501392548,False
occluding_cut_in,P4,12008,50,5.0,2.5,11.267888282720728,7.327224075401506,0.2107706627715266,0.00021432353040528015,999785676.4695947,17.087302883832308,17.087302883832308,19.431160541768985,11.331044181969368,1.912697116167692,0,0,0,0,-1,inf,0,-1,0,0,7600,182,0,3814,0,3604,1.8287972323811164,4.285369501392548,False
occluding_cut_in,P0,12009,50,5.0,2.5,11.267888282720728,7.327224075401506,0.2107706627715266,0.00021432353040528015,999785676.4695947,17.087302883832308,17.087302883832308,19.431160541768985,11.331044181969368,1.912697116167692,0,0,0,0,-1,inf,0,-1,0,0,7600,182,0,3814,0,3604,1.819660410516981,4.204699872992078,False
occluding_cut_in,P1,12009,50,5.0,2.5,11.279402230947529,7.3325272748345185,0.21008453913158626,0.00021127208617207884,999788727.9138278,17.087302883832304,17.08671813657334,19.43013353196599,11.331044181969368,1.9132821182943816,0,0,0,0,-1,inf,0,-1,0,0,7600,211,0,3789,0,3600,1.819660410516981,4.204699872992078,False
occluding_cut_in,P2,12009,50,5.0,2.5,11.279402230947529,7.3325272748345185,0.21008453913158626,0.00021127208617207884,999788727.9138278,17.087302883832304,17.08671813657334,19.43013353196599,11.331044181969368,1.9132821182943816,0,0,0,0,-1,inf,0,-1,0,0,7600,211,0,3789,0,3600,1.819660410516981,4.204699872992078,False
occluding_cut_in,P3,12009,50,5.0,2.5,11.272727078473352,7.347277451802598,0.21016357905894725,0.00020785407926597092,999792145.920734,17.087302883832304,17.086958375649086,19.431160541768985,11.331044181969368,1.913149005085399,0,0,0,0,-1,inf,0,-1,0,0,7600,191,0,3805,0,3604,1.819660410516981,4.204699872992078,False
occluding_cut_in,P4,12009,50,5.0,2.5,11.267888282720728,7.327224075401506,0.2107706627715266,0.00021432353040528015,999785676.4695947,17.087302883832308,17.087302883832308,19.431160541768985,11.331044181969368,1.912697116167692,0,0,0,0,-1,inf,0,-1,0,0,7600,182,0,3814,0,3604,1.819660410516981,4.204699872992078,False
occluding_cut_in,P0,12010,50,5.0,2.5,11.267888282720728,7.327224075401506,0.2107706627715266,0.00021432353040528015,999785676.4695947,17.087302883832308,17.087302883832308,19.431160541768985,11.331044181969368,1.912697116167692,0,0,0,0,-1,inf,0,-1,0,0,7600,182,0,3814,0,3604,1.7473953531062045,4.054540145324168,False
occluding_cut_in,P1,12010,50,5.0,2.5,11.32259098532521,7.330849635099795,0.20818126146480595,0.00021115231607467776,999788847.6839255,17.121780353335417,17.116341439325343,19.431160541768985,11.331044181969368,1.8837879858002218,0,0,0,0,-1,inf,0,-1,0,0,7600,270,0,3750,0,3580,1.7473953531062045,4.054540145324168,False
occluding_cut_in,P2,12010,50,5.0,2.5,11.267888282720728,7.327224075401506,0.2107706627715266,0.00021432353040528015,999785676.4695947,17.087302883832308,17.087302883832308,19.431160541768985,11.331044181969368,1.912697116167692,0,0,0,0,-1,inf,0,-1,0,0,7600,182,0,3814,0,3604,1.7473953531062045,4.054540145324168,False
occluding_cut_in,P3,12010,50,5.0,2.5,11.271755487271896,7.334259161228186,0.21030210393144963,0.00021079719794503822,999789202.802055,17.079263734065538,17.07915741619279,19.431160541768985,11.331044181969368,1.9208614490774019,0,0,0,0,-1,inf,0,-1,0,0,7600,181,0,3815,0,3604,1.7473953531062045,4.054540145324168,False
occluding_cut_in,P4,12010,50,5.0,2.5,11.267888282720728,7.327224075401506,0.2107706627715266,0.00021432353040528015,999785676.4695947,17.087302883832308,17.087302883832308,19.431160541768985,11.331044181969368,1.912697116167692,0,0,0,0,-1,inf,0,-1,0,0,7600,182,0,3814,0,3604,1.7473953531062045,4.054540145324168,False
occluding_cut_in,P0,12011,50,5.0,2.5,11.267888282720728,7.327224075401506,0.2107706627715266,0.00021432353040528015,999785676.4695947,17.087302883832308,17.087302883832308,19.431160541768985,11.331044181969368,1.912697116167692,0,0,0,0,-1,inf,0,-1,0,0,7600,182,0,3814,0,3604,1.8783856567021042,4.321464687102339,False
occluding_cut_in,P1,12011,50,5.0,2.5,11.329673852016835,7.308297328394994,0.20874687184628107,0.00021747211789432654,999782527.8821057,17.121780353335428,17.115217134114186,19.431160541768985,11.331044181969368,1.885005814258689,0,0,0,0,-1,inf,0,-1,0,0,7600,316,0,3702,0,3582,1.8783856567021042,4.321464687102339,False
occluding_cut_in,P2,12011,50,5.0,2.5,11.234115978422913,7.347532739074193,0.2132565692115898,0.0002082773269617516,999791722.6730384,17.09672071521911,17.09343247158598,19.431160541768985,11.331044181969368,1.9092338673411526,0,0,0,0,-1,inf,0,-1,0,0,7600,216,0,3784,0,3600,1.8783856567021042,4.321464687102339,False
occluding_cut_in,P3,12011,50,5.0,2.5,11.225860703385898,7.306477124987945,0.21426607060065175,0.00021907488638274686,999780925.1136171,17.096720715219107,17.093275839460258,19.431160541768985,11.331044181969368,1.9098437800511956,0,0,0,0,-1,inf,0,-1,0,0,7600,221,0,3779,0,3600,1.8783856567021042,4.321464687102339,False
occluding_cut_in,P4,12011,50,5.0,2.5,11.267888282720728,7.327224075401506,0.2107706627715266,0.00021432353040528015,999785676.4695947,17.087302883832308,17.087302883832308,19.431160541768985,11.331044181969368,1.912697116167692,0,0,0,0,-1,inf,0,-1,0,0,7600,182,0,3814,0,3604,1.8783856567021042,4.321464687102339,False
occluding_cut_in,P0,12012,50,5.0,2.5,11.267888282720728,7.327224075401506,0.2107706627715266,0.00021432353040528015,999785676.4695947,17.087302883832308,17.087302883832308,19.431160541768985,11.331044181969368,1.912697116167692,0,0,0,0,-1,inf,0,-1,0,0,7600,182,0,3814,0,3604,1.6778256722655371,3.9811394483862306,False
occluding_cut_in,P1,12012,50,5.0,2.5,11.178614368321243,7.349712723624069,0.21459116985008658,0.00020643489525510282,999793565.1047449,17.14353720412902,17.133991580734083,19.431160541768985,11.331044181969368,1.8672446868865649,0,0,0,0,-1,inf,0,-1,0,0,7600,285,0,3734,0,3581,1.6778256722655371,3.9811394483862306,False
occluding_cut_in,P2,12012,50,5.0,2.5,11.234115978422913,7.347532739074193,0.2132565692115898,0.0002082773269617516,999791722.6730384,17.09672071521911,17.09343247158598,19.431160541768985,11.331044181969368,1.9092338673411526,0,0,0,0,-1,inf,0,-1,0,0,7600,216,0,3784,0,3600,1.6778256722655371,3.9811394483862306,False
occluding_cut_in,P3,12012,50,5.0,2.5,11.272727078473352,7.347277451802598,0.21016357905894725,0.00020785407926597092,999792145.920734,17.087302883832304,17.086958375649086,19.431160541768985,11.331044181969368,1.913149005085399,0,0,0,0,-1,inf,0,-1,0,0,7600,191,0,3805,0,3604,1.6778256722655371,3.9811394483862306,False
occluding_cut_in,P4,12012,50,5.0,2.5,11.267888282720728,7.327224075401506,0.2107706627715266,0.00021432353040528015,999785676.4695947,17.087302883832308,17.087302883832308,19.431160541768985,11.331044181969368,1.912697116167692,0,0,0,0,-1,inf,0,-1,0,0,7600,182,0,3814,0,3604,1.6778256722655371,3.9811394483862306,False
occluding_cut_in,P0,12013,50,5.0,2.5,11.267888282720728,7.327224075401506,0.2107706627715266,0.00021432353040528015,999785676.4695947,17.087302883832308,17.087302883832308,19.431160541768985,11.331044181969368,1.912697116167692,0,0,0,0,-1,inf,0,-1,0,0,7600,182,0,3814,0,3604,1.853860524193201,4.203499510967257,False
occluding_cut_in,P1,12013,50,5.0,2.5,11.279704603516379,7.346397526329796,0.2100100123135853,0.00020808701946142477,999791912.9805385,17.0873028838323,17.08646209581056,19.43013353196599,11.331044181969368,1.9135795070334352,0,0,0,0,-1,inf,0,-1,0,0,7600,220,0,3780,0,3600,1.853860524193201,4.203499510967257,False
occluding_cut_in,P2,12013,50,5.0,2.5,11.279704603516379,7.346397526329796,0.2100100123135853,0.00020808701946142477,999791912.9805385,17.0873028838323,17.08646209581056,19.43013353196599,11.331044181969368,1.9135795070334352,0,0,0,0,-1,inf,0,-1,0,0,7600,220,0,3780,0,3600,1.853860524193201,4.203499510967257,False
occluding_cut_in,P3,12013,50,5.0,2.5,11.262544596352384,7.265809620764898,0.21210737669105537,0.00023045853746672562,999769541.4625331,17.087302883832308,17.08620420453665,19.43013353196599,11.331044181969368,1.9139138373262345,0,0,0,0,-1,inf,0,-1,0,0,7600,223,0,3777,0,3600,1.853860524193201,4.203499510967257,False
occluding_cut_in,P4,12013,50,5.0,2.5,11.267888282720728,7.327224075401506,0.2107706627715266,0.00021432353040528015,999785676.4695947,17.087302883832308,17.087302883832308,19.431160541768985,11.331044181969368,1.912697116167692,0,0,0,0,-1,inf,0,-1,0,0,7600,182,0,3814,0,3604,1.853860524193201,4.203499510967257,False
occluding_cut_in,P0,12014,50,5.0,2.5,11.267888282720728,7.327224075401506,0.2107706627715266,0.00021432353040528015,999785676.4695947,17.087302883832308,17.087302883832308,19.431160541768985,11.331044181969368,1.912697116167692,0,0,0,0,-1,inf,0,-1,0,0,7600,182,0,3814,0,3604,1.9396177277323168,4.462337188227592,False
occluding_cut_in,P1,12014,50,5.0,2.5,11.293166311522455,7.345059159874626,0.2091792288500988,0.0002083999505940377,999791600.0494059,17.08730288383232,17.085739932297194,19.431160541768985,11.331044181969368,1.9142604347966024,0,0,0,0,-1,inf,0,-1,0,0,7600,210,0,3786,0,3604,1.9396177277323168,4.462337188227592,False
occluding_cut_in,P2,12014,50,5.0,2.5,11.234115978422913,7.347532739074193,0.2132565692115898,0.0002082773269617516,999791722.6730384,17.09672071521911,17.09343247158598,19.431160541768985,11.331044181969368,1.9092338673411526,0,0,0,0,-1,inf,0,-1,0,0,7600,216,0,3784,0,3600,1.9396177277323168,4.462337188227592,False
occluding_cut_in,P3,12014,50,5.0,2.5,11.234115978422913,7.347532739074193,0.2132565692115898,0.0002082773269617516,999791722.6730384,17.09672071521911,17.09343247158598,19.431160541768985,11.331044181969368,1.9092338673411526,0,0,0,0,-1,inf,0,-1,0,0,7600,216,0,3784,0,3600,1.9396177277323168,4.462337188227592,False
occluding_cut_in,P4,12014,50,5.0,2.5,11.267888282720728,7.327224075401506,0.2107706627715266,0.00021432353040528015,999785676.4695947,17.087302883832308,17.087302883832308,19.431160541768985,11.331044181969368,1.912697116167692,0,0,0,0,-1,inf,0,-1,0,0,7600,182,0,3814,0,3604,1.9396177277323168,4.462337188227592,False
occluding_cut_in,P0,12015,50,5.0,2.5,11.267888282720728,7.327224075401506,0.2107706627715266,0.00021432353040528015,999785676.4695947,17.087302883832308,17.087302883832308,19.431160541768985,11.331044181969368,1.912697116167692,0,0,0,0,-1,inf,0,-1,0,0,7600,182,0,3814,0,3604,1.8158432384241212,4.197884232478916,False
occluding_cut_in,P1,12015,50,5.0,2.5,11.32259098532521,7.330849635099795,0.20818126146480595,0.00021115231607467776,999788847.6839255,17.121780353335417,17.116341439325343,19.431160541768985,11.331044181969368,1.8837879858002218,0,0,0,0,-1,inf,0,-1,0,0,7600,270,0,3750,0,3580,1.8158432384241212,4.197884232478916,False
occluding_cut_in,P2,12015,50,5.0,2.5,11.304662266597454,7.351504675742082,0.20837432312261125,0.00020585025197970033,999794149.7480203,17.109263734065536,17.106786860918128,19.431160541768985,11.331044181969368,1.8932202090741326,0,0,0,0,-1,inf,0,-1,0,0,7600,219,0,3790,0,3591,1.8158432384241212,4.197884232478916,False
occluding_cut_in,P3,12015,50,5.0,2.5,11.272727078473352,7.347277451802598,0.21016357905894725,0.00020785407926597092,999792145.920734,17.087302883832304,17.086958375649086,19.431160541768985,11.331044181969368,1.913149005085399,0,0,0,0,-1,inf,0,-1,0,0,7600,191,0,3805,0,3604,1.8158432384241212,4.197884232478916,False
occluding_cut_in,P4,12015,50,5.0,2.5,11.267888282720728,7.327224075401506,0.2107706627715266,0.00021432353040528015,999785676.4695947,17.087302883832308,17.087302883832308,19.431160541768985,11.331044181969368,1.912697116167692,0,0,0,0,-1,inf,0,-1,0,0,7600,182,0,3814,0,3604,1.8158432384241212,4.197884232478916,False
occluding_cut_in,P0,12016,50,5.0,2.5,11.267888282720728,7.327224075401506,0.2107706627715266,0.00021432353040528015,999785676.4695947,17.087302883832308,17.087302883832308,19.431160541768985,11.331044181969368,1.912697116167692,0,0,0,0,-1,inf,0,-1,0,0,7600,182,0,3814,0,3604,1.8614445409121583,4.267729266258325,False
occluding_cut_in,P1,12016,50,5.0,2.5,11.323929889722908,7.33746240387935,0.2079504854985344,0.00020935444522376598,999790645.5547763,17.121780353335428,17.11653427941325,19.43013353196599,11.331044181969368,1.8836732888752445,0,0,0,0,-1,inf,0,-1,0,0,7600,282,0,3740,0,3578,1.8614445409121583,4.267729266258325,False
occluding_cut_in,P2,12016,50,5.0,2.5,11.276963380877083,7.330914167477342,0.21037900968694642,0.00021314547187283378,999786854.5281272,17.087302883832308,17.08684058791738,19.43013353196599,11.331044181969368,1.913174713293892,0,0,0,0,-1,inf,0,-1,0,0,7600,211,0,3789,0,3600,1.8614445409121583,4.267729266258325,False
occluding_cut_in,P3,12016,50,5.0,2.5,11.267888282720728,7.327224075401506,0.2107706627715266,0.00021432353040528015,999785676.4695947,17.087302883832308,17.087302883832308,19.431160541768985,11.331044181969368,1.912697116167692,0,0,0,0,-1,inf,0,-1,0,0,7600,182,0,3814,0,3604,1.8614445409121583,4.267729266258325,False
occluding_cut_in,P4,12016,50,5.0,2.5,11.267888282720728,7.327224075401506,0.2107706627715266,0.00021432353040528015,999785676.4695947,17.087302883832308,17.087302883832308,19.431160541768985,11.331044181969368,1.912697116167692,0,0,0,0,-1,inf,0,-1,0,0,7600,182,0,3814,0,3604,1.8614445409121583,4.267729266258325,False
occluding_cut_in,P0,12017,50,5.0,2.5,11.267888282720728,7.327224075401506,0.2107706627715266,0.00021432353040528015,999785676.4695947,17.087302883832308,17.087302883832308,19.431160541768985,11.331044181969368,1.912697116167692,0,0,0,0,-1,inf,0,-1,0,0,7600,182,0,3814,0,3604,1.7983749267244453,4.152015182844185,False
occluding_cut_in,P1,12017,50,5.0,2.5,11.323929889722908,7.33746240387935,0.2079504854985344,0.00020935444522376598,999790645.5547763,17.121780353335428,17.11653427941325,19.43013353196599,11.331044181969368,1.8836732888752445,0,0,0,0,-1,inf,0,-1,0,0,7600,282,0,3740,0,3578,1.7983749267244453,4.152015182844185,False
occluding_cut_in,P2,12017,50,5.0,2.5,11.279402230947529,7.3325272748345185,0.21008453913158626,0.00021127208617207884,999788727.9138278,17.087302883832304,17.08671813657334,19.43013353196599,11.331044181969368,1.9132821182943816,0,0,0,0,-1,inf,0,-1,0,0,7600,211,0,3789,0,3600,1.7983749267244453,4.152015182844185,False
occluding_cut_in,P3,12017,50,5.0,2.5,11.271959506513124,7.335881601140441,0.21027690254954082,0.00021045185835408037,999789548.1416459,17.087302883832308,17.087194917016916,19.431160541768985,11.331044181969368,1.9128245916561997,0,0,0,0,-1,inf,0,-1,0,0,7600,182,0,3814,0,3604,1.7983749267244453,4.152015182844185,False
occluding_cut_in,P4,12017,50,5.0,2.5,11.267888282720728,7.327224075401506,0.2107706627715266,0.00021432353040528015,999785676.4695947,17.087302883832308,17.087302883832308,19.431160541768985,11.331044181969368,1.912697116167692,0,0,0,0,-1,inf,0,-1,0,0,7600,182,0,3814,0,3604,1.7983749267244453,4.152015182844185,False
occluding_cut_in,P0,12018,50,5.0,2.5,11.267888282720728,7.327224075401506,0.2107706627715266,0.00021432353040528015,999785676.4695947,17.087302883832308,17.087302883832308,19.431160541768985,11.331044181969368,1.912697116167692,0,0,0,0,-1,inf,0,-1,0,0,7600,182,0,3814,0,3604,1.7981876681929199,4.123016403908623,False
occluding_cut_in,P1,12018,50,5.0,2.5,11.332635162965522,7.2968468754087175,0.20906811882705212,0.00022077520280912,999779224.797191,17.121780353335417,17.114710306963037,19.431160541768985,11.331044181969368,1.885592952331776,0,0,0,0,-1,inf,0,-1,0,0,7600,351,0,3667,0,3582,1.7981876681929199,4.123016403908623,False
occluding_cut_in,P2,12018,50,5.0,2.5,11.285993691216454,7.30833693068272,0.21004580967076453,0.00021764251711441334,999782357.4828857,17.08730288383231,17.08560516159999,19.431160541768985,11.331044181969368,1.9144130276938296,0,0,0,0,-1,inf,0,-1,0,0,7600,215,0,3781,0,3604,1.7981876681929199,4.123016403908623,False
occluding_cut_in,P3,12018,50,5.0,2.5,11.271959506513124,7.335881601140441,0.21027690254954082,0.00021045185835408037,999789548.1416459,17.087302883832308,17.087194917016916,19.431160541768985,11.331044181969368,1.9128245916561997,0,0,0,0,-1,inf,0,-1,0,0,7600,182,0,3814,0,3604,1.7981876681929199,4.123016403908623,False
occluding_cut_in,P4,12018,50,5.0,2.5,11.267888282720728,7.327224075401506,0.2107706627715266,0.00021432353040528015,999785676.4695947,17.087302883832308,17.087302883832308,19.431160541768985,11.331044181969368,1.912697116167692,0,0,0,0,-1,inf,0,-1,0,0,7600,182,0,3814,0,3604,1.7981876681929199,4.123016403908623,False
occluding_cut_in,P0,12019,50,5.0,2.5,11.267888282720728,7.327224075401506,0.2107706627715266,0.00021432353040528015,999785676.4695947,17.087302883832308,17.087302883832308,19.431160541768985,11.331044181969368,1.912697116167692,0,0,0,0,-1,inf,0,-1,0,0,7600,182,0,3814,0,3604,1.8197781026011992,4.104613483036919,False
occluding_cut_in,P1,12019,50,5.0,2.5,11.330542028345441,7.3466437559200495,0.2079361223944305,0.0002081010537113367,999791898.9462886,17.121780353335417,17.115973467558156,19.431160541768985,11.331044181969368,1.8843586929951255,0,0,0,0,-1,inf,0,-1,0,0,7600,295,0,3725,0,3580,1.8197781026011992,4.104613483036919,False
occluding_cut_in,P2,12019,50,5.0,2.5,11.300967259640549,7.34609500698083,0.20892083246936025,0.00020801564955933913,999791984.3504406,17.087302883832315,17.085275650404522,19.43013353196599,11.331044181969368,1.9147352770743513,0,0,0,0,-1,inf,0,-1,0,0,7600,236,0,3764,0,3600,1.8197781026011992,4.104613483036919,False
occluding_cut_in,P3,12019,50,5.0,2.5,11.271755487271896,7.334259161228186,0.21030210393144963,0.00021079719794503822,999789202.802055,17.079263734065538,17.07915741619279,19.431160541768985,11.331044181969368,1.9208614490774019,0,0,0,0,-1,inf,0,-1,0,0,7600,181,0,3815,0,3604,1.8197781026011992,4.104613483036919,False
occluding_cut_in,P4,12019,50,5.0,2.5,11.267888282720728,7.327224075401506,0.2107706627715266,0.00021432353040528015,999785676.4695947,17.087302883832308,17.087302883832308,19.431160541768985,11.331044181969368,1.912697116167692,0,0,0,0,-1,inf,0,-1,0,0,7600,182,0,3814,0,3604,1.8197781026011992,4.104613483036919,False
