scenario,planner,seed,steps,duration_s,planning_safety_margin_m,mean_snr_db,min_snr_db,mean_outage_probability,mean_ber_model,mean_goodput_bps_model,path_length_m,progress_m,min_target_distance_m,min_realized_ttc_s,min_static_obstacle_clearance_m,static_clearance_violation_steps,static_clearance_violation_indicator,collision_indicator,collision_steps,first_collision_step,first_collision_time_s,no_candidate_steps,first_no_candidate_step,margin_relaxation_steps,margin_relaxation_indicator,first_margin_relaxation_step,zero_candidate_after_static_steps,zero_candidate_after_dynamic_steps,candidate_evaluations,candidate_road_rejections,candidate_speed_rejections,candidate_static_rejections,candidate_dynamic_rejections,candidate_feasible,prediction_ade_m,prediction_fde_m,measured_optical_link
following_lateral_offset,P0,18000,40,4.0,3.0,17.57822953772655,15.880841582285354,0.00927513367066729,2.6076463534309538e-19,1000000000.0,34.30000000000001,34.30000000000001,5.869412236331664,2.827226233543059,inf,0,0,0,0,-1,inf,0,-1,1,1,1,0,0,6080,0,0,0,2784,3296,1.7187924260751664,3.937371055251462,False
following_lateral_offset,P1,18000,40,4.0,3.0,19.544015378892738,16.137508032910766,0.004599079631073219,2.069276841087861e-20,1000000000.0,34.000000000000014,33.990286237310436,6.065900499108604,2.863074573543064,inf,0,0,0,0,-1,inf,0,-1,1,1,1,0,0,6080,670,0,0,2183,3227,1.7187924260751664,3.937371055251462,False
following_lateral_offset,P2,18000,40,4.0,3.0,17.580710252291407,15.895926679978162,0.009257264694947573,2.3094782439139095e-19,1000000000.0,34.290000000000006,34.290000000000006,5.879124084419373,2.827226233543059,inf,0,0,0,0,-1,inf,0,-1,1,1,1,0,0,6080,0,0,0,2779,3301,1.7187924260751664,3.937371055251462,False
following_lateral_offset,P3,18000,40,4.0,3.0,17.58250925104395,15.925725032160422,0.009241033704938001,1.8417281792222186e-19,1000000000.0,34.27000000000002,34.27000000000002,5.8985506694441305,2.827226233543059,inf,0,0,0,0,-1,inf,0,-1,1,1,1,0,0,6080,0,0,0,2778,3302,1.7187924260751664,3.937371055251462,False
following_lateral_offset,P4,18000,40,4.0,3.0,17.964305993499174,16.137508032910766,0.007674955538162017,2.0813791975904203e-20,1000000000.0,34.21,34.20779547325552,5.9337507354973775,2.827226233543059,inf,0,0,0,0,-1,inf,0,-1,1,1,1,0,0,6080,96,0,0,2670,3314,1.7187924260751664,3.937371055251462,False
following_lateral_offset,P0,18001,40,4.0,3.0,17.479084265585218,16.137508032910766,0.009276874965874416,3.116741135210696e-20,1000000000.0,34.05666666666666,34.05666666666666,6.105997961931466,2.938263322132217,inf,0,0,0,0,-1,inf,0,-1,1,1,1,0,0,6080,0,0,0,2713,3367,1.7950080648050257,3.9719190337957833,False
following_lateral_offset,P1,18001,40,4.0,3.0,17.496706130316575,16.137508032910766,0.009162034962117437,2.3333981995563982e-20,1000000000.0,33.93333333333332,33.93333333333332,6.226109896592299,3.027848535039073,inf,0,0,0,0,-1,inf,0,-1,1,1,1,0,0,6080,0,0,0,2667,3413,1.7950080648050257,3.9719190337957833,False
following_lateral_offset,P2,18001,40,4.0,3.0,17.479084265585218,16.137508032910766,0.009276874965874416,3.116741135210696e-20,1000000000.0,34.05666666666666,34.05666666666666,6.105997961931466,2.938263322132217,inf,0,0,0,0,-1,inf,0,-1,1,1,1,0,0,6080,0,0,0,2713,3367,1.7950080648050257,3.9719190337957833,False
following_lateral_offset,P3,18001,40,4.0,3.0,17.479084265585218,16.137508032910766,0.009276874965874416,3.116741135210696e-20,1000000000.0,34.05666666666666,34.05666666666666,6.105997961931466,2.938263322132217,inf,0,0,0,0,-1,inf,0,-1,1,1,1,0,0,6080,0,0,0,2713,3367,1.7950080648050257,3.9719190337957833,False
following_lateral_offset,P4,18001,40,4.0,3.0,17.479084265585218,16.137508032910766,0.009276874965874416,3.116741135210696e-20,1000000000.0,34.05666666666666,34.05666666666666,6.105997961931466,2.938263322132217,inf,0,0,0,0,-1,inf,0,-1,1,1,1,0,0,6080,0,0,0,2713,3367,1.7950080648050257,3.9719190337957833,False
following_lateral_offset,P0,18002,40,4.0,3.0,17.543576178563207,15.750178030178834,0.009618820845346286,8.561031902180585e-19,1000000000.0,34.38333333333333,34.38333333333333,5.788518328937419,2.7883245623912165,inf,0,0,0,0,-1,inf,0,-1,1,1,1,0,0,6080,0,0,0,2878,3202,1.5633013085080756,3.657517112430628,False
following_lateral_offset,P1,18002,40,4.0,3.0,17.550061074266104,15.71196131834714,0.009566279011374251,1.1086476691995613e-18,1000000000.0,34.40666666666668,34.40666666666668,5.765880485908255,2.836417636137983,inf,0,0,0,0,-1,inf,0,-1,1,1,1,0,0,6080,0,0,0,2902,3178,1.5633013085080756,3.657517112430628,False
following_lateral_offset,P2,18002,40,4.0,3.0,18.0378948453405,16.137508032910766,0.007528504081733914,2.1072076442483215e-20,1000000000.0,34.36500000000001,34.36220088081115,5.777032551634963,2.7883245623912165,inf,0,0,0,0,-1,inf,0,-1,1,1,1,0,0,6080,120,0,0,2778,3182,1.5633013085080756,3.657517112430628,False
following_lateral_offset,P3,18002,40,4.0,3.0,17.543576178563207,15.750178030178834,0.009618820845346286,8.561031902180585e-19,1000000000.0,34.38333333333333,34.38333333333333,5.788518328937419,2.7883245623912165,inf,0,0,0,0,-1,inf,0,-1,1,1,1,0,0,6080,0,0,0,2878,3202,1.5633013085080756,3.657517112430628,False
following_lateral_offset,P4,18002,40,4.0,3.0,18.0378948453405,16.137508032910766,0.007528504081733914,2.1072076442483215e-20,1000000000.0,34.36500000000001,34.36220088081115,5.777032551634963,2.7883245623912165,inf,0,0,0,0,-1,inf,0,-1,1,1,1,0,0,6080,120,0,0,2778,3182,1.5633013085080756,3.657517112430628,False
following_lateral_offset,P0,18003,40,4.0,3.0,17.552027054439204,16.137508032910766,0.009146236684360804,3.344846278293602e-20,1000000000.0,34.063333333333325,34.063333333333325,6.099509087714454,2.943125204709257,inf,0,0,0,0,-1,inf,0,-1,1,1,1,0,0,6080,0,0,0,2677,3403,1.6394513936587685,3.82054074762055,False
following_lateral_offset,P1,18003,40,4.0,3.0,18.43665845777676,16.137508032910766,0.006433123279238233,2.07733289165663e-20,1000000000.0,33.99000000000002,33.984959423973706,6.11986406869487,2.891688324677913,inf,0,0,0,0,-1,inf,0,-1,1,1,1,0,0,6080,249,0,0,2453,3378,1.6394513936587685,3.82054074762055,False
following_lateral_offset,P2,18003,40,4.0,3.0,18.445095454631236,16.137508032910766,0.006420408816852977,2.0773344871002537e-20,1000000000.0,34.02133333333333,34.01620085707829,6.08866452492809,2.943125204709257,inf,0,0,0,0,-1,inf,0,-1,1,1,1,0,0,6080,253,0,0,2456,3371,1.6394513936587685,3.82054074762055,False
following_lateral_offset,P3,18003,40,4.0,3.0,18.445095454631236,16.137508032910766,0.006420408816852977,2.0773344871002537e-20,1000000000.0,34.02133333333333,34.01620085707829,6.08866452492809,2.943125204709257,inf,0,0,0,0,-1,inf,0,-1,1,1,1,0,0,6080,253,0,0,2456,3371,1.6394513936587685,3.82054074762055,False
following_lateral_offset,P4,18003,40,4.0,3.0,18.442865894785513,16.137508032910766,0.006423103312192563,2.077334435507436e-20,1000000000.0,34.038,34.032900628767436,6.072371673731609,2.9223296835191164,inf,0,0,0,0,-1,inf,0,-1,1,1,1,0,0,6080,252,0,0,2461,3367,1.6394513936587685,3.82054074762055,False
following_lateral_offset,P0,18004,40,4.0,3.0,17.557791266913405,15.93554860813934,0.00927596432199853,1.6525820624079042e-19,1000000000.0,34.26333333333336,34.26333333333336,5.905027048578539,2.9606191212664474,inf,0,0,0,0,-1,inf,0,-1,1,1,1,0,0,6080,0,0,0,2832,3248,1.6302262383253179,3.749241349543735,False
following_lateral_offset,P1,18004,40,4.0,3.0,17.565219923844996,16.035474757352933,0.009182964081658659,7.962482728645199e-20,1000000000.0,34.19333333333335,34.19333333333335,5.973054308959328,2.9910539038751462,inf,0,0,0,0,-1,inf,0,-1,1,1,1,0,0,6080,0,0,0,2805,3275,1.6302262383253179,3.749241349543735,False
following_lateral_offset,P2,18004,40,4.0,3.0,17.559013052084897,15.959871129307707,0.009265560289547524,1.3936475875634538e-19,1000000000.0,34.246666666666684,34.246666666666684,5.9212198442925805,2.9606191212664474,inf,0,0,0,0,-1,inf,0,-1,1,1,1,0,0,6080,0,0,0,2821,3259,1.6302262383253179,3.749241349543735,False
following_lateral_offset,P3,18004,40,4.0,3.0,17.5588921117262,15.955033514959908,0.009266650478705455,1.4351925173319187e-19,1000000000.0,34.250000000000014,34.250000000000014,5.91798107465712,2.9606191212664474,inf,0,0,0,0,-1,inf,0,-1,1,1,1,0,0,6080,0,0,0,2822,3258,1.6302262383253179,3.749241349543735,False
following_lateral_offset,P4,18004,40,4.0,3.0,17.557791266913405,15.93554860813934,0.00927596432199853,1.6525820624079042e-19,1000000000.0,34.26333333333336,34.26333333333336,5.905027048578539,2.9606191212664474,inf,0,0,0,0,-1,inf,0,-1,1,1,1,0,0,6080,0,0,0,2832,3248,1.6302262383253179,3.749241349543735,False
following_lateral_offset,P0,18005,40,4.0,3.0,17.59156176232786,15.930643607435796,0.009211299307104522,1.6806711339103542e-19,1000000000.0,34.26666666666667,34.26666666666667,5.901788806041016,2.882238427603318,inf,0,0,0,0,-1,inf,0,-1,1,1,1,0,0,6080,0,0,0,2656,3424,1.8715484522323007,4.205238039903442,False
following_lateral_offset,P1,18005,40,4.0,3.0,17.5979545413506,15.993361559535309,0.009139425366499932,1.0442057596598734e-19,1000000000.0,34.223333333333336,34.223333333333336,5.9438941593687336,2.9500665743735577,inf,0,0,0,0,-1,inf,0,-1,1,1,1,0,0,6080,0,0,0,2645,3435,1.8715484522323007,4.205238039903442,False
following_lateral_offset,P2,18005,40,4.0,3.0,17.594885807214034,15.950182487907416,0.009188019333877407,1.445433117210527e-19,1000000000.0,34.25333333333334,34.25333333333334,5.914742410095112,2.882238427603318,inf,0,0,0,0,-1,inf,0,-1,1,1,1,0,0,6080,0,0,0,2653,3427,1.8715484522323007,4.205238039903442,False
following_lateral_offset,P3,18005,40,4.0,3.0,17.59156176232786,15.930643607435796,0.009211299307104522,1.6806711339103542e-19,1000000000.0,34.26666666666667,34.26666666666667,5.901788806041016,2.882238427603318,inf,0,0,0,0,-1,inf,0,-1,1,1,1,0,0,6080,0,0,0,2656,3424,1.8715484522323007,4.205238039903442,False
following_lateral_offset,P4,18005,40,4.0,3.0,17.59156176232786,15.930643607435796,0.009211299307104522,1.6806711339103542e-19,1000000000.0,34.26666666666667,34.26666666666667,5.901788806041016,2.882238427603318,inf,0,0,0,0,-1,inf,0,-1,1,1,1,0,0,6080,0,0,0,2656,3424,1.8715484522323007,4.205238039903442,False
following_lateral_offset,P0,18006,40,4.0,3.0,17.516147234461204,15.808774965645483,0.00946661184933563,4.466513682241193e-19,1000000000.0,34.34666666666668,34.34666666666668,5.824103173689289,2.8013811254016057,inf,0,0,0,0,-1,inf,0,-1,1,1,1,0,0,6080,0,0,0,2845,3235,1.7441667739184243,3.943109176937367,False
following_lateral_offset,P1,18006,40,4.0,3.0,17.534067423114966,15.940440066825218,0.009313435479038215,1.5361061963330134e-19,1000000000.0,34.26000000000002,34.26000000000002,5.908265396882555,2.868833533493492,inf,0,0,0,0,-1,inf,0,-1,1,1,1,0,0,6080,0,0,0,2814,3266,1.7441667739184243,3.943109176937367,False
following_lateral_offset,P2,18006,40,4.0,3.0,17.520431444361797,15.840000352943587,0.009433844681888251,3.4545164451717606e-19,1000000000.0,34.326666666666675,34.326666666666675,5.843518726855508,2.8013811254016057,inf,0,0,0,0,-1,inf,0,-1,1,1,1,0,0,6080,0,0,0,2836,3244,1.7441667739184243,3.943109176937367,False
following_lateral_offset,P3,18006,40,4.0,3.0,17.516147234461204,15.808774965645483,0.00946661184933563,4.466513682241193e-19,1000000000.0,34.34666666666668,34.34666666666668,5.824103173689289,2.8013811254016057,inf,0,0,0,0,-1,inf,0,-1,1,1,1,0,0,6080,0,0,0,2845,3235,1.7441667739184243,3.943109176937367,False
following_lateral_offset,P4,18006,40,4.0,3.0,17.51604667642497,15.792968558028855,0.00946956114967204,5.0511432368132425e-19,1000000000.0,34.35666666666669,34.35666666666669,5.814396882834095,2.8013811254016057,inf,0,0,0,0,-1,inf,0,-1,1,1,1,0,0,6080,0,0,0,2841,3239,1.7441667739184243,3.943109176937367,False
following_lateral_offset,P0,18007,40,4.0,3.0,17.528913654662254,16.090006711124197,0.009294190379834373,5.994611727589322e-20,1000000000.0,34.153333333333336,34.153333333333336,6.011947364299781,2.8796113380912076,inf,0,0,0,0,-1,inf,0,-1,1,1,1,0,0,6080,0,0,0,2655,3425,1.7963349386421847,4.00328893613902,False
following_lateral_offset,P1,18007,40,4.0,3.0,17.909824089293547,16.137508032910766,0.007792259356689165,2.0812302082726488e-20,1000000000.0,34.07,34.06779547325552,6.070487217555451,2.9186543302113406,inf,0,0,0,0,-1,inf,0,-1,1,1,1,0,0,6080,96,0,0,2564,3420,1.7963349386421847,4.00328893613902,False
following_lateral_offset,P2,18007,40,4.0,3.0,17.901183228759084,16.137508032910766,0.007824114874562176,2.0838384469743487e-20,1000000000.0,34.15333333333334,34.15113771962531,5.989061745349141,2.8796113380912076,inf,0,0,0,0,-1,inf,0,-1,1,1,1,0,0,6080,96,0,0,2578,3406,1.7963349386421847,4.00328893613902,False
following_lateral_offset,P3,18007,40,4.0,3.0,17.528913654662254,16.090006711124197,0.009294190379834373,5.994611727589322e-20,1000000000.0,34.153333333333336,34.153333333333336,6.011947364299781,2.8796113380912076,inf,0,0,0,0,-1,inf,0,-1,1,1,1,0,0,6080,0,0,0,2655,3425,1.7963349386421847,4.00328893613902,False
following_lateral_offset,P4,18007,40,4.0,3.0,17.901183228759084,16.137508032910766,0.007824114874562176,2.0838384469743487e-20,1000000000.0,34.15333333333334,34.15113771962531,5.989061745349141,2.8796113380912076,inf,0,0,0,0,-1,inf,0,-1,1,1,1,0,0,6080,96,0,0,2578,3406,1.7963349386421847,4.00328893613902,False
following_lateral_offset,P0,18008,40,4.0,3.0,17.53297558757309,16.069771229655217,0.009244990381245377,6.416267443669909e-20,1000000000.0,34.16833333333335,34.16833333333335,5.9973607621278635,2.9522716463495446,inf,0,0,0,0,-1,inf,0,-1,1,1,1,0,0,6080,0,0,0,2722,3358,1.70513806995512,3.8889282049975096,False
following_lateral_offset,P1,18008,40,4.0,3.0,17.55069823406398,16.137508032910766,0.009120246262320855,3.048512245275721e-20,1000000000.0,34.04000000000001,34.04000000000001,6.122221818915078,2.9522716463495446,inf,0,0,0,0,-1,inf,0,-1,1,1,1,0,0,6080,0,0,0,2675,3405,1.70513806995512,3.8889282049975096,False
following_lateral_offset,P2,18008,40,4.0,3.0,17.53297558757309,16.069771229655217,0.009244990381245377,6.416267443669909e-20,1000000000.0,34.16833333333335,34.16833333333335,5.9973607621278635,2.9522716463495446,inf,0,0,0,0,-1,inf,0,-1,1,1,1,0,0,6080,0,0,0,2722,3358,1.70513806995512,3.8889282049975096,False
following_lateral_offset,P3,18008,40,4.0,3.0,17.53297558757309,16.069771229655217,0.009244990381245377,6.416267443669909e-20,1000000000.0,34.16833333333335,34.16833333333335,5.9973607621278635,2.9522716463495446,inf,0,0,0,0,-1,inf,0,-1,1,1,1,0,0,6080,0,0,0,2722,3358,1.70513806995512,3.8889282049975096,False
following_lateral_offset,P4,18008,40,4.0,3.0,17.54494443940514,16.137508032910766,0.009161242753044058,3.813917036112697e-20,1000000000.0,34.091666666666676,34.091666666666676,6.071935669766082,2.9522716463495446,inf,0,0,0,0,-1,inf,0,-1,1,1,1,0,0,6080,0,0,0,2698,3382,1.70513806995512,3.8889282049975096,False
following_lateral_offset,P0,18009,40,4.0,3.0,17.549038804132078,16.0855319374812,0.009199365389367916,5.637349392629717e-20,1000000000.0,34.156666666666666,34.156666666666666,6.008705721238514,2.946945541285002,inf,0,0,0,0,-1,inf,0,-1,1,1,1,0,0,6080,0,0,0,2677,3403,1.7661287016394014,4.037521148308119,False
following_lateral_offset,P1,18009,40,4.0,3.0,17.560478321647576,16.137508032910766,0.009120789852109465,3.618511680659421e-20,1000000000.0,34.08666666666668,34.08666666666668,6.076801059036815,2.946945541285002,inf,0,0,0,0,-1,inf,0,-1,1,1,1,0,0,6080,0,0,0,2656,3424,1.7661287016394014,4.037521148308119,False
following_lateral_offset,P2,18009,40,4.0,3.0,20.163100954090037,16.137508032910766,0.004523937593033452,3.088025729822905e-20,1000000000.0,34.058333333333344,34.04266159444208,5.970557897987635,2.8648697920410204,inf,0,0,0,0,-1,inf,0,-1,1,1,1,0,0,6080,1647,0,0,1597,2836,1.7661287016394014,4.037521148308119,False
following_lateral_offset,P3,18009,40,4.0,3.0,17.549038804132078,16.0855319374812,0.009199365389367916,5.637349392629717e-20,1000000000.0,34.156666666666666,34.156666666666666,6.008705721238514,2.946945541285002,inf,0,0,0,0,-1,inf,0,-1,1,1,1,0,0,6080,0,0,0,2677,3403,1.7661287016394014,4.037521148308119,False
following_lateral_offset,P4,18009,40,4.0,3.0,17.549038804132078,16.0855319374812,0.009199365389367916,5.637349392629717e-20,1000000000.0,34.156666666666666,34.156666666666666,6.008705721238514,2.946945541285002,inf,0,0,0,0,-1,inf,0,-1,1,1,1,0,0,6080,0,0,0,2677,3403,1.7661287016394014,4.037521148308119,False
following_lateral_offset,P0,18010,40,4.0,3.0,17.542510551486217,15.673008227429971,0.009626791399158905,1.5612646778855699e-18,1000000000.0,34.43000000000002,34.43000000000002,5.743248209854747,2.5886851918664266,inf,0,0,0,0,-1,inf,0,-1,1,1,1,0,0,6080,0,0,0,2773,3307,1.6929589479885316,3.886272232120418,False
following_lateral_offset,P1,18010,40,4.0,3.0,17.56309595168957,15.829648963395519,0.009443293324716918,4.325462834527372e-19,1000000000.0,34.333333333333336,34.333333333333336,5.837046437292673,2.6342245152228023,inf,0,0,0,0,-1,inf,0,-1,1,1,1,0,0,6080,0,0,0,2735,3345,1.6929589479885316,3.886272232120418,False
following_lateral_offset,P2,18010,40,4.0,3.0,17.61547126269763,15.8296489633955,0.009223654623892324,4.096346451414382e-19,1000000000.0,34.43000000000002,34.43000000000002,5.743248209854747,2.5886851918664266,inf,0,0,0,0,-1,inf,0,-1,1,1,1,0,0,6080,0,0,0,2773,3307,1.6929589479885316,3.886272232120418,False
following_lateral_offset,P3,18010,40,4.0,3.0,17.542510551486217,15.673008227429971,0.009626791399158905,1.5612646778855699e-18,1000000000.0,34.43000000000002,34.43000000000002,5.743248209854747,2.5886851918664266,inf,0,0,0,0,-1,inf,0,-1,1,1,1,0,0,6080,0,0,0,2773,3307,1.6929589479885316,3.886272232120418,False
following_lateral_offset,P4,18010,40,4.0,3.0,17.61547126269763,15.8296489633955,0.009223654623892324,4.096346451414382e-19,1000000000.0,34.43000000000002,34.43000000000002,5.743248209854747,2.5886851918664266,inf,0,0,0,0,-1,inf,0,-1,1,1,1,0,0,6080,0,0,0,2773,3307,1.6929589479885316,3.886272232120418,False
following_lateral_offset,P0,18011,40,4.0,3.0,17.5352923496161,15.905914331070836,0.009336875735284453,2.0494423074013508e-19,1000000000.0,34.28333333333334,34.28333333333334,5.8855991859604,2.8449687584573318,inf,0,0,0,0,-1,inf,0,-1,1,1,1,0,0,6080,0,0,0,2811,3269,1.6086084023042246,3.7924547522507637,False
following_lateral_offset,P1,18011,40,4.0,3.0,17.553964753891186,16.12098130786075,0.009153278581959428,4.7492796134557324e-20,1000000000.0,34.13000000000002,34.13000000000002,6.034641662932423,2.916426657880349,inf,0,0,0,0,-1,inf,0,-1,1,1,1,0,0,6080,0,0,0,2749,3331,1.6086084023042246,3.7924547522507637,False
following_lateral_offset,P2,18011,40,4.0,3.0,17.5352923496161,15.905914331070836,0.009336875735284453,2.0494423074013508e-19,1000000000.0,34.28333333333334,34.28333333333334,5.8855991859604,2.8449687584573318,inf,0,0,0,0,-1,inf,0,-1,1,1,1,0,0,6080,0,0,0,2811,3269,1.6086084023042246,3.7924547522507637,False
following_lateral_offset,P3,18011,40,4.0,3.0,17.5352923496161,15.905914331070836,0.009336875735284453,2.0494423074013508e-19,1000000000.0,34.28333333333334,34.28333333333334,5.8855991859604,2.8449687584573318,inf,0,0,0,0,-1,inf,0,-1,1,1,1,0,0,6080,0,0,0,2811,3269,1.6086084023042246,3.7924547522507637,False
following_lateral_offset,P4,18011,40,4.0,3.0,17.5352923496161,15.905914331070836,0.009336875735284453,2.0494423074013508e-19,1000000000.0,34.28333333333334,34.28333333333334,5.8855991859604,2.8449687584573318,inf,0,0,0,0,-1,inf,0,-1,1,1,1,0,0,6080,0,0,0,2811,3269,1.6086084023042246,3.7924547522507637,False
following_lateral_offset,P0,18012,40,4.0,3.0,17.513615148126075,16.137508032910766,0.009254426416641892,3.3305104910419795e-20,1000000000.0,34.061666666666675,34.061666666666675,6.101131270328289,2.8166873830252546,inf,0,0,0,0,-1,inf,0,-1,1,1,1,0,0,6080,0,0,0,2751,3329,1.688848557208718,3.950056534720045,False
following_lateral_offset,P1,18012,40,4.0,3.0,17.52672511568185,16.137508032910766,0.009153647297000541,2.4867757492607067e-20,1000000000.0,33.963333333333345,33.963333333333345,6.196881832377014,2.8442236149093074,inf,0,0,0,0,-1,inf,0,-1,1,1,1,0,0,6080,0,0,0,2706,3374,1.688848557208718,3.950056534720045,False
following_lateral_offset,P2,18012,40,4.0,3.0,17.514285192588915,16.137508032910766,0.009249310701314425,3.192247386743506e-20,1000000000.0,34.050000000000004,34.050000000000004,6.112487218800539,2.8166873830252546,inf,0,0,0,0,-1,inf,0,-1,1,1,1,0,0,6080,0,0,0,2746,3334,1.688848557208718,3.950056534720045,False
following_lateral_offset,P3,18012,40,4.0,3.0,17.513615148126075,16.137508032910766,0.009254426416641892,3.3305104910419795e-20,1000000000.0,34.061666666666675,34.061666666666675,6.101131270328289,2.8166873830252546,inf,0,0,0,0,-1,inf,0,-1,1,1,1,0,0,6080,0,0,0,2751,3329,1.688848557208718,3.950056534720045,False
following_lateral_offset,P4,18012,40,4.0,3.0,18.13293072731334,16.137508032910766,0.007163020188762023,2.0708084452039065e-20,1000000000.0,34.023333333333326,34.01966368943514,6.10087541060828,2.8595798445403315,inf,0,0,0,0,-1,inf,0,-1,1,1,1,0,0,6080,168,0,0,2600,3312,1.688848557208718,3.950056534720045,False
following_lateral_offset,P0,18013,40,4.0,3.0,17.5909053144067,15.915847027223098,0.009298118577114668,2.1229210591254005e-19,1000000000.0,34.27666666666667,34.27666666666667,5.892074714771054,2.7607774634361273,inf,0,0,0,0,-1,inf,0,-1,1,1,1,0,0,6080,0,0,0,2725,3355,1.7722941884308643,4.044125750884917,False
following_lateral_offset,P1,18013,40,4.0,3.0,17.605377125806918,16.026207213295073,0.009200179399103548,9.475773832530951e-20,1000000000.0,34.20000000000001,34.20000000000001,5.96657355607051,2.7318807213812186,inf,0,0,0,0,-1,inf,0,-1,1,1,1,0,0,6080,0,0,0,2703,3377,1.7722941884308643,4.044125750884917,False
following_lateral_offset,P2,18013,40,4.0,3.0,17.596915229882107,15.969506248215502,0.009251303775342064,1.4168572617333916e-19,1000000000.0,34.24000000000001,34.24000000000001,5.927697698094927,2.7607774634361273,inf,0,0,0,0,-1,inf,0,-1,1,1,1,0,0,6080,0,0,0,2714,3366,1.7722941884308643,4.044125750884917,False
following_lateral_offset,P3,18013,40,4.0,3.0,17.5909053144067,15.915847027223098,0.009298118577114668,2.1229210591254005e-19,1000000000.0,34.27666666666667,34.27666666666667,5.892074714771054,2.7607774634361273,inf,0,0,0,0,-1,inf,0,-1,1,1,1,0,0,6080,0,0,0,2725,3355,1.7722941884308643,4.044125750884917,False
following_lateral_offset,P4,18013,40,4.0,3.0,17.60380531880129,16.016887907628842,0.009200177612272042,9.985501350270828e-20,1000000000.0,34.20666666666668,34.20666666666668,5.960093213290459,2.7607774634361273,inf,0,0,0,0,-1,inf,0,-1,1,1,1,0,0,6080,0,0,0,2704,3376,1.7722941884308643,4.044125750884917,False
following_lateral_offset,P0,18014,40,4.0,3.0,17.57474068919143,16.076544720648705,0.00918324521290681,6.44806405547243e-20,1000000000.0,34.16333333333334,34.16333333333334,6.002222736435035,2.8301911657871544,inf,0,0,0,0,-1,inf,0,-1,1,1,1,0,0,6080,0,0,0,2808,3272,1.6901874674652102,3.8886162470904795,False
following_lateral_offset,P1,18014,40,4.0,3.0,19.43896786846382,16.137508032910766,0.004729602372955334,2.0671549618330093e-20,1000000000.0,33.87666666666667,33.867249965083076,6.1910468127583576,2.898558444510804,inf,0,0,0,0,-1,inf,0,-1,1,1,1,0,0,6080,644,0,0,2216,3220,1.6901874674652102,3.8886162470904795,False
following_lateral_offset,P2,18014,40,4.0,3.0,17.581563150641195,16.13407088197927,0.00913439700299763,4.6897986442560956e-20,1000000000.0,34.12000000000001,34.12000000000001,6.044369280578402,2.8301911657871544,inf,0,0,0,0,-1,inf,0,-1,1,1,1,0,0,6080,0,0,0,2789,3291,1.6901874674652102,3.8886162470904795,False
following_lateral_offset,P3,18014,40,4.0,3.0,17.57474068919143,16.076544720648705,0.00918324521290681,6.44806405547243e-20,1000000000.0,34.16333333333334,34.16333333333334,6.002222736435035,2.8301911657871544,inf,0,0,0,0,-1,inf,0,-1,1,1,1,0,0,6080,0,0,0,2808,3272,1.6901874674652102,3.8886162470904795,False
following_lateral_offset,P4,18014,40,4.0,3.0,17.581563150641195,16.13407088197927,0.00913439700299763,4.6897986442560956e-20,1000000000.0,34.12000000000001,34.12000000000001,6.044369280578402,2.8301911657871544,inf,0,0,0,0,-1,inf,0,-1,1,1,1,0,0,6080,0,0,0,2789,3291,1.6901874674652102,3.8886162470904795,False
following_lateral_offset,P0,18015,40,4.0,3.0,17.574261462502374,15.78501651339659,0.009351197413987912,5.696992172318044e-19,1000000000.0,34.36166666666668,34.36166666666668,5.809544111010574,2.965376666939133,inf,0,0,0,0,-1,inf,0,-1,1,1,1,0,0,6080,0,0,0,2790,3290,1.6066682290361445,3.7829359359709116,False
following_lateral_offset,P1,18015,40,4.0,3.0,17.599557223271724,15.983859130996331,0.009140667595020809,1.1691079124168282e-19,1000000000.0,34.23000000000002,34.23000000000002,5.937415262553209,3.038120301684244,inf,0,0,0,0,-1,inf,0,-1,1,1,1,0,0,6080,0,0,0,2743,3337,1.6066682290361445,3.7829359359709116,False
following_lateral_offset,P2,18015,40,4.0,3.0,17.574261462502374,15.78501651339659,0.009351197413987912,5.696992172318044e-19,1000000000.0,34.36166666666668,34.36166666666668,5.809544111010574,2.965376666939133,inf,0,0,0,0,-1,inf,0,-1,1,1,1,0,0,6080,0,0,0,2790,3290,1.6066682290361445,3.7829359359709116,False
following_lateral_offset,P3,18015,40,4.0,3.0,17.574261462502374,15.78501651339659,0.009351197413987912,5.696992172318044e-19,1000000000.0,34.36166666666668,34.36166666666668,5.809544111010574,2.965376666939133,inf,0,0,0,0,-1,inf,0,-1,1,1,1,0,0,6080,0,0,0,2790,3290,1.6066682290361445,3.7829359359709116,False
following_lateral_offset,P4,18015,40,4.0,3.0,17.650262803942677,16.012208766936062,0.008937965565577128,9.32411636776971e-20,1000000000.0,34.32500000000001,34.32500000000001,5.845136867516438,2.965376666939133,inf,0,0,0,0,-1,inf,0,-1,1,1,1,0,0,6080,0,0,0,2779,3301,1.6066682290361445,3.7829359359709116,False
following_lateral_offset,P0,18016,40,4.0,3.0,17.603048670688842,16.137508032910766,0.008972078557352273,3.029350074544632e-20,1000000000.0,34.04000000000002,34.04000000000002,6.122221818915071,3.0237502144573103,inf,0,0,0,0,-1,inf,0,-1,1,1,1,0,0,6080,0,0,0,2787,3293,1.541029237150796,3.648485067676026,False
following_lateral_offset,P1,18016,40,4.0,3.0,17.606854302031085,16.137508032910766,0.008924968027296344,2.4965974243337755e-20,1000000000.0,33.96333333333335,33.96333333333335,6.196881832377007,3.0344645001715973,inf,0,0,0,0,-1,inf,0,-1,1,1,1,0,0,6080,0,0,0,2751,3329,1.541029237150796,3.648485067676026,False
following_lateral_offset,P2,18016,40,4.0,3.0,17.603048670688842,16.137508032910766,0.008972078557352273,3.029350074544632e-20,1000000000.0,34.04000000000002,34.04000000000002,6.122221818915071,3.0237502144573103,inf,0,0,0,0,-1,inf,0,-1,1,1,1,0,0,6080,0,0,0,2787,3293,1.541029237150796,3.648485067676026,False
following_lateral_offset,P3,18016,40,4.0,3.0,17.603048670688842,16.137508032910766,0.008972078557352273,3.029350074544632e-20,1000000000.0,34.04000000000002,34.04000000000002,6.122221818915071,3.0237502144573103,inf,0,0,0,0,-1,inf,0,-1,1,1,1,0,0,6080,0,0,0,2787,3293,1.541029237150796,3.648485067676026,False
following_lateral_offset,P4,18016,40,4.0,3.0,17.60332981109938,16.137508032910766,0.008976748897688413,3.10609011814882e-20,1000000000.0,34.04666666666669,34.04666666666669,6.11573199034895,3.0213692620763606,inf,0,0,0,0,-1,inf,0,-1,1,1,1,0,0,6080,0,0,0,2791,3289,1.541029237150796,3.648485067676026,False
following_lateral_offset,P0,18017,40,4.0,3.0,17.518483560194927,16.090006711124197,0.009287496367124603,5.69115947659282e-20,1000000000.0,34.153333333333336,34.153333333333336,6.011947364299781,2.9948550017107927,inf,0,0,0,0,-1,inf,0,-1,1,1,1,0,0,6080,0,0,0,2789,3291,1.72629686149357,3.956490985636614,False
following_lateral_offset,P1,18017,40,4.0,3.0,17.53439971546879,16.137508032910766,0.009142401955978041,2.6925075490022767e-20,1000000000.0,34.00000000000001,34.00000000000001,6.161168720299738,3.059870142859732,inf,0,0,0,0,-1,inf,0,-1,1,1,1,0,0,6080,0,0,0,2726,3354,1.72629686149357,3.956490985636614,False
following_lateral_offset,P2,18017,40,4.0,3.0,17.518483560194927,16.090006711124197,0.009287496367124603,5.69115947659282e-20,1000000000.0,34.153333333333336,34.153333333333336,6.011947364299781,2.9948550017107927,inf,0,0,0,0,-1,inf,0,-1,1,1,1,0,0,6080,0,0,0,2789,3291,1.72629686149357,3.956490985636614,False
following_lateral_offset,P3,18017,40,4.0,3.0,17.518483560194927,16.090006711124197,0.009287496367124603,5.69115947659282e-20,1000000000.0,34.153333333333336,34.153333333333336,6.011947364299781,2.9948550017107927,inf,0,0,0,0,-1,inf,0,-1,1,1,1,0,0,6080,0,0,0,2789,3291,1.72629686149357,3.956490985636614,False
following_lateral_offset,P4,18017,40,4.0,3.0,17.523938718514575,16.129719953367683,0.00924969268542684,4.5844196557723443e-20,1000000000.0,34.12333333333334,34.12333333333334,6.041126642532087,2.9948550017107927,inf,0,0,0,0,-1,inf,0,-1,1,1,1,0,0,6080,0,0,0,2774,3306,1.72629686149357,3.956490985636614,False
following_lateral_offset,P0,18018,40,4.0,3.0,17.555935232661376,15.684213559174328,0.009513851202312436,1.3163033130218838e-18,1000000000.0,34.42333333333334,34.42333333333334,5.749714002549261,2.6825476589799204,inf,0,0,0,0,-1,inf,0,-1,1,1,1,0,0,6080,0,0,0,2800,3280,1.6269585273732772,3.7341475400959467,False
following_lateral_offset,P1,18018,40,4.0,3.0,17.582803438233856,15.905914331070845,0.00927538651475029,2.169936313719799e-19,1000000000.0,34.28333333333333,34.28333333333333,5.885599185960406,2.778424369663717,inf,0,0,0,0,-1,inf,0,-1,1,1,1,0,0,6080,0,0,0,2750,3330,1.6269585273732772,3.7341475400959467,False
following_lateral_offset,P2,18018,40,4.0,3.0,17.555935232661376,15.684213559174328,0.009513851202312436,1.3163033130218838e-18,1000000000.0,34.42333333333334,34.42333333333334,5.749714002549261,2.6825476589799204,inf,0,0,0,0,-1,inf,0,-1,1,1,1,0,0,6080,0,0,0,2800,3280,1.6269585273732772,3.7341475400959467,False
following_lateral_offset,P3,18018,40,4.0,3.0,17.555935232661376,15.684213559174328,0.009513851202312436,1.3163033130218838e-18,1000000000.0,34.42333333333334,34.42333333333334,5.749714002549261,2.6825476589799204,inf,0,0,0,0,-1,inf,0,-1,1,1,1,0,0,6080,0,0,0,2800,3280,1.6269585273732772,3.7341475400959467,False
following_lateral_offset,P4,18018,40,4.0,3.0,17.56434585566046,15.755578177568708,0.009444725925504095,7.360651445431399e-19,1000000000.0,34.38000000000002,34.38000000000002,5.791752757153901,2.6825476589799204,inf,0,0,0,0,-1,inf,0,-1,1,1,1,0,0,6080,0,0,0,2785,3295,1.6269585273732772,3.7341475400959467,False
following_lateral_offset,P0,18019,40,4.0,3.0,17.580663527110012,15.827052223555082,0.009319003431625356,4.048552606897812e-19,1000000000.0,34.33500000000001,34.33500000000001,5.83542843328576,2.900724564170382,inf,0,0,0,0,-1,inf,0,-1,1,1,1,0,0,6080,0,0,0,2655,3425,1.8007594421513446,4.0141621608413045,False
following_lateral_offset,P1,18019,40,4.0,3.0,17.583754847686258,15.87071538031587,0.009295397301060862,2.8942229253909204e-19,1000000000.0,34.30666666666668,34.30666666666668,5.862938209161367,2.9371633485671045,inf,0,0,0,0,-1,inf,0,-1,1,1,1,0,0,6080,0,0,0,2647,3433,1.8007594421513446,4.0141621608413045,False
following_lateral_offset,P2,18019,40,4.0,3.0,17.584025302996967,15.850295036861574,0.00929253969197678,3.328577341708329e-19,1000000000.0,34.32000000000001,34.32000000000001,5.849991452985202,2.900724564170382,inf,0,0,0,0,-1,inf,0,-1,1,1,1,0,0,6080,0,0,0,2650,3430,1.8007594421513446,4.0141621608413045,False
following_lateral_offset,P3,18019,40,4.0,3.0,17.580663527110012,15.827052223555082,0.009319003431625356,4.048552606897812e-19,1000000000.0,34.33500000000001,34.33500000000001,5.83542843328576,2.900724564170382,inf,0,0,0,0,-1,inf,0,-1,1,1,1,0,0,6080,0,0,0,2655,3425,1.8007594421513446,4.0141621608413045,False
following_lateral_offset,P4,18019,40,4.0,3.0,17.580663527110012,15.827052223555082,0.009319003431625356,4.048552606897812e-19,1000000000.0,34.33500000000001,34.33500000000001,5.83542843328576,2.900724564170382,inf,0,0,0,0,-1,inf,0,-1,1,1,1,0,0,6080,0,0,0,2655,3425,1.8007594421513446,4.0141621608413045,False
lane_choice,P0,18000,40,4.0,3.0,-1.4841772517946121,-13.800125353527465,0.7112488585418857,0.27149979741639463,728500202.5836054,12.99999999999999,12.882786325056207,16.782438462261936,inf,1.5013499953110632,0,0,0,0,-1,inf,0,-1,0,0,-1,0,0,6080,1879,0,1762,0,2439,1.792503413322958,4.25236303270003,False
lane_choice,P1,18000,40,4.0,3.0,11.415283391778742,7.917465961148334,0.19749853001493048,9.757018575009277e-05,999902429.81425,12.999999999999991,12.91210617836171,16.755131274768452,6.1060366622275195,1.5001885304115121,0,0,0,0,-1,inf,0,-1,0,0,-1,0,0,6080,1784,0,1780,0,2516,1.792503413322958,4.25236303270003,False
lane_choice,P2,18000,40,4.0,3.0,12.101132847578397,8.783780876789407,0.14732170842461895,1.6529403731088244e-05,999983470.5962689,12.99999999999999,12.905349679254607,16.74847084715829,6.1060366622275195,1.5010597912286787,0,0,0,0,-1,inf,0,-1,0,0,-1,0,0,6080,1602,0,1812,0,2666,1.792503413322958,4.25236303270003,False
lane_choice,P3,18000,40,4.0,3.0,12.063550375071316,9.25160767216483,0.1418579390129871,8.954170154910065e-06,999991045.8298451,12.99999999999999,12.909750412021806,16.753017151880435,6.1060366622275195,1.5000801085241666,0,0,0,0,-1,inf,0,-1,0,0,-1,0,0,6080,1691,0,1829,0,2560,1.792503413322958,4.25236303270003,False
lane_choice,P4,18000,40,4.0,3.0,12.011930681626641,8.339167020023577,0.15681014940403565,3.197086409443261e-05,999968029.1359055,12.99999999999999,12.903358507552323,16.74847084715829,6.1060366622275195,1.508038196389593,0,0,0,0,-1,inf,0,-1,0,0,-1,0,0,6080,1616,0,1788,0,2676,1.792503413322958,4.25236303270003,False
lane_choice,P0,18001,40,4.0,3.0,-1.4841772517946121,-13.800125353527465,0.7112488585418857,0.27149979741639463,728500202.5836054,12.99999999999999,12.882786325056207,16.782438462261936,inf,1.5013499953110632,0,0,0,0,-1,inf,0,-1,0,0,-1,0,0,6080,1879,0,1762,0,2439,1.8521235497987014,4.274180255105955,False
lane_choice,P1,18001,40,4.0,3.0,11.458875709100306,8.09063390606506,0.19363949050527535,7.430131831917062e-05,999925698.6816809,12.999999999999988,12.910651675838745,16.753017151880435,6.1060366622275195,1.5012933668405384,0,0,0,0,-1,inf,0,-1,0,0,-1,0,0,6080,1766,0,1786,0,2528,1.8521235497987014,4.274180255105955,False
lane_choice,P2,18001,40,4.0,3.0,11.703198529149143,7.538257214268723,0.1857368298048921,0.00010507956624698466,999894920.433753,12.999999999999993,12.903734334916027,16.747476673586238,6.1060366622275195,1.5004848028643027,0,0,0,0,-1,inf,0,-1,0,0,-1,0,0,6080,1621,0,1836,0,2623,1.8521235497987014,4.274180255105955,False
lane_choice,P3,18001,40,4.0,3.0,11.761369247674178,8.763759785661756,0.16494697501400693,2.2891689134287736e-05,999977108.3108658,12.99999999999999,12.909748525722138,16.7508040885184,6.1060366622275195,1.500368498496405,0,0,0,0,-1,inf,0,-1,0,0,-1,0,0,6080,1706,0,1817,0,2557,1.8521235497987014,4.274180255105955,False
lane_choice,P4,18001,40,4.0,3.0,12.011930681626641,8.339167020023577,0.15681014940403565,3.197086409443261e-05,999968029.1359055,12.99999999999999,12.903358507552323,16.74847084715829,6.1060366622275195,1.508038196389593,0,0,0,0,-1,inf,0,-1,0,0,-1,0,0,6080,1616,0,1788,0,2676,1.8521235497987014,4.274180255105955,False
lane_choice,P0,18002,40,4.0,3.0,-1.4841772517946121,-13.800125353527465,0.7112488585418857,0.27149979741639463,728500202.5836054,12.99999999999999,12.882786325056207,16.782438462261936,inf,1.5013499953110632,0,0,0,0,-1,inf,0,-1,0,0,-1,0,0,6080,1879,0,1762,0,2439,1.6552555805066376,4.000772518940951,False
lane_choice,P1,18002,40,4.0,3.0,11.435182525296545,8.012373056845629,0.19517708609454484,8.383575704004454e-05,999916164.24296,12.99999999999999,12.910819574708963,16.753017151880435,6.1060366622275195,1.501167547298801,0,0,0,0,-1,inf,0,-1,0,0,-1,0,0,6080,1768,0,1784,0,2528,1.6552555805066376,4.000772518940951,False
lane_choice,P2,18002,40,4.0,3.0,12.008621702981113,8.339167020023577,0.15701360302838382,3.2002794464293644e-05,999967997.2055357,12.99999999999999,12.903358507552323,16.74847084715829,6.1060366622275195,1.508038196389593,0,0,0,0,-1,inf,0,-1,0,0,-1,0,0,6080,1631,0,1773,0,2676,1.6552555805066376,4.000772518940951,False
lane_choice,P3,18002,40,4.0,3.0,11.415283391778742,7.917465961148334,0.19749853001493048,9.757018575009277e-05,999902429.81425,12.999999999999991,12.91210617836171,16.755131274768452,6.1060366622275195,1.5001885304115121,0,0,0,0,-1,inf,0,-1,0,0,-1,0,0,6080,1784,0,1780,0,2516,1.6552555805066376,4.000772518940951,False
lane_choice,P4,18002,40,4.0,3.0,12.011930681626641,8.339167020023577,0.15681014940403565,3.197086409443261e-05,999968029.1359055,12.99999999999999,12.903358507552323,16.74847084715829,6.1060366622275195,1.508038196389593,0,0,0,0,-1,inf,0,-1,0,0,-1,0,0,6080,1616,0,1788,0,2676,1.6552555805066376,4.000772518940951,False
lane_choice,P0,18003,40,4.0,3.0,-1.4841772517946121,-13.800125353527465,0.7112488585418857,0.27149979741639463,728500202.5836054,12.99999999999999,12.882786325056207,16.782438462261936,inf,1.5013499953110632,0,0,0,0,-1,inf,0,-1,0,0,-1,0,0,6080,1879,0,1762,0,2439,1.7271513095104551,4.159376159865881,False
lane_choice,P1,18003,40,4.0,3.0,11.415283391778742,7.917465961148334,0.19749853001493048,9.757018575009277e-05,999902429.81425,12.999999999999991,12.91210617836171,16.755131274768452,6.1060366622275195,1.5001885304115121,0,0,0,0,-1,inf,0,-1,0,0,-1,0,0,6080,1784,0,1780,0,2516,1.7271513095104551,4.159376159865881,False
lane_choice,P2,18003,40,4.0,3.0,12.006669292576891,8.339167020023577,0.15719914595329887,3.211108957552374e-05,999967888.9104245,12.99999999999999,12.903343972408566,16.74847084715829,6.1060366622275195,1.5076951843659407,0,0,0,0,-1,inf,0,-1,0,0,-1,0,0,6080,1600,0,1804,0,2676,1.7271513095104551,4.159376159865881,False
lane_choice,P3,18003,40,4.0,3.0,12.076728932495755,9.263228055490746,0.13843144961890505,8.18915618597111e-06,999991810.8438139,12.99999999999999,12.911716648644994,16.757163456939804,6.1060366622275195,1.5028868179940864,0,0,0,0,-1,inf,0,-1,0,0,-1,0,0,6080,1729,0,1751,0,2600,1.7271513095104551,4.159376159865881,False
lane_choice,P4,18003,40,4.0,3.0,12.011930681626641,8.339167020023577,0.15681014940403565,3.197086409443261e-05,999968029.1359055,12.99999999999999,12.903358507552323,16.74847084715829,6.1060366622275195,1.508038196389593,0,0,0,0,-1,inf,0,-1,0,0,-1,0,0,6080,1616,0,1788,0,2676,1.7271513095104551,4.159376159865881,False
lane_choice,P0,18004,40,4.0,3.0,-1.4841772517946121,-13.800125353527465,0.7112488585418857,0.27149979741639463,728500202.5836054,12.99999999999999,12.882786325056207,16.782438462261936,inf,1.5013499953110632,0,0,0,0,-1,inf,0,-1,0,0,-1,0,0,6080,1879,0,1762,0,2439,1.7305505086940485,4.099957038617391,False
lane_choice,P1,18004,40,4.0,3.0,11.761369247674178,8.763759785661756,0.16494697501400693,2.2891689134287736e-05,999977108.3108658,12.99999999999999,12.909748525722138,16.7508040885184,6.1060366622275195,1.500368498496405,0,0,0,0,-1,inf,0,-1,0,0,-1,0,0,6080,1706,0,1817,0,2557,1.7305505086940485,4.099957038617391,False
lane_choice,P2,18004,40,4.0,3.0,12.011930681626641,8.339167020023577,0.15681014940403565,3.197086409443261e-05,999968029.1359055,12.99999999999999,12.903358507552323,16.74847084715829,6.1060366622275195,1.508038196389593,0,0,0,0,-1,inf,0,-1,0,0,-1,0,0,6080,1616,0,1788,0,2676,1.7305505086940485,4.099957038617391,False
lane_choice,P3,18004,40,4.0,3.0,11.761369247674178,8.763759785661756,0.16494697501400693,2.2891689134287736e-05,999977108.3108658,12.99999999999999,12.909748525722138,16.7508040885184,6.1060366622275195,1.500368498496405,0,0,0,0,-1,inf,0,-1,0,0,-1,0,0,6080,1706,0,1817,0,2557,1.7305505086940485,4.099957038617391,False
lane_choice,P4,18004,40,4.0,3.0,12.011930681626641,8.339167020023577,0.15681014940403565,3.197086409443261e-05,999968029.1359055,12.99999999999999,12.903358507552323,16.74847084715829,6.1060366622275195,1.508038196389593,0,0,0,0,-1,inf,0,-1,0,0,-1,0,0,6080,1616,0,1788,0,2676,1.7305505086940485,4.099957038617391,False
lane_choice,P0,18005,40,4.0,3.0,-1.4841772517946121,-13.800125353527465,0.7112488585418857,0.27149979741639463,728500202.5836054,12.99999999999999,12.882786325056207,16.782438462261936,inf,1.5013499953110632,0,0,0,0,-1,inf,0,-1,0,0,-1,0,0,6080,1879,0,1762,4,2435,1.958440991589272,4.5312965438169766,False
lane_choice,P1,18005,40,4.0,3.0,-10.422210069976442,-31.11953976056099,0.710930347298369,0.30368465293853253,696315347.0614674,12.99999999999999,12.870751932456818,16.782438462261936,inf,1.500139937414525,0,0,0,0,-1,inf,0,-1,0,0,-1,0,0,6080,1846,0,1964,4,2266,1.958440991589272,4.5312965438169766,False
lane_choice,P2,18005,40,4.0,3.0,-10.422210069976442,-31.11953976056099,0.710930347298369,0.30368465293853253,696315347.0614674,12.99999999999999,12.870751932456818,16.782438462261936,inf,1.500139937414525,0,0,0,0,-1,inf,0,-1,0,0,-1,0,0,6080,1846,0,1964,4,2266,1.958440991589272,4.5312965438169766,False
lane_choice,P3,18005,40,4.0,3.0,-10.422210069976442,-31.11953976056099,0.710930347298369,0.30368465293853253,696315347.0614674,12.99999999999999,12.870751932456818,16.782438462261936,inf,1.500139937414525,0,0,0,0,-1,inf,0,-1,0,0,-1,0,0,6080,1846,0,1964,4,2266,1.958440991589272,4.5312965438169766,False
lane_choice,P4,18005,40,4.0,3.0,-10.422210069976442,-31.11953976056099,0.710930347298369,0.30368465293853253,696315347.0614674,12.99999999999999,12.870751932456818,16.782438462261936,inf,1.500139937414525,0,0,0,0,-1,inf,0,-1,0,0,-1,0,0,6080,1846,0,1964,4,2266,1.958440991589272,4.5312965438169766,False
lane_choice,P0,18006,40,4.0,3.0,-1.4841772517946121,-13.800125353527465,0.7112488585418857,0.27149979741639463,728500202.5836054,12.99999999999999,12.882786325056207,16.782438462261936,inf,1.5013499953110632,0,0,0,0,-1,inf,0,-1,0,0,-1,0,0,6080,1879,0,1762,0,2439,1.8069535065752604,4.2201411707509635,False
lane_choice,P1,18006,40,4.0,3.0,11.415283391778742,7.917465961148334,0.19749853001493048,9.757018575009277e-05,999902429.81425,12.999999999999991,12.91210617836171,16.755131274768452,6.1060366622275195,1.5001885304115121,0,0,0,0,-1,inf,0,-1,0,0,-1,0,0,6080,1784,0,1780,0,2516,1.8069535065752604,4.2201411707509635,False
lane_choice,P2,18006,40,4.0,3.0,11.868170159526652,8.07166943679648,0.1680641636899664,4.788813246915062e-05,999952111.8675308,12.999999999999991,12.905021738394877,16.74847084715829,6.1060366622275195,1.5058740108766693,0,0,0,0,-1,inf,0,-1,0,0,-1,0,0,6080,1638,0,1814,0,2628,1.8069535065752604,4.2201411707509635,False
lane_choice,P3,18006,40,4.0,3.0,11.415283391778742,7.917465961148334,0.19749853001493048,9.757018575009277e-05,999902429.81425,12.999999999999991,12.91210617836171,16.755131274768452,6.1060366622275195,1.5001885304115121,0,0,0,0,-1,inf,0,-1,0,0,-1,0,0,6080,1784,0,1780,0,2516,1.8069535065752604,4.2201411707509635,False
lane_choice,P4,18006,40,4.0,3.0,12.011930681626641,8.339167020023577,0.15681014940403565,3.197086409443261e-05,999968029.1359055,12.99999999999999,12.903358507552323,16.74847084715829,6.1060366622275195,1.508038196389593,0,0,0,0,-1,inf,0,-1,0,0,-1,0,0,6080,1616,0,1788,0,2676,1.8069535065752604,4.2201411707509635,False
lane_choice,P0,18007,40,4.0,3.0,-1.4841772517946121,-13.800125353527465,0.7112488585418857,0.27149979741639463,728500202.5836054,12.99999999999999,12.882786325056207,16.782438462261936,inf,1.5013499953110632,0,0,0,0,-1,inf,0,-1,0,0,-1,0,0,6080,1879,0,1762,0,2439,1.895786511288668,4.340263316585813,False
lane_choice,P1,18007,40,4.0,3.0,11.435182525296545,8.012373056845629,0.19517708609454484,8.383575704004454e-05,999916164.24296,12.99999999999999,12.910819574708963,16.753017151880435,6.1060366622275195,1.501167547298801,0,0,0,0,-1,inf,0,-1,0,0,-1,0,0,6080,1768,0,1784,0,2528,1.895786511288668,4.340263316585813,False
lane_choice,P2,18007,40,4.0,3.0,12.006669292576891,8.339167020023577,0.15719914595329887,3.211108957552374e-05,999967888.9104245,12.99999999999999,12.903343972408566,16.74847084715829,6.1060366622275195,1.5076951843659407,0,0,0,0,-1,inf,0,-1,0,0,-1,0,0,6080,1600,0,1804,0,2676,1.895786511288668,4.340263316585813,False
lane_choice,P3,18007,40,4.0,3.0,11.758934634062106,8.774627668072814,0.1643701125898196,2.2394814054187174e-05,999977605.1859459,12.999999999999993,12.90887192507583,16.752025539288738,6.1060366622275195,1.501057888153312,0,0,0,0,-1,inf,0,-1,0,0,-1,0,0,6080,1698,0,1823,0,2559,1.895786511288668,4.340263316585813,False
lane_choice,P4,18007,40,4.0,3.0,12.011930681626641,8.339167020023577,0.15681014940403565,3.197086409443261e-05,999968029.1359055,12.99999999999999,12.903358507552323,16.74847084715829,6.1060366622275195,1.508038196389593,0,0,0,0,-1,inf,0,-1,0,0,-1,0,0,6080,1616,0,1788,0,2676,1.895786511288668,4.340263316585813,False
lane_choice,P0,18008,40,4.0,3.0,-1.4841772517946121,-13.800125353527465,0.7112488585418857,0.27149979741639463,728500202.5836054,12.99999999999999,12.882786325056207,16.782438462261936,inf,1.5013499953110632,0,0,0,0,-1,inf,0,-1,0,0,-1,0,0,6080,1879,0,1762,0,2439,1.8094819808217124,4.266318936995073,False
lane_choice,P1,18008,40,4.0,3.0,11.435182525296545,8.012373056845629,0.19517708609454484,8.383575704004454e-05,999916164.24296,12.99999999999999,12.910819574708963,16.753017151880435,6.1060366622275195,1.501167547298801,0,0,0,0,-1,inf,0,-1,0,0,-1,0,0,6080,1768,0,1784,0,2528,1.8094819808217124,4.266318936995073,False
lane_choice,P2,18008,40,4.0,3.0,12.011280179544938,8.182492001612772,0.15796085111997002,3.999137683902111e-05,999960008.623161,12.99999999999999,12.905688536841826,16.74847084715829,6.1060366622275195,1.5018721618864839,0,0,0,0,-1,inf,0,-1,0,0,-1,0,0,6080,1625,0,1848,0,2607,1.8094819808217124,4.266318936995073,False
lane_choice,P3,18008,40,4.0,3.0,12.076728932495755,9.263228055490746,0.13843144961890505,8.18915618597111e-06,999991810.8438139,12.99999999999999,12.911716648644994,16.757163456939804,6.1060366622275195,1.5028868179940864,0,0,0,0,-1,inf,0,-1,0,0,-1,0,0,6080,1729,0,1751,0,2600,1.8094819808217124,4.266318936995073,False
lane_choice,P4,18008,40,4.0,3.0,12.011930681626641,8.339167020023577,0.15681014940403565,3.197086409443261e-05,999968029.1359055,12.99999999999999,12.903358507552323,16.74847084715829,6.1060366622275195,1.508038196389593,0,0,0,0,-1,inf,0,-1,0,0,-1,0,0,6080,1616,0,1788,0,2676,1.8094819808217124,4.266318936995073,False
lane_choice,P0,18009,40,4.0,3.0,-1.4841772517946121,-13.800125353527465,0.7112488585418857,0.27149979741639463,728500202.5836054,12.99999999999999,12.882786325056207,16.782438462261936,inf,1.5013499953110632,0,0,0,0,-1,inf,0,-1,0,0,-1,0,0,6080,1879,0,1762,0,2439,1.8071294872752506,4.305955848640527,False
lane_choice,P1,18009,40,4.0,3.0,11.435182525296545,8.012373056845629,0.19517708609454484,8.383575704004454e-05,999916164.24296,12.99999999999999,12.910819574708963,16.753017151880435,6.1060366622275195,1.501167547298801,0,0,0,0,-1,inf,0,-1,0,0,-1,0,0,6080,1768,0,1784,0,2528,1.8071294872752506,4.305955848640527,False
lane_choice,P2,18009,40,4.0,3.0,12.107883195357731,8.783780876789407,0.14676623799851551,1.630308050043053e-05,999983696.9194996,12.999999999999991,12.905360561870957,16.74847084715829,6.1060366622275195,1.5014044797033903,0,0,0,0,-1,inf,0,-1,0,0,-1,0,0,6080,1618,0,1796,0,2666,1.8071294872752506,4.305955848640527,False
lane_choice,P3,18009,40,4.0,3.0,11.435182525296545,8.012373056845629,0.19517708609454484,8.383575704004454e-05,999916164.24296,12.99999999999999,12.910819574708963,16.753017151880435,6.1060366622275195,1.501167547298801,0,0,0,0,-1,inf,0,-1,0,0,-1,0,0,6080,1768,0,1784,0,2528,1.8071294872752506,4.305955848640527,False
lane_choice,P4,18009,40,4.0,3.0,12.011930681626641,8.339167020023577,0.15681014940403565,3.197086409443261e-05,999968029.1359055,12.99999999999999,12.903358507552323,16.74847084715829,6.1060366622275195,1.508038196389593,0,0,0,0,-1,inf,0,-1,0,0,-1,0,0,6080,1616,0,1788,0,2676,1.8071294872752506,4.305955848640527,False
lane_choice,P0,18010,40,4.0,3.0,-1.4841772517946121,-13.800125353527465,0.7112488585418857,0.27149979741639463,728500202.5836054,12.99999999999999,12.882786325056207,16.782438462261936,inf,1.5013499953110632,0,0,0,0,-1,inf,0,-1,0,0,-1,0,0,6080,1879,0,1762,4,2435,1.7723982214286529,4.214845747712275,False
lane_choice,P1,18010,40,4.0,3.0,-10.422210069976442,-31.11953976056099,0.710930347298369,0.30368465293853253,696315347.0614674,12.99999999999999,12.870751932456818,16.782438462261936,inf,1.500139937414525,0,0,0,0,-1,inf,0,-1,0,0,-1,0,0,6080,1846,0,1964,4,2266,1.7723982214286529,4.214845747712275,False
lane_choice,P2,18010,40,4.0,3.0,-10.422210069976442,-31.11953976056099,0.710930347298369,0.30368465293853253,696315347.0614674,12.99999999999999,12.870751932456818,16.782438462261936,inf,1.500139937414525,0,0,0,0,-1,inf,0,-1,0,0,-1,0,0,6080,1846,0,1964,4,2266,1.7723982214286529,4.214845747712275,False
lane_choice,P3,18010,40,4.0,3.0,-10.422210069976442,-31.11953976056099,0.710930347298369,0.30368465293853253,696315347.0614674,12.99999999999999,12.870751932456818,16.782438462261936,inf,1.500139937414525,0,0,0,0,-1,inf,0,-1,0,0,-1,0,0,6080,1846,0,1964,4,2266,1.7723982214286529,4.214845747712275,False
lane_choice,P4,18010,40,4.0,3.0,-10.422210069976442,-31.11953976056099,0.710930347298369,0.30368465293853253,696315347.0614674,12.99999999999999,12.870751932456818,16.782438462261936,inf,1.500139937414525,0,0,0,0,-1,inf,0,-1,0,0,-1,0,0,6080,1846,0,1964,4,2266,1.7723982214286529,4.214845747712275,False
lane_choice,P0,18011,40,4.0,3.0,-1.4841772517946121,-13.800125353527465,0.7112488585418857,0.27149979741639463,728500202.5836054,12.99999999999999,12.882786325056207,16.782438462261936,inf,1.5013499953110632,0,0,0,0,-1,inf,0,-1,0,0,-1,0,0,6080,1879,0,1762,0,2439,1.734536987199553,4.185007055224703,False
lane_choice,P1,18011,40,4.0,3.0,11.415283391778742,7.917465961148334,0.19749853001493048,9.757018575009277e-05,999902429.81425,12.999999999999991,12.91210617836171,16.755131274768452,6.1060366622275195,1.5001885304115121,0,0,0,0,-1,inf,0,-1,0,0,-1,0,0,6080,1784,0,1780,0,2516,1.734536987199553,4.185007055224703,False
lane_choice,P2,18011,40,4.0,3.0,12.011930681626641,8.339167020023577,0.15681014940403565,3.197086409443261e-05,999968029.1359055,12.99999999999999,12.903358507552323,16.74847084715829,6.1060366622275195,1.508038196389593,0,0,0,0,-1,inf,0,-1,0,0,-1,0,0,6080,1616,0,1788,0,2676,1.734536987199553,4.185007055224703,False
lane_choice,P3,18011,40,4.0,3.0,12.076728932495755,9.263228055490746,0.13843144961890505,8.18915618597111e-06,999991810.8438139,12.99999999999999,12.911716648644994,16.757163456939804,6.1060366622275195,1.5028868179940864,0,0,0,0,-1,inf,0,-1,0,0,-1,0,0,6080,1729,0,1751,0,2600,1.734536987199553,4.185007055224703,False
lane_choice,P4,18011,40,4.0,3.0,12.011930681626641,8.339167020023577,0.15681014940403565,3.197086409443261e-05,999968029.1359055,12.99999999999999,12.903358507552323,16.74847084715829,6.1060366622275195,1.508038196389593,0,0,0,0,-1,inf,0,-1,0,0,-1,0,0,6080,1616,0,1788,0,2676,1.734536987199553,4.185007055224703,False
lane_choice,P0,18012,40,4.0,3.0,-1.4841772517946121,-13.800125353527465,0.7112488585418857,0.27149979741639463,728500202.5836054,12.99999999999999,12.882786325056207,16.782438462261936,inf,1.5013499953110632,0,0,0,0,-1,inf,0,-1,0,0,-1,0,0,6080,1879,0,1762,0,2439,1.725639908270903,4.194775049100109,False
lane_choice,P1,18012,40,4.0,3.0,11.415283391778742,7.917465961148334,0.19749853001493048,9.757018575009277e-05,999902429.81425,12.999999999999991,12.91210617836171,16.755131274768452,6.1060366622275195,1.5001885304115121,0,0,0,0,-1,inf,0,-1,0,0,-1,0,0,6080,1784,0,1780,0,2516,1.725639908270903,4.194775049100109,False
lane_choice,P2,18012,40,4.0,3.0,12.008701804632036,8.229738049872287,0.15881413145339823,3.739474708985757e-05,999962605.2529103,12.999999999999991,12.904499009576284,16.74847084715829,6.1060366622275195,1.5001177930900464,0,0,0,0,-1,inf,0,-1,0,0,-1,0,0,6080,1612,0,1861,0,2607,1.725639908270903,4.194775049100109,False
lane_choice,P3,18012,40,4.0,3.0,11.415283391778742,7.917465961148334,0.19749853001493048,9.757018575009277e-05,999902429.81425,12.999999999999991,12.91210617836171,16.755131274768452,6.1060366622275195,1.5001885304115121,0,0,0,0,-1,inf,0,-1,0,0,-1,0,0,6080,1784,0,1780,0,2516,1.725639908270903,4.194775049100109,False
lane_choice,P4,18012,40,4.0,3.0,12.011930681626641,8.339167020023577,0.15681014940403565,3.197086409443261e-05,999968029.1359055,12.99999999999999,12.903358507552323,16.74847084715829,6.1060366622275195,1.508038196389593,0,0,0,0,-1,inf,0,-1,0,0,-1,0,0,6080,1616,0,1788,0,2676,1.725639908270903,4.194775049100109,False
lane_choice,P0,18013,40,4.0,3.0,-1.4841772517946121,-13.800125353527465,0.7112488585418857,0.27149979741639463,728500202.5836054,12.99999999999999,12.882786325056207,16.782438462261936,inf,1.5013499953110632,0,0,0,0,-1,inf,0,-1,0,0,-1,0,0,6080,1879,0,1762,4,2435,1.8676996881791808,4.3912250337228755,False
lane_choice,P1,18013,40,4.0,3.0,-10.422210069976442,-31.11953976056099,0.710930347298369,0.30368465293853253,696315347.0614674,12.99999999999999,12.870751932456818,16.782438462261936,inf,1.500139937414525,0,0,0,0,-1,inf,0,-1,0,0,-1,0,0,6080,1846,0,1964,4,2266,1.8676996881791808,4.3912250337228755,False
lane_choice,P2,18013,40,4.0,3.0,-10.422210069976442,-31.11953976056099,0.710930347298369,0.30368465293853253,696315347.0614674,12.99999999999999,12.870751932456818,16.782438462261936,inf,1.500139937414525,0,0,0,0,-1,inf,0,-1,0,0,-1,0,0,6080,1846,0,1964,4,2266,1.8676996881791808,4.3912250337228755,False
lane_choice,P3,18013,40,4.0,3.0,-10.422210069976442,-31.11953976056099,0.710930347298369,0.30368465293853253,696315347.0614674,12.99999999999999,12.870751932456818,16.782438462261936,inf,1.500139937414525,0,0,0,0,-1,inf,0,-1,0,0,-1,0,0,6080,1846,0,1964,4,2266,1.8676996881791808,4.3912250337228755,False
lane_choice,P4,18013,40,4.0,3.0,-10.422210069976442,-31.11953976056099,0.710930347298369,0.30368465293853253,696315347.0614674,12.99999999999999,12.870751932456818,16.782438462261936,inf,1.500139937414525,0,0,0,0,-1,inf,0,-1,0,0,-1,0,0,6080,1846,0,1964,4,2266,1.8676996881791808,4.3912250337228755,False
lane_choice,P0,18014,40,4.0,3.0,-1.4841772517946121,-13.800125353527465,0.7112488585418857,0.27149979741639463,728500202.5836054,12.99999999999999,12.882786325056207,16.782438462261936,inf,1.5013499953110632,0,0,0,0,-1,inf,0,-1,0,0,-1,0,0,6080,1879,0,1762,0,2439,1.776744860005725,4.2060050810629015,False
lane_choice,P1,18014,40,4.0,3.0,11.745317892373032,8.685339274074892,0.16510820070869772,2.59492303891247e-05,999974050.769611,12.999999999999996,12.910190221619104,16.75414086214862,6.1060366622275195,1.5000540543503091,0,0,0,0,-1,inf,0,-1,0,0,-1,0,0,6080,1704,0,1816,0,2560,1.776744860005725,4.2060050810629015,False
lane_choice,P2,18014,40,4.0,3.0,12.10846277555633,8.783780876789407,0.1467584698392844,1.6328797180109017e-05,999983671.2028201,12.99999999999999,12.905349679254607,16.74847084715829,6.1060366622275195,1.5010597912286787,0,0,0,0,-1,inf,0,-1,0,0,-1,0,0,6080,1617,0,1797,0,2666,1.776744860005725,4.2060050810629015,False
lane_choice,P3,18014,40,4.0,3.0,11.745317892373032,8.685339274074892,0.16510820070869772,2.59492303891247e-05,999974050.769611,12.999999999999996,12.910190221619104,16.75414086214862,6.1060366622275195,1.5000540543503091,0,0,0,0,-1,inf,0,-1,0,0,-1,0,0,6080,1704,0,1816,0,2560,1.776744860005725,4.2060050810629015,False
lane_choice,P4,18014,40,4.0,3.0,12.011930681626641,8.339167020023577,0.15681014940403565,3.197086409443261e-05,999968029.1359055,12.99999999999999,12.903358507552323,16.74847084715829,6.1060366622275195,1.508038196389593,0,0,0,0,-1,inf,0,-1,0,0,-1,0,0,6080,1616,0,1788,0,2676,1.776744860005725,4.2060050810629015,False
lane_choice,P0,18015,40,4.0,3.0,-1.4841772517946121,-13.800125353527465,0.7112488585418857,0.27149979741639463,728500202.5836054,12.99999999999999,12.882786325056207,16.782438462261936,inf,1.5013499953110632,0,0,0,0,-1,inf,0,-1,0,0,-1,0,0,6080,1879,0,1762,0,2439,1.6780082145444806,4.071873157107122,False
lane_choice,P1,18015,40,4.0,3.0,11.415283391778742,7.917465961148334,0.19749853001493048,9.757018575009277e-05,999902429.81425,12.999999999999991,12.91210617836171,16.755131274768452,6.1060366622275195,1.5001885304115121,0,0,0,0,-1,inf,0,-1,0,0,-1,0,0,6080,1784,0,1780,0,2516,1.6780082145444806,4.071873157107122,False
lane_choice,P2,18015,40,4.0,3.0,12.008701804632036,8.229738049872287,0.15881413145339823,3.739474708985757e-05,999962605.2529103,12.999999999999991,12.904499009576284,16.74847084715829,6.1060366622275195,1.5001177930900464,0,0,0,0,-1,inf,0,-1,0,0,-1,0,0,6080,1612,0,1861,0,2607,1.6780082145444806,4.071873157107122,False
lane_choice,P3,18015,40,4.0,3.0,12.076728932495755,9.263228055490746,0.13843144961890505,8.18915618597111e-06,999991810.8438139,12.99999999999999,12.911716648644994,16.757163456939804,6.1060366622275195,1.5028868179940864,0,0,0,0,-1,inf,0,-1,0,0,-1,0,0,6080,1729,0,1751,0,2600,1.6780082145444806,4.071873157107122,False
lane_choice,P4,18015,40,4.0,3.0,12.011930681626641,8.339167020023577,0.15681014940403565,3.197086409443261e-05,999968029.1359055,12.99999999999999,12.903358507552323,16.74847084715829,6.1060366622275195,1.508038196389593,0,0,0,0,-1,inf,0,-1,0,0,-1,0,0,6080,1616,0,1788,0,2676,1.6780082145444806,4.071873157107122,False
lane_choice,P0,18016,40,4.0,3.0,-1.4841772517946121,-13.800125353527465,0.7112488585418857,0.27149979741639463,728500202.5836054,12.99999999999999,12.882786325056207,16.782438462261936,inf,1.5013499953110632,0,0,0,0,-1,inf,0,-1,0,0,-1,0,0,6080,1879,0,1762,0,2439,1.6347053692629792,3.9701763576992137,False
lane_choice,P1,18016,40,4.0,3.0,11.435182525296545,8.012373056845629,0.19517708609454484,8.383575704004454e-05,999916164.24296,12.99999999999999,12.910819574708963,16.753017151880435,6.1060366622275195,1.501167547298801,0,0,0,0,-1,inf,0,-1,0,0,-1,0,0,6080,1768,0,1784,0,2528,1.6347053692629792,3.9701763576992137,False
lane_choice,P2,18016,40,4.0,3.0,12.011930681626641,8.339167020023577,0.15681014940403565,3.197086409443261e-05,999968029.1359055,12.99999999999999,12.903358507552323,16.74847084715829,6.1060366622275195,1.508038196389593,0,0,0,0,-1,inf,0,-1,0,0,-1,0,0,6080,1616,0,1788,0,2676,1.6347053692629792,3.9701763576992137,False
lane_choice,P3,18016,40,4.0,3.0,12.076728932495755,9.263228055490746,0.13843144961890505,8.18915618597111e-06,999991810.8438139,12.99999999999999,12.911716648644994,16.757163456939804,6.1060366622275195,1.5028868179940864,0,0,0,0,-1,inf,0,-1,0,0,-1,0,0,6080,1729,0,1751,0,2600,1.6347053692629792,3.9701763576992137,False
lane_choice,P4,18016,40,4.0,3.0,12.011930681626641,8.339167020023577,0.15681014940403565,3.197086409443261e-05,999968029.1359055,12.99999999999999,12.903358507552323,16.74847084715829,6.1060366622275195,1.508038196389593,0,0,0,0,-1,inf,0,-1,0,0,-1,0,0,6080,1616,0,1788,0,2676,1.6347053692629792,3.9701763576992137,False
lane_choice,P0,18017,40,4.0,3.0,-1.4841772517946121,-13.800125353527465,0.7112488585418857,0.27149979741639463,728500202.5836054,12.99999999999999,12.882786325056207,16.782438462261936,inf,1.5013499953110632,0,0,0,0,-1,inf,0,-1,0,0,-1,0,0,6080,1879,0,1762,0,2439,1.7955626007843393,4.278622001865969,False
lane_choice,P1,18017,40,4.0,3.0,11.415283391778742,7.917465961148334,0.19749853001493048,9.757018575009277e-05,999902429.81425,12.999999999999991,12.91210617836171,16.755131274768452,6.1060366622275195,1.5001885304115121,0,0,0,0,-1,inf,0,-1,0,0,-1,0,0,6080,1784,0,1780,0,2516,1.7955626007843393,4.278622001865969,False
lane_choice,P2,18017,40,4.0,3.0,12.011280179544938,8.182492001612772,0.15796085111997002,3.999137683902111e-05,999960008.623161,12.99999999999999,12.905688536841826,16.74847084715829,6.1060366622275195,1.5018721618864839,0,0,0,0,-1,inf,0,-1,0,0,-1,0,0,6080,1625,0,1848,0,2607,1.7955626007843393,4.278622001865969,False
lane_choice,P3,18017,40,4.0,3.0,11.415283391778742,7.917465961148334,0.19749853001493048,9.757018575009277e-05,999902429.81425,12.999999999999991,12.91210617836171,16.755131274768452,6.1060366622275195,1.5001885304115121,0,0,0,0,-1,inf,0,-1,0,0,-1,0,0,6080,1784,0,1780,0,2516,1.7955626007843393,4.278622001865969,False
lane_choice,P4,18017,40,4.0,3.0,12.011930681626641,8.339167020023577,0.15681014940403565,3.197086409443261e-05,999968029.1359055,12.99999999999999,12.903358507552323,16.74847084715829,6.1060366622275195,1.508038196389593,0,0,0,0,-1,inf,0,-1,0,0,-1,0,0,6080,1616,0,1788,0,2676,1.7955626007843393,4.278622001865969,False
lane_choice,P0,18018,40,4.0,3.0,-1.4841772517946121,-13.800125353527465,0.7112488585418857,0.27149979741639463,728500202.5836054,12.99999999999999,12.882786325056207,16.782438462261936,inf,1.5013499953110632,0,0,0,0,-1,inf,0,-1,0,0,-1,0,0,6080,1879,0,1762,0,2439,1.7055474585671722,4.023248178788378,False
lane_choice,P1,18018,40,4.0,3.0,11.415283391778742,7.917465961148334,0.19749853001493048,9.757018575009277e-05,999902429.81425,12.999999999999991,12.91210617836171,16.755131274768452,6.1060366622275195,1.5001885304115121,0,0,0,0,-1,inf,0,-1,0,0,-1,0,0,6080,1784,0,1780,0,2516,1.7055474585671722,4.023248178788378,False
lane_choice,P2,18018,40,4.0,3.0,12.10846277555633,8.783780876789407,0.1467584698392844,1.6328797180109017e-05,999983671.2028201,12.99999999999999,12.905349679254607,16.74847084715829,6.1060366622275195,1.5010597912286787,0,0,0,0,-1,inf,0,-1,0,0,-1,0,0,6080,1617,0,1797,0,2666,1.7055474585671722,4.023248178788378,False
lane_choice,P3,18018,40,4.0,3.0,11.758934634062106,8.774627668072814,0.1643701125898196,2.2394814054187174e-05,999977605.1859459,12.999999999999993,12.90887192507583,16.752025539288738,6.1060366622275195,1.501057888153312,0,0,0,0,-1,inf,0,-1,0,0,-1,0,0,6080,1698,0,1823,0,2559,1.7055474585671722,4.023248178788378,False
lane_choice,P4,18018,40,4.0,3.0,12.011930681626641,8.339167020023577,0.15681014940403565,3.197086409443261e-05,999968029.1359055,12.99999999999999,12.903358507552323,16.74847084715829,6.1060366622275195,1.508038196389593,0,0,0,0,-1,inf,0,-1,0,0,-1,0,0,6080,1616,0,1788,0,2676,1.7055474585671722,4.023248178788378,False
lane_choice,P0,18019,40,4.0,3.0,-1.4841772517946121,-13.800125353527465,0.7112488585418857,0.27149979741639463,728500202.5836054,12.99999999999999,12.882786325056207,16.782438462261936,inf,1.5013499953110632,0,0,0,0,-1,inf,0,-1,0,0,-1,0,0,6080,1879,0,1762,0,2439,1.9187527041277277,4.411988540774969,False
lane_choice,P1,18019,40,4.0,3.0,11.415283391778742,7.917465961148334,0.19749853001493048,9.757018575009277e-05,999902429.81425,12.999999999999991,12.91210617836171,16.755131274768452,6.1060366622275195,1.5001885304115121,0,0,0,0,-1,inf,0,-1,0,0,-1,0,0,6080,1784,0,1780,0,2516,1.9187527041277277,4.411988540774969,False
lane_choice,P2,18019,40,4.0,3.0,12.008701804632036,8.229738049872287,0.15881413145339823,3.739474708985757e-05,999962605.2529103,12.999999999999991,12.904499009576284,16.74847084715829,6.1060366622275195,1.5001177930900464,0,0,0,0,-1,inf,0,-1,0,0,-1,0,0,6080,1612,0,1861,0,2607,1.9187527041277277,4.411988540774969,False
lane_choice,P3,18019,40,4.0,3.0,12.023936119321126,9.136985536205104,0.14269111116874683,1.0637499126205947e-05,999989362.5008739,12.99999999999999,12.911716648644994,16.757163456939804,6.1060366622275195,1.5028868179940864,0,0,0,0,-1,inf,0,-1,0,0,-1,0,0,6080,1729,0,1751,0,2600,1.9187527041277277,4.411988540774969,False
lane_choice,P4,18019,40,4.0,3.0,12.011930681626641,8.339167020023577,0.15681014940403565,3.197086409443261e-05,999968029.1359055,12.99999999999999,12.903358507552323,16.74847084715829,6.1060366622275195,1.508038196389593,0,0,0,0,-1,inf,0,-1,0,0,-1,0,0,6080,1616,0,1788,0,2676,1.9187527041277277,4.411988540774969,False
overtake,P0,18000,50,5.0,3.0,20.914050730887215,17.202168997219456,0.002860452398293964,2.2047466115114964e-25,1000000000.0,43.27166666666666,43.27166666666666,5.732161762277667,3.260197110982617,inf,0,0,0,0,-1,inf,0,-1,1,1,1,0,0,7600,0,0,0,2806,4794,1.4516707273102452,3.403007009685906,False
overtake,P1,18000,50,5.0,3.0,20.850077252527086,17.202168997219456,0.002875051455302326,2.20245397592126e-25,1000000000.0,43.14999999999999,43.14999999999999,5.853748857880776,3.2115758960714467,inf,0,0,0,0,-1,inf,0,-1,1,1,1,0,0,7600,0,0,0,2747,4853,1.4516707273102452,3.403007009685906,False
overtake,P2,18000,50,5.0,3.0,20.914050730887215,17.202168997219456,0.002860452398293964,2.2047466115114964e-25,1000000000.0,43.27166666666666,43.27166666666666,5.732161762277667,3.260197110982617,inf,0,0,0,0,-1,inf,0,-1,1,1,1,0,0,7600,0,0,0,2806,4794,1.4516707273102452,3.403007009685906,False
overtake,P3,18000,50,5.0,3.0,20.914050730887215,17.202168997219456,0.002860452398293964,2.2047466115114964e-25,1000000000.0,43.27166666666666,43.27166666666666,5.732161762277667,3.260197110982617,inf,0,0,0,0,-1,inf,0,-1,1,1,1,0,0,7600,0,0,0,2806,4794,1.4516707273102452,3.403007009685906,False
overtake,P4,18000,50,5.0,3.0,20.910775753714447,17.202168997219456,0.0028609845803647745,2.2047466115114964e-25,1000000000.0,43.3,43.3,5.703847446341847,3.260197110982617,inf,0,0,0,0,-1,inf,0,-1,1,1,1,0,0,7600,0,0,0,2825,4775,1.4516707273102452,3.403007009685906,False
overtake,P0,18001,50,5.0,3.0,20.66258594028252,17.202168997219456,0.0030728493409838136,2.1972318810157755e-25,1000000000.0,43.300000000000004,43.300000000000004,5.7038474463418405,3.3369487102174613,inf,0,0,0,0,-1,inf,0,-1,1,1,1,0,0,7600,0,0,0,2792,4808,1.5677724052461477,3.634384014293982,False
overtake,P1,18001,50,5.0,3.0,20.615672441104948,17.202168997219456,0.003063369081431157,2.1911664473484135e-25,1000000000.0,43.04,43.04,5.963679710643454,3.559001416340651,inf,0,0,0,0,-1,inf,0,-1,1,1,1,0,0,7600,0,0,0,2698,4902,1.5677724052461477,3.634384014293982,False
overtake,P2,18001,50,5.0,3.0,20.66258594028252,17.202168997219456,0.0030728493409838136,2.1972318810157755e-25,1000000000.0,43.300000000000004,43.300000000000004,5.7038474463418405,3.3369487102174613,inf,0,0,0,0,-1,inf,0,-1,1,1,1,0,0,7600,0,0,0,2792,4808,1.5677724052461477,3.634384014293982,False
overtake,P3,18001,50,5.0,3.0,20.66258594028252,17.202168997219456,0.0030728493409838136,2.1972318810157755e-25,1000000000.0,43.300000000000004,43.300000000000004,5.7038474463418405,3.3369487102174613,inf,0,0,0,0,-1,inf,0,-1,1,1,1,0,0,7600,0,0,0,2792,4808,1.5677724052461477,3.634384014293982,False
overtake,P4,18001,50,5.0,3.0,20.661922681523308,17.202168997219456,0.0030729352632934775,2.1972318810157755e-25,1000000000.0,43.29166666666667,43.29166666666667,5.71217516674557,3.3369487102174613,inf,0,0,0,0,-1,inf,0,-1,1,1,1,0,0,7600,0,0,0,2787,4813,1.5677724052461477,3.634384014293982,False
overtake,P0,18002,50,5.0,3.0,21.060558998166275,17.202168997219456,0.0027649237425161426,2.190783871700328e-25,1000000000.0,43.512333333333316,43.512333333333316,5.491662875266926,3.194177544920799,inf,0,0,0,0,-1,inf,0,-1,1,1,1,0,0,7600,0,0,0,2940,4660,1.4423394228599105,3.3156939166448494,False
overtake,P1,18002,50,5.0,3.0,21.03775838141595,17.202168997219456,0.0027525830842717526,2.1852332513618097e-25,1000000000.0,43.34,43.34,5.663874618239738,3.1846537353969855,inf,0,0,0,0,-1,inf,0,-1,1,1,1,0,0,7600,0,0,0,2887,4713,1.4423394228599105,3.3156939166448494,False
overtake,P2,18002,50,5.0,3.0,21.060558998166275,17.202168997219456,0.0027649237425161426,2.190783871700328e-25,1000000000.0,43.512333333333316,43.512333333333316,5.491662875266926,3.194177544920799,inf,0,0,0,0,-1,inf,0,-1,1,1,1,0,0,7600,0,0,0,2940,4660,1.4423394228599105,3.3156939166448494,False
overtake,P3,18002,50,5.0,3.0,21.060558998166275,17.202168997219456,0.0027649237425161426,2.190783871700328e-25,1000000000.0,43.512333333333316,43.512333333333316,5.491662875266926,3.194177544920799,inf,0,0,0,0,-1,inf,0,-1,1,1,1,0,0,7600,0,0,0,2940,4660,1.4423394228599105,3.3156939166448494,False
overtake,P4,18002,50,5.0,3.0,21.052428170793362,17.202168997219456,0.0027659873632574837,2.190783871700328e-25,1000000000.0,43.46666666666667,43.46666666666667,5.537296584879496,3.194177544920799,inf,0,0,0,0,-1,inf,0,-1,1,1,1,0,0,7600,0,0,0,2919,4681,1.4423394228599105,3.3156939166448494,False
overtake,P0,18003,50,5.0,3.0,20.73492025587544,17.202168997219456,0.003031050676226465,2.225786855880316e-25,1000000000.0,43.39000000000001,43.39000000000001,5.613909127438767,3.3803775251186488,inf,0,0,0,0,-1,inf,0,-1,1,1,1,0,0,7600,0,0,0,2592,5008,1.575025202461816,3.653052009328545,False
overtake,P1,18003,50,5.0,3.0,20.827801846426947,17.202168997219456,0.002902826047971691,2.222258473811998e-25,1000000000.0,43.22999999999997,43.22999999999997,5.77380080113098,3.1799823755848373,inf,0,0,0,0,-1,inf,0,-1,1,1,1,0,0,7600,0,0,0,2592,5008,1.575025202461816,3.653052009328545,False
overtake,P2,18003,50,5.0,3.0,20.73492025587544,17.202168997219456,0.003031050676226465,2.225786855880316e-25,1000000000.0,43.39000000000001,43.39000000000001,5.613909127438767,3.3803775251186488,inf,0,0,0,0,-1,inf,0,-1,1,1,1,0,0,7600,0,0,0,2592,5008,1.575025202461816,3.653052009328545,False
overtake,P3,18003,50,5.0,3.0,20.73492025587544,17.202168997219456,0.003031050676226465,2.225786855880316e-25,1000000000.0,43.39000000000001,43.39000000000001,5.613909127438767,3.3803775251186488,inf,0,0,0,0,-1,inf,0,-1,1,1,1,0,0,7600,0,0,0,2592,5008,1.575025202461816,3.653052009328545,False
overtake,P4,18003,50,5.0,3.0,20.731877686600956,17.202168997219456,0.0030314740657680864,2.225786855880316e-25,1000000000.0,43.36600000000001,43.36600000000001,5.637892486660268,3.3803775251186488,inf,0,0,0,0,-1,inf,0,-1,1,1,1,0,0,7600,0,0,0,2588,5012,1.575025202461816,3.653052009328545,False
overtake,P0,18004,50,5.0,3.0,20.895366429509707,17.202168997219456,0.002904785806537144,2.1916426504479843e-25,1000000000.0,43.507333333333335,43.507333333333335,5.496659240143186,3.3338600846033315,inf,0,0,0,0,-1,inf,0,-1,1,1,1,0,0,7600,0,0,0,2795,4805,1.5074378329351503,3.483138543597475,False
overtake,P1,18004,50,5.0,3.0,20.884708290559214,17.202168997219456,0.0028808718021125085,2.186008011295788e-25,1000000000.0,43.33,43.33,5.673867789360306,3.3037013544446063,inf,0,0,0,0,-1,inf,0,-1,1,1,1,0,0,7600,0,0,0,2738,4862,1.5074378329351503,3.483138543597475,False
overtake,P2,18004,50,5.0,3.0,20.895366429509707,17.202168997219456,0.002904785806537144,2.1916426504479843e-25,1000000000.0,43.507333333333335,43.507333333333335,5.496659240143186,3.3338600846033315,inf,0,0,0,0,-1,inf,0,-1,1,1,1,0,0,7600,0,0,0,2795,4805,1.5074378329351503,3.483138543597475,False
overtake,P3,18004,50,5.0,3.0,20.895366429509707,17.202168997219456,0.002904785806537144,2.1916426504479843e-25,1000000000.0,43.507333333333335,43.507333333333335,5.496659240143186,3.3338600846033315,inf,0,0,0,0,-1,inf,0,-1,1,1,1,0,0,7600,0,0,0,2795,4805,1.5074378329351503,3.483138543597475,False
overtake,P4,18004,50,5.0,3.0,20.89286991900035,17.202168997219456,0.0029051627218255115,2.1916426504479843e-25,1000000000.0,43.50233333333333,43.50233333333333,5.501655611624392,3.3338600846033315,inf,0,0,0,0,-1,inf,0,-1,1,1,1,0,0,7600,0,0,0,2790,4810,1.5074378329351503,3.483138543597475,False
overtake,P0,18005,50,5.0,3.0,20.977829574975615,17.202168997219456,0.0028064111448611053,2.1977860413017537e-25,1000000000.0,43.26166666666665,43.26166666666665,5.695908328551698,3.302310836399038,inf,0,0,0,0,-1,inf,0,-1,1,1,1,0,0,7600,0,0,0,2821,4779,1.5839741794675855,3.6842816811776005,False
overtake,P1,18005,50,5.0,3.0,20.9085632477283,17.202168997219456,0.002773536842630605,2.1851098571370233e-25,1000000000.0,43.06999999999999,43.06999999999999,5.933698314806749,3.5774259180057872,inf,0,0,0,0,-1,inf,0,-1,1,1,1,0,0,7600,0,0,0,2724,4876,1.5839741794675855,3.6842816811776005,False
overtake,P2,18005,50,5.0,3.0,20.977829574975615,17.202168997219456,0.0028064111448611053,2.1977860413017537e-25,1000000000.0,43.26166666666665,43.26166666666665,5.695908328551698,3.302310836399038,inf,0,0,0,0,-1,inf,0,-1,1,1,1,0,0,7600,0,0,0,2821,4779,1.5839741794675855,3.6842816811776005,False
overtake,P3,18005,50,5.0,3.0,20.977829574975615,17.202168997219456,0.0028064111448611053,2.1977860413017537e-25,1000000000.0,43.26166666666665,43.26166666666665,5.695908328551698,3.302310836399038,inf,0,0,0,0,-1,inf,0,-1,1,1,1,0,0,7600,0,0,0,2821,4779,1.5839741794675855,3.6842816811776005,False
overtake,P4,18005,50,5.0,3.0,20.977829574975615,17.202168997219456,0.0028064111448611053,2.1977860413017537e-25,1000000000.0,43.26166666666665,43.26166666666665,5.695908328551698,3.302310836399038,inf,0,0,0,0,-1,inf,0,-1,1,1,1,0,0,7600,0,0,0,2821,4779,1.5839741794675855,3.6842816811776005,False
overtake,P0,18006,50,5.0,3.0,20.770301537119394,17.202168997219456,0.002979338354448471,2.2072034999236762e-25,1000000000.0,43.28100000000001,43.28100000000001,5.722834672707244,3.3440683364136197,inf,0,0,0,0,-1,inf,0,-1,1,1,1,0,0,7600,0,0,0,2831,4769,1.4583197248035022,3.4401273993514216,False
overtake,P1,18006,50,5.0,3.0,20.71549225748179,17.202168997219456,0.0029931574063983336,2.2072034999236762e-25,1000000000.0,43.09000000000001,43.09000000000001,5.91371082241432,3.5190037849216598,inf,0,0,0,0,-1,inf,0,-1,1,1,1,0,0,7600,0,0,0,2732,4868,1.4583197248035022,3.4401273993514216,False
overtake,P2,18006,50,5.0,3.0,20.770301537119394,17.202168997219456,0.002979338354448471,2.2072034999236762e-25,1000000000.0,43.28100000000001,43.28100000000001,5.722834672707244,3.3440683364136197,inf,0,0,0,0,-1,inf,0,-1,1,1,1,0,0,7600,0,0,0,2831,4769,1.4583197248035022,3.4401273993514216,False
overtake,P3,18006,50,5.0,3.0,20.770301537119394,17.202168997219456,0.002979338354448471,2.2072034999236762e-25,1000000000.0,43.28100000000001,43.28100000000001,5.722834672707244,3.3440683364136197,inf,0,0,0,0,-1,inf,0,-1,1,1,1,0,0,7600,0,0,0,2831,4769,1.4583197248035022,3.4401273993514216,False
overtake,P4,18006,50,5.0,3.0,20.76883226150369,17.202168997219456,0.002979570433807102,2.2072034999236762e-25,1000000000.0,43.27566666666667,43.27566666666667,5.728164435685433,3.3545718008360748,inf,0,0,0,0,-1,inf,0,-1,1,1,1,0,0,7600,0,0,0,2826,4774,1.4583197248035022,3.4401273993514216,False
overtake,P0,18007,50,5.0,3.0,20.389100416017353,17.202168997219456,0.0033729771191277104,2.31191415787888e-25,1000000000.0,43.03699999999999,43.03699999999999,5.966677860513376,3.478977346114259,inf,0,0,0,0,-1,inf,0,-1,1,1,1,0,0,7600,0,0,0,2485,5115,1.6001027990071197,3.6571419502826235,False
overtake,P1,18007,50,5.0,3.0,20.53695211794779,17.202168997219456,0.003189943136408673,2.301794112925904e-25,1000000000.0,42.98000000000001,42.98000000000001,6.023643058078744,3.5121578952963484,inf,0,0,0,0,-1,inf,0,-1,1,1,1,0,0,7600,0,0,0,2549,5051,1.6001027990071197,3.6571419502826235,False
overtake,P2,18007,50,5.0,3.0,20.389100416017353,17.202168997219456,0.0033729771191277104,2.31191415787888e-25,1000000000.0,43.03699999999999,43.03699999999999,5.966677860513376,3.478977346114259,inf,0,0,0,0,-1,inf,0,-1,1,1,1,0,0,7600,0,0,0,2485,5115,1.6001027990071197,3.6571419502826235,False
overtake,P3,18007,50,5.0,3.0,20.389100416017353,17.202168997219456,0.0033729771191277104,2.31191415787888e-25,1000000000.0,43.03699999999999,43.03699999999999,5.966677860513376,3.478977346114259,inf,0,0,0,0,-1,inf,0,-1,1,1,1,0,0,7600,0,0,0,2485,5115,1.6001027990071197,3.6571419502826235,False
overtake,P4,18007,50,5.0,3.0,20.3883498969533,17.202168997219456,0.003373103300391181,2.31191415787888e-25,1000000000.0,43.02999999999999,43.02999999999999,5.973673550767613,3.478977346114259,inf,0,0,0,0,-1,inf,0,-1,1,1,1,0,0,7600,0,0,0,2480,5120,1.6001027990071197,3.6571419502826235,False
overtake,P0,18008,50,5.0,3.0,21.052851041904574,17.202168997219456,0.0027985807379954557,2.199594476739779e-25,1000000000.0,43.56399999999999,43.56399999999999,5.440034162681376,3.1974010532022783,inf,0,0,0,0,-1,inf,0,-1,1,1,1,0,0,7600,0,0,0,2929,4671,1.495178447141409,3.5292063009751473,False
overtake,P1,18008,50,5.0,3.0,20.99138684798952,17.202168997219456,0.002781402143897716,2.1889376774324918e-25,1000000000.0,43.260000000000005,43.260000000000005,5.74382065276592,3.350417763752364,inf,0,0,0,0,-1,inf,0,-1,1,1,1,0,0,7600,0,0,0,2789,4811,1.495178447141409,3.5292063009751473,False
overtake,P2,18008,50,5.0,3.0,21.052851041904574,17.202168997219456,0.0027985807379954557,2.199594476739779e-25,1000000000.0,43.56399999999999,43.56399999999999,5.440034162681376,3.1974010532022783,inf,0,0,0,0,-1,inf,0,-1,1,1,1,0,0,7600,0,0,0,2929,4671,1.495178447141409,3.5292063009751473,False
overtake,P3,18008,50,5.0,3.0,21.052851041904574,17.202168997219456,0.0027985807379954557,2.199594476739779e-25,1000000000.0,43.56399999999999,43.56399999999999,5.440034162681376,3.1974010532022783,inf,0,0,0,0,-1,inf,0,-1,1,1,1,0,0,7600,0,0,0,2929,4671,1.495178447141409,3.5292063009751473,False
overtake,P4,18008,50,5.0,3.0,21.047873703301388,17.202168997219456,0.0027991762990546283,2.199594476739779e-25,1000000000.0,43.53366666666666,43.53366666666666,5.470345126429551,3.1974010532022783,inf,0,0,0,0,-1,inf,0,-1,1,1,1,0,0,7600,0,0,0,2907,4693,1.495178447141409,3.5292063009751473,False
overtake,P0,18009,50,5.0,3.0,20.542984160908162,17.202168997219456,0.00325808913070708,2.310450947008829e-25,1000000000.0,43.23066666666667,43.23066666666667,5.77313457337099,3.2160626899726705,inf,0,0,0,0,-1,inf,0,-1,1,1,1,0,0,7600,0,0,0,2680,4920,1.44530639053548,3.4426399276141115,False
overtake,P1,18009,50,5.0,3.0,20.53584141722794,17.202168997219456,0.0031829949785205256,2.301794112561575e-25,1000000000.0,42.95,42.95,6.053625004172321,3.6547180706359566,inf,0,0,0,0,-1,inf,0,-1,1,1,1,0,0,7600,0,0,0,2563,5037,1.44530639053548,3.4426399276141115,False
overtake,P2,18009,50,5.0,3.0,18.61618438726332,16.26503159016523,0.005636655264081752,4.2434681972312594e-21,1000000000.0,42.60900000000001,42.58414847752515,6.529922530048308,4.344711672635943,inf,0,0,0,0,-1,inf,0,-1,1,1,1,0,0,7600,2709,0,0,1135,3756,1.44530639053548,3.4426399276141115,False
overtake,P3,18009,50,5.0,3.0,20.542984160908162,17.202168997219456,0.00325808913070708,2.310450947008829e-25,1000000000.0,43.23066666666667,43.23066666666667,5.77313457337099,3.2160626899726705,inf,0,0,0,0,-1,inf,0,-1,1,1,1,0,0,7600,0,0,0,2680,4920,1.44530639053548,3.4426399276141115,False
overtake,P4,18009,50,5.0,3.0,20.542294254425787,17.202168997219456,0.003258190160599089,2.310450947008829e-25,1000000000.0,43.22566666666667,43.22566666666667,5.778131284038534,3.2160626899726705,inf,0,0,0,0,-1,inf,0,-1,1,1,1,0,0,7600,0,0,0,2676,4924,1.44530639053548,3.4426399276141115,False
overtake,P0,18010,50,5.0,3.0,20.873659323043594,17.202168997219456,0.0028923837504001492,2.1963630725926677e-25,1000000000.0,43.36166666666666,43.36166666666666,5.642222830491389,3.3733750540673575,inf,0,0,0,0,-1,inf,0,-1,1,1,1,0,0,7600,0,0,0,2642,4958,1.5503232400201565,3.5430527539709056,False
overtake,P1,18010,50,5.0,3.0,20.82585615516284,17.202168997219456,0.0028425572461823396,2.185110063786853e-25,1000000000.0,43.020000000000024,43.020000000000024,5.983667411474345,3.3937062742366755,inf,0,0,0,0,-1,inf,0,-1,1,1,1,0,0,7600,0,0,0,2504,5096,1.5503232400201565,3.5430527539709056,False
overtake,P2,18010,50,5.0,3.0,20.873659323043594,17.202168997219456,0.0028923837504001492,2.1963630725926677e-25,1000000000.0,43.36166666666666,43.36166666666666,5.642222830491389,3.3733750540673575,inf,0,0,0,0,-1,inf,0,-1,1,1,1,0,0,7600,0,0,0,2642,4958,1.5503232400201565,3.5430527539709056,False
overtake,P3,18010,50,5.0,3.0,20.873659323043594,17.202168997219456,0.0028923837504001492,2.1963630725926677e-25,1000000000.0,43.36166666666666,43.36166666666666,5.642222830491389,3.3733750540673575,inf,0,0,0,0,-1,inf,0,-1,1,1,1,0,0,7600,0,0,0,2642,4958,1.5503232400201565,3.5430527539709056,False
overtake,P4,18010,50,5.0,3.0,20.873659323043594,17.202168997219456,0.0028923837504001492,2.1963630725926677e-25,1000000000.0,43.36166666666666,43.36166666666666,5.642222830491389,3.3733750540673575,inf,0,0,0,0,-1,inf,0,-1,1,1,1,0,0,7600,0,0,0,2642,4958,1.5503232400201565,3.5430527539709056,False
overtake,P0,18011,50,5.0,3.0,20.773766122008446,17.202168997219456,0.002951791201956255,2.1863557202635566e-25,1000000000.0,43.32466666666667,43.32466666666667,5.679197490454506,3.400476457599737,inf,0,0,0,0,-1,inf,0,-1,1,1,1,0,0,7600,0,0,0,2726,4874,1.4455069739013684,3.357656235433052,False
overtake,P1,18011,50,5.0,3.0,20.689654445878876,17.202168997219456,0.0029887819640707384,2.185259359706243e-25,1000000000.0,43.07,43.07,5.933698314806742,3.4837263876156026,inf,0,0,0,0,-1,inf,0,-1,1,1,1,0,0,7600,0,0,0,2617,4983,1.4455069739013684,3.357656235433052,False
overtake,P2,18011,50,5.0,3.0,20.773766122008446,17.202168997219456,0.002951791201956255,2.1863557202635566e-25,1000000000.0,43.32466666666667,43.32466666666667,5.679197490454506,3.400476457599737,inf,0,0,0,0,-1,inf,0,-1,1,1,1,0,0,7600,0,0,0,2726,4874,1.4455069739013684,3.357656235433052,False
overtake,P3,18011,50,5.0,3.0,20.773766122008446,17.202168997219456,0.002951791201956255,2.1863557202635566e-25,1000000000.0,43.32466666666667,43.32466666666667,5.679197490454506,3.400476457599737,inf,0,0,0,0,-1,inf,0,-1,1,1,1,0,0,7600,0,0,0,2726,4874,1.4455069739013684,3.357656235433052,False
overtake,P4,18011,50,5.0,3.0,20.77209492894483,17.202168997219456,0.0029520253537999065,2.1863557202635566e-25,1000000000.0,43.311333333333344,43.311333333333344,5.692521772956578,3.400476457599737,inf,0,0,0,0,-1,inf,0,-1,1,1,1,0,0,7600,0,0,0,2720,4880,1.4455069739013684,3.357656235433052,False
overtake,P0,18012,50,5.0,3.0,20.79328375315582,17.202168997219456,0.002994951067281967,2.2126208544069063e-25,1000000000.0,43.31899999999998,43.31899999999998,5.684860305332101,3.146122456461736,inf,0,0,0,0,-1,inf,0,-1,1,1,1,0,0,7600,0,0,0,2847,4753,1.39957308042706,3.302661912900067,False
overtake,P1,18012,50,5.0,3.0,20.707634959172495,17.202168997219456,0.0030140600825363023,2.2126208544069063e-25,1000000000.0,42.99999999999999,42.99999999999999,6.003655194224637,3.2740565777410953,inf,0,0,0,0,-1,inf,0,-1,1,1,1,0,0,7600,0,0,0,2703,4897,1.39957308042706,3.302661912900067,False
overtake,P2,18012,50,5.0,3.0,20.79328375315582,17.202168997219456,0.002994951067281967,2.2126208544069063e-25,1000000000.0,43.31899999999998,43.31899999999998,5.684860305332101,3.146122456461736,inf,0,0,0,0,-1,inf,0,-1,1,1,1,0,0,7600,0,0,0,2847,4753,1.39957308042706,3.302661912900067,False
overtake,P3,18012,50,5.0,3.0,20.79328375315582,17.202168997219456,0.002994951067281967,2.2126208544069063e-25,1000000000.0,43.31899999999998,43.31899999999998,5.684860305332101,3.146122456461736,inf,0,0,0,0,-1,inf,0,-1,1,1,1,0,0,7600,0,0,0,2847,4753,1.39957308042706,3.302661912900067,False
overtake,P4,18012,50,5.0,3.0,20.79036477691477,17.202168997219456,0.0029953937687196923,2.2126208544069063e-25,1000000000.0,43.306666666666665,43.306666666666665,5.697185281837413,3.146122456461736,inf,0,0,0,0,-1,inf,0,-1,1,1,1,0,0,7600,0,0,0,2838,4762,1.39957308042706,3.302661912900067,False
overtake,P0,18013,50,5.0,3.0,21.014079053117754,17.202168997219456,0.0027949158596358437,2.1977859984240333e-25,1000000000.0,43.47266666666663,43.47266666666663,5.531300883961975,3.2281278239274664,inf,0,0,0,0,-1,inf,0,-1,1,1,1,0,0,7600,0,0,0,2776,4824,1.5979627473050255,3.6208002426905805,False
overtake,P1,18013,50,5.0,3.0,20.99372782648883,17.202168997219456,0.002734112016330527,2.185109841626684e-25,1000000000.0,43.170000000000016,43.170000000000016,5.833761710178107,3.310195673705442,inf,0,0,0,0,-1,inf,0,-1,1,1,1,0,0,7600,0,0,0,2641,4959,1.5979627473050255,3.6208002426905805,False
overtake,P2,18013,50,5.0,3.0,21.014079053117754,17.202168997219456,0.0027949158596358437,2.1977859984240333e-25,1000000000.0,43.47266666666663,43.47266666666663,5.531300883961975,3.2281278239274664,inf,0,0,0,0,-1,inf,0,-1,1,1,1,0,0,7600,0,0,0,2776,4824,1.5979627473050255,3.6208002426905805,False
overtake,P3,18013,50,5.0,3.0,21.014079053117754,17.202168997219456,0.0027949158596358437,2.1977859984240333e-25,1000000000.0,43.47266666666663,43.47266666666663,5.531300883961975,3.2281278239274664,inf,0,0,0,0,-1,inf,0,-1,1,1,1,0,0,7600,0,0,0,2776,4824,1.5979627473050255,3.6208002426905805,False
overtake,P4,18013,50,5.0,3.0,21.006775884495834,17.202168997219456,0.002795900658373935,2.1977859984240333e-25,1000000000.0,43.432333333333304,43.432333333333304,5.571605495927706,3.2281278239274664,inf,0,0,0,0,-1,inf,0,-1,1,1,1,0,0,7600,0,0,0,2744,4856,1.5979627473050255,3.6208002426905805,False
overtake,P0,18014,50,5.0,3.0,20.844341361460387,17.202168997219456,0.0028990725414168262,2.196136170161828e-25,1000000000.0,43.278333333333315,43.278333333333315,5.725499553365194,3.3544113750204487,inf,0,0,0,0,-1,inf,0,-1,1,1,1,0,0,7600,0,0,0,2758,4842,1.5711927774221415,3.5535684128941183,False
overtake,P1,18014,50,5.0,3.0,20.74360528922067,17.202168997219456,0.0029142812009235225,2.1858531207785455e-25,1000000000.0,43.029999999999994,43.029999999999994,5.9736735507676055,3.5154588316001742,inf,0,0,0,0,-1,inf,0,-1,1,1,1,0,0,7600,0,0,0,2639,4961,1.5711927774221415,3.5535684128941183,False
overtake,P2,18014,50,5.0,3.0,20.844341361460387,17.202168997219456,0.0028990725414168262,2.196136170161828e-25,1000000000.0,43.278333333333315,43.278333333333315,5.725499553365194,3.3544113750204487,inf,0,0,0,0,-1,inf,0,-1,1,1,1,0,0,7600,0,0,0,2758,4842,1.5711927774221415,3.5535684128941183,False
overtake,P3,18014,50,5.0,3.0,20.844341361460387,17.202168997219456,0.0028990725414168262,2.196136170161828e-25,1000000000.0,43.278333333333315,43.278333333333315,5.725499553365194,3.3544113750204487,inf,0,0,0,0,-1,inf,0,-1,1,1,1,0,0,7600,0,0,0,2758,4842,1.5711927774221415,3.5535684128941183,False
overtake,P4,18014,50,5.0,3.0,20.83938437815941,17.202168997219456,0.0028998795383775623,2.196136170161828e-25,1000000000.0,43.288333333333306,43.288333333333306,5.715506259488463,3.3544113750204487,inf,0,0,0,0,-1,inf,0,-1,1,1,1,0,0,7600,0,0,0,2746,4854,1.5711927774221415,3.5535684128941183,False
overtake,P0,18015,50,5.0,3.0,21.122921696064864,17.202168997219456,0.0027645696287425373,2.1865857328189573e-25,1000000000.0,43.62666666666667,43.62666666666667,5.377414509060226,3.0688970685924986,inf,0,0,0,0,-1,inf,0,-1,2,1,1,0,0,7600,0,0,0,2901,4699,1.3831261568406676,3.283636133609215,False
overtake,P1,18015,50,5.0,3.0,20.94979923802828,17.202168997219456,0.002798056136223234,2.1851119384090733e-25,1000000000.0,43.169999999999995,43.169999999999995,5.833761710178129,3.3318015123319173,inf,0,0,0,0,-1,inf,0,-1,1,1,1,0,0,7600,0,0,0,2681,4919,1.3831261568406676,3.283636133609215,False
overtake,P2,18015,50,5.0,3.0,21.122921696064864,17.202168997219456,0.0027645696287425373,2.1865857328189573e-25,1000000000.0,43.62666666666667,43.62666666666667,5.377414509060226,3.0688970685924986,inf,0,0,0,0,-1,inf,0,-1,2,1,1,0,0,7600,0,0,0,2901,4699,1.3831261568406676,3.283636133609215,False
overtake,P3,18015,50,5.0,3.0,21.122921696064864,17.202168997219456,0.0027645696287425373,2.1865857328189573e-25,1000000000.0,43.62666666666667,43.62666666666667,5.377414509060226,3.0688970685924986,inf,0,0,0,0,-1,inf,0,-1,2,1,1,0,0,7600,0,0,0,2901,4699,1.3831261568406676,3.283636133609215,False
overtake,P4,18015,50,5.0,3.0,21.13843011605797,17.202168997219456,0.002763086770529784,2.1865857328189573e-25,1000000000.0,43.626666666666665,43.62558073864608,5.376624269331971,3.0688970685924986,inf,0,0,0,0,-1,inf,0,-1,2,1,1,0,0,7600,47,0,0,2861,4692,1.3831261568406676,3.283636133609215,False
overtake,P0,18016,50,5.0,3.0,20.72853275808061,17.202168997219456,0.0029937399473499104,2.1932199311122336e-25,1000000000.0,43.31599999999999,43.31599999999999,5.687858269255706,3.543524175802953,inf,0,0,0,0,-1,inf,0,-1,1,1,1,0,0,7600,0,0,0,2730,4870,1.372043976846025,3.332764882037368,False
overtake,P1,18016,50,5.0,3.0,20.762285249432512,17.202168997219456,0.0029170537710714356,2.185236576252738e-25,1000000000.0,43.150000000000006,43.150000000000006,5.853748857880761,3.6354636492419683,inf,0,0,0,0,-1,inf,0,-1,1,1,1,0,0,7600,0,0,0,2660,4940,1.372043976846025,3.332764882037368,False
overtake,P2,18016,50,5.0,3.0,20.72853275808061,17.202168997219456,0.0029937399473499104,2.1932199311122336e-25,1000000000.0,43.31599999999999,43.31599999999999,5.687858269255706,3.543524175802953,inf,0,0,0,0,-1,inf,0,-1,1,1,1,0,0,7600,0,0,0,2730,4870,1.372043976846025,3.332764882037368,False
overtake,P3,18016,50,5.0,3.0,20.72853275808061,17.202168997219456,0.0029937399473499104,2.1932199311122336e-25,1000000000.0,43.31599999999999,43.31599999999999,5.687858269255706,3.543524175802953,inf,0,0,0,0,-1,inf,0,-1,1,1,1,0,0,7600,0,0,0,2730,4870,1.372043976846025,3.332764882037368,False
overtake,P4,18016,50,5.0,3.0,20.725900918711055,17.202168997219456,0.002994188614923426,2.1932199311122336e-25,1000000000.0,43.307,43.307,5.696852173888695,3.543524175802953,inf,0,0,0,0,-1,inf,0,-1,1,1,1,0,0,7600,0,0,0,2727,4873,1.372043976846025,3.332764882037368,False
overtake,P0,18017,50,5.0,3.0,20.97012804397948,17.202168997219456,0.002869463248833985,2.2223067596136093e-25,1000000000.0,43.49633333333332,43.49633333333332,5.507651266095042,3.187395957396888,inf,0,0,0,0,-1,inf,0,-1,1,1,1,0,0,7600,0,0,0,2947,4653,1.506076534190226,3.535215756525818,False
overtake,P1,18017,50,5.0,3.0,20.873995143223546,17.202168997219456,0.002890202878202151,2.2223067596136093e-25,1000000000.0,43.19000000000002,43.19000000000002,5.813774650873575,3.1993517391119033,inf,0,0,0,0,-1,inf,0,-1,1,1,1,0,0,7600,0,0,0,2764,4836,1.506076534190226,3.535215756525818,False
overtake,P2,18017,50,5.0,3.0,20.97012804397948,17.202168997219456,0.002869463248833985,2.2223067596136093e-25,1000000000.0,43.49633333333332,43.49633333333332,5.507651266095042,3.187395957396888,inf,0,0,0,0,-1,inf,0,-1,1,1,1,0,0,7600,0,0,0,2947,4653,1.506076534190226,3.535215756525818,False
overtake,P3,18017,50,5.0,3.0,20.97012804397948,17.202168997219456,0.002869463248833985,2.2223067596136093e-25,1000000000.0,43.49633333333332,43.49633333333332,5.507651266095042,3.187395957396888,inf,0,0,0,0,-1,inf,0,-1,1,1,1,0,0,7600,0,0,0,2947,4653,1.506076534190226,3.535215756525818,False
overtake,P4,18017,50,5.0,3.0,20.968782028374154,17.202168997219456,0.002869623909557493,2.2223067596136093e-25,1000000000.0,43.484666666666655,43.484666666666655,5.519309510157796,3.187395957396888,inf,0,0,0,0,-1,inf,0,-1,1,1,1,0,0,7600,0,0,0,2937,4663,1.506076534190226,3.535215756525818,False
overtake,P0,18018,50,5.0,3.0,20.932410757814033,17.202168997219456,0.002853296782975084,2.1872755132415437e-25,1000000000.0,43.41933333333334,43.41933333333334,5.584596327003836,3.2481301789412953,inf,0,0,0,0,-1,inf,0,-1,1,1,1,0,0,7600,0,0,0,2716,4884,1.4392811113434063,3.353673517364498,False
overtake,P1,18018,50,5.0,3.0,20.958904663827546,17.202168997219456,0.0027964932714985343,2.185110063786852e-25,1000000000.0,43.33999999999998,43.33999999999998,5.66387461823976,3.2892819431711593,inf,0,0,0,0,-1,inf,0,-1,1,1,1,0,0,7600,0,0,0,2716,4884,1.4392811113434063,3.353673517364498,False
overtake,P2,18018,50,5.0,3.0,20.932410757814033,17.202168997219456,0.002853296782975084,2.1872755132415437e-25,1000000000.0,43.41933333333334,43.41933333333334,5.584596327003836,3.2481301789412953,inf,0,0,0,0,-1,inf,0,-1,1,1,1,0,0,7600,0,0,0,2716,4884,1.4392811113434063,3.353673517364498,False
overtake,P3,18018,50,5.0,3.0,20.932410757814033,17.202168997219456,0.002853296782975084,2.1872755132415437e-25,1000000000.0,43.41933333333334,43.41933333333334,5.584596327003836,3.2481301789412953,inf,0,0,0,0,-1,inf,0,-1,1,1,1,0,0,7600,0,0,0,2716,4884,1.4392811113434063,3.353673517364498,False
overtake,P4,18018,50,5.0,3.0,20.927552721664565,17.202168997219456,0.0028539511752100504,2.1872755132415437e-25,1000000000.0,43.392666666666685,43.392666666666685,5.611244318531433,3.2481301789412953,inf,0,0,0,0,-1,inf,0,-1,1,1,1,0,0,7600,0,0,0,2711,4889,1.4392811113434063,3.353673517364498,False
overtake,P0,18019,50,5.0,3.0,20.857729423296327,17.202168997219456,0.0029103360398497705,2.198493671069292e-25,1000000000.0,43.282,43.282,5.721835342889589,3.283650471008991,inf,0,0,0,0,-1,inf,0,-1,1,1,1,0,0,7600,0,0,0,2696,4904,1.5919385840837919,3.558993198263274,False
overtake,P1,18019,50,5.0,3.0,20.832692780310357,17.202168997219456,0.0028204266128077195,2.1851098583494066e-25,1000000000.0,42.960000000000015,42.960000000000015,6.043631002232035,3.659065595245971,inf,0,0,0,0,-1,inf,0,-1,1,1,1,0,0,7600,0,0,0,2590,5010,1.5919385840837919,3.558993198263274,False
overtake,P2,18019,50,5.0,3.0,20.857729423296327,17.202168997219456,0.0029103360398497705,2.198493671069292e-25,1000000000.0,43.282,43.282,5.721835342889589,3.283650471008991,inf,0,0,0,0,-1,inf,0,-1,1,1,1,0,0,7600,0,0,0,2696,4904,1.5919385840837919,3.558993198263274,False
overtake,P3,18019,50,5.0,3.0,20.857729423296327,17.202168997219456,0.0029103360398497705,2.198493671069292e-25,1000000000.0,43.282,43.282,5.721835342889589,3.283650471008991,inf,0,0,0,0,-1,inf,0,-1,1,1,1,0,0,7600,0,0,0,2696,4904,1.5919385840837919,3.558993198263274,False
overtake,P4,18019,50,5.0,3.0,20.850661933854326,17.202168997219456,0.002911476793963932,2.198493671069292e-25,1000000000.0,43.29466666666667,43.29466666666667,5.70917718551323,3.283650471008991,inf,0,0,0,0,-1,inf,0,-1,1,1,1,0,0,7600,0,0,0,2712,4888,1.5919385840837919,3.558993198263274,False
intersection_turn,P0,18000,50,5.0,3.0,18.372405262475404,14.72403780401211,0.009638046422503037,2.2614855272116717e-15,999999999.9999979,41.639999999999986,41.639999999999986,6.41011700361235,3.9550147740798045,inf,0,0,0,0,-1,inf,0,-1,0,0,-1,0,0,7600,0,0,0,2794,4806,1.414579135854445,3.242358271038134,False
intersection_turn,P1,18000,50,5.0,3.0,18.365472941063853,14.72403780401211,0.009643332433843337,2.2614855272116717e-15,999999999.9999979,41.57,41.57,6.479575603386382,3.9550147740798045,inf,0,0,0,0,-1,inf,0,-1,0,0,-1,0,0,7600,0,0,0,2764,4836,1.414579135854445,3.242358271038134,False
intersection_turn,P2,18000,50,5.0,3.0,18.372405262475404,14.72403780401211,0.009638046422503037,2.2614855272116717e-15,999999999.9999979,41.639999999999986,41.639999999999986,6.41011700361235,3.9550147740798045,inf,0,0,0,0,-1,inf,0,-1,0,0,-1,0,0,7600,0,0,0,2794,4806,1.414579135854445,3.242358271038134,False
intersection_turn,P3,18000,50,5.0,3.0,18.372405262475404,14.72403780401211,0.009638046422503037,2.2614855272116717e-15,999999999.9999979,41.639999999999986,41.639999999999986,6.41011700361235,3.9550147740798045,inf,0,0,0,0,-1,inf,0,-1,0,0,-1,0,0,7600,0,0,0,2794,4806,1.414579135854445,3.242358271038134,False
intersection_turn,P4,18000,50,5.0,3.0,18.48518636974784,14.72403780401211,0.009588869365094699,2.2614855272116717e-15,999999999.9999979,41.65166666666666,41.64997589645022,6.390246102105738,3.9550147740798045,inf,0,0,0,0,-1,inf,0,-1,0,0,-1,0,0,7600,72,0,0,2739,4789,1.414579135854445,3.242358271038134,False
intersection_turn,P0,18001,50,5.0,3.0,18.212394947557193,14.72403780401211,0.009941854529889571,2.265339414723714e-15,999999999.9999979,41.480000000000025,41.480000000000025,6.568896406551079,4.192246624478267,inf,0,0,0,0,-1,inf,0,-1,0,0,-1,0,0,7600,0,0,0,2699,4901,1.551254976329323,3.490512288429962,False
intersection_turn,P1,18001,50,5.0,3.0,18.1955754205634,14.72403780401211,0.009957668143546648,2.265339414723714e-15,999999999.9999979,41.34000000000002,41.34000000000002,6.707875967845542,4.192246624478267,inf,0,0,0,0,-1,inf,0,-1,0,0,-1,0,0,7600,0,0,0,2661,4939,1.551254976329323,3.490512288429962,False
intersection_turn,P2,18001,50,5.0,3.0,18.212394947557193,14.72403780401211,0.009941854529889571,2.265339414723714e-15,999999999.9999979,41.480000000000025,41.480000000000025,6.568896406551079,4.192246624478267,inf,0,0,0,0,-1,inf,0,-1,0,0,-1,0,0,7600,0,0,0,2699,4901,1.551254976329323,3.490512288429962,False
intersection_turn,P3,18001,50,5.0,3.0,18.212394947557193,14.72403780401211,0.009941854529889571,2.265339414723714e-15,999999999.9999979,41.480000000000025,41.480000000000025,6.568896406551079,4.192246624478267,inf,0,0,0,0,-1,inf,0,-1,0,0,-1,0,0,7600,0,0,0,2699,4901,1.551254976329323,3.490512288429962,False
intersection_turn,P4,18001,50,5.0,3.0,18.212394947557193,14.72403780401211,0.009941854529889571,2.265339414723714e-15,999999999.9999979,41.480000000000025,41.480000000000025,6.568896406551079,4.192246624478267,inf,0,0,0,0,-1,inf,0,-1,0,0,-1,0,0,7600,0,0,0,2699,4901,1.551254976329323,3.490512288429962,False
intersection_turn,P0,18002,50,5.0,3.0,18.3318984143829,14.72403780401211,0.009677386183429964,2.2614855272116717e-15,999999999.9999979,41.606666666666655,41.606666666666655,6.443191065854811,3.9550147740798045,inf,0,0,0,0,-1,inf,0,-1,0,0,-1,0,0,7600,0,0,0,2802,4798,1.398597446264471,3.1800314150434867,False
intersection_turn,P1,18002,50,5.0,3.0,18.291310110947435,14.72403780401211,0.009713474992692867,2.2614855272116717e-15,999999999.9999979,41.32000000000001,41.32000000000001,6.727733645143801,3.9550147740798045,inf,0,0,0,0,-1,inf,0,-1,0,0,-1,0,0,7600,0,0,0,2691,4909,1.398597446264471,3.1800314150434867,False
intersection_turn,P2,18002,50,5.0,3.0,18.3318984143829,14.72403780401211,0.009677386183429964,2.2614855272116717e-15,999999999.9999979,41.606666666666655,41.606666666666655,6.443191065854811,3.9550147740798045,inf,0,0,0,0,-1,inf,0,-1,0,0,-1,0,0,7600,0,0,0,2802,4798,1.398597446264471,3.1800314150434867,False
intersection_turn,P3,18002,50,5.0,3.0,18.3318984143829,14.72403780401211,0.009677386183429964,2.2614855272116717e-15,999999999.9999979,41.606666666666655,41.606666666666655,6.443191065854811,3.9550147740798045,inf,0,0,0,0,-1,inf,0,-1,0,0,-1,0,0,7600,0,0,0,2802,4798,1.398597446264471,3.1800314150434867,False
intersection_turn,P4,18002,50,5.0,3.0,18.330069431414802,14.72403780401211,0.009678637942790667,2.2614855272116717e-15,999999999.9999979,41.58166666666666,41.58166666666666,6.467998359444583,3.9550147740798045,inf,0,0,0,0,-1,inf,0,-1,0,0,-1,0,0,7600,0,0,0,2793,4807,1.398597446264471,3.1800314150434867,False
intersection_turn,P0,18003,50,5.0,3.0,18.201968806214403,14.72403780401211,0.009978673147209165,2.2857810681714177e-15,999999999.9999976,41.42000000000001,41.42000000000001,6.628453816690578,4.200509536258781,inf,0,0,0,0,-1,inf,0,-1,0,0,-1,0,0,7600,0,0,0,2490,5110,1.5735719273011781,3.5468321073782065,False
intersection_turn,P1,18003,50,5.0,3.0,18.189308223706806,14.72403780401211,0.009991267290675567,2.2857810681714177e-15,999999999.9999976,41.34000000000001,41.34000000000001,6.707875967845549,4.200509536258781,inf,0,0,0,0,-1,inf,0,-1,0,0,-1,0,0,7600,0,0,0,2454,5146,1.5735719273011781,3.5468321073782065,False
intersection_turn,P2,18003,50,5.0,3.0,18.201968806214403,14.72403780401211,0.009978673147209165,2.2857810681714177e-15,999999999.9999976,41.42000000000001,41.42000000000001,6.628453816690578,4.200509536258781,inf,0,0,0,0,-1,inf,0,-1,0,0,-1,0,0,7600,0,0,0,2490,5110,1.5735719273011781,3.5468321073782065,False
intersection_turn,P3,18003,50,5.0,3.0,18.201968806214403,14.72403780401211,0.009978673147209165,2.2857810681714177e-15,999999999.9999976,41.42000000000001,41.42000000000001,6.628453816690578,4.200509536258781,inf,0,0,0,0,-1,inf,0,-1,0,0,-1,0,0,7600,0,0,0,2490,5110,1.5735719273011781,3.5468321073782065,False
intersection_turn,P4,18003,50,5.0,3.0,18.199699661866326,14.72403780401211,0.009980318260621105,2.2857810681714177e-15,999999999.9999976,41.38833333333336,41.38833333333336,6.6598900975249435,4.200509536258781,inf,0,0,0,0,-1,inf,0,-1,0,0,-1,0,0,7600,0,0,0,2473,5127,1.5735719273011781,3.5468321073782065,False
intersection_turn,P0,18004,50,5.0,3.0,18.333395669458255,14.72403780401211,0.009679972396571734,2.2614855272116717e-15,999999999.9999979,41.68333333333334,41.68333333333334,6.367124765369195,3.9550147740798045,inf,0,0,0,0,-1,inf,0,-1,0,0,-1,0,0,7600,0,0,0,2739,4861,1.49865852548331,3.383813850232051,False
intersection_turn,P1,18004,50,5.0,3.0,18.305778100594008,14.72403780401211,0.00970415046552961,2.2614855272116717e-15,999999999.9999979,41.47,41.47,6.578822083017599,3.9550147740798045,inf,0,0,0,0,-1,inf,0,-1,0,0,-1,0,0,7600,0,0,0,2663,4937,1.49865852548331,3.383813850232051,False
intersection_turn,P2,18004,50,5.0,3.0,18.333395669458255,14.72403780401211,0.009679972396571734,2.2614855272116717e-15,999999999.9999979,41.68333333333334,41.68333333333334,6.367124765369195,3.9550147740798045,inf,0,0,0,0,-1,inf,0,-1,0,0,-1,0,0,7600,0,0,0,2739,4861,1.49865852548331,3.383813850232051,False
intersection_turn,P3,18004,50,5.0,3.0,18.333395669458255,14.72403780401211,0.009679972396571734,2.2614855272116717e-15,999999999.9999979,41.68333333333334,41.68333333333334,6.367124765369195,3.9550147740798045,inf,0,0,0,0,-1,inf,0,-1,0,0,-1,0,0,7600,0,0,0,2739,4861,1.49865852548331,3.383813850232051,False
intersection_turn,P4,18004,50,5.0,3.0,18.331057047714722,14.72403780401211,0.009681569575479207,2.2614855272116717e-15,999999999.9999979,41.6533333333333,41.6533333333333,6.396888132348274,3.9550147740798045,inf,0,0,0,0,-1,inf,0,-1,0,0,-1,0,0,7600,0,0,0,2729,4871,1.49865852548331,3.383813850232051,False
intersection_turn,P0,18005,50,5.0,3.0,18.343398618961952,14.72403780401211,0.009671038299560907,2.2614855272116717e-15,999999999.9999979,41.603333333333325,41.603333333333325,6.446498618974843,3.9550147740798045,inf,0,0,0,0,-1,inf,0,-1,0,0,-1,0,0,7600,0,0,0,2745,4855,1.5604268264450059,3.575793205916237,False
intersection_turn,P1,18005,50,5.0,3.0,18.338172054920257,14.72403780401211,0.009674615970817181,2.2614855272116717e-15,999999999.9999979,41.57,41.57,6.479575603386382,3.9550147740798045,inf,0,0,0,0,-1,inf,0,-1,0,0,-1,0,0,7600,0,0,0,2737,4863,1.5604268264450059,3.575793205916237,False
intersection_turn,P2,18005,50,5.0,3.0,18.343398618961952,14.72403780401211,0.009671038299560907,2.2614855272116717e-15,999999999.9999979,41.603333333333325,41.603333333333325,6.446498618974843,3.9550147740798045,inf,0,0,0,0,-1,inf,0,-1,0,0,-1,0,0,7600,0,0,0,2745,4855,1.5604268264450059,3.575793205916237,False
intersection_turn,P3,18005,50,5.0,3.0,18.343398618961952,14.72403780401211,0.009671038299560907,2.2614855272116717e-15,999999999.9999979,41.603333333333325,41.603333333333325,6.446498618974843,3.9550147740798045,inf,0,0,0,0,-1,inf,0,-1,0,0,-1,0,0,7600,0,0,0,2745,4855,1.5604268264450059,3.575793205916237,False
intersection_turn,P4,18005,50,5.0,3.0,18.451263379847674,14.72403780401211,0.009623370308487752,2.2614855272116717e-15,999999999.9999979,41.57333333333332,41.571714457133,6.468297920570635,3.9550147740798045,inf,0,0,0,0,-1,inf,0,-1,0,0,-1,0,0,7600,71,0,0,2669,4860,1.5604268264450059,3.575793205916237,False
intersection_turn,P0,18006,50,5.0,3.0,18.358552839090017,14.72403780401211,0.009655612496267525,2.2614855272116717e-15,999999999.9999979,41.70333333333332,41.70333333333332,6.3472837585152355,3.9550147740798045,inf,0,0,0,0,-1,inf,0,-1,0,0,-1,0,0,7600,0,0,0,2837,4763,1.4357412399968437,3.264794123885184,False
intersection_turn,P1,18006,50,5.0,3.0,18.34292267711209,14.72403780401211,0.009670655151218488,2.2614855272116717e-15,999999999.9999979,41.61000000000001,41.61000000000001,6.43988353931963,3.9550147740798045,inf,0,0,0,0,-1,inf,0,-1,0,0,-1,0,0,7600,0,0,0,2809,4791,1.4357412399968437,3.264794123885184,False
intersection_turn,P2,18006,50,5.0,3.0,18.358552839090017,14.72403780401211,0.009655612496267525,2.2614855272116717e-15,999999999.9999979,41.70333333333332,41.70333333333332,6.3472837585152355,3.9550147740798045,inf,0,0,0,0,-1,inf,0,-1,0,0,-1,0,0,7600,0,0,0,2837,4763,1.4357412399968437,3.264794123885184,False
intersection_turn,P3,18006,50,5.0,3.0,18.358552839090017,14.72403780401211,0.009655612496267525,2.2614855272116717e-15,999999999.9999979,41.70333333333332,41.70333333333332,6.3472837585152355,3.9550147740798045,inf,0,0,0,0,-1,inf,0,-1,0,0,-1,0,0,7600,0,0,0,2837,4763,1.4357412399968437,3.264794123885184,False
intersection_turn,P4,18006,50,5.0,3.0,18.358552839090017,14.72403780401211,0.009655612496267525,2.2614855272116717e-15,999999999.9999979,41.70333333333332,41.70333333333332,6.3472837585152355,3.9550147740798045,inf,0,0,0,0,-1,inf,0,-1,0,0,-1,0,0,7600,0,0,0,2837,4763,1.4357412399968437,3.264794123885184,False
intersection_turn,P0,18007,50,5.0,3.0,18.010504655627415,14.72403780401211,0.010526912153160928,2.3612168683744522e-15,999999999.9999976,41.123999999999995,41.123999999999995,6.922382248908252,4.653905635968291,inf,0,0,0,0,-1,inf,0,-1,0,0,-1,0,0,7600,0,0,0,2442,5158,1.5726797178404996,3.5095645378043994,False
intersection_turn,P1,18007,50,5.0,3.0,17.954901220025977,14.72403780401211,0.010635574906894606,2.3579263512351845e-15,999999999.9999976,40.89999999999996,40.89999999999996,7.144928271158538,4.76688429876738,inf,0,0,0,0,-1,inf,0,-1,0,0,-1,0,0,7600,0,0,0,2337,5263,1.5726797178404996,3.5095645378043994,False
intersection_turn,P2,18007,50,5.0,3.0,18.010504655627415,14.72403780401211,0.010526912153160928,2.3612168683744522e-15,999999999.9999976,41.123999999999995,41.123999999999995,6.922382248908252,4.653905635968291,inf,0,0,0,0,-1,inf,0,-1,0,0,-1,0,0,7600,0,0,0,2442,5158,1.5726797178404996,3.5095645378043994,False
intersection_turn,P3,18007,50,5.0,3.0,18.010504655627415,14.72403780401211,0.010526912153160928,2.3612168683744522e-15,999999999.9999976,41.123999999999995,41.123999999999995,6.922382248908252,4.653905635968291,inf,0,0,0,0,-1,inf,0,-1,0,0,-1,0,0,7600,0,0,0,2442,5158,1.5726797178404996,3.5095645378043994,False
intersection_turn,P4,18007,50,5.0,3.0,18.008520230023,14.72403780401211,0.010528519741574052,2.3612168683744522e-15,999999999.9999976,41.097333333333324,41.097333333333324,6.948870923474636,4.653905635968291,inf,0,0,0,0,-1,inf,0,-1,0,0,-1,0,0,7600,0,0,0,2428,5172,1.5726797178404996,3.5095645378043994,False
intersection_turn,P0,18008,50,5.0,3.0,18.363779026802703,14.72403780401211,0.009649416438569777,2.2614855272116717e-15,999999999.9999979,41.72499999999998,41.72499999999998,6.325790464440018,3.9550147740798045,inf,0,0,0,0,-1,inf,0,-1,0,0,-1,0,0,7600,0,0,0,2798,4802,1.5251373905848098,3.4330040034399785,False
intersection_turn,P1,18008,50,5.0,3.0,18.3504749670857,14.72403780401211,0.009661807910605056,2.2614855272116717e-15,999999999.9999979,41.59000000000001,41.59000000000001,6.459729096486931,3.9550147740798045,inf,0,0,0,0,-1,inf,0,-1,0,0,-1,0,0,7600,0,0,0,2740,4860,1.5251373905848098,3.4330040034399785,False
intersection_turn,P2,18008,50,5.0,3.0,18.363779026802703,14.72403780401211,0.009649416438569777,2.2614855272116717e-15,999999999.9999979,41.72499999999998,41.72499999999998,6.325790464440018,3.9550147740798045,inf,0,0,0,0,-1,inf,0,-1,0,0,-1,0,0,7600,0,0,0,2798,4802,1.5251373905848098,3.4330040034399785,False
intersection_turn,P3,18008,50,5.0,3.0,18.363779026802703,14.72403780401211,0.009649416438569777,2.2614855272116717e-15,999999999.9999979,41.72499999999998,41.72499999999998,6.325790464440018,3.9550147740798045,inf,0,0,0,0,-1,inf,0,-1,0,0,-1,0,0,7600,0,0,0,2798,4802,1.5251373905848098,3.4330040034399785,False
intersection_turn,P4,18008,50,5.0,3.0,18.361421790488166,14.72403780401211,0.009650978619946403,2.2614855272116717e-15,999999999.9999979,41.69166666666665,41.69166666666665,6.358857558118807,3.9550147740798045,inf,0,0,0,0,-1,inf,0,-1,0,0,-1,0,0,7600,0,0,0,2784,4816,1.5251373905848098,3.4330040034399785,False
intersection_turn,P0,18009,50,5.0,3.0,18.2543759906064,14.72403780401211,0.009928148030130509,2.2857810681714177e-15,999999999.9999976,41.616666666666674,41.616666666666674,6.433268566167928,4.200509536258781,inf,0,0,0,0,-1,inf,0,-1,0,0,-1,0,0,7600,0,0,0,2705,4895,1.4648941852565935,3.3808233573971282,False
intersection_turn,P1,18009,50,5.0,3.0,18.23964573834137,14.72403780401211,0.009940912509806584,2.2857810681714177e-15,999999999.9999976,41.500000000000014,41.500000000000014,6.5490457320131625,4.200509536258781,inf,0,0,0,0,-1,inf,0,-1,0,0,-1,0,0,7600,0,0,0,2652,4948,1.4648941852565935,3.3808233573971282,False
intersection_turn,P2,18009,50,5.0,3.0,18.2543759906064,14.72403780401211,0.009928148030130509,2.2857810681714177e-15,999999999.9999976,41.616666666666674,41.616666666666674,6.433268566167928,4.200509536258781,inf,0,0,0,0,-1,inf,0,-1,0,0,-1,0,0,7600,0,0,0,2705,4895,1.4648941852565935,3.3808233573971282,False
intersection_turn,P3,18009,50,5.0,3.0,18.2543759906064,14.72403780401211,0.009928148030130509,2.2857810681714177e-15,999999999.9999976,41.616666666666674,41.616666666666674,6.433268566167928,4.200509536258781,inf,0,0,0,0,-1,inf,0,-1,0,0,-1,0,0,7600,0,0,0,2705,4895,1.4648941852565935,3.3808233573971282,False
intersection_turn,P4,18009,50,5.0,3.0,18.250947048214126,14.72403780401211,0.009930630629787803,2.2857810681714177e-15,999999999.9999976,41.576666666666675,41.576666666666675,6.472959996100007,4.200509536258781,inf,0,0,0,0,-1,inf,0,-1,0,0,-1,0,0,7600,0,0,0,2692,4908,1.4648941852565935,3.3808233573971282,False
intersection_turn,P0,18010,50,5.0,3.0,18.328102140091588,14.72403780401211,0.009682664769486862,2.2614855272116717e-15,999999999.9999979,41.60333333333331,41.60333333333331,6.446498618974857,3.9550147740798045,inf,0,0,0,0,-1,inf,0,-1,0,0,-1,0,0,7600,0,0,0,2596,5004,1.4926595811581334,3.357815317819289,False
intersection_turn,P1,18010,50,5.0,3.0,18.306666220243166,14.72403780401211,0.009701980133102748,2.2614855272116717e-15,999999999.9999979,41.44,41.44,6.608600456980285,3.9550147740798045,inf,0,0,0,0,-1,inf,0,-1,0,0,-1,0,0,7600,0,0,0,2550,5050,1.4926595811581334,3.357815317819289,False
intersection_turn,P2,18010,50,5.0,3.0,18.328102140091588,14.72403780401211,0.009682664769486862,2.2614855272116717e-15,999999999.9999979,41.60333333333331,41.60333333333331,6.446498618974857,3.9550147740798045,inf,0,0,0,0,-1,inf,0,-1,0,0,-1,0,0,7600,0,0,0,2596,5004,1.4926595811581334,3.357815317819289,False
intersection_turn,P3,18010,50,5.0,3.0,18.328102140091588,14.72403780401211,0.009682664769486862,2.2614855272116717e-15,999999999.9999979,41.60333333333331,41.60333333333331,6.446498618974857,3.9550147740798045,inf,0,0,0,0,-1,inf,0,-1,0,0,-1,0,0,7600,0,0,0,2596,5004,1.4926595811581334,3.357815317819289,False
intersection_turn,P4,18010,50,5.0,3.0,18.326543708156592,14.72403780401211,0.009683708896438646,2.2614855272116717e-15,999999999.9999979,41.57666666666667,41.57666666666667,6.472959996100014,3.9550147740798045,inf,0,0,0,0,-1,inf,0,-1,0,0,-1,0,0,7600,0,0,0,2586,5014,1.4926595811581334,3.357815317819289,False
intersection_turn,P0,18011,50,5.0,3.0,18.355722361906025,14.72403780401211,0.009655531582414261,2.2614855272116717e-15,999999999.9999979,41.68999999999996,41.68999999999996,6.360510985762109,3.9550147740798045,inf,0,0,0,0,-1,inf,0,-1,0,0,-1,0,0,7600,0,0,0,2750,4850,1.4452506637836575,3.2714827319016946,False
intersection_turn,P1,18011,50,5.0,3.0,18.334920388494606,14.72403780401211,0.009672633490141018,2.2614855272116717e-15,999999999.9999979,41.499999999999986,41.499999999999986,6.54904573201319,3.9550147740798045,inf,0,0,0,0,-1,inf,0,-1,0,0,-1,0,0,7600,0,0,0,2682,4918,1.4452506637836575,3.2714827319016946,False
intersection_turn,P2,18011,50,5.0,3.0,18.355722361906025,14.72403780401211,0.009655531582414261,2.2614855272116717e-15,999999999.9999979,41.68999999999996,41.68999999999996,6.360510985762109,3.9550147740798045,inf,0,0,0,0,-1,inf,0,-1,0,0,-1,0,0,7600,0,0,0,2750,4850,1.4452506637836575,3.2714827319016946,False
intersection_turn,P3,18011,50,5.0,3.0,18.355722361906025,14.72403780401211,0.009655531582414261,2.2614855272116717e-15,999999999.9999979,41.68999999999996,41.68999999999996,6.360510985762109,3.9550147740798045,inf,0,0,0,0,-1,inf,0,-1,0,0,-1,0,0,7600,0,0,0,2750,4850,1.4452506637836575,3.2714827319016946,False
intersection_turn,P4,18011,50,5.0,3.0,18.35335209708227,14.72403780401211,0.009657120936596635,2.2614855272116717e-15,999999999.9999979,41.65666666666665,41.65666666666665,6.393580982342991,3.9550147740798045,inf,0,0,0,0,-1,inf,0,-1,0,0,-1,0,0,7600,0,0,0,2744,4856,1.4452506637836575,3.2714827319016946,False
intersection_turn,P0,18012,50,5.0,3.0,18.23371029200958,14.72403780401211,0.009927018489294767,2.2713399047539326e-15,999999999.9999977,41.41000000000002,41.41000000000002,6.638380826677524,4.196377922200296,inf,0,0,0,0,-1,inf,0,-1,0,0,-1,0,0,7600,0,0,0,2758,4842,1.3972411641126095,3.212506317112604,False
intersection_turn,P1,18012,50,5.0,3.0,18.21226338075337,14.72403780401211,0.009945043554716317,2.2713399047539326e-15,999999999.9999977,41.23000000000001,41.23000000000001,6.817103490486253,4.196377922200296,inf,0,0,0,0,-1,inf,0,-1,0,0,-1,0,0,7600,0,0,0,2696,4904,1.3972411641126095,3.212506317112604,False
intersection_turn,P2,18012,50,5.0,3.0,18.23371029200958,14.72403780401211,0.009927018489294767,2.2713399047539326e-15,999999999.9999977,41.41000000000002,41.41000000000002,6.638380826677524,4.196377922200296,inf,0,0,0,0,-1,inf,0,-1,0,0,-1,0,0,7600,0,0,0,2758,4842,1.3972411641126095,3.212506317112604,False
intersection_turn,P3,18012,50,5.0,3.0,18.23371029200958,14.72403780401211,0.009927018489294767,2.2713399047539326e-15,999999999.9999977,41.41000000000002,41.41000000000002,6.638380826677524,4.196377922200296,inf,0,0,0,0,-1,inf,0,-1,0,0,-1,0,0,7600,0,0,0,2758,4842,1.3972411641126095,3.212506317112604,False
intersection_turn,P4,18012,50,5.0,3.0,18.283509002981678,14.72403780401211,0.009903719382884656,2.2713399047539326e-15,999999999.9999977,41.39333333333335,41.392754488253985,6.652151708912953,4.196377922200296,inf,0,0,0,0,-1,inf,0,-1,0,0,-1,0,0,7600,23,0,0,2732,4845,1.3972411641126095,3.212506317112604,False
intersection_turn,P0,18013,50,5.0,3.0,18.354942591882317,14.72403780401211,0.009654894938396594,2.2614855272116717e-15,999999999.9999979,41.68666666666665,41.68666666666665,6.363817861769611,3.9550147740798045,inf,0,0,0,0,-1,inf,0,-1,0,0,-1,0,0,7600,0,0,0,2690,4910,1.5750065584658464,3.4664736022879583,False
intersection_turn,P1,18013,50,5.0,3.0,18.342361708993035,14.72403780401211,0.009664336225146161,2.2614855272116717e-15,999999999.9999979,41.55999999999999,41.55999999999999,6.489499210262696,3.9550147740798045,inf,0,0,0,0,-1,inf,0,-1,0,0,-1,0,0,7600,0,0,0,2644,4956,1.5750065584658464,3.4664736022879583,False
intersection_turn,P2,18013,50,5.0,3.0,18.354942591882317,14.72403780401211,0.009654894938396594,2.2614855272116717e-15,999999999.9999979,41.68666666666665,41.68666666666665,6.363817861769611,3.9550147740798045,inf,0,0,0,0,-1,inf,0,-1,0,0,-1,0,0,7600,0,0,0,2690,4910,1.5750065584658464,3.4664736022879583,False
intersection_turn,P3,18013,50,5.0,3.0,18.354942591882317,14.72403780401211,0.009654894938396594,2.2614855272116717e-15,999999999.9999979,41.68666666666665,41.68666666666665,6.363817861769611,3.9550147740798045,inf,0,0,0,0,-1,inf,0,-1,0,0,-1,0,0,7600,0,0,0,2690,4910,1.5750065584658464,3.4664736022879583,False
intersection_turn,P4,18013,50,5.0,3.0,18.353605592008503,14.72403780401211,0.009655792501989226,2.2614855272116717e-15,999999999.9999979,41.66833333333334,41.66833333333334,6.382006171869292,3.9550147740798045,inf,0,0,0,0,-1,inf,0,-1,0,0,-1,0,0,7600,0,0,0,2680,4920,1.5750065584658464,3.4664736022879583,False
intersection_turn,P0,18014,50,5.0,3.0,18.303111354901617,14.72403780401211,0.00971271854051064,2.261485527211743e-15,999999999.9999979,41.528333333333315,41.528333333333315,6.52092550520589,4.0675258342167,inf,0,0,0,0,-1,inf,0,-1,0,0,-1,0,0,7600,0,0,0,2676,4924,1.5957532227887292,3.470953595883764,False
intersection_turn,P1,18014,50,5.0,3.0,18.283874765830188,14.72403780401211,0.00973324256025188,2.261485527211781e-15,999999999.9999979,41.43000000000002,41.43000000000002,6.618527026461381,4.126188681645392,inf,0,0,0,0,-1,inf,0,-1,0,0,-1,0,0,7600,0,0,0,2650,4950,1.5957532227887292,3.470953595883764,False
intersection_turn,P2,18014,50,5.0,3.0,18.303111354901617,14.72403780401211,0.00971271854051064,2.261485527211743e-15,999999999.9999979,41.528333333333315,41.528333333333315,6.52092550520589,4.0675258342167,inf,0,0,0,0,-1,inf,0,-1,0,0,-1,0,0,7600,0,0,0,2676,4924,1.5957532227887292,3.470953595883764,False
intersection_turn,P3,18014,50,5.0,3.0,18.303111354901617,14.72403780401211,0.00971271854051064,2.261485527211743e-15,999999999.9999979,41.528333333333315,41.528333333333315,6.52092550520589,4.0675258342167,inf,0,0,0,0,-1,inf,0,-1,0,0,-1,0,0,7600,0,0,0,2676,4924,1.5957532227887292,3.470953595883764,False
intersection_turn,P4,18014,50,5.0,3.0,18.35460065142329,14.72403780401211,0.009689403268870854,2.261485527211743e-15,999999999.9999979,41.528333333333315,41.527764215954946,6.5180687201363705,4.0675258342167,inf,0,0,0,0,-1,inf,0,-1,0,0,-1,0,0,7600,24,0,0,2657,4919,1.5957532227887292,3.470953595883764,False
intersection_turn,P0,18015,50,5.0,3.0,18.398420014661507,14.72403780401211,0.009617821512777031,2.2614855272116717e-15,999999999.9999979,41.839999999999996,41.839999999999996,6.211730837697336,3.9550147740798045,inf,0,0,0,0,-1,inf,0,-1,0,0,-1,0,0,7600,0,0,0,2787,4813,1.4120020106509004,3.234166830311764,False
intersection_turn,P1,18015,50,5.0,3.0,18.39222137005702,14.72403780401211,0.009622387748775336,2.2614855272116717e-15,999999999.9999979,41.83,41.83,6.22164769172926,3.9550147740798045,inf,0,0,0,0,-1,inf,0,-1,0,0,-1,0,0,7600,0,0,0,2769,4831,1.4120020106509004,3.234166830311764,False
intersection_turn,P2,18015,50,5.0,3.0,18.398420014661507,14.72403780401211,0.009617821512777031,2.2614855272116717e-15,999999999.9999979,41.839999999999996,41.839999999999996,6.211730837697336,3.9550147740798045,inf,0,0,0,0,-1,inf,0,-1,0,0,-1,0,0,7600,0,0,0,2787,4813,1.4120020106509004,3.234166830311764,False
intersection_turn,P3,18015,50,5.0,3.0,18.398420014661507,14.72403780401211,0.009617821512777031,2.2614855272116717e-15,999999999.9999979,41.839999999999996,41.839999999999996,6.211730837697336,3.9550147740798045,inf,0,0,0,0,-1,inf,0,-1,0,0,-1,0,0,7600,0,0,0,2787,4813,1.4120020106509004,3.234166830311764,False
intersection_turn,P4,18015,50,5.0,3.0,18.510563480459393,14.72403780401211,0.009572088708213529,2.2614855272116717e-15,999999999.9999979,41.80999999999998,41.808400109642456,6.233119235272837,3.9550147740798045,inf,0,0,0,0,-1,inf,0,-1,0,0,-1,0,0,7600,70,0,0,2707,4823,1.4120020106509004,3.234166830311764,False
intersection_turn,P0,18016,50,5.0,3.0,18.362429352733226,14.72403780401211,0.00965216794741628,2.2614855272116717e-15,999999999.9999979,41.78833333333332,41.78833333333332,6.26297076296688,3.9550147740798045,inf,0,0,0,0,-1,inf,0,-1,0,0,-1,0,0,7600,0,0,0,2802,4798,1.438777229713653,3.3188822897528145,False
intersection_turn,P1,18016,50,5.0,3.0,18.34414271465068,14.72403780401211,0.009668954594175234,2.2614855272116717e-15,999999999.9999979,41.66,41.66,6.390273859546244,3.9550147740798045,inf,0,0,0,0,-1,inf,0,-1,0,0,-1,0,0,7600,0,0,0,2743,4857,1.438777229713653,3.3188822897528145,False
intersection_turn,P2,18016,50,5.0,3.0,18.362429352733226,14.72403780401211,0.00965216794741628,2.2614855272116717e-15,999999999.9999979,41.78833333333332,41.78833333333332,6.26297076296688,3.9550147740798045,inf,0,0,0,0,-1,inf,0,-1,0,0,-1,0,0,7600,0,0,0,2802,4798,1.438777229713653,3.3188822897528145,False
intersection_turn,P3,18016,50,5.0,3.0,18.362429352733226,14.72403780401211,0.00965216794741628,2.2614855272116717e-15,999999999.9999979,41.78833333333332,41.78833333333332,6.26297076296688,3.9550147740798045,inf,0,0,0,0,-1,inf,0,-1,0,0,-1,0,0,7600,0,0,0,2802,4798,1.438777229713653,3.3188822897528145,False
intersection_turn,P4,18016,50,5.0,3.0,18.356880776954487,14.72403780401211,0.009655984400249173,2.2614855272116717e-15,999999999.9999979,41.728333333333325,41.728333333333325,6.322483908858755,3.9550147740798045,inf,0,0,0,0,-1,inf,0,-1,0,0,-1,0,0,7600,0,0,0,2781,4819,1.438777229713653,3.3188822897528145,False
intersection_turn,P0,18017,50,5.0,3.0,18.34677454127035,14.72403780401211,0.009665776136682508,2.2614855272116717e-15,999999999.9999979,41.685,41.685,6.365471310123074,3.9550147740798045,inf,0,0,0,0,-1,inf,0,-1,0,0,-1,0,0,7600,0,0,0,2842,4758,1.522683640845715,3.4130753429168434,False
intersection_turn,P1,18017,50,5.0,3.0,18.32406102761667,14.72403780401211,0.009684907165336966,2.2614855272116717e-15,999999999.9999979,41.49000000000001,41.49000000000001,6.5589709558740905,3.9550147740798045,inf,0,0,0,0,-1,inf,0,-1,0,0,-1,0,0,7600,0,0,0,2779,4821,1.522683640845715,3.4130753429168434,False
intersection_turn,P2,18017,50,5.0,3.0,18.34677454127035,14.72403780401211,0.009665776136682508,2.2614855272116717e-15,999999999.9999979,41.685,41.685,6.365471310123074,3.9550147740798045,inf,0,0,0,0,-1,inf,0,-1,0,0,-1,0,0,7600,0,0,0,2842,4758,1.522683640845715,3.4130753429168434,False
intersection_turn,P3,18017,50,5.0,3.0,18.34677454127035,14.72403780401211,0.009665776136682508,2.2614855272116717e-15,999999999.9999979,41.685,41.685,6.365471310123074,3.9550147740798045,inf,0,0,0,0,-1,inf,0,-1,0,0,-1,0,0,7600,0,0,0,2842,4758,1.522683640845715,3.4130753429168434,False
intersection_turn,P4,18017,50,5.0,3.0,18.34677454127035,14.72403780401211,0.009665776136682508,2.2614855272116717e-15,999999999.9999979,41.685,41.685,6.365471310123074,3.9550147740798045,inf,0,0,0,0,-1,inf,0,-1,0,0,-1,0,0,7600,0,0,0,2842,4758,1.522683640845715,3.4130753429168434,False
intersection_turn,P0,18018,50,5.0,3.0,18.330406676544882,14.72403780401211,0.00968440951610082,2.2614855272116717e-15,999999999.9999979,41.64333333333333,41.64333333333333,6.40680974519387,3.9550147740798045,inf,0,0,0,0,-1,inf,0,-1,0,0,-1,0,0,7600,0,0,0,2667,4933,1.4534416860955033,3.279837587750925,False
intersection_turn,P1,18018,50,5.0,3.0,18.3095457063746,14.72403780401211,0.00970091023133912,2.2614855272116717e-15,999999999.9999979,41.430000000000014,41.430000000000014,6.618527026461388,3.9550147740798045,inf,0,0,0,0,-1,inf,0,-1,0,0,-1,0,0,7600,0,0,0,2590,5010,1.4534416860955033,3.279837587750925,False
intersection_turn,P2,18018,50,5.0,3.0,18.330406676544882,14.72403780401211,0.00968440951610082,2.2614855272116717e-15,999999999.9999979,41.64333333333333,41.64333333333333,6.40680974519387,3.9550147740798045,inf,0,0,0,0,-1,inf,0,-1,0,0,-1,0,0,7600,0,0,0,2667,4933,1.4534416860955033,3.279837587750925,False
intersection_turn,P3,18018,50,5.0,3.0,18.330406676544882,14.72403780401211,0.00968440951610082,2.2614855272116717e-15,999999999.9999979,41.64333333333333,41.64333333333333,6.40680974519387,3.9550147740798045,inf,0,0,0,0,-1,inf,0,-1,0,0,-1,0,0,7600,0,0,0,2667,4933,1.4534416860955033,3.279837587750925,False
intersection_turn,P4,18018,50,5.0,3.0,18.328463802493705,14.72403780401211,0.009685711669388855,2.2614855272116717e-15,999999999.9999979,41.61333333333334,41.61333333333334,6.436576039410322,3.9550147740798045,inf,0,0,0,0,-1,inf,0,-1,0,0,-1,0,0,7600,0,0,0,2664,4936,1.4534416860955033,3.279837587750925,False
intersection_turn,P0,18019,50,5.0,3.0,18.360589827341645,14.72403780401211,0.00965033548567126,2.2614855272116717e-15,999999999.9999979,41.691666666666656,41.691666666666656,6.3588575581188,3.9550147740798045,inf,0,0,0,0,-1,inf,0,-1,0,0,-1,0,0,7600,0,0,0,2697,4903,1.5368416295176985,3.3785224770895836,False
intersection_turn,P1,18019,50,5.0,3.0,18.34917274200163,14.72403780401211,0.009659590772827705,2.2614855272116717e-15,999999999.9999979,41.58999999999998,41.58999999999998,6.45972909648696,3.9550147740798045,inf,0,0,0,0,-1,inf,0,-1,0,0,-1,0,0,7600,0,0,0,2655,4945,1.5368416295176985,3.3785224770895836,False
intersection_turn,P2,18019,50,5.0,3.0,18.360589827341645,14.72403780401211,0.00965033548567126,2.2614855272116717e-15,999999999.9999979,41.691666666666656,41.691666666666656,6.3588575581188,3.9550147740798045,inf,0,0,0,0,-1,inf,0,-1,0,0,-1,0,0,7600,0,0,0,2697,4903,1.5368416295176985,3.3785224770895836,False
intersection_turn,P3,18019,50,5.0,3.0,18.360589827341645,14.72403780401211,0.00965033548567126,2.2614855272116717e-15,999999999.9999979,41.691666666666656,41.691666666666656,6.3588575581188,3.9550147740798045,inf,0,0,0,0,-1,inf,0,-1,0,0,-1,0,0,7600,0,0,0,2697,4903,1.5368416295176985,3.3785224770895836,False
intersection_turn,P4,18019,50,5.0,3.0,18.358666170333898,14.72403780401211,0.009651592295779998,2.2614855272116717e-15,999999999.9999979,41.66166666666666,41.66166666666666,6.388620308364279,3.9550147740798045,inf,0,0,0,0,-1,inf,0,-1,0,0,-1,0,0,7600,0,0,0,2691,4909,1.5368416295176985,3.3785224770895836,False
occluding_cut_in,P0,18000,50,5.0,3.0,11.267888282720728,7.327224075401506,0.2107706627715266,0.00021432353040528015,999785676.4695947,17.087302883832308,17.087302883832308,19.431160541768985,11.331044181969368,1.912697116167692,0,0,0,0,-1,inf,0,-1,0,0,-1,0,0,7600,182,0,3814,0,3604,1.7490662348496868,4.112701269634574,False
occluding_cut_in,P1,18000,50,5.0,3.0,11.236706230521282,7.348772949614109,0.21382670649426705,0.00020813477088215814,999791865.2291179,17.09672071521912,17.09176612654551,19.430073758811165,11.331044181969368,1.9103851458070742,0,0,0,0,-1,inf,0,-1,0,0,-1,0,0,7600,266,0,3734,0,3600,1.7490662348496868,4.112701269634574,False
occluding_cut_in,P2,18000,50,5.0,3.0,11.236706230521282,7.348772949614109,0.21382670649426705,0.00020813477088215814,999791865.2291179,17.09672071521912,17.09176612654551,19.430073758811165,11.331044181969368,1.9103851458070742,0,0,0,0,-1,inf,0,-1,0,0,-1,0,0,7600,266,0,3734,0,3600,1.7490662348496868,4.112701269634574,False
occluding_cut_in,P3,18000,50,5.0,3.0,11.234115978422913,7.347532739074193,0.2132565692115898,0.0002082773269617516,999791722.6730384,17.09672071521911,17.09343247158598,19.431160541768985,11.331044181969368,1.9092338673411526,0,0,0,0,-1,inf,0,-1,0,0,-1,0,0,7600,216,0,3784,0,3600,1.7490662348496868,4.112701269634574,False
occluding_cut_in,P4,18000,50,5.0,3.0,11.267888282720728,7.327224075401506,0.2107706627715266,0.00021432353040528015,999785676.4695947,17.087302883832308,17.087302883832308,19.431160541768985,11.331044181969368,1.912697116167692,0,0,0,0,-1,inf,0,-1,0,0,-1,0,0,7600,182,0,3814,0,3604,1.7490662348496868,4.112701269634574,False
occluding_cut_in,P0,18001,50,5.0,3.0,11.267888282720728,7.327224075401506,0.2107706627715266,0.00021432353040528015,999785676.4695947,17.087302883832308,17.087302883832308,19.431160541768985,11.331044181969368,1.912697116167692,0,0,0,0,-1,inf,0,-1,0,0,-1,0,0,7600,182,0,3814,0,3604,1.8170335357171976,4.242638585870787,False
occluding_cut_in,P1,18001,50,5.0,3.0,11.323929889722908,7.33746240387935,0.2079504854985344,0.00020935444522376598,999790645.5547763,17.121780353335428,17.11653427941325,19.43013353196599,11.331044181969368,1.8836732888752445,0,0,0,0,-1,inf,0,-1,0,0,-1,0,0,7600,282,0,3740,0,3578,1.8170335357171976,4.242638585870787,False
occluding_cut_in,P2,18001,50,5.0,3.0,11.279402230947529,7.3325272748345185,0.21008453913158626,0.00021127208617207884,999788727.9138278,17.087302883832304,17.08671813657334,19.43013353196599,11.331044181969368,1.9132821182943816,0,0,0,0,-1,inf,0,-1,0,0,-1,0,0,7600,211,0,3789,0,3600,1.8170335357171976,4.242638585870787,False
occluding_cut_in,P3,18001,50,5.0,3.0,11.271959506513124,7.335881601140441,0.21027690254954082,0.00021045185835408037,999789548.1416459,17.087302883832308,17.087194917016916,19.431160541768985,11.331044181969368,1.9128245916561997,0,0,0,0,-1,inf,0,-1,0,0,-1,0,0,7600,182,0,3814,0,3604,1.8170335357171976,4.242638585870787,False
occluding_cut_in,P4,18001,50,5.0,3.0,11.267888282720728,7.327224075401506,0.2107706627715266,0.00021432353040528015,999785676.4695947,17.087302883832308,17.087302883832308,19.431160541768985,11.331044181969368,1.912697116167692,0,0,0,0,-1,inf,0,-1,0,0,-1,0,0,7600,182,0,3814,0,3604,1.8170335357171976,4.242638585870787,False
occluding_cut_in,P0,18002,50,5.0,3.0,11.267888282720728,7.327224075401506,0.2107706627715266,0.00021432353040528015,999785676.4695947,17.087302883832308,17.087302883832308,19.431160541768985,11.331044181969368,1.912697116167692,0,0,0,0,-1,inf,0,-1,0,0,-1,0,0,7600,182,0,3814,0,3604,1.750896329059814,4.04115496056682,False
occluding_cut_in,P1,18002,50,5.0,3.0,11.329750090613066,7.343209795925162,0.2079885896274973,0.00020917821025226015,999790821.7897477,17.121780353335414,17.116111645705573,19.43013353196599,11.331044181969368,1.8843137349411765,0,0,0,0,-1,inf,0,-1,0,0,-1,0,0,7600,297,0,3725,0,3578,1.750896329059814,4.04115496056682,False
occluding_cut_in,P2,18002,50,5.0,3.0,11.28465228014862,7.313889676680172,0.21001101646830483,0.00021612692634127625,999783873.0736587,17.087302883832304,17.085784205128686,19.43013353196599,11.331044181969368,1.9142217317928765,0,0,0,0,-1,inf,0,-1,0,0,-1,0,0,7600,223,0,3777,0,3600,1.750896329059814,4.04115496056682,False
occluding_cut_in,P3,18002,50,5.0,3.0,11.271959506513124,7.335881601140441,0.21027690254954082,0.00021045185835408037,999789548.1416459,17.087302883832308,17.087194917016916,19.431160541768985,11.331044181969368,1.9128245916561997,0,0,0,0,-1,inf,0,-1,0,0,-1,0,0,7600,182,0,3814,0,3604,1.750896329059814,4.04115496056682,False
occluding_cut_in,P4,18002,50,5.0,3.0,11.267888282720728,7.327224075401506,0.2107706627715266,0.00021432353040528015,999785676.4695947,17.087302883832308,17.087302883832308,19.431160541768985,11.331044181969368,1.912697116167692,0,0,0,0,-1,inf,0,-1,0,0,-1,0,0,7600,182,0,3814,0,3604,1.750896329059814,4.04115496056682,False
occluding_cut_in,P0,18003,50,5.0,3.0,11.267888282720728,7.327224075401506,0.2107706627715266,0.00021432353040528015,999785676.4695947,17.087302883832308,17.087302883832308,19.431160541768985,11.331044181969368,1.912697116167692,0,0,0,0,-1,inf,0,-1,0,0,-1,0,0,7600,182,0,3814,0,3604,1.8947873359757508,4.348798304110535,False
occluding_cut_in,P1,18003,50,5.0,3.0,11.196347348308928,7.307356356531334,0.2154934582117902,0.00021814311153265577,999781856.8884673,17.143537204129014,17.132615809154828,19.431160541768985,11.331044181969368,1.868588616892033,0,0,0,0,-1,inf,0,-1,0,0,-1,0,0,7600,349,0,3670,0,3581,1.8947873359757508,4.348798304110535,False
occluding_cut_in,P2,18003,50,5.0,3.0,11.234115978422913,7.347532739074193,0.2132565692115898,0.0002082773269617516,999791722.6730384,17.09672071521911,17.09343247158598,19.431160541768985,11.331044181969368,1.9092338673411526,0,0,0,0,-1,inf,0,-1,0,0,-1,0,0,7600,216,0,3784,0,3600,1.8947873359757508,4.348798304110535,False
occluding_cut_in,P3,18003,50,5.0,3.0,11.234115978422913,7.347532739074193,0.2132565692115898,0.0002082773269617516,999791722.6730384,17.09672071521911,17.09343247158598,19.431160541768985,11.331044181969368,1.9092338673411526,0,0,0,0,-1,inf,0,-1,0,0,-1,0,0,7600,216,0,3784,0,3600,1.8947873359757508,4.348798304110535,False
occluding_cut_in,P4,18003,50,5.0,3.0,11.267888282720728,7.327224075401506,0.2107706627715266,0.00021432353040528015,999785676.4695947,17.087302883832308,17.087302883832308,19.431160541768985,11.331044181969368,1.912697116167692,0,0,0,0,-1,inf,0,-1,0,0,-1,0,0,7600,182,0,3814,0,3604,1.8947873359757508,4.348798304110535,False
occluding_cut_in,P0,18004,50,5.0,3.0,11.267888282720728,7.327224075401506,0.2107706627715266,0.00021432353040528015,999785676.4695947,17.087302883832308,17.087302883832308,19.431160541768985,11.331044181969368,1.912697116167692,0,0,0,0,-1,inf,0,-1,0,0,-1,0,0,7600,182,0,3814,0,3604,1.812077894331411,4.176427954489267,False
occluding_cut_in,P1,18004,50,5.0,3.0,11.317842387555514,7.347911178394956,0.20809858845567283,0.00020659736480202972,999793402.6351981,17.109263734065525,17.105646607948596,19.43013353196599,11.331044181969368,1.8943611174536605,0,0,0,0,-1,inf,0,-1,0,0,-1,0,0,7600,266,0,3747,0,3587,1.812077894331411,4.176427954489267,False
occluding_cut_in,P2,18004,50,5.0,3.0,11.311662582393375,7.350850279306833,0.208200193458099,0.00020595420737059926,999794045.7926294,17.10926373406553,17.106315856674346,19.43013353196599,11.331044181969368,1.8936857185760925,0,0,0,0,-1,inf,0,-1,0,0,-1,0,0,7600,247,0,3766,0,3587,1.812077894331411,4.176427954489267,False
occluding_cut_in,P3,18004,50,5.0,3.0,11.267888282720728,7.327224075401506,0.2107706627715266,0.00021432353040528015,999785676.4695947,17.087302883832308,17.087302883832308,19.431160541768985,11.331044181969368,1.912697116167692,0,0,0,0,-1,inf,0,-1,0,0,-1,0,0,7600,182,0,3814,0,3604,1.812077894331411,4.176427954489267,False
occluding_cut_in,P4,18004,50,5.0,3.0,11.267888282720728,7.327224075401506,0.2107706627715266,0.00021432353040528015,999785676.4695947,17.087302883832308,17.087302883832308,19.431160541768985,11.331044181969368,1.912697116167692,0,0,0,0,-1,inf,0,-1,0,0,-1,0,0,7600,182,0,3814,0,3604,1.812077894331411,4.176427954489267,False
occluding_cut_in,P0,18005,50,5.0,3.0,11.267888282720728,7.327224075401506,0.2107706627715266,0.00021432353040528015,999785676.4695947,17.087302883832308,17.087302883832308,19.431160541768985,11.331044181969368,1.912697116167692,0,0,0,0,-1,inf,0,-1,0,0,-1,0,0,7600,182,0,3814,0,3604,1.8998709318249316,4.400940926894233,False
occluding_cut_in,P1,18005,50,5.0,3.0,11.325507114801077,7.3465172355975525,0.2077533107712367,0.00020699115808860718,999793008.8419114,17.12178035333541,17.116839850670516,19.430073758811165,11.331044181969368,1.8835550144913316,0,0,0,0,-1,inf,0,-1,0,0,-1,0,0,7600,299,0,3720,0,3581,1.8998709318249316,4.400940926894233,False
occluding_cut_in,P2,18005,50,5.0,3.0,11.236841051343934,7.348585069884217,0.21342271277102043,0.0002080558709977231,999791944.1290022,17.096720715219117,17.092681308893116,19.430073758811165,11.331044181969368,1.9096656311676035,0,0,0,0,-1,inf,0,-1,0,0,-1,0,0,7600,243,0,3757,0,3600,1.8998709318249316,4.400940926894233,False
occluding_cut_in,P3,18005,50,5.0,3.0,11.234115978422913,7.347532739074193,0.2132565692115898,0.0002082773269617516,999791722.6730384,17.09672071521911,17.09343247158598,19.431160541768985,11.331044181969368,1.9092338673411526,0,0,0,0,-1,inf,0,-1,0,0,-1,0,0,7600,216,0,3784,0,3600,1.8998709318249316,4.400940926894233,False
occluding_cut_in,P4,18005,50,5.0,3.0,11.267888282720728,7.327224075401506,0.2107706627715266,0.00021432353040528015,999785676.4695947,17.087302883832308,17.087302883832308,19.431160541768985,11.331044181969368,1.912697116167692,0,0,0,0,-1,inf,0,-1,0,0,-1,0,0,7600,182,0,3814,0,3604,1.8998709318249316,4.400940926894233,False
occluding_cut_in,P0,18006,50,5.0,3.0,11.267888282720728,7.327224075401506,0.2107706627715266,0.00021432353040528015,999785676.4695947,17.087302883832308,17.087302883832308,19.431160541768985,11.331044181969368,1.912697116167692,0,0,0,0,-1,inf,0,-1,0,0,-1,0,0,7600,182,0,3814,0,3604,1.7333837828417122,4.075493663785422,False
occluding_cut_in,P1,18006,50,5.0,3.0,11.2990047599884,7.346504018649555,0.20894950092391176,0.00020784943458604496,999792150.5654138,17.08730288383231,17.085203945889702,19.430048105437574,11.331044181969368,1.9148020573252684,0,0,0,0,-1,inf,0,-1,0,0,-1,0,0,7600,235,0,3761,0,3604,1.7333837828417122,4.075493663785422,False
occluding_cut_in,P2,18006,50,5.0,3.0,11.237443136743446,7.348496364291064,0.21337678219934827,0.00020807168041350188,999791928.3195865,17.096720715219117,17.092725783096938,19.430048105437574,11.331044181969368,1.9095945638237422,0,0,0,0,-1,inf,0,-1,0,0,-1,0,0,7600,242,0,3758,0,3600,1.7333837828417122,4.075493663785422,False
occluding_cut_in,P3,18006,50,5.0,3.0,11.234115978422913,7.347532739074193,0.2132565692115898,0.0002082773269617516,999791722.6730384,17.09672071521911,17.09343247158598,19.431160541768985,11.331044181969368,1.9092338673411526,0,0,0,0,-1,inf,0,-1,0,0,-1,0,0,7600,216,0,3784,0,3600,1.7333837828417122,4.075493663785422,False
occluding_cut_in,P4,18006,50,5.0,3.0,11.267888282720728,7.327224075401506,0.2107706627715266,0.00021432353040528015,999785676.4695947,17.087302883832308,17.087302883832308,19.431160541768985,11.331044181969368,1.912697116167692,0,0,0,0,-1,inf,0,-1,0,0,-1,0,0,7600,182,0,3814,0,3604,1.7333837828417122,4.075493663785422,False
occluding_cut_in,P0,18007,50,5.0,3.0,11.267888282720728,7.327224075401506,0.2107706627715266,0.00021432353040528015,999785676.4695947,17.087302883832308,17.087302883832308,19.431160541768985,11.331044181969368,1.912697116167692,0,0,0,0,-1,inf,0,-1,0,0,-1,0,0,7600,182,0,3814,0,3604,1.9155082147397482,4.350709869894895,False
occluding_cut_in,P1,18007,50,5.0,3.0,11.329768253752883,7.3435409880489555,0.20798857291720702,0.0002090745421438015,999790925.4578563,17.121780353335424,17.116096431372927,19.430094201262467,11.331044181969368,1.8843202526281386,0,0,0,0,-1,inf,0,-1,0,0,-1,0,0,7600,295,0,3723,0,3582,1.9155082147397482,4.350709869894895,False
occluding_cut_in,P2,18007,50,5.0,3.0,11.290627815902605,7.341595674204892,0.20946788157260754,0.00020961426193861915,999790385.7380615,17.087302883832304,17.08601047989793,19.430094201262467,11.331044181969368,1.9139981243507482,0,0,0,0,-1,inf,0,-1,0,0,-1,0,0,7600,220,0,3776,0,3604,1.9155082147397482,4.350709869894895,False
occluding_cut_in,P3,18007,50,5.0,3.0,11.225860703385898,7.306477124987945,0.21426607060065175,0.00021907488638274686,999780925.1136171,17.096720715219107,17.093275839460258,19.431160541768985,11.331044181969368,1.9098437800511956,0,0,0,0,-1,inf,0,-1,0,0,-1,0,0,7600,221,0,3779,0,3600,1.9155082147397482,4.350709869894895,False
occluding_cut_in,P4,18007,50,5.0,3.0,11.267888282720728,7.327224075401506,0.2107706627715266,0.00021432353040528015,999785676.4695947,17.087302883832308,17.087302883832308,19.431160541768985,11.331044181969368,1.912697116167692,0,0,0,0,-1,inf,0,-1,0,0,-1,0,0,7600,182,0,3814,0,3604,1.9155082147397482,4.350709869894895,False
occluding_cut_in,P0,18008,50,5.0,3.0,11.267888282720728,7.327224075401506,0.2107706627715266,0.00021432353040528015,999785676.4695947,17.087302883832308,17.087302883832308,19.431160541768985,11.331044181969368,1.912697116167692,0,0,0,0,-1,inf,0,-1,0,0,-1,0,0,7600,182,0,3814,0,3604,1.8088413650469144,4.225107984941952,False
occluding_cut_in,P1,18008,50,5.0,3.0,11.297346239381925,7.342179857882147,0.209310594184372,0.00020942988911364004,999790570.1108866,17.08730288383231,17.08562970992094,19.429105969747095,11.331044181969368,1.914434572684932,0,0,0,0,-1,inf,0,-1,0,0,-1,0,0,7600,254,0,3746,0,3600,1.8088413650469144,4.225107984941952,False
occluding_cut_in,P2,18008,50,5.0,3.0,11.276963380877083,7.330914167477342,0.21037900968694642,0.00021314547187283378,999786854.5281272,17.087302883832308,17.08684058791738,19.43013353196599,11.331044181969368,1.913174713293892,0,0,0,0,-1,inf,0,-1,0,0,-1,0,0,7600,211,0,3789,0,3600,1.8088413650469144,4.225107984941952,False
occluding_cut_in,P3,18008,50,5.0,3.0,11.279704603516379,7.346397526329796,0.2100100123135853,0.00020808701946142477,999791912.9805385,17.0873028838323,17.08646209581056,19.43013353196599,11.331044181969368,1.9135795070334352,0,0,0,0,-1,inf,0,-1,0,0,-1,0,0,7600,220,0,3780,0,3600,1.8088413650469144,4.225107984941952,False
occluding_cut_in,P4,18008,50,5.0,3.0,11.267888282720728,7.327224075401506,0.2107706627715266,0.00021432353040528015,999785676.4695947,17.087302883832308,17.087302883832308,19.431160541768985,11.331044181969368,1.912697116167692,0,0,0,0,-1,inf,0,-1,0,0,-1,0,0,7600,182,0,3814,0,3604,1.8088413650469144,4.225107984941952,False
occluding_cut_in,P0,18009,50,5.0,3.0,11.267888282720728,7.327224075401506,0.2107706627715266,0.00021432353040528015,999785676.4695947,17.087302883832308,17.087302883832308,19.431160541768985,11.331044181969368,1.912697116167692,0,0,0,0,-1,inf,0,-1,0,0,-1,0,0,7600,182,0,3814,0,3604,1.7360901863880016,4.119640828103495,False
occluding_cut_in,P1,18009,50,5.0,3.0,11.29962732672104,7.344853951190786,0.20906290951593273,0.00020848423415284863,999791515.765847,17.087302883832304,17.085414279724226,19.43013353196599,11.331044181969368,1.9146127969736648,0,0,0,0,-1,inf,0,-1,0,0,-1,0,0,7600,244,0,3756,0,3600,1.7360901863880016,4.119640828103495,False
occluding_cut_in,P2,18009,50,5.0,3.0,11.238473942199763,7.348331817929137,0.213296932476458,0.00020810353427264773,999791896.4657272,17.096720715219107,17.09280097618688,19.43013353196599,11.331044181969368,1.9094763375039747,0,0,0,0,-1,inf,0,-1,0,0,-1,0,0,7600,245,0,3759,0,3596,1.7360901863880016,4.119640828103495,False
occluding_cut_in,P3,18009,50,5.0,3.0,11.225860703385898,7.306477124987945,0.21426607060065175,0.00021907488638274686,999780925.1136171,17.096720715219107,17.093275839460258,19.431160541768985,11.331044181969368,1.9098437800511956,0,0,0,0,-1,inf,0,-1,0,0,-1,0,0,7600,221,0,3779,0,3600,1.7360901863880016,4.119640828103495,False
occluding_cut_in,P4,18009,50,5.0,3.0,11.267888282720728,7.327224075401506,0.2107706627715266,0.00021432353040528015,999785676.4695947,17.087302883832308,17.087302883832308,19.431160541768985,11.331044181969368,1.912697116167692,0,0,0,0,-1,inf,0,-1,0,0,-1,0,0,7600,182,0,3814,0,3604,1.7360901863880016,4.119640828103495,False
occluding_cut_in,P0,18010,50,5.0,3.0,11.267888282720728,7.327224075401506,0.2107706627715266,0.00021432353040528015,999785676.4695947,17.087302883832308,17.087302883832308,19.431160541768985,11.331044181969368,1.912697116167692,0,0,0,0,-1,inf,0,-1,0,0,-1,0,0,7600,182,0,3814,0,3604,1.855865234229905,4.239463806991383,False
occluding_cut_in,P1,18010,50,5.0,3.0,11.317065677717675,7.350004083879055,0.20786560613677363,0.00020614123621446657,999793858.7637856,17.121780353335428,17.117341600669608,19.430048105437574,11.331044181969368,1.8829523806057291,0,0,0,0,-1,inf,0,-1,0,0,-1,0,0,7600,279,0,3740,0,3581,1.855865234229905,4.239463806991383,False
occluding_cut_in,P2,18010,50,5.0,3.0,11.237443136743446,7.348496364291064,0.21337678219934827,0.00020807168041350188,999791928.3195865,17.096720715219117,17.092725783096938,19.430048105437574,11.331044181969368,1.9095945638237422,0,0,0,0,-1,inf,0,-1,0,0,-1,0,0,7600,242,0,3758,0,3600,1.855865234229905,4.239463806991383,False
occluding_cut_in,P3,18010,50,5.0,3.0,11.234115978422913,7.347532739074193,0.2132565692115898,0.0002082773269617516,999791722.6730384,17.09672071521911,17.09343247158598,19.431160541768985,11.331044181969368,1.9092338673411526,0,0,0,0,-1,inf,0,-1,0,0,-1,0,0,7600,216,0,3784,0,3600,1.855865234229905,4.239463806991383,False
occluding_cut_in,P4,18010,50,5.0,3.0,11.267888282720728,7.327224075401506,0.2107706627715266,0.00021432353040528015,999785676.4695947,17.087302883832308,17.087302883832308,19.431160541768985,11.331044181969368,1.912697116167692,0,0,0,0,-1,inf,0,-1,0,0,-1,0,0,7600,182,0,3814,0,3604,1.855865234229905,4.239463806991383,False
occluding_cut_in,P0,18011,50,5.0,3.0,11.267888282720728,7.327224075401506,0.2107706627715266,0.00021432353040528015,999785676.4695947,17.087302883832308,17.087302883832308,19.431160541768985,11.331044181969368,1.912697116167692,0,0,0,0,-1,inf,0,-1,0,0,-1,0,0,7600,182,0,3814,0,3604,1.7984959221357135,4.131197258057072,False
occluding_cut_in,P1,18011,50,5.0,3.0,11.328519051424342,7.329309149349118,0.20810185805498968,0.00021155908584705307,999788440.914153,17.121780353335424,17.115981790302754,19.430094201262467,11.331044181969368,1.884289642167047,0,0,0,0,-1,inf,0,-1,0,0,-1,0,0,7600,299,0,3719,0,3582,1.7984959221357135,4.131197258057072,False
occluding_cut_in,P2,18011,50,5.0,3.0,11.279402230947529,7.3325272748345185,0.21008453913158626,0.00021127208617207884,999788727.9138278,17.087302883832304,17.08671813657334,19.43013353196599,11.331044181969368,1.9132821182943816,0,0,0,0,-1,inf,0,-1,0,0,-1,0,0,7600,211,0,3789,0,3600,1.7984959221357135,4.131197258057072,False
occluding_cut_in,P3,18011,50,5.0,3.0,11.271959506513124,7.335881601140441,0.21027690254954082,0.00021045185835408037,999789548.1416459,17.087302883832308,17.087194917016916,19.431160541768985,11.331044181969368,1.9128245916561997,0,0,0,0,-1,inf,0,-1,0,0,-1,0,0,7600,182,0,3814,0,3604,1.7984959221357135,4.131197258057072,False
occluding_cut_in,P4,18011,50,5.0,3.0,11.267888282720728,7.327224075401506,0.2107706627715266,0.00021432353040528015,999785676.4695947,17.087302883832308,17.087302883832308,19.431160541768985,11.331044181969368,1.912697116167692,0,0,0,0,-1,inf,0,-1,0,0,-1,0,0,7600,182,0,3814,0,3604,1.7984959221357135,4.131197258057072,False
occluding_cut_in,P0,18012,50,5.0,3.0,11.267888282720728,7.327224075401506,0.2107706627715266,0.00021432353040528015,999785676.4695947,17.087302883832308,17.087302883832308,19.431160541768985,11.331044181969368,1.912697116167692,0,0,0,0,-1,inf,0,-1,0,0,-1,0,0,7600,182,0,3814,0,3604,1.7067245719919781,4.016670598051674,False
occluding_cut_in,P1,18012,50,5.0,3.0,11.30106784551517,7.346445528686045,0.20890150591931356,0.0002078737389089974,999792126.261091,17.087302883832304,17.08520853881079,19.430073758811165,11.331044181969368,1.9147981302937223,0,0,0,0,-1,inf,0,-1,0,0,-1,0,0,7600,235,0,3761,0,3604,1.7067245719919781,4.016670598051674,False
occluding_cut_in,P2,18012,50,5.0,3.0,11.276963380877083,7.330914167477342,0.21037900968694642,0.00021314547187283378,999786854.5281272,17.087302883832308,17.08684058791738,19.43013353196599,11.331044181969368,1.913174713293892,0,0,0,0,-1,inf,0,-1,0,0,-1,0,0,7600,211,0,3789,0,3600,1.7067245719919781,4.016670598051674,False
occluding_cut_in,P3,18012,50,5.0,3.0,11.267888282720728,7.327224075401506,0.2107706627715266,0.00021432353040528015,999785676.4695947,17.087302883832308,17.087302883832308,19.431160541768985,11.331044181969368,1.912697116167692,0,0,0,0,-1,inf,0,-1,0,0,-1,0,0,7600,182,0,3814,0,3604,1.7067245719919781,4.016670598051674,False
occluding_cut_in,P4,18012,50,5.0,3.0,11.267888282720728,7.327224075401506,0.2107706627715266,0.00021432353040528015,999785676.4695947,17.087302883832308,17.087302883832308,19.431160541768985,11.331044181969368,1.912697116167692,0,0,0,0,-1,inf,0,-1,0,0,-1,0,0,7600,182,0,3814,0,3604,1.7067245719919781,4.016670598051674,False
occluding_cut_in,P0,18013,50,5.0,3.0,11.267888282720728,7.327224075401506,0.2107706627715266,0.00021432353040528015,999785676.4695947,17.087302883832308,17.087302883832308,19.431160541768985,11.331044181969368,1.912697116167692,0,0,0,0,-1,inf,0,-1,0,0,-1,0,0,7600,182,0,3814,0,3604,1.8682959610893604,4.284433396797558,False
occluding_cut_in,P1,18013,50,5.0,3.0,11.29914415251426,7.31024171805372,0.20977203694774968,0.00021708594172896998,999782914.0582709,17.0873028838323,17.08502046588193,19.42906718105352,11.331044181969368,1.9150396917810637,0,0,0,0,-1,inf,0,-1,0,0,-1,0,0,7600,285,0,3719,0,3596,1.8682959610893604,4.284433396797558,False
occluding_cut_in,P2,18013,50,5.0,3.0,11.286557719241769,7.3283238598958444,0.2099183976823841,0.00021232522018101358,999787674.7798189,17.087302883832308,17.086232015991207,19.42906718105352,11.331044181969368,1.9137782081097492,0,0,0,0,-1,inf,0,-1,0,0,-1,0,0,7600,242,0,3762,0,3596,1.8682959610893604,4.284433396797558,False
occluding_cut_in,P3,18013,50,5.0,3.0,11.271959506513124,7.335881601140441,0.21027690254954082,0.00021045185835408037,999789548.1416459,17.087302883832308,17.087194917016916,19.431160541768985,11.331044181969368,1.9128245916561997,0,0,0,0,-1,inf,0,-1,0,0,-1,0,0,7600,182,0,3814,0,3604,1.8682959610893604,4.284433396797558,False
occluding_cut_in,P4,18013,50,5.0,3.0,11.267888282720728,7.327224075401506,0.2107706627715266,0.00021432353040528015,999785676.4695947,17.087302883832308,17.087302883832308,19.431160541768985,11.331044181969368,1.912697116167692,0,0,0,0,-1,inf,0,-1,0,0,-1,0,0,7600,182,0,3814,0,3604,1.8682959610893604,4.284433396797558,False
occluding_cut_in,P0,18014,50,5.0,3.0,11.267888282720728,7.327224075401506,0.2107706627715266,0.00021432353040528015,999785676.4695947,17.087302883832308,17.087302883832308,19.431160541768985,11.331044181969368,1.912697116167692,0,0,0,0,-1,inf,0,-1,0,0,-1,0,0,7600,182,0,3814,0,3604,1.9015463619921862,4.280504802430589,False
occluding_cut_in,P1,18014,50,5.0,3.0,11.298290997728765,7.345797043029727,0.2090298986166079,0.00020813171000815464,999791868.2899919,17.087302883832304,17.085314299274767,19.430094201262467,11.331044181969368,1.9147003761617456,0,0,0,0,-1,inf,0,-1,0,0,-1,0,0,7600,239,0,3757,0,3604,1.9015463619921862,4.280504802430589,False
occluding_cut_in,P2,18014,50,5.0,3.0,11.28638838034707,7.324018959268258,0.2099407289890367,0.000213434426229321,999786565.5737708,17.0873028838323,17.086059089234258,19.430094201262467,11.331044181969368,1.9139427246485368,0,0,0,0,-1,inf,0,-1,0,0,-1,0,0,7600,231,0,3765,0,3604,1.9015463619921862,4.280504802430589,False
occluding_cut_in,P3,18014,50,5.0,3.0,11.27959823775745,7.34627791106064,0.21001964959231348,0.00020811949895195827,999791880.501048,17.087302883832304,17.08643884012282,19.430094201262467,11.331044181969368,1.9136055059923018,0,0,0,0,-1,inf,0,-1,0,0,-1,0,0,7600,216,0,3780,0,3604,1.9015463619921862,4.280504802430589,False
occluding_cut_in,P4,18014,50,5.0,3.0,11.267888282720728,7.327224075401506,0.2107706627715266,0.00021432353040528015,999785676.4695947,17.087302883832308,17.087302883832308,19.431160541768985,11.331044181969368,1.912697116167692,0,0,0,0,-1,inf,0,-1,0,0,-1,0,0,7600,182,0,3814,0,3604,1.9015463619921862,4.280504802430589,False
occluding_cut_in,P0,18015,50,5.0,3.0,11.267888282720728,7.327224075401506,0.2107706627715266,0.00021432353040528015,999785676.4695947,17.087302883832308,17.087302883832308,19.431160541768985,11.331044181969368,1.912697116167692,0,0,0,0,-1,inf,0,-1,0,0,-1,0,0,7600,182,0,3814,0,3604,1.7124717015345363,3.9901275613039586,False
occluding_cut_in,P1,18015,50,5.0,3.0,11.32377678522513,7.337036014661427,0.20797167356593857,0.0002094690126268374,999790530.9873732,17.121780353335403,17.116517220231064,19.430094201262467,11.331044181969368,1.8836842855772082,0,0,0,0,-1,inf,0,-1,0,0,-1,0,0,7600,277,0,3741,0,3582,1.7124717015345363,3.9901275613039586,False
occluding_cut_in,P2,18015,50,5.0,3.0,11.30022016218605,7.353205379353463,0.20841913588108718,0.00020581723909899913,999794182.760901,17.12178035333542,17.118608055852395,19.430094201262467,11.331044181969368,1.8816780720227881,0,0,0,0,-1,inf,0,-1,0,0,-1,0,0,7600,247,0,3772,0,3581,1.7124717015345363,3.9901275613039586,False
occluding_cut_in,P3,18015,50,5.0,3.0,11.271959506513124,7.335881601140441,0.21027690254954082,0.00021045185835408037,999789548.1416459,17.087302883832308,17.087194917016916,19.431160541768985,11.331044181969368,1.9128245916561997,0,0,0,0,-1,inf,0,-1,0,0,-1,0,0,7600,182,0,3814,0,3604,1.7124717015345363,3.9901275613039586,False
occluding_cut_in,P4,18015,50,5.0,3.0,11.267888282720728,7.327224075401506,0.2107706627715266,0.00021432353040528015,999785676.4695947,17.087302883832308,17.087302883832308,19.431160541768985,11.331044181969368,1.912697116167692,0,0,0,0,-1,inf,0,-1,0,0,-1,0,0,7600,182,0,3814,0,3604,1.7124717015345363,3.9901275613039586,False
occluding_cut_in,P0,18016,50,5.0,3.0,11.267888282720728,7.327224075401506,0.2107706627715266,0.00021432353040528015,999785676.4695947,17.087302883832308,17.087302883832308,19.431160541768985,11.331044181969368,1.912697116167692,0,0,0,0,-1,inf,0,-1,0,0,-1,0,0,7600,182,0,3814,0,3604,1.7335959377691301,4.104625286636215,False
occluding_cut_in,P1,18016,50,5.0,3.0,11.331270285685259,7.334213142422562,0.2079049109373575,0.00021021788290272945,999789782.1170971,17.121780353335417,17.116120229195023,19.430094201262467,11.331044181969368,1.8842256091566423,0,0,0,0,-1,inf,0,-1,0,0,-1,0,0,7600,303,0,3715,0,3582,1.7335959377691301,4.104625286636215,False
occluding_cut_in,P2,18016,50,5.0,3.0,11.279361912896213,7.332113693679981,0.2100884834712571,0.00021137485237719998,999788625.147623,17.087302883832304,17.08669665353498,19.430094201262467,11.331044181969368,1.9133038564810327,0,0,0,0,-1,inf,0,-1,0,0,-1,0,0,7600,207,0,3789,0,3604,1.7335959377691301,4.104625286636215,False
occluding_cut_in,P3,18016,50,5.0,3.0,11.271959506513124,7.335881601140441,0.21027690254954082,0.00021045185835408037,999789548.1416459,17.087302883832308,17.087194917016916,19.431160541768985,11.331044181969368,1.9128245916561997,0,0,0,0,-1,inf,0,-1,0,0,-1,0,0,7600,182,0,3814,0,3604,1.7335959377691301,4.104625286636215,False
occluding_cut_in,P4,18016,50,5.0,3.0,11.267888282720728,7.327224075401506,0.2107706627715266,0.00021432353040528015,999785676.4695947,17.087302883832308,17.087302883832308,19.431160541768985,11.331044181969368,1.912697116167692,0,0,0,0,-1,inf,0,-1,0,0,-1,0,0,7600,182,0,3814,0,3604,1.7335959377691301,4.104625286636215,False
occluding_cut_in,P0,18017,50,5.0,3.0,11.267888282720728,7.327224075401506,0.2107706627715266,0.00021432353040528015,999785676.4695947,17.087302883832308,17.087302883832308,19.431160541768985,11.331044181969368,1.912697116167692,0,0,0,0,-1,inf,0,-1,0,0,-1,0,0,7600,182,0,3814,0,3604,1.7787894844616527,4.173618896083123,False
occluding_cut_in,P1,18017,50,5.0,3.0,11.285042960219787,7.339825038801489,0.21004219915904765,0.0002099413446692528,999790058.6553308,17.08730288383231,17.08552583101029,19.430094201262467,11.331044181969368,1.9145293138794224,0,0,0,0,-1,inf,0,-1,0,0,-1,0,0,7600,228,0,3768,0,3604,1.7787894844616527,4.173618896083123,False
occluding_cut_in,P2,18017,50,5.0,3.0,11.27959823775745,7.34627791106064,0.21001964959231348,0.00020811949895195827,999791880.501048,17.087302883832304,17.08643884012282,19.430094201262467,11.331044181969368,1.9136055059923018,0,0,0,0,-1,inf,0,-1,0,0,-1,0,0,7600,216,0,3780,0,3604,1.7787894844616527,4.173618896083123,False
occluding_cut_in,P3,18017,50,5.0,3.0,11.272727078473352,7.347277451802598,0.21016357905894725,0.00020785407926597092,999792145.920734,17.087302883832304,17.086958375649086,19.431160541768985,11.331044181969368,1.913149005085399,0,0,0,0,-1,inf,0,-1,0,0,-1,0,0,7600,191,0,3805,0,3604,1.7787894844616527,4.173618896083123,False
occluding_cut_in,P4,18017,50,5.0,3.0,11.267888282720728,7.327224075401506,0.2107706627715266,0.00021432353040528015,999785676.4695947,17.087302883832308,17.087302883832308,19.431160541768985,11.331044181969368,1.912697116167692,0,0,0,0,-1,inf,0,-1,0,0,-1,0,0,7600,182,0,3814,0,3604,1.7787894844616527,4.173618896083123,False
occluding_cut_in,P0,18018,50,5.0,3.0,11.267888282720728,7.327224075401506,0.2107706627715266,0.00021432353040528015,999785676.4695947,17.087302883832308,17.087302883832308,19.431160541768985,11.331044181969368,1.912697116167692,0,0,0,0,-1,inf,0,-1,0,0,-1,0,0,7600,182,0,3814,0,3604,1.7761374570700772,4.104396434640832,False
occluding_cut_in,P1,18018,50,5.0,3.0,11.294022467995203,7.285776498207462,0.20992352353237212,0.00022376566596355168,999776234.3340364,17.121780353335403,17.11782994146143,19.430094201262467,11.331044181969368,1.8823784902106286,0,0,0,0,-1,inf,0,-1,0,0,-1,0,0,7600,272,0,3747,0,3581,1.7761374570700772,4.104396434640832,False
occluding_cut_in,P2,18018,50,5.0,3.0,11.277123624067267,7.331337482424192,0.21035847978845165,0.00021300644759230826,999786993.5524075,17.087302883832304,17.08682042164354,19.430094201262467,11.331044181969368,1.913193285685995,0,0,0,0,-1,inf,0,-1,0,0,-1,0,0,7600,207,0,3789,0,3604,1.7761374570700772,4.104396434640832,False
occluding_cut_in,P3,18018,50,5.0,3.0,11.267888282720728,7.327224075401506,0.2107706627715266,0.00021432353040528015,999785676.4695947,17.087302883832308,17.087302883832308,19.431160541768985,11.331044181969368,1.912697116167692,0,0,0,0,-1,inf,0,-1,0,0,-1,0,0,7600,182,0,3814,0,3604,1.7761374570700772,4.104396434640832,False
occluding_cut_in,P4,18018,50,5.0,3.0,11.267888282720728,7.327224075401506,0.2107706627715266,0.00021432353040528015,999785676.4695947,17.087302883832308,17.087302883832308,19.431160541768985,11.331044181969368,1.912697116167692,0,0,0,0,-1,inf,0,-1,0,0,-1,0,0,7600,182,0,3814,0,3604,1.7761374570700772,4.104396434640832,False
occluding_cut_in,P0,18019,50,5.0,3.0,11.267888282720728,7.327224075401506,0.2107706627715266,0.00021432353040528015,999785676.4695947,17.087302883832308,17.087302883832308,19.431160541768985,11.331044181969368,1.912697116167692,0,0,0,0,-1,inf,0,-1,0,0,-1,0,0,7600,182,0,3814,0,3604,1.9013141698945617,4.251324160085922,False
occluding_cut_in,P1,18019,50,5.0,3.0,11.328220731869775,7.326331172501157,0.20818029315868167,0.0002123833658676743,999787616.6341324,17.121780353335406,17.11591623790376,19.43013353196599,11.331044181969368,1.884317558638751,0,0,0,0,-1,inf,0,-1,0,0,-1,0,0,7600,296,0,3726,0,3578,1.9013141698945617,4.251324160085922,False
occluding_cut_in,P2,18019,50,5.0,3.0,11.29285794852083,7.296851534765533,0.20981603006334143,0.0002204188961034603,999779581.1038965,17.10926373406552,17.106874363865092,19.43013353196599,11.331044181969368,1.893136141231242,0,0,0,0,-1,inf,0,-1,0,0,-1,0,0,7600,235,0,3778,0,3587,1.9013141698945617,4.251324160085922,False
occluding_cut_in,P3,18019,50,5.0,3.0,11.271959506513124,7.335881601140441,0.21027690254954082,0.00021045185835408037,999789548.1416459,17.087302883832308,17.087194917016916,19.431160541768985,11.331044181969368,1.9128245916561997,0,0,0,0,-1,inf,0,-1,0,0,-1,0,0,7600,182,0,3814,0,3604,1.9013141698945617,4.251324160085922,False
occluding_cut_in,P4,18019,50,5.0,3.0,11.267888282720728,7.327224075401506,0.2107706627715266,0.00021432353040528015,999785676.4695947,17.087302883832308,17.087302883832308,19.431160541768985,11.331044181969368,1.912697116167692,0,0,0,0,-1,inf,0,-1,0,0,-1,0,0,7600,182,0,3814,0,3604,1.9013141698945617,4.251324160085922,False
